export_fraction,gamma,glc_uptake,mu,phiEc,phiEm,phiEr,phiT,phiCm,phiR,phiCc,unassigned
0.05,1.0,0.2,,0.0,0.0,0.0,,0.0,,0.484,0.0
0.05,1.0,0.8857142857142859,0.0540126410149903,0.0868943763605186,0.0006078324912931,0.0152092801905799,0.0004564068165766681,0.0007407948372227,0.00867172951495663,0.37141957978885237,0.1125804206942484
0.05,1.0,1.5714285714285716,0.1163859611060101,0.1553753258788,0.0013097520758331,0.0223844903280181,0.0009834613713457854,0.0013143134208789,0.018685766055569916,0.2839468908695542,0.2000531098271358
0.05,1.0,2.2571428571428576,0.1784809473929613,0.2104031718020119,0.0020085394245417,0.0296667745000822,0.0015081640054705233,0.0018878320045352,0.02865511610393988,0.20987040215941855,0.2741295987527344
0.05,1.0,2.9428571428571435,0.24056502595951,0.2646881216723955,0.0027072040229691,0.036953254833788,0.0020327744693578596,0.0024613505881915,0.03862271491779934,0.1365345794954987,0.3474654216303735
0.05,1.0,3.6285714285714294,0.3026491045260768,0.3189742916817381,0.0034058686213422,0.0442397351674896,0.0025573849332453493,0.0030348691718478,0.04859031373166155,0.06319753669267542,0.4208024646487076
0.05,1.0,4.314285714285715,0.3646148279272244,0.3630967571514036,0.0041032013072629,0.051571746316683,0.0030809952959850464,0.0036083877555041,0.058538910623715856,1.5494455163356236e-09,0.4840000000000415
0.05,1.0,5.000000000000001,0.425845785469117,0.3438714695766899,0.0047922652887227,0.0591864193053899,0.0035983968872140386,0.0041819063391604,0.06836954085706666,1.745756428306322e-09,0.4839999999991919
0.05,1.0,5.685714285714287,0.4853757615583393,0.3247887345405192,0.0054621872364924,0.0669651475947118,0.0041014251851679675,0.0047554249228167,0.07792707851819133,2.0021005964210303e-09,0.4840000000000777
0.05,1.0,6.371428571428573,0.5441555479730927,0.3057552246245468,0.0061236669075982,0.0748298750662998,0.004598114380372634,0.005328943506473,0.08736417322707997,2.28762964127327e-09,0.4840000000000866
0.05,1.0,7.057142857142859,0.6029100026330138,0.2867221282207716,0.0067848615072216,0.0826987551665141,0.005094589522248966,0.0059024620901293,0.09679720092273034,2.570384127764669e-09,0.4840000000000155
0.05,1.0,7.742857142857145,0.659754820982248,0.267608150678937,0.0074245659709365,0.0909927351149312,0.005574928237299996,0.0064759806737856,0.1059236365086999,2.8154097941879286e-09,0.4839999999999612
0.05,1.0,8.428571428571429,0.715609859312608,0.2484379160642765,0.0080531319225662,0.0995213835001732,0.006046903311191538,0.0070494992574419,0.11489116291263916,3.031711437451179e-09,0.4840000000000068
0.05,1.0,9.114285714285716,0.7448381448834772,0.2407003184268974,0.0089162764885259,0.1008827377820768,0.006293882324265383,0.0076230178410981,0.11958376416104223,2.976094204409918e-09,0.4839999999998526
0.05,1.0,9.8,0.7711482288599804,0.2342277053086153,0.009805668381902,0.1014460363263769,0.006516202533866835,0.0081965364247544,0.12380784814346976,2.8810148711144734e-09,0.4839999999999969
0.05,1.0,10.0,0.7788220033531257,0.2323398598157091,0.0100650743507836,0.1016103317351312,0.006581045928333912,0.0083638126783209,0.1250398726383443,2.8533769791394548e-09,0.4839999999999453
0.05,1.0,10.04340277777778,0.7804873189983431,0.2319301711237626,0.0101213690489003,0.1016459861207114,0.006595117845536,0.0084001139486261,0.12530723906518398,2.847279578777062e-09,0.4840000000000342
0.05,1.0,10.17361111111111,0.7854832659339821,0.2307011050476146,0.0102902531431999,0.1017529492774525,0.0066373335971421496,0.0085090177595417,0.12610933834570076,2.8293483667063413e-09,0.4839999999999389
0.05,1.0,10.390625,0.7938098441600495,0.2286526615874667,0.0105717266337894,0.1019312212053542,0.006707693183152419,0.0086905241110678,0.12744617047989587,2.799273646214573e-09,0.4839999999999687
0.05,1.0,10.694444444444445,0.8031743194672611,0.2262565577743421,0.0109555693416216,0.1021067771032676,0.006786822999498357,0.0089446330032042,0.12894963699046874,2.78759743066459e-09,0.4840000000000215
0.05,1.0,11.085069444444445,0.811455151161066,0.2241405471128633,0.011443994112342,0.1020081909257708,0.006856796027311009,0.0092713444359512,0.13027912451890908,2.86685264416775e-09,0.4840000000000138
0.05,1.0,11.5625,0.8215761676756977,0.2215543118599229,0.0120409577210173,0.1018876967088299,0.006942318616859647,0.0096706584093085,0.13190405372033326,2.963728540361643e-09,0.4839999999999955
0.05,1.0,12.12673611111111,0.8326013577152881,0.2200749021047669,0.0128211264182666,0.1002517642090864,0.007035481472694185,0.0101425749232763,0.13367414798118943,2.8907201632399904e-09,0.4839999999999895
0.05,1.0,12.77777777777778,0.8446496738300483,0.219496953409438,0.013779248426591,0.0972909066370977,0.0071372897438639095,0.0106870939778544,0.1356085051334142,2.671740828574798e-09,0.4839999999999981
0.05,1.0,13.515625,0.8583044320934481,0.2188419448880648,0.0148651200360256,0.0939352680555107,0.007252672451189638,0.011304215573043,0.13780077657260306,2.423563127962325e-09,0.4840000000000091
0.05,1.0,14.340277777777777,0.8718435068314668,0.2138047804747053,0.0158469097319862,0.0950128150393256,0.007367077632725896,0.0119939397088421,0.139974475021792,2.390622921843999e-09,0.4840000000000055
0.05,1.0,15.25173611111111,0.8859513237990186,0.2080850748737948,0.01691097550005,0.096389156892192,0.007486288686101708,0.0128890166508854,0.1422394850359324,2.3610436938881207e-09,0.4840000000000041
0.05,1.0,16.25,0.8995456856349614,0.2021312242158854,0.0180607986077375,0.0975743950362698,0.007601161043615425,0.0142103589096217,0.14442205982869308,2.3581770980385386e-09,0.4840000000000016
0.05,1.0,17.335069444444443,0.9112645324835096,0.1999037118694727,0.0191265881588457,0.0956949346273403,0.007700185299485657,0.0152710570302635,0.14630352069022745,2.324364645200916e-09,0.4839999999999946
0.05,1.0,18.506944444444443,0.9230760943924674,0.2005004751486542,0.0201278223365253,0.091275199504517,0.007799992997616351,0.0160966407707637,0.14819986695471066,2.2872127525275232e-09,0.4839999999999951
0.05,1.0,19.765625,0.9357625868132082,0.2011414431151786,0.0212032220088477,0.0865280765948173,0.00790719385857161,0.016983378862412,0.15023668331286058,2.2473121141786123e-09,0.4839999999999929
0.05,1.0,21.11111111111111,0.949324009745727,0.2018266157690655,0.0223527871758135,0.0814535658982486,0.008021787882351394,0.0179312713052087,0.15241396976467642,2.2046358627569873e-09,0.4840000000000137
0.05,1.0,22.54340277777778,0.9637603631900156,0.2025559931102731,0.0235765178374216,0.0760516674147933,0.008143775068955632,0.0189403180991533,0.15473172631015697,2.1592460597297247e-09,0.4839999999999962
0.05,1.0,24.0625,0.9786368432688732,0.203140636672516,0.0248845547238933,0.0704597557071809,0.00826948132562198,0.0201254242572096,0.15712014518681752,2.1267606564734365e-09,0.483999999999999
0.05,1.0,25.66840277777778,0.9873542964991942,0.204608122351098,0.0262130539804653,0.0648473745306072,0.008343143805418191,0.0214685712585025,0.1585197323029456,1.770963264924319e-09,0.4839999999999981
0.05,1.0,27.361111111111107,0.9937802319574344,0.2083244373826671,0.027596765331661,0.0572456161294972,0.008397442960040321,0.0228843208004057,0.15955141624076608,1.1549626255380474e-09,0.4840000000000036
0.05,1.0,29.140625,0.9999554279967896,0.2125901422945522,0.0290583946140799,0.0489863223593531,0.008449623366572873,0.0243726728829195,0.16054284396488452,5.176379325178004e-10,0.4839999999999972
0.05,1.0,31.006944444444443,0.9999658369995772,0.2127487000758199,0.0291003204657767,0.0487547026836051,0.008449711322646427,0.0244020498143782,0.16054451513028206,5.074916042957511e-10,0.4840000000000038
0.05,1.0,32.96006944444444,0.999965836999574,0.2127487000758189,0.0291003204657767,0.048754702683605,0.008449711322646401,0.0244020498143782,0.1605445151302816,5.074931586079856e-10,0.4840000000000019
0.05,1.0,35.0,0.9999658369995758,0.2127487000758128,0.0291003204657601,0.0487547026836043,0.008449711322646415,0.0244020498143781,0.1605445151302819,5.07516306758049e-10,0.483999999999979
0.05,0.35,0.2,,0.0,0.0,0.0,,0.0,,0.484,0.0
0.05,0.35,0.8857142857142859,0.0540126410149903,0.0868943763605186,0.0006078324912931,0.0152092801905799,0.0004564068165766681,0.0007407948372227,0.00867172951495663,0.37141957978885237,0.1125804206942484
0.05,0.35,1.5714285714285716,0.1163859611060101,0.1553753258788,0.0013097520758331,0.0223844903280181,0.0009834613713457854,0.0013143134208789,0.018685766055569916,0.2839468908695542,0.2000531098271358
0.05,0.35,2.2571428571428576,0.1784809473929613,0.2104031718020119,0.0020085394245417,0.0296667745000822,0.0015081640054705233,0.0018878320045352,0.02865511610393988,0.20987040215941855,0.2741295987527344
0.05,0.35,2.9428571428571435,0.24056502595951,0.2646881216723955,0.0027072040229691,0.036953254833788,0.0020327744693578596,0.0024613505881915,0.03862271491779934,0.1365345794954987,0.3474654216303735
0.05,0.35,3.6285714285714294,0.3026491045260768,0.3189742916817381,0.0034058686213422,0.0442397351674896,0.0025573849332453493,0.0030348691718478,0.04859031373166155,0.06319753669267542,0.4208024646487076
0.05,0.35,4.314285714285715,0.3646148279272221,0.3630967571515854,0.004103201307263,0.0515717463166822,0.0030809952959850273,0.0036083877555041,0.058538910623715475,1.5492647720272146e-09,0.4840000000002222
0.05,0.35,5.000000000000001,0.425845785469122,0.3438714695777541,0.0047922652887229,0.0591864193053852,0.003598396887214081,0.0041819063391604,0.06836954085706752,1.7446957767397464e-09,0.4840000000002525
0.05,0.35,5.685714285714287,0.485375761558339,0.3247887345404195,0.0054621872364924,0.0669651475947127,0.004101425185167965,0.0047554249228167,0.07792707851819133,2.002199406270222e-09,0.4839999999999794
0.05,0.35,6.371428571428573,0.5441555479730869,0.3057552246242576,0.006123666907598,0.0748298750663024,0.0045981143803725845,0.005328943506473,0.08736417322707903,2.2879173555701016e-09,0.4839999999997992
0.05,0.35,7.057142857142859,0.6029100026330142,0.2867221282207395,0.0067848615072217,0.0826987551665146,0.005094589522248971,0.0059024620901293,0.09679720092273042,2.5704155470762657e-09,0.4839999999999838
0.05,0.35,7.742857142857145,0.6597548209822489,0.2676081506789279,0.0074245659709365,0.0909927351149314,0.005574928237300004,0.0064759806737856,0.1059236365087,2.8154186204609744e-09,0.4839999999999526
0.05,0.35,8.428571428571429,0.715609859312603,0.2484379160642879,0.0080531319225662,0.0995213835001729,0.006046903311191496,0.0070494992574419,0.1148911629126384,3.031701167888201e-09,0.4840000000000172
0.05,0.35,9.114285714285716,0.7448381448834748,0.2407003184269317,0.0089162764886072,0.1008827377820767,0.006293882324265363,0.0076230178410981,0.11958376416104183,2.9759790742822645e-09,0.4839999999999675
0.05,0.35,9.8,0.7711482288599828,0.2342277053085721,0.009805668381901,0.1014460363263769,0.006516202533866856,0.0081965364247544,0.12380784814347025,2.881058502879341e-09,0.4839999999999529
0.05,0.35,10.0,0.7788220033531287,0.232339859815814,0.0100650743507961,0.101610331735131,0.006581045928333938,0.0083638126783209,0.12503987263834476,2.8532592954988445e-09,0.4840000000000629
0.05,0.35,10.04340277777778,0.7804873189983412,0.2319301711237276,0.0101213690488755,0.1016459861207115,0.006595117845535983,0.0084001139486261,0.12530723906518362,2.8473396973538456e-09,0.4839999999999743
0.05,0.35,10.17361111111111,0.7854832659339842,0.2307011050476419,0.0102902531432013,0.1017529492774525,0.006637333597142168,0.0085090177595417,0.12610933834570112,2.829319223351945e-09,0.4839999999999678
0.05,0.35,10.390625,0.7938098441600536,0.2286526615874176,0.0105717266337063,0.1019312212053545,0.006707693183152454,0.0086905241110678,0.12744617047989654,2.7994048190649323e-09,0.4839999999998375
0.05,0.35,10.694444444444445,0.803174319467273,0.2262565577743411,0.0109555693416216,0.1021067771032678,0.006786822999498458,0.0089446330032042,0.12894963699047066,2.7875961539081118e-09,0.4840000000000226
0.05,0.35,11.085069444444445,0.8114551511610634,0.2241405471128677,0.0114439941123421,0.102008190925771,0.006856796027310987,0.0092713444359512,0.13027912451890872,2.866848314297954e-09,0.4840000000000178
0.05,0.35,11.5625,0.8215761676757074,0.2215543118599405,0.0120409577210174,0.1018876967088308,0.006942318616859729,0.0096706584093085,0.13190405372033476,2.963708334302595e-09,0.4840000000000158
0.05,0.35,12.12673611111111,0.8326013577152842,0.2200749021047649,0.0128211264182666,0.1002517642090854,0.007035481472694153,0.0101425749232763,0.13367414798118885,2.8907237714648204e-09,0.4839999999999857
0.05,0.35,12.77777777777778,0.8446496738300404,0.2194969534094369,0.0137792484265911,0.0972909066370964,0.007137289743863843,0.0106870939778544,0.13560850513341294,2.671744436799628e-09,0.4839999999999946
0.05,0.35,13.515625,0.858304432093442,0.2188419448880568,0.0148651200360257,0.093935268055507,0.007252672451189585,0.011304215573043,0.13780077657260212,2.4235757845048056e-09,0.4839999999999962
0.05,0.35,14.340277777777777,0.8718435068314689,0.2138047804747073,0.0158469097319862,0.0950128150393261,0.007367077632725913,0.0119939397088421,0.13997447502179228,2.390620035264135e-09,0.4840000000000079
0.05,0.35,15.25173611111111,0.885951323799014,0.2080850748737937,0.01691097550005,0.0963891568921916,0.007486288686101669,0.0128890166508854,0.14223948503593165,2.3610459698453212e-09,0.4840000000000019
0.05,0.35,16.25,0.8995456856349565,0.2021312242158797,0.0180607986077378,0.0975743950362689,0.007601161043615383,0.0142103589096218,0.14442205982869222,2.358184203465896e-09,0.4839999999999948
0.05,0.35,17.335069444444443,0.9112645324835106,0.1999037118694702,0.0191265881588456,0.0956949346273394,0.0077001852994856654,0.0152710570302635,0.14630352069022765,2.3243679203588385e-09,0.483999999999991
0.05,0.35,18.506944444444443,0.9230760943924716,0.2005004751486525,0.0201278223365253,0.091275199504517,0.007799992997616386,0.0160966407707637,0.14819986695471132,2.2872137517282454e-09,0.4839999999999941
0.05,0.35,19.765625,0.9357625868132142,0.201141443115183,0.0212032220088477,0.0865280765948196,0.007907193858571662,0.0169833788624121,0.15023668331286152,2.2473044536397424e-09,0.4840000000000009
0.05,0.35,21.11111111111111,0.9493240097457322,0.2018266157690675,0.0223527871758135,0.0814535658982499,0.008021787882351437,0.0179312713052088,0.15241396976467725,2.204631699420645e-09,0.4840000000000182
0.05,0.35,22.54340277777778,0.9637603631900132,0.2025559931102773,0.0235765178374217,0.0760516674147948,0.008143775068955613,0.0189403180991534,0.15473172631015658,2.159240564125753e-09,0.4840000000000016
0.05,0.35,24.0625,0.9786368432688752,0.2031406366725187,0.0248845547238935,0.070459755707182,0.008269481325621997,0.0201254242572096,0.1571201451868179,2.1267563266036404e-09,0.4840000000000033
0.05,0.35,25.66840277777778,0.9873542964991994,0.2046081223510942,0.0262130539804652,0.064847374530606,0.008343143805418235,0.0214685712585025,0.15851973230294647,1.7709673727495101e-09,0.4839999999999944
0.05,0.35,27.361111111111107,0.993780231957442,0.2083244373826664,0.027596765331661,0.0572456161294981,0.008397442960040385,0.0228843208004057,0.15955141624076732,1.1549611267369642e-09,0.4840000000000051
0.05,0.35,29.140625,0.9999554279967938,0.2125901422945546,0.02905839461408,0.0489863223593551,0.008449623366572909,0.0243726728829195,0.1605428439648852,5.176327144695847e-10,0.4840000000000024
0.05,0.35,31.006944444444443,0.9999658369995762,0.2127487000758254,0.0291003204657925,0.0487547026836054,0.00844971132264642,0.0244020498143782,0.16054451513028198,5.074700659690734e-10,0.4840000000000252
0.05,0.35,32.96006944444444,0.9999658369995724,0.2127487000758179,0.0291003204657767,0.0487547026836043,0.008449711322646387,0.0244020498143781,0.1605445151302813,5.074952680317324e-10,0.4840000000000003
0.05,0.35,35.0,0.9999658369995832,0.2127487000758202,0.0291003204657767,0.0487547026836057,0.00844971132264648,0.0244020498143782,0.160544515130283,5.07489661405458e-10,0.4840000000000061
0.05,0.3,0.2,,0.0,0.0,0.0,,0.0,,0.484,0.0
0.05,0.3,0.8857142857142859,0.0540126410149903,0.0868943763605186,0.0006078324912931,0.0152092801905799,0.0004564068165766681,0.0007407948372227,0.00867172951495663,0.37141957978885237,0.1125804206942484
0.05,0.3,1.5714285714285716,0.1163859611060101,0.1553753258788,0.0013097520758331,0.0223844903280181,0.0009834613713457854,0.0013143134208789,0.018685766055569916,0.2839468908695542,0.2000531098271358
0.05,0.3,2.2571428571428576,0.1784809473929613,0.2104031718020119,0.0020085394245417,0.0296667745000822,0.0015081640054705233,0.0018878320045352,0.02865511610393988,0.20987040215941855,0.2741295987527344
0.05,0.3,2.9428571428571435,0.24056502595951,0.2646881216723955,0.0027072040229691,0.036953254833788,0.0020327744693578596,0.0024613505881915,0.03862271491779934,0.1365345794954987,0.3474654216303735
0.05,0.3,3.6285714285714294,0.3026491045260768,0.3189742916817381,0.0034058686213422,0.0442397351674896,0.0025573849332453493,0.0030348691718478,0.04859031373166155,0.06319753669267542,0.4208024646487076
0.05,0.3,4.314285714285715,0.3646148279272221,0.3630967571515854,0.004103201307263,0.0515717463166822,0.0030809952959850273,0.0036083877555041,0.058538910623715475,1.5492647720272146e-09,0.4840000000002222
0.05,0.3,5.000000000000001,0.425845785469122,0.3438714695777541,0.0047922652887229,0.0591864193053852,0.003598396887214081,0.0041819063391604,0.06836954085706752,1.7446957767397464e-09,0.4840000000002525
0.05,0.3,5.685714285714287,0.485375761558339,0.3247887345404195,0.0054621872364924,0.0669651475947127,0.004101425185167965,0.0047554249228167,0.07792707851819133,2.002199406270222e-09,0.4839999999999794
0.05,0.3,6.371428571428573,0.5441555479730869,0.3057552246242576,0.006123666907598,0.0748298750663024,0.0045981143803725845,0.005328943506473,0.08736417322707903,2.2879173555701016e-09,0.4839999999997992
0.05,0.3,7.057142857142859,0.6029100026330142,0.2867221282207395,0.0067848615072217,0.0826987551665146,0.005094589522248971,0.0059024620901293,0.09679720092273042,2.5704155470762657e-09,0.4839999999999838
0.05,0.3,7.742857142857145,0.6597548209822477,0.2676081506789496,0.0074245659709365,0.0909927351149309,0.005574928237299994,0.0064759806737856,0.1059236365086998,2.815397637245809e-09,0.4839999999999738
0.05,0.3,8.428571428571429,0.7156098593126012,0.2484379160642458,0.0080531319225662,0.0995213835001739,0.006046903311191482,0.0070494992574419,0.11489116291263812,3.0317425236958684e-09,0.4839999999999755
0.05,0.3,9.114285714285716,0.7448381448834852,0.2407003184269739,0.008916276488552,0.1008827377820768,0.00629388232426545,0.0076230178410981,0.11958376416104355,2.9759901765125107e-09,0.4839999999999567
0.05,0.3,9.8,0.7711482288599826,0.2342277053086147,0.0098056683819175,0.1014460363263768,0.006516202533866854,0.0081965364247544,0.12380784814347014,2.880999661059036e-09,0.4840000000000121
0.05,0.3,10.0,0.7788220033531299,0.2323398598157611,0.0100650743507956,0.1016103317351311,0.0065810459283339486,0.0083638126783209,0.12503987263834496,2.8533123641594216e-09,0.4840000000000093
0.05,0.3,10.04340277777778,0.7804873189983421,0.2319301711237475,0.0101213690489003,0.1016459861207114,0.006595117845535992,0.0084001139486261,0.12530723906518382,2.8472948443436508e-09,0.4840000000000193
0.05,0.3,10.17361111111111,0.7854832659339852,0.2307011050476775,0.0102902531432148,0.1017529492774525,0.006637333597142176,0.0085090177595417,0.12610933834570134,2.8292699294496515e-09,0.4840000000000169
0.05,0.3,10.390625,0.7938098441600474,0.2286526615874142,0.0105717266337832,0.1019312212053544,0.006707693183152401,0.0086905241110678,0.1274461704798956,2.7993323770125755e-09,0.4839999999999095
0.05,0.3,10.694444444444445,0.8031743194672692,0.2262565577743254,0.0109555693416216,0.1021067771032673,0.0067868229994984255,0.0089446330032042,0.12894963699047007,2.787613029298086e-09,0.4840000000000064
0.05,0.3,11.085069444444445,0.8114551511610658,0.2241405471128394,0.0114439941123421,0.1020081909257703,0.006856796027311006,0.0092713444359512,0.13027912451890908,2.8668769580519893e-09,0.4839999999999896
0.05,0.3,11.5625,0.821576167675695,0.2215543118599261,0.0120409577210173,0.1018876967088299,0.0069423186168596236,0.0096706584093085,0.1319040537203328,2.963725820315233e-09,0.483999999999998
0.05,0.3,12.12673611111111,0.832601357715282,0.2200749021047678,0.0128211264182667,0.1002517642090864,0.0070354814726941335,0.0101425749232763,0.13367414798118846,2.8907202187511416e-09,0.4839999999999895
0.05,0.3,12.77777777777778,0.8446496738300445,0.219496953409435,0.0137792484265911,0.0972909066370959,0.007137289743863877,0.0106870939778544,0.13560850513341363,2.671746157645316e-09,0.4839999999999926
0.05,0.3,13.515625,0.858304432093442,0.2188419448880588,0.0148651200360257,0.0939352680555079,0.007252672451189585,0.011304215573043,0.13780077657260212,2.4235728979249416e-09,0.4839999999999993
0.05,0.3,14.340277777777777,0.8718435068314693,0.2138047804747018,0.0158469097319861,0.0950128150393253,0.0073670776327259165,0.0119939397088421,0.13997447502179236,2.3906263635353753e-09,0.4840000000000019
0.05,0.3,15.25173611111111,0.8859513237990141,0.2080850748737973,0.01691097550005,0.0963891568921921,0.007486288686101669,0.0128890166508853,0.14223948503593165,2.3610419730424326e-09,0.484000000000006
0.05,0.3,16.25,0.8995456856349571,0.2021312242158823,0.0180607986077378,0.0975743950362694,0.007601161043615389,0.0142103589096217,0.14442205982869233,2.358181039330276e-09,0.4839999999999975
0.05,0.3,17.335069444444443,0.9112645324835172,0.1999037118694743,0.0191265881588457,0.0956949346273415,0.007700185299485721,0.0152710570302635,0.1463035206902287,2.324360592886876e-09,0.4839999999999988
0.05,0.3,18.506944444444443,0.9230760943924778,0.2005004751486528,0.0201278223365253,0.0912751995045178,0.007799992997616439,0.0160966407707637,0.14819986695471227,2.28721169781565e-09,0.4839999999999962
0.05,0.3,19.765625,0.9357625868132136,0.2011414431151806,0.0212032220088477,0.0865280765948188,0.007907193858571656,0.0169833788624121,0.15023668331286144,2.247307728797665e-09,0.4839999999999975
0.05,0.3,21.11111111111111,0.9493240097457224,0.2018266157690589,0.0223527871758133,0.0814535658982457,0.008021787882351354,0.0179312713052087,0.15241396976467575,2.2046462988534188e-09,0.4840000000000033
0.05,0.3,22.54340277777778,0.9637603631900108,0.202555993110274,0.0235765178374216,0.0760516674147931,0.008143775068955592,0.0189403180991533,0.15473172631015622,2.1592462262631784e-09,0.4839999999999962
0.05,0.3,24.0625,0.9786368432688776,0.2031406366725133,0.0248845547238934,0.0704597557071805,0.008269481325622016,0.0201254242572096,0.15712014518681827,2.126762932430637e-09,0.4839999999999965
0.05,0.3,25.66840277777778,0.987354296499202,0.2046081223510988,0.0262130539804655,0.0648473745306076,0.008343143805418257,0.0214685712585025,0.15851973230294683,1.7709604893667574e-09,0.484000000000001
0.05,0.3,27.361111111111107,0.9937802319574306,0.2083244373826628,0.0275967653316608,0.0572456161294948,0.00839744296004029,0.0228843208004057,0.1595514162407655,1.1549701195434636e-09,0.483999999999996
0.05,0.3,29.140625,0.9999554279967892,0.2125901422945519,0.0290583946140798,0.0489863223593531,0.00844962336657287,0.0243726728829195,0.16054284396488444,5.176383766070103e-10,0.4839999999999964
0.05,0.3,31.006944444444443,0.9999658369995726,0.2127487000758224,0.0291003204657768,0.0487547026836053,0.00844971132264639,0.0244020498143782,0.1605445151302813,5.074896058943068e-10,0.4840000000000057
0.05,0.3,32.96006944444444,0.999965836999574,0.2127487000758215,0.0291003204657767,0.0487547026836048,0.008449711322646401,0.0244020498143782,0.1605445151302816,5.074908271396339e-10,0.4840000000000044
0.05,0.3,35.0,0.999965836999577,0.2127487000758179,0.0291003204657552,0.0487547026836054,0.008449711322646427,0.0244020498143781,0.16054451513028206,5.075149189792683e-10,0.4839999999999806
0.05,0.25,0.2,,0.0,0.0,0.0,,0.0,,0.484,0.0
0.05,0.25,0.8857142857142859,0.0540126410149903,0.0868943763605186,0.0006078324912931,0.0152092801905799,0.0004564068165766681,0.0007407948372227,0.00867172951495663,0.37141957978885237,0.1125804206942484
0.05,0.25,1.5714285714285716,0.1163859611060101,0.1553753258788,0.0013097520758331,0.0223844903280181,0.0009834613713457854,0.0013143134208789,0.018685766055569916,0.2839468908695542,0.2000531098271358
0.05,0.25,2.2571428571428576,0.1784809473929613,0.2104031718020119,0.0020085394245417,0.0296667745000822,0.0015081640054705233,0.0018878320045352,0.02865511610393988,0.20987040215941855,0.2741295987527344
0.05,0.25,2.9428571428571435,0.24056502595951,0.2646881216723955,0.0027072040229691,0.036953254833788,0.0020327744693578596,0.0024613505881915,0.03862271491779934,0.1365345794954987,0.3474654216303735
0.05,0.25,3.6285714285714294,0.3026491045260768,0.3189742916817381,0.0034058686213422,0.0442397351674896,0.0025573849332453493,0.0030348691718478,0.04859031373166155,0.06319753669267542,0.4208024646487076
0.05,0.25,4.314285714285715,0.3646148279272221,0.3630967571515854,0.004103201307263,0.0515717463166822,0.0030809952959850273,0.0036083877555041,0.058538910623715475,1.5492647720272146e-09,0.4840000000002222
0.05,0.25,5.000000000000001,0.425845785469122,0.3438714695777541,0.0047922652887229,0.0591864193053852,0.003598396887214081,0.0041819063391604,0.06836954085706752,1.7446957767397464e-09,0.4840000000002525
0.05,0.25,5.685714285714287,0.485375761558339,0.3247887345404195,0.0054621872364924,0.0669651475947127,0.004101425185167965,0.0047554249228167,0.07792707851819133,2.002199406270222e-09,0.4839999999999794
0.05,0.25,6.371428571428573,0.5441555479730884,0.3057552246243955,0.0061236669075981,0.0748298750663011,0.0045981143803725975,0.005328943506473,0.0873641732270793,2.287780409560014e-09,0.4839999999999362
0.05,0.25,7.057142857142859,0.6029100026330139,0.286722128220771,0.0067848615072217,0.0826987551665143,0.005094589522248968,0.0059024620901293,0.09679720092273034,2.5703844608315762e-09,0.4840000000000152
0.05,0.25,7.742857142857145,0.659754820982248,0.2676081506789567,0.0074245659709365,0.0909927351149307,0.005574928237299996,0.0064759806737856,0.1059236365086999,2.8153905873296026e-09,0.4839999999999808
0.05,0.25,8.428571428571429,0.7156098593126006,0.2484379160641971,0.0080531319225661,0.0995213835001753,0.0060469033111914755,0.0070494992574419,0.11489116291263801,3.0317900967524736e-09,0.4839999999999282
0.05,0.25,9.114285714285716,0.7378487308853632,0.2445383857830673,0.0076214654116192,0.0995206925383466,0.00623482177598132,0.0076230178410981,0.11846161374364497,2.906242468903031e-09,0.4840000000000358
0.05,0.25,9.8,0.7560476391868651,0.2416165512679381,0.0085509889080473,0.0978638696516735,0.006388602551129011,0.0081965364247544,0.1213834484714512,2.7250064982276e-09,0.48399999999994
0.05,0.25,10.0,0.7613556541081387,0.2407643495344749,0.0088220999278391,0.0973806296430602,0.006433455277213772,0.0083638126783209,0.12223565026706164,2.672029431050049e-09,0.4840000000000289
0.05,0.25,10.04340277777778,0.7625075670684813,0.2405794099220851,0.0088809347845646,0.0972757598495245,0.006443188941728669,0.0084001139486261,0.12242058989284464,2.6606263303641242e-09,0.4839999999999546
0.05,0.25,10.17361111111111,0.7659633059495227,0.2400245910851551,0.0090574393547415,0.0969611504689169,0.006472389935273468,0.0085090177595417,0.12297540877019583,2.626175499287342e-09,0.4839999999999728
0.05,0.25,10.390625,0.7709715590857663,0.239220516030543,0.0092359373436917,0.0965588264862272,0.006514709674274726,0.0086905241110678,0.12377948381121978,2.5429757743999915e-09,0.4840000000000239
0.05,0.25,10.694444444444445,0.7779005932533813,0.2381080595720046,0.0094837545221953,0.0959983502145038,0.006573260012991073,0.0089446330032042,0.12489194024683031,2.4282706956313405e-09,0.4840000000002227
0.05,0.25,11.085069444444445,0.7864109833752013,0.2367417164654153,0.0099574470084192,0.0951260335371802,0.006645172809520452,0.0092713444359512,0.12625828338088854,2.362625095564397e-09,0.4839999999997852
0.05,0.25,11.5625,0.7968125713018749,0.2350717415569679,0.0105364044915585,0.0940598687093635,0.006733066227500844,0.0096706584093085,0.12792825832251598,2.2827847945272595e-09,0.483999999998857
0.05,0.25,12.12673611111111,0.8091053570333973,0.2330981348489666,0.0112206269717365,0.0927998557309304,0.006836940266932207,0.0101425749232763,0.1299018650717119,2.18644602423268e-09,0.4839999999997422
0.05,0.25,12.77777777777778,0.823187601380855,0.2308372305804809,0.0120497178631879,0.0913072508483494,0.006955935231668226,0.0106870939778544,0.13216276940169627,2.0967628744372746e-09,0.4840000000000095
0.05,0.25,13.515625,0.838903498146356,0.2283140434594294,0.0130843269261617,0.0895227208094654,0.007088734559336708,0.011304215573043,0.1346859566273974,2.045166314079694e-09,0.4839999999999618
0.05,0.25,14.340277777777777,0.8554153149341106,0.2256630712762949,0.0147845822971426,0.0869932166596233,0.0072282594111932365,0.0119939397088421,0.13733692881267145,1.8342323770959013e-09,0.4839999999999758
0.05,0.25,15.25173611111111,0.8694276083484166,0.223413397563018,0.0155648466677475,0.0853322214593732,0.0073466632905441216,0.0127562663852515,0.13958660252033828,2.113727359809303e-09,0.4839999999999749
0.05,0.25,16.25,0.8836896661575806,0.2211236241708888,0.0170953458757067,0.0828462784332497,0.007467177679031558,0.0135911956022714,0.14187637590159954,2.3372522806042184e-09,0.4839999999999945
0.05,0.25,17.335069444444443,0.8965733211302204,0.2190551533628061,0.018186123630701,0.08073910206504,0.007576044563550363,0.0144987273599017,0.14394484670745683,2.3105439783677184e-09,0.4840000000000016
0.05,0.25,18.506944444444443,0.9104668761586324,0.2168245431017158,0.0193168030267336,0.0785108878610883,0.007693445103540445,0.0154788616581424,0.14617545696726836,2.2815110911622583e-09,0.4840000000000043
0.05,0.25,19.765625,0.9253895834113672,0.2144287024509058,0.0205312364521028,0.0761176207531396,0.007819541979826055,0.0165315984969936,0.14857129761669502,2.2503370833426573e-09,0.4839999999999964
0.05,0.25,21.11111111111111,0.9413414428884288,0.2118676314103904,0.0218294239068076,0.0735593007411945,0.007954335192407224,0.0176569378764552,0.15113236865573726,2.2170077995653514e-09,0.4839999999999937
0.05,0.25,22.54340277777778,0.9583224545898196,0.2091413299801651,0.0232113653908476,0.0708359278252536,0.008097824741283977,0.0188548797965272,0.15385867008439552,2.1815270145886245e-09,0.4839999999999917
0.05,0.25,24.0625,0.9756385854767644,0.2063612251650643,0.0246931528286569,0.0679372747202427,0.00824414604727866,0.0201254242572096,0.15663877489829453,2.0832533476067283e-09,0.4840000000000001
0.05,0.25,25.66840277777778,0.9873542964992058,0.2046081223510942,0.0262130539804655,0.064847374530607,0.00834314380541829,0.0214685712585025,0.1585197323029474,1.7709650967923096e-09,0.4839999999999965
0.05,0.25,27.361111111111107,0.9937802319574258,0.2083244373826629,0.0275967653316608,0.0572456161294941,0.008397442960040248,0.0228843208004057,0.15955141624076466,1.1549715628333956e-09,0.483999999999995
0.05,0.25,29.140625,0.999955427996793,0.2125901422945559,0.0290583946140967,0.0489863223593555,0.008449623366572902,0.0243726728829195,0.1605428439648851,5.176143957896784e-10,0.4840000000000208
0.05,0.25,31.006944444444443,0.99996583699958,0.2127487000758237,0.0291003204657767,0.0487547026836058,0.008449711322646452,0.0244020498143782,0.16054451513028253,5.074866082921403e-10,0.4840000000000091
0.05,0.25,32.96006944444444,0.9999658369995714,0.2127487000758193,0.0291003204657767,0.0487547026836043,0.008449711322646379,0.0244020498143781,0.16054451513028112,5.074940467864053e-10,0.4840000000000012
0.05,0.25,35.0,0.9999658369995744,0.2127487000758171,0.0291003204657533,0.0487547026836049,0.008449711322646405,0.0244020498143781,0.1605445151302816,5.075185827152495e-10,0.4839999999999768
0.05,0.2,0.2,,0.0,0.0,0.0,,0.0,,0.484,0.0
0.05,0.2,0.8857142857142859,0.0540126410149903,0.0868943763605186,0.0006078324912931,0.0152092801905799,0.0004564068165766681,0.0007407948372227,0.00867172951495663,0.37141957978885237,0.1125804206942484
0.05,0.2,1.5714285714285716,0.1163859611060101,0.1553753258788,0.0013097520758331,0.0223844903280181,0.0009834613713457854,0.0013143134208789,0.018685766055569916,0.2839468908695542,0.2000531098271358
0.05,0.2,2.2571428571428576,0.1784809473929613,0.2104031718020119,0.0020085394245417,0.0296667745000822,0.0015081640054705233,0.0018878320045352,0.02865511610393988,0.20987040215941855,0.2741295987527344
0.05,0.2,2.9428571428571435,0.24056502595951,0.2646881216723955,0.0027072040229691,0.036953254833788,0.0020327744693578596,0.0024613505881915,0.03862271491779934,0.1365345794954987,0.3474654216303735
0.05,0.2,3.6285714285714294,0.3026491045260768,0.3189742916817381,0.0034058686213422,0.0442397351674896,0.0025573849332453493,0.0030348691718478,0.04859031373166155,0.06319753669267542,0.4208024646487076
0.05,0.2,4.314285714285715,0.3646148279272221,0.3630967571515854,0.004103201307263,0.0515717463166822,0.0030809952959850273,0.0036083877555041,0.058538910623715475,1.5492647720272146e-09,0.4840000000002222
0.05,0.2,5.000000000000001,0.425845785469122,0.3438714695777541,0.0047922652887229,0.0591864193053852,0.003598396887214081,0.0041819063391604,0.06836954085706752,1.7446957767397464e-09,0.4840000000002525
0.05,0.2,5.685714285714287,0.485375761558339,0.3247887345404195,0.0054621872364924,0.0669651475947127,0.004101425185167965,0.0047554249228167,0.07792707851819133,2.002199406270222e-09,0.4839999999999794
0.05,0.2,6.371428571428573,0.5441555479730869,0.305755224624381,0.006123666907598,0.0748298750663013,0.0045981143803725845,0.005328943506473,0.08736417322707903,2.287795064503939e-09,0.4839999999999215
0.05,0.2,7.057142857142859,0.5910859311947249,0.2923011532435158,0.0056672425180687,0.0802356173216352,0.004994676118595425,0.0059024620901293,0.09489884625331307,2.454742464852444e-09,0.483999999999979
0.05,0.2,7.742857142857145,0.6103066527665015,0.2892152665892628,0.0065932927485233,0.0785736333798444,0.005157091215876939,0.0064759806737856,0.09798473310166175,2.2910452424085292e-09,0.4839999999999369
0.05,0.2,8.428571428571429,0.6295142867869518,0.2861314811395072,0.0075165775499235,0.0769145254594828,0.005319395723349743,0.0070494992574419,0.10106851874364506,2.1266497451932764e-09,0.4840000000000285
0.05,0.2,9.114285714285716,0.6461751397829186,0.2834565811426086,0.0082312174114929,0.0754855831027316,0.005460179931165664,0.0076230178410981,0.10374341869214754,1.8787555955412927e-09,0.4840000000000092
0.05,0.2,9.8,0.6620605887680704,0.2809061722497983,0.00877548949232,0.0742335607185561,0.005594411975090196,0.0081965364247544,0.10629382752671371,1.6127673641008755e-09,0.4840000000000098
0.05,0.2,10.0,0.6666938447220695,0.2801623029893916,0.0089342355158946,0.0738683875231716,0.005633562987901488,0.0083638126783209,0.10703769677012821,1.535191584967066e-09,0.4840000000000057
0.05,0.2,10.04340277777778,0.6676993256148634,0.2800008730283523,0.0089686856078162,0.0737891398679232,0.005642059301445596,0.0084001139486261,0.1071991267274663,1.518370262854063e-09,0.4839999999999907
0.05,0.2,10.17361111111111,0.6707157682932489,0.2795165831452783,0.0090720358835809,0.0735513969021782,0.005667548242077954,0.0085090177595417,0.10768341659948105,1.4678618875940685e-09,0.4839999999999911
0.05,0.2,10.390625,0.675743172757227,0.2787094333401539,0.0092442863431888,0.0731551586259362,0.005710029809798569,0.0086905241110678,0.10849056638617273,1.3836820023094276e-09,0.4839999999999923
0.05,0.2,10.694444444444445,0.6827815390067942,0.2775794236129809,0.0094854369866397,0.0726004250391978,0.005769504004607412,0.0089446330032042,0.10962057608754079,1.2658292747325106e-09,0.4839999999999941
0.05,0.2,11.085069444444445,0.691599298770227,0.2761637322782106,0.0098718848910732,0.0718127557483252,0.005844014074608418,0.0092713444359512,0.11103626741755987,1.154271456194067e-09,0.4839999999999482
0.05,0.2,11.5625,0.7020532030103521,0.2744853579867007,0.0104508895867521,0.0707461016351113,0.005932349565437476,0.0096706584093085,0.11271464174331203,1.0733778865734678e-09,0.48400000000018
0.05,0.2,12.12673611111111,0.7144078171123257,0.2725018247329538,0.0111351678634545,0.0694855104104128,0.006036746054599153,0.0101425749232763,0.11469817503738385,9.779196341597185e-10,0.4840000000003113
0.05,0.2,12.77777777777778,0.728663141076139,0.2702131325165857,0.0119247197211648,0.0680309820742454,0.006157203542093376,0.0106870939778544,0.11698686729977413,8.68282168386969e-10,0.4839999999999556
0.05,0.2,13.515625,0.7448191749017851,0.2676192813386371,0.0128195451599336,0.0663825166265588,0.0062937220279200845,0.011304215573043,0.1195807185304816,7.434257653926579e-10,0.4840000000001513
0.05,0.2,14.340277777777777,0.761311317236596,0.2649714678836571,0.0135981046578034,0.0647748744358801,0.006433080630649237,0.0119939397088421,0.12222853198233546,7.008325586532749e-10,0.4840000000003461
0.05,0.2,15.25173611111111,0.7790186927740098,0.2621285487165694,0.0143894289713958,0.0630715961619036,0.006582707953940384,0.0127562663852515,0.1250714511248672,6.860720880297322e-10,0.4839999999997653
0.05,0.2,16.25,0.7983399008795916,0.2590265287291169,0.0152565327584304,0.0612062989925078,0.0067459721624325494,0.0135911956022714,0.12817347108621843,6.690225040628661e-10,0.4839999999996441
0.05,0.2,17.335069444444443,0.819312029130992,0.2556594535110816,0.016199203841327,0.0591788817151957,0.006923186646156883,0.0144987273599017,0.13154054627698072,6.493563464715635e-10,0.4840000000004992
0.05,0.2,18.506944444444443,0.8419619276425078,0.2520230122740433,0.0172172886107814,0.0569892710557725,0.007114578288579192,0.0154788616581424,0.1351769874830046,6.296765886482092e-10,0.4839999999998632
0.05,0.2,19.765625,0.8662895964141318,0.2481172050200094,0.018310787066892,0.0546374670141398,0.007320147089699415,0.0165315984969936,0.1390827947042889,6.079768910538519e-10,0.4839999999997412
0.05,0.2,21.11111111111111,0.8922950354458671,0.2439420317490394,0.0194796992096568,0.0521234695902997,0.007539893049517578,0.0176569378764552,0.14325796794083392,5.84197357156313e-10,0.4840000000001942
0.05,0.2,22.54340277777778,0.9162091179749082,0.2401026257415191,0.0215672387384499,0.0486359141992395,0.007741967046887975,0.0188548797965272,0.14709737389087152,5.865047891795427e-10,0.4839999999999976
0.05,0.2,24.0625,0.9333421996144454,0.2373519094825268,0.0230446490848354,0.0457431849934811,0.007886741586742066,0.0201254242572096,0.14984809014809922,4.4710579683027163e-10,0.4840000000000001
0.05,0.2,25.66840277777778,0.9503167097308424,0.2346266518895302,0.0246124644761487,0.0426887880888727,0.00803017619722562,0.0214685712585025,0.15257334774728668,3.424336370017045e-10,0.483999999999994
0.05,0.2,27.361111111111107,0.9667739554574364,0.2319844410747791,0.0262851219003014,0.0394613173967864,0.008169239923615337,0.0228843208004057,0.15521555854869135,3.554206928768622e-10,0.483999999999986
0.05,0.2,29.140625,0.9812424917637336,0.2296615176755658,0.0273937959899856,0.0367420320931161,0.008291499055403549,0.0243726728829195,0.15753848205266735,2.5034208039897976e-10,0.4840000000000009
0.05,0.2,31.006944444444443,0.986796640517256,0.2287697991289625,0.0278622963344142,0.0349640545445545,0.008338431612370814,0.02563521752962,0.15843020063504537,2.1503260283495251e-10,0.4839999999999908
0.05,0.2,32.96006944444444,0.9867966405172623,0.2287697991289708,0.0278622963344143,0.0349640545445532,0.008338431612370868,0.0256352175296211,0.15843020063504645,2.1502322145039443e-10,0.484
0.05,0.2,35.0,0.9867966405172632,0.2287697991289633,0.0278622963344149,0.0349640545445529,0.008338431612370875,0.0256352175296208,0.15843020063504662,2.1503054892235696e-10,0.4839999999999931
0.05,0.15,0.2,,0.0,0.0,0.0,,0.0,,0.484,0.0
0.05,0.15,0.8857142857142859,0.0540126410149903,0.0868943763605186,0.0006078324912931,0.0152092801905799,0.0004564068165766681,0.0007407948372227,0.00867172951495663,0.37141957978885237,0.1125804206942484
0.05,0.15,1.5714285714285716,0.1163859611060101,0.1553753258788,0.0013097520758331,0.0223844903280181,0.0009834613713457854,0.0013143134208789,0.018685766055569916,0.2839468908695542,0.2000531098271358
0.05,0.15,2.2571428571428576,0.1784809473929613,0.2104031718020119,0.0020085394245417,0.0296667745000822,0.0015081640054705233,0.0018878320045352,0.02865511610393988,0.20987040215941855,0.2741295987527344
0.05,0.15,2.9428571428571435,0.24056502595951,0.2646881216723955,0.0027072040229691,0.036953254833788,0.0020327744693578596,0.0024613505881915,0.03862271491779934,0.1365345794954987,0.3474654216303735
0.05,0.15,3.6285714285714294,0.3026491045260768,0.3189742916817381,0.0034058686213422,0.0442397351674896,0.0025573849332453493,0.0030348691718478,0.04859031373166155,0.06319753669267542,0.4208024646487076
0.05,0.15,4.314285714285715,0.3646148279272233,0.363096757151353,0.0041032013072629,0.0515717463166832,0.003080995295985037,0.0036083877555041,0.05853891062371566,1.5494960869943952e-09,0.4839999999999907
0.05,0.15,5.000000000000001,0.4258457854691198,0.3438714695772693,0.0047922652887228,0.0591864193053873,0.0035983968872140624,0.0041819063391604,0.06836954085706715,1.7451790013112145e-09,0.4839999999997694
0.05,0.15,5.685714285714287,0.4507590905287812,0.3390306276858004,0.0045147268983834,0.0595209326117023,0.0038089143149682017,0.0047554249228167,0.0723693719843958,1.581933140037961e-09,0.4840000000000786
0.05,0.15,6.371428571428573,0.4686146722582003,0.3361639140142242,0.0051427175514881,0.0581685439551813,0.0039597939805817925,0.005328943506473,0.075236085631054,1.3609976479145303e-09,0.4840000000000797
0.05,0.15,7.057142857142859,0.4864702539876198,0.3332972003424696,0.0057707082045935,0.0568161552986595,0.004110673646195388,0.0059024620901293,0.07810279927771231,1.1402403465865518e-09,0.4839999999999042
0.05,0.15,7.742857142857145,0.504325835717041,0.3304304866709494,0.006398698857698,0.0554637666421388,0.004261553311808997,0.0064759806737856,0.0809695129243709,9.192483441111676e-10,0.4839999999999629
0.05,0.15,8.428571428571429,0.5221814174464623,0.3275637729993788,0.0070266895108026,0.0541113779856178,0.004412432977422607,0.0070494992574419,0.08383622657102949,6.983068567834039e-10,0.4839999999999706
0.05,0.15,9.114285714285716,0.5400369991758799,0.324697059327835,0.0076546801639074,0.0527589893290968,0.004563312643036186,0.0076230178410981,0.08670294021768753,4.773390016588053e-10,0.484000000000005
0.05,0.15,9.8,0.5574423987964912,0.321902622492083,0.0077968331120823,0.0518962422189935,0.004710388269830351,0.0081965364247544,0.08949737712677665,3.5547981225292347e-10,0.483999999999832
0.05,0.15,10.0,0.5624013848074122,0.3211064573166497,0.0078359481765077,0.0516479474675781,0.004752291701622634,0.0083638126783209,0.09029354233082998,3.284909566581007e-10,0.4839999999999826
0.05,0.15,10.04340277777778,0.5633748159707211,0.3209501729484434,0.0078976602620206,0.0515417086180692,0.0047605171949525946,0.0084001139486261,0.0904498267040992,3.23788884593057e-10,0.4840000000001185
0.05,0.15,10.17361111111111,0.5662951094606352,0.3204813198431941,0.0080827965185685,0.0512229920695336,0.004785193674942369,0.0085090177595417,0.09091867982390493,3.10314718365845e-10,0.4839999999998944
0.05,0.15,10.390625,0.5711622652771631,0.3196998980016787,0.0083913569461402,0.0506917978219823,0.004826321141592029,0.0086905241110678,0.09170010169024848,2.872905247031099e-10,0.4840000000000886
0.05,0.15,10.694444444444445,0.5779762834203037,0.3186059074231954,0.0088233415447454,0.0499481258754055,0.004883899594901567,0.0089446330032042,0.09279409230312972,2.554182421121709e-10,0.4839999999999992
0.05,0.15,11.085069444444445,0.5867371638900565,0.3171993481081636,0.0093787503143786,0.0489919762298089,0.0049579290348709774,0.0092713444359512,0.09420065166254851,2.1427826180087095e-10,0.4840000000000442
0.05,0.15,11.5625,0.5971786799306095,0.3155229627505478,0.0099855153978605,0.0478976663604562,0.00504615984541365,0.0096706584093085,0.09587703706285935,1.7355394898999066e-10,0.483999999999997
0.05,0.15,12.12673611111111,0.6091622766164486,0.3135989964060879,0.0106117609738006,0.0466982428788147,0.005147421237408991,0.0101425749232763,0.09780100351077081,6.984068878779226e-11,0.483999999999965
0.05,0.15,12.77777777777778,0.6229895035616512,0.3113790352396059,0.0113343520229594,0.0453142927076928,0.005264261305095953,0.0106870939778544,0.10002096479682304,0.0,0.4840000000001321
0.05,0.15,13.515625,0.6382427889011124,0.3089301202774464,0.012093720786275,0.0438089120884032,0.0053931515662144006,0.011304215573043,0.10246987975807359,0.0,0.4840000000001001
0.05,0.15,14.340277777777777,0.6552674993580129,0.3061968030049135,0.012938834105544,0.042130215830346,0.005537010369575209,0.0119939397088421,0.10520319702192889,0.0,0.483999999999944
0.05,0.15,15.25173611111111,0.6736263414435693,0.3032492907493169,0.0138070176720659,0.0403445733721925,0.0056921425851981615,0.0127562663852515,0.10815070911876504,1.172100194679615e-10,0.4839999999999919
0.05,0.15,16.25,0.6928276301593949,0.3001665236115908,0.0146561651604347,0.0384982457775744,0.005854393474846887,0.0135911956022714,0.11123347602209081,3.5119096519764526e-10,0.4839999999999881
0.05,0.15,17.335069444444443,0.7134991641866085,0.2968477087980203,0.0155907856740826,0.0364814190442175,0.006029067937376843,0.0144987273599017,0.11455229081015995,3.7624109383571636e-10,0.4839999999999907
0.05,0.15,18.506944444444443,0.7357644352663492,0.2932730195586202,0.0166042692119101,0.0342996596680117,0.006217209478000651,0.0154788616581424,0.11812698008201235,3.433026640742298e-10,0.4839999999999604
0.05,0.15,19.765625,0.7596160050268186,0.2894436501581845,0.0176953500787766,0.0319542961983388,0.006418755242476618,0.0165315984969936,0.12195634960705568,2.1817425643888555e-10,0.4839999999999852
0.05,0.15,21.11111111111111,0.7851125106328332,0.2853501863163328,0.0188616779019784,0.0294471835238613,0.0066342007148474415,0.0176569378764552,0.12604981358210135,8.442346821624369e-11,0.4840000000000038
0.05,0.15,22.54340277777778,0.8093669955554386,0.2814561288525872,0.0203113582199178,0.0265946108887835,0.006839151112443456,0.0188548797965272,0.12994387113642564,0.0,0.4840000000000263
0.05,0.15,24.0625,0.8259665563879922,0.2787910692984429,0.0218109929089434,0.0236841654504029,0.006979417401478534,0.0201254242572096,0.13260893062809206,5.543054903967004e-11,0.4840000000000451
0.05,0.15,25.66840277777778,0.8435146635538169,0.2759737206268277,0.0233963210087704,0.0206074088441149,0.007127698907029753,0.0214685712585025,0.13542627923356526,1.211895028774279e-10,0.48399999999997
0.05,0.15,27.361111111111107,0.8614517273066741,0.2730939249781464,0.0248735576746384,0.0175628544480237,0.0072792670957413964,0.0228843208004057,0.1383060748190865,1.8395795997605546e-10,0.4839999999999766
0.05,0.15,29.140625,0.8769264579656348,0.2706094569511867,0.0247113626383668,0.0161059359280513,0.007410028569809615,0.0243726728829195,0.1407905428263827,2.032833346099494e-10,0.4839999999997828
0.05,0.15,31.006944444444443,0.8923303999072066,0.2681363540626466,0.0243620486154442,0.0147641320187798,0.007540191879215896,0.0259336275060436,0.143263645705102,2.127679143981709e-10,0.4839999999999779
0.05,0.15,32.96006944444444,0.9079246554773516,0.2656326963915503,0.0248746033876979,0.0124862486235643,0.007671963338783622,0.0275671846697781,0.1457673034368888,1.517369563330817e-10,0.4839999999999766
0.05,0.15,35.0,0.9235873634623666,0.263118048750747,0.0259586429151835,0.0095636995096023,0.007804313221256998,0.0292733443741231,0.1482819512038829,2.520417208273784e-11,0.4840000000000075
0.1,1.0,0.2,,0.0,0.0,0.0,,0.0,,0.484,0.0
0.1,1.0,0.8857142857142859,0.0540126410149903,0.0868943763605186,0.0006078324912931,0.0152092801905799,0.0009128136331533362,0.0007407948372227,0.008215322698379964,0.37141957978885237,0.1125804206942484
0.1,1.0,1.5714285714285716,0.1163859611060101,0.1553753258788,0.0013097520758331,0.0223844903280181,0.001966922742691571,0.0013143134208789,0.01770230468422413,0.2839468908695542,0.2000531098271358
0.1,1.0,2.2571428571428576,0.1784809473929613,0.2104031718020119,0.0020085394245417,0.0296667745000822,0.0030163280109410467,0.0018878320045352,0.027146952098469356,0.20987040215941855,0.2741295987527344
0.1,1.0,2.9428571428571435,0.24056502595951,0.2646881216723955,0.0027072040229691,0.036953254833788,0.004065548938715719,0.0024613505881915,0.03658994044844148,0.13653457949549863,0.3474654216303735
0.1,1.0,3.6285714285714294,0.3026491045260768,0.3189742916817381,0.0034058686213422,0.0442397351674896,0.0051147698664906985,0.0030348691718478,0.0460329287984162,0.06319753669267547,0.4208024646487076
0.1,1.0,4.314285714285715,0.3646148279272244,0.3630967571514036,0.0041032013072629,0.051571746316683,0.006161990591970093,0.0036083877555041,0.05545791532773081,1.5494455163356236e-09,0.4840000000000415
0.1,1.0,5.000000000000001,0.425845785469117,0.3438714695766899,0.0047922652887227,0.0591864193053899,0.007196793774428077,0.0041819063391604,0.06477114396985262,1.745756428306322e-09,0.4839999999991919
0.1,1.0,5.685714285714287,0.4853757615583393,0.3247887345405192,0.0054621872364924,0.0669651475947118,0.008202850370335935,0.0047554249228167,0.07382565333302336,2.0021005964210303e-09,0.4840000000000777
0.1,1.0,6.371428571428573,0.5441555479730927,0.3057552246245468,0.0061236669075982,0.0748298750662998,0.009196228760745268,0.005328943506473,0.08276605884670733,2.2876295857621187e-09,0.4840000000000866
0.1,1.0,7.057142857142859,0.6029100026330138,0.2867221282207716,0.0067848615072216,0.0826987551665141,0.010189179044497933,0.0059024620901293,0.09170261140048136,2.570384127764669e-09,0.4840000000000155
0.1,1.0,7.742857142857145,0.659754820982248,0.267608150678937,0.0074245659709365,0.0909927351149312,0.011149856474599993,0.0064759806737856,0.1003487082713999,2.8154097941879286e-09,0.4839999999999612
0.1,1.0,8.428571428571429,0.715609859312608,0.2484379160642765,0.0080531319225662,0.0995213835001732,0.012093806622383076,0.0070494992574419,0.10884425960144763,3.03171149296233e-09,0.4840000000000068
0.1,1.0,9.114285714285716,0.7448381448834772,0.2407003184268974,0.0089162764885259,0.1008827377820768,0.012587764648530767,0.0076230178410981,0.11328988183677684,2.976094148898767e-09,0.4839999999998526
0.1,1.0,9.8,0.7711482288599804,0.2342277053086153,0.009805668381902,0.1014460363263769,0.01303240506773367,0.0081965364247544,0.11729164560960292,2.881014815603322e-09,0.4839999999999969
0.1,1.0,10.0,0.7788220033531257,0.2323398598157091,0.0100650743507836,0.1016103317351312,0.013162091856667824,0.0083638126783209,0.11845882671001039,2.8533769236283035e-09,0.4839999999999453
0.1,1.0,10.04340277777778,0.7804873189983431,0.2319301711237626,0.0101213690489003,0.1016459861207114,0.013190235691072,0.0084001139486261,0.118712121219648,2.8472796342882134e-09,0.4840000000000342
0.1,1.0,10.17361111111111,0.7854832659339821,0.2307011050476146,0.0102902531431999,0.1017529492774525,0.013274667194284299,0.0085090177595417,0.1194720047485586,2.8293484222174925e-09,0.4839999999999389
0.1,1.0,10.390625,0.7938098441600495,0.2286526615874667,0.0105717266337894,0.1019312212053542,0.013415386366304839,0.0086905241110678,0.12073847729674346,2.7992735907034216e-09,0.4839999999999687
0.1,1.0,10.694444444444445,0.8031743194672611,0.2262565577743421,0.0109555693416216,0.1021067771032676,0.013573645998996714,0.0089446330032042,0.1221628139909704,2.78759743066459e-09,0.4840000000000215
0.1,1.0,11.085069444444445,0.811455151161066,0.2241405471128633,0.011443994112342,0.1020081909257708,0.013713592054622019,0.0092713444359512,0.12342232849159807,2.8668525886565988e-09,0.4840000000000138
0.1,1.0,11.5625,0.8215761676756977,0.2215543118599229,0.0120409577210173,0.1018876967088299,0.013884637233719294,0.0096706584093085,0.12496173510347361,2.963728484850492e-09,0.4839999999999955
0.1,1.0,12.12673611111111,0.8326013577152881,0.2200749021047669,0.0128211264182666,0.1002517642090864,0.01407096294538837,0.0101425749232763,0.12663866650849523,2.8907202187511416e-09,0.4839999999999895
0.1,1.0,12.77777777777778,0.8446496738300483,0.219496953409438,0.013779248426591,0.0972909066370977,0.014274579487727819,0.0106870939778544,0.12847121538955028,2.671740828574798e-09,0.4839999999999981
0.1,1.0,13.515625,0.8583044320934481,0.2188419448880648,0.0148651200360256,0.0939352680555107,0.014505344902379275,0.011304215573043,0.1305481041214134,2.4235632389846273e-09,0.4840000000000091
0.1,1.0,14.340277777777777,0.8718435068314668,0.2138047804747053,0.0158469097319862,0.0950128150393256,0.014734155265451791,0.0119939397088421,0.1326073973890661,2.390622921843999e-09,0.4840000000000055
0.1,1.0,15.25173611111111,0.8859513237990186,0.2080850748737948,0.01691097550005,0.096389156892192,0.014972577372203416,0.0128890166508854,0.13475319634983068,2.3610436938881207e-09,0.4840000000000041
0.1,1.0,16.25,0.8995456856349614,0.2021312242158854,0.0180607986077375,0.0975743950362698,0.01520232208723085,0.0142103589096217,0.13682089878507764,2.35817715354969e-09,0.4840000000000016
0.1,1.0,17.335069444444443,0.9112645324835096,0.1999037118694727,0.0191265881588457,0.0956949346273403,0.015400370598971314,0.0152710570302635,0.1386033353907418,2.324364700712067e-09,0.4839999999999946
0.1,1.0,18.506944444444443,0.9230760943924674,0.2005004751486542,0.0201278223365253,0.091275199504517,0.015599985995232702,0.0160966407707637,0.1403998739570943,2.2872127525275232e-09,0.4839999999999951
0.1,1.0,19.765625,0.9357625868132082,0.2011414431151786,0.0212032220088477,0.0865280765948173,0.01581438771714322,0.016983378862412,0.14232948945428897,2.2473121696897636e-09,0.4839999999999929
0.1,1.0,21.11111111111111,0.949324009745727,0.2018266157690655,0.0223527871758135,0.0814535658982486,0.016043575764702788,0.0179312713052087,0.14439218188232503,2.2046359182681385e-09,0.4840000000000137
0.1,1.0,22.54340277777778,0.9637603631900156,0.2025559931102731,0.0235765178374216,0.0760516674147933,0.016287550137911264,0.0189403180991533,0.14658795124120133,2.1592460597297247e-09,0.4839999999999962
0.1,1.0,24.0625,0.9786368432688732,0.203140636672516,0.0248845547238933,0.0704597557071809,0.01653896265124396,0.0201254242572096,0.14885066386119553,2.126760767495739e-09,0.483999999999999
0.1,1.0,25.66840277777778,0.9873542964991942,0.204608122351098,0.0262130539804653,0.0648473745306072,0.016686287610836383,0.0214685712585025,0.15017658849752744,1.7709631539020165e-09,0.4839999999999981
0.1,1.0,27.361111111111107,0.9937802319574344,0.2083244373826671,0.027596765331661,0.0572456161294972,0.016794885920080643,0.0228843208004057,0.15115397328072577,1.1549625700268962e-09,0.4840000000000036
0.1,1.0,29.140625,0.9999554279967896,0.2125901422945522,0.0290583946140799,0.0489863223593531,0.016899246733145745,0.0243726728829195,0.15209322059831165,5.176379325178004e-10,0.4839999999999972
0.1,1.0,31.006944444444443,0.9999658369995772,0.2127487000758199,0.0291003204657767,0.0487547026836051,0.016899422645292855,0.0244020498143782,0.15209480380763565,5.074916042957511e-10,0.4840000000000038
0.1,1.0,32.96006944444444,0.999965836999574,0.2127487000758189,0.0291003204657767,0.048754702683605,0.016899422645292803,0.0244020498143782,0.15209480380763518,5.074931586079856e-10,0.4840000000000019
0.1,1.0,35.0,0.9999658369995758,0.2127487000758128,0.0291003204657601,0.0487547026836043,0.01689942264529283,0.0244020498143781,0.15209480380763546,5.075163622692003e-10,0.483999999999979
0.1,0.35,0.2,,0.0,0.0,0.0,,0.0,,0.484,0.0
0.1,0.35,0.8857142857142859,0.0540126410149903,0.0868943763605186,0.0006078324912931,0.0152092801905799,0.0009128136331533362,0.0007407948372227,0.008215322698379964,0.37141957978885237,0.1125804206942484
0.1,0.35,1.5714285714285716,0.1163859611060101,0.1553753258788,0.0013097520758331,0.0223844903280181,0.001966922742691571,0.0013143134208789,0.01770230468422413,0.2839468908695542,0.2000531098271358
0.1,0.35,2.2571428571428576,0.1784809473929613,0.2104031718020119,0.0020085394245417,0.0296667745000822,0.0030163280109410467,0.0018878320045352,0.027146952098469356,0.20987040215941855,0.2741295987527344
0.1,0.35,2.9428571428571435,0.24056502595951,0.2646881216723955,0.0027072040229691,0.036953254833788,0.004065548938715719,0.0024613505881915,0.03658994044844148,0.13653457949549863,0.3474654216303735
0.1,0.35,3.6285714285714294,0.3026491045260768,0.3189742916817381,0.0034058686213422,0.0442397351674896,0.0051147698664906985,0.0030348691718478,0.0460329287984162,0.06319753669267547,0.4208024646487076
0.1,0.35,4.314285714285715,0.3646148279272221,0.3630967571515854,0.004103201307263,0.0515717463166822,0.006161990591970055,0.0036083877555041,0.05545791532773044,1.5492648275383658e-09,0.4840000000002222
0.1,0.35,5.000000000000001,0.425845785469122,0.3438714695777541,0.0047922652887229,0.0591864193053852,0.007196793774428162,0.0041819063391604,0.06477114396985344,1.7446957767397464e-09,0.4840000000002525
0.1,0.35,5.685714285714287,0.485375761558339,0.3247887345404195,0.0054621872364924,0.0669651475947127,0.00820285037033593,0.0047554249228167,0.07382565333302338,2.002199406270222e-09,0.4839999999999794
0.1,0.35,6.371428571428573,0.5441555479730869,0.3057552246242576,0.006123666907598,0.0748298750663024,0.009196228760745169,0.005328943506473,0.08276605884670643,2.287917411081253e-09,0.4839999999997992
0.1,0.35,7.057142857142859,0.6029100026330142,0.2867221282207395,0.0067848615072217,0.0826987551665146,0.010189179044497941,0.0059024620901293,0.09170261140048146,2.5704154915651145e-09,0.4839999999999838
0.1,0.35,7.742857142857145,0.6597548209822435,0.267608150678899,0.0074245659709365,0.0909927351149321,0.011149856474599916,0.0064759806737856,0.10034870827139919,2.8154477083042195e-09,0.4839999999999234
0.1,0.35,8.428571428571429,0.7156098593126058,0.2484379160642617,0.0080531319225662,0.0995213835001736,0.01209380662238304,0.0070494992574419,0.10884425960144725,3.031726314439709e-09,0.4839999999999921
0.1,0.35,9.114285714285716,0.7448381448834848,0.2407003184269432,0.0089162764885506,0.1008827377820768,0.012587764648530895,0.0076230178410981,0.11328988183677802,2.976022372980225e-09,0.4839999999999244
0.1,0.35,9.8,0.7711482288599844,0.2342277053086061,0.0098056683819009,0.1014460363263769,0.01303240506773374,0.0081965364247544,0.11729164560960356,2.881024419032485e-09,0.4839999999999873
0.1,0.35,10.0,0.7788220033531231,0.2323398598156893,0.0100650743507828,0.1016103317351312,0.013162091856667783,0.0083638126783209,0.11845882671001001,2.85339796235462e-09,0.4839999999999245
0.1,0.35,10.04340277777778,0.7804873189983442,0.2319301711237429,0.0101213690489003,0.1016459861207115,0.01319023569107202,0.0084001139486261,0.11871212121964816,2.847298952168842e-09,0.4840000000000153
0.1,0.35,10.17361111111111,0.785483265933982,0.2307011050476268,0.0102902531432327,0.1017529492774525,0.013274667194284296,0.0085090177595417,0.1194720047485586,2.8293033471626927e-09,0.4839999999999839
0.1,0.35,10.390625,0.7938098441600504,0.228652661587511,0.0105717266337889,0.1019312212053541,0.013415386366304852,0.0086905241110678,0.12073847729674364,2.799229736893949e-09,0.4840000000000124
0.1,0.35,10.694444444444445,0.8031743194672568,0.2262565577743258,0.0109555693416217,0.1021067771032671,0.013573645998996643,0.0089446330032042,0.12216281399096975,2.7876148056549255e-09,0.4840000000000042
0.1,0.35,11.085069444444445,0.811455151161055,0.22414054711283,0.0114439941123421,0.1020081909257698,0.013713592054621832,0.0092713444359512,0.12342232849159646,2.866888615393748e-09,0.4839999999999778
0.1,0.35,11.5625,0.8215761676756893,0.2215543118599323,0.0120409577210173,0.1018876967088299,0.01388463723371915,0.0096706584093085,0.12496173510347235,2.963720546755866e-09,0.4840000000000034
0.1,0.35,12.12673611111111,0.8326013577152838,0.2200749021047693,0.0128211264182666,0.1002517642090869,0.014070962945388297,0.0101425749232763,0.12663866650849462,2.8907179983050924e-09,0.4839999999999915
0.1,0.35,12.77777777777778,0.8446496738300432,0.2194969534094371,0.0137792484265911,0.0972909066370969,0.014274579487727732,0.0106870939778544,0.12847121538954956,2.6717431600431496e-09,0.4839999999999956
0.1,0.35,13.515625,0.8583044320934358,0.2188419448880555,0.0148651200360257,0.093935268055506,0.014505344902379067,0.011304215573043,0.13054810412141155,2.4235791151738795e-09,0.483999999999993
0.1,0.35,14.340277777777777,0.8718435068314636,0.2138047804747058,0.0158469097319862,0.0950128150393257,0.014734155265451737,0.0119939397088421,0.13260739738906555,2.390622921843999e-09,0.4840000000000057
0.1,0.35,15.25173611111111,0.8859513237990194,0.2080850748737943,0.01691097550005,0.096389156892192,0.01497257737220343,0.0128890166508854,0.13475319634983088,2.361044026955028e-09,0.4840000000000038
0.1,0.35,16.25,0.8995456856349617,0.2021312242158879,0.0180607986077378,0.0975743950362703,0.015202322087230855,0.0142103589096216,0.13682089878507764,2.358173878391767e-09,0.4840000000000052
0.1,0.35,17.335069444444443,0.9112645324835068,0.1999037118694679,0.0191265881588456,0.0956949346273382,0.015400370598971267,0.0152710570302634,0.13860333539074143,2.3243721947174834e-09,0.483999999999987
0.1,0.35,18.506944444444443,0.9230760943924728,0.2005004751486538,0.0201278223365252,0.0912751995045173,0.015599985995232794,0.0160966407707637,0.1403998739570951,2.2872120863937084e-09,0.4839999999999958
0.1,0.35,19.765625,0.9357625868132088,0.2011414431151803,0.0212032220088477,0.0865280765948181,0.01581438771714323,0.0169833788624121,0.14232948945428908,2.2473095051545044e-09,0.4839999999999959
0.1,0.35,21.11111111111111,0.9493240097457152,0.2018266157690553,0.0223527871758134,0.0814535658982436,0.01604357576470259,0.0179312713052086,0.1443921818823233,2.2046531267250202e-09,0.4839999999999961
0.1,0.35,22.54340277777778,0.9637603631900064,0.2025559931102771,0.0235765178374216,0.0760516674147937,0.016287550137911107,0.0189403180991533,0.1465879512412,2.1592431731498607e-09,0.483999999999999
0.1,0.35,24.0625,0.9786368432688728,0.203140636672515,0.0248845547238934,0.0704597557071805,0.016538962651243952,0.0201254242572096,0.14885066386119555,2.1267620442522173e-09,0.4839999999999978
0.1,0.35,25.66840277777778,0.9873542964991944,0.2046081223510946,0.0262130539804654,0.0648473745306058,0.016686287610836386,0.0214685712585025,0.15017658849752744,1.77096781683872e-09,0.4839999999999938
0.1,0.35,27.361111111111107,0.9937802319574404,0.2083244373826671,0.027596765331661,0.057245616129498,0.016794885920080743,0.0228843208004057,0.15115397328072666,1.1549607936700568e-09,0.4840000000000058
0.1,0.35,29.140625,0.999955427996799,0.2125901422945584,0.0290583946140798,0.048986322359357,0.01689924673314591,0.0243726728829195,0.1520932205983131,5.176262751760419e-10,0.4840000000000087
0.1,0.35,31.006944444444443,0.9999658369995812,0.2127487000758129,0.0291003204657233,0.0487547026836057,0.016899422645292924,0.024402049814378,0.15209480380763626,5.075508902052661e-10,0.4839999999999446
0.1,0.35,32.96006944444444,0.9999658369995684,0.2127487000758202,0.0291003204657766,0.0487547026836041,0.01689942264529271,0.0244020498143781,0.1520948038076343,5.074939912752541e-10,0.4840000000000015
0.1,0.35,35.0,0.999965836999566,0.212748700075818,0.0291003204657766,0.0487547026836032,0.016899422645292667,0.0244020498143781,0.15209480380763393,5.074974884777816e-10,0.4839999999999981
0.1,0.3,0.2,,0.0,0.0,0.0,,0.0,,0.484,0.0
0.1,0.3,0.8857142857142859,0.0540126410149903,0.0868943763605186,0.0006078324912931,0.0152092801905799,0.0009128136331533362,0.0007407948372227,0.008215322698379964,0.37141957978885237,0.1125804206942484
0.1,0.3,1.5714285714285716,0.1163859611060101,0.1553753258788,0.0013097520758331,0.0223844903280181,0.001966922742691571,0.0013143134208789,0.01770230468422413,0.2839468908695542,0.2000531098271358
0.1,0.3,2.2571428571428576,0.1784809473929613,0.2104031718020119,0.0020085394245417,0.0296667745000822,0.0030163280109410467,0.0018878320045352,0.027146952098469356,0.20987040215941855,0.2741295987527344
0.1,0.3,2.9428571428571435,0.24056502595951,0.2646881216723955,0.0027072040229691,0.036953254833788,0.004065548938715719,0.0024613505881915,0.03658994044844148,0.13653457949549863,0.3474654216303735
0.1,0.3,3.6285714285714294,0.3026491045260768,0.3189742916817381,0.0034058686213422,0.0442397351674896,0.0051147698664906985,0.0030348691718478,0.0460329287984162,0.06319753669267547,0.4208024646487076
0.1,0.3,4.314285714285715,0.3646148279272221,0.3630967571515854,0.004103201307263,0.0515717463166822,0.006161990591970055,0.0036083877555041,0.05545791532773044,1.5492648275383658e-09,0.4840000000002222
0.1,0.3,5.000000000000001,0.425845785469122,0.3438714695777541,0.0047922652887229,0.0591864193053852,0.007196793774428162,0.0041819063391604,0.06477114396985344,1.7446957767397464e-09,0.4840000000002525
0.1,0.3,5.685714285714287,0.485375761558339,0.3247887345404195,0.0054621872364924,0.0669651475947127,0.00820285037033593,0.0047554249228167,0.07382565333302338,2.002199406270222e-09,0.4839999999999794
0.1,0.3,6.371428571428573,0.5441555479730869,0.3057552246242576,0.006123666907598,0.0748298750663024,0.009196228760745169,0.005328943506473,0.08276605884670643,2.287917411081253e-09,0.4839999999997992
0.1,0.3,7.057142857142859,0.6029100026330142,0.2867221282207395,0.0067848615072217,0.0826987551665146,0.010189179044497941,0.0059024620901293,0.09170261140048146,2.5704154915651145e-09,0.4839999999999838
0.1,0.3,7.742857142857145,0.6597548209822491,0.2676081506789788,0.0074245659709366,0.0909927351149303,0.011149856474600012,0.0064759806737856,0.10034870827140009,2.8153686604248662e-09,0.4840000000000025
0.1,0.3,8.428571428571429,0.7156098593126052,0.2484379160643385,0.0080531319225663,0.0995213835001717,0.012093806622383031,0.0070494992574419,0.10884425960144727,3.031651263363244e-09,0.4840000000000672
0.1,0.3,9.114285714285716,0.744838144883491,0.2407003184269551,0.0089162764885447,0.1008827377820768,0.012587764648531001,0.0076230178410981,0.11328988183677899,2.9760153230640185e-09,0.4839999999999313
0.1,0.3,9.8,0.7711482288599835,0.23422770530859,0.0098056683819009,0.1014460363263769,0.013032405067733722,0.0081965364247544,0.11729164560960349,2.8810406282886447e-09,0.4839999999999709
0.1,0.3,10.0,0.7788220033531296,0.2323398598157565,0.0100650743507954,0.1016103317351311,0.01316209185666789,0.0083638126783209,0.11845882671001101,2.8533171936295787e-09,0.4840000000000045
0.1,0.3,10.04340277777778,0.78048731899834,0.231930171123688,0.0101213690489003,0.1016459861207115,0.013190235691071948,0.0084001139486261,0.11871212121964744,2.847354685364678e-09,0.4839999999999594
0.1,0.3,10.17361111111111,0.7854832659339883,0.2307011050476635,0.0102902531432148,0.1017529492774525,0.013274667194284405,0.0085090177595417,0.1194720047485596,2.829283474170552e-09,0.4840000000000032
0.1,0.3,10.390625,0.7938098441600491,0.2286526615874598,0.0105717266337893,0.1019312212053542,0.01341538636630483,0.0086905241110678,0.12073847729674346,2.7992805851084768e-09,0.4839999999999617
0.1,0.3,10.694444444444445,0.8031743194672732,0.226256557774364,0.0109555693416216,0.1021067771032686,0.01357364599899692,0.0089446330032042,0.12216281399097227,2.787572450646536e-09,0.4840000000000466
0.1,0.3,11.085069444444445,0.8114551511610536,0.2241405471128282,0.0114439941122917,0.1020081909257696,0.013713592054621807,0.0092713444359512,0.1234223284915962,2.8669413509874175e-09,0.4839999999999252
0.1,0.3,11.5625,0.8215761676756993,0.2215543118599309,0.0120409577210173,0.1018876967088302,0.01388463723371932,0.0096706584093085,0.12496173510347378,2.9637200471555047e-09,0.4840000000000044
0.1,0.3,12.12673611111111,0.8326013577152827,0.220074902104766,0.0128211264182666,0.1002517642090855,0.014070962945388277,0.0101425749232763,0.12663866650849442,2.8907228832864007e-09,0.4839999999999865
0.1,0.3,12.77777777777778,0.8446496738300431,0.2194969534094376,0.0137792484265911,0.0972909066370967,0.014274579487727729,0.0106870939778544,0.12847121538954956,2.6717429379985447e-09,0.4839999999999957
0.1,0.3,13.515625,0.8583044320934344,0.2188419448880612,0.0148651200360257,0.0939352680555079,0.014505344902379043,0.011304215573043,0.13054810412141135,2.423571787701917e-09,0.4840000000000006
0.1,0.3,14.340277777777777,0.8718435068314658,0.2138047804747015,0.0158469097319862,0.0950128150393251,0.014734155265451774,0.0119939397088421,0.13260739738906593,2.3906273627360974e-09,0.484000000000001
0.1,0.3,15.25173611111111,0.8859513237990091,0.2080850748737911,0.01691097550005,0.0963891568921911,0.014972577372203255,0.0128890166508854,0.13475319634982924,2.3610499111370586e-09,0.4839999999999979
0.1,0.3,16.25,0.8995456856349554,0.2021312242158783,0.0180607986077378,0.0975743950362687,0.015202322087230748,0.0142103589096218,0.13682089878507667,2.3581859798227356e-09,0.4839999999999931
0.1,0.3,17.335069444444443,0.9111803587925208,0.2002094678100114,0.0191113038180444,0.0954513488220775,0.015398948063593605,0.0152383965882957,0.1385905325723424,2.3256350178968432e-09,0.4840000000000004
0.1,0.3,18.506944444444443,0.92307609439247,0.2005004751486508,0.0201278223365252,0.0912751995045161,0.015599985995232744,0.0160966407707637,0.14039987395709466,2.287216749330412e-09,0.4839999999999911
0.1,0.3,19.765625,0.9357625868132065,0.2011414431151783,0.0212032220088477,0.086528076594817,0.01581438771714319,0.016983378862412,0.14232948945428872,2.247313002357032e-09,0.483999999999992
0.1,0.3,21.11111111111111,0.9493240097457168,0.2018266157690562,0.0223527871758133,0.0814535658982439,0.016043575764702618,0.0179312713052086,0.1443921818823235,2.204651849968542e-09,0.4839999999999977
0.1,0.3,22.54340277777778,0.9637603631900086,0.2025559931102763,0.0235765178374216,0.0760516674147935,0.01628755013791115,0.0189403180991533,0.14658795124120025,2.1592438947948267e-09,0.4839999999999985
0.1,0.3,24.0625,0.9786368432688832,0.2031406366725197,0.0248845547238935,0.0704597557071835,0.01653896265124413,0.0201254242572096,0.14885066386119708,2.1267525518453567e-09,0.4840000000000071
0.1,0.3,25.66840277777778,0.9873542964991984,0.2046081223510979,0.0262130539804652,0.0648473745306072,0.016686287610836455,0.0214685712585025,0.15017658849752805,1.7709627098128067e-09,0.4839999999999991
0.1,0.3,27.361111111111107,0.9937802319574291,0.2083244373826624,0.027596765331661,0.057245616129495,0.016794885920080556,0.0228843208004057,0.15115397328072494,1.1549703970992198e-09,0.4839999999999959
0.1,0.3,29.140625,0.9999554279967888,0.212590142294553,0.0290583946140797,0.0489863223593531,0.01689924673314573,0.0243726728829195,0.1520932205983116,5.176373218951369e-10,0.4839999999999979
0.1,0.3,31.006944444444443,0.9999658369995768,0.2127487000758168,0.0291003204657767,0.0487547026836043,0.016899422645292848,0.0244020498143781,0.15209480380763565,5.074954900763373e-10,0.484
0.1,0.3,32.96006944444444,0.9999658369995704,0.2127487000758158,0.0291003204657551,0.0487547026836042,0.016899422645292744,0.0244020498143781,0.15209480380763465,5.075193598713668e-10,0.4839999999999759
0.1,0.3,35.0,0.9999658369995724,0.2127487000758221,0.0291003204657768,0.0487547026836052,0.016899422645292775,0.0244020498143782,0.1520948038076349,5.074899944723654e-10,0.4840000000000054
0.1,0.25,0.2,,0.0,0.0,0.0,,0.0,,0.484,0.0
0.1,0.25,0.8857142857142859,0.0540126410149903,0.0868943763605186,0.0006078324912931,0.0152092801905799,0.0009128136331533362,0.0007407948372227,0.008215322698379964,0.37141957978885237,0.1125804206942484
0.1,0.25,1.5714285714285716,0.1163859611060101,0.1553753258788,0.0013097520758331,0.0223844903280181,0.001966922742691571,0.0013143134208789,0.01770230468422413,0.2839468908695542,0.2000531098271358
0.1,0.25,2.2571428571428576,0.1784809473929613,0.2104031718020119,0.0020085394245417,0.0296667745000822,0.0030163280109410467,0.0018878320045352,0.027146952098469356,0.20987040215941855,0.2741295987527344
0.1,0.25,2.9428571428571435,0.24056502595951,0.2646881216723955,0.0027072040229691,0.036953254833788,0.004065548938715719,0.0024613505881915,0.03658994044844148,0.13653457949549863,0.3474654216303735
0.1,0.25,3.6285714285714294,0.3026491045260768,0.3189742916817381,0.0034058686213422,0.0442397351674896,0.0051147698664906985,0.0030348691718478,0.0460329287984162,0.06319753669267547,0.4208024646487076
0.1,0.25,4.314285714285715,0.3646148279272221,0.3630967571515854,0.004103201307263,0.0515717463166822,0.006161990591970055,0.0036083877555041,0.05545791532773044,1.5492648275383658e-09,0.4840000000002222
0.1,0.25,5.000000000000001,0.425845785469122,0.3438714695777541,0.0047922652887229,0.0591864193053852,0.007196793774428162,0.0041819063391604,0.06477114396985344,1.7446957767397464e-09,0.4840000000002525
0.1,0.25,5.685714285714287,0.485375761558339,0.3247887345404195,0.0054621872364924,0.0669651475947127,0.00820285037033593,0.0047554249228167,0.07382565333302338,2.002199406270222e-09,0.4839999999999794
0.1,0.25,6.371428571428573,0.5441555479730884,0.3057552246243955,0.0061236669075981,0.0748298750663011,0.009196228760745195,0.005328943506473,0.08276605884670671,2.287780409560014e-09,0.4839999999999362
0.1,0.25,7.057142857142859,0.6029100026330139,0.286722128220771,0.0067848615072217,0.0826987551665143,0.010189179044497936,0.0059024620901293,0.09170261140048136,2.570384405320425e-09,0.4840000000000152
0.1,0.25,7.742857142857145,0.659754820982248,0.2676081506789567,0.0074245659709365,0.0909927351149307,0.011149856474599993,0.0064759806737856,0.1003487082713999,2.8153905873296026e-09,0.4839999999999808
0.1,0.25,8.428571428571429,0.6979708129142224,0.2568386388046926,0.0069270330613724,0.0952277586370571,0.01179570673825036,0.0070494992574419,0.10616136064425313,2.856932523886968e-09,0.4840000000000024
0.1,0.25,9.114285714285716,0.7156852527000324,0.2541442727291431,0.0078626121288821,0.0934192869244807,0.012095080770630548,0.0076230178410981,0.10885572693567484,2.670090593070995e-09,0.4840000000000082
0.1,0.25,9.8,0.7332440560806913,0.251473578933021,0.0087727643273428,0.0916388723595971,0.012391824547763684,0.0081965364247544,0.11152642092987311,2.4776478646515443e-09,0.4839999999999958
0.1,0.25,10.0,0.7376746968154413,0.25079967846,0.0089309501816604,0.0912385325203126,0.01246670237618096,0.0083638126783209,0.11220032138562855,2.3978965479898307e-09,0.4839999999999853
0.1,0.25,10.04340277777778,0.7386356111573059,0.2506535233848831,0.0089652723219311,0.0911516696784183,0.012482941828558471,0.0084001139486261,0.11234647645702624,2.380556640702025e-09,0.4840000000000117
0.1,0.25,10.17361111111111,0.7415183541828892,0.2502150581594393,0.0090682387427424,0.0908910811527362,0.01253166018569083,0.0085090177595417,0.11278494167121747,2.328632064951819e-09,0.4839999999999961
0.1,0.25,10.390625,0.7463229258921886,0.2494842827837113,0.0092398494440944,0.090456766943266,0.012612857447577988,0.0086905241110678,0.1135157170282018,2.2420806877754274e-09,0.4839999999999798
0.1,0.25,10.694444444444445,0.7530493262852103,0.248461197257753,0.0094801044259877,0.0898487270500076,0.012726533614220055,0.0089446330032042,0.11453880252798046,2.120846942510468e-09,0.4840000000000196
0.1,0.25,11.085069444444445,0.7613349386333449,0.2472009556402811,0.0099348173136731,0.088927275939765,0.012866560462903529,0.0092713444359512,0.11579904416613167,2.0412944112813136e-09,0.4840000000001941
0.1,0.25,11.5625,0.771404854330422,0.2456693214968048,0.0105134754816902,0.087779122274548,0.013036742038184135,0.0096706584093085,0.11733067834365715,1.9558072938963278e-09,0.4840000000006682
0.1,0.25,12.12673611111111,0.7833056637905932,0.2438592084166966,0.0111973442256311,0.0864222133975528,0.013237865718061027,0.0101425749232763,0.11914079146254918,1.8562330006410832e-09,0.4839999999997734
0.1,0.25,12.77777777777778,0.7970373670138864,0.2417706164019079,0.011986423545599,0.084856549308676,0.013469931502534683,0.0106870939778544,0.12122938352281211,1.7406159291688539e-09,0.4839999999994626
0.1,0.25,13.515625,0.8125999640002869,0.2394035454532373,0.0128807134416391,0.0830821300078722,0.013732939391604849,0.011304215573043,0.12359645452444355,1.6081599385486811e-09,0.4840000000005354
0.1,0.25,14.340277777777777,0.8299934547497795,0.2367579955680715,0.013880213913615,0.0810989554952785,0.014026889385271274,0.0119939397088421,0.12624200446744144,1.4614801036039182e-09,0.4840000000003749
0.1,0.25,15.25173611111111,0.8471207072945341,0.2341529404338002,0.0146795430179755,0.0792478491955825,0.01431633995327763,0.0127562663852515,0.12884705957949866,1.4346139831644678e-09,0.4839999999996932
0.1,0.25,16.25,0.8648031028983236,0.2314634480189637,0.0162174725911107,0.0765761580094705,0.01461517243898167,0.0135911956022714,0.13153655195083502,1.388366976939892e-09,0.4839999999994196
0.1,0.25,17.335069444444443,0.8814742365155567,0.2289277685691617,0.0172693702708071,0.0743349862313975,0.01489691459711291,0.0144987273599017,0.1340722313740162,1.5976028833186717e-09,0.4839999999999977
0.1,0.25,18.506944444444443,0.8989732437915084,0.2262661695605755,0.0182705256798588,0.0720579628903971,0.015192647820076495,0.0154788616581424,0.13673383038068843,2.0102612907635375e-09,0.4839999999999975
0.1,0.25,19.765625,0.9140332400012464,0.2239755441380179,0.0194649728292075,0.0695562649686556,0.015447161756021066,0.0165315984969936,0.13902445580418954,2.006914801011561e-09,0.4840000000000137
0.1,0.25,21.11111111111111,0.9289847107592188,0.2217014254318045,0.0207689410113975,0.0668742776875129,0.0156998416118308,0.0176569378764552,0.1412985745064772,1.874521871059187e-09,0.4840000000000045
0.1,0.25,22.54340277777778,0.9449007925338349,0.2192805893897119,0.0221570361730832,0.0640192589688775,0.015968823393821812,0.0188548797965272,0.1437194105443962,1.7335821111963412e-09,0.4839999999999992
0.1,0.25,24.0625,0.9617814853250956,0.2167130360117444,0.0236292583142655,0.0609912088127484,0.01625410710199412,0.0201254242572096,0.146286963917947,1.5840910250197737e-09,0.4840000000000044
0.1,0.25,25.66840277777778,0.979477053073973,0.21402154014055,0.0256919484498761,0.0572863167941866,0.016553162196950143,0.0214685712585025,0.14897845977255128,1.3873834303623767e-09,0.4840000000000069
0.1,0.25,27.361111111111107,0.9929856683848924,0.2119668797163285,0.0275922941764881,0.0537419262905105,0.016781457795704682,0.0228843208004057,0.15103312016134213,1.059220378074599e-09,0.484000000000002
0.1,0.25,29.140625,0.9999554279967836,0.2125901422945504,0.0290583946140798,0.0489863223593526,0.016899246733145645,0.0243726728829195,0.15209322059831076,5.176412631868743e-10,0.4839999999999937
0.1,0.25,31.006944444444443,0.9999658369995688,0.2127487000758192,0.0291003204657766,0.0487547026836038,0.016899422645292716,0.0244020498143781,0.1520948038076344,5.074951570094299e-10,0.4840000000000006
0.1,0.25,32.96006944444444,0.999965836999572,0.2127487000758257,0.0291003204657768,0.048754702683606,0.016899422645292768,0.0244020498143782,0.15209480380763493,5.074856090914182e-10,0.4840000000000098
0.1,0.25,35.0,0.999965836999582,0.2127487000758222,0.0291003204657768,0.0487547026836061,0.016899422645292938,0.0244020498143782,0.15209480380763638,5.074873854482576e-10,0.4840000000000082
0.1,0.2,0.2,,0.0,0.0,0.0,,0.0,,0.484,0.0
0.1,0.2,0.8857142857142859,0.0540126410149903,0.0868943763605186,0.0006078324912931,0.0152092801905799,0.0009128136331533362,0.0007407948372227,0.008215322698379964,0.37141957978885237,0.1125804206942484
0.1,0.2,1.5714285714285716,0.1163859611060101,0.1553753258788,0.0013097520758331,0.0223844903280181,0.001966922742691571,0.0013143134208789,0.01770230468422413,0.2839468908695542,0.2000531098271358
0.1,0.2,2.2571428571428576,0.1784809473929613,0.2104031718020119,0.0020085394245417,0.0296667745000822,0.0030163280109410467,0.0018878320045352,0.027146952098469356,0.20987040215941855,0.2741295987527344
0.1,0.2,2.9428571428571435,0.24056502595951,0.2646881216723955,0.0027072040229691,0.036953254833788,0.004065548938715719,0.0024613505881915,0.03658994044844148,0.13653457949549863,0.3474654216303735
0.1,0.2,3.6285714285714294,0.3026491045260768,0.3189742916817381,0.0034058686213422,0.0442397351674896,0.0051147698664906985,0.0030348691718478,0.0460329287984162,0.06319753669267547,0.4208024646487076
0.1,0.2,4.314285714285715,0.3646148279272221,0.3630967571515854,0.004103201307263,0.0515717463166822,0.006161990591970055,0.0036083877555041,0.05545791532773044,1.5492648275383658e-09,0.4840000000002222
0.1,0.2,5.000000000000001,0.425845785469122,0.3438714695777541,0.0047922652887229,0.0591864193053852,0.007196793774428162,0.0041819063391604,0.06477114396985344,1.7446957767397464e-09,0.4840000000002525
0.1,0.2,5.685714285714287,0.485375761558339,0.3247887345404195,0.0054621872364924,0.0669651475947127,0.00820285037033593,0.0047554249228167,0.07382565333302338,2.002199406270222e-09,0.4839999999999794
0.1,0.2,6.371428571428573,0.544155547973086,0.3057552246243312,0.006123666907598,0.0748298750663017,0.009196228760745153,0.005328943506473,0.08276605884670635,2.287844524939686e-09,0.483999999999872
0.1,0.2,7.057142857142859,0.5710326075861002,0.3003459400359016,0.005862372429014,0.0753847125368487,0.009650451068205095,0.0059024620901293,0.0868540596138458,2.226055506593383e-09,0.4839999999999663
0.1,0.2,7.742857142857145,0.5895770020683724,0.2975253378286253,0.0067868519055581,0.0735733141892899,0.009963851334955495,0.0064759806737856,0.08967466201459941,2.0531862321426786e-09,0.4839999999999903
0.1,0.2,8.428571428571429,0.6067862046658999,0.2949078180867854,0.0074119861171756,0.0720838261263531,0.01025468685885371,0.0070494992574419,0.09229218172968338,1.8237068521997912e-09,0.4839999999999891
0.1,0.2,9.114285714285716,0.6239841685341438,0.2922920077560074,0.0080378410292107,0.0705938072968532,0.010545332448227033,0.0076230178410981,0.09490799203404326,1.5945603171196865e-09,0.4839999999999703
0.1,0.2,9.8,0.6406369041671182,0.2897591266266449,0.0087760955237605,0.0690006032679802,0.010826763680424298,0.0081965364247544,0.09744087312381859,1.3526171294131473e-09,0.4839999999999715
0.1,0.2,10.0,0.6451202321297621,0.2890772124263857,0.0089348457884859,0.0685988086036904,0.01090253192299298,0.0083638126783209,0.09812278730693683,1.2731872223170626e-09,0.4840000000000003
0.1,0.2,10.04340277777778,0.6460931765660946,0.2889292275738763,0.0089692968007961,0.0685116135810581,0.010918974683966999,0.0084001139486261,0.0982707721557029,1.2559734363648545e-09,0.483999999999984
0.1,0.2,10.17361111111111,0.6490120098751084,0.2884852730164214,0.0090726498377266,0.0682500285131612,0.010968302966889333,0.0085090177595417,0.09871472670200397,1.2042557506752871e-09,0.4840000000000075
0.1,0.2,10.390625,0.6538767320567936,0.2877453487539974,0.0092449048992776,0.0678140533999996,0.011050516771759814,0.0086905241110678,0.09945465094583827,1.118059478333322e-09,0.4840000000000488
0.1,0.2,10.694444444444445,0.6606873431111434,0.2867094547864616,0.0094860619854489,0.0672036882415736,0.011165616098578324,0.0089446330032042,0.10049054488720487,9.975285042429505e-10,0.4839999999999631
0.1,0.2,11.085069444444445,0.6692807000066735,0.2854024051895412,0.0098517436334205,0.0663660675680666,0.011310843830112783,0.0092713444359512,0.10179759447101501,8.718927801965037e-10,0.4839999999996502
0.1,0.2,11.5625,0.6793972463364374,0.2838636785269832,0.0104304438829211,0.0652170837636875,0.011481813463085792,0.0096706584093085,0.10333632116777211,7.862418494042345e-10,0.4840000000003655
0.1,0.2,12.12673611111111,0.6913531647261411,0.282045183378803,0.0111143623595326,0.0638591938131292,0.011683868483871785,0.0101425749232763,0.10515481635484601,6.865410462353339e-10,0.4839999999996897
0.1,0.2,12.77777777777778,0.7051484551758084,0.2799469197473908,0.0119034990633685,0.0622923977162773,0.011917008892471163,0.0106870939778544,0.10725308003224045,5.703973959825248e-10,0.4840000000000134
0.1,0.2,13.515625,0.7206766419065062,0.2775850825928427,0.0127800668574402,0.06053628204814,0.012179435248219956,0.011304215573043,0.10961491723397954,4.4633458040621576e-10,0.4839999999998541
0.1,0.2,14.340277777777777,0.7362037377901225,0.2752234112856878,0.013493619176412,0.0588705977155567,0.012441843168653072,0.0119939397088421,0.11197658851787763,4.2697068103336733e-10,0.4839999999997299
0.1,0.2,15.25173611111111,0.7533652648193758,0.2726131429989488,0.0142822822658142,0.0570295781900577,0.012731872975447454,0.0127562663852515,0.11458685677902705,4.0545322654850224e-10,0.483999999999708
0.1,0.2,16.25,0.7721451554059053,0.2697567216119552,0.0151461534633988,0.0550133976761476,0.013049253126359801,0.0135911956022714,0.1174432781372382,3.826289840525021e-10,0.4839999999988638
0.1,0.2,17.335069444444443,0.7925318371509052,0.2666559072892707,0.0160853028751511,0.0528221816413902,0.0133937880478503,0.0144987273599017,0.1205440924306527,3.5578329171670475e-10,0.4839999999998541
0.1,0.2,18.506944444444443,0.8144700564252495,0.2633191041051402,0.0171000652286421,0.0504565291445923,0.013764543953586717,0.0154788616581424,0.1238808955822804,3.2761587887009114e-10,0.483999999999711
0.1,0.2,19.765625,0.8377557670300727,0.2597773474965477,0.018015906360534,0.048094422697956,0.01415807246280823,0.0165315984969936,0.12742265216527407,3.1988645066149957e-10,0.4840000000000418
0.1,0.2,21.11111111111111,0.8622743872688854,0.2560480653259167,0.0191718114603311,0.0453988135371967,0.014572437144844165,0.0176569378764552,0.13115193430359745,3.516586466467686e-10,0.4840000000000396
0.1,0.2,22.54340277777778,0.8882882484249445,0.2520913570534738,0.0204287201100879,0.0425043287143986,0.015012071398381564,0.0188548797965272,0.13510864258543404,3.4169689300256323e-10,0.4840000000000358
0.1,0.2,24.0625,0.9042354813596408,0.2496657828640696,0.0220853960781111,0.0393076000494447,0.015281579634977933,0.0201254242572096,0.13753421671480137,4.0138564694203183e-10,0.4840000000000478
0.1,0.2,25.66840277777778,0.9210455930065462,0.2471089648197648,0.0236686969893454,0.0360970612504519,0.015565670521810633,0.0214685712585025,0.14009103469629566,4.6382908625020036e-10,0.4839999999999717
0.1,0.2,27.361111111111107,0.9375434562364556,0.2445996397564093,0.025999007510752,0.0320721872989168,0.0158444844103961,0.0228843208004057,0.1426003596935649,5.295551774864293e-10,0.4840000000000255
0.1,0.2,29.140625,0.9507150820438636,0.2425962355844735,0.027036416725811,0.0293238255254865,0.016067084886541294,0.0243726728829195,0.14460376397887162,4.158965394296388e-10,0.4840000000000176
0.1,0.2,31.006944444444443,0.9614855526661298,0.2409580472089502,0.0271625048184834,0.0274547618564088,0.016249105840057596,0.0259336275060436,0.1462419525605183,2.0953805357493138e-10,0.4840000000000156
0.1,0.2,32.96006944444444,0.970578412326458,0.2395750233753707,0.0275463190784666,0.0252837211040532,0.016402775168317143,0.0275671846697781,0.14762497651485426,8.9160012706202e-11,0.4840000000000021
0.1,0.2,35.0,0.9718084705833928,0.2393879315230897,0.0276807040193452,0.0247896564415156,0.01642356315285934,0.0279060764069211,0.14781206837573407,8.053496758364531e-11,0.4839999999999982
0.1,0.15,0.2,,0.0,0.0,0.0,,0.0,,0.484,0.0
0.1,0.15,0.8857142857142859,0.0540126410149903,0.0868943763605186,0.0006078324912931,0.0152092801905799,0.0009128136331533362,0.0007407948372227,0.008215322698379964,0.37141957978885237,0.1125804206942484
0.1,0.15,1.5714285714285716,0.1163859611060101,0.1553753258788,0.0013097520758331,0.0223844903280181,0.001966922742691571,0.0013143134208789,0.01770230468422413,0.2839468908695542,0.2000531098271358
0.1,0.15,2.2571428571428576,0.1784809473929613,0.2104031718020119,0.0020085394245417,0.0296667745000822,0.0030163280109410467,0.0018878320045352,0.027146952098469356,0.20987040215941855,0.2741295987527344
0.1,0.15,2.9428571428571435,0.24056502595951,0.2646881216723955,0.0027072040229691,0.036953254833788,0.004065548938715719,0.0024613505881915,0.03658994044844148,0.13653457949549863,0.3474654216303735
0.1,0.15,3.6285714285714294,0.3026491045260768,0.3189742916817381,0.0034058686213422,0.0442397351674896,0.0051147698664906985,0.0030348691718478,0.0460329287984162,0.06319753669267547,0.4208024646487076
0.1,0.15,4.314285714285715,0.3646148279272244,0.3630967571514036,0.0041032013072629,0.051571746316683,0.006161990591970093,0.0036083877555041,0.05545791532773081,1.5494455163356236e-09,0.4840000000000415
0.1,0.15,5.000000000000001,0.417166773978404,0.3479489333536157,0.0037104880843978,0.0576574858088426,0.007050118480235028,0.0041819063391604,0.06345106632211517,1.6116333267923721e-09,0.4840000000000364
0.1,0.15,5.685714285714287,0.4344732487597911,0.3453166184864099,0.0044405766035529,0.0560613995814389,0.00734259790404047,0.0047554249228167,0.06608338113636422,1.3653769226351642e-09,0.4840000000000091
0.1,0.15,6.371428571428573,0.4516837116555597,0.3426989070530567,0.0050656299966507,0.0545719710380566,0.00763345472697896,0.005328943506473,0.06870109254281064,1.1359733154137075e-09,0.4839999999998979
0.1,0.15,7.057142857142859,0.4688941745513323,0.340081195619963,0.0056906833897476,0.0530825424946753,0.007924311549917516,0.0059024620901293,0.07131880394925759,9.063096939598836e-10,0.4840000000000471
0.1,0.15,7.742857142857145,0.4861046374471063,0.3374634841866553,0.006315736782845,0.0515931139512933,0.008215168372856097,0.0064759806737856,0.0739365153557048,6.768599569717537e-10,0.4839999999999825
0.1,0.15,8.428571428571429,0.5033020123317394,0.3348477634429529,0.0069259736947725,0.0501187230704547,0.008505804008406398,0.0070494992574419,0.0765522360756575,4.5031400830453094e-10,0.4840000000000316
0.1,0.15,9.114285714285716,0.519942230348941,0.3323167863862321,0.006905472739074,0.0492844857522426,0.008787023692897104,0.0076230178410981,0.0790832132360739,3.5238223450306805e-10,0.4839999999999229
0.1,0.15,9.8,0.5355230074151652,0.3299469502852653,0.007438658867421,0.0479144659019949,0.009050338825316293,0.0081965364247544,0.0814530494278466,2.67401545350765e-10,0.4840000000000002
0.1,0.15,10.0,0.5398285429543225,0.3292920783532473,0.0077221202951614,0.0473909646683639,0.009123102375928052,0.0083638126783209,0.08210792138335245,2.4562596401267456e-10,0.484000000000076
0.1,0.15,10.04340277777778,0.5407629039654216,0.329149962048483,0.0077836353619464,0.0472773576298145,0.009138893077015625,0.0084001139486261,0.08225003769314057,2.4097379647258776e-10,0.4840000000000186
0.1,0.15,10.17361111111111,0.5435659869987328,0.3287236131343299,0.0079681805622996,0.0469365365141678,0.009186265180278586,0.0085090177595417,0.08267638662250722,2.2687518530517536e-10,0.4839999999999894
0.1,0.15,10.390625,0.5482377920542366,0.3280130316106939,0.0082757558962222,0.046368501321423,0.009265218685716598,0.0086905241110678,0.0833869681714493,2.034271640027896e-10,0.483999999999891
0.1,0.15,10.694444444444445,0.5547425856707756,0.3270236525322199,0.0086960074225747,0.0455842098884973,0.00937514969783611,0.0089446330032042,0.0843763472805249,1.7514290018283418e-10,0.4839999999999768
0.1,0.15,11.085069444444445,0.5626978098135528,0.3258136629955154,0.0091241726178205,0.0446948899726654,0.009509592985849044,0.0092713444359512,0.08558633687264136,1.1955714196432154e-10,0.4840000000000268
0.1,0.15,11.5625,0.5724173338730562,0.3243353234761063,0.0096483476847902,0.043607140975945,0.009673852942454651,0.0096706584093085,0.08706467648209185,2.930355957886377e-11,0.4840000000000472
0.1,0.15,12.12673611111111,0.5839040441251954,0.3225881949531332,0.0102678273093914,0.0423216194343656,0.009867978345715803,0.0101425749232763,0.0888118051114422,0.0,0.4840000000000367
0.1,0.15,12.77777777777778,0.5971005307516556,0.3205810094404681,0.0109743091450267,0.0408475979204531,0.010090998969702981,0.0106870939778544,0.09081899072732683,0.0,0.4840000000000424
0.1,0.15,13.515625,0.6116996745975966,0.3183604796567781,0.0117215814969307,0.0392364784426829,0.010337724500699384,0.011304215573043,0.09303952050629441,0.0,0.4839999999998954
0.1,0.15,14.340277777777777,0.6280163647783612,0.3158787110753557,0.0125567682431713,0.0374358154969446,0.010613476564754306,0.0119939397088421,0.09552128908278869,0.0,0.4840000000000808
0.1,0.15,15.25173611111111,0.6460506012939377,0.3131357036956588,0.0134798693837563,0.0354456090832306,0.010918255161867549,0.0127562663852515,0.09826429645680786,0.0,0.4840000000000555
0.1,0.15,16.25,0.6658023841443282,0.3101314575178362,0.0144908849186837,0.033265859201543,0.01125206029203915,0.0135911956022714,0.10126854262835225,0.0,0.4839999999999662
0.1,0.15,17.335069444444443,0.6866459201786076,0.3069611554672504,0.0154963606926378,0.0310005959114345,0.01160431605101847,0.0144987273599017,0.10443884445916612,5.859096541271924e-11,0.4840000000000548
0.1,0.15,18.506944444444443,0.7082288103204205,0.3036783977356699,0.0164972806400049,0.0286547908229012,0.011969066894415108,0.0154788616581424,0.10772160204973588,1.9913060089749024e-10,0.4839999999999691
0.1,0.15,19.765625,0.7311877467218718,0.3001863436383434,0.0175848932155757,0.0261264353837961,0.012357072919599636,0.0165315984969936,0.11121365627639668,6.92948476377353e-11,0.4840000000000273
0.1,0.15,21.11111111111111,0.755730058047558,0.2964534582238259,0.018747513554979,0.0234237106040629,0.01277183798100373,0.0176569378764552,0.11494654182903358,0.0,0.4839999999999551
0.1,0.15,22.54340277777778,0.7780188510842203,0.2930633328785441,0.0202037607199341,0.0203928409172029,0.013148518583323325,0.0188548797965272,0.11833666724990988,0.0,0.4839999999999966
0.1,0.15,24.0625,0.7940023384238691,0.290632244394374,0.0217010479246121,0.0173548883161514,0.01341863951936339,0.0201254242572096,0.1207677556742705,0.0,0.4839999999999651
0.1,0.15,25.66840277777778,0.8108991678972167,0.2880622365682825,0.0232838943981285,0.0141433384236115,0.013704195937462964,0.0214685712585025,0.12333776343716663,0.0,0.483999999999964
0.1,0.15,27.361111111111107,0.8253833159012748,0.2858591976373535,0.0232158757972228,0.0125508253816616,0.013948978038731545,0.0228843208004057,0.12554080234858386,0.0,0.4839999999998902
0.1,0.15,29.140625,0.8395015117264972,0.2837118200459284,0.0228507239642238,0.0111890276230089,0.014187575548177806,0.0243726728829195,0.12768817993360018,2.1415091921994645e-12,0.4839999999999448
0.1,0.15,31.006944444444443,0.8542467885002463,0.2814690634422948,0.022468746533569,0.0097608552533852,0.014436770725654163,0.0259336275060436,0.12993093653088744,8.165801368420489e-12,0.4840000000000624
0.1,0.15,32.96006944444444,0.8696778921006667,0.2791219925778765,0.0220690027107912,0.0082662562619183,0.01469755637650127,0.0275671846697781,0.13227800738851142,1.4623191546547787e-11,0.4840000000000336
0.1,0.15,35.0,0.8849514171534298,0.2767988895322122,0.0230510851979449,0.0053198914973613,0.014955678949892965,0.0292733443741231,0.13460111054903662,0.0,0.4840000000000117
0.2,1.0,0.2,,0.0,0.0,0.0,,0.0,,0.484,0.0
0.2,1.0,0.8857142857142859,0.0540126410149903,0.0868943763605186,0.0006078324912931,0.0152092801905799,0.0018256272663066725,0.0007407948372227,0.007302509065226627,0.37141957978885237,0.1125804206942484
0.2,1.0,1.5714285714285716,0.1163859611060101,0.1553753258788,0.0013097520758331,0.0223844903280181,0.003933845485383142,0.0013143134208789,0.01573538194153256,0.28394689086955416,0.2000531098271358
0.2,1.0,2.2571428571428576,0.1784809473929613,0.2104031718020119,0.0020085394245417,0.0296667745000822,0.006032656021882093,0.0018878320045352,0.024130624087528307,0.20987040215941855,0.2741295987527344
0.2,1.0,2.9428571428571435,0.24056502595951,0.2646881216723955,0.0027072040229691,0.036953254833788,0.008131097877431439,0.0024613505881915,0.03252439150972576,0.1365345794954987,0.3474654216303735
0.2,1.0,3.6285714285714294,0.3026491045260768,0.3189742916817381,0.0034058686213422,0.0442397351674896,0.010229539732981397,0.0030348691718478,0.040918158931925505,0.06319753669267542,0.4208024646487076
0.2,1.0,4.314285714285715,0.3646148279272244,0.3630967571514036,0.0041032013072629,0.051571746316683,0.012323981183940185,0.0036083877555041,0.049295924735760714,1.5494455163356236e-09,0.4840000000000415
0.2,1.0,5.000000000000001,0.425845785469117,0.3438714695766899,0.0047922652887227,0.0591864193053899,0.014393587548856154,0.0041819063391604,0.05757435019542455,1.7457563727951708e-09,0.4839999999991919
0.2,1.0,5.685714285714287,0.4853757615583393,0.3247887345405192,0.0054621872364924,0.0669651475947118,0.01640570074067187,0.0047554249228167,0.06562280296268744,2.0021005964210303e-09,0.4840000000000777
0.2,1.0,6.371428571428573,0.5441555479730927,0.3057552246245468,0.0061236669075982,0.0748298750662998,0.018392457521490536,0.005328943506473,0.07356983008596207,2.2876295857621187e-09,0.4840000000000866
0.2,1.0,7.057142857142859,0.6029100026330138,0.2867221282207716,0.0067848615072216,0.0826987551665141,0.020378358088995865,0.0059024620901293,0.08151343235598343,2.570384127764669e-09,0.4840000000000155
0.2,1.0,7.742857142857145,0.659754820982248,0.267608150678937,0.0074245659709365,0.0909927351149312,0.022299712949199985,0.0064759806737856,0.08919885179679991,2.8154097941879286e-09,0.4839999999999612
0.2,1.0,8.428571428571429,0.715609859312608,0.2484379160642765,0.0080531319225662,0.0995213835001732,0.024187613244766152,0.0070494992574419,0.09675045297906455,3.03171149296233e-09,0.4840000000000068
0.2,1.0,9.114285714285716,0.7448381448834772,0.2407003184268974,0.0089162764885259,0.1008827377820768,0.025175529297061534,0.0076230178410981,0.10070211718824608,2.976094204409918e-09,0.4839999999998526
0.2,1.0,9.8,0.7711482288599804,0.2342277053086153,0.009805668381902,0.1014460363263769,0.02606481013546734,0.0081965364247544,0.10425924054186926,2.881014815603322e-09,0.4839999999999969
0.2,1.0,10.0,0.7788220033531257,0.2323398598157091,0.0100650743507836,0.1016103317351312,0.02632418371333565,0.0083638126783209,0.10529673485334257,2.8533769236283035e-09,0.4839999999999453
0.2,1.0,10.04340277777778,0.7804873189983431,0.2319301711237626,0.0101213690489003,0.1016459861207114,0.026380471382144,0.0084001139486261,0.105521885528576,2.847279578777062e-09,0.4840000000000342
0.2,1.0,10.17361111111111,0.7854832659339821,0.2307011050476146,0.0102902531431999,0.1017529492774525,0.026549334388568598,0.0085090177595417,0.1061973375542743,2.8293483667063413e-09,0.4839999999999389
0.2,1.0,10.390625,0.7938098441600495,0.2286526615874667,0.0105717266337894,0.1019312212053542,0.026830772732609677,0.0086905241110678,0.10732309093043862,2.7992735907034216e-09,0.4839999999999687
0.2,1.0,10.694444444444445,0.8031743194672611,0.2262565577743421,0.0109555693416216,0.1021067771032676,0.027147291997993428,0.0089446330032042,0.10858916799197368,2.787597375153439e-09,0.4840000000000215
0.2,1.0,11.085069444444445,0.811455151161066,0.2241405471128633,0.011443994112342,0.1020081909257708,0.027427184109244038,0.0092713444359512,0.10970873643697605,2.8668525886565988e-09,0.4840000000000138
0.2,1.0,11.5625,0.8215761676756977,0.2215543118599229,0.0120409577210173,0.1018876967088299,0.027769274467438588,0.0096706584093085,0.11107709786975432,2.963728484850492e-09,0.4839999999999955
0.2,1.0,12.12673611111111,0.8326013577152881,0.2200749021047669,0.0128211264182666,0.1002517642090864,0.02814192589077674,0.0101425749232763,0.11256770356310686,2.8907201632399904e-09,0.4839999999999895
0.2,1.0,12.77777777777778,0.8446496738300483,0.219496953409438,0.013779248426591,0.0972909066370977,0.028549158975455638,0.0106870939778544,0.11419663590182245,2.671740828574798e-09,0.4839999999999981
0.2,1.0,13.515625,0.8583044320934481,0.2188419448880648,0.0148651200360256,0.0939352680555107,0.02901068980475855,0.011304215573043,0.11604275921903415,2.423563127962325e-09,0.4840000000000091
0.2,1.0,14.340277777777777,0.8718435068314668,0.2138047804747053,0.0158469097319862,0.0950128150393256,0.029468310530903583,0.0119939397088421,0.11787324212361432,2.3906228663328477e-09,0.4840000000000055
0.2,1.0,15.25173611111111,0.8859513237990186,0.2080850748737948,0.01691097550005,0.096389156892192,0.029945154744406833,0.0128890166508854,0.11978061897762728,2.3610436938881207e-09,0.4840000000000041
0.2,1.0,16.25,0.8995456856349614,0.2021312242158854,0.0180607986077375,0.0975743950362698,0.0304046441744617,0.0142103589096217,0.12161857669784679,2.3581770980385386e-09,0.4840000000000016
0.2,1.0,17.335069444444443,0.9112645324835096,0.1999037118694727,0.0191265881588457,0.0956949346273403,0.030800741197942627,0.0152710570302635,0.12320296479177048,2.324364700712067e-09,0.4839999999999946
0.2,1.0,18.506944444444443,0.9230760943924674,0.2005004751486542,0.0201278223365253,0.091275199504517,0.031199971990465404,0.0160966407707637,0.12479988796186162,2.2872127525275232e-09,0.4839999999999951
0.2,1.0,19.765625,0.9357625868132082,0.2011414431151786,0.0212032220088477,0.0865280765948173,0.03162877543428644,0.016983378862412,0.12651510173714575,2.2473121696897636e-09,0.4839999999999929
0.2,1.0,21.11111111111111,0.949324009745727,0.2018266157690655,0.0223527871758135,0.0814535658982486,0.032087151529405576,0.0179312713052087,0.12834860611762222,2.2046359182681385e-09,0.4840000000000137
0.2,1.0,22.54340277777778,0.9637603631900156,0.2025559931102731,0.0235765178374216,0.0760516674147933,0.03257510027582253,0.0189403180991533,0.13030040110329008,2.1592460042185735e-09,0.4839999999999962
0.2,1.0,24.0625,0.9786368432688732,0.203140636672516,0.0248845547238933,0.0704597557071809,0.03307792530248792,0.0201254242572096,0.13231170120995156,2.1267607119845877e-09,0.483999999999999
0.2,1.0,25.66840277777778,0.9873542964991942,0.204608122351098,0.0262130539804653,0.0648473745306072,0.033372575221672765,0.0214685712585025,0.13349030088669106,1.7709632094131678e-09,0.4839999999999981
0.2,1.0,27.361111111111107,0.9937802319574344,0.2083244373826671,0.027596765331661,0.0572456161294972,0.033589771840161285,0.0228843208004057,0.1343590873606451,1.1549626255380474e-09,0.4840000000000036
0.2,1.0,29.140625,0.9999554279967896,0.2125901422945522,0.0290583946140799,0.0489863223593531,0.03379849346629149,0.0243726728829195,0.1351939738651659,5.176379325178004e-10,0.4839999999999972
0.2,1.0,31.006944444444443,0.9999658369995772,0.2127487000758199,0.0291003204657767,0.0487547026836051,0.03379884529058571,0.0244020498143782,0.13519538116234278,5.074916042957511e-10,0.4840000000000038
0.2,1.0,32.96006944444444,0.999965836999574,0.2127487000758189,0.0291003204657767,0.048754702683605,0.033798845290585605,0.0244020498143782,0.1351953811623424,5.074931586079856e-10,0.4840000000000019
0.2,1.0,35.0,0.9999658369995758,0.2127487000758128,0.0291003204657601,0.0487547026836043,0.03379884529058566,0.0244020498143781,0.13519538116234264,5.075163622692003e-10,0.483999999999979
0.2,0.35,0.2,,0.0,0.0,0.0,,0.0,,0.484,0.0
0.2,0.35,0.8857142857142859,0.0540126410149903,0.0868943763605186,0.0006078324912931,0.0152092801905799,0.0018256272663066725,0.0007407948372227,0.007302509065226627,0.37141957978885237,0.1125804206942484
0.2,0.35,1.5714285714285716,0.1163859611060101,0.1553753258788,0.0013097520758331,0.0223844903280181,0.003933845485383142,0.0013143134208789,0.01573538194153256,0.28394689086955416,0.2000531098271358
0.2,0.35,2.2571428571428576,0.1784809473929613,0.2104031718020119,0.0020085394245417,0.0296667745000822,0.006032656021882093,0.0018878320045352,0.024130624087528307,0.20987040215941855,0.2741295987527344
0.2,0.35,2.9428571428571435,0.24056502595951,0.2646881216723955,0.0027072040229691,0.036953254833788,0.008131097877431439,0.0024613505881915,0.03252439150972576,0.1365345794954987,0.3474654216303735
0.2,0.35,3.6285714285714294,0.3026491045260768,0.3189742916817381,0.0034058686213422,0.0442397351674896,0.010229539732981397,0.0030348691718478,0.040918158931925505,0.06319753669267542,0.4208024646487076
0.2,0.35,4.314285714285715,0.3646148279272221,0.3630967571515854,0.004103201307263,0.0515717463166822,0.01232398118394011,0.0036083877555041,0.04929592473576039,1.5492647720272146e-09,0.4840000000002222
0.2,0.35,5.000000000000001,0.425845785469122,0.3438714695777541,0.0047922652887229,0.0591864193053852,0.014393587548856324,0.0041819063391604,0.05757435019542528,1.7446957767397464e-09,0.4840000000002525
0.2,0.35,5.685714285714287,0.485375761558339,0.3247887345404195,0.0054621872364924,0.0669651475947127,0.01640570074067186,0.0047554249228167,0.06562280296268744,2.002199406270222e-09,0.4839999999999794
0.2,0.35,6.371428571428573,0.5441555479730869,0.3057552246242576,0.006123666907598,0.0748298750663024,0.018392457521490338,0.005328943506473,0.07356983008596127,2.287917411081253e-09,0.4839999999997992
0.2,0.35,7.057142857142859,0.6029100026330142,0.2867221282207395,0.0067848615072217,0.0826987551665146,0.020378358088995883,0.0059024620901293,0.08151343235598352,2.5704154915651145e-09,0.4839999999999838
0.2,0.35,7.742857142857145,0.6597548209822476,0.2676081506789551,0.0074245659709365,0.0909927351149308,0.02229971294919997,0.0064759806737856,0.08919885179679983,2.8153922526641395e-09,0.4839999999999788
0.2,0.35,8.428571428571429,0.7156098593126052,0.2484379160643025,0.0080531319225663,0.0995213835001726,0.024187613244766062,0.0070494992574419,0.09675045297906423,3.031686457433125e-09,0.4840000000000319
0.2,0.35,9.114285714285716,0.7448381448834851,0.2407003184270049,0.0089162764885618,0.1008827377820767,0.0251755292970618,0.0076230178410981,0.1007021171882472,2.9759494868386582e-09,0.4839999999999969
0.2,0.35,9.8,0.7711482288599847,0.2342277053085703,0.0098056683819009,0.1014460363263769,0.02606481013546749,0.0081965364247544,0.10425924054186991,2.881060168213878e-09,0.4839999999999517
0.2,0.35,10.0,0.7788220033531268,0.2323398598158162,0.0100650743508381,0.101610331735131,0.026324183713335687,0.0083638126783209,0.10529673485334272,2.8532153861782206e-09,0.4840000000001072
0.2,0.35,10.04340277777778,0.7804873189983447,0.2319301711237692,0.0101213690489003,0.1016459861207114,0.02638047138214405,0.0084001139486261,0.10552188552857614,2.8472727509054607e-09,0.4840000000000413
0.2,0.35,10.17361111111111,0.7854832659339801,0.2307011050476365,0.0102902531431926,0.1017529492774526,0.026549334388568532,0.0085090177595417,0.10619733755427406,2.8293339893181724e-09,0.483999999999953
0.2,0.35,10.390625,0.7938098441600544,0.2286526615874632,0.0105717266337893,0.1019312212053543,0.026830772732609844,0.0086905241110678,0.10732309093043937,2.7992761442163783e-09,0.4839999999999659
0.2,0.35,10.694444444444445,0.8031743194672653,0.226256557774331,0.0109555693416216,0.1021067771032673,0.027147291997993567,0.0089446330032042,0.10858916799197424,2.7876081443167777e-09,0.4840000000000111
0.2,0.35,11.085069444444445,0.811455151161055,0.2241405471128451,0.011443994112342,0.10200819092577,0.027427184109243663,0.0092713444359512,0.10970873643697462,2.8668734053383105e-09,0.4839999999999932
0.2,0.35,11.5625,0.8215761676757007,0.2215543118599331,0.0120409577210173,0.1018876967088303,0.02776927446743869,0.0096706584093085,0.11107709786975473,2.9637173826202456e-09,0.4840000000000067
0.2,0.35,12.12673611111111,0.8326013577152948,0.2200749021047749,0.0128211264182666,0.10025176420909,0.028141925890776964,0.0101425749232763,0.11256770356310783,2.890707340164056e-09,0.484000000000002
0.2,0.35,12.77777777777778,0.8446496738300482,0.2194969534094411,0.013779248426591,0.0972909066370984,0.02854915897545563,0.0106870939778544,0.11419663590182247,2.671737053816514e-09,0.4840000000000018
0.2,0.35,13.515625,0.8583044320934377,0.2188419448880606,0.0148651200360257,0.0939352680555081,0.029010689804758197,0.011304215573043,0.11604275921903269,2.4235717321907657e-09,0.4840000000000009
0.2,0.35,14.340277777777777,0.8718435068314645,0.2138047804747043,0.0158469097319862,0.0950128150393255,0.029468310530903503,0.0119939397088421,0.11787324212361401,2.390624365133931e-09,0.4840000000000043
0.2,0.35,15.25173611111111,0.8859513237990148,0.2080850748737971,0.0169109755000501,0.0963891568921921,0.0299451547444067,0.0128890166508853,0.11978061897762679,2.3610419175312813e-09,0.484000000000006
0.2,0.35,16.25,0.8995456856349613,0.2021312242158878,0.0180607986077376,0.0975743950362702,0.030404644174461693,0.0142103589096216,0.12161857669784672,2.3581743779921283e-09,0.4840000000000046
0.2,0.35,17.335069444444443,0.9112645324835073,0.1999037118694698,0.0191265881588456,0.0956949346273388,0.03080074119794255,0.0152710570302634,0.12320296479177015,2.324369696715678e-09,0.4839999999999895
0.2,0.35,18.506944444444443,0.9230760943924784,0.2005004751486539,0.0201278223365253,0.091275199504518,0.031199971990465775,0.0160966407707637,0.12479988796186302,2.287210254525718e-09,0.4839999999999975
0.2,0.35,19.765625,0.93576258681321,0.2011414431151791,0.0212032220088477,0.0865280765948178,0.0316287754342865,0.0169833788624121,0.126515101737146,2.2473107819109828e-09,0.4839999999999943
0.2,0.35,21.11111111111111,0.9493240097457206,0.2018266157690587,0.0223527871758134,0.0814535658982455,0.03208715152940536,0.0179312713052087,0.12834860611762144,2.204646853964931e-09,0.4840000000000024
0.2,0.35,22.54340277777778,0.963760363190005,0.2025559931102712,0.0235765178374215,0.0760516674147914,0.03257510027582217,0.0189403180991533,0.13030040110328864,2.1592517773783015e-09,0.4839999999999903
0.2,0.35,24.0625,0.9786368432688768,0.2031406366725177,0.0248845547238935,0.070459755707182,0.033077925302488036,0.0201254242572096,0.13231170120995206,2.1267571037597577e-09,0.4840000000000024
0.2,0.35,25.66840277777778,0.9873542964991916,0.2046081223510956,0.0262130539804653,0.0648473745306059,0.03337257522167268,0.0214685712585025,0.13349030088669073,1.7709672617272076e-09,0.4839999999999945
0.2,0.35,27.361111111111107,0.9937802319574244,0.20832443738266,0.0275967653316608,0.0572456161294932,0.03358977184016095,0.0228843208004057,0.13435908736064375,1.1549755596362843e-09,0.4839999999999906
0.2,0.35,29.140625,0.9999554279967794,0.2125901422945539,0.0290583946140812,0.0489863223593521,0.03379849346629115,0.0243726728829195,0.13519397386516455,5.17637599450893e-10,0.4839999999999975
0.2,0.35,31.006944444444443,0.9999658369995728,0.2127487000758232,0.0291003204657803,0.0487547026836051,0.033798845290585564,0.0244020498143782,0.13519538116234225,5.074853870468132e-10,0.4840000000000097
0.2,0.35,32.96006944444444,0.9999658369995776,0.2127487000758171,0.0291003204657767,0.0487547026836049,0.03379884529058573,0.0244020498143782,0.13519538116234286,5.074944908756152e-10,0.4840000000000009
0.2,0.35,35.0,0.9999658369995744,0.2127487000758237,0.0291003204657801,0.048754702683605,0.03379884529058562,0.0244020498143782,0.13519538116234248,5.074848874464521e-10,0.4840000000000102
0.2,0.3,0.2,,0.0,0.0,0.0,,0.0,,0.484,0.0
0.2,0.3,0.8857142857142859,0.0540126410149903,0.0868943763605186,0.0006078324912931,0.0152092801905799,0.0018256272663066725,0.0007407948372227,0.007302509065226627,0.37141957978885237,0.1125804206942484
0.2,0.3,1.5714285714285716,0.1163859611060101,0.1553753258788,0.0013097520758331,0.0223844903280181,0.003933845485383142,0.0013143134208789,0.01573538194153256,0.28394689086955416,0.2000531098271358
0.2,0.3,2.2571428571428576,0.1784809473929613,0.2104031718020119,0.0020085394245417,0.0296667745000822,0.006032656021882093,0.0018878320045352,0.024130624087528307,0.20987040215941855,0.2741295987527344
0.2,0.3,2.9428571428571435,0.24056502595951,0.2646881216723955,0.0027072040229691,0.036953254833788,0.008131097877431439,0.0024613505881915,0.03252439150972576,0.1365345794954987,0.3474654216303735
0.2,0.3,3.6285714285714294,0.3026491045260768,0.3189742916817381,0.0034058686213422,0.0442397351674896,0.010229539732981397,0.0030348691718478,0.040918158931925505,0.06319753669267542,0.4208024646487076
0.2,0.3,4.314285714285715,0.3646148279272221,0.3630967571515854,0.004103201307263,0.0515717463166822,0.01232398118394011,0.0036083877555041,0.04929592473576039,1.5492647720272146e-09,0.4840000000002222
0.2,0.3,5.000000000000001,0.425845785469122,0.3438714695777541,0.0047922652887229,0.0591864193053852,0.014393587548856324,0.0041819063391604,0.05757435019542528,1.7446957767397464e-09,0.4840000000002525
0.2,0.3,5.685714285714287,0.485375761558339,0.3247887345404195,0.0054621872364924,0.0669651475947127,0.01640570074067186,0.0047554249228167,0.06562280296268744,2.002199406270222e-09,0.4839999999999794
0.2,0.3,6.371428571428573,0.5441555479730869,0.3057552246242576,0.006123666907598,0.0748298750663024,0.018392457521490338,0.005328943506473,0.07356983008596127,2.287917411081253e-09,0.4839999999997992
0.2,0.3,7.057142857142859,0.6029100026330142,0.2867221282207395,0.0067848615072217,0.0826987551665146,0.020378358088995883,0.0059024620901293,0.08151343235598352,2.5704154915651145e-09,0.4839999999999838
0.2,0.3,7.742857142857145,0.659754820982242,0.2676081506789197,0.0074245659709365,0.0909927351149316,0.022299712949199784,0.0064759806737856,0.08919885179679911,2.8154277242897763e-09,0.4839999999999435
0.2,0.3,8.428571428571429,0.7156098593126009,0.2484379160643168,0.0080531319225663,0.0995213835001723,0.024187613244765913,0.0070494992574419,0.09675045297906358,3.0316731347568293e-09,0.4840000000000454
0.2,0.3,9.114285714285716,0.744838144883479,0.2407003184270017,0.0089162764885913,0.1008827377820766,0.025175529297061596,0.0076230178410981,0.10070211718824629,2.9759243957983017e-09,0.4840000000000223
0.2,0.3,9.8,0.7709438336808501,0.2345683933280382,0.009495390610407,0.1014501688650114,0.026057901578412736,0.0081965364247544,0.10423160631365086,2.8797254025825225e-09,0.484000000000178
0.2,0.3,10.0,0.777367738598988,0.2336998814405842,0.0089430750897406,0.101618080126486,0.026275029564645797,0.0083638126783209,0.1051001182585831,2.8416393682562102e-09,0.483999999999901
0.2,0.3,10.04340277777778,0.778646555603195,0.2335269853957391,0.0088209669728168,0.1016606629535273,0.026318253579387992,0.0084001139486261,0.1052730143175519,2.8323507983429863e-09,0.4839999999998419
0.2,0.3,10.17361111111111,0.7819557738947596,0.2330795791250278,0.0088828209456686,0.1013780535846637,0.026430105157642877,0.0085090177595417,0.10572042063057141,2.796883835642916e-09,0.4839999999999526
0.2,0.3,10.390625,0.7872271382646573,0.2323668907326341,0.0091823257875951,0.1007188702677243,0.026608277273345422,0.0086905241110678,0.10643310909338169,2.73425160290941e-09,0.4839999999999866
0.2,0.3,10.694444444444445,0.7936982700831021,0.2314919937440382,0.0095388322439623,0.0998895307113971,0.026827001528808854,0.0089446330032042,0.10730800611523536,2.653353980974771e-09,0.4839999999999663
0.2,0.3,11.085069444444445,0.8013140693632389,0.2304623377286501,0.0100671473693818,0.0987770901370865,0.027084415544477478,0.0092713444359512,0.10833766217790981,2.606543092475988e-09,0.4839999999999995
0.2,0.3,11.5625,0.8106222684834105,0.2292038692653746,0.0107128658560065,0.0974174405462615,0.02739903267473928,0.0096706584093085,0.10959613069895702,2.5493526734088334e-09,0.4840000000000173
0.2,0.3,12.12673611111111,0.8216228674436018,0.2277165883541155,0.0114759877038397,0.0958105819389192,0.027770852919593744,0.0101425749232763,0.11108341167837496,2.4818805899329277e-09,0.4839999999999214
0.2,0.3,12.77777777777778,0.834315866243839,0.2260004949951752,0.0123565129128709,0.0939565143150693,0.028199876279041764,0.0106870939778544,0.11279950511616703,2.4038214196941965e-09,0.484000000000019
0.2,0.3,13.515625,0.8485740974023512,0.2240727822127952,0.0134815056209938,0.0917324718442785,0.028681804492199477,0.011304215573043,0.11472721796879781,2.287892209018594e-09,0.4840000000000156
0.2,0.3,14.340277777777777,0.86175825518461,0.2222902840265647,0.0148096404044945,0.0892689885516938,0.02912742902523982,0.0119939397088421,0.11650971610095928,2.182205749434729e-09,0.4840000000000203
0.2,0.3,15.25173611111111,0.8741578069309143,0.220613864618233,0.0160590953775306,0.0868381018852531,0.029546533874264903,0.0127562663852515,0.11818613549705961,2.3624072698069654e-09,0.4839999999999921
0.2,0.3,16.25,0.8857500432226842,0.2190465942596703,0.0172350026558702,0.0844354478391203,0.029938351460926733,0.0135911956022714,0.11975340584370688,2.3384342240362344e-09,0.4840000000000042
0.2,0.3,17.335069444444443,0.8982442322483933,0.2173573798964121,0.0182645512780295,0.0820760639043025,0.030360655049995702,0.0144987273599017,0.1214426201999828,2.3113757019466163e-09,0.4839999999999987
0.2,0.3,18.506944444444443,0.9117379563961548,0.2155330283840955,0.019376463789962,0.0795279292546989,0.03081674292619004,0.0154788616581424,0.12326697170476007,2.2821510792248034e-09,0.4839999999999935
0.2,0.3,19.765625,0.9262312156659912,0.2135735397227203,0.0205707401916665,0.0767910438903098,0.031306615089510506,0.0165315984969936,0.12522646035804197,2.250757358268629e-09,0.4839999999999931
0.2,0.3,21.11111111111111,0.9417240100578864,0.2114789139122924,0.021847380483144,0.0738654078111352,0.031830271539956566,0.0176569378764552,0.12732108615982624,2.217190375741751e-09,0.4840000000000005
0.2,0.3,22.54340277777778,0.95821633957183,0.2092491509527902,0.0232063846643946,0.0707510210171751,0.032387712277527854,0.0188548797965272,0.12955084911011136,2.1814736683722913e-09,0.4839999999999925
0.2,0.3,24.0625,0.9749118032792022,0.2069919242501774,0.0246705174189641,0.0674520372621531,0.03295201895083704,0.0201254242572096,0.13180807580334805,2.05731065516801e-09,0.4840000000000081
0.2,0.3,25.66840277777778,0.9870988455476613,0.2053442361063602,0.0262114663037801,0.0641560196910276,0.03336394097951095,0.0214685712585025,0.13345576391804376,1.74277486886254e-09,0.484000000000003
0.2,0.3,27.361111111111107,0.9937802319574324,0.2083244373826646,0.0275967653316609,0.0572456161294956,0.033589771840161216,0.0228843208004057,0.13435908736064478,1.1549672329635996e-09,0.4839999999999992
0.2,0.3,29.140625,0.999955427996796,0.212590142294554,0.02905839461408,0.0489863223593553,0.033798493466291706,0.0243726728829195,0.1351939738651668,5.176326589584335e-10,0.4840000000000022
0.2,0.3,31.006944444444443,0.9999658369995704,0.2127487000758156,0.0291003204657551,0.0487547026836043,0.03379884529058549,0.024402049814378,0.1351953811623419,5.075195819159717e-10,0.4839999999999758
0.2,0.3,32.96006944444444,0.999965836999577,0.2127487000758229,0.0291003204657768,0.0487547026836058,0.03379884529058571,0.0244020498143782,0.13519538116234278,5.074878295374674e-10,0.4840000000000075
0.2,0.3,35.0,0.9999658369995796,0.212748700075822,0.0291003204657768,0.048754702683606,0.03379884529058579,0.0244020498143782,0.1351953811623432,5.074879960709211e-10,0.4840000000000075
0.2,0.25,0.2,,0.0,0.0,0.0,,0.0,,0.484,0.0
0.2,0.25,0.8857142857142859,0.0540126410149903,0.0868943763605186,0.0006078324912931,0.0152092801905799,0.0018256272663066725,0.0007407948372227,0.007302509065226627,0.37141957978885237,0.1125804206942484
0.2,0.25,1.5714285714285716,0.1163859611060101,0.1553753258788,0.0013097520758331,0.0223844903280181,0.003933845485383142,0.0013143134208789,0.01573538194153256,0.28394689086955416,0.2000531098271358
0.2,0.25,2.2571428571428576,0.1784809473929613,0.2104031718020119,0.0020085394245417,0.0296667745000822,0.006032656021882093,0.0018878320045352,0.024130624087528307,0.20987040215941855,0.2741295987527344
0.2,0.25,2.9428571428571435,0.24056502595951,0.2646881216723955,0.0027072040229691,0.036953254833788,0.008131097877431439,0.0024613505881915,0.03252439150972576,0.1365345794954987,0.3474654216303735
0.2,0.25,3.6285714285714294,0.3026491045260768,0.3189742916817381,0.0034058686213422,0.0442397351674896,0.010229539732981397,0.0030348691718478,0.040918158931925505,0.06319753669267542,0.4208024646487076
0.2,0.25,4.314285714285715,0.3646148279272221,0.3630967571515854,0.004103201307263,0.0515717463166822,0.01232398118394011,0.0036083877555041,0.04929592473576039,1.5492647720272146e-09,0.4840000000002222
0.2,0.25,5.000000000000001,0.425845785469122,0.3438714695777541,0.0047922652887229,0.0591864193053852,0.014393587548856324,0.0041819063391604,0.05757435019542528,1.7446957767397464e-09,0.4840000000002525
0.2,0.25,5.685714285714287,0.485375761558339,0.3247887345404195,0.0054621872364924,0.0669651475947127,0.01640570074067186,0.0047554249228167,0.06562280296268744,2.002199406270222e-09,0.4839999999999794
0.2,0.25,6.371428571428573,0.5441555479730884,0.3057552246243955,0.0061236669075981,0.0748298750663011,0.01839245752149039,0.005328943506473,0.0735698300859615,2.287780409560014e-09,0.4839999999999362
0.2,0.25,7.057142857142859,0.6029100026330146,0.2867221282206847,0.0067848615072216,0.082698755166515,0.020378358088995897,0.0059024620901293,0.0815134323559835,2.5704700035156236e-09,0.4839999999999297
0.2,0.25,7.742857142857145,0.6412616558995765,0.2763014235978923,0.0064097987427291,0.0864395745077123,0.021674643969405688,0.0064759806737856,0.08669857587762271,2.6308523137785755e-09,0.4839999999999684
0.2,0.25,8.428571428571429,0.6579865672304258,0.2740402158079872,0.0073563364106179,0.0843542162285972,0.022239945972388396,0.0070494992574419,0.0889597838895535,2.4334138593040677e-09,0.4839999999999421
0.2,0.25,9.114285714285716,0.6742994459708184,0.2718347147736273,0.0082304218334162,0.082355236962448,0.022791321273813663,0.0076230178410981,0.09116528509525465,2.2203420213529057e-09,0.483999999999989
0.2,0.25,9.8,0.688736515015209,0.2698828229788789,0.008774734885897,0.0807494327361921,0.023279294207514067,0.0081965364247544,0.09311717683005623,1.936707350047584e-09,0.4840000000000461
0.2,0.25,10.0,0.6929473268198194,0.2693135212053775,0.0089334928595371,0.080281073170201,0.0234216196465099,0.0083638126783209,0.09368647858603951,1.8540140533929161e-09,0.4840000000000288
0.2,0.25,10.04340277777778,0.6938611314649153,0.2691899748135499,0.0089679455447889,0.080179432639387,0.02345250624351414,0.0084001139486261,0.09381002497405656,1.8360774012293746e-09,0.4840000000000165
0.2,0.25,10.17361111111111,0.6966025454002147,0.2688193356381287,0.0090713036005441,0.0798745110469446,0.023545166034527262,0.0085090177595417,0.09418066413810904,1.7822045506044049e-09,0.4840000000000414
0.2,0.25,10.390625,0.7011715686257065,0.2682016036790386,0.009243567026803,0.0793663083928743,0.02369959901954888,0.0086905241110678,0.09479839607819553,1.6924718848621012e-09,0.4840000000000278
0.2,0.25,10.694444444444445,0.7075682011413916,0.2673367789363157,0.0094847358235654,0.0786548246771758,0.02391580519857904,0.0089446330032042,0.09566322079431606,1.5668437658433731e-09,0.4840000000000108
0.2,0.25,11.085069444444445,0.7155206503749482,0.2662616078026715,0.0098934725413985,0.0776505838495348,0.02418459798267325,0.0092713444359512,0.09673839193069295,1.4570777917555233e-09,0.4840000000001185
0.2,0.25,11.5625,0.7250185525130204,0.2649774914662104,0.0104716144999036,0.0763520988855789,0.02450562707494009,0.0096706584093085,0.09802250829976031,1.3642982299444384e-09,0.4840000000001906
0.2,0.25,12.12673611111111,0.7362359551799003,0.2634608986642481,0.0111548665083947,0.0748177822240844,0.02488477528508063,0.0101425749232763,0.09953910114032247,1.254593318122943e-09,0.4840000000003228
0.2,0.25,12.77777777777778,0.7491791121032314,0.2617109838925671,0.0119432342104876,0.073047416845449,0.025322253989089223,0.0106870939778544,0.10128901595635689,1.1281957590369984e-09,0.484000000000293
0.2,0.25,13.515625,0.7638480232829917,0.259727747151141,0.012836717606188,0.0710410027496674,0.025818063186965126,0.011304215573043,0.10327225274786046,9.851350291079086e-10,0.4840000000000672
0.2,0.25,14.340277777777777,0.7791945752925521,0.2576528933304584,0.0136731829923995,0.0689960998467097,0.02633677664488826,0.0119939397088421,0.10534710657955304,8.971490217390965e-10,0.4839999999999194
0.2,0.25,15.25173611111111,0.795191289120493,0.2554901375931213,0.0144581196749688,0.066908147621676,0.026877465572272663,0.0127562663852515,0.10750986228909062,8.636190651500897e-10,0.4839999999998408
0.2,0.25,16.25,0.8127114995034744,0.2531214051196965,0.0153178122321035,0.0646213428037469,0.02746964868321744,0.0135911956022714,0.10987859473286976,8.260945261184816e-10,0.4840000000005561
0.2,0.25,17.335069444444443,0.8317552064414966,0.2505466959082077,0.016252260663717,0.0621356853930091,0.02811332597772259,0.0144987273599017,0.11245330391089031,7.865515461169537e-10,0.4840000000000891
0.2,0.25,18.506944444444443,0.8523224099345632,0.2477660099600426,0.0172614649698638,0.0594511753894081,0.028808497455788243,0.0154788616581424,0.11523398982315296,7.436019022755147e-10,0.4839999999998272
0.2,0.25,19.765625,0.8744131099826762,0.2447793472749702,0.0183454251505425,0.0565678127929449,0.02955516311741446,0.0165315984969936,0.11822065246965774,6.974766320055892e-10,0.4839999999995413
0.2,0.25,21.11111111111111,0.8974553700161116,0.2416640336682015,0.0199230537452482,0.0530860165433357,0.030333991506544578,0.0176569378764552,0.12133596602617831,6.340364344659122e-10,0.4839999999999158
0.2,0.25,22.54340277777778,0.9178586874554692,0.238905505105765,0.0216011479425251,0.0495203483227617,0.031023623635994865,0.0188548797965272,0.12409449454397944,6.524466522606076e-10,0.484000000000005
0.2,0.25,24.0625,0.9342562718909436,0.2366885516805822,0.0230634391168582,0.04623327451213,0.0315778619899139,0.0201254242572096,0.1263114479596555,4.836506195537993e-10,0.4839999999999996
0.2,0.25,25.66840277777778,0.9506514563271394,0.2344719227416116,0.024613625492114,0.0427857840462831,0.03213201922385732,0.0214685712585025,0.12852807689542917,3.4220232203452383e-10,0.4840000000000253
0.2,0.25,27.361111111111107,0.9657401098553666,0.2324319367642436,0.0262815360959507,0.0391921274116185,0.03264201571311139,0.0228843208004057,0.1305680628524455,3.622246391721262e-10,0.4839999999999932
0.2,0.25,29.140625,0.9789110239395296,0.2306512292801104,0.0273665018873048,0.0361736326419935,0.0330871926091561,0.0243726728829195,0.1323487704366244,2.618912864349454e-10,0.4839999999999906
0.2,0.25,31.006944444444443,0.9853743687315516,0.2297773851242993,0.0278450645024183,0.0339985758088371,0.03330565366312645,0.0258507060465475,0.13322261465250573,2.0226564867442676e-10,0.4839999999999956
0.2,0.25,32.96006944444444,0.9853743687315588,0.2297773851243001,0.0278450645024187,0.0339985758088361,0.03330565366312669,0.0258507060465479,0.1332226146525067,2.022637612952849e-10,0.4839999999999973
0.2,0.25,35.0,0.9853743687315512,0.2297773851243056,0.0278450645024187,0.033998575808836,0.03330565366312643,0.0258507060465482,0.13322261465250568,2.022593204031864e-10,0.4840000000000016
0.2,0.2,0.2,,0.0,0.0,0.0,,0.0,,0.484,0.0
0.2,0.2,0.8857142857142859,0.0540126410149903,0.0868943763605186,0.0006078324912931,0.0152092801905799,0.0018256272663066725,0.0007407948372227,0.007302509065226627,0.37141957978885237,0.1125804206942484
0.2,0.2,1.5714285714285716,0.1163859611060101,0.1553753258788,0.0013097520758331,0.0223844903280181,0.003933845485383142,0.0013143134208789,0.01573538194153256,0.28394689086955416,0.2000531098271358
0.2,0.2,2.2571428571428576,0.1784809473929613,0.2104031718020119,0.0020085394245417,0.0296667745000822,0.006032656021882093,0.0018878320045352,0.024130624087528307,0.20987040215941855,0.2741295987527344
0.2,0.2,2.9428571428571435,0.24056502595951,0.2646881216723955,0.0027072040229691,0.036953254833788,0.008131097877431439,0.0024613505881915,0.03252439150972576,0.1365345794954987,0.3474654216303735
0.2,0.2,3.6285714285714294,0.3026491045260768,0.3189742916817381,0.0034058686213422,0.0442397351674896,0.010229539732981397,0.0030348691718478,0.040918158931925505,0.06319753669267542,0.4208024646487076
0.2,0.2,4.314285714285715,0.3646148279272221,0.3630967571515854,0.004103201307263,0.0515717463166822,0.01232398118394011,0.0036083877555041,0.04929592473576039,1.5492647720272146e-09,0.4840000000002222
0.2,0.2,5.000000000000001,0.425845785469122,0.3438714695777541,0.0047922652887229,0.0591864193053852,0.014393587548856324,0.0041819063391604,0.05757435019542528,1.7446957767397464e-09,0.4840000000002525
0.2,0.2,5.685714285714287,0.485375761558339,0.3247887345404195,0.0054621872364924,0.0669651475947127,0.01640570074067186,0.0047554249228167,0.06562280296268744,2.002199406270222e-09,0.4839999999999794
0.2,0.2,6.371428571428573,0.5173493531572734,0.3172543671712827,0.0052715250961506,0.0687131215454479,0.017486408136715842,0.005328943506473,0.06994563254686335,1.9970665676716237e-09,0.4839999999999226
0.2,0.2,7.057142857142859,0.5337947312473634,0.3150309520931444,0.0059861790406292,0.0668690954255726,0.018042261916160884,0.0059024620901293,0.07216904766464351,1.769720092692495e-09,0.4839999999999094
0.2,0.2,7.742857142857145,0.5498453802412282,0.3128609043190832,0.0066059517399804,0.0651332924816823,0.018584773852153513,0.0064759806737856,0.07433909540861398,1.5247009765850805e-09,0.4839999999999865
0.2,0.2,8.428571428571429,0.5658960292350905,0.3106908565449985,0.0072257244393317,0.063397489537792,0.019127285788146063,0.0070494992574419,0.07650914315258422,1.2797055637392418e-09,0.4840000000000405
0.2,0.2,9.114285714285716,0.5819466782289519,0.3085208087708859,0.0078454971386832,0.0616616865939016,0.019669797724138575,0.0076230178410981,0.07867919089655423,1.0347384060693798e-09,0.484000000000066
0.2,0.2,9.8,0.5979973272228138,0.3063507609966173,0.0084652698380352,0.0599258836500107,0.02021230966013111,0.0081965364247544,0.08084923864052439,7.899269016675703e-10,0.4839999999999352
0.2,0.2,10.0,0.602678766512693,0.3057178303958995,0.0086460368753457,0.0594196077913762,0.020370542308129028,0.0083638126783209,0.08148216923251607,7.184125516701556e-10,0.4840000000000082
0.2,0.2,10.04340277777778,0.6036947038585833,0.3055804756648458,0.0086852658330955,0.0593097388984434,0.020404880990420118,0.0084001139486261,0.08161952396168037,7.028887472060319e-10,0.4840000000000278
0.2,0.2,10.17361111111111,0.6067407121988138,0.3051686553315979,0.0088030773224722,0.0589800685683737,0.02050783607231991,0.0085090177595417,0.08203134428927958,6.564149224175253e-10,0.4840000000000463
0.2,0.2,10.390625,0.6118169527560087,0.3044823475987689,0.0089994602047235,0.058430602490605,0.020679413003153096,0.0086905241110678,0.0827176520126123,5.790693480278719e-10,0.4839999999999793
0.2,0.2,10.694444444444445,0.6189236895360846,0.3035215167728866,0.0092743962398749,0.0576613499817292,0.020919620706319662,0.0089446330032042,0.08367848282527865,4.707068068654507e-10,0.4839999999999648
0.2,0.2,11.085069444444445,0.6277438737487055,0.3023290278782453,0.0095855345081666,0.0567253781495489,0.02121774293270625,0.0092713444359512,0.08487097173082495,3.6455682916880505e-10,0.4840000000001316
0.2,0.2,11.5625,0.6372581081046179,0.3010427034520566,0.0102583489537746,0.0553316686050543,0.02153932405393609,0.0096706584093085,0.0861572962157443,3.1012564738475135e-10,0.4839999999999606
0.2,0.2,12.12673611111111,0.6485022032525214,0.2995225018580485,0.0110534932985754,0.0536845573252055,0.021919374469935225,0.0101425749232763,0.08767749787974088,2.452181235845785e-10,0.4840000000003373
0.2,0.2,12.77777777777778,0.6607678178782422,0.2978641907856869,0.0118086475970081,0.0519703061952802,0.02233395224428459,0.0106870939778544,0.0893358089771383,2.227474871219215e-10,0.4840000000000073
0.2,0.2,13.515625,0.6733633573926305,0.2961612738239311,0.0124380488874825,0.050298054074306,0.022759681479870914,0.011304215573043,0.09103872591948359,2.4188290259630207e-10,0.4839999999999764
0.2,0.2,14.340277777777777,0.687440725085183,0.2942580136902559,0.0131414973886009,0.0484290664096876,0.023235496507879188,0.0119939397088421,0.09294198603151671,2.6321761437131386e-10,0.4839999999999937
0.2,0.2,15.25173611111111,0.7029999209558973,0.2921544103846104,0.0139189931003634,0.0463633432014253,0.023761397328309328,0.0127562663852515,0.09504558931323727,2.8680280372839206e-10,0.4840000000000073
0.2,0.2,16.25,0.7200409450047777,0.289850463906945,0.0147705360227699,0.0441008844495188,0.024337383941161486,0.0135911956022714,0.09734953576464592,3.1268743150292266e-10,0.48399999999997
0.2,0.2,17.335069444444443,0.7385637972318188,0.2873461742574273,0.0156961261558205,0.0416416901539683,0.024963456346435476,0.0144987273599017,0.09985382538574182,3.407048532189094e-10,0.484000000000047
0.2,0.2,18.506944444444443,0.7585684776370224,0.2846415414357878,0.0166957634995151,0.0389857603147739,0.025639614544131356,0.0154788616581424,0.10255845817652534,3.7112413142637024e-10,0.4839999999999699
0.2,0.2,19.765625,0.7799867583607656,0.2817457899277353,0.0177744998279511,0.0361303492594919,0.02636355243259388,0.0165315984969936,0.10545420973037552,3.24858751010737e-10,0.4839999999999521
0.2,0.2,21.11111111111111,0.8028063152035871,0.2786605859898357,0.0189306043162308,0.0330776043709615,0.02713485345388125,0.0176569378764552,0.10853941381552495,1.7711060396052858e-10,0.4839999999999699
0.2,0.2,22.54340277777778,0.8249968596979292,0.2756604244883116,0.0203653419851246,0.0296948843785715,0.027884893857790014,0.0188548797965272,0.11153957543115998,6.251510420440809e-11,0.4839999999999909
0.2,0.2,24.0625,0.83978524376981,0.2736610349073271,0.0218589568832308,0.0264308776384761,0.028384741239419583,0.0201254242572096,0.11353896495767832,1.1665846066932772e-10,0.4839999999999443
0.2,0.2,25.66840277777778,0.8553971988392789,0.2715502985245788,0.0234380481961628,0.0229809552432441,0.028912425320767626,0.0214685712585025,0.11564970128307048,1.736737420543477e-10,0.4840000000000024
0.2,0.2,27.361111111111107,0.8716559887749797,0.2693521100672444,0.02502620029115,0.019427506506882,0.02946197242059432,0.0228843208004057,0.11784788968237728,2.313462754699458e-10,0.4840000000000862
0.2,0.2,29.140625,0.8859652056308355,0.2674175039283872,0.0252785581324687,0.017203145053634,0.029945623950322242,0.0243726728829195,0.11978249580128897,2.509793484151146e-10,0.4840000000000057
0.2,0.2,31.006944444444443,0.8996803042987924,0.2655632225869895,0.0247274443531922,0.015729733875109,0.030409194285299188,0.0259336275060436,0.12163677714119671,2.521697850532689e-10,0.4840000000000463
0.2,0.2,32.96006944444444,0.9133590094387696,0.263713861734818,0.025275957444091,0.013085323387043,0.030871534519030415,0.0275671846697781,0.1234861380761216,1.6911794187279838e-10,0.4839999999999664
0.2,0.2,35.0,0.9265728091669444,0.2619273561347653,0.02636241569811,0.0098460789981553,0.03131816094984272,0.0292733443741231,0.1252726437993709,4.563260880274811e-11,0.4840000000000189
0.2,0.15,0.2,,0.0,0.0,0.0,,0.0,,0.484,0.0
0.2,0.15,0.8857142857142859,0.0540126410149903,0.0868943763605186,0.0006078324912931,0.0152092801905799,0.0018256272663066725,0.0007407948372227,0.007302509065226627,0.37141957978885237,0.1125804206942484
0.2,0.15,1.5714285714285716,0.1163859611060101,0.1553753258788,0.0013097520758331,0.0223844903280181,0.003933845485383142,0.0013143134208789,0.01573538194153256,0.28394689086955416,0.2000531098271358
0.2,0.15,2.2571428571428576,0.1784809473929613,0.2104031718020119,0.0020085394245417,0.0296667745000822,0.006032656021882093,0.0018878320045352,0.024130624087528307,0.20987040215941855,0.2741295987527344
0.2,0.15,2.9428571428571435,0.24056502595951,0.2646881216723955,0.0027072040229691,0.036953254833788,0.008131097877431439,0.0024613505881915,0.03252439150972576,0.1365345794954987,0.3474654216303735
0.2,0.15,3.6285714285714294,0.3026491045260768,0.3189742916817381,0.0034058686213422,0.0442397351674896,0.010229539732981397,0.0030348691718478,0.040918158931925505,0.06319753669267542,0.4208024646487076
0.2,0.15,4.314285714285715,0.3646148279272208,0.3630967571508638,0.0041032013072628,0.0515717463166854,0.012323981183940064,0.0036083877555041,0.049295924735760235,1.549983530413357e-09,0.4839999999995035
0.2,0.15,5.000000000000001,0.3891434271503485,0.3587878082170147,0.003687494290082,0.0515775507444031,0.013153047837681781,0.0041819063391604,0.052612191350727124,1.2209308009047959e-09,0.483999999999941
0.2,0.15,5.685714285714287,0.40519407614421,0.3566177604429319,0.0043072669894332,0.0498417478005129,0.0136955597736743,0.0047554249228167,0.054782239094697094,9.75933889257874e-10,0.4839999999999966
0.2,0.15,6.371428571428573,0.4212447251380726,0.3544477126689013,0.0049270396887844,0.0481059448566228,0.014238071709666856,0.005328943506473,0.05695228683866735,7.308843530395848e-10,0.4840000000001038
0.2,0.15,7.057142857142859,0.4372879928107961,0.3522786628511636,0.0055378548689573,0.0463793489169193,0.01478033415700491,0.0059024620901293,0.0591213366280196,4.878059622903663e-10,0.4840000000000726
0.2,0.15,7.742857142857145,0.4527693406969916,0.3501855847267415,0.0054667586175528,0.0453536570200112,0.015303603715558318,0.0064759806737856,0.06121441486223328,3.8411729352816337e-10,0.4840000000001077
0.2,0.15,8.428571428571429,0.4676538989262673,0.3481731925573434,0.0057494170867977,0.0439943818926317,0.015806701783707838,0.0070494992574419,0.06322680713483125,2.872461157821249e-10,0.4839999999998229
0.2,0.15,9.114285714285716,0.4814677652582525,0.3463055579160559,0.0066312031557435,0.0420721685518333,0.016273610465728935,0.0076230178410981,0.06509444186291566,2.0662460631371005e-10,0.4839999999999034
0.2,0.15,9.8,0.4949813437818149,0.3444785221879944,0.0073136141853811,0.0403594799818363,0.016730369419825347,0.0081965364247544,0.06692147767930134,1.2090706213996327e-10,0.4840000000002541
0.2,0.15,10.0,0.498881949156558,0.3439511603812247,0.0074862424981748,0.0398877349535216,0.01686220988149166,0.0083638126783209,0.06744883952596664,8.129963369185589e-11,0.4839999999998652
0.2,0.15,10.04340277777778,0.4997284346979593,0.3438367155451127,0.0075237052396648,0.0397853597303645,0.016890821092791025,0.0084001139486261,0.06756328437116407,7.227685117072724e-11,0.4840000000002097
0.2,0.15,10.17361111111111,0.5022678913221416,0.3434933810357434,0.007636093464139,0.0394782340608896,0.016976654726688387,0.0085090177595417,0.06790661890675352,4.624434168931657e-11,0.4840000000002029
0.2,0.15,10.390625,0.5064883521157849,0.3429227747787926,0.0078214863680795,0.038968683230398,0.017119306301513534,0.0086905241110678,0.06847722520605407,4.094502514817577e-12,0.48399999999999
0.2,0.15,10.694444444444445,0.5122645210828243,0.3421418367923134,0.008116851929785,0.0382239742655962,0.01731454081259946,0.0089446330032042,0.06925816325039784,0.0,0.4839999999999148
0.2,0.15,11.085069444444445,0.5196078898075205,0.3411490134180667,0.0085374302916553,0.0372284786082446,0.017562746675494192,0.0092713444359512,0.07025098670197671,0.0,0.4840000000000345
0.2,0.15,11.5625,0.5285831182488145,0.3399355626271975,0.0090514705117207,0.0360117616937021,0.017866109396809934,0.0096706584093085,0.07146443758723967,0.0,0.4840000000000574
0.2,0.15,12.12673611111111,0.5391902064067057,0.3385014844197502,0.0096589725899806,0.0345738235219693,0.018224628976546652,0.0101425749232763,0.07289851590618654,0.0,0.4840000000000275
0.2,0.15,12.77777777777778,0.5512499813401578,0.336871002911286,0.0103314761044476,0.0329491805604367,0.018632249369297336,0.0106870939778544,0.07452899747718927,0.0,0.4840000000000353
0.2,0.15,13.515625,0.564728076498651,0.3350487644465507,0.0110630311498928,0.0311449443037402,0.019087808985654403,0.011304215573043,0.0763512359426176,0.0,0.4839999999999079
0.2,0.15,14.340277777777777,0.579791829911088,0.3330121449861493,0.0118806514947995,0.029128444958023,0.019596963850994777,0.0119939397088421,0.07838785540397902,0.0,0.48399999999995
0.2,0.15,15.25173611111111,0.5964412415774628,0.330761144529951,0.0127843371391696,0.0268996825232835,0.020159713965318245,0.0127562663852515,0.08063885586127295,0.0,0.4840000000000322
0.2,0.15,16.25,0.6146763114977761,0.3282957630777389,0.0137740880830061,0.0244586569995186,0.020776059328624835,0.0135911956022714,0.08310423731449927,0.0,0.4839999999999361
0.2,0.15,17.335069444444443,0.6344970396720357,0.3256160006298913,0.0148499043263037,0.0218053683867335,0.02144599994091481,0.0144987273599017,0.08578399976365919,0.0,0.484000000000041
0.2,0.15,18.506944444444443,0.6559034261002311,0.3227218571860118,0.016011785869068,0.018939816684923,0.022169535802187813,0.0154788616581424,0.0886781432087512,0.0,0.4839999999999504
0.2,0.15,19.765625,0.6788954707823687,0.3196133327463554,0.0172597327112954,0.0158620018940901,0.022946666912444066,0.0165315984969936,0.09178666764977624,0.0,0.4839999999999188
0.2,0.15,21.11111111111111,0.7031034509550825,0.3163404137604554,0.0185430349732107,0.0126351305234041,0.02376489664228179,0.0176569378764552,0.09505958656912711,0.0,0.4840000000000021
0.2,0.15,22.54340277777778,0.722059789864795,0.3137775167877684,0.020011914646596,0.0093275846752124,0.024405620897430074,0.0188548797965272,0.09762248358972023,0.0,0.4840000000000421
0.2,0.15,24.0625,0.7357710017414224,0.3119237609045359,0.0207807207229785,0.0068247951770169,0.02486905985886008,0.0201254242572096,0.09947623943544032,0.0,0.4840000000000531
0.2,0.15,25.66840277777778,0.7476620087955965,0.3103160967495517,0.0203980885967446,0.0054623642637864,0.025270975897291166,0.0214685712585025,0.10108390358916464,0.0,0.4839999999999952
0.2,0.15,27.361111111111107,0.7601957729878304,0.3086215318293196,0.0199947736528768,0.0040262884363271,0.02569461712698867,0.0228843208004057,0.10277846850795463,0.0,0.4839999999998203
0.2,0.15,29.140625,0.7726207395355025,0.3069416763554562,0.0194209415043805,0.0026918046319679,0.026114580996299985,0.0243726728829195,0.10445832398519991,0.0,0.4839999999999443
0.2,0.15,31.006944444444443,0.7753330327219412,0.3065749743485152,0.018429127887809,0.0027712744473519,0.026206256506001613,0.0251933411653943,0.1048250260240064,0.0,0.484000000000019
0.2,0.15,32.96006944444444,0.7753330327219451,0.3065749743485585,0.0184291278878089,0.0027712744473519,0.026206256506001748,0.0251933411653943,0.10482502602400695,0.0,0.4840000000000627
0.2,0.15,35.0,0.7753330327219429,0.3065749743485886,0.0184291278878088,0.002771274447352,0.02620625650600167,0.0251933411653944,0.10482502602400662,0.0,0.484000000000093
0.3,1.0,0.2,,0.0,0.0,0.0,,0.0,,0.484,0.0
0.3,1.0,0.8857142857142859,0.0540126410149903,0.0868943763605186,0.0006078324912931,0.0152092801905799,0.0027384408994600086,0.0007407948372227,0.006389695432073291,0.37141957978885237,0.1125804206942484
0.3,1.0,1.5714285714285716,0.1163859611060101,0.1553753258788,0.0013097520758331,0.0223844903280181,0.005900768228074713,0.0013143134208789,0.013768459198840989,0.28394689086955416,0.2000531098271358
0.3,1.0,2.2571428571428576,0.1784809473929613,0.2104031718020119,0.0020085394245417,0.0296667745000822,0.00904898403282314,0.0018878320045352,0.021114296076587262,0.2098704021594186,0.2741295987527344
0.3,1.0,2.9428571428571435,0.24056502595951,0.2646881216723955,0.0027072040229691,0.036953254833788,0.012196646816147157,0.0024613505881915,0.028458842571010043,0.13653457949549863,0.3474654216303735
0.3,1.0,3.6285714285714294,0.3026491045260768,0.3189742916817381,0.0034058686213422,0.0442397351674896,0.015344309599472094,0.0030348691718478,0.0358033890654348,0.06319753669267547,0.4208024646487076
0.3,1.0,4.314285714285715,0.3646148279272244,0.3630967571514036,0.0041032013072629,0.051571746316683,0.018485971775910277,0.0036083877555041,0.043133934143790624,1.5494455163356236e-09,0.4840000000000415
0.3,1.0,5.000000000000001,0.425845785469117,0.3438714695766899,0.0047922652887227,0.0591864193053899,0.02159038132328423,0.0041819063391604,0.05037755642099647,1.745756428306322e-09,0.4839999999991919
0.3,1.0,5.685714285714287,0.4853757615583393,0.3247887345405192,0.0054621872364924,0.0669651475947118,0.024608551111007803,0.0047554249228167,0.0574199525923515,2.0021005964210303e-09,0.4840000000000777
0.3,1.0,6.371428571428573,0.5441555479730927,0.3057552246245468,0.0061236669075982,0.0748298750662998,0.027588686282235802,0.005328943506473,0.0643736013252168,2.2876295857621187e-09,0.4840000000000866
0.3,1.0,7.057142857142859,0.6029100026330138,0.2867221282207716,0.0067848615072216,0.0826987551665141,0.030567537133493798,0.0059024620901293,0.07132425331148551,2.570384127764669e-09,0.4840000000000155
0.3,1.0,7.742857142857145,0.659754820982248,0.267608150678937,0.0074245659709365,0.0909927351149312,0.03344956942379997,0.0064759806737856,0.07804899532219992,2.8154097941879286e-09,0.4839999999999612
0.3,1.0,8.428571428571429,0.715609859312608,0.2484379160642765,0.0080531319225662,0.0995213835001732,0.03628141986714922,0.0070494992574419,0.08465664635668148,3.03171149296233e-09,0.4840000000000068
0.3,1.0,9.114285714285716,0.7448381448834772,0.2407003184268974,0.0089162764885259,0.1008827377820768,0.037763293945592295,0.0076230178410981,0.08811435253971531,2.976094148898767e-09,0.4839999999998526
0.3,1.0,9.8,0.7711482288599804,0.2342277053086153,0.009805668381902,0.1014460363263769,0.039097215203201,0.0081965364247544,0.0912268354741356,2.8810148711144734e-09,0.4839999999999969
0.3,1.0,10.0,0.7788220033531257,0.2323398598157091,0.0100650743507836,0.1016103317351312,0.03948627557000347,0.0083638126783209,0.09213464299667473,2.8533769791394548e-09,0.4839999999999453
0.3,1.0,10.04340277777778,0.7804873189983431,0.2319301711237626,0.0101213690489003,0.1016459861207114,0.039570707073216,0.0084001139486261,0.092331649837504,2.847279523265911e-09,0.4840000000000342
0.3,1.0,10.17361111111111,0.7854832659339821,0.2307011050476146,0.0102902531431999,0.1017529492774525,0.039824001582852896,0.0085090177595417,0.09292267035999,2.8293484222174925e-09,0.4839999999999389
0.3,1.0,10.390625,0.7938098441600495,0.2286526615874667,0.0105717266337894,0.1019312212053542,0.04024615909891451,0.0086905241110678,0.09390770456413378,2.799273646214573e-09,0.4839999999999687
0.3,1.0,10.694444444444445,0.8031743194672611,0.2262565577743421,0.0109555693416216,0.1021067771032676,0.04072093799699014,0.0089446330032042,0.09501552199297697,2.787597375153439e-09,0.4840000000000215
0.3,1.0,11.085069444444445,0.811455151161066,0.2241405471128633,0.011443994112342,0.1020081909257708,0.04114077616386605,0.0092713444359512,0.09599514438235404,2.8668525331454475e-09,0.4840000000000138
0.3,1.0,11.5625,0.8215761676756977,0.2215543118599229,0.0120409577210173,0.1018876967088299,0.04165391170115788,0.0096706584093085,0.09719246063603504,2.963728484850492e-09,0.4839999999999955
0.3,1.0,12.12673611111111,0.8326013577152881,0.2200749021047669,0.0128211264182666,0.1002517642090864,0.042212888836165106,0.0101425749232763,0.09849674061771849,2.8907202187511416e-09,0.4839999999999895
0.3,1.0,12.77777777777778,0.8446496738300483,0.219496953409438,0.013779248426591,0.0972909066370977,0.04282373846318345,0.0106870939778544,0.09992205641409464,2.671740828574798e-09,0.4839999999999981
0.3,1.0,13.515625,0.8583044320934481,0.2188419448880648,0.0148651200360256,0.0939352680555107,0.04351603470713782,0.011304215573043,0.10153741431665486,2.423563183473476e-09,0.4840000000000091
0.3,1.0,14.340277777777777,0.8718435068314668,0.2138047804747053,0.0158469097319862,0.0950128150393256,0.04420246579635537,0.0119939397088421,0.10313908685816253,2.390622921843999e-09,0.4840000000000055
0.3,1.0,15.25173611111111,0.8859513237990186,0.2080850748737948,0.01691097550005,0.096389156892192,0.044917732116610244,0.0128890166508854,0.10480804160542387,2.3610436938881207e-09,0.4840000000000041
0.3,1.0,16.25,0.8995456856349614,0.2021312242158854,0.0180607986077375,0.0975743950362698,0.04560696626169255,0.0142103589096217,0.10641625461061593,2.35817715354969e-09,0.4840000000000016
0.3,1.0,17.335069444444443,0.9112645324835096,0.1999037118694727,0.0191265881588457,0.0956949346273403,0.04620111179691394,0.0152710570302635,0.10780259419279917,2.324364700712067e-09,0.4839999999999946
0.3,1.0,18.506944444444443,0.9230760943924674,0.2005004751486542,0.0201278223365253,0.091275199504517,0.0467999579856981,0.0160966407707637,0.1091999019666289,2.2872127525275232e-09,0.4839999999999951
0.3,1.0,19.765625,0.9357625868132082,0.2011414431151786,0.0212032220088477,0.0865280765948173,0.04744316315142966,0.016983378862412,0.11070071402000253,2.2473121696897636e-09,0.4839999999999929
0.3,1.0,21.11111111111111,0.949324009745727,0.2018266157690655,0.0223527871758135,0.0814535658982486,0.048130727294108354,0.0179312713052087,0.11230503035291944,2.2046359182681385e-09,0.4840000000000137
0.3,1.0,22.54340277777778,0.9637603631900156,0.2025559931102731,0.0235765178374216,0.0760516674147933,0.04886265041373379,0.0189403180991533,0.11401285096537882,2.1592460597297247e-09,0.4839999999999962
0.3,1.0,24.0625,0.9786368432688732,0.203140636672516,0.0248845547238933,0.0704597557071809,0.04961688795373187,0.0201254242572096,0.11577273855870762,2.1267607119845877e-09,0.483999999999999
0.3,1.0,25.66840277777778,0.9873542964991942,0.204608122351098,0.0262130539804653,0.0648473745306072,0.05005886283250914,0.0214685712585025,0.11680401327585467,1.7709632094131678e-09,0.4839999999999981
0.3,1.0,27.361111111111107,0.9937802319574344,0.2083244373826671,0.027596765331661,0.0572456161294972,0.05038465776024193,0.0228843208004057,0.11756420144056448,1.1549625700268962e-09,0.4840000000000036
0.3,1.0,29.140625,0.9999554279967896,0.2125901422945522,0.0290583946140799,0.0489863223593531,0.050697740199437236,0.0243726728829195,0.11829472713202016,5.176379325178004e-10,0.4839999999999972
0.3,1.0,31.006944444444443,0.9999658369995772,0.2127487000758199,0.0291003204657767,0.0487547026836051,0.05069826793587857,0.0244020498143782,0.11829595851704994,5.074916042957511e-10,0.4840000000000038
0.3,1.0,32.96006944444444,0.999965836999574,0.2127487000758189,0.0291003204657767,0.048754702683605,0.05069826793587841,0.0244020498143782,0.11829595851704959,5.074931586079856e-10,0.4840000000000019
0.3,1.0,35.0,0.9999658369995758,0.2127487000758128,0.0291003204657601,0.0487547026836043,0.05069826793587849,0.0244020498143781,0.11829595851704981,5.07516306758049e-10,0.483999999999979
0.3,0.35,0.2,,0.0,0.0,0.0,,0.0,,0.484,0.0
0.3,0.35,0.8857142857142859,0.0540126410149903,0.0868943763605186,0.0006078324912931,0.0152092801905799,0.0027384408994600086,0.0007407948372227,0.006389695432073291,0.37141957978885237,0.1125804206942484
0.3,0.35,1.5714285714285716,0.1163859611060101,0.1553753258788,0.0013097520758331,0.0223844903280181,0.005900768228074713,0.0013143134208789,0.013768459198840989,0.28394689086955416,0.2000531098271358
0.3,0.35,2.2571428571428576,0.1784809473929613,0.2104031718020119,0.0020085394245417,0.0296667745000822,0.00904898403282314,0.0018878320045352,0.021114296076587262,0.2098704021594186,0.2741295987527344
0.3,0.35,2.9428571428571435,0.24056502595951,0.2646881216723955,0.0027072040229691,0.036953254833788,0.012196646816147157,0.0024613505881915,0.028458842571010043,0.13653457949549863,0.3474654216303735
0.3,0.35,3.6285714285714294,0.3026491045260768,0.3189742916817381,0.0034058686213422,0.0442397351674896,0.015344309599472094,0.0030348691718478,0.0358033890654348,0.06319753669267547,0.4208024646487076
0.3,0.35,4.314285714285715,0.3646148279272221,0.3630967571515854,0.004103201307263,0.0515717463166822,0.018485971775910163,0.0036083877555041,0.04313393414379034,1.5492647720272146e-09,0.4840000000002222
0.3,0.35,5.000000000000001,0.425845785469122,0.3438714695777541,0.0047922652887229,0.0591864193053852,0.021590381323284485,0.0041819063391604,0.050377556420997116,1.7446957767397464e-09,0.4840000000002525
0.3,0.35,5.685714285714287,0.485375761558339,0.3247887345404195,0.0054621872364924,0.0669651475947127,0.024608551111007786,0.0047554249228167,0.05741995259235152,2.002199406270222e-09,0.4839999999999794
0.3,0.35,6.371428571428573,0.5441555479730869,0.3057552246242576,0.006123666907598,0.0748298750663024,0.027588686282235507,0.005328943506473,0.0643736013252161,2.287917411081253e-09,0.4839999999997992
0.3,0.35,7.057142857142859,0.6029100026330142,0.2867221282207395,0.0067848615072217,0.0826987551665146,0.030567537133493822,0.0059024620901293,0.07132425331148558,2.5704155470762657e-09,0.4839999999999838
0.3,0.35,7.742857142857145,0.6597548209822477,0.2676081506789496,0.0074245659709365,0.0909927351149309,0.03344956942379996,0.0064759806737856,0.07804899532219983,2.815397637245809e-09,0.4839999999999738
0.3,0.35,8.428571428571429,0.7156098593126019,0.2484379160643003,0.0080531319225662,0.0995213835001726,0.03628141986714892,0.0070494992574419,0.08465664635668078,3.0316892329906864e-09,0.4840000000000292
0.3,0.35,9.114285714285716,0.7448381448834859,0.2407003184269848,0.0089162764885486,0.1008827377820768,0.03776329394559273,0.0076230178410981,0.08811435253971638,2.975982571484792e-09,0.483999999999964
0.3,0.35,9.8,0.7711482288599846,0.2342277053085894,0.0098056683819075,0.1014460363263769,0.03909721520320122,0.0081965364247544,0.09122683547413618,2.881034411039707e-09,0.4839999999999771
0.3,0.35,10.0,0.7788220033531296,0.2323398598157389,0.0100650743507955,0.1016103317351311,0.03948627557000367,0.0083638126783209,0.09213464299667523,2.8533346241310653e-09,0.4839999999999873
0.3,0.35,10.04340277777778,0.7804873189983431,0.2319301711237398,0.0101213690488789,0.1016459861207115,0.039570707073216,0.0084001139486261,0.092331649837504,2.847323710142291e-09,0.4839999999999903
0.3,0.35,10.17361111111111,0.7854832659339837,0.2307011050476367,0.0102902531431995,0.1017529492774526,0.03982400158285298,0.0085090177595417,0.09292267035999022,2.8293263287793025e-09,0.4839999999999606
0.3,0.35,10.390625,0.7938098441600475,0.2286526615874703,0.0105717266338607,0.1019312212053542,0.040246159098914415,0.0086905241110678,0.09390770456413358,2.799198983716167e-09,0.4840000000000432
0.3,0.35,10.694444444444445,0.8031743194672689,0.2262565577743369,0.0109555693416216,0.1021067771032676,0.04072093799699053,0.0089446330032042,0.09501552199297786,2.7876013719563275e-09,0.4840000000000182
0.3,0.35,11.085069444444445,0.8114551511610554,0.2241405471128265,0.011443994112342,0.1020081909257696,0.04114077616386551,0.0092713444359512,0.09599514438235278,2.8668923901520316e-09,0.483999999999974
0.3,0.35,11.5625,0.8215761676756947,0.2215543118599095,0.0120409577210173,0.1018876967088295,0.041653911701157724,0.0096706584093085,0.09719246063603468,2.9637428067275096e-09,0.4839999999999814
0.3,0.35,12.12673611111111,0.8326013577152839,0.2200749021047681,0.0128211264182667,0.1002517642090866,0.0422128888361649,0.0101425749232763,0.0984967406177181,2.890719330572722e-09,0.48399999999999
0.3,0.35,12.77777777777778,0.844649673830048,0.2194969534094407,0.013779248426591,0.0972909066370985,0.042823738463183436,0.0106870939778544,0.09992205641409466,2.671737275861119e-09,0.4840000000000017
0.3,0.35,13.515625,0.8583044320934328,0.2188419448880501,0.0148651200360257,0.0939352680555039,0.04351603470713704,0.011304215573043,0.10153741431665307,2.423587164290808e-09,0.4839999999999851
0.3,0.35,14.340277777777777,0.871843506831469,0.2138047804747057,0.0158469097319861,0.0950128150393257,0.044202465796355485,0.0119939397088421,0.10313908685816281,2.3906220891767305e-09,0.4840000000000061
0.3,0.35,15.25173611111111,0.8847459478685672,0.2099345546498159,0.0167806590805502,0.0950064523347233,0.04485661955693636,0.0127562663852515,0.10466544563285145,2.3598712428629653e-09,0.4839999999999958
0.3,0.35,16.25,0.8960169950197808,0.2086011897663518,0.0177633997752538,0.0926173247899611,0.04542806164750289,0.0135912111805879,0.10599881051084002,2.3295024242919737e-09,0.483999999999994
0.3,0.35,17.335069444444443,0.9080396084911244,0.2071789145816171,0.0187811109938194,0.0900370218525442,0.046037608150500016,0.014544256433023,0.10742108568449998,2.303996271546538e-09,0.4839999999999987
0.3,0.35,18.506944444444443,0.921024031040178,0.2056428573820961,0.0198802391098701,0.0872502946801335,0.04669591837373702,0.0155735453056531,0.10895714287205308,2.2764571339095596e-09,0.4839999999999956
0.3,0.35,19.765625,0.9349666391705824,0.2039934468274414,0.0210608149032273,0.0842571976327593,0.047402808605948525,0.01667917636989,0.11060655341387987,2.246853592069442e-09,0.4840000000000067
0.3,0.35,21.11111111111111,0.9491907327498912,0.2023107365522772,0.0223285866090908,0.0810678826287036,0.04812397015041949,0.0178795581685211,0.11228926368431211,2.2066757310312823e-09,0.4839999999999931
0.3,0.35,22.54340277777778,0.9637603631900036,0.2025559931102751,0.0235765178374216,0.0760516674147928,0.04886265041373318,0.0189403180991533,0.11401285096537743,2.159246559330086e-09,0.4839999999999957
0.3,0.35,24.0625,0.9786368432688672,0.203140636672509,0.0248845547238932,0.0704597557071773,0.04961688795373157,0.0201254242572096,0.11577273855870693,2.126772313815195e-09,0.4839999999999872
0.3,0.35,25.66840277777778,0.9873542964991994,0.2046081223510941,0.026213053980465,0.0648473745306063,0.05005886283250941,0.0214685712585025,0.1168040132758553,1.7709673727495101e-09,0.4839999999999941
0.3,0.35,27.361111111111107,0.9937802319574324,0.2083244373826629,0.0275967653316609,0.0572456161294954,0.05038465776024182,0.0228843208004057,0.11756420144056429,1.154969009320439e-09,0.4839999999999972
0.3,0.35,29.140625,0.9999554279967998,0.2125901422945528,0.02905839461408,0.048986322359356,0.05069774019943775,0.0243726728829195,0.11829472713202134,5.176326034472822e-10,0.4840000000000026
0.3,0.35,31.006944444444443,0.9999658369995796,0.2127487000758219,0.0291003204657768,0.048754702683606,0.05069826793587869,0.0244020498143782,0.11829595851705019,5.074882736266773e-10,0.4840000000000073
0.3,0.35,32.96006944444444,0.999965836999568,0.2127487000758075,0.0291003204657298,0.0487547026836036,0.050698267935878095,0.0244020498143779,0.11829595851704891,5.075541098520375e-10,0.483999999999941
0.3,0.35,35.0,0.9999658369995764,0.2127487000758126,0.0291003204657263,0.0487547026836051,0.050698267935878526,0.024402049814378,0.11829595851704985,5.07549668959939e-10,0.4839999999999455
0.3,0.3,0.2,,0.0,0.0,0.0,,0.0,,0.484,0.0
0.3,0.3,0.8857142857142859,0.0540126410149903,0.0868943763605186,0.0006078324912931,0.0152092801905799,0.0027384408994600086,0.0007407948372227,0.006389695432073291,0.37141957978885237,0.1125804206942484
0.3,0.3,1.5714285714285716,0.1163859611060101,0.1553753258788,0.0013097520758331,0.0223844903280181,0.005900768228074713,0.0013143134208789,0.013768459198840989,0.28394689086955416,0.2000531098271358
0.3,0.3,2.2571428571428576,0.1784809473929613,0.2104031718020119,0.0020085394245417,0.0296667745000822,0.00904898403282314,0.0018878320045352,0.021114296076587262,0.2098704021594186,0.2741295987527344
0.3,0.3,2.9428571428571435,0.24056502595951,0.2646881216723955,0.0027072040229691,0.036953254833788,0.012196646816147157,0.0024613505881915,0.028458842571010043,0.13653457949549863,0.3474654216303735
0.3,0.3,3.6285714285714294,0.3026491045260768,0.3189742916817381,0.0034058686213422,0.0442397351674896,0.015344309599472094,0.0030348691718478,0.0358033890654348,0.06319753669267547,0.4208024646487076
0.3,0.3,4.314285714285715,0.3646148279272221,0.3630967571515854,0.004103201307263,0.0515717463166822,0.018485971775910163,0.0036083877555041,0.04313393414379034,1.5492647720272146e-09,0.4840000000002222
0.3,0.3,5.000000000000001,0.425845785469122,0.3438714695777541,0.0047922652887229,0.0591864193053852,0.021590381323284485,0.0041819063391604,0.050377556420997116,1.7446957767397464e-09,0.4840000000002525
0.3,0.3,5.685714285714287,0.485375761558339,0.3247887345404195,0.0054621872364924,0.0669651475947127,0.024608551111007786,0.0047554249228167,0.05741995259235152,2.002199406270222e-09,0.4839999999999794
0.3,0.3,6.371428571428573,0.5441555479730869,0.3057552246242576,0.006123666907598,0.0748298750663024,0.027588686282235507,0.005328943506473,0.0643736013252161,2.287917411081253e-09,0.4839999999997992
0.3,0.3,7.057142857142859,0.6029100026330142,0.2867221282207395,0.0067848615072217,0.0826987551665146,0.030567537133493822,0.0059024620901293,0.07132425331148558,2.5704155470762657e-09,0.4839999999999838
0.3,0.3,7.742857142857145,0.6597548209822431,0.2676081506788865,0.0074245659709364,0.0909927351149323,0.03344956942379973,0.0064759806737856,0.07804899532219937,2.815460087290944e-09,0.483999999999911
0.3,0.3,8.428571428571429,0.6999146772406182,0.2560000931193,0.0069060600189839,0.0957587642730578,0.03548567413609934,0.0070494992574419,0.08279990631756506,2.877551974478365e-09,0.4840000000000201
0.3,0.3,9.114285714285716,0.7157166773672441,0.2541307167320577,0.0078622730769901,0.093427871204346,0.036286835542519276,0.0076230178410981,0.08466928293254491,2.6704438660374308e-09,0.4839999999999875
0.3,0.3,9.8,0.7312714556016608,0.2522905866628223,0.0087728968742864,0.0911551015877999,0.03707546279900421,0.0081965364247544,0.0865094131976765,2.4536563891786045e-09,0.4839999999999921
0.3,0.3,10.0,0.735214458055012,0.2518241294547589,0.0089313406577154,0.0906294714300619,0.03727537302338911,0.0083638126783209,0.08697587038790788,2.3678458638265454e-09,0.4839999999999986
0.3,0.3,10.04340277777778,0.7360664204707797,0.2517233422971587,0.0089656800902583,0.0905156362552554,0.03731856751786854,0.0084001139486261,0.08707665754169316,2.3491397715957874e-09,0.4840000000000606
0.3,0.3,10.17361111111111,0.7386223077180865,0.2514209808240824,0.0090686983878857,0.0901741307308369,0.03744815100130698,0.0085090177595417,0.08737901900304962,2.2932966636801666e-09,0.4839999999999733
0.3,0.3,10.390625,0.7428821197969357,0.250917045035859,0.0092403955505993,0.0896049548568045,0.037664123473704646,0.0086905241110678,0.08788295477197744,2.1999873034417305e-09,0.4840000000000642
0.3,0.3,10.694444444444445,0.7488458567073157,0.2502115349321172,0.0094807715783972,0.088808108633161,0.03796648493506091,0.0089446330032042,0.08858846484847538,2.0695841151940897e-09,0.4839999999999613
0.3,0.3,11.085069444444445,0.7562040261884234,0.2493410635002681,0.0099301869589485,0.087658922703551,0.03833954412775307,0.0092713444359512,0.08945893629809043,1.9754376467950863e-09,0.4840000000003858
0.3,0.3,11.5625,0.765134844834769,0.2482845476860047,0.0105078171570581,0.0862291860945613,0.03879233663312279,0.0096706584093085,0.09051545214395312,1.8759915287880347e-09,0.4840000000002404
0.3,0.3,12.12673611111111,0.7756894486895325,0.2470359380874653,0.0111904710275547,0.0845394973748429,0.0393274550485593,0.0101425749232763,0.0917640617799717,1.7583298150825044e-09,0.4840000000002035
0.3,0.3,12.77777777777778,0.7878678377527174,0.2455952347043942,0.0119781485704294,0.082589856544405,0.03994489937406277,0.0106870939778544,0.09320476520614641,1.6227078569741593e-09,0.4840000000000201
0.3,0.3,13.515625,0.8016700120243432,0.2439624375370865,0.0128708497856976,0.0803802636032309,0.040644669609634206,0.011304215573043,0.09483756242247979,1.4688279481589461e-09,0.4839999999999867
0.3,0.3,14.340277777777777,0.8168980878424671,0.2421609562136613,0.0138339480863699,0.0779553778342658,0.04141673305361308,0.0119939397088421,0.09663904379176382,1.3114839769734488e-09,0.484000000000051
0.3,0.3,15.25173611111111,0.8319708264456143,0.2403778512065901,0.0146149450043315,0.0756478664665367,0.042180920900792646,0.0127562663852515,0.09842214876851615,1.2679812755322928e-09,0.4839999999997867
0.3,0.3,16.25,0.8484790639633429,0.2384249266758492,0.0154703225811903,0.0731205921113612,0.04301788854294149,0.0135911956022714,0.10037507326686342,1.2195230381095712e-09,0.4840000000003118
0.3,0.3,17.335069444444443,0.8664228003956591,0.2363021826204121,0.0164000808168943,0.0703735547687912,0.04392763598005992,0.0144987273599017,0.10249781728680649,1.1671342781127692e-09,0.4840000000005989
0.3,0.3,18.506944444444443,0.8841404273985612,0.2342061872799433,0.0182119278859858,0.0666832898474132,0.04482591966910706,0.0154788616581424,0.10459381256124972,1.0981585640834624e-09,0.4840000000001271
0.3,0.3,19.765625,0.901497799153509,0.232152810182584,0.0192815626228311,0.0636808992538348,0.04570593841708291,0.0165315984969936,0.1066471896398601,1.3868134973726853e-09,0.4839999999999958
0.3,0.3,21.11111111111111,0.917131761388608,0.2303033124413691,0.0205252870860308,0.0605191935208262,0.04649858030240243,0.0176569378764552,0.10849668737227228,1.4006439341684995e-09,0.484000000000007
0.3,0.3,22.54340277777778,0.9321621854628822,0.2285252132599,0.0218951763169839,0.0571893200590703,0.04726062280296813,0.0188548797965272,0.11027478654025896,1.2242915015114875e-09,0.4840000000000075
0.3,0.3,24.0625,0.9481035443295256,0.2266393504916861,0.0233480891376915,0.0536576360844813,0.04806884969750695,0.0201254242572096,0.11216064929418286,1.0372416814341534e-09,0.4840000000000157
0.3,0.3,25.66840277777778,0.964955837988548,0.2246457241366903,0.0248840255481544,0.0499241415970583,0.04892326098601939,0.0214685712585025,0.11415427563404522,8.395298345398317e-10,0.483999999999999
0.3,0.3,27.361111111111107,0.9827190664399584,0.2225443341949551,0.0265029855483717,0.0459888365968014,0.049823856668505896,0.0228843208004057,0.11625566555984701,6.311131617309229e-10,0.4839999999999989
0.3,0.3,29.140625,0.9976597579137036,0.22077685038327,0.028922866241152,0.0414145104008586,0.05058134972622478,0.0242812736266445,0.11802314936119113,2.606589388776115e-10,0.4839999999999711
0.3,0.3,31.006944444444443,0.9976597579137004,0.220776850383269,0.0289228662411523,0.0414145104008581,0.05058134972622461,0.0242812736266447,0.1180231493611908,2.6066043767869473e-10,0.48399999999997
0.3,0.3,32.96006944444444,0.9976597579137044,0.2207768503832736,0.0289228662411518,0.0414145104008589,0.05058134972622482,0.0242812736266443,0.11802314936119118,2.606553861639327e-10,0.483999999999975
0.3,0.3,35.0,0.9976597579137076,0.2207768503832702,0.0289228662411517,0.0414145104008588,0.050581349726224974,0.0242812736266443,0.11802314936119163,2.606584392772504e-10,0.4839999999999718
0.3,0.25,0.2,,0.0,0.0,0.0,,0.0,,0.484,0.0
0.3,0.25,0.8857142857142859,0.0540126410149903,0.0868943763605186,0.0006078324912931,0.0152092801905799,0.0027384408994600086,0.0007407948372227,0.006389695432073291,0.37141957978885237,0.1125804206942484
0.3,0.25,1.5714285714285716,0.1163859611060101,0.1553753258788,0.0013097520758331,0.0223844903280181,0.005900768228074713,0.0013143134208789,0.013768459198840989,0.28394689086955416,0.2000531098271358
0.3,0.25,2.2571428571428576,0.1784809473929613,0.2104031718020119,0.0020085394245417,0.0296667745000822,0.00904898403282314,0.0018878320045352,0.021114296076587262,0.2098704021594186,0.2741295987527344
0.3,0.25,2.9428571428571435,0.24056502595951,0.2646881216723955,0.0027072040229691,0.036953254833788,0.012196646816147157,0.0024613505881915,0.028458842571010043,0.13653457949549863,0.3474654216303735
0.3,0.25,3.6285714285714294,0.3026491045260768,0.3189742916817381,0.0034058686213422,0.0442397351674896,0.015344309599472094,0.0030348691718478,0.0358033890654348,0.06319753669267547,0.4208024646487076
0.3,0.25,4.314285714285715,0.3646148279272221,0.3630967571515854,0.004103201307263,0.0515717463166822,0.018485971775910163,0.0036083877555041,0.04313393414379034,1.5492647720272146e-09,0.4840000000002222
0.3,0.25,5.000000000000001,0.425845785469122,0.3438714695777541,0.0047922652887229,0.0591864193053852,0.021590381323284485,0.0041819063391604,0.050377556420997116,1.7446957767397464e-09,0.4840000000002525
0.3,0.25,5.685714285714287,0.485375761558339,0.3247887345404195,0.0054621872364924,0.0669651475947127,0.024608551111007786,0.0047554249228167,0.05741995259235152,2.002199406270222e-09,0.4839999999999794
0.3,0.25,6.371428571428573,0.5441555479730856,0.3057552246243556,0.0061236669075981,0.0748298750663016,0.027588686282235445,0.005328943506473,0.06437360132521595,2.2878203220777493e-09,0.4839999999998962
0.3,0.25,7.057142857142859,0.5883518791533942,0.2933979722138637,0.0056938463540091,0.0795742493415434,0.029829440273077084,0.0059024620901293,0.06960202730384651,2.4235308759834595e-09,0.4840000000000097
0.3,0.25,7.742857142857145,0.6047079460985726,0.2914630497104122,0.0066478571372623,0.0772174673609508,0.03065869286719763,0.0064759806737856,0.07153695002346107,2.2269304178479388e-09,0.4840000000000388
0.3,0.25,8.428571428571429,0.6205651634868402,0.2895871410163014,0.0074753949449505,0.0750124501445621,0.031462653788782796,0.0070494992574419,0.0734128588404932,2.007468080655883e-09,0.4839999999999126
0.3,0.25,9.114285714285716,0.635592875857837,0.2878093626100816,0.0080912626652673,0.073061159114239,0.032224558805992336,0.0076230178410981,0.07519063721398206,1.7493396176071485e-09,0.4839999999999431
0.3,0.25,9.8,0.6492710018060963,0.2861912402473194,0.0087758512831117,0.0711095712821414,0.032918039791569084,0.0081965364247544,0.07680875951366112,1.4574428885971713e-09,0.4840000000000058
0.3,0.25,10.0,0.6532405285252296,0.2857216452186211,0.0089346160822046,0.0705822753282566,0.033119294796229146,0.0083638126783209,0.07727835452453466,1.371832980545662e-09,0.4839999999999752
0.3,0.25,10.04340277777778,0.6541019709555994,0.2856197365752795,0.0089690702486745,0.0704678447827084,0.03316296992744889,0.0084001139486261,0.07738026316404742,1.3532152065565128e-09,0.4840000000000079
0.3,0.25,10.17361111111111,0.6566862982467048,0.2853140106451455,0.0090724327480838,0.0701245531460647,0.03329399532110793,0.0085090177595417,0.07768598908258517,1.2974711860458399e-09,0.4839999999999955
0.3,0.25,10.390625,0.6609935103985489,0.2848044674282701,0.0092447035804329,0.0695524004183247,0.033512370977206433,0.0086905241110678,0.07819553228014828,1.204549793243359e-09,0.4839999999999908
0.3,0.25,10.694444444444445,0.6670236074111223,0.2840911069246591,0.0094858827457219,0.068751386599489,0.0338180968957439,0.0089446330032042,0.0789088927567357,1.0744462541900646e-09,0.4839999999999985
0.3,0.25,11.085069444444445,0.6746192384589177,0.2831925437596692,0.009856561358764,0.0676688982070015,0.03420319538986712,0.0092713444359512,0.07980745590968988,9.390571653611346e-10,0.4840000000001008
0.3,0.25,11.5625,0.6835791975444467,0.2821325806312517,0.0104342178544455,0.0662376578802365,0.03465746531550345,0.0096706584093085,0.08086741906950806,8.397463280296336e-10,0.4839999999998283
0.3,0.25,12.12673611111111,0.6941682401000792,0.2808798969354897,0.0111169028039549,0.0645461920394461,0.03519432977307402,0.0101425749232763,0.08212010280383929,7.209196573043641e-10,0.4840000000009657
0.3,0.25,12.77777777777778,0.7063863661258086,0.2794344926692161,0.0119046162071443,0.0625945006847788,0.0358137887625785,0.0106870939778544,0.0835655071126831,5.857447860080356e-10,0.484000000000345
0.3,0.25,13.515625,0.7201284517138513,0.2778088039878755,0.012777790183827,0.0604074814754177,0.03651051250189226,0.011304215573043,0.08519119583774853,4.401959907696096e-10,0.4840000000000029
0.3,0.25,14.340277777777777,0.7338446456152854,0.2761861782222747,0.0134838216955905,0.0583163148639094,0.03720592353269497,0.0119939397088421,0.08681382157628822,4.0040004645192084e-10,0.484000000000523
0.3,0.25,15.25173611111111,0.749004649401082,0.2743927497431496,0.0142641723137939,0.0560050254512512,0.03797453572463486,0.0127562663852515,0.08860725002414793,3.577709795088424e-10,0.4839999999997421
0.3,0.25,16.25,0.7656084630712382,0.2724285185523931,0.0151188420385263,0.0534736132373541,0.03881634907771178,0.0135911956022714,0.0905714811813274,3.104159151945396e-10,0.4839999999995532
0.3,0.25,17.335069444444443,0.7834660888246936,0.2703159613978798,0.0158852318559985,0.0508943100977942,0.039721730703411964,0.0144987273599017,0.09268403830796122,2.77052603081529e-10,0.4839999999999313
0.3,0.25,18.506944444444443,0.802146766957433,0.2681060371423777,0.0168796333978314,0.0479726638767987,0.04066884108474186,0.0154788616581424,0.09489396253106433,3.090436795361029e-10,0.4839999999999835
0.3,0.25,19.765625,0.8221516459132107,0.2657394599273925,0.0179481843341804,0.0448371287389773,0.04168308844779978,0.0165315984969936,0.09726053971153281,3.43123640611509e-10,0.484000000000022
0.3,0.25,21.11111111111111,0.8435126349410693,0.2632124548881726,0.0190916875691637,0.0414852839812864,0.042766090591512214,0.0176569378764552,0.09978754471352849,3.79881459622311e-10,0.4839999999999633
0.3,0.25,22.54340277777778,0.8653988369578116,0.2606233173278708,0.0205070986084044,0.0377623005802028,0.04387572103376105,0.0188548797965272,0.10237668241210904,2.411246757816343e-10,0.4839999999999523
0.3,0.25,24.0625,0.8791843286306954,0.2589924936130515,0.0219973814630079,0.0343025488374027,0.04457464546157626,0.0201254242572096,0.10400750607701124,2.907408203078887e-10,0.4839999999999818
0.3,0.25,25.66840277777778,0.8937575626848847,0.2572684799716658,0.0235728233378746,0.0306450969950138,0.04531350842812366,0.0214685712585025,0.10573151966562186,3.43197803509554e-10,0.484000000000007
0.3,0.25,27.361111111111107,0.9091185391203728,0.2554512764035469,0.0252334242330042,0.0267899450530371,0.0460923099334029,0.0228843208004057,0.10754872317794009,3.986631025298948e-10,0.4839999999998609
0.3,0.25,29.140625,0.9231129822649716,0.2537957337538973,0.0258342410538308,0.0239912578825713,0.04680182820083406,0.0243726728829195,0.10920426580194614,4.2400088995364626e-10,0.4839999999998985
0.3,0.25,31.006944444444443,0.9343088419392912,0.2524712636201874,0.0268443516252915,0.0208525626027429,0.04736945828632206,0.0259336275060436,0.11052873600141816,3.579944118925482e-10,0.4840000000000238
0.3,0.25,32.96006944444444,0.9443325714450588,0.2512854566285039,0.0269616977449891,0.0185934562335872,0.04787766137226448,0.0275671846697781,0.11171454320195043,1.4892687083545297e-10,0.4839999999999483
0.3,0.25,35.0,0.9541936570094032,0.2501188903714189,0.0271197833549262,0.0162292538808409,0.048377618410376744,0.0292733443741231,0.11288110962421236,0.0,0.4840000000000047
0.3,0.2,0.2,,0.0,0.0,0.0,,0.0,,0.484,0.0
0.3,0.2,0.8857142857142859,0.0540126410149903,0.0868943763605186,0.0006078324912931,0.0152092801905799,0.0027384408994600086,0.0007407948372227,0.006389695432073291,0.37141957978885237,0.1125804206942484
0.3,0.2,1.5714285714285716,0.1163859611060101,0.1553753258788,0.0013097520758331,0.0223844903280181,0.005900768228074713,0.0013143134208789,0.013768459198840989,0.28394689086955416,0.2000531098271358
0.3,0.2,2.2571428571428576,0.1784809473929613,0.2104031718020119,0.0020085394245417,0.0296667745000822,0.00904898403282314,0.0018878320045352,0.021114296076587262,0.2098704021594186,0.2741295987527344
0.3,0.2,2.9428571428571435,0.24056502595951,0.2646881216723955,0.0027072040229691,0.036953254833788,0.012196646816147157,0.0024613505881915,0.028458842571010043,0.13653457949549863,0.3474654216303735
0.3,0.2,3.6285714285714294,0.3026491045260768,0.3189742916817381,0.0034058686213422,0.0442397351674896,0.015344309599472094,0.0030348691718478,0.0358033890654348,0.06319753669267547,0.4208024646487076
0.3,0.2,4.314285714285715,0.3646148279272221,0.3630967571515854,0.004103201307263,0.0515717463166822,0.018485971775910163,0.0036083877555041,0.04313393414379034,1.5492647720272146e-09,0.4840000000002222
0.3,0.2,5.000000000000001,0.425845785469122,0.3438714695777541,0.0047922652887229,0.0591864193053852,0.021590381323284485,0.0041819063391604,0.050377556420997116,1.7446957767397464e-09,0.4840000000002525
0.3,0.2,5.685714285714287,0.4700188414829606,0.3315967707786359,0.0046024175582755,0.0636122006914096,0.0238299552631861,0.0047554249228167,0.055603228947434205,1.838241947549335e-09,0.4839999999999522
0.3,0.2,6.371428571428573,0.4850561270940753,0.3298178598577936,0.0052175763608036,0.0616611332162772,0.024592345643669616,0.005328943506473,0.05738213983522908,1.5797538832629243e-09,0.4840000000000199
0.3,0.2,7.057142857142859,0.5000934127051865,0.3280389489369089,0.0058327351633319,0.0597100657411449,0.025354736024152957,0.0059024620901293,0.05916105072302354,1.3213085625629617e-09,0.4840000000000437
0.3,0.2,7.742857142857145,0.515130698316297,0.3262600380159743,0.00644789396586,0.0577589982660127,0.02611712640463626,0.0064759806737856,0.06093996161081794,1.0629132018991072e-09,0.4840000000000182
0.3,0.2,8.428571428571429,0.5301679839274102,0.3244811270950759,0.0070630527683884,0.0558079307908801,0.026879516785119694,0.0070494992574419,0.0627188724986126,8.044813704088938e-10,0.4840000000000292
0.3,0.2,9.114285714285716,0.5452052695385231,0.3227022161741542,0.0076782115709165,0.0538568633157478,0.027641907165603122,0.0076230178410981,0.06449778338640728,5.460730201356512e-10,0.4840000000000165
0.3,0.2,9.8,0.5599425453505666,0.3209587964913822,0.0079048539798165,0.0523095225725487,0.02838908704927373,0.0081965364247544,0.06624120311497197,3.6725245067259493e-10,0.4840000000001582
0.3,0.2,10.0,0.5641501603936865,0.3204610356650646,0.007875201460237,0.0519585727540047,0.028602413131959905,0.0083638126783209,0.06673896397457309,3.3583980041385075e-10,0.4839999999998901
0.3,0.2,10.04340277777778,0.5650013529059765,0.320360339597188,0.0079058623862603,0.0518484550968999,0.028645568592333012,0.0084001139486261,0.06683966004877699,3.299156503544509e-10,0.4839999999999556
0.3,0.2,10.17361111111111,0.5674166666570523,0.3200746079972613,0.0080884521856868,0.0514345050781559,0.02876802499951255,0.0085090177595417,0.06712539166552925,3.143124649440665e-10,0.4840000000000096
0.3,0.2,10.390625,0.5714421895755029,0.3195983886640356,0.0083927685180646,0.0507445883802494,0.028972119011477997,0.0086905241110678,0.06760161102678192,2.8832264353795267e-10,0.4840000000000831
0.3,0.2,10.694444444444445,0.5770779216613335,0.3189316815973779,0.0088188113833956,0.0497787050031783,0.029257850628229613,0.0089446330032042,0.06826831813253569,2.5207869125409843e-10,0.4840000000000442
0.3,0.2,11.085069444444445,0.5843238629145495,0.3180744867974291,0.0093665807816774,0.0485368549469445,0.02962521984976766,0.0092713444359512,0.06912551298279113,2.0543899914571284e-10,0.4840000000000345
0.3,0.2,11.5625,0.592840150029275,0.3170670100902973,0.0099264389566398,0.0471459070405117,0.030056995606484244,0.0096706584093085,0.07013298974846316,1.4829532046789495e-10,0.4839999999999899
0.3,0.2,12.12673611111111,0.6026927518254882,0.3159014474137822,0.0105236674237421,0.0455772351485887,0.03055652251755225,0.0101425749232763,0.07129855254095524,3.2103208980061027e-11,0.4840000000000266
0.3,0.2,12.77777777777778,0.6140552289793489,0.3145572664982096,0.0112120170973528,0.0437682888289472,0.031132600109252992,0.0106870939778544,0.0726427335882569,0.0,0.484000000000321
0.3,0.2,13.515625,0.6265721653699301,0.3130765129282594,0.0119300965220909,0.0417984791342913,0.03176720878425546,0.011304215573043,0.07412348716326274,0.0,0.4839999999999291
0.3,0.2,14.340277777777777,0.6405616825123459,0.3114215530563606,0.0127326558791453,0.0395969271226229,0.03247647730337594,0.0119939397088421,0.07577844704121046,0.0,0.4839999999998909
0.3,0.2,15.25173611111111,0.6560237804065974,0.3095923868821617,0.0136196951685212,0.0371636327939366,0.033260405666614486,0.0127562663852515,0.07760761322210041,0.0,0.4839999999998532
0.3,0.2,16.25,0.6729584590526788,0.3075890144058565,0.0145912143902159,0.0344985961482355,0.03411899387397082,0.0135911956022714,0.07961098570593189,0.0,0.4840000000000101
0.3,0.2,17.335069444444443,0.6905434896101311,0.3055087049716324,0.0155060630906688,0.0317846546412734,0.03501055492323365,0.0144987273599017,0.08169129482087845,1.9241158666361002e-10,0.4839999999999941
0.3,0.2,18.506944444444443,0.7092375871718413,0.303297193217689,0.0165012002022052,0.0288615924855256,0.035958345669612354,0.0154788616581424,0.08390280656242874,2.0439672177019474e-10,0.4839999999999848
0.3,0.2,19.765625,0.7292071230342276,0.3009347972701471,0.0175771975812751,0.0257204027998177,0.03697080113783534,0.0165315984969936,0.08626520265494907,5.898204147314345e-11,0.4839999999999705
0.3,0.2,21.11111111111111,0.7505538682664414,0.2984094774641526,0.0187274016761428,0.0223625793426813,0.03805308112110858,0.0176569378764552,0.08879052261592002,0.0,0.4839999999999556
0.3,0.2,22.54340277777778,0.7696928724025732,0.2961453333602773,0.0201752165256255,0.0187464750638425,0.039023428630810465,0.0188548797965272,0.09105466680522434,0.0,0.483999999999998
0.3,0.2,24.0625,0.7835314085790246,0.2945082344804288,0.0216651501319908,0.0152843832129508,0.03972504241495655,0.0201254242572096,0.09269176563489853,0.0,0.4840000000000574
0.3,0.2,25.66840277777778,0.7977789400951987,0.2928227514553019,0.0228723183177266,0.0120117181783633,0.04044739226282657,0.0214685712585025,0.09437724861326202,0.0,0.4839999999999981
0.3,0.2,27.361111111111107,0.8093796501972991,0.2914503874539398,0.0224240953128787,0.0104560356393848,0.041035548265003066,0.0228843208004057,0.09574961261834043,0.0,0.4839999999999573
0.3,0.2,29.140625,0.8214889022733459,0.2900178629377505,0.0219552387484643,0.0088226010412943,0.04164948734525864,0.0243726728829195,0.09718213713893675,0.0,0.4839999999999778
0.3,0.2,31.006944444444443,0.8340840027751824,0.288527862553549,0.0214663666966961,0.0071119468747702,0.04228805894070174,0.0259336275060436,0.09867213752830405,0.0,0.4840000000000149
0.3,0.2,32.96006944444444,0.8472649219050119,0.2869685598258417,0.0209547564099622,0.005321727398175,0.042956331540584106,0.0275671846697781,0.1002314402613629,0.0,0.4839999999999985
0.3,0.2,35.0,0.8585597188810796,0.2856323853709292,0.0209554670826718,0.0032012377492431,0.043528977747270735,0.0291143174395603,0.10156761474363166,0.0,0.4840000000000031
0.3,0.15,0.2,,0.0,0.0,0.0,,0.0,,0.484,0.0
0.3,0.15,0.8857142857142859,0.0540126410149903,0.0868943763605186,0.0006078324912931,0.0152092801905799,0.0027384408994600086,0.0007407948372227,0.006389695432073291,0.37141957978885237,0.1125804206942484
0.3,0.15,1.5714285714285716,0.1163859611060101,0.1553753258788,0.0013097520758331,0.0223844903280181,0.005900768228074713,0.0013143134208789,0.013768459198840989,0.28394689086955416,0.2000531098271358
0.3,0.15,2.2571428571428576,0.1784809473929613,0.2104031718020119,0.0020085394245417,0.0296667745000822,0.00904898403282314,0.0018878320045352,0.021114296076587262,0.2098704021594186,0.2741295987527344
0.3,0.15,2.9428571428571435,0.24056502595951,0.2646881216723955,0.0027072040229691,0.036953254833788,0.012196646816147157,0.0024613505881915,0.028458842571010043,0.13653457949549863,0.3474654216303735
0.3,0.15,3.6285714285714294,0.3026491045260768,0.3189742916817381,0.0034058686213422,0.0442397351674896,0.015344309599472094,0.0030348691718478,0.0358033890654348,0.06319753669267547,0.4208024646487076
0.3,0.15,4.314285714285715,0.3489692126281414,0.3701169418281392,0.0022276778902518,0.0490711942928323,0.01769273908024677,0.0036083877555041,0.041283057853909136,1.299116703101788e-09,0.4839999999999206
0.3,0.15,5.000000000000001,0.3645747196879447,0.3682708101573411,0.0035756316717542,0.0463585233104699,0.018483938288178795,0.0041819063391604,0.0431291893390838,8.940118645384132e-10,0.4840000000000605
0.3,0.15,5.685714285714287,0.3796120052990561,0.3664918992363355,0.0041907904742829,0.0444074558353371,0.019246328668662147,0.0047554249228167,0.04490810022687826,6.356873361035298e-10,0.4839999999999632
0.3,0.15,6.371428571428573,0.3943434896329662,0.3647491646868807,0.0044099328474996,0.0428679087527026,0.01999321492439139,0.005328943506473,0.046650834823579804,4.5847298180135e-10,0.4840000000000394
0.3,0.15,7.057142857142859,0.4085410013872273,0.3630695991587366,0.0044754565199958,0.0415090526440281,0.020713028770332428,0.0059024620901293,0.04833040046410897,3.526687830657238e-10,0.4839999999999336
0.3,0.15,7.742857142857145,0.42136644500172,0.361552349269176,0.0053726131039615,0.0393881274787112,0.021363278761587202,0.0064759806737856,0.04984765044370349,2.690750400269337e-10,0.4839999999999865
0.3,0.15,8.428571428571429,0.4338569244596067,0.3600747256155927,0.006025772351526,0.0375281823369061,0.02199654607010206,0.0070494992574419,0.05132527416357144,2.048597957937659e-10,0.483999999999968
0.3,0.15,9.114285714285716,0.4462525729902808,0.3586083205377807,0.0066137934135393,0.035738183309825,0.02262500545060724,0.0076230178410981,0.05279167938475017,6.239952998754461e-11,0.483999999999912
0.3,0.15,9.8,0.458648221520959,0.3571419154602177,0.0072018144755519,0.0339481842827443,0.023253464831112625,0.0081965364247544,0.054258084605929374,0.0,0.4840000000001065
0.3,0.15,10.0,0.4622636190090685,0.3567142139792474,0.0073733206186392,0.0334261012331791,0.023436765483759774,0.0083638126783209,0.05468578612877272,0.0,0.4840000000001482
0.3,0.15,10.04340277777778,0.4630482104778464,0.356621396817563,0.0074105398337184,0.0333128019602703,0.023476544271226814,0.0084001139486261,0.05477860329952918,0.0,0.4840000000001426
0.3,0.15,10.17361111111111,0.46540198488417,0.3563429453322607,0.0075221974789588,0.0329729041415415,0.023595880633627418,0.0085090177595417,0.05505705481179729,0.0,0.4839999999998742
0.3,0.15,10.390625,0.4693249422280397,0.3558788595239753,0.0077082935543573,0.032406407776996,0.023794774570961616,0.0086905241110678,0.05552114066557709,0.0,0.4839999999999778
0.3,0.15,10.694444444444445,0.4748170825094635,0.3552291393922568,0.0079688280599146,0.0316133128666324,0.024073226083229798,0.0089446330032042,0.056170860860869504,0.0,0.4840000000000054
0.3,0.15,11.085069444444445,0.4818784057284387,0.3543937849373391,0.0083038009956311,0.0305936194104507,0.024431235170431845,0.0092713444359512,0.057006215397674254,0.0,0.4840000000001906
0.3,0.15,11.5625,0.4905067775206022,0.3533730486540674,0.0087136767741197,0.0293469712081007,0.024868693620294532,0.0096706584093085,0.05802695178068716,0.0,0.4840000000000339
0.3,0.15,12.12673611111111,0.5007034985601065,0.3521667766734335,0.0091981723839628,0.0278735853268271,0.025385667376997403,0.0101425749232763,0.059233223879660596,0.0,0.4840000000003035
0.3,0.15,12.77777777777778,0.5119388808733683,0.3508376309702766,0.00978032732726,0.0261772774457835,0.02595530126027977,0.0106870939778544,0.060562369607319436,0.0,0.4839999999999441
0.3,0.15,13.515625,0.5244558172639503,0.3493568774007563,0.0104984067519919,0.0242074677511339,0.02658990993528228,0.011304215573043,0.06204312318232533,0.0,0.483999999999983
0.3,0.15,14.340277777777777,0.5384453344063673,0.3477019175288435,0.0113009661090465,0.0220059157394651,0.027299178454402825,0.0119939397088421,0.06369808306027318,0.0,0.4839999999999305
0.3,0.15,15.25173611111111,0.5539074323006152,0.3458727513547043,0.0121880053984217,0.0195726214107797,0.028083106817641194,0.0127562663852515,0.06552724924116271,0.0,0.483999999999952
0.3,0.15,16.25,0.570842110946694,0.3438693788782226,0.0131595246201189,0.0169075847650762,0.028941695024997386,0.0135911956022714,0.06753062172499391,0.0,0.4839999999999315
0.3,0.15,17.335069444444443,0.5892493703446141,0.3416918000995779,0.0142155237741353,0.0140108058023569,0.029874943076471934,0.0144987273599017,0.06970820051176776,0.0,0.4840000000000509
0.3,0.15,18.506944444444443,0.6091292104943595,0.3393400150185272,0.0153560028604749,0.0108822845226185,0.030882850972064026,0.0154788616581424,0.07205998560148268,0.0,0.4840000000000644
0.3,0.15,19.765625,0.6304816313959446,0.3368140236351515,0.0165809618791363,0.0075220209258618,0.03196541871177439,0.0165315984969936,0.07458597699414021,0.0,0.4840000000000539
0.3,0.15,21.11111111111111,0.6533066330493593,0.3341138259493977,0.0178904008301203,0.0039300150120865,0.03312264629560252,0.0176569378764552,0.07728617468973918,0.0,0.4839999999999662
0.3,0.15,22.54340277777778,0.66701514688728,0.3324921087772001,0.0178190132962829,0.002108438968721,0.0338176679471851,0.0188548797965272,0.0789078918767652,0.0,0.4839999999999895
0.3,0.15,24.0625,0.6677329428352651,0.3324071935632454,0.016750754556027,0.0021762936458604,0.033854060201747936,0.0198188915993524,0.07899280713741186,0.0,0.484000000000036
0.3,0.15,25.66840277777778,0.667732942835263,0.3324071935632188,0.0167507545560275,0.0021762936458603,0.03385406020174783,0.0198188915993522,0.07899280713741157,0.0,0.4840000000000089
0.3,0.15,27.361111111111107,0.6677329428352636,0.3324071935632309,0.0167507545560273,0.0021762936458604,0.03385406020174787,0.0198188915993523,0.07899280713741164,0.0,0.4840000000000212
0.3,0.15,29.140625,0.6677329428352652,0.3324071935632459,0.016750754556027,0.0021762936458604,0.03385406020174795,0.0198188915993525,0.07899280713741186,0.0,0.4840000000000367
0.3,0.15,31.006944444444443,0.6677329428352649,0.3324071935632309,0.0167507545560273,0.0021762936458604,0.03385406020174793,0.0198188915993522,0.07899280713741177,0.0,0.4840000000000213
0.3,0.15,32.96006944444444,0.6677329428352627,0.3324071935632547,0.0167507545560269,0.0021762936458604,0.033854060201747825,0.0198188915993526,0.07899280713741158,0.0,0.4840000000000449
0.3,0.15,35.0,0.6677329428352683,0.3324071935632555,0.0167507545560267,0.0021762936458604,0.0338540602017481,0.0198188915993525,0.07899280713741219,0.0,0.4840000000000463
