export_fraction,gamma,glc_uptake,mu,phiEc,phiEm,phiEr,phiCm,phiR,phiCc,unassigned
0.05,1.0,0.2,,0.0,0.0,0.0,0.0,0.0,0.0,0.0
0.05,1.0,0.8857142857142859,0.05401264101499034,0.08689437636051865,0.0006078324912931518,0.01520928019057995,0.0007407948372227085,0.009128136331533369,0.0,0.11258042069424842
0.05,1.0,1.5714285714285716,0.11638596110601018,0.15537532587880007,0.0013097520758331793,0.02238449032801814,0.0013143134208789989,0.019669227426915722,0.0,0.20005310982713584
0.05,1.0,2.2571428571428576,0.17848094739296133,0.21040317180201196,0.0020085394245417353,0.029666774500082288,0.0018878320045352893,0.030163280109410467,0.0,0.2741295987527344
0.05,1.0,2.9428571428571435,0.24056502595951004,0.2646881216723955,0.002707204022969199,0.03695325483378806,0.00246135058819158,0.0406554893871572,0.0,0.3474654216303735
0.05,1.0,3.6285714285714294,0.3026491045260768,0.3189742916817381,0.0034058686213422912,0.04423973516748968,0.00303486917184787,0.05114769866490698,0.0,0.4208024646487076
0.05,1.0,4.314285714285715,0.36461482792722444,0.36309675715140366,0.004103201307262933,0.05157174631668303,0.0036083877555041603,0.061619905919700936,0.0,0.4840000000000415
0.05,1.0,5.000000000000001,0.42584578546911706,0.3438714695766899,0.00479226528872276,0.05918641930538998,0.004181906339160451,0.07196793774428079,0.0,0.4839999999991919
0.05,1.0,5.685714285714287,0.4853757615583393,0.3247887345405192,0.005462187236492435,0.06696514759471182,0.004755424922816742,0.08202850370335935,0.0,0.48400000000007776
0.05,1.0,6.371428571428573,0.5441555479730927,0.3057552246245468,0.006123666907598232,0.07482987506629984,0.005328943506473032,0.09196228760745268,0.0,0.48400000000008664
0.05,1.0,7.057142857142859,0.6029100026330138,0.2867221282207716,0.0067848615072216975,0.08269875516651419,0.005902462090129322,0.10189179044497933,0.0,0.4840000000000155
0.05,1.0,7.742857142857145,0.659754820982248,0.267608150678937,0.007424565970936535,0.0909927351149312,0.0064759806737856125,0.11149856474599992,0.0,0.4839999999999612
0.05,1.0,8.428571428571429,0.715609859312608,0.2484379160642765,0.008053131922566242,0.09952138350017325,0.007049499257441902,0.12093806622383076,0.0,0.48400000000000687
0.05,1.0,9.114285714285716,0.7448381448834772,0.2407003184268974,0.008916276488525967,0.10088273778207685,0.007623017841098193,0.12587764648530766,0.0,0.4839999999998526
0.05,1.0,9.8,0.7711482288599804,0.23422770530861534,0.009805668381902001,0.10144603632637691,0.008196536424754482,0.13032405067733668,0.0,0.4839999999999969
0.05,1.0,10.0,0.7788220033531257,0.23233985981570912,0.010065074350783668,0.10161033173513123,0.008363812678320901,0.13162091856667824,0.0,0.48399999999994536
0.05,1.0,10.043402777777779,0.7804873189983431,0.23193017112376263,0.01012136904890031,0.10164598612071146,0.008400113948626112,0.13190235691072,0.0,0.4840000000000342
0.05,1.0,10.17361111111111,0.7854832659339821,0.23070110504761465,0.01029025314319991,0.10175294927745258,0.00850901775954175,0.13274667194284298,0.0,0.4839999999999389
0.05,1.0,10.390625,0.7938098441600495,0.22865266158746675,0.010571726633789462,0.10193122120535421,0.008690524111067811,0.13415386366304838,0.0,0.4839999999999687
0.05,1.0,10.694444444444445,0.8031743194672611,0.2262565577743421,0.010955569341621658,0.1021067771032676,0.008944633003204297,0.13573645998996714,0.0,0.4840000000000215
0.05,1.0,11.085069444444445,0.811455151161066,0.22414054711286335,0.011443994112342022,0.10200819092577083,0.009271344435951206,0.13713592054622017,0.0,0.4840000000000138
0.05,1.0,11.5625,0.8215761676756977,0.22155431185992291,0.012040957721017308,0.10188769670882991,0.00967065840930854,0.13884637233719294,0.0,0.48399999999999554
0.05,1.0,12.12673611111111,0.8326013577152881,0.22007490210476693,0.012821126418266666,0.1002517642090864,0.0101425749232763,0.14070962945388368,0.0,0.4839999999999895
0.05,1.0,12.777777777777779,0.8446496738300483,0.21949695340943806,0.013779248426591083,0.0972909066370977,0.010687093977854485,0.14274579487727818,0.0,0.48399999999999815
0.05,1.0,13.515625,0.8583044320934481,0.2188419448880648,0.014865120036025643,0.09393526805551079,0.011304215573043092,0.14505344902379275,0.0,0.4840000000000091
0.05,1.0,14.340277777777777,0.8718435068314668,0.21380478047470533,0.01584690973198625,0.09501281503932568,0.011993939708842124,0.1473415526545179,0.0,0.4840000000000055
0.05,1.0,15.25173611111111,0.8859513237990186,0.20808507487379488,0.016910975500050034,0.09638915689219202,0.012889016650885406,0.14972577372203416,0.0,0.4840000000000041
0.05,1.0,16.25,0.8995456856349614,0.2021312242158854,0.018060798607737596,0.09757439503626988,0.014210358909621714,0.1520232208723085,0.0,0.48400000000000165
0.05,1.0,17.335069444444443,0.9112645324835095,0.19990371186947278,0.019126588158845735,0.09569493462734038,0.015271057030263532,0.1540037059897131,0.0,0.4839999999999946
0.05,1.0,18.506944444444443,0.9230760943924674,0.2005004751486542,0.020127822336525356,0.09127519950451703,0.016096640770763743,0.155999859952327,0.0,0.48399999999999516
0.05,1.0,19.765625,0.9357625868132082,0.20114144311517862,0.021203222008847705,0.08652807659481734,0.016983378862412097,0.1581438771714322,0.0,0.48399999999999294
0.05,1.0,21.11111111111111,0.949324009745727,0.2018266157690655,0.022352787175813515,0.08145356589824868,0.017931271305208784,0.16043575764702786,0.0,0.4840000000000137
0.05,1.0,22.54340277777778,0.9637603631900155,0.20255599311027317,0.023576517837421672,0.07605166741479333,0.018940318099153353,0.16287550137911264,0.0,0.4839999999999962
0.05,1.0,24.0625,0.9786368432688731,0.20314063667251603,0.024884554723893396,0.07045975570718091,0.020125424257209666,0.16538962651243957,0.0,0.48399999999999904
0.05,1.0,25.66840277777778,0.9873542964991942,0.20460812235109807,0.026213053980465393,0.06484737453060721,0.02146857125850252,0.1668628761083638,0.0,0.48399999999999815
0.05,1.0,27.361111111111107,0.9937802319574345,0.2083244373826671,0.02759676533166106,0.057245616129497266,0.022884320800405793,0.16794885920080643,0.0,0.4840000000000036
0.05,1.0,29.140625,0.9999554279967896,0.2125901422945522,0.029058394614079972,0.0489863223593531,0.0243726728829195,0.16899246733145745,0.0,0.48399999999999727
0.05,1.0,31.006944444444443,0.9999658369995771,0.2127487000758199,0.029100320465776798,0.048754702683605114,0.024402049814378213,0.16899422645292853,0.0,0.4840000000000038
0.05,1.0,32.96006944444444,0.9999658369995741,0.21274870007581892,0.029100320465776763,0.04875470268360508,0.0244020498143782,0.16899422645292803,0.0,0.4840000000000019
0.05,1.0,35.0,0.9999658369995758,0.21274870007581284,0.029100320465760176,0.04875470268360431,0.024402049814378123,0.1689942264529283,0.0,0.48399999999997906
0.05,0.35,0.2,,0.0,0.0,0.0,0.0,0.0,0.0,0.0
0.05,0.35,0.8857142857142859,0.05401264101499034,0.08689437636051865,0.0006078324912931518,0.01520928019057995,0.0007407948372227085,0.009128136331533369,0.0,0.11258042069424842
0.05,0.35,1.5714285714285716,0.11638596110601018,0.15537532587880007,0.0013097520758331793,0.02238449032801814,0.0013143134208789989,0.019669227426915722,0.0,0.20005310982713584
0.05,0.35,2.2571428571428576,0.17848094739296133,0.21040317180201196,0.0020085394245417353,0.029666774500082288,0.0018878320045352893,0.030163280109410467,0.0,0.2741295987527344
0.05,0.35,2.9428571428571435,0.24056502595951004,0.2646881216723955,0.002707204022969199,0.03695325483378806,0.00246135058819158,0.0406554893871572,0.0,0.3474654216303735
0.05,0.35,3.6285714285714294,0.3026491045260768,0.3189742916817381,0.0034058686213422912,0.04423973516748968,0.00303486917184787,0.05114769866490698,0.0,0.4208024646487076
0.05,0.35,4.314285714285715,0.3646148279272221,0.36309675715158546,0.004103201307263016,0.05157174631668221,0.0036083877555041603,0.06161990591970054,0.0,0.48400000000022225
0.05,0.35,5.000000000000001,0.425845785469122,0.34387146957775416,0.004792265288722912,0.05918641930538525,0.004181906339160451,0.07196793774428162,0.0,0.48400000000025256
0.05,0.35,5.685714285714287,0.48537576155833906,0.3247887345404195,0.005462187236492462,0.06696514759471278,0.004755424922816742,0.0820285037033593,0.0,0.48399999999997945
0.05,0.35,6.371428571428573,0.5441555479730869,0.30575522462425764,0.006123666907598007,0.07482987506630241,0.005328943506473032,0.09196228760745169,0.0,0.4839999999997992
0.05,0.35,7.057142857142859,0.6029100026330142,0.2867221282207395,0.006784861507221718,0.08269875516651465,0.005902462090129322,0.10189179044497941,0.0,0.4839999999999838
0.05,0.35,7.742857142857145,0.6597548209822489,0.2676081506789279,0.00742456597093656,0.09099273511493144,0.0064759806737856125,0.11149856474600008,0.0,0.48399999999995263
0.05,0.35,8.428571428571429,0.715609859312603,0.24843791606428794,0.008053131922566275,0.09952138350017298,0.007049499257441902,0.12093806622382992,0.0,0.48400000000001725
0.05,0.35,9.114285714285716,0.7448381448834748,0.2407003184269317,0.008916276488607232,0.10088273778207674,0.007623017841098193,0.12587764648530725,0.0,0.4839999999999675
0.05,0.35,9.8,0.7711482288599828,0.2342277053085721,0.009805668381901006,0.10144603632637698,0.008196536424754482,0.1303240506773371,0.0,0.4839999999999529
0.05,0.35,10.0,0.7788220033531287,0.232339859815814,0.01006507435079615,0.10161033173513104,0.008363812678320901,0.13162091856667876,0.0,0.48400000000006294
0.05,0.35,10.043402777777779,0.7804873189983412,0.23193017112372763,0.010121369048875594,0.1016459861207115,0.008400113948626112,0.13190235691071966,0.0,0.4839999999999743
0.05,0.35,10.17361111111111,0.7854832659339842,0.23070110504764196,0.010290253143201367,0.10175294927745258,0.00850901775954175,0.13274667194284334,0.0,0.4839999999999678
0.05,0.35,10.390625,0.7938098441600536,0.22865266158741768,0.010571726633706363,0.1019312212053545,0.008690524111067811,0.13415386366304907,0.0,0.4839999999998375
0.05,0.35,10.694444444444445,0.803174319467273,0.22625655777434117,0.010955569341621648,0.10210677710326788,0.008944633003204297,0.13573645998996914,0.0,0.4840000000000226
0.05,0.35,11.085069444444445,0.8114551511610634,0.22414054711286777,0.011443994112342103,0.10200819092577107,0.009271344435951206,0.13713592054621973,0.0,0.48400000000001786
0.05,0.35,11.5625,0.8215761676757074,0.22155431185994054,0.012040957721017402,0.10188769670883088,0.00967065840930854,0.13884637233719457,0.0,0.4840000000000158
0.05,0.35,12.12673611111111,0.8326013577152842,0.2200749021047649,0.012821126418266675,0.10025176420908545,0.0101425749232763,0.14070962945388304,0.0,0.4839999999999857
0.05,0.35,12.777777777777779,0.8446496738300404,0.21949695340943692,0.013779248426591159,0.09729090663709646,0.010687093977854485,0.14274579487727684,0.0,0.48399999999999466
0.05,0.35,13.515625,0.858304432093442,0.2188419448880568,0.014865120036025768,0.09393526805550706,0.011304215573043092,0.1450534490237917,0.0,0.4839999999999962
0.05,0.35,14.340277777777777,0.8718435068314689,0.2138047804747073,0.01584690973198625,0.0950128150393261,0.011993939708842124,0.14734155265451826,0.0,0.4840000000000079
0.05,0.35,15.25173611111111,0.885951323799014,0.20808507487379374,0.016910975500050024,0.09638915689219169,0.012889016650885437,0.14972577372203338,0.0,0.48400000000000193
0.05,0.35,16.25,0.8995456856349565,0.2021312242158797,0.018060798607737866,0.09757439503626898,0.014210358909621804,0.15202322087230766,0.0,0.4839999999999948
0.05,0.35,17.335069444444443,0.9112645324835106,0.19990371186947023,0.019126588158845655,0.09569493462733947,0.015271057030263508,0.1540037059897133,0.0,0.48399999999999105
0.05,0.35,18.506944444444443,0.9230760943924717,0.20050047514865255,0.020127822336525308,0.09127519950451701,0.016096640770763736,0.15599985995232774,0.0,0.48399999999999416
0.05,0.35,19.765625,0.9357625868132142,0.20114144311518303,0.02120322200884776,0.08652807659481969,0.016983378862412152,0.15814387717143322,0.0,0.4840000000000009
0.05,0.35,21.11111111111111,0.9493240097457322,0.20182661576906752,0.022352787175813578,0.08145356589824998,0.017931271305208808,0.16043575764702875,0.0,0.4840000000000182
0.05,0.35,22.54340277777778,0.9637603631900132,0.2025559931102773,0.02357651783742177,0.0760516674147948,0.0189403180991534,0.16287550137911225,0.0,0.48400000000000165
0.05,0.35,24.0625,0.9786368432688752,0.20314063667251875,0.02488455472389352,0.07045975570718208,0.020125424257209666,0.16538962651243994,0.0,0.48400000000000337
0.05,0.35,25.66840277777778,0.9873542964991994,0.20460812235109424,0.026213053980465282,0.064847374530606,0.02146857125850252,0.1668628761083647,0.0,0.48399999999999443
0.05,0.35,27.361111111111107,0.993780231957442,0.20832443738266643,0.027596765331661093,0.057245616129498106,0.022884320800405793,0.1679488592008077,0.0,0.48400000000000515
0.05,0.35,29.140625,0.9999554279967938,0.21259014229455467,0.029058394614080007,0.048986322359355156,0.0243726728829195,0.16899246733145817,0.0,0.4840000000000024
0.05,0.35,31.006944444444443,0.9999658369995762,0.2127487000758254,0.029100320465792508,0.048754702683605475,0.024402049814378275,0.1689942264529284,0.0,0.4840000000000252
0.05,0.35,32.96006944444444,0.9999658369995723,0.2127487000758179,0.029100320465776708,0.04875470268360438,0.024402049814378164,0.16899422645292772,0.0,0.4840000000000003
0.05,0.35,35.0,0.9999658369995833,0.21274870007582028,0.029100320465776767,0.04875470268360577,0.02440204981437826,0.16899422645292958,0.0,0.48400000000000615
0.05,0.3,0.2,,0.0,0.0,0.0,0.0,0.0,0.0,0.0
0.05,0.3,0.8857142857142859,0.05401264101499034,0.08689437636051865,0.0006078324912931518,0.01520928019057995,0.0007407948372227085,0.009128136331533369,0.0,0.11258042069424842
0.05,0.3,1.5714285714285716,0.11638596110601018,0.15537532587880007,0.0013097520758331793,0.02238449032801814,0.0013143134208789989,0.019669227426915722,0.0,0.20005310982713584
0.05,0.3,2.2571428571428576,0.17848094739296133,0.21040317180201196,0.0020085394245417353,0.029666774500082288,0.0018878320045352893,0.030163280109410467,0.0,0.2741295987527344
0.05,0.3,2.9428571428571435,0.24056502595951004,0.2646881216723955,0.002707204022969199,0.03695325483378806,0.00246135058819158,0.0406554893871572,0.0,0.3474654216303735
0.05,0.3,3.6285714285714294,0.3026491045260768,0.3189742916817381,0.0034058686213422912,0.04423973516748968,0.00303486917184787,0.05114769866490698,0.0,0.4208024646487076
0.05,0.3,4.314285714285715,0.3646148279272221,0.36309675715158546,0.004103201307263016,0.05157174631668221,0.0036083877555041603,0.06161990591970054,0.0,0.48400000000022225
0.05,0.3,5.000000000000001,0.425845785469122,0.34387146957775416,0.004792265288722912,0.05918641930538525,0.004181906339160451,0.07196793774428162,0.0,0.48400000000025256
0.05,0.3,5.685714285714287,0.48537576155833906,0.3247887345404195,0.005462187236492462,0.06696514759471278,0.004755424922816742,0.0820285037033593,0.0,0.48399999999997945
0.05,0.3,6.371428571428573,0.5441555479730869,0.30575522462425764,0.006123666907598007,0.07482987506630241,0.005328943506473032,0.09196228760745169,0.0,0.4839999999997992
0.05,0.3,7.057142857142859,0.6029100026330142,0.2867221282207395,0.006784861507221718,0.08269875516651465,0.005902462090129322,0.10189179044497941,0.0,0.4839999999999838
0.05,0.3,7.742857142857145,0.6597548209822477,0.26760815067894966,0.007424565970936561,0.09099273511493094,0.0064759806737856125,0.11149856474599987,0.0,0.4839999999999738
0.05,0.3,8.428571428571429,0.7156098593126012,0.2484379160642458,0.008053131922566226,0.09952138350017396,0.007049499257441902,0.12093806622382962,0.0,0.48399999999997556
0.05,0.3,9.114285714285716,0.7448381448834852,0.24070031842697398,0.008916276488552064,0.10088273778207683,0.007623017841098193,0.125877646485309,0.0,0.4839999999999567
0.05,0.3,9.8,0.7711482288599826,0.23422770530861478,0.009805668381917593,0.10144603632637689,0.008196536424754482,0.13032405067733707,0.0,0.4840000000000121
0.05,0.3,10.0,0.7788220033531299,0.23233985981576116,0.01006507435079563,0.10161033173513115,0.008363812678320901,0.13162091856667896,0.0,0.48400000000000937
0.05,0.3,10.043402777777779,0.7804873189983421,0.2319301711237475,0.010121369048900309,0.10164598612071149,0.008400113948626112,0.13190235691071983,0.0,0.4840000000000193
0.05,0.3,10.17361111111111,0.7854832659339852,0.23070110504767752,0.010290253143214833,0.10175294927745253,0.00850901775954175,0.1327466719428435,0.0,0.4840000000000169
0.05,0.3,10.390625,0.7938098441600474,0.2286526615874142,0.010571726633783207,0.10193122120535442,0.008690524111067811,0.13415386366304802,0.0,0.48399999999990956
0.05,0.3,10.694444444444445,0.8031743194672692,0.22625655777432546,0.010955569341621672,0.10210677710326732,0.008944633003204297,0.1357364599899685,0.0,0.4840000000000064
0.05,0.3,11.085069444444445,0.8114551511610658,0.22414054711283943,0.01144399411234212,0.10200819092577038,0.009271344435951206,0.13713592054622012,0.0,0.4839999999999896
0.05,0.3,11.5625,0.821576167675695,0.22155431185992613,0.012040957721017334,0.10188769670882995,0.00967065840930854,0.13884637233719246,0.0,0.48399999999999804
0.05,0.3,12.12673611111111,0.832601357715282,0.22007490210476788,0.012821126418266724,0.10025176420908646,0.0101425749232763,0.14070962945388266,0.0,0.4839999999999895
0.05,0.3,12.777777777777779,0.8446496738300445,0.219496953409435,0.013779248426591152,0.09729090663709596,0.010687093977854485,0.14274579487727754,0.0,0.48399999999999266
0.05,0.3,13.515625,0.858304432093442,0.21884194488805886,0.014865120036025763,0.09393526805550799,0.011304215573043092,0.1450534490237917,0.0,0.4839999999999993
0.05,0.3,14.340277777777777,0.8718435068314693,0.21380478047470186,0.01584690973198617,0.09501281503932539,0.011993939708842124,0.14734155265451832,0.0,0.48400000000000193
0.05,0.3,15.25173611111111,0.8859513237990141,0.20808507487379735,0.01691097550005009,0.09638915689219216,0.012889016650885387,0.14972577372203338,0.0,0.484000000000006
0.05,0.3,16.25,0.8995456856349571,0.20213122421588237,0.018060798607737835,0.09757439503626941,0.014210358909621763,0.15202322087230777,0.0,0.4839999999999975
0.05,0.3,17.335069444444443,0.9112645324835171,0.19990371186947434,0.01912658815884574,0.09569493462734156,0.015271057030263555,0.1540037059897144,0.0,0.4839999999999988
0.05,0.3,18.506944444444443,0.9230760943924778,0.2005004751486528,0.020127822336525325,0.09127519950451789,0.01609664077076375,0.15599985995232876,0.0,0.4839999999999962
0.05,0.3,19.765625,0.9357625868132137,0.20114144311518065,0.021203222008847767,0.08652807659481888,0.01698337886241213,0.15814387717143313,0.0,0.48399999999999754
0.05,0.3,21.11111111111111,0.9493240097457225,0.20182661576905891,0.02235278717581339,0.08145356589824576,0.01793127130520871,0.1604357576470271,0.0,0.4840000000000033
0.05,0.3,22.54340277777778,0.9637603631900108,0.20255599311027409,0.023576517837421644,0.07605166741479319,0.018940318099153357,0.16287550137911183,0.0,0.4839999999999962
0.05,0.3,24.0625,0.9786368432688777,0.20314063667251336,0.024884554723893403,0.07045975570718059,0.020125424257209666,0.16538962651244035,0.0,0.48399999999999654
0.05,0.3,25.66840277777778,0.9873542964992019,0.20460812235109888,0.026213053980465518,0.06484737453060765,0.02146857125850252,0.16686287610836514,0.0,0.48400000000000104
0.05,0.3,27.361111111111107,0.9937802319574306,0.2083244373826628,0.027596765331660868,0.05724561612949489,0.022884320800405793,0.1679488592008058,0.0,0.48399999999999604
0.05,0.3,29.140625,0.9999554279967892,0.21259014229455192,0.029058394614079823,0.04898632235935311,0.0243726728829195,0.16899246733145737,0.0,0.48399999999999643
0.05,0.3,31.006944444444443,0.9999658369995726,0.21274870007582244,0.029100320465776822,0.048754702683605315,0.024402049814378206,0.16899422645292778,0.0,0.4840000000000057
0.05,0.3,32.96006944444444,0.999965836999574,0.2127487000758215,0.02910032046577676,0.04875470268360488,0.0244020498143782,0.16899422645292803,0.0,0.4840000000000044
0.05,0.3,35.0,0.999965836999577,0.21274870007581798,0.02910032046575524,0.048754702683605475,0.024402049814378157,0.16899422645292853,0.0,0.48399999999998067
0.05,0.25,0.2,,0.0,0.0,0.0,0.0,0.0,0.0,0.0
0.05,0.25,0.8857142857142859,0.05401264101499034,0.08689437636051865,0.0006078324912931518,0.01520928019057995,0.0007407948372227085,0.009128136331533369,0.0,0.11258042069424842
0.05,0.25,1.5714285714285716,0.11638596110601018,0.15537532587880007,0.0013097520758331793,0.02238449032801814,0.0013143134208789989,0.019669227426915722,0.0,0.20005310982713584
0.05,0.25,2.2571428571428576,0.17848094739296133,0.21040317180201196,0.0020085394245417353,0.029666774500082288,0.0018878320045352893,0.030163280109410467,0.0,0.2741295987527344
0.05,0.25,2.9428571428571435,0.24056502595951004,0.2646881216723955,0.002707204022969199,0.03695325483378806,0.00246135058819158,0.0406554893871572,0.0,0.3474654216303735
0.05,0.25,3.6285714285714294,0.3026491045260768,0.3189742916817381,0.0034058686213422912,0.04423973516748968,0.00303486917184787,0.05114769866490698,0.0,0.4208024646487076
0.05,0.25,4.314285714285715,0.3646148279272221,0.36309675715158546,0.004103201307263016,0.05157174631668221,0.0036083877555041603,0.06161990591970054,0.0,0.48400000000022225
0.05,0.25,5.000000000000001,0.425845785469122,0.34387146957775416,0.004792265288722912,0.05918641930538525,0.004181906339160451,0.07196793774428162,0.0,0.48400000000025256
0.05,0.25,5.685714285714287,0.48537576155833906,0.3247887345404195,0.005462187236492462,0.06696514759471278,0.004755424922816742,0.0820285037033593,0.0,0.48399999999997945
0.05,0.25,6.371428571428573,0.5441555479730884,0.3057552246243955,0.006123666907598132,0.07482987506630119,0.005328943506473032,0.09196228760745195,0.0,0.4839999999999362
0.05,0.25,7.057142857142859,0.6029100026330139,0.286722128220771,0.006784861507221702,0.0826987551665143,0.005902462090129322,0.10189179044497935,0.0,0.4840000000000152
0.05,0.25,7.742857142857145,0.659754820982248,0.26760815067895677,0.007424565970936588,0.09099273511493078,0.0064759806737856125,0.11149856474599992,0.0,0.4839999999999808
0.05,0.25,8.428571428571429,0.7156098593126006,0.24843791606419716,0.008053131922566155,0.09952138350017535,0.007049499257441902,0.12093806622382951,0.0,0.48399999999992827
0.05,0.25,9.114285714285716,0.7378487308853632,0.24453838578306736,0.007621465411619212,0.09952069253834661,0.007623017841098193,0.12469643551962639,0.0,0.48400000000003585
0.05,0.25,9.8,0.7560476391868651,0.24161655126793818,0.00855098890804732,0.09786386965167353,0.008196536424754482,0.1277720510225802,0.0,0.48399999999994003
0.05,0.25,10.0,0.7613556541081387,0.24076434953447493,0.008822099927839144,0.09738062964306027,0.008363812678320901,0.12866910554427544,0.0,0.4840000000000289
0.05,0.25,10.043402777777779,0.7625075670684813,0.24057940992208512,0.008880934784564629,0.09727575984952459,0.008400113948626112,0.12886377883457337,0.0,0.48399999999995463
0.05,0.25,10.17361111111111,0.7659633059495227,0.24002459108515511,0.009057439354741544,0.09696115046891694,0.00850901775954175,0.12944779870546935,0.0,0.48399999999997284
0.05,0.25,10.390625,0.7709715590857663,0.23922051603054306,0.00923593734369171,0.09655882648622721,0.008690524111067811,0.1302941934854945,0.0,0.4840000000000239
0.05,0.25,10.694444444444445,0.7779005932533813,0.23810805957200465,0.009483754522195367,0.09599835021450384,0.008944633003204297,0.13146520025982145,0.0,0.4840000000002227
0.05,0.25,11.085069444444445,0.7864109833752013,0.23674171646541536,0.009957447008419268,0.09512603353718024,0.009271344435951206,0.13290345619040903,0.0,0.4839999999997852
0.05,0.25,11.5625,0.7968125713018749,0.2350717415569679,0.010536404491558576,0.09405986870936352,0.00967065840930854,0.13466132455001686,0.0,0.48399999999885707
0.05,0.25,12.12673611111111,0.8091053570333973,0.23309813484896663,0.011220626971736525,0.09279985573093047,0.0101425749232763,0.13673880533864413,0.0,0.4839999999997422
0.05,0.25,12.777777777777779,0.823187601380855,0.23083723058048095,0.012049717863187988,0.09130725084834942,0.010687093977854485,0.1391187046333645,0.0,0.4840000000000095
0.05,0.25,13.515625,0.838903498146356,0.2283140434594294,0.013084326926161705,0.0895227208094654,0.011304215573043092,0.14177469118673416,0.0,0.48399999999996185
0.05,0.25,14.340277777777777,0.8554153149341106,0.22566307127629498,0.014784582297142685,0.08699321665962335,0.011993939708842124,0.14456518822386472,0.0,0.4839999999999758
0.05,0.25,15.25173611111111,0.8694276083484166,0.223413397563018,0.015564846667747547,0.0853322214593732,0.012756266385251581,0.14693326581088242,0.0,0.4839999999999749
0.05,0.25,16.25,0.8836896661575806,0.22112362417088882,0.017095345875706755,0.08284627843324976,0.013591195602271462,0.14934355358063114,0.0,0.48399999999999455
0.05,0.25,17.335069444444443,0.8965733211302204,0.21905515336280618,0.01818612363070101,0.08073910206504,0.014498727359901768,0.15152089127100726,0.0,0.48400000000000165
0.05,0.25,18.506944444444443,0.9104668761586323,0.21682454310171584,0.019316803026733696,0.0785108878610883,0.015478861658142499,0.15386890207080886,0.0,0.48400000000000437
0.05,0.25,19.765625,0.9253895834113672,0.2144287024509058,0.02053123645210286,0.07611762075313964,0.016531598496993656,0.1563908395965211,0.0,0.48399999999999643
0.05,0.25,21.11111111111111,0.9413414428884289,0.21186763141039044,0.021829423906807695,0.0735593007411945,0.017656937876455232,0.1590867038481445,0.0,0.48399999999999377
0.05,0.25,22.54340277777778,0.9583224545898197,0.2091413299801651,0.02321136539084762,0.07083592782525364,0.018854879796527238,0.16195649482567953,0.0,0.4839999999999917
0.05,0.25,24.0625,0.9756385854767644,0.20636122516506436,0.024693152828656997,0.06793727472024273,0.020125424257209666,0.1648829209455732,0.0,0.4840000000000001
0.05,0.25,25.66840277777778,0.9873542964992058,0.2046081223510942,0.0262130539804655,0.06484737453060704,0.02146857125850252,0.16686287610836578,0.0,0.48399999999999654
0.05,0.25,27.361111111111107,0.9937802319574258,0.20832443738266299,0.027596765331660868,0.057245616129494144,0.022884320800405793,0.16794885920080496,0.0,0.483999999999995
0.05,0.25,29.140625,0.999955427996793,0.2125901422945559,0.029058394614096726,0.048986322359355544,0.0243726728829195,0.16899246733145804,0.0,0.48400000000002086
0.05,0.25,31.006944444444443,0.9999658369995801,0.21274870007582375,0.029100320465776788,0.04875470268360582,0.02440204981437825,0.16899422645292905,0.0,0.4840000000000091
0.05,0.25,32.96006944444444,0.9999658369995714,0.21274870007581934,0.029100320465776704,0.04875470268360438,0.02440204981437817,0.16899422645292758,0.0,0.4840000000000012
0.05,0.25,35.0,0.9999658369995744,0.2127487000758171,0.029100320465753334,0.0487547026836049,0.024402049814378133,0.16899422645292808,0.0,0.48399999999997684
0.05,0.2,0.2,,0.0,0.0,0.0,0.0,0.0,0.0,0.0
0.05,0.2,0.8857142857142859,0.05401264101499034,0.08689437636051865,0.0006078324912931518,0.01520928019057995,0.0007407948372227085,0.009128136331533369,0.0,0.11258042069424842
0.05,0.2,1.5714285714285716,0.11638596110601018,0.15537532587880007,0.0013097520758331793,0.02238449032801814,0.0013143134208789989,0.019669227426915722,0.0,0.20005310982713584
0.05,0.2,2.2571428571428576,0.17848094739296133,0.21040317180201196,0.0020085394245417353,0.029666774500082288,0.0018878320045352893,0.030163280109410467,0.0,0.2741295987527344
0.05,0.2,2.9428571428571435,0.24056502595951004,0.2646881216723955,0.002707204022969199,0.03695325483378806,0.00246135058819158,0.0406554893871572,0.0,0.3474654216303735
0.05,0.2,3.6285714285714294,0.3026491045260768,0.3189742916817381,0.0034058686213422912,0.04423973516748968,0.00303486917184787,0.05114769866490698,0.0,0.4208024646487076
0.05,0.2,4.314285714285715,0.3646148279272221,0.36309675715158546,0.004103201307263016,0.05157174631668221,0.0036083877555041603,0.06161990591970054,0.0,0.48400000000022225
0.05,0.2,5.000000000000001,0.425845785469122,0.34387146957775416,0.004792265288722912,0.05918641930538525,0.004181906339160451,0.07196793774428162,0.0,0.48400000000025256
0.05,0.2,5.685714285714287,0.48537576155833906,0.3247887345404195,0.005462187236492462,0.06696514759471278,0.004755424922816742,0.0820285037033593,0.0,0.48399999999997945
0.05,0.2,6.371428571428573,0.5441555479730869,0.305755224624381,0.006123666907598083,0.0748298750663013,0.005328943506473032,0.09196228760745169,0.0,0.4839999999999215
0.05,0.2,7.057142857142859,0.5910859311947249,0.2923011532435158,0.005667242518068769,0.0802356173216352,0.005902462090129322,0.0998935223719085,0.0,0.48399999999997906
0.05,0.2,7.742857142857145,0.6103066527665015,0.28921526658926283,0.006593292748523323,0.07857363337984444,0.0064759806737856125,0.10314182431753877,0.0,0.4839999999999369
0.05,0.2,8.428571428571429,0.6295142867869518,0.2861314811395072,0.007516577549923533,0.07691452545948284,0.007049499257441902,0.10638791446699486,0.0,0.4840000000000285
0.05,0.2,9.114285714285716,0.6461751397829186,0.2834565811426086,0.008231217411492932,0.0754855831027316,0.007623017841098193,0.10920359862331326,0.0,0.48400000000000926
0.05,0.2,9.8,0.6620605887680704,0.28090617224979836,0.008775489492320024,0.07423356071855618,0.008196536424754482,0.1118882395018039,0.0,0.48400000000000987
0.05,0.2,10.0,0.6666938447220695,0.28016230298939165,0.008934235515894649,0.07386838752317164,0.008363812678320901,0.11267125975802975,0.0,0.4840000000000057
0.05,0.2,10.043402777777779,0.6676993256148634,0.2800008730283523,0.008968685607816267,0.07378913986792329,0.008400113948626112,0.11284118602891192,0.0,0.48399999999999077
0.05,0.2,10.17361111111111,0.6707157682932489,0.2795165831452783,0.00907203588358095,0.0735513969021782,0.00850901775954175,0.11335096484155907,0.0,0.48399999999999116
0.05,0.2,10.390625,0.675743172757227,0.27870943334015397,0.009244286343188827,0.07315515862593627,0.008690524111067811,0.11420059619597137,0.0,0.4839999999999923
0.05,0.2,10.694444444444445,0.6827815390067942,0.27757942361298094,0.009485436986639733,0.07260042503919784,0.008944633003204297,0.11539008009214823,0.0,0.4839999999999941
0.05,0.2,11.085069444444445,0.691599298770227,0.2761637322782106,0.00987188489107326,0.07181275574832523,0.009271344435951206,0.11688028149216836,0.0,0.4839999999999482
0.05,0.2,11.5625,0.7020532030103521,0.2744853579867007,0.010450889586752115,0.07074610163511134,0.00967065840930854,0.11864699130874952,0.0,0.48400000000018
0.05,0.2,12.12673611111111,0.7144078171123257,0.27250182473295387,0.011135167863454509,0.06948551041041282,0.0101425749232763,0.12073492109198306,0.0,0.48400000000031135
0.05,0.2,12.777777777777779,0.728663141076139,0.2702131325165857,0.011924719721164817,0.06803098207424546,0.010687093977854485,0.12314407084186751,0.0,0.4839999999999556
0.05,0.2,13.515625,0.7448191749017851,0.26761928133863716,0.012819545159933603,0.06638251662655889,0.011304215573043092,0.1258744405584017,0.0,0.48400000000015136
0.05,0.2,14.340277777777777,0.761311317236596,0.26497146788365716,0.013598104657803464,0.06477487443588015,0.011993939708842124,0.12866161261298473,0.0,0.48400000000034615
0.05,0.2,15.25173611111111,0.7790186927740098,0.26212854871656943,0.014389428971395885,0.06307159616190369,0.012756266385251581,0.13165415907880768,0.0,0.48399999999976534
0.05,0.2,16.25,0.7983399008795916,0.2590265287291169,0.015256532758430452,0.06120629899250789,0.013591195602271462,0.134919443248651,0.0,0.48399999999964416
0.05,0.2,17.335069444444443,0.819312029130992,0.25565945351108166,0.016199203841327038,0.05917888171519571,0.014498727359901768,0.13846373292313766,0.0,0.4840000000004992
0.05,0.2,18.506944444444443,0.8419619276425078,0.2520230122740433,0.017217288610781412,0.05698927105577257,0.015478861658142499,0.14229156577158383,0.0,0.4839999999998632
0.05,0.2,19.765625,0.8662895964141318,0.24811720502000942,0.018310787066892053,0.05463746701413988,0.016531598496993656,0.1464029417939883,0.0,0.48399999999974125
0.05,0.2,21.11111111111111,0.8922950354458671,0.24394203174903945,0.019479699209656885,0.05212346959029976,0.017656937876455232,0.15079786099035156,0.0,0.4840000000001942
0.05,0.2,22.54340277777778,0.9162091179749082,0.24010262574151914,0.021567238738449918,0.04863591419923955,0.018854879796527238,0.1548393409377595,0.0,0.48399999999999765
0.05,0.2,24.0625,0.9333421996144454,0.23735190948252685,0.023044649084835462,0.045743184993481116,0.020125424257209666,0.1577348317348413,0.0,0.48400000000000015
0.05,0.2,25.66840277777778,0.9503167097308424,0.23462665188953022,0.02461246447614877,0.042688788088872776,0.02146857125850252,0.16060352394451238,0.0,0.483999999999994
0.05,0.2,27.361111111111107,0.9667739554574363,0.23198444107477914,0.026285121900301443,0.03946131739678641,0.022884320800405793,0.16338479847230675,0.0,0.483999999999986
0.05,0.2,29.140625,0.9812424917637336,0.22966151767556583,0.027393795989985696,0.03674203209311618,0.0243726728829195,0.16582998110807098,0.0,0.48400000000000093
0.05,0.2,31.006944444444443,0.9867966405172559,0.22876979912896253,0.027862296334414203,0.03496405454455456,0.02563521752962005,0.16676863224741625,0.0,0.4839999999999908
0.05,0.2,32.96006944444444,0.9867966405172623,0.22876979912897089,0.027862296334414383,0.03496405454455321,0.025635217529621186,0.16676863224741734,0.0,0.484
0.05,0.2,35.0,0.9867966405172632,0.2287697991289633,0.027862296334414973,0.034964054544552946,0.02563521752962088,0.1667686322474175,0.0,0.48399999999999316
0.05,0.15,0.2,,0.0,0.0,0.0,0.0,0.0,0.0,0.0
0.05,0.15,0.8857142857142859,0.05401264101499034,0.08689437636051865,0.0006078324912931518,0.01520928019057995,0.0007407948372227085,0.009128136331533369,0.0,0.11258042069424842
0.05,0.15,1.5714285714285716,0.11638596110601018,0.15537532587880007,0.0013097520758331793,0.02238449032801814,0.0013143134208789989,0.019669227426915722,0.0,0.20005310982713584
0.05,0.15,2.2571428571428576,0.17848094739296133,0.21040317180201196,0.0020085394245417353,0.029666774500082288,0.0018878320045352893,0.030163280109410467,0.0,0.2741295987527344
0.05,0.15,2.9428571428571435,0.24056502595951004,0.2646881216723955,0.002707204022969199,0.03695325483378806,0.00246135058819158,0.0406554893871572,0.0,0.3474654216303735
0.05,0.15,3.6285714285714294,0.3026491045260768,0.3189742916817381,0.0034058686213422912,0.04423973516748968,0.00303486917184787,0.05114769866490698,0.0,0.4208024646487076
0.05,0.15,4.314285714285715,0.3646148279272233,0.36309675715135303,0.004103201307262918,0.051571746316683244,0.0036083877555041603,0.061619905919700735,0.0,0.48399999999999077
0.05,0.15,5.000000000000001,0.4258457854691198,0.3438714695772693,0.0047922652887228264,0.05918641930538739,0.004181906339160451,0.07196793774428124,0.0,0.4839999999997694
0.05,0.15,5.685714285714287,0.4507590905287812,0.3390306276858004,0.004514726898383422,0.0595209326117023,0.004755424922816742,0.07617828629936403,0.0,0.4840000000000786
0.05,0.15,6.371428571428573,0.46861467225820036,0.3361639140142242,0.0051427175514881665,0.05816854395518131,0.005328943506473032,0.07919587961163586,0.0,0.4840000000000797
0.05,0.15,7.057142857142859,0.48647025398761984,0.3332972003424696,0.005770708204593598,0.05681615529865958,0.005902462090129322,0.08221347292390775,0.0,0.48399999999990423
0.05,0.15,7.742857142857145,0.504325835717041,0.33043048667094943,0.006398698857698001,0.055463766642138854,0.0064759806737856125,0.08523106623617994,0.0,0.48399999999996296
0.05,0.15,8.428571428571429,0.5221814174464623,0.32756377299937883,0.007026689510802679,0.05411137798561785,0.007049499257441902,0.08824865954845214,0.0,0.4839999999999706
0.05,0.15,9.114285714285716,0.5400369991758799,0.32469705932783505,0.007654680163907421,0.05275898932909685,0.007623017841098193,0.0912662528607237,0.0,0.484000000000005
0.05,0.15,9.8,0.5574423987964912,0.32190262249208307,0.00779683311208232,0.051896242218993596,0.008196536424754482,0.09420776539660701,0.0,0.483999999999832
0.05,0.15,10.0,0.5624013848074122,0.3211064573166497,0.007835948176507797,0.05164794746757812,0.008363812678320901,0.09504583403245266,0.0,0.4839999999999826
0.05,0.15,10.043402777777779,0.5633748159707211,0.32095017294844347,0.007897660262020639,0.051541708618069275,0.008400113948626112,0.09521034389905188,0.0,0.48400000000011856
0.05,0.15,10.17361111111111,0.5662951094606352,0.3204813198431941,0.008082796518568563,0.05122299206953365,0.00850901775954175,0.09570387349884736,0.0,0.48399999999989446
0.05,0.15,10.390625,0.5711622652771631,0.31969989800167875,0.008391356946140217,0.050691797821982326,0.008690524111067811,0.09652642283184057,0.0,0.4840000000000886
0.05,0.15,10.694444444444445,0.5779762834203037,0.31860590742319544,0.00882334154474547,0.04994812587540552,0.008944633003204297,0.09767799189803134,0.0,0.4839999999999992
0.05,0.15,11.085069444444445,0.5867371638900565,0.3171993481081636,0.00937875031437865,0.0489919762298089,0.009271344435951206,0.09915858069741955,0.0,0.48400000000004423
0.05,0.15,11.5625,0.5971786799306095,0.3155229627505478,0.009985515397860592,0.04789766636045629,0.00967065840930854,0.100923196908273,0.0,0.483999999999997
0.05,0.15,12.12673611111111,0.6091622766164486,0.31359899640608796,0.01061176097380069,0.046698242878814765,0.0101425749232763,0.10294842474817982,0.0,0.48399999999996507
0.05,0.15,12.777777777777779,0.6229895035616512,0.3113790352396059,0.011334352022959411,0.04531429270769284,0.010687093977854485,0.10528522610191905,0.0,0.4840000000001321
0.05,0.15,13.515625,0.6382427889011124,0.3089301202774464,0.012093720786275033,0.043808912088403214,0.011304215573043092,0.10786303132428801,0.0,0.48400000000010013
0.05,0.15,14.340277777777777,0.6552674993580129,0.3061968030049135,0.012938834105544,0.04213021583034609,0.011993939708842124,0.11074020739150418,0.0,0.48399999999994403
0.05,0.15,15.25173611111111,0.6736263414435693,0.30324929074931695,0.013807017672065968,0.04034457337219258,0.012756266385251581,0.11384285170396322,0.0,0.48399999999999194
0.05,0.15,16.25,0.6928276301593949,0.30016652361159085,0.014656165160434702,0.03849824577757446,0.013591195602271462,0.11708786949693774,0.0,0.4839999999999881
0.05,0.15,17.335069444444443,0.7134991641866085,0.29684770879802036,0.01559078567408264,0.036481419044217596,0.014498727359901768,0.12058135874753685,0.0,0.4839999999999907
0.05,0.15,18.506944444444443,0.7357644352663492,0.29327301955862023,0.01660426921191019,0.03429965966801174,0.015478861658142499,0.12434418956001302,0.0,0.4839999999999604
0.05,0.15,19.765625,0.7596160050268186,0.2894436501581845,0.017695350078776685,0.031954296198338894,0.016531598496993656,0.12837510484953235,0.0,0.4839999999999852
0.05,0.15,21.11111111111111,0.7851125106328332,0.2853501863163328,0.018861677901978475,0.02944718352386139,0.017656937876455232,0.13268401429694882,0.0,0.48400000000000387
0.05,0.15,22.54340277777778,0.8093669955554386,0.2814561288525872,0.020311358219917853,0.026594610888783565,0.018854879796527238,0.13678302224886912,0.0,0.48400000000002635
0.05,0.15,24.0625,0.8259665563879922,0.2787910692984429,0.021810992908943422,0.023684165450402913,0.020125424257209666,0.13958834802957068,0.0,0.4840000000000451
0.05,0.15,25.66840277777778,0.8435146635538169,0.2759737206268277,0.023396321008770454,0.020607408844114945,0.02146857125850252,0.14255397814059506,0.0,0.48399999999997
0.05,0.15,27.361111111111107,0.8614517273066741,0.27309392497814644,0.02487355767463844,0.01756285444802375,0.022884320800405793,0.14558534191482791,0.0,0.48399999999997667
0.05,0.15,29.140625,0.8769264579656348,0.2706094569511867,0.024711362638366832,0.016105935928051318,0.0243726728829195,0.1482005713961923,0.0,0.4839999999997828
0.05,0.15,31.006944444444443,0.8923303999072066,0.2681363540626466,0.024362048615444235,0.014764132018779828,0.025933627506043624,0.15080383758431792,0.0,0.48399999999997795
0.05,0.15,32.96006944444444,0.9079246554773515,0.2656326963915503,0.02487460338769793,0.012486248623564358,0.027567184669778175,0.1534392667756724,0.0,0.48399999999997667
0.05,0.15,35.0,0.9235873634623666,0.263118048750747,0.02595864291518356,0.009563699509602338,0.029273344374123152,0.15608626442513995,0.0,0.4840000000000075
0.1,1.0,0.2,,0.0,0.0,0.0,0.0,0.0,0.0,0.0
0.1,1.0,0.8857142857142859,0.05401264101499034,0.08689437636051865,0.0006078324912931518,0.01520928019057995,0.0007407948372227085,0.009128136331533369,0.0,0.11258042069424842
0.1,1.0,1.5714285714285716,0.11638596110601018,0.15537532587880007,0.0013097520758331793,0.02238449032801814,0.0013143134208789989,0.019669227426915722,0.0,0.20005310982713584
0.1,1.0,2.2571428571428576,0.17848094739296133,0.21040317180201196,0.0020085394245417353,0.029666774500082288,0.0018878320045352893,0.030163280109410467,0.0,0.2741295987527344
0.1,1.0,2.9428571428571435,0.24056502595951004,0.2646881216723955,0.002707204022969199,0.03695325483378806,0.00246135058819158,0.0406554893871572,0.0,0.3474654216303735
0.1,1.0,3.6285714285714294,0.3026491045260768,0.3189742916817381,0.0034058686213422912,0.04423973516748968,0.00303486917184787,0.05114769866490698,0.0,0.4208024646487076
0.1,1.0,4.314285714285715,0.36461482792722444,0.36309675715140366,0.004103201307262933,0.05157174631668303,0.0036083877555041603,0.061619905919700936,0.0,0.4840000000000415
0.1,1.0,5.000000000000001,0.42584578546911706,0.3438714695766899,0.00479226528872276,0.05918641930538998,0.004181906339160451,0.07196793774428079,0.0,0.4839999999991919
0.1,1.0,5.685714285714287,0.4853757615583393,0.3247887345405192,0.005462187236492435,0.06696514759471182,0.004755424922816742,0.08202850370335935,0.0,0.48400000000007776
0.1,1.0,6.371428571428573,0.5441555479730927,0.3057552246245468,0.006123666907598232,0.07482987506629984,0.005328943506473032,0.09196228760745268,0.0,0.48400000000008664
0.1,1.0,7.057142857142859,0.6029100026330138,0.2867221282207716,0.0067848615072216975,0.08269875516651419,0.005902462090129322,0.10189179044497933,0.0,0.4840000000000155
0.1,1.0,7.742857142857145,0.659754820982248,0.267608150678937,0.007424565970936535,0.0909927351149312,0.0064759806737856125,0.11149856474599992,0.0,0.4839999999999612
0.1,1.0,8.428571428571429,0.715609859312608,0.2484379160642765,0.008053131922566242,0.09952138350017325,0.007049499257441902,0.12093806622383076,0.0,0.48400000000000687
0.1,1.0,9.114285714285716,0.7448381448834772,0.2407003184268974,0.008916276488525967,0.10088273778207685,0.007623017841098193,0.12587764648530766,0.0,0.4839999999998526
0.1,1.0,9.8,0.7711482288599804,0.23422770530861534,0.009805668381902001,0.10144603632637691,0.008196536424754482,0.13032405067733668,0.0,0.4839999999999969
0.1,1.0,10.0,0.7788220033531257,0.23233985981570912,0.010065074350783668,0.10161033173513123,0.008363812678320901,0.13162091856667824,0.0,0.48399999999994536
0.1,1.0,10.043402777777779,0.7804873189983431,0.23193017112376263,0.01012136904890031,0.10164598612071146,0.008400113948626112,0.13190235691072,0.0,0.4840000000000342
0.1,1.0,10.17361111111111,0.7854832659339821,0.23070110504761465,0.01029025314319991,0.10175294927745258,0.00850901775954175,0.13274667194284298,0.0,0.4839999999999389
0.1,1.0,10.390625,0.7938098441600495,0.22865266158746675,0.010571726633789462,0.10193122120535421,0.008690524111067811,0.13415386366304838,0.0,0.4839999999999687
0.1,1.0,10.694444444444445,0.8031743194672611,0.2262565577743421,0.010955569341621658,0.1021067771032676,0.008944633003204297,0.13573645998996714,0.0,0.4840000000000215
0.1,1.0,11.085069444444445,0.811455151161066,0.22414054711286335,0.011443994112342022,0.10200819092577083,0.009271344435951206,0.13713592054622017,0.0,0.4840000000000138
0.1,1.0,11.5625,0.8215761676756977,0.22155431185992291,0.012040957721017308,0.10188769670882991,0.00967065840930854,0.13884637233719294,0.0,0.48399999999999554
0.1,1.0,12.12673611111111,0.8326013577152881,0.22007490210476693,0.012821126418266666,0.1002517642090864,0.0101425749232763,0.14070962945388368,0.0,0.4839999999999895
0.1,1.0,12.777777777777779,0.8446496738300483,0.21949695340943806,0.013779248426591083,0.0972909066370977,0.010687093977854485,0.14274579487727818,0.0,0.48399999999999815
0.1,1.0,13.515625,0.8583044320934481,0.2188419448880648,0.014865120036025643,0.09393526805551079,0.011304215573043092,0.14505344902379275,0.0,0.4840000000000091
0.1,1.0,14.340277777777777,0.8718435068314668,0.21380478047470533,0.01584690973198625,0.09501281503932568,0.011993939708842124,0.1473415526545179,0.0,0.4840000000000055
0.1,1.0,15.25173611111111,0.8859513237990186,0.20808507487379488,0.016910975500050034,0.09638915689219202,0.012889016650885406,0.14972577372203416,0.0,0.4840000000000041
0.1,1.0,16.25,0.8995456856349614,0.2021312242158854,0.018060798607737596,0.09757439503626988,0.014210358909621714,0.1520232208723085,0.0,0.48400000000000165
0.1,1.0,17.335069444444443,0.9112645324835095,0.19990371186947278,0.019126588158845735,0.09569493462734038,0.015271057030263532,0.1540037059897131,0.0,0.4839999999999946
0.1,1.0,18.506944444444443,0.9230760943924674,0.2005004751486542,0.020127822336525356,0.09127519950451703,0.016096640770763743,0.155999859952327,0.0,0.48399999999999516
0.1,1.0,19.765625,0.9357625868132082,0.20114144311517862,0.021203222008847705,0.08652807659481734,0.016983378862412097,0.1581438771714322,0.0,0.48399999999999294
0.1,1.0,21.11111111111111,0.949324009745727,0.2018266157690655,0.022352787175813515,0.08145356589824868,0.017931271305208784,0.16043575764702786,0.0,0.4840000000000137
0.1,1.0,22.54340277777778,0.9637603631900155,0.20255599311027317,0.023576517837421672,0.07605166741479333,0.018940318099153353,0.16287550137911264,0.0,0.4839999999999962
0.1,1.0,24.0625,0.9786368432688731,0.20314063667251603,0.024884554723893396,0.07045975570718091,0.020125424257209666,0.16538962651243957,0.0,0.48399999999999904
0.1,1.0,25.66840277777778,0.9873542964991942,0.20460812235109807,0.026213053980465393,0.06484737453060721,0.02146857125850252,0.1668628761083638,0.0,0.48399999999999815
0.1,1.0,27.361111111111107,0.9937802319574345,0.2083244373826671,0.02759676533166106,0.057245616129497266,0.022884320800405793,0.16794885920080643,0.0,0.4840000000000036
0.1,1.0,29.140625,0.9999554279967896,0.2125901422945522,0.029058394614079972,0.0489863223593531,0.0243726728829195,0.16899246733145745,0.0,0.48399999999999727
0.1,1.0,31.006944444444443,0.9999658369995771,0.2127487000758199,0.029100320465776798,0.048754702683605114,0.024402049814378213,0.16899422645292853,0.0,0.4840000000000038
0.1,1.0,32.96006944444444,0.9999658369995741,0.21274870007581892,0.029100320465776763,0.04875470268360508,0.0244020498143782,0.16899422645292803,0.0,0.4840000000000019
0.1,1.0,35.0,0.9999658369995758,0.21274870007581284,0.029100320465760176,0.04875470268360431,0.024402049814378123,0.1689942264529283,0.0,0.48399999999997906
0.1,0.35,0.2,,0.0,0.0,0.0,0.0,0.0,0.0,0.0
0.1,0.35,0.8857142857142859,0.05401264101499034,0.08689437636051865,0.0006078324912931518,0.01520928019057995,0.0007407948372227085,0.009128136331533369,0.0,0.11258042069424842
0.1,0.35,1.5714285714285716,0.11638596110601018,0.15537532587880007,0.0013097520758331793,0.02238449032801814,0.0013143134208789989,0.019669227426915722,0.0,0.20005310982713584
0.1,0.35,2.2571428571428576,0.17848094739296133,0.21040317180201196,0.0020085394245417353,0.029666774500082288,0.0018878320045352893,0.030163280109410467,0.0,0.2741295987527344
0.1,0.35,2.9428571428571435,0.24056502595951004,0.2646881216723955,0.002707204022969199,0.03695325483378806,0.00246135058819158,0.0406554893871572,0.0,0.3474654216303735
0.1,0.35,3.6285714285714294,0.3026491045260768,0.3189742916817381,0.0034058686213422912,0.04423973516748968,0.00303486917184787,0.05114769866490698,0.0,0.4208024646487076
0.1,0.35,4.314285714285715,0.3646148279272221,0.36309675715158546,0.004103201307263016,0.05157174631668221,0.0036083877555041603,0.06161990591970054,0.0,0.48400000000022225
0.1,0.35,5.000000000000001,0.425845785469122,0.34387146957775416,0.004792265288722912,0.05918641930538525,0.004181906339160451,0.07196793774428162,0.0,0.48400000000025256
0.1,0.35,5.685714285714287,0.48537576155833906,0.3247887345404195,0.005462187236492462,0.06696514759471278,0.004755424922816742,0.0820285037033593,0.0,0.48399999999997945
0.1,0.35,6.371428571428573,0.5441555479730869,0.30575522462425764,0.006123666907598007,0.07482987506630241,0.005328943506473032,0.09196228760745169,0.0,0.4839999999997992
0.1,0.35,7.057142857142859,0.6029100026330142,0.2867221282207395,0.006784861507221718,0.08269875516651465,0.005902462090129322,0.10189179044497941,0.0,0.4839999999999838
0.1,0.35,7.742857142857145,0.6597548209822435,0.26760815067889904,0.007424565970936526,0.0909927351149321,0.0064759806737856125,0.11149856474599916,0.0,0.48399999999992344
0.1,0.35,8.428571428571429,0.7156098593126058,0.24843791606426174,0.00805313192256625,0.09952138350017362,0.007049499257441902,0.12093806622383038,0.0,0.4839999999999921
0.1,0.35,9.114285714285716,0.7448381448834848,0.24070031842694328,0.008916276488550678,0.10088273778207686,0.007623017841098193,0.12587764648530894,0.0,0.48399999999992444
0.1,0.35,9.8,0.7711482288599844,0.23422770530860612,0.00980566838190098,0.10144603632637697,0.008196536424754482,0.13032405067733738,0.0,0.48399999999998733
0.1,0.35,10.0,0.7788220033531231,0.23233985981568936,0.01006507435078285,0.10161033173513126,0.008363812678320901,0.13162091856667782,0.0,0.4839999999999245
0.1,0.35,10.043402777777779,0.7804873189983442,0.23193017112374298,0.010121369048900389,0.10164598612071153,0.008400113948626112,0.1319023569107202,0.0,0.4840000000000153
0.1,0.35,10.17361111111111,0.785483265933982,0.23070110504762686,0.010290253143232762,0.10175294927745257,0.00850901775954175,0.13274667194284295,0.0,0.4839999999999839
0.1,0.35,10.390625,0.7938098441600504,0.22865266158751105,0.010571726633788957,0.10193122120535415,0.008690524111067811,0.13415386366304852,0.0,0.4840000000000124
0.1,0.35,10.694444444444445,0.8031743194672568,0.22625655777432582,0.010955569341621728,0.1021067771032671,0.008944633003204297,0.13573645998996642,0.0,0.4840000000000042
0.1,0.35,11.085069444444445,0.811455151161055,0.22414054711283007,0.011443994112342178,0.10200819092576989,0.009271344435951206,0.13713592054621832,0.0,0.48399999999997784
0.1,0.35,11.5625,0.8215761676756893,0.22155431185993235,0.012040957721017327,0.10188769670882994,0.00967065840930854,0.1388463723371915,0.0,0.4840000000000034
0.1,0.35,12.12673611111111,0.8326013577152838,0.22007490210476932,0.012821126418266675,0.10025176420908694,0.0101425749232763,0.14070962945388296,0.0,0.48399999999999155
0.1,0.35,12.777777777777779,0.8446496738300432,0.21949695340943717,0.013779248426591166,0.0972909066370969,0.010687093977854485,0.14274579487727732,0.0,0.4839999999999956
0.1,0.35,13.515625,0.8583044320934358,0.21884194488805558,0.014865120036025758,0.093935268055506,0.011304215573043092,0.14505344902379066,0.0,0.48399999999999305
0.1,0.35,14.340277777777777,0.8718435068314636,0.21380478047470586,0.015846909731986228,0.0950128150393257,0.011993939708842124,0.14734155265451737,0.0,0.4840000000000057
0.1,0.35,15.25173611111111,0.8859513237990194,0.2080850748737943,0.016910975500050066,0.09638915689219205,0.012889016650885403,0.1497257737220343,0.0,0.4840000000000038
0.1,0.35,16.25,0.8995456856349617,0.20213122421588797,0.01806079860773785,0.09757439503627033,0.014210358909621672,0.15202322087230855,0.0,0.4840000000000052
0.1,0.35,17.335069444444443,0.9112645324835069,0.19990371186946793,0.019126588158845628,0.09569493462733829,0.015271057030263477,0.1540037059897127,0.0,0.483999999999987
0.1,0.35,18.506944444444443,0.9230760943924728,0.20050047514865385,0.020127822336525294,0.0912751995045173,0.016096640770763743,0.15599985995232793,0.0,0.4839999999999958
0.1,0.35,19.765625,0.9357625868132088,0.20114144311518034,0.02120322200884776,0.08652807659481815,0.016983378862412118,0.1581438771714323,0.0,0.4839999999999959
0.1,0.35,21.11111111111111,0.9493240097457153,0.20182661576905533,0.022352787175813415,0.08145356589824368,0.017931271305208663,0.1604357576470259,0.0,0.4839999999999961
0.1,0.35,22.54340277777778,0.9637603631900065,0.2025559931102771,0.023576517837421693,0.07605166741479374,0.01894031809915338,0.1628755013791111,0.0,0.483999999999999
0.1,0.35,24.0625,0.9786368432688728,0.20314063667251503,0.024884554723893434,0.07045975570718051,0.020125424257209666,0.16538962651243952,0.0,0.4839999999999978
0.1,0.35,25.66840277777778,0.9873542964991945,0.20460812235109466,0.026213053980465462,0.06484737453060586,0.02146857125850252,0.16686287610836387,0.0,0.4839999999999938
0.1,0.35,27.361111111111107,0.9937802319574404,0.20832443738266718,0.02759676533166105,0.057245616129498085,0.022884320800405793,0.16794885920080743,0.0,0.48400000000000587
0.1,0.35,29.140625,0.999955427996799,0.21259014229455847,0.029058394614079892,0.04898632235935708,0.0243726728829195,0.16899246733145906,0.0,0.4840000000000087
0.1,0.35,31.006944444444443,0.9999658369995812,0.21274870007581298,0.029100320465723358,0.04875470268360574,0.024402049814378095,0.16899422645292922,0.0,0.48399999999994464
0.1,0.35,32.96006944444444,0.9999658369995685,0.21274870007582025,0.02910032046577668,0.04875470268360416,0.024402049814378154,0.16899422645292708,0.0,0.48400000000000154
0.1,0.35,35.0,0.9999658369995659,0.21274870007581803,0.029100320465776614,0.048754702683603296,0.02440204981437813,0.16899422645292664,0.0,0.48399999999999815
0.1,0.3,0.2,,0.0,0.0,0.0,0.0,0.0,0.0,0.0
0.1,0.3,0.8857142857142859,0.05401264101499034,0.08689437636051865,0.0006078324912931518,0.01520928019057995,0.0007407948372227085,0.009128136331533369,0.0,0.11258042069424842
0.1,0.3,1.5714285714285716,0.11638596110601018,0.15537532587880007,0.0013097520758331793,0.02238449032801814,0.0013143134208789989,0.019669227426915722,0.0,0.20005310982713584
0.1,0.3,2.2571428571428576,0.17848094739296133,0.21040317180201196,0.0020085394245417353,0.029666774500082288,0.0018878320045352893,0.030163280109410467,0.0,0.2741295987527344
0.1,0.3,2.9428571428571435,0.24056502595951004,0.2646881216723955,0.002707204022969199,0.03695325483378806,0.00246135058819158,0.0406554893871572,0.0,0.3474654216303735
0.1,0.3,3.6285714285714294,0.3026491045260768,0.3189742916817381,0.0034058686213422912,0.04423973516748968,0.00303486917184787,0.05114769866490698,0.0,0.4208024646487076
0.1,0.3,4.314285714285715,0.3646148279272221,0.36309675715158546,0.004103201307263016,0.05157174631668221,0.0036083877555041603,0.06161990591970054,0.0,0.48400000000022225
0.1,0.3,5.000000000000001,0.425845785469122,0.34387146957775416,0.004792265288722912,0.05918641930538525,0.004181906339160451,0.07196793774428162,0.0,0.48400000000025256
0.1,0.3,5.685714285714287,0.48537576155833906,0.3247887345404195,0.005462187236492462,0.06696514759471278,0.004755424922816742,0.0820285037033593,0.0,0.48399999999997945
0.1,0.3,6.371428571428573,0.5441555479730869,0.30575522462425764,0.006123666907598007,0.07482987506630241,0.005328943506473032,0.09196228760745169,0.0,0.4839999999997992
0.1,0.3,7.057142857142859,0.6029100026330142,0.2867221282207395,0.006784861507221718,0.08269875516651465,0.005902462090129322,0.10189179044497941,0.0,0.4839999999999838
0.1,0.3,7.742857142857145,0.6597548209822491,0.2676081506789788,0.007424565970936641,0.09099273511493032,0.0064759806737856125,0.11149856474600012,0.0,0.48400000000000254
0.1,0.3,8.428571428571429,0.7156098593126052,0.2484379160643385,0.008053131922566337,0.09952138350017178,0.007049499257441902,0.1209380662238303,0.0,0.4840000000000672
0.1,0.3,9.114285714285716,0.744838144883491,0.24070031842695513,0.008916276488544721,0.10088273778207686,0.007623017841098193,0.12587764648531,0.0,0.4839999999999313
0.1,0.3,9.8,0.7711482288599835,0.23422770530859005,0.009805668381900964,0.10144603632637694,0.008196536424754482,0.1303240506773372,0.0,0.4839999999999709
0.1,0.3,10.0,0.7788220033531296,0.23233985981575653,0.010065074350795494,0.10161033173513113,0.008363812678320901,0.1316209185666789,0.0,0.48400000000000454
0.1,0.3,10.043402777777779,0.78048731899834,0.23193017112368808,0.010121369048900337,0.10164598612071156,0.008400113948626112,0.13190235691071947,0.0,0.4839999999999594
0.1,0.3,10.17361111111111,0.7854832659339883,0.23070110504766356,0.010290253143214826,0.10175294927745256,0.00850901775954175,0.13274667194284404,0.0,0.4840000000000032
0.1,0.3,10.390625,0.7938098441600491,0.22865266158745987,0.010571726633789313,0.10193122120535428,0.008690524111067811,0.1341538636630483,0.0,0.48399999999996174
0.1,0.3,10.694444444444445,0.8031743194672732,0.226256557774364,0.010955569341621696,0.10210677710326863,0.008944633003204297,0.1357364599899692,0.0,0.48400000000004667
0.1,0.3,11.085069444444445,0.8114551511610536,0.2241405471128282,0.011443994112291798,0.1020081909257696,0.009271344435951206,0.13713592054621807,0.0,0.4839999999999252
0.1,0.3,11.5625,0.8215761676756993,0.2215543118599309,0.012040957721017365,0.10188769670883024,0.00967065840930854,0.13884637233719319,0.0,0.4840000000000044
0.1,0.3,12.12673611111111,0.8326013577152827,0.22007490210476607,0.012821126418266672,0.10025176420908552,0.0101425749232763,0.14070962945388277,0.0,0.48399999999998655
0.1,0.3,12.777777777777779,0.8446496738300431,0.21949695340943762,0.013779248426591156,0.09729090663709679,0.010687093977854485,0.1427457948772773,0.0,0.4839999999999957
0.1,0.3,13.515625,0.8583044320934344,0.21884194488806122,0.014865120036025734,0.09393526805550799,0.011304215573043092,0.14505344902379042,0.0,0.48400000000000065
0.1,0.3,14.340277777777777,0.8718435068314658,0.21380478047470153,0.015846909731986214,0.09501281503932513,0.011993939708842124,0.14734155265451773,0.0,0.484000000000001
0.1,0.3,15.25173611111111,0.8859513237990091,0.20808507487379116,0.016910975500050062,0.09638915689219112,0.012889016650885493,0.14972577372203255,0.0,0.4839999999999979
0.1,0.3,16.25,0.8995456856349554,0.2021312242158783,0.018060798607737828,0.09757439503626879,0.014210358909621825,0.15202322087230746,0.0,0.4839999999999931
0.1,0.3,17.335069444444443,0.9111803587925207,0.2002094678100114,0.01911130381804445,0.09545134882207751,0.015238396588295716,0.153989480635936,0.0,0.4840000000000004
0.1,0.3,18.506944444444443,0.9230760943924701,0.20050047514865083,0.02012782233652526,0.09127519950451615,0.016096640770763716,0.15599985995232746,0.0,0.48399999999999116
0.1,0.3,19.765625,0.9357625868132065,0.2011414431151783,0.021203222008847715,0.08652807659481705,0.01698337886241209,0.1581438771714319,0.0,0.48399999999999205
0.1,0.3,21.11111111111111,0.9493240097457167,0.2018266157690562,0.022352787175813366,0.08145356589824394,0.017931271305208666,0.16043575764702614,0.0,0.48399999999999777
0.1,0.3,22.54340277777778,0.9637603631900086,0.20255599311027636,0.023576517837421693,0.07605166741479355,0.01894031809915337,0.16287550137911147,0.0,0.4839999999999985
0.1,0.3,24.0625,0.9786368432688832,0.2031406366725197,0.02488455472389357,0.07045975570718353,0.020125424257209666,0.16538962651244127,0.0,0.4840000000000071
0.1,0.3,25.66840277777778,0.9873542964991985,0.20460812235109793,0.026213053980465258,0.06484737453060721,0.02146857125850252,0.16686287610836456,0.0,0.4839999999999991
0.1,0.3,27.361111111111107,0.9937802319574293,0.2083244373826624,0.027596765331661083,0.057245616129495004,0.022884320800405793,0.16794885920080554,0.0,0.48399999999999593
0.1,0.3,29.140625,0.9999554279967889,0.21259014229455306,0.02905839461407975,0.04898632235935313,0.0243726728829195,0.16899246733145734,0.0,0.48399999999999793
0.1,0.3,31.006944444444443,0.9999658369995769,0.2127487000758168,0.02910032046577672,0.0487547026836043,0.024402049814378192,0.1689942264529285,0.0,0.484
0.1,0.3,32.96006944444444,0.9999658369995703,0.2127487000758158,0.029100320465755166,0.04875470268360425,0.0244020498143781,0.1689942264529274,0.0,0.48399999999997595
0.1,0.3,35.0,0.9999658369995724,0.2127487000758221,0.029100320465776805,0.04875470268360528,0.0244020498143782,0.16899422645292775,0.0,0.4840000000000054
0.1,0.25,0.2,,0.0,0.0,0.0,0.0,0.0,0.0,0.0
0.1,0.25,0.8857142857142859,0.05401264101499034,0.08689437636051865,0.0006078324912931518,0.01520928019057995,0.0007407948372227085,0.009128136331533369,0.0,0.11258042069424842
0.1,0.25,1.5714285714285716,0.11638596110601018,0.15537532587880007,0.0013097520758331793,0.02238449032801814,0.0013143134208789989,0.019669227426915722,0.0,0.20005310982713584
0.1,0.25,2.2571428571428576,0.17848094739296133,0.21040317180201196,0.0020085394245417353,0.029666774500082288,0.0018878320045352893,0.030163280109410467,0.0,0.2741295987527344
0.1,0.25,2.9428571428571435,0.24056502595951004,0.2646881216723955,0.002707204022969199,0.03695325483378806,0.00246135058819158,0.0406554893871572,0.0,0.3474654216303735
0.1,0.25,3.6285714285714294,0.3026491045260768,0.3189742916817381,0.0034058686213422912,0.04423973516748968,0.00303486917184787,0.05114769866490698,0.0,0.4208024646487076
0.1,0.25,4.314285714285715,0.3646148279272221,0.36309675715158546,0.004103201307263016,0.05157174631668221,0.0036083877555041603,0.06161990591970054,0.0,0.48400000000022225
0.1,0.25,5.000000000000001,0.425845785469122,0.34387146957775416,0.004792265288722912,0.05918641930538525,0.004181906339160451,0.07196793774428162,0.0,0.48400000000025256
0.1,0.25,5.685714285714287,0.48537576155833906,0.3247887345404195,0.005462187236492462,0.06696514759471278,0.004755424922816742,0.0820285037033593,0.0,0.48399999999997945
0.1,0.25,6.371428571428573,0.5441555479730884,0.3057552246243955,0.006123666907598132,0.07482987506630119,0.005328943506473032,0.09196228760745195,0.0,0.4839999999999362
0.1,0.25,7.057142857142859,0.6029100026330139,0.286722128220771,0.006784861507221702,0.0826987551665143,0.005902462090129322,0.10189179044497935,0.0,0.4840000000000152
0.1,0.25,7.742857142857145,0.659754820982248,0.26760815067895677,0.007424565970936588,0.09099273511493078,0.0064759806737856125,0.11149856474599992,0.0,0.4839999999999808
0.1,0.25,8.428571428571429,0.6979708129142224,0.2568386388046926,0.006927033061372425,0.09522775863705718,0.007049499257441902,0.11795706738250358,0.0,0.4840000000000024
0.1,0.25,9.114285714285716,0.7156852527000324,0.25414427272914314,0.007862612128882182,0.09341928692448073,0.007623017841098193,0.12095080770630548,0.0,0.48400000000000826
0.1,0.25,9.8,0.7332440560806913,0.251473578933021,0.00877276432734285,0.09163887235959714,0.008196536424754482,0.12391824547763684,0.0,0.4839999999999958
0.1,0.25,10.0,0.7376746968154413,0.25079967846000006,0.008930950181660482,0.09123853252031267,0.008363812678320901,0.12466702376180959,0.0,0.4839999999999853
0.1,0.25,10.043402777777779,0.7386356111573059,0.2506535233848831,0.008965272321931103,0.09115166967841834,0.008400113948626112,0.1248294182855847,0.0,0.48400000000001175
0.1,0.25,10.17361111111111,0.7415183541828892,0.2502150581594393,0.009068238742742419,0.09089108115273623,0.00850901775954175,0.1253166018569083,0.0,0.4839999999999961
0.1,0.25,10.390625,0.7463229258921886,0.2494842827837113,0.009239849444094497,0.09045676694326608,0.008690524111067811,0.12612857447577988,0.0,0.4839999999999798
0.1,0.25,10.694444444444445,0.7530493262852103,0.24846119725775304,0.009480104425987705,0.08984872705000761,0.008944633003204297,0.12726533614220054,0.0,0.4840000000000196
0.1,0.25,11.085069444444445,0.7613349386333449,0.24720095564028116,0.009934817313673107,0.08892727593976503,0.009271344435951206,0.12866560462903529,0.0,0.48400000000019416
0.1,0.25,11.5625,0.771404854330422,0.24566932149680484,0.010513475481690246,0.08777912227454802,0.00967065840930854,0.13036742038184135,0.0,0.48400000000066823
0.1,0.25,12.12673611111111,0.7833056637905932,0.24385920841669664,0.011197344225631171,0.08642221339755284,0.0101425749232763,0.13237865718061026,0.0,0.48399999999977344
0.1,0.25,12.777777777777779,0.7970373670138864,0.2417706164019079,0.011986423545599008,0.08485654930867602,0.010687093977854485,0.13469931502534682,0.0,0.48399999999946264
0.1,0.25,13.515625,0.8125999640002869,0.23940354545323733,0.012880713441639198,0.08308213000787226,0.011304215573043092,0.13732939391604848,0.0,0.48400000000053545
0.1,0.25,14.340277777777777,0.8299934547497795,0.23675799556807156,0.013880213913615084,0.08109895549527851,0.011993939708842124,0.14026889385271274,0.0,0.48400000000037496
0.1,0.25,15.25173611111111,0.8471207072945341,0.2341529404338002,0.014679543017975508,0.07924784919558255,0.012756266385251581,0.1431633995327763,0.0,0.4839999999996932
0.1,0.25,16.25,0.8648031028983236,0.2314634480189637,0.016217472591110775,0.07657615800947055,0.013591195602271462,0.1461517243898167,0.0,0.48399999999941967
0.1,0.25,17.335069444444443,0.8814742365155567,0.2289277685691617,0.01726937027080715,0.07433498623139752,0.014498727359901768,0.1489691459711291,0.0,0.4839999999999977
0.1,0.25,18.506944444444443,0.8989732437915084,0.2262661695605755,0.018270525679858835,0.07205796289039712,0.015478861658142499,0.15192647820076494,0.0,0.4839999999999975
0.1,0.25,19.765625,0.9140332400012465,0.2239755441380179,0.01946497282920759,0.06955626496865565,0.016531598496993656,0.15447161756021066,0.0,0.48400000000001375
0.1,0.25,21.11111111111111,0.9289847107592188,0.2217014254318045,0.02076894101139755,0.06687427768751292,0.017656937876455232,0.156998416118308,0.0,0.4840000000000045
0.1,0.25,22.54340277777778,0.9449007925338347,0.2192805893897119,0.022157036173083237,0.06401925896887757,0.018854879796527238,0.15968823393821807,0.0,0.48399999999999926
0.1,0.25,24.0625,0.9617814853250956,0.2167130360117444,0.023629258314265558,0.06099120881274843,0.020125424257209666,0.16254107101994117,0.0,0.4840000000000044
0.1,0.25,25.66840277777778,0.979477053073973,0.21402154014055005,0.025691948449876184,0.05728631679418667,0.02146857125850252,0.16553162196950144,0.0,0.4840000000000069
0.1,0.25,27.361111111111107,0.9929856683848924,0.21196687971632852,0.02759229417648818,0.0537419262905105,0.022884320800405793,0.16781457795704682,0.0,0.484000000000002
0.1,0.25,29.140625,0.9999554279967837,0.21259014229455045,0.02905839461407982,0.04898632235935264,0.0243726728829195,0.16899246733145645,0.0,0.4839999999999937
0.1,0.25,31.006944444444443,0.9999658369995688,0.21274870007581925,0.029100320465776697,0.04875470268360385,0.024402049814378157,0.16899422645292714,0.0,0.4840000000000006
0.1,0.25,32.96006944444444,0.9999658369995721,0.21274870007582572,0.029100320465776854,0.04875470268360605,0.024402049814378227,0.1689942264529277,0.0,0.4840000000000098
0.1,0.25,35.0,0.9999658369995819,0.21274870007582228,0.029100320465776864,0.04875470268360614,0.02440204981437826,0.16899422645292936,0.0,0.4840000000000082
0.1,0.2,0.2,,0.0,0.0,0.0,0.0,0.0,0.0,0.0
0.1,0.2,0.8857142857142859,0.05401264101499034,0.08689437636051865,0.0006078324912931518,0.01520928019057995,0.0007407948372227085,0.009128136331533369,0.0,0.11258042069424842
0.1,0.2,1.5714285714285716,0.11638596110601018,0.15537532587880007,0.0013097520758331793,0.02238449032801814,0.0013143134208789989,0.019669227426915722,0.0,0.20005310982713584
0.1,0.2,2.2571428571428576,0.17848094739296133,0.21040317180201196,0.0020085394245417353,0.029666774500082288,0.0018878320045352893,0.030163280109410467,0.0,0.2741295987527344
0.1,0.2,2.9428571428571435,0.24056502595951004,0.2646881216723955,0.002707204022969199,0.03695325483378806,0.00246135058819158,0.0406554893871572,0.0,0.3474654216303735
0.1,0.2,3.6285714285714294,0.3026491045260768,0.3189742916817381,0.0034058686213422912,0.04423973516748968,0.00303486917184787,0.05114769866490698,0.0,0.4208024646487076
0.1,0.2,4.314285714285715,0.3646148279272221,0.36309675715158546,0.004103201307263016,0.05157174631668221,0.0036083877555041603,0.06161990591970054,0.0,0.48400000000022225
0.1,0.2,5.000000000000001,0.425845785469122,0.34387146957775416,0.004792265288722912,0.05918641930538525,0.004181906339160451,0.07196793774428162,0.0,0.48400000000025256
0.1,0.2,5.685714285714287,0.48537576155833906,0.3247887345404195,0.005462187236492462,0.06696514759471278,0.004755424922816742,0.0820285037033593,0.0,0.48399999999997945
0.1,0.2,6.371428571428573,0.544155547973086,0.30575522462433125,0.006123666907598083,0.07482987506630176,0.005328943506473032,0.09196228760745154,0.0,0.48399999999987203
0.1,0.2,7.057142857142859,0.5710326075861002,0.30034594003590165,0.005862372429014043,0.0753847125368487,0.005902462090129322,0.09650451068205095,0.0,0.48399999999996635
0.1,0.2,7.742857142857145,0.5895770020683724,0.2975253378286253,0.006786851905558107,0.07357331418928997,0.0064759806737856125,0.09963851334955494,0.0,0.4839999999999903
0.1,0.2,8.428571428571429,0.6067862046658999,0.29490781808678546,0.0074119861171756665,0.07208382612635313,0.007049499257441902,0.1025468685885371,0.0,0.4839999999999891
0.1,0.2,9.114285714285716,0.6239841685341438,0.2922920077560074,0.008037841029210714,0.07059380729685322,0.007623017841098193,0.10545332448227032,0.0,0.4839999999999703
0.1,0.2,9.8,0.6406369041671182,0.28975912662664494,0.008776095523760527,0.0690006032679802,0.008196536424754482,0.10826763680424298,0.0,0.48399999999997156
0.1,0.2,10.0,0.6451202321297621,0.28907721242638573,0.008934845788485963,0.0685988086036904,0.008363812678320901,0.1090253192299298,0.0,0.4840000000000003
0.1,0.2,10.043402777777779,0.6460931765660946,0.28892922757387635,0.00896929680079612,0.06851161358105819,0.008400113948626112,0.10918974683966999,0.0,0.483999999999984
0.1,0.2,10.17361111111111,0.6490120098751084,0.2884852730164214,0.00907264983772669,0.06825002851316123,0.00850901775954175,0.10968302966889333,0.0,0.48400000000000754
0.1,0.2,10.390625,0.6538767320567936,0.28774534875399743,0.009244904899277621,0.0678140533999996,0.008690524111067811,0.11050516771759814,0.0,0.4840000000000488
0.1,0.2,10.694444444444445,0.6606873431111434,0.2867094547864616,0.009486061985448923,0.06720368824157369,0.008944633003204297,0.11165616098578324,0.0,0.4839999999999631
0.1,0.2,11.085069444444445,0.6692807000066735,0.2854024051895412,0.009851743633420548,0.06636606756806664,0.009271344435951206,0.11310843830112782,0.0,0.48399999999965027
0.1,0.2,11.5625,0.6793972463364374,0.2838636785269832,0.010430443882921194,0.06521708376368753,0.00967065840930854,0.11481813463085792,0.0,0.4840000000003655
0.1,0.2,12.12673611111111,0.6913531647261411,0.282045183378803,0.011114362359532608,0.06385919381312921,0.0101425749232763,0.11683868483871784,0.0,0.4839999999996897
0.1,0.2,12.777777777777779,0.7051484551758084,0.27994691974739083,0.011903499063368572,0.06229239771627732,0.010687093977854485,0.11917008892471162,0.0,0.4840000000000134
0.1,0.2,13.515625,0.7206766419065062,0.2775850825928427,0.01278006685744026,0.060536282048140065,0.011304215573043092,0.12179435248219955,0.0,0.4839999999998541
0.1,0.2,14.340277777777777,0.7362037377901225,0.27522341128568784,0.01349361917641208,0.05887059771555672,0.011993939708842124,0.1244184316865307,0.0,0.4839999999997299
0.1,0.2,15.25173611111111,0.7533652648193758,0.2726131429989488,0.014282282265814288,0.05702957819005777,0.012756266385251581,0.12731872975447453,0.0,0.483999999999708
0.1,0.2,16.25,0.7721451554059053,0.2697567216119552,0.015146153463398884,0.05501339767614761,0.013591195602271462,0.130492531263598,0.0,0.48399999999886384
0.1,0.2,17.335069444444443,0.7925318371509052,0.2666559072892707,0.016085302875151142,0.05282218164139027,0.014498727359901768,0.133937880478503,0.0,0.4839999999998541
0.1,0.2,18.506944444444443,0.8144700564252495,0.26331910410514026,0.017100065228642117,0.05045652914459233,0.015478861658142499,0.13764543953586716,0.0,0.48399999999971105
0.1,0.2,19.765625,0.8377557670300727,0.25977734749654774,0.01801590636053406,0.04809442269795608,0.016531598496993656,0.1415807246280823,0.0,0.48400000000004184
0.1,0.2,21.11111111111111,0.8622743872688854,0.2560480653259167,0.019171811460331187,0.04539881353719674,0.017656937876455232,0.14572437144844164,0.0,0.4840000000000396
0.1,0.2,22.54340277777778,0.8882882484249445,0.25209135705347385,0.020428720110087905,0.04250432871439865,0.018854879796527238,0.15012071398381563,0.0,0.48400000000003585
0.1,0.2,24.0625,0.9042354813596409,0.24966578286406962,0.022085396078111184,0.03930760004944475,0.020125424257209666,0.15281579634977932,0.0,0.48400000000004784
0.1,0.2,25.66840277777778,0.9210455930065462,0.24710896481976488,0.023668696989345497,0.036097061250451944,0.02146857125850252,0.15565670521810632,0.0,0.48399999999997173
0.1,0.2,27.361111111111107,0.9375434562364557,0.2445996397564093,0.025999007510752067,0.03207218729891685,0.022884320800405793,0.15844484410396104,0.0,0.4840000000000255
0.1,0.2,29.140625,0.9507150820438636,0.24259623558447355,0.027036416725811054,0.029323825525486513,0.0243726728829195,0.16067084886541294,0.0,0.48400000000001764
0.1,0.2,31.006944444444443,0.9614855526661298,0.24095804720895023,0.02716250481848348,0.027454761856408855,0.025933627506043624,0.16249105840057596,0.0,0.4840000000000156
0.1,0.2,32.96006944444444,0.9705784123264579,0.2395750233753707,0.027546319078466615,0.025283721104053247,0.027567184669778175,0.1640277516831714,0.0,0.48400000000000215
0.1,0.2,35.0,0.9718084705833929,0.23938793152308974,0.027680704019345217,0.024789656441515626,0.02790607640692112,0.1642356315285934,0.0,0.4839999999999982
0.1,0.15,0.2,,0.0,0.0,0.0,0.0,0.0,0.0,0.0
0.1,0.15,0.8857142857142859,0.05401264101499034,0.08689437636051865,0.0006078324912931518,0.01520928019057995,0.0007407948372227085,0.009128136331533369,0.0,0.11258042069424842
0.1,0.15,1.5714285714285716,0.11638596110601018,0.15537532587880007,0.0013097520758331793,0.02238449032801814,0.0013143134208789989,0.019669227426915722,0.0,0.20005310982713584
0.1,0.15,2.2571428571428576,0.17848094739296133,0.21040317180201196,0.0020085394245417353,0.029666774500082288,0.0018878320045352893,0.030163280109410467,0.0,0.2741295987527344
0.1,0.15,2.9428571428571435,0.24056502595951004,0.2646881216723955,0.002707204022969199,0.03695325483378806,0.00246135058819158,0.0406554893871572,0.0,0.3474654216303735
0.1,0.15,3.6285714285714294,0.3026491045260768,0.3189742916817381,0.0034058686213422912,0.04423973516748968,0.00303486917184787,0.05114769866490698,0.0,0.4208024646487076
0.1,0.15,4.314285714285715,0.36461482792722444,0.36309675715140366,0.004103201307262933,0.05157174631668303,0.0036083877555041603,0.061619905919700936,0.0,0.4840000000000415
0.1,0.15,5.000000000000001,0.417166773978404,0.3479489333536157,0.003710488084397815,0.05765748580884268,0.004181906339160451,0.07050118480235028,0.0,0.48400000000003646
0.1,0.15,5.685714285714287,0.4344732487597911,0.3453166184864099,0.004440576603552906,0.05606139958143895,0.004755424922816742,0.0734259790404047,0.0,0.48400000000000915
0.1,0.15,6.371428571428573,0.45168371165555976,0.3426989070530567,0.0050656299966507804,0.05457197103805669,0.005328943506473032,0.07633454726978961,0.0,0.48399999999989796
0.1,0.15,7.057142857142859,0.4688941745513323,0.34008119561996303,0.005690683389747638,0.053082542494675325,0.005902462090129322,0.07924311549917516,0.0,0.4840000000000471
0.1,0.15,7.742857142857145,0.4861046374471063,0.3374634841866553,0.0063157367828450845,0.05159311395129338,0.0064759806737856125,0.08215168372856096,0.0,0.48399999999998256
0.1,0.15,8.428571428571429,0.5033020123317394,0.3348477634429529,0.0069259736947725175,0.050118723070454715,0.007049499257441902,0.08505804008406397,0.0,0.4840000000000316
0.1,0.15,9.114285714285716,0.519942230348941,0.3323167863862321,0.0069054727390740495,0.04928448575224267,0.007623017841098193,0.08787023692897104,0.0,0.48399999999992294
0.1,0.15,9.8,0.5355230074151652,0.3299469502852653,0.007438658867421023,0.04791446590199494,0.008196536424754482,0.09050338825316293,0.0,0.48400000000000026
0.1,0.15,10.0,0.5398285429543225,0.3292920783532473,0.007722120295161492,0.04739096466836391,0.008363812678320901,0.09123102375928051,0.0,0.484000000000076
0.1,0.15,10.043402777777779,0.5407629039654216,0.329149962048483,0.007783635361946455,0.04727735762981452,0.008400113948626112,0.09138893077015625,0.0,0.48400000000001864
0.1,0.15,10.17361111111111,0.5435659869987328,0.32872361313432996,0.007968180562299655,0.04693653651416788,0.00850901775954175,0.09186265180278586,0.0,0.4839999999999894
0.1,0.15,10.390625,0.5482377920542366,0.3280130316106939,0.008275755896222259,0.04636850132142309,0.008690524111067811,0.09265218685716599,0.0,0.483999999999891
0.1,0.15,10.694444444444445,0.5547425856707756,0.3270236525322199,0.008696007422574722,0.045584209888497346,0.008944633003204297,0.09375149697836109,0.0,0.48399999999997684
0.1,0.15,11.085069444444445,0.5626978098135528,0.32581366299551545,0.009124172617820517,0.044694889972665464,0.009271344435951206,0.09509592985849043,0.0,0.48400000000002685
0.1,0.15,11.5625,0.5724173338730562,0.3243353234761063,0.009648347684790204,0.043607140975945036,0.00967065840930854,0.0967385294245465,0.0,0.4840000000000472
0.1,0.15,12.12673611111111,0.5839040441251954,0.3225881949531332,0.010267827309391464,0.042321619434365694,0.0101425749232763,0.09867978345715803,0.0,0.48400000000003673
0.1,0.15,12.777777777777779,0.5971005307516556,0.3205810094404681,0.010974309145026763,0.04084759792045317,0.010687093977854485,0.1009099896970298,0.0,0.4840000000000424
0.1,0.15,13.515625,0.6116996745975966,0.3183604796567781,0.011721581496930745,0.03923647844268293,0.011304215573043092,0.10337724500699383,0.0,0.48399999999989546
0.1,0.15,14.340277777777777,0.6280163647783612,0.31587871107535576,0.012556768243171363,0.0374358154969446,0.011993939708842124,0.10613476564754305,0.0,0.4840000000000808
0.1,0.15,15.25173611111111,0.6460506012939377,0.3131357036956588,0.013479869383756369,0.035445609083230696,0.012756266385251581,0.10918255161867547,0.0,0.4840000000000555
0.1,0.15,16.25,0.6658023841443282,0.3101314575178362,0.01449088491868376,0.033265859201543097,0.013591195602271462,0.11252060292039148,0.0,0.48399999999996624
0.1,0.15,17.335069444444443,0.6866459201786076,0.30696115546725045,0.015496360692637804,0.03100059591143451,0.014498727359901768,0.11604316051018469,0.0,0.4840000000000548
0.1,0.15,18.506944444444443,0.7082288103204205,0.3036783977356699,0.01649728064000494,0.02865479082290129,0.015478861658142499,0.11969066894415108,0.0,0.4839999999999691
0.1,0.15,19.765625,0.7311877467218718,0.30018634363834346,0.017584893215575707,0.026126435383796123,0.016531598496993656,0.12357072919599635,0.0,0.4840000000000273
0.1,0.15,21.11111111111111,0.755730058047558,0.2964534582238259,0.018747513554979046,0.023423710604062956,0.017656937876455232,0.1277183798100373,0.0,0.4839999999999551
0.1,0.15,22.54340277777778,0.7780188510842203,0.29306333287854414,0.020203760719934134,0.020392840917202965,0.018854879796527238,0.13148518583323324,0.0,0.4839999999999966
0.1,0.15,24.0625,0.7940023384238691,0.290632244394374,0.021701047924612138,0.017354888316151434,0.020125424257209666,0.1341863951936339,0.0,0.4839999999999651
0.1,0.15,25.66840277777778,0.8108991678972167,0.2880622365682825,0.023283894398128526,0.014143338423611585,0.02146857125850252,0.13704195937462962,0.0,0.483999999999964
0.1,0.15,27.361111111111107,0.8253833159012748,0.28585919763735357,0.02321587579722282,0.012550825381661647,0.022884320800405793,0.13948978038731544,0.0,0.48399999999989024
0.1,0.15,29.140625,0.8395015117264972,0.28371182004592843,0.022850723964223836,0.01118902762300895,0.0243726728829195,0.14187575548177805,0.0,0.4839999999999448
0.1,0.15,31.006944444444443,0.8542467885002463,0.2814690634422948,0.02246874653356907,0.009760855253385221,0.025933627506043624,0.14436770725654163,0.0,0.48400000000006244
0.1,0.15,32.96006944444444,0.8696778921006667,0.27912199257787657,0.0220690027107912,0.008266256261918337,0.027567184669778175,0.1469755637650127,0.0,0.4840000000000336
0.1,0.15,35.0,0.8849514171534298,0.2767988895322122,0.023051085197944958,0.005319891497361387,0.029273344374123152,0.14955678949892964,0.0,0.48400000000001175
0.2,1.0,0.2,,0.0,0.0,0.0,0.0,0.0,0.0,0.0
0.2,1.0,0.8857142857142859,0.05401264101499034,0.08689437636051865,0.0006078324912931518,0.01520928019057995,0.0007407948372227085,0.009128136331533369,0.0,0.11258042069424842
0.2,1.0,1.5714285714285716,0.11638596110601018,0.15537532587880007,0.0013097520758331793,0.02238449032801814,0.0013143134208789989,0.019669227426915722,0.0,0.20005310982713584
0.2,1.0,2.2571428571428576,0.17848094739296133,0.21040317180201196,0.0020085394245417353,0.029666774500082288,0.0018878320045352893,0.030163280109410467,0.0,0.2741295987527344
0.2,1.0,2.9428571428571435,0.24056502595951004,0.2646881216723955,0.002707204022969199,0.03695325483378806,0.00246135058819158,0.0406554893871572,0.0,0.3474654216303735
0.2,1.0,3.6285714285714294,0.3026491045260768,0.3189742916817381,0.0034058686213422912,0.04423973516748968,0.00303486917184787,0.05114769866490698,0.0,0.4208024646487076
0.2,1.0,4.314285714285715,0.36461482792722444,0.36309675715140366,0.004103201307262933,0.05157174631668303,0.0036083877555041603,0.061619905919700936,0.0,0.4840000000000415
0.2,1.0,5.000000000000001,0.42584578546911706,0.3438714695766899,0.00479226528872276,0.05918641930538998,0.004181906339160451,0.07196793774428079,0.0,0.4839999999991919
0.2,1.0,5.685714285714287,0.4853757615583393,0.3247887345405192,0.005462187236492435,0.06696514759471182,0.004755424922816742,0.08202850370335935,0.0,0.48400000000007776
0.2,1.0,6.371428571428573,0.5441555479730927,0.3057552246245468,0.006123666907598232,0.07482987506629984,0.005328943506473032,0.09196228760745268,0.0,0.48400000000008664
0.2,1.0,7.057142857142859,0.6029100026330138,0.2867221282207716,0.0067848615072216975,0.08269875516651419,0.005902462090129322,0.10189179044497933,0.0,0.4840000000000155
0.2,1.0,7.742857142857145,0.659754820982248,0.267608150678937,0.007424565970936535,0.0909927351149312,0.0064759806737856125,0.11149856474599992,0.0,0.4839999999999612
0.2,1.0,8.428571428571429,0.715609859312608,0.2484379160642765,0.008053131922566242,0.09952138350017325,0.007049499257441902,0.12093806622383076,0.0,0.48400000000000687
0.2,1.0,9.114285714285716,0.7448381448834772,0.2407003184268974,0.008916276488525967,0.10088273778207685,0.007623017841098193,0.12587764648530766,0.0,0.4839999999998526
0.2,1.0,9.8,0.7711482288599804,0.23422770530861534,0.009805668381902001,0.10144603632637691,0.008196536424754482,0.13032405067733668,0.0,0.4839999999999969
0.2,1.0,10.0,0.7788220033531257,0.23233985981570912,0.010065074350783668,0.10161033173513123,0.008363812678320901,0.13162091856667824,0.0,0.48399999999994536
0.2,1.0,10.043402777777779,0.7804873189983431,0.23193017112376263,0.01012136904890031,0.10164598612071146,0.008400113948626112,0.13190235691072,0.0,0.4840000000000342
0.2,1.0,10.17361111111111,0.7854832659339821,0.23070110504761465,0.01029025314319991,0.10175294927745258,0.00850901775954175,0.13274667194284298,0.0,0.4839999999999389
0.2,1.0,10.390625,0.7938098441600495,0.22865266158746675,0.010571726633789462,0.10193122120535421,0.008690524111067811,0.13415386366304838,0.0,0.4839999999999687
0.2,1.0,10.694444444444445,0.8031743194672611,0.2262565577743421,0.010955569341621658,0.1021067771032676,0.008944633003204297,0.13573645998996714,0.0,0.4840000000000215
0.2,1.0,11.085069444444445,0.811455151161066,0.22414054711286335,0.011443994112342022,0.10200819092577083,0.009271344435951206,0.13713592054622017,0.0,0.4840000000000138
0.2,1.0,11.5625,0.8215761676756977,0.22155431185992291,0.012040957721017308,0.10188769670882991,0.00967065840930854,0.13884637233719294,0.0,0.48399999999999554
0.2,1.0,12.12673611111111,0.8326013577152881,0.22007490210476693,0.012821126418266666,0.1002517642090864,0.0101425749232763,0.14070962945388368,0.0,0.4839999999999895
0.2,1.0,12.777777777777779,0.8446496738300483,0.21949695340943806,0.013779248426591083,0.0972909066370977,0.010687093977854485,0.14274579487727818,0.0,0.48399999999999815
0.2,1.0,13.515625,0.8583044320934481,0.2188419448880648,0.014865120036025643,0.09393526805551079,0.011304215573043092,0.14505344902379275,0.0,0.4840000000000091
0.2,1.0,14.340277777777777,0.8718435068314668,0.21380478047470533,0.01584690973198625,0.09501281503932568,0.011993939708842124,0.1473415526545179,0.0,0.4840000000000055
0.2,1.0,15.25173611111111,0.8859513237990186,0.20808507487379488,0.016910975500050034,0.09638915689219202,0.012889016650885406,0.14972577372203416,0.0,0.4840000000000041
0.2,1.0,16.25,0.8995456856349614,0.2021312242158854,0.018060798607737596,0.09757439503626988,0.014210358909621714,0.1520232208723085,0.0,0.48400000000000165
0.2,1.0,17.335069444444443,0.9112645324835095,0.19990371186947278,0.019126588158845735,0.09569493462734038,0.015271057030263532,0.1540037059897131,0.0,0.4839999999999946
0.2,1.0,18.506944444444443,0.9230760943924674,0.2005004751486542,0.020127822336525356,0.09127519950451703,0.016096640770763743,0.155999859952327,0.0,0.48399999999999516
0.2,1.0,19.765625,0.9357625868132082,0.20114144311517862,0.021203222008847705,0.08652807659481734,0.016983378862412097,0.1581438771714322,0.0,0.48399999999999294
0.2,1.0,21.11111111111111,0.949324009745727,0.2018266157690655,0.022352787175813515,0.08145356589824868,0.017931271305208784,0.16043575764702786,0.0,0.4840000000000137
0.2,1.0,22.54340277777778,0.9637603631900155,0.20255599311027317,0.023576517837421672,0.07605166741479333,0.018940318099153353,0.16287550137911264,0.0,0.4839999999999962
0.2,1.0,24.0625,0.9786368432688731,0.20314063667251603,0.024884554723893396,0.07045975570718091,0.020125424257209666,0.16538962651243957,0.0,0.48399999999999904
0.2,1.0,25.66840277777778,0.9873542964991942,0.20460812235109807,0.026213053980465393,0.06484737453060721,0.02146857125850252,0.1668628761083638,0.0,0.48399999999999815
0.2,1.0,27.361111111111107,0.9937802319574345,0.2083244373826671,0.02759676533166106,0.057245616129497266,0.022884320800405793,0.16794885920080643,0.0,0.4840000000000036
0.2,1.0,29.140625,0.9999554279967896,0.2125901422945522,0.029058394614079972,0.0489863223593531,0.0243726728829195,0.16899246733145745,0.0,0.48399999999999727
0.2,1.0,31.006944444444443,0.9999658369995771,0.2127487000758199,0.029100320465776798,0.048754702683605114,0.024402049814378213,0.16899422645292853,0.0,0.4840000000000038
0.2,1.0,32.96006944444444,0.9999658369995741,0.21274870007581892,0.029100320465776763,0.04875470268360508,0.0244020498143782,0.16899422645292803,0.0,0.4840000000000019
0.2,1.0,35.0,0.9999658369995758,0.21274870007581284,0.029100320465760176,0.04875470268360431,0.024402049814378123,0.1689942264529283,0.0,0.48399999999997906
0.2,0.35,0.2,,0.0,0.0,0.0,0.0,0.0,0.0,0.0
0.2,0.35,0.8857142857142859,0.05401264101499034,0.08689437636051865,0.0006078324912931518,0.01520928019057995,0.0007407948372227085,0.009128136331533369,0.0,0.11258042069424842
0.2,0.35,1.5714285714285716,0.11638596110601018,0.15537532587880007,0.0013097520758331793,0.02238449032801814,0.0013143134208789989,0.019669227426915722,0.0,0.20005310982713584
0.2,0.35,2.2571428571428576,0.17848094739296133,0.21040317180201196,0.0020085394245417353,0.029666774500082288,0.0018878320045352893,0.030163280109410467,0.0,0.2741295987527344
0.2,0.35,2.9428571428571435,0.24056502595951004,0.2646881216723955,0.002707204022969199,0.03695325483378806,0.00246135058819158,0.0406554893871572,0.0,0.3474654216303735
0.2,0.35,3.6285714285714294,0.3026491045260768,0.3189742916817381,0.0034058686213422912,0.04423973516748968,0.00303486917184787,0.05114769866490698,0.0,0.4208024646487076
0.2,0.35,4.314285714285715,0.3646148279272221,0.36309675715158546,0.004103201307263016,0.05157174631668221,0.0036083877555041603,0.06161990591970054,0.0,0.48400000000022225
0.2,0.35,5.000000000000001,0.425845785469122,0.34387146957775416,0.004792265288722912,0.05918641930538525,0.004181906339160451,0.07196793774428162,0.0,0.48400000000025256
0.2,0.35,5.685714285714287,0.48537576155833906,0.3247887345404195,0.005462187236492462,0.06696514759471278,0.004755424922816742,0.0820285037033593,0.0,0.48399999999997945
0.2,0.35,6.371428571428573,0.5441555479730869,0.30575522462425764,0.006123666907598007,0.07482987506630241,0.005328943506473032,0.09196228760745169,0.0,0.4839999999997992
0.2,0.35,7.057142857142859,0.6029100026330142,0.2867221282207395,0.006784861507221718,0.08269875516651465,0.005902462090129322,0.10189179044497941,0.0,0.4839999999999838
0.2,0.35,7.742857142857145,0.6597548209822476,0.26760815067895516,0.007424565970936506,0.09099273511493083,0.0064759806737856125,0.11149856474599985,0.0,0.48399999999997884
0.2,0.35,8.428571428571429,0.7156098593126052,0.24843791606430252,0.008053131922566303,0.09952138350017264,0.007049499257441902,0.1209380662238303,0.0,0.48400000000003196
0.2,0.35,9.114285714285716,0.7448381448834851,0.24070031842700493,0.008916276488561827,0.10088273778207678,0.007623017841098193,0.125877646485309,0.0,0.48399999999999693
0.2,0.35,9.8,0.7711482288599847,0.23422770530857037,0.009805668381900941,0.10144603632637697,0.008196536424754482,0.13032405067733743,0.0,0.48399999999995175
0.2,0.35,10.0,0.7788220033531268,0.23233985981581626,0.010065074350838189,0.10161033173513101,0.008363812678320901,0.13162091856667843,0.0,0.48400000000010723
0.2,0.35,10.043402777777779,0.7804873189983447,0.2319301711237692,0.01012136904890034,0.10164598612071143,0.008400113948626112,0.13190235691072025,0.0,0.48400000000004134
0.2,0.35,10.17361111111111,0.7854832659339801,0.23070110504763652,0.010290253143192622,0.1017529492774526,0.00850901775954175,0.13274667194284265,0.0,0.483999999999953
0.2,0.35,10.390625,0.7938098441600544,0.22865266158746328,0.010571726633789335,0.10193122120535436,0.008690524111067811,0.1341538636630492,0.0,0.4839999999999659
0.2,0.35,10.694444444444445,0.8031743194672653,0.22625655777433107,0.010955569341621665,0.10210677710326732,0.008944633003204297,0.13573645998996783,0.0,0.4840000000000111
0.2,0.35,11.085069444444445,0.811455151161055,0.22414054711284517,0.011443994112342084,0.10200819092577007,0.009271344435951206,0.13713592054621832,0.0,0.4839999999999932
0.2,0.35,11.5625,0.8215761676757007,0.22155431185993313,0.012040957721017348,0.10188769670883031,0.00967065840930854,0.13884637233719344,0.0,0.48400000000000676
0.2,0.35,12.12673611111111,0.8326013577152948,0.22007490210477498,0.012821126418266627,0.10025176420909,0.0101425749232763,0.14070962945388482,0.0,0.484000000000002
0.2,0.35,12.777777777777779,0.8446496738300482,0.2194969534094411,0.01377924842659107,0.09729090663709848,0.010687093977854485,0.14274579487727815,0.0,0.4840000000000018
0.2,0.35,13.515625,0.8583044320934377,0.21884194488806066,0.014865120036025739,0.09393526805550813,0.011304215573043092,0.14505344902379097,0.0,0.4840000000000009
0.2,0.35,14.340277777777777,0.8718435068314645,0.21380478047470436,0.01584690973198623,0.09501281503932552,0.011993939708842124,0.1473415526545175,0.0,0.4840000000000043
0.2,0.35,15.25173611111111,0.8859513237990148,0.20808507487379715,0.016910975500050135,0.09638915689219218,0.012889016650885385,0.1497257737220335,0.0,0.484000000000006
0.2,0.35,16.25,0.8995456856349613,0.20213122421588783,0.018060798607737672,0.09757439503627027,0.014210358909621678,0.15202322087230846,0.0,0.4840000000000046
0.2,0.35,17.335069444444443,0.9112645324835071,0.19990371186946987,0.019126588158845617,0.09569493462733886,0.015271057030263498,0.15400370598971272,0.0,0.48399999999998955
0.2,0.35,18.506944444444443,0.9230760943924783,0.2005004751486539,0.020127822336525315,0.09127519950451807,0.016096640770763757,0.15599985995232885,0.0,0.48399999999999754
0.2,0.35,19.765625,0.9357625868132099,0.20114144311517915,0.021203222008847722,0.08652807659481787,0.016983378862412104,0.1581438771714325,0.0,0.4839999999999943
0.2,0.35,21.11111111111111,0.9493240097457206,0.20182661576905872,0.022352787175813425,0.0814535658982455,0.017931271305208704,0.1604357576470268,0.0,0.4840000000000024
0.2,0.35,22.54340277777778,0.963760363190005,0.2025559931102712,0.023576517837421554,0.07605166741479144,0.01894031809915332,0.16287550137911086,0.0,0.4839999999999903
0.2,0.35,24.0625,0.9786368432688767,0.2031406366725177,0.024884554723893518,0.07045975570718208,0.020125424257209666,0.16538962651244016,0.0,0.48400000000000243
0.2,0.35,25.66840277777778,0.9873542964991917,0.20460812235109568,0.026213053980465317,0.06484737453060592,0.02146857125850252,0.16686287610836342,0.0,0.4839999999999945
0.2,0.35,27.361111111111107,0.9937802319574244,0.20832443738266004,0.02759676533166083,0.057245616129493256,0.022884320800405793,0.16794885920080474,0.0,0.48399999999999066
0.2,0.35,29.140625,0.9999554279967794,0.21259014229455397,0.029058394614081294,0.04898632235935213,0.0243726728829195,0.16899246733145573,0.0,0.4839999999999975
0.2,0.35,31.006944444444443,0.9999658369995729,0.21274870007582322,0.029100320465780333,0.048754702683605135,0.024402049814378216,0.16899422645292783,0.0,0.48400000000000976
0.2,0.35,32.96006944444444,0.9999658369995776,0.21274870007581717,0.029100320465776736,0.048754702683604906,0.024402049814378206,0.16899422645292864,0.0,0.4840000000000009
0.2,0.35,35.0,0.9999658369995745,0.2127487000758237,0.02910032046578018,0.04875470268360505,0.024402049814378223,0.1689942264529281,0.0,0.4840000000000102
0.2,0.3,0.2,,0.0,0.0,0.0,0.0,0.0,0.0,0.0
0.2,0.3,0.8857142857142859,0.05401264101499034,0.08689437636051865,0.0006078324912931518,0.01520928019057995,0.0007407948372227085,0.009128136331533369,0.0,0.11258042069424842
0.2,0.3,1.5714285714285716,0.11638596110601018,0.15537532587880007,0.0013097520758331793,0.02238449032801814,0.0013143134208789989,0.019669227426915722,0.0,0.20005310982713584
0.2,0.3,2.2571428571428576,0.17848094739296133,0.21040317180201196,0.0020085394245417353,0.029666774500082288,0.0018878320045352893,0.030163280109410467,0.0,0.2741295987527344
0.2,0.3,2.9428571428571435,0.24056502595951004,0.2646881216723955,0.002707204022969199,0.03695325483378806,0.00246135058819158,0.0406554893871572,0.0,0.3474654216303735
0.2,0.3,3.6285714285714294,0.3026491045260768,0.3189742916817381,0.0034058686213422912,0.04423973516748968,0.00303486917184787,0.05114769866490698,0.0,0.4208024646487076
0.2,0.3,4.314285714285715,0.3646148279272221,0.36309675715158546,0.004103201307263016,0.05157174631668221,0.0036083877555041603,0.06161990591970054,0.0,0.48400000000022225
0.2,0.3,5.000000000000001,0.425845785469122,0.34387146957775416,0.004792265288722912,0.05918641930538525,0.004181906339160451,0.07196793774428162,0.0,0.48400000000025256
0.2,0.3,5.685714285714287,0.48537576155833906,0.3247887345404195,0.005462187236492462,0.06696514759471278,0.004755424922816742,0.0820285037033593,0.0,0.48399999999997945
0.2,0.3,6.371428571428573,0.5441555479730869,0.30575522462425764,0.006123666907598007,0.07482987506630241,0.005328943506473032,0.09196228760745169,0.0,0.4839999999997992
0.2,0.3,7.057142857142859,0.6029100026330142,0.2867221282207395,0.006784861507221718,0.08269875516651465,0.005902462090129322,0.10189179044497941,0.0,0.4839999999999838
0.2,0.3,7.742857142857145,0.659754820982242,0.26760815067891974,0.007424565970936528,0.0909927351149316,0.0064759806737856125,0.11149856474599891,0.0,0.48399999999994353
0.2,0.3,8.428571428571429,0.7156098593126009,0.2484379160643168,0.008053131922566343,0.09952138350017237,0.007049499257441902,0.12093806622382956,0.0,0.48400000000004545
0.2,0.3,9.114285714285716,0.744838144883479,0.2407003184270017,0.008916276488591347,0.10088273778207667,0.007623017841098193,0.12587764648530797,0.0,0.48400000000002236
0.2,0.3,9.8,0.7709438336808501,0.23456839332803822,0.00949539061040707,0.10145016886501149,0.008196536424754482,0.13028950789206367,0.0,0.48400000000017807
0.2,0.3,10.0,0.777367738598988,0.23369988144058423,0.00894307508974061,0.10161808012648602,0.008363812678320901,0.13137514782322898,0.0,0.483999999999901
0.2,0.3,10.043402777777779,0.778646555603195,0.23352698539573913,0.00882096697281685,0.10166066295352738,0.008400113948626112,0.13159126789693995,0.0,0.48399999999984195
0.2,0.3,10.17361111111111,0.7819557738947596,0.23307957912502786,0.008882820945668633,0.10137805358466374,0.00850901775954175,0.13215052578821437,0.0,0.4839999999999526
0.2,0.3,10.390625,0.7872271382646573,0.23236689073263414,0.00918232578759517,0.10071887026772434,0.008690524111067811,0.1330413863667271,0.0,0.48399999999998666
0.2,0.3,10.694444444444445,0.7936982700831021,0.2314919937440382,0.00953883224396239,0.09988953071139717,0.008944633003204297,0.13413500764404426,0.0,0.48399999999996635
0.2,0.3,11.085069444444445,0.8013140693632389,0.2304623377286501,0.010067147369381878,0.09877709013708656,0.009271344435951206,0.13542207772238737,0.0,0.48399999999999954
0.2,0.3,11.5625,0.8106222684834105,0.22920386926537467,0.010712865856006592,0.0974174405462615,0.00967065840930854,0.13699516337369638,0.0,0.48400000000001736
0.2,0.3,12.12673611111111,0.8216228674436018,0.2277165883541155,0.011475987703839775,0.09581058193891928,0.0101425749232763,0.1388542645979687,0.0,0.48399999999992144
0.2,0.3,12.777777777777779,0.834315866243839,0.22600049499517522,0.012356512912870989,0.09395651431506936,0.010687093977854485,0.14099938139520882,0.0,0.484000000000019
0.2,0.3,13.515625,0.8485740974023512,0.22407278221279525,0.01348150562099387,0.09173247184427852,0.011304215573043092,0.14340902246099738,0.0,0.48400000000001564
0.2,0.3,14.340277777777777,0.86175825518461,0.2222902840265647,0.014809640404494553,0.08926898855169385,0.011993939708842124,0.1456371451261991,0.0,0.48400000000002036
0.2,0.3,15.25173611111111,0.8741578069309143,0.22061386461823304,0.016059095377530617,0.08683810188525311,0.012756266385251581,0.1477326693713245,0.0,0.4839999999999921
0.2,0.3,16.25,0.8857500432226842,0.21904659425967032,0.017235002655870264,0.08443544783912037,0.013591195602271462,0.14969175730463366,0.0,0.4840000000000042
0.2,0.3,17.335069444444443,0.8982442322483933,0.21735737989641216,0.01826455127802959,0.0820760639043025,0.014498727359901768,0.1518032752499785,0.0,0.4839999999999987
0.2,0.3,18.506944444444443,0.9117379563961547,0.21553302838409552,0.019376463789962037,0.07952792925469895,0.015478861658142499,0.15408371463095016,0.0,0.48399999999999355
0.2,0.3,19.765625,0.9262312156659911,0.21357353972272033,0.02057074019166657,0.07679104389030984,0.016531598496993656,0.15653307544755252,0.0,0.4839999999999931
0.2,0.3,21.11111111111111,0.9417240100578864,0.21147891391229243,0.02184738048314409,0.07386540781113521,0.017656937876455232,0.1591513576997828,0.0,0.4840000000000005
0.2,0.3,22.54340277777778,0.95821633957183,0.2092491509527902,0.023206384664394675,0.0707510210171751,0.018854879796527238,0.16193856138763926,0.0,0.4839999999999925
0.2,0.3,24.0625,0.9749118032792022,0.20699192425017743,0.024670517418964193,0.06745203726215318,0.020125424257209666,0.16476009475418518,0.0,0.48400000000000815
0.2,0.3,25.66840277777778,0.9870988455476613,0.20534423610636027,0.02621146630378016,0.06415601969102766,0.02146857125850252,0.16681970489755477,0.0,0.484000000000003
0.2,0.3,27.361111111111107,0.9937802319574323,0.20832443738266465,0.027596765331660954,0.05724561612949567,0.022884320800405793,0.16794885920080607,0.0,0.48399999999999926
0.2,0.3,29.140625,0.999955427996796,0.21259014229455409,0.029058394614080055,0.04898632235935538,0.0243726728829195,0.16899246733145853,0.0,0.48400000000000226
0.2,0.3,31.006944444444443,0.9999658369995705,0.21274870007581562,0.02910032046575519,0.04875470268360433,0.024402049814378098,0.16899422645292744,0.0,0.48399999999997584
0.2,0.3,32.96006944444444,0.999965836999577,0.2127487000758229,0.02910032046577684,0.04875470268360587,0.024402049814378234,0.16899422645292853,0.0,0.48400000000000754
0.2,0.3,35.0,0.9999658369995797,0.212748700075822,0.02910032046577686,0.048754702683606065,0.02440204981437825,0.168994226452929,0.0,0.48400000000000754
0.2,0.25,0.2,,0.0,0.0,0.0,0.0,0.0,0.0,0.0
0.2,0.25,0.8857142857142859,0.05401264101499034,0.08689437636051865,0.0006078324912931518,0.01520928019057995,0.0007407948372227085,0.009128136331533369,0.0,0.11258042069424842
0.2,0.25,1.5714285714285716,0.11638596110601018,0.15537532587880007,0.0013097520758331793,0.02238449032801814,0.0013143134208789989,0.019669227426915722,0.0,0.20005310982713584
0.2,0.25,2.2571428571428576,0.17848094739296133,0.21040317180201196,0.0020085394245417353,0.029666774500082288,0.0018878320045352893,0.030163280109410467,0.0,0.2741295987527344
0.2,0.25,2.9428571428571435,0.24056502595951004,0.2646881216723955,0.002707204022969199,0.03695325483378806,0.00246135058819158,0.0406554893871572,0.0,0.3474654216303735
0.2,0.25,3.6285714285714294,0.3026491045260768,0.3189742916817381,0.0034058686213422912,0.04423973516748968,0.00303486917184787,0.05114769866490698,0.0,0.4208024646487076
0.2,0.25,4.314285714285715,0.3646148279272221,0.36309675715158546,0.004103201307263016,0.05157174631668221,0.0036083877555041603,0.06161990591970054,0.0,0.48400000000022225
0.2,0.25,5.000000000000001,0.425845785469122,0.34387146957775416,0.004792265288722912,0.05918641930538525,0.004181906339160451,0.07196793774428162,0.0,0.48400000000025256
0.2,0.25,5.685714285714287,0.48537576155833906,0.3247887345404195,0.005462187236492462,0.06696514759471278,0.004755424922816742,0.0820285037033593,0.0,0.48399999999997945
0.2,0.25,6.371428571428573,0.5441555479730884,0.3057552246243955,0.006123666907598132,0.07482987506630119,0.005328943506473032,0.09196228760745195,0.0,0.4839999999999362
0.2,0.25,7.057142857142859,0.6029100026330146,0.2867221282206847,0.006784861507221635,0.08269875516651509,0.005902462090129322,0.10189179044497948,0.0,0.4839999999999297
0.2,0.25,7.742857142857145,0.6412616558995765,0.27630142359789234,0.006409798742729183,0.08643957450771234,0.0064759806737856125,0.10837321984702844,0.0,0.4839999999999684
0.2,0.25,8.428571428571429,0.6579865672304258,0.2740402158079872,0.007356336410617986,0.08435421622859726,0.007049499257441902,0.11119972986194197,0.0,0.48399999999994214
0.2,0.25,9.114285714285716,0.6742994459708184,0.2718347147736273,0.008230421833416279,0.08235523696244809,0.007623017841098193,0.1139566063690683,0.0,0.48399999999998905
0.2,0.25,9.8,0.688736515015209,0.26988282297887894,0.00877473488589705,0.08074943273619212,0.008196536424754482,0.11639647103757034,0.0,0.4840000000000461
0.2,0.25,10.0,0.6929473268198194,0.26931352120537755,0.008933492859537137,0.08028107317020106,0.008363812678320901,0.11710809823254949,0.0,0.4840000000000288
0.2,0.25,10.043402777777779,0.6938611314649153,0.26918997481354995,0.008967945544788934,0.08017943263938701,0.008400113948626112,0.1172625312175707,0.0,0.48400000000001653
0.2,0.25,10.17361111111111,0.6966025454002147,0.2688193356381287,0.009071303600544185,0.07987451104694468,0.00850901775954175,0.1177258301726363,0.0,0.4840000000000414
0.2,0.25,10.390625,0.7011715686257065,0.2682016036790386,0.009243567026803087,0.07936630839287433,0.008690524111067811,0.1184979950977444,0.0,0.4840000000000278
0.2,0.25,10.694444444444445,0.7075682011413916,0.26733677893631574,0.009484735823565441,0.07865482467717588,0.008944633003204297,0.11957902599289519,0.0,0.4840000000000108
0.2,0.25,11.085069444444445,0.7155206503749482,0.2662616078026715,0.009893472541398567,0.07765058384953485,0.009271344435951206,0.12092298991336625,0.0,0.4840000000001185
0.2,0.25,11.5625,0.7250185525130204,0.26497749146621047,0.010471614499903685,0.07635209888557899,0.00967065840930854,0.12252813537470045,0.0,0.48400000000019067
0.2,0.25,12.12673611111111,0.7362359551799003,0.26346089866424816,0.011154866508394791,0.07481778222408447,0.0101425749232763,0.12442387642540315,0.0,0.48400000000032284
0.2,0.25,12.777777777777779,0.7491791121032314,0.26171098389256714,0.011943234210487607,0.073047416845449,0.010687093977854485,0.1266112699454461,0.0,0.484000000000293
0.2,0.25,13.515625,0.7638480232829917,0.25972774715114105,0.012836717606188031,0.0710410027496674,0.011304215573043092,0.12909031593482562,0.0,0.4840000000000672
0.2,0.25,14.340277777777777,0.7791945752925521,0.25765289333045843,0.01367318299239955,0.06899609984670976,0.011993939708842124,0.1316838832244413,0.0,0.4839999999999194
0.2,0.25,15.25173611111111,0.795191289120493,0.2554901375931213,0.014458119674968822,0.06690814762167602,0.012756266385251581,0.13438732786136331,0.0,0.48399999999984084
0.2,0.25,16.25,0.8127114995034744,0.2531214051196965,0.015317812232103527,0.06462134280374698,0.013591195602271462,0.1373482434160872,0.0,0.48400000000055615
0.2,0.25,17.335069444444443,0.8317552064414966,0.2505466959082077,0.016252260663717086,0.062135685393009184,0.014498727359901768,0.14056662988861293,0.0,0.4840000000000891
0.2,0.25,18.506944444444443,0.8523224099345632,0.24776600996004264,0.01726146496986384,0.05945117538940816,0.015478861658142499,0.1440424872789412,0.0,0.4839999999998272
0.2,0.25,19.765625,0.8744131099826762,0.24477934727497028,0.01834542515054255,0.056567812792944934,0.016531598496993656,0.14777581558707228,0.0,0.4839999999995413
0.2,0.25,21.11111111111111,0.8974553700161116,0.24166403366820158,0.019923053745248227,0.053086016543335786,0.017656937876455232,0.1516699575327229,0.0,0.4839999999999158
0.2,0.25,22.54340277777778,0.9178586874554693,0.23890550510576508,0.02160114794252519,0.049520348322761795,0.018854879796527238,0.1551181181799743,0.0,0.48400000000000504
0.2,0.25,24.0625,0.9342562718909436,0.2366885516805822,0.02306343911685826,0.04623327451213001,0.020125424257209666,0.15788930994956948,0.0,0.48399999999999965
0.2,0.25,25.66840277777778,0.9506514563271394,0.23447192274161163,0.02461362549211402,0.04278578404628317,0.02146857125850252,0.16066009611928658,0.0,0.48400000000002535
0.2,0.25,27.361111111111107,0.9657401098553666,0.23243193676424367,0.02628153609595072,0.03919212741161856,0.022884320800405793,0.16321007856555697,0.0,0.4839999999999932
0.2,0.25,29.140625,0.9789110239395296,0.23065122928011042,0.027366501887304863,0.03617363264199357,0.0243726728829195,0.1654359630457805,0.0,0.4839999999999906
0.2,0.25,31.006944444444443,0.9853743687315515,0.2297773851242993,0.027845064502418304,0.03399857580883716,0.025850706046547517,0.16652826831563222,0.0,0.4839999999999956
0.2,0.25,32.96006944444444,0.9853743687315588,0.22977738512430015,0.027845064502418717,0.03399857580883613,0.02585070604654791,0.16652826831563344,0.0,0.4839999999999973
0.2,0.25,35.0,0.9853743687315513,0.22977738512430562,0.02784506450241875,0.03399857580883603,0.0258507060465482,0.16652826831563217,0.0,0.48400000000000165
0.2,0.2,0.2,,0.0,0.0,0.0,0.0,0.0,0.0,0.0
0.2,0.2,0.8857142857142859,0.05401264101499034,0.08689437636051865,0.0006078324912931518,0.01520928019057995,0.0007407948372227085,0.009128136331533369,0.0,0.11258042069424842
0.2,0.2,1.5714285714285716,0.11638596110601018,0.15537532587880007,0.0013097520758331793,0.02238449032801814,0.0013143134208789989,0.019669227426915722,0.0,0.20005310982713584
0.2,0.2,2.2571428571428576,0.17848094739296133,0.21040317180201196,0.0020085394245417353,0.029666774500082288,0.0018878320045352893,0.030163280109410467,0.0,0.2741295987527344
0.2,0.2,2.9428571428571435,0.24056502595951004,0.2646881216723955,0.002707204022969199,0.03695325483378806,0.00246135058819158,0.0406554893871572,0.0,0.3474654216303735
0.2,0.2,3.6285714285714294,0.3026491045260768,0.3189742916817381,0.0034058686213422912,0.04423973516748968,0.00303486917184787,0.05114769866490698,0.0,0.4208024646487076
0.2,0.2,4.314285714285715,0.3646148279272221,0.36309675715158546,0.004103201307263016,0.05157174631668221,0.0036083877555041603,0.06161990591970054,0.0,0.48400000000022225
0.2,0.2,5.000000000000001,0.425845785469122,0.34387146957775416,0.004792265288722912,0.05918641930538525,0.004181906339160451,0.07196793774428162,0.0,0.48400000000025256
0.2,0.2,5.685714285714287,0.48537576155833906,0.3247887345404195,0.005462187236492462,0.06696514759471278,0.004755424922816742,0.0820285037033593,0.0,0.48399999999997945
0.2,0.2,6.371428571428573,0.5173493531572734,0.3172543671712827,0.00527152509615066,0.06871312154544792,0.005328943506473032,0.08743204068357921,0.0,0.48399999999992266
0.2,0.2,7.057142857142859,0.5337947312473634,0.3150309520931444,0.005986179040629263,0.0668690954255726,0.005902462090129322,0.09021130958080442,0.0,0.48399999999990945
0.2,0.2,7.742857142857145,0.5498453802412282,0.3128609043190832,0.006605951739980464,0.06513329248168233,0.0064759806737856125,0.09292386926076757,0.0,0.48399999999998655
0.2,0.2,8.428571428571429,0.5658960292350905,0.3106908565449985,0.00722572443933178,0.06339748953779206,0.007049499257441902,0.09563642894073031,0.0,0.4840000000000405
0.2,0.2,9.114285714285716,0.5819466782289519,0.30852080877088595,0.007845497138683278,0.06166168659390163,0.007623017841098193,0.09834898862069287,0.0,0.48400000000006604
0.2,0.2,9.8,0.5979973272228138,0.30635076099661734,0.008465269838035291,0.05992588365001073,0.008196536424754482,0.10106154830065554,0.0,0.48399999999993526
0.2,0.2,10.0,0.602678766512693,0.30571783039589956,0.008646036875345707,0.05941960779137628,0.008363812678320901,0.10185271154064512,0.0,0.48400000000000826
0.2,0.2,10.043402777777779,0.6036947038585833,0.3055804756648458,0.00868526583309553,0.05930973889844341,0.008400113948626112,0.10202440495210058,0.0,0.4840000000000278
0.2,0.2,10.17361111111111,0.6067407121988138,0.3051686553315979,0.008803077322472218,0.0589800685683737,0.00850901775954175,0.10253918036159954,0.0,0.48400000000004634
0.2,0.2,10.390625,0.6118169527560087,0.3044823475987689,0.0089994602047235,0.058430602490605076,0.008690524111067811,0.10339706501576547,0.0,0.48399999999997934
0.2,0.2,10.694444444444445,0.6189236895360846,0.30352151677288663,0.009274396239874996,0.057661349981729206,0.008944633003204297,0.1045981035315983,0.0,0.4839999999999648
0.2,0.2,11.085069444444445,0.6277438737487055,0.3023290278782453,0.00958553450816663,0.0567253781495489,0.009271344435951206,0.10608871466353124,0.0,0.4840000000001316
0.2,0.2,11.5625,0.6372581081046179,0.3010427034520566,0.010258348953774634,0.055331668605054334,0.00967065840930854,0.10769662026968044,0.0,0.48399999999996063
0.2,0.2,12.12673611111111,0.6485022032525214,0.2995225018580485,0.011053493298575415,0.05368455732520553,0.0101425749232763,0.10959687234967612,0.0,0.4840000000003373
0.2,0.2,12.777777777777779,0.6607678178782422,0.2978641907856869,0.011808647597008195,0.051970306195280265,0.010687093977854485,0.11166976122142294,0.0,0.4840000000000073
0.2,0.2,13.515625,0.6733633573926305,0.29616127382393115,0.012438048887482532,0.050298054074306014,0.011304215573043092,0.11379840739935457,0.0,0.4839999999999764
0.2,0.2,14.340277777777777,0.687440725085183,0.2942580136902559,0.013141497388600988,0.04842906640968764,0.011993939708842124,0.11617748253939593,0.0,0.48399999999999377
0.2,0.2,15.25173611111111,0.7029999209558973,0.29215441038461043,0.013918993100363401,0.0463633432014253,0.012756266385251581,0.11880698664154664,0.0,0.4840000000000073
0.2,0.2,16.25,0.7200409450047777,0.289850463906945,0.014770536022769974,0.04410088444951881,0.013591195602271462,0.12168691970580743,0.0,0.48399999999997007
0.2,0.2,17.335069444444443,0.7385637972318188,0.28734617425742737,0.015696126155820552,0.041641690153968375,0.014498727359901768,0.12481728173217738,0.0,0.48400000000004706
0.2,0.2,18.506944444444443,0.7585684776370224,0.2846415414357878,0.01669576349951514,0.03898576031477399,0.015478861658142499,0.12819807272065678,0.0,0.48399999999996995
0.2,0.2,19.765625,0.7799867583607656,0.28174578992773536,0.01777449982795114,0.03613034925949193,0.016531598496993656,0.1318177621629694,0.0,0.48399999999995214
0.2,0.2,21.11111111111111,0.8028063152035871,0.2786605859898357,0.018930604316230816,0.03307760437096159,0.017656937876455232,0.13567426726940623,0.0,0.48399999999996995
0.2,0.2,22.54340277777778,0.8249968596979292,0.2756604244883116,0.0203653419851246,0.029694884378571526,0.018854879796527238,0.13942446928895005,0.0,0.48399999999999094
0.2,0.2,24.0625,0.83978524376981,0.2736610349073271,0.021858956883230887,0.02643087763847616,0.020125424257209666,0.1419237061970979,0.0,0.48399999999994436
0.2,0.2,25.66840277777778,0.8553971988392789,0.2715502985245788,0.023438048196162877,0.022980955243244172,0.02146857125850252,0.14456212660383813,0.0,0.4840000000000024
0.2,0.2,27.361111111111107,0.8716559887749797,0.2693521100672444,0.02502620029115004,0.019427506506882002,0.022884320800405793,0.1473098621029716,0.0,0.4840000000000862
0.2,0.2,29.140625,0.8859652056308355,0.2674175039283872,0.025278558132468786,0.017203145053634045,0.0243726728829195,0.1497281197516112,0.0,0.48400000000000576
0.2,0.2,31.006944444444443,0.8996803042987924,0.2655632225869895,0.024727444353192213,0.015729733875109016,0.025933627506043624,0.15204597142649592,0.0,0.48400000000004634
0.2,0.2,32.96006944444444,0.9133590094387695,0.26371386173481803,0.02527595744409108,0.013085323387043053,0.027567184669778175,0.15435767259515204,0.0,0.48399999999996646
0.2,0.2,35.0,0.9265728091669443,0.26192735613476537,0.026362415698110014,0.00984607899815536,0.029273344374123152,0.1565908047492136,0.0,0.48400000000001897
0.2,0.15,0.2,,0.0,0.0,0.0,0.0,0.0,0.0,0.0
0.2,0.15,0.8857142857142859,0.05401264101499034,0.08689437636051865,0.0006078324912931518,0.01520928019057995,0.0007407948372227085,0.009128136331533369,0.0,0.11258042069424842
0.2,0.15,1.5714285714285716,0.11638596110601018,0.15537532587880007,0.0013097520758331793,0.02238449032801814,0.0013143134208789989,0.019669227426915722,0.0,0.20005310982713584
0.2,0.15,2.2571428571428576,0.17848094739296133,0.21040317180201196,0.0020085394245417353,0.029666774500082288,0.0018878320045352893,0.030163280109410467,0.0,0.2741295987527344
0.2,0.15,2.9428571428571435,0.24056502595951004,0.2646881216723955,0.002707204022969199,0.03695325483378806,0.00246135058819158,0.0406554893871572,0.0,0.3474654216303735
0.2,0.15,3.6285714285714294,0.3026491045260768,0.3189742916817381,0.0034058686213422912,0.04423973516748968,0.00303486917184787,0.05114769866490698,0.0,0.4208024646487076
0.2,0.15,4.314285714285715,0.3646148279272208,0.36309675715086387,0.004103201307262866,0.05157174631668549,0.0036083877555041603,0.06161990591970032,0.0,0.4839999999995035
0.2,0.15,5.000000000000001,0.38914342715034855,0.3587878082170147,0.003687494290082055,0.05157755074440313,0.004181906339160451,0.06576523918840892,0.0,0.483999999999941
0.2,0.15,5.685714285714287,0.40519407614421,0.3566177604429319,0.004307266989433256,0.049841747800512995,0.004755424922816742,0.06847779886837149,0.0,0.4839999999999966
0.2,0.15,6.371428571428573,0.42124472513807265,0.35444771266890135,0.0049270396887844395,0.04810594485662283,0.005328943506473032,0.07119035854833428,0.0,0.48400000000010385
0.2,0.15,7.057142857142859,0.4372879928107961,0.35227866285116366,0.005537854868957391,0.046379348916919375,0.005902462090129322,0.07390167078502455,0.0,0.4840000000000726
0.2,0.15,7.742857142857145,0.45276934069699165,0.3501855847267415,0.005466758617552827,0.045353657020011214,0.0064759806737856125,0.0765180185777916,0.0,0.4840000000001077
0.2,0.15,8.428571428571429,0.46765389892626735,0.34817319255734347,0.0057494170867977215,0.0439943818926317,0.007049499257441902,0.07903350891853919,0.0,0.48399999999982296
0.2,0.15,9.114285714285716,0.4814677652582525,0.34630555791605594,0.0066312031557435565,0.04207216855183337,0.007623017841098193,0.08136805232864468,0.0,0.4839999999999034
0.2,0.15,9.8,0.49498134378181496,0.34447852218799446,0.0073136141853811605,0.04035947998183637,0.008196536424754482,0.08365184709912674,0.0,0.4840000000002541
0.2,0.15,10.0,0.49888194915655804,0.34395116038122475,0.007486242498174867,0.03988773495352163,0.008363812678320901,0.08431104940745832,0.0,0.48399999999986526
0.2,0.15,10.043402777777779,0.49972843469795936,0.3438367155451127,0.007523705239664823,0.03978535973036455,0.008400113948626112,0.08445410546395514,0.0,0.48400000000020976
0.2,0.15,10.17361111111111,0.5022678913221416,0.3434933810357434,0.007636093464139098,0.03947823406088963,0.00850901775954175,0.08488327363344193,0.0,0.4840000000002029
0.2,0.15,10.390625,0.5064883521157849,0.3429227747787926,0.00782148636807956,0.038968683230398024,0.008690524111067811,0.08559653150756766,0.0,0.48399999999999005
0.2,0.15,10.694444444444445,0.5122645210828243,0.3421418367923134,0.008116851929785026,0.03822397426559624,0.008944633003204297,0.0865727040629973,0.0,0.48399999999991483
0.2,0.15,11.085069444444445,0.5196078898075205,0.34114901341806675,0.008537430291655336,0.037228478608244665,0.009271344435951206,0.08781373337747096,0.0,0.48400000000003457
0.2,0.15,11.5625,0.5285831182488145,0.33993556262719754,0.009051470511720703,0.03601176169370216,0.00967065840930854,0.08933054698404966,0.0,0.4840000000000574
0.2,0.15,12.12673611111111,0.5391902064067057,0.33850148441975025,0.009658972589980653,0.034573823521969346,0.0101425749232763,0.09112314488273326,0.0,0.4840000000000275
0.2,0.15,12.777777777777779,0.5512499813401578,0.336871002911286,0.010331476104447632,0.032949180560436796,0.010687093977854485,0.09316124684648668,0.0,0.4840000000000353
0.2,0.15,13.515625,0.564728076498651,0.3350487644465507,0.011063031149892861,0.0311449443037402,0.011304215573043092,0.09543904492827202,0.0,0.48399999999990795
0.2,0.15,14.340277777777777,0.579791829911088,0.33301214498614934,0.01188065149479951,0.02912844495802305,0.011993939708842124,0.09798481925497388,0.0,0.48399999999995
0.2,0.15,15.25173611111111,0.5964412415774628,0.33076114452995103,0.012784337139169636,0.026899682523283522,0.012756266385251581,0.10079856982659122,0.0,0.4840000000000322
0.2,0.15,16.25,0.6146763114977761,0.3282957630777389,0.013774088083006111,0.024458656999518685,0.013591195602271462,0.10388029664312418,0.0,0.4839999999999361
0.2,0.15,17.335069444444443,0.6344970396720357,0.3256160006298913,0.014849904326303752,0.02180536838673358,0.014498727359901768,0.10722999970457404,0.0,0.48400000000004106
0.2,0.15,18.506944444444443,0.6559034261002311,0.3227218571860118,0.016011785869068033,0.018939816684923,0.015478861658142499,0.11084767901093906,0.0,0.4839999999999504
0.2,0.15,19.765625,0.6788954707823687,0.31961333274635545,0.017259732711295456,0.015862001894090157,0.016531598496993656,0.11473333456222032,0.0,0.48399999999991883
0.2,0.15,21.11111111111111,0.7031034509550825,0.31634041376045546,0.018543034973210745,0.012635130523404139,0.017656937876455232,0.11882448321140895,0.0,0.48400000000000215
0.2,0.15,22.54340277777778,0.722059789864795,0.31377751678776844,0.020011914646596074,0.009327584675212422,0.018854879796527238,0.12202810448715036,0.0,0.4840000000000421
0.2,0.15,24.0625,0.7357710017414224,0.3119237609045359,0.02078072072297851,0.006824795177016911,0.020125424257209666,0.1243452992943004,0.0,0.48400000000005317
0.2,0.15,25.66840277777778,0.7476620087955965,0.3103160967495517,0.020398088596744694,0.005462364263786422,0.02146857125850252,0.12635487948645582,0.0,0.4839999999999952
0.2,0.15,27.361111111111107,0.7601957729878304,0.3086215318293196,0.019994773652876895,0.004026288436327121,0.022884320800405793,0.12847308563494333,0.0,0.4839999999998203
0.2,0.15,29.140625,0.7726207395355025,0.3069416763554562,0.019420941504380566,0.0026918046319679236,0.0243726728829195,0.13057290498149993,0.0,0.4839999999999443
0.2,0.15,31.006944444444443,0.7753330327219412,0.3065749743485152,0.018429127887809007,0.0027712744473519764,0.02519334116539435,0.13103128253000806,0.0,0.484000000000019
0.2,0.15,32.96006944444444,0.7753330327219451,0.3065749743485585,0.018429127887808903,0.002771274447351982,0.0251933411653943,0.13103128253000873,0.0,0.48400000000006277
0.2,0.15,35.0,0.7753330327219429,0.30657497434858866,0.01842912788780883,0.002771274447352013,0.025193341165394414,0.13103128253000834,0.0,0.484000000000093
0.3,1.0,0.2,,0.0,0.0,0.0,0.0,0.0,0.0,0.0
0.3,1.0,0.8857142857142859,0.05401264101499034,0.08689437636051865,0.0006078324912931518,0.01520928019057995,0.0007407948372227085,0.009128136331533369,0.0,0.11258042069424842
0.3,1.0,1.5714285714285716,0.11638596110601018,0.15537532587880007,0.0013097520758331793,0.02238449032801814,0.0013143134208789989,0.019669227426915722,0.0,0.20005310982713584
0.3,1.0,2.2571428571428576,0.17848094739296133,0.21040317180201196,0.0020085394245417353,0.029666774500082288,0.0018878320045352893,0.030163280109410467,0.0,0.2741295987527344
0.3,1.0,2.9428571428571435,0.24056502595951004,0.2646881216723955,0.002707204022969199,0.03695325483378806,0.00246135058819158,0.0406554893871572,0.0,0.3474654216303735
0.3,1.0,3.6285714285714294,0.3026491045260768,0.3189742916817381,0.0034058686213422912,0.04423973516748968,0.00303486917184787,0.05114769866490698,0.0,0.4208024646487076
0.3,1.0,4.314285714285715,0.36461482792722444,0.36309675715140366,0.004103201307262933,0.05157174631668303,0.0036083877555041603,0.061619905919700936,0.0,0.4840000000000415
0.3,1.0,5.000000000000001,0.42584578546911706,0.3438714695766899,0.00479226528872276,0.05918641930538998,0.004181906339160451,0.07196793774428079,0.0,0.4839999999991919
0.3,1.0,5.685714285714287,0.4853757615583393,0.3247887345405192,0.005462187236492435,0.06696514759471182,0.004755424922816742,0.08202850370335935,0.0,0.48400000000007776
0.3,1.0,6.371428571428573,0.5441555479730927,0.3057552246245468,0.006123666907598232,0.07482987506629984,0.005328943506473032,0.09196228760745268,0.0,0.48400000000008664
0.3,1.0,7.057142857142859,0.6029100026330138,0.2867221282207716,0.0067848615072216975,0.08269875516651419,0.005902462090129322,0.10189179044497933,0.0,0.4840000000000155
0.3,1.0,7.742857142857145,0.659754820982248,0.267608150678937,0.007424565970936535,0.0909927351149312,0.0064759806737856125,0.11149856474599992,0.0,0.4839999999999612
0.3,1.0,8.428571428571429,0.715609859312608,0.2484379160642765,0.008053131922566242,0.09952138350017325,0.007049499257441902,0.12093806622383076,0.0,0.48400000000000687
0.3,1.0,9.114285714285716,0.7448381448834772,0.2407003184268974,0.008916276488525967,0.10088273778207685,0.007623017841098193,0.12587764648530766,0.0,0.4839999999998526
0.3,1.0,9.8,0.7711482288599804,0.23422770530861534,0.009805668381902001,0.10144603632637691,0.008196536424754482,0.13032405067733668,0.0,0.4839999999999969
0.3,1.0,10.0,0.7788220033531257,0.23233985981570912,0.010065074350783668,0.10161033173513123,0.008363812678320901,0.13162091856667824,0.0,0.48399999999994536
0.3,1.0,10.043402777777779,0.7804873189983431,0.23193017112376263,0.01012136904890031,0.10164598612071146,0.008400113948626112,0.13190235691072,0.0,0.4840000000000342
0.3,1.0,10.17361111111111,0.7854832659339821,0.23070110504761465,0.01029025314319991,0.10175294927745258,0.00850901775954175,0.13274667194284298,0.0,0.4839999999999389
0.3,1.0,10.390625,0.7938098441600495,0.22865266158746675,0.010571726633789462,0.10193122120535421,0.008690524111067811,0.13415386366304838,0.0,0.4839999999999687
0.3,1.0,10.694444444444445,0.8031743194672611,0.2262565577743421,0.010955569341621658,0.1021067771032676,0.008944633003204297,0.13573645998996714,0.0,0.4840000000000215
0.3,1.0,11.085069444444445,0.811455151161066,0.22414054711286335,0.011443994112342022,0.10200819092577083,0.009271344435951206,0.13713592054622017,0.0,0.4840000000000138
0.3,1.0,11.5625,0.8215761676756977,0.22155431185992291,0.012040957721017308,0.10188769670882991,0.00967065840930854,0.13884637233719294,0.0,0.48399999999999554
0.3,1.0,12.12673611111111,0.8326013577152881,0.22007490210476693,0.012821126418266666,0.1002517642090864,0.0101425749232763,0.14070962945388368,0.0,0.4839999999999895
0.3,1.0,12.777777777777779,0.8446496738300483,0.21949695340943806,0.013779248426591083,0.0972909066370977,0.010687093977854485,0.14274579487727818,0.0,0.48399999999999815
0.3,1.0,13.515625,0.8583044320934481,0.2188419448880648,0.014865120036025643,0.09393526805551079,0.011304215573043092,0.14505344902379275,0.0,0.4840000000000091
0.3,1.0,14.340277777777777,0.8718435068314668,0.21380478047470533,0.01584690973198625,0.09501281503932568,0.011993939708842124,0.1473415526545179,0.0,0.4840000000000055
0.3,1.0,15.25173611111111,0.8859513237990186,0.20808507487379488,0.016910975500050034,0.09638915689219202,0.012889016650885406,0.14972577372203416,0.0,0.4840000000000041
0.3,1.0,16.25,0.8995456856349614,0.2021312242158854,0.018060798607737596,0.09757439503626988,0.014210358909621714,0.1520232208723085,0.0,0.48400000000000165
0.3,1.0,17.335069444444443,0.9112645324835095,0.19990371186947278,0.019126588158845735,0.09569493462734038,0.015271057030263532,0.1540037059897131,0.0,0.4839999999999946
0.3,1.0,18.506944444444443,0.9230760943924674,0.2005004751486542,0.020127822336525356,0.09127519950451703,0.016096640770763743,0.155999859952327,0.0,0.48399999999999516
0.3,1.0,19.765625,0.9357625868132082,0.20114144311517862,0.021203222008847705,0.08652807659481734,0.016983378862412097,0.1581438771714322,0.0,0.48399999999999294
0.3,1.0,21.11111111111111,0.949324009745727,0.2018266157690655,0.022352787175813515,0.08145356589824868,0.017931271305208784,0.16043575764702786,0.0,0.4840000000000137
0.3,1.0,22.54340277777778,0.9637603631900155,0.20255599311027317,0.023576517837421672,0.07605166741479333,0.018940318099153353,0.16287550137911264,0.0,0.4839999999999962
0.3,1.0,24.0625,0.9786368432688731,0.20314063667251603,0.024884554723893396,0.07045975570718091,0.020125424257209666,0.16538962651243957,0.0,0.48399999999999904
0.3,1.0,25.66840277777778,0.9873542964991942,0.20460812235109807,0.026213053980465393,0.06484737453060721,0.02146857125850252,0.1668628761083638,0.0,0.48399999999999815
0.3,1.0,27.361111111111107,0.9937802319574345,0.2083244373826671,0.02759676533166106,0.057245616129497266,0.022884320800405793,0.16794885920080643,0.0,0.4840000000000036
0.3,1.0,29.140625,0.9999554279967896,0.2125901422945522,0.029058394614079972,0.0489863223593531,0.0243726728829195,0.16899246733145745,0.0,0.48399999999999727
0.3,1.0,31.006944444444443,0.9999658369995771,0.2127487000758199,0.029100320465776798,0.048754702683605114,0.024402049814378213,0.16899422645292853,0.0,0.4840000000000038
0.3,1.0,32.96006944444444,0.9999658369995741,0.21274870007581892,0.029100320465776763,0.04875470268360508,0.0244020498143782,0.16899422645292803,0.0,0.4840000000000019
0.3,1.0,35.0,0.9999658369995758,0.21274870007581284,0.029100320465760176,0.04875470268360431,0.024402049814378123,0.1689942264529283,0.0,0.48399999999997906
0.3,0.35,0.2,,0.0,0.0,0.0,0.0,0.0,0.0,0.0
0.3,0.35,0.8857142857142859,0.05401264101499034,0.08689437636051865,0.0006078324912931518,0.01520928019057995,0.0007407948372227085,0.009128136331533369,0.0,0.11258042069424842
0.3,0.35,1.5714285714285716,0.11638596110601018,0.15537532587880007,0.0013097520758331793,0.02238449032801814,0.0013143134208789989,0.019669227426915722,0.0,0.20005310982713584
0.3,0.35,2.2571428571428576,0.17848094739296133,0.21040317180201196,0.0020085394245417353,0.029666774500082288,0.0018878320045352893,0.030163280109410467,0.0,0.2741295987527344
0.3,0.35,2.9428571428571435,0.24056502595951004,0.2646881216723955,0.002707204022969199,0.03695325483378806,0.00246135058819158,0.0406554893871572,0.0,0.3474654216303735
0.3,0.35,3.6285714285714294,0.3026491045260768,0.3189742916817381,0.0034058686213422912,0.04423973516748968,0.00303486917184787,0.05114769866490698,0.0,0.4208024646487076
0.3,0.35,4.314285714285715,0.3646148279272221,0.36309675715158546,0.004103201307263016,0.05157174631668221,0.0036083877555041603,0.06161990591970054,0.0,0.48400000000022225
0.3,0.35,5.000000000000001,0.425845785469122,0.34387146957775416,0.004792265288722912,0.05918641930538525,0.004181906339160451,0.07196793774428162,0.0,0.48400000000025256
0.3,0.35,5.685714285714287,0.48537576155833906,0.3247887345404195,0.005462187236492462,0.06696514759471278,0.004755424922816742,0.0820285037033593,0.0,0.48399999999997945
0.3,0.35,6.371428571428573,0.5441555479730869,0.30575522462425764,0.006123666907598007,0.07482987506630241,0.005328943506473032,0.09196228760745169,0.0,0.4839999999997992
0.3,0.35,7.057142857142859,0.6029100026330142,0.2867221282207395,0.006784861507221718,0.08269875516651465,0.005902462090129322,0.10189179044497941,0.0,0.4839999999999838
0.3,0.35,7.742857142857145,0.6597548209822477,0.26760815067894966,0.007424565970936561,0.09099273511493094,0.0064759806737856125,0.11149856474599987,0.0,0.4839999999999738
0.3,0.35,8.428571428571429,0.7156098593126019,0.24843791606430032,0.008053131922566256,0.09952138350017267,0.007049499257441902,0.12093806622382973,0.0,0.48400000000002924
0.3,0.35,9.114285714285716,0.7448381448834859,0.24070031842698486,0.00891627648854868,0.1008827377820768,0.007623017841098193,0.1258776464853091,0.0,0.48399999999996407
0.3,0.35,9.8,0.7711482288599846,0.2342277053085894,0.009805668381907507,0.10144603632637694,0.008196536424754482,0.1303240506773374,0.0,0.48399999999997717
0.3,0.35,10.0,0.7788220033531296,0.2323398598157389,0.010065074350795507,0.10161033173513118,0.008363812678320901,0.1316209185666789,0.0,0.48399999999998733
0.3,0.35,10.043402777777779,0.7804873189983431,0.23193017112373987,0.010121369048878913,0.1016459861207115,0.008400113948626112,0.13190235691072,0.0,0.4839999999999903
0.3,0.35,10.17361111111111,0.7854832659339837,0.23070110504763672,0.010290253143199589,0.10175294927745261,0.00850901775954175,0.13274667194284326,0.0,0.48399999999996063
0.3,0.35,10.390625,0.7938098441600475,0.2286526615874703,0.010571726633860794,0.10193122120535428,0.008690524111067811,0.13415386366304805,0.0,0.48400000000004323
0.3,0.35,10.694444444444445,0.8031743194672689,0.22625655777433698,0.010955569341621679,0.10210677710326765,0.008944633003204297,0.13573645998996844,0.0,0.4840000000000182
0.3,0.35,11.085069444444445,0.8114551511610554,0.2241405471128265,0.011443994112342074,0.10200819092576967,0.009271344435951206,0.13713592054621837,0.0,0.48399999999997406
0.3,0.35,11.5625,0.8215761676756947,0.22155431185990954,0.012040957721017358,0.10188769670882959,0.00967065840930854,0.1388463723371924,0.0,0.4839999999999814
0.3,0.35,12.12673611111111,0.8326013577152839,0.22007490210476813,0.012821126418266715,0.10025176420908669,0.0101425749232763,0.140709629453883,0.0,0.48399999999999005
0.3,0.35,12.777777777777779,0.844649673830048,0.21949695340944075,0.013779248426591074,0.09729090663709856,0.010687093977854485,0.14274579487727812,0.0,0.4840000000000017
0.3,0.35,13.515625,0.8583044320934328,0.2188419448880501,0.01486512003602577,0.09393526805550399,0.011304215573043092,0.14505344902379014,0.0,0.4839999999999851
0.3,0.35,14.340277777777777,0.871843506831469,0.21380478047470575,0.015846909731986172,0.09501281503932578,0.011993939708842124,0.1473415526545183,0.0,0.4840000000000061
0.3,0.35,15.25173611111111,0.8847459478685672,0.20993455464981597,0.016780659080550243,0.09500645233472331,0.012756266385251581,0.14952206518978786,0.0,0.4839999999999958
0.3,0.35,16.25,0.8960169950197808,0.2086011897663518,0.017763399775253888,0.09261732478996115,0.013591211180587943,0.15142687215834297,0.0,0.483999999999994
0.3,0.35,17.335069444444443,0.9080396084911245,0.2071789145816171,0.018781110993819402,0.09003702185254422,0.014544256433023036,0.15345869383500005,0.0,0.48399999999999876
0.3,0.35,18.506944444444443,0.9210240310401779,0.20564285738209614,0.019880239109870104,0.08725029468013357,0.015573545305653157,0.1556530612457901,0.0,0.48399999999999566
0.3,0.35,19.765625,0.9349666391705824,0.2039934468274414,0.021060814903227303,0.08425719763275935,0.016679176369890022,0.15800936201982843,0.0,0.4840000000000067
0.3,0.35,21.11111111111111,0.9491907327498913,0.20231073655227724,0.022328586609090845,0.08106788262870364,0.01787955816852117,0.16041323383473163,0.0,0.4839999999999931
0.3,0.35,22.54340277777778,0.9637603631900037,0.20255599311027517,0.023576517837421696,0.07605166741479288,0.018940318099153357,0.16287550137911064,0.0,0.48399999999999577
0.3,0.35,24.0625,0.9786368432688671,0.203140636672509,0.024884554723893254,0.07045975570717736,0.020125424257209666,0.16538962651243855,0.0,0.4839999999999872
0.3,0.35,25.66840277777778,0.9873542964991994,0.20460812235109418,0.026213053980465036,0.06484737453060635,0.02146857125850252,0.1668628761083647,0.0,0.48399999999999416
0.3,0.35,27.361111111111107,0.9937802319574325,0.20832443738266296,0.02759676533166094,0.05724561612949547,0.022884320800405793,0.1679488592008061,0.0,0.48399999999999727
0.3,0.35,29.140625,0.9999554279967998,0.21259014229455284,0.029058394614080094,0.04898632235935609,0.0243726728829195,0.16899246733145917,0.0,0.4840000000000026
0.3,0.35,31.006944444444443,0.9999658369995796,0.2127487000758219,0.02910032046577685,0.04875470268360609,0.024402049814378247,0.16899422645292897,0.0,0.4840000000000073
0.3,0.35,32.96006944444444,0.999965836999568,0.21274870007580754,0.029100320465729815,0.04875470268360364,0.024402049814377984,0.168994226452927,0.0,0.483999999999941
0.3,0.35,35.0,0.9999658369995764,0.2127487000758126,0.029100320465726356,0.048754702683605114,0.02440204981437806,0.16899422645292841,0.0,0.48399999999994553
0.3,0.3,0.2,,0.0,0.0,0.0,0.0,0.0,0.0,0.0
0.3,0.3,0.8857142857142859,0.05401264101499034,0.08689437636051865,0.0006078324912931518,0.01520928019057995,0.0007407948372227085,0.009128136331533369,0.0,0.11258042069424842
0.3,0.3,1.5714285714285716,0.11638596110601018,0.15537532587880007,0.0013097520758331793,0.02238449032801814,0.0013143134208789989,0.019669227426915722,0.0,0.20005310982713584
0.3,0.3,2.2571428571428576,0.17848094739296133,0.21040317180201196,0.0020085394245417353,0.029666774500082288,0.0018878320045352893,0.030163280109410467,0.0,0.2741295987527344
0.3,0.3,2.9428571428571435,0.24056502595951004,0.2646881216723955,0.002707204022969199,0.03695325483378806,0.00246135058819158,0.0406554893871572,0.0,0.3474654216303735
0.3,0.3,3.6285714285714294,0.3026491045260768,0.3189742916817381,0.0034058686213422912,0.04423973516748968,0.00303486917184787,0.05114769866490698,0.0,0.4208024646487076
0.3,0.3,4.314285714285715,0.3646148279272221,0.36309675715158546,0.004103201307263016,0.05157174631668221,0.0036083877555041603,0.06161990591970054,0.0,0.48400000000022225
0.3,0.3,5.000000000000001,0.425845785469122,0.34387146957775416,0.004792265288722912,0.05918641930538525,0.004181906339160451,0.07196793774428162,0.0,0.48400000000025256
0.3,0.3,5.685714285714287,0.48537576155833906,0.3247887345404195,0.005462187236492462,0.06696514759471278,0.004755424922816742,0.0820285037033593,0.0,0.48399999999997945
0.3,0.3,6.371428571428573,0.5441555479730869,0.30575522462425764,0.006123666907598007,0.07482987506630241,0.005328943506473032,0.09196228760745169,0.0,0.4839999999997992
0.3,0.3,7.057142857142859,0.6029100026330142,0.2867221282207395,0.006784861507221718,0.08269875516651465,0.005902462090129322,0.10189179044497941,0.0,0.4839999999999838
0.3,0.3,7.742857142857145,0.6597548209822431,0.2676081506788865,0.007424565970936499,0.09099273511493235,0.0064759806737856125,0.1114985647459991,0.0,0.48399999999991106
0.3,0.3,8.428571428571429,0.6999146772406182,0.25600009311930005,0.0069060600189839805,0.09575876427305781,0.007049499257441902,0.11828558045366448,0.0,0.4840000000000201
0.3,0.3,9.114285714285716,0.7157166773672441,0.2541307167320577,0.007862273076990112,0.09342787120434608,0.007623017841098193,0.12095611847506425,0.0,0.4839999999999875
0.3,0.3,9.8,0.7312714556016608,0.2522905866628223,0.0087728968742864,0.09115510158779998,0.008196536424754482,0.1235848759966807,0.0,0.4839999999999921
0.3,0.3,10.0,0.735214458055012,0.25182412945475896,0.008931340657715496,0.09062947143006195,0.008363812678320901,0.12425124341129704,0.0,0.4839999999999986
0.3,0.3,10.043402777777779,0.7360664204707797,0.25172334229715876,0.008965680090258348,0.09051563625525548,0.008400113948626112,0.12439522505956178,0.0,0.4840000000000606
0.3,0.3,10.17361111111111,0.7386223077180865,0.2514209808240824,0.009068698387885783,0.09017413073083691,0.00850901775954175,0.12482717000435661,0.0,0.48399999999997334
0.3,0.3,10.390625,0.7428821197969357,0.25091704503585904,0.009240395550599394,0.08960495485680453,0.008690524111067811,0.12554707824568215,0.0,0.4840000000000642
0.3,0.3,10.694444444444445,0.7488458567073157,0.2502115349321172,0.009480771578397239,0.088808108633161,0.008944633003204297,0.12655494978353637,0.0,0.48399999999996135
0.3,0.3,11.085069444444445,0.7562040261884234,0.2493410635002681,0.009930186958948598,0.08765892270355109,0.009271344435951206,0.12779848042584357,0.0,0.4840000000003858
0.3,0.3,11.5625,0.765134844834769,0.24828454768600475,0.010507817157058147,0.0862291860945613,0.00967065840930854,0.12930778877707597,0.0,0.48400000000024046
0.3,0.3,12.12673611111111,0.7756894486895325,0.24703593808746535,0.011190471027554754,0.08453949737484298,0.0101425749232763,0.131091516828531,0.0,0.48400000000020355
0.3,0.3,12.777777777777779,0.7878678377527174,0.24559523470439426,0.011978148570429486,0.08258985654440501,0.010687093977854485,0.13314966458020924,0.0,0.4840000000000201
0.3,0.3,13.515625,0.8016700120243432,0.2439624375370865,0.012870849785697639,0.08038026360323094,0.011304215573043092,0.13548223203211401,0.0,0.4839999999999867
0.3,0.3,14.340277777777777,0.8168980878424671,0.24216095621366138,0.013833948086369972,0.07795537783426583,0.011993939708842124,0.13805577684537695,0.0,0.484000000000051
0.3,0.3,15.25173611111111,0.8319708264456143,0.24037785120659017,0.014614945004331525,0.07564786646653672,0.012756266385251581,0.14060306966930883,0.0,0.4839999999997867
0.3,0.3,16.25,0.8484790639633429,0.2384249266758492,0.015470322581190337,0.07312059211136128,0.013591195602271462,0.14339296180980496,0.0,0.48400000000031185
0.3,0.3,17.335069444444443,0.8664228003956591,0.23630218262041217,0.016400080816894314,0.07037355476879127,0.014498727359901768,0.1464254532668664,0.0,0.48400000000059895
0.3,0.3,18.506944444444443,0.8841404273985612,0.23420618727994338,0.01821192788598588,0.06668328984741329,0.015478861658142499,0.14941973223035687,0.0,0.48400000000012716
0.3,0.3,19.765625,0.901497799153509,0.23215281018258407,0.019281562622831167,0.06368089925383484,0.016531598496993656,0.15235312805694304,0.0,0.4839999999999958
0.3,0.3,21.11111111111111,0.9171317613886079,0.23030331244136917,0.020525287086030825,0.06051919352082627,0.017656937876455232,0.15499526767467472,0.0,0.484000000000007
0.3,0.3,22.54340277777778,0.9321621854628822,0.22852521325990005,0.02189517631698392,0.0571893200590703,0.018854879796527238,0.1575354093432271,0.0,0.4840000000000075
0.3,0.3,24.0625,0.9481035443295256,0.2266393504916861,0.02334808913769155,0.05365763608448139,0.020125424257209666,0.16022949899168984,0.0,0.48400000000001575
0.3,0.3,25.66840277777778,0.9649558379885479,0.22464572413669034,0.024884025548154488,0.04992414159705833,0.02146857125850252,0.1630775366200646,0.0,0.48399999999999904
0.3,0.3,27.361111111111107,0.9827190664399583,0.22254433419495512,0.026502985548371775,0.04598883659680146,0.022884320800405793,0.16607952222835295,0.0,0.4839999999999989
0.3,0.3,29.140625,0.9976597579137035,0.22077685038327,0.028922866241152,0.04141451040085861,0.024281273626644503,0.1686044990874159,0.0,0.4839999999999711
0.3,0.3,31.006944444444443,0.9976597579137005,0.220776850383269,0.028922866241152378,0.041414510400858154,0.02428127362664476,0.1686044990874154,0.0,0.48399999999997007
0.3,0.3,32.96006944444444,0.9976597579137044,0.22077685038327366,0.028922866241151802,0.041414510400858924,0.02428127362664436,0.16860449908741607,0.0,0.48399999999997506
0.3,0.3,35.0,0.9976597579137075,0.22077685038327025,0.02892286624115174,0.0414145104008588,0.024281273626644364,0.1686044990874166,0.0,0.4839999999999718
0.3,0.25,0.2,,0.0,0.0,0.0,0.0,0.0,0.0,0.0
0.3,0.25,0.8857142857142859,0.05401264101499034,0.08689437636051865,0.0006078324912931518,0.01520928019057995,0.0007407948372227085,0.009128136331533369,0.0,0.11258042069424842
0.3,0.25,1.5714285714285716,0.11638596110601018,0.15537532587880007,0.0013097520758331793,0.02238449032801814,0.0013143134208789989,0.019669227426915722,0.0,0.20005310982713584
0.3,0.25,2.2571428571428576,0.17848094739296133,0.21040317180201196,0.0020085394245417353,0.029666774500082288,0.0018878320045352893,0.030163280109410467,0.0,0.2741295987527344
0.3,0.25,2.9428571428571435,0.24056502595951004,0.2646881216723955,0.002707204022969199,0.03695325483378806,0.00246135058819158,0.0406554893871572,0.0,0.3474654216303735
0.3,0.25,3.6285714285714294,0.3026491045260768,0.3189742916817381,0.0034058686213422912,0.04423973516748968,0.00303486917184787,0.05114769866490698,0.0,0.4208024646487076
0.3,0.25,4.314285714285715,0.3646148279272221,0.36309675715158546,0.004103201307263016,0.05157174631668221,0.0036083877555041603,0.06161990591970054,0.0,0.48400000000022225
0.3,0.25,5.000000000000001,0.425845785469122,0.34387146957775416,0.004792265288722912,0.05918641930538525,0.004181906339160451,0.07196793774428162,0.0,0.48400000000025256
0.3,0.25,5.685714285714287,0.48537576155833906,0.3247887345404195,0.005462187236492462,0.06696514759471278,0.004755424922816742,0.0820285037033593,0.0,0.48399999999997945
0.3,0.25,6.371428571428573,0.5441555479730856,0.3057552246243556,0.006123666907598127,0.07482987506630162,0.005328943506473032,0.09196228760745148,0.0,0.4839999999998962
0.3,0.25,7.057142857142859,0.5883518791533942,0.29339797221386377,0.0056938463540091265,0.07957424934154343,0.005902462090129322,0.09943146757692362,0.0,0.4840000000000097
0.3,0.25,7.742857142857145,0.6047079460985726,0.2914630497104122,0.0066478571372623465,0.07721746736095084,0.0064759806737856125,0.10219564289065877,0.0,0.48400000000003884
0.3,0.25,8.428571428571429,0.6205651634868402,0.28958714101630145,0.0074753949449505655,0.07501245014456218,0.007049499257441902,0.104875512629276,0.0,0.48399999999991267
0.3,0.25,9.114285714285716,0.635592875857837,0.28780936261008166,0.008091262665267388,0.07306115911423905,0.007623017841098193,0.10741519601997446,0.0,0.48399999999994314
0.3,0.25,9.8,0.6492710018060963,0.2861912402473194,0.008775851283111787,0.07110957128214145,0.008196536424754482,0.10972679930523029,0.0,0.48400000000000587
0.3,0.25,10.0,0.6532405285252296,0.2857216452186211,0.008934616082204661,0.07058227532825664,0.008363812678320901,0.11039764932076382,0.0,0.48399999999997523
0.3,0.25,10.043402777777779,0.6541019709555994,0.28561973657527956,0.008969070248674575,0.07046784478270847,0.008400113948626112,0.1105432330914963,0.0,0.4840000000000079
0.3,0.25,10.17361111111111,0.6566862982467048,0.28531401064514555,0.009072432748083878,0.07012455314606474,0.00850901775954175,0.11097998440369311,0.0,0.48399999999999554
0.3,0.25,10.390625,0.6609935103985489,0.2848044674282701,0.00924470358043297,0.06955240041832478,0.008690524111067811,0.11170790325735477,0.0,0.4839999999999908
0.3,0.25,10.694444444444445,0.6670236074111223,0.2840911069246591,0.009485882745721973,0.068751386599489,0.008944633003204297,0.11272698965247968,0.0,0.48399999999999854
0.3,0.25,11.085069444444445,0.6746192384589177,0.2831925437596692,0.009856561358764093,0.06766889820700157,0.009271344435951206,0.11401065129955709,0.0,0.48400000000010085
0.3,0.25,11.5625,0.6835791975444467,0.28213258063125174,0.010434217854445536,0.06623765788023654,0.00967065840930854,0.1155248843850115,0.0,0.4839999999998283
0.3,0.25,12.12673611111111,0.6941682401000792,0.2808798969354897,0.011116902803954979,0.0645461920394461,0.0101425749232763,0.11731443257691339,0.0,0.48400000000096577
0.3,0.25,12.777777777777779,0.7063863661258086,0.2794344926692161,0.011904616207144305,0.06259450068477881,0.010687093977854485,0.11937929587526167,0.0,0.48400000000034504
0.3,0.25,13.515625,0.7201284517138513,0.27780880398787555,0.012777790183827067,0.060407481475417746,0.011304215573043092,0.12170170833964088,0.0,0.4840000000000029
0.3,0.25,14.340277777777777,0.7338446456152854,0.2761861782222747,0.013483821695590573,0.05831631486390948,0.011993939708842124,0.12401974510898324,0.0,0.48400000000052307
0.3,0.25,15.25173611111111,0.749004649401082,0.2743927497431496,0.014264172313793977,0.05600502545125128,0.012756266385251581,0.12658178574878287,0.0,0.4839999999997421
0.3,0.25,16.25,0.7656084630712382,0.27242851855239314,0.015118842038526384,0.05347361323735412,0.013591195602271462,0.12938783025903927,0.0,0.48399999999955323
0.3,0.25,17.335069444444443,0.7834660888246936,0.27031596139787983,0.015885231855998577,0.05089431009779425,0.014498727359901768,0.13240576901137321,0.0,0.4839999999999313
0.3,0.25,18.506944444444443,0.802146766957433,0.26810603714237774,0.0168796333978314,0.0479726638767987,0.015478861658142499,0.1355628036158062,0.0,0.4839999999999835
0.3,0.25,19.765625,0.8221516459132107,0.2657394599273925,0.01794818433418043,0.04483712873897739,0.016531598496993656,0.13894362815933262,0.0,0.484000000000022
0.3,0.25,21.11111111111111,0.8435126349410693,0.2632124548881726,0.019091687569163775,0.041485283981286425,0.017656937876455232,0.14255363530504073,0.0,0.4839999999999633
0.3,0.25,22.54340277777778,0.8653988369578116,0.26062331732787086,0.020507098608404415,0.03776230058020283,0.018854879796527238,0.14625240344587018,0.0,0.4839999999999523
0.3,0.25,24.0625,0.8791843286306954,0.2589924936130515,0.021997381463007944,0.0343025488374027,0.020125424257209666,0.14858215153858753,0.0,0.4839999999999818
0.3,0.25,25.66840277777778,0.8937575626848847,0.25726847997166585,0.023572823337874638,0.03064509699501388,0.02146857125850252,0.15104502809374554,0.0,0.48400000000000704
0.3,0.25,27.361111111111107,0.9091185391203727,0.2554512764035469,0.025233424233004283,0.02678994505303714,0.022884320800405793,0.153641033111343,0.0,0.4839999999998609
0.3,0.25,29.140625,0.9231129822649717,0.2537957337538973,0.0258342410538308,0.023991257882571324,0.0243726728829195,0.15600609400278023,0.0,0.48399999999989857
0.3,0.25,31.006944444444443,0.9343088419392912,0.2524712636201874,0.02684435162529152,0.02085256260274292,0.025933627506043624,0.1578981942877402,0.0,0.48400000000002386
0.3,0.25,32.96006944444444,0.9443325714450589,0.25128545662850393,0.02696169774498914,0.018593456233587213,0.027567184669778175,0.15959220457421497,0.0,0.4839999999999483
0.3,0.25,35.0,0.9541936570094031,0.25011889037141893,0.027119783354926298,0.01622925388084096,0.029273344374123152,0.16125872803458913,0.0,0.4840000000000047
0.3,0.2,0.2,,0.0,0.0,0.0,0.0,0.0,0.0,0.0
0.3,0.2,0.8857142857142859,0.05401264101499034,0.08689437636051865,0.0006078324912931518,0.01520928019057995,0.0007407948372227085,0.009128136331533369,0.0,0.11258042069424842
0.3,0.2,1.5714285714285716,0.11638596110601018,0.15537532587880007,0.0013097520758331793,0.02238449032801814,0.0013143134208789989,0.019669227426915722,0.0,0.20005310982713584
0.3,0.2,2.2571428571428576,0.17848094739296133,0.21040317180201196,0.0020085394245417353,0.029666774500082288,0.0018878320045352893,0.030163280109410467,0.0,0.2741295987527344
0.3,0.2,2.9428571428571435,0.24056502595951004,0.2646881216723955,0.002707204022969199,0.03695325483378806,0.00246135058819158,0.0406554893871572,0.0,0.3474654216303735
0.3,0.2,3.6285714285714294,0.3026491045260768,0.3189742916817381,0.0034058686213422912,0.04423973516748968,0.00303486917184787,0.05114769866490698,0.0,0.4208024646487076
0.3,0.2,4.314285714285715,0.3646148279272221,0.36309675715158546,0.004103201307263016,0.05157174631668221,0.0036083877555041603,0.06161990591970054,0.0,0.48400000000022225
0.3,0.2,5.000000000000001,0.425845785469122,0.34387146957775416,0.004792265288722912,0.05918641930538525,0.004181906339160451,0.07196793774428162,0.0,0.48400000000025256
0.3,0.2,5.685714285714287,0.47001884148296064,0.3315967707786359,0.004602417558275574,0.06361220069140963,0.004755424922816742,0.07943318421062036,0.0,0.48399999999995225
0.3,0.2,6.371428571428573,0.48505612709407536,0.32981785985779366,0.005217576360803682,0.06166113321627724,0.005328943506473032,0.08197448547889874,0.0,0.4840000000000199
0.3,0.2,7.057142857142859,0.5000934127051865,0.32803894893690894,0.0058327351633319004,0.059710065741144944,0.005902462090129322,0.08451578674717652,0.0,0.4840000000000437
0.3,0.2,7.742857142857145,0.515130698316297,0.3262600380159743,0.006447893965860041,0.05775899826601276,0.0064759806737856125,0.0870570880154542,0.0,0.4840000000000182
0.3,0.2,8.428571428571429,0.5301679839274102,0.3244811270950759,0.007063052768388415,0.05580793079088018,0.007049499257441902,0.08959838928373232,0.0,0.4840000000000292
0.3,0.2,9.114285714285716,0.5452052695385231,0.32270221617415423,0.007678211570916596,0.05385686331574782,0.007623017841098193,0.0921396905520104,0.0,0.4840000000000165
0.3,0.2,9.8,0.5599425453505666,0.3209587964913822,0.007904853979816528,0.05230952257254876,0.008196536424754482,0.09463029016424578,0.0,0.48400000000015825
0.3,0.2,10.0,0.5641501603936865,0.3204610356650646,0.007875201460237076,0.05195857275400479,0.008363812678320901,0.09534137710653302,0.0,0.48399999999989013
0.3,0.2,10.043402777777779,0.5650013529059765,0.32036033959718807,0.007905862386260393,0.05184845509689991,0.008400113948626112,0.09548522864111005,0.0,0.48399999999995563
0.3,0.2,10.17361111111111,0.5674166666570523,0.32007460799726134,0.008088452185686844,0.051434505078155945,0.00850901775954175,0.09589341666504184,0.0,0.4840000000000096
0.3,0.2,10.390625,0.5714421895755029,0.31959838866403567,0.008392768518064676,0.05074458838024942,0.008690524111067811,0.09657373003825999,0.0,0.48400000000008314
0.3,0.2,10.694444444444445,0.5770779216613335,0.31893168159737795,0.00881881138339564,0.049778705003178374,0.008944633003204297,0.09752616876076538,0.0,0.4840000000000442
0.3,0.2,11.085069444444445,0.5843238629145495,0.31807448679742917,0.009366580781677498,0.04853685494694459,0.009271344435951206,0.09875073283255888,0.0,0.48400000000003457
0.3,0.2,11.5625,0.592840150029275,0.31706701009029736,0.009926438956639867,0.04714590704051172,0.00967065840930854,0.10018998535494748,0.0,0.4839999999999899
0.3,0.2,12.12673611111111,0.6026927518254882,0.31590144741378223,0.010523667423742146,0.045577235148588774,0.0101425749232763,0.10185507505850751,0.0,0.48400000000002663
0.3,0.2,12.777777777777779,0.6140552289793489,0.31455726649820964,0.011212017097352873,0.0437682888289472,0.010687093977854485,0.10377533369750998,0.0,0.48400000000032106
0.3,0.2,13.515625,0.6265721653699301,0.31307651292825944,0.01193009652209098,0.041798479134291376,0.011304215573043092,0.1058906959475182,0.0,0.4839999999999291
0.3,0.2,14.340277777777777,0.6405616825123459,0.3114215530563606,0.012732655879145356,0.0395969271226229,0.011993939708842124,0.10825492434458646,0.0,0.48399999999989096
0.3,0.2,15.25173611111111,0.6560237804065974,0.3095923868821617,0.01361969516852123,0.03716363279393663,0.012756266385251581,0.11086801888871496,0.0,0.4839999999998532
0.3,0.2,16.25,0.6729584590526788,0.3075890144058565,0.014591214390215912,0.0344985961482355,0.013591195602271462,0.11372997957990273,0.0,0.48400000000001014
0.3,0.2,17.335069444444443,0.6905434896101311,0.30550870497163246,0.015506063090668844,0.03178465464127341,0.014498727359901768,0.11670184974411217,0.0,0.48399999999999416
0.3,0.2,18.506944444444443,0.7092375871718413,0.30329719321768905,0.01650120020220529,0.028861592485525674,0.015478861658142499,0.11986115223204118,0.0,0.48399999999998483
0.3,0.2,19.765625,0.7292071230342276,0.30093479727014716,0.017577197581275114,0.025720402799817715,0.016531598496993656,0.12323600379278447,0.0,0.48399999999997056
0.3,0.2,21.11111111111111,0.7505538682664414,0.29840947746415264,0.01872740167614283,0.022362579342681328,0.017656937876455232,0.1268436037370286,0.0,0.4839999999999556
0.3,0.2,22.54340277777778,0.7696928724025732,0.2961453333602773,0.02017521652562558,0.018746475063842534,0.018854879796527238,0.13007809543603488,0.0,0.483999999999998
0.3,0.2,24.0625,0.7835314085790246,0.2945082344804288,0.021665150131990874,0.015284383212950881,0.020125424257209666,0.13241680804985517,0.0,0.48400000000005744
0.3,0.2,25.66840277777778,0.7977789400951987,0.29282275145530196,0.022872318317726643,0.012011718178363382,0.02146857125850252,0.1348246408760886,0.0,0.48399999999999815
0.3,0.2,27.361111111111107,0.8093796501972991,0.29145038745393986,0.0224240953128787,0.010456035639384848,0.022884320800405793,0.13678516088334355,0.0,0.4839999999999573
0.3,0.2,29.140625,0.8214889022733459,0.29001786293775056,0.021955238748464345,0.008822601041294313,0.0243726728829195,0.13883162448419548,0.0,0.4839999999999778
0.3,0.2,31.006944444444443,0.8340840027751824,0.28852786255354906,0.021466366696696167,0.00711194687477028,0.025933627506043624,0.14096019646900582,0.0,0.4840000000000149
0.3,0.2,32.96006944444444,0.8472649219050119,0.28696855982584174,0.020954756409962267,0.005321727398175065,0.027567184669778175,0.14318777180194703,0.0,0.48399999999999854
0.3,0.2,35.0,0.8585597188810796,0.2856323853709292,0.020955467082671878,0.0032012377492431875,0.029114317439560312,0.14509659249090245,0.0,0.4840000000000031
0.3,0.15,0.2,,0.0,0.0,0.0,0.0,0.0,0.0,0.0
0.3,0.15,0.8857142857142859,0.05401264101499034,0.08689437636051865,0.0006078324912931518,0.01520928019057995,0.0007407948372227085,0.009128136331533369,0.0,0.11258042069424842
0.3,0.15,1.5714285714285716,0.11638596110601018,0.15537532587880007,0.0013097520758331793,0.02238449032801814,0.0013143134208789989,0.019669227426915722,0.0,0.20005310982713584
0.3,0.15,2.2571428571428576,0.17848094739296133,0.21040317180201196,0.0020085394245417353,0.029666774500082288,0.0018878320045352893,0.030163280109410467,0.0,0.2741295987527344
0.3,0.15,2.9428571428571435,0.24056502595951004,0.2646881216723955,0.002707204022969199,0.03695325483378806,0.00246135058819158,0.0406554893871572,0.0,0.3474654216303735
0.3,0.15,3.6285714285714294,0.3026491045260768,0.3189742916817381,0.0034058686213422912,0.04423973516748968,0.00303486917184787,0.05114769866490698,0.0,0.4208024646487076
0.3,0.15,4.314285714285715,0.34896921262814146,0.3701169418281392,0.002227677890251806,0.04907119429283237,0.0036083877555041603,0.05897579693415591,0.0,0.4839999999999206
0.3,0.15,5.000000000000001,0.36457471968794475,0.36827081015734114,0.0035756316717542023,0.04635852331046991,0.004181906339160451,0.06161312762726267,0.0,0.48400000000006055
0.3,0.15,5.685714285714287,0.37961200529905614,0.3664918992363355,0.004190790474282917,0.04440745583533713,0.004755424922816742,0.06415442889554049,0.0,0.4839999999999632
0.3,0.15,6.371428571428573,0.3943434896329662,0.36474916468688073,0.004409932847499691,0.0428679087527026,0.005328943506473032,0.06664404974797129,0.0,0.48400000000003945
0.3,0.15,7.057142857142859,0.4085410013872273,0.3630695991587366,0.004475456519995888,0.04150905264402817,0.005902462090129322,0.06904342923444143,0.0,0.4839999999999336
0.3,0.15,7.742857142857145,0.42136644500172005,0.361552349269176,0.005372613103961593,0.039388127478711205,0.0064759806737856125,0.0712109292052907,0.0,0.4839999999999865
0.3,0.15,8.428571428571429,0.4338569244596067,0.36007472561559273,0.0060257723515260014,0.03752818233690618,0.007049499257441902,0.07332182023367353,0.0,0.48399999999996807
0.3,0.15,9.114285714285716,0.4462525729902808,0.3586083205377807,0.006613793413539342,0.03573818330982502,0.007623017841098193,0.07541668483535746,0.0,0.48399999999991206
0.3,0.15,9.8,0.458648221520959,0.3571419154602177,0.00720181447555197,0.033948184282744355,0.008196536424754482,0.07751154943704208,0.0,0.4840000000001065
0.3,0.15,10.0,0.46226361900906854,0.3567142139792474,0.007373320618639281,0.03342610123317914,0.008363812678320901,0.07812255161253259,0.0,0.4840000000001482
0.3,0.15,10.043402777777779,0.4630482104778464,0.356621396817563,0.007410539833718492,0.03331280196027032,0.008400113948626112,0.07825514757075605,0.0,0.48400000000014265
0.3,0.15,10.17361111111111,0.46540198488417006,0.35634294533226074,0.007522197478958868,0.032972904141541574,0.00850901775954175,0.07865293544542475,0.0,0.48399999999987425
0.3,0.15,10.390625,0.4693249422280397,0.35587885952397535,0.007708293554357345,0.03240640777699602,0.008690524111067811,0.07931591523653872,0.0,0.48399999999997784
0.3,0.15,10.694444444444445,0.4748170825094635,0.3552291393922568,0.007968828059914656,0.031613312866632444,0.008944633003204297,0.08024408694409933,0.0,0.4840000000000054
0.3,0.15,11.085069444444445,0.48187840572843876,0.35439378493733914,0.008303800995631123,0.03059361941045071,0.009271344435951206,0.08143745056810615,0.0,0.48400000000019067
0.3,0.15,11.5625,0.49050677752060223,0.35337304865406743,0.008713676774119774,0.029346971208100772,0.00967065840930854,0.08289564540098178,0.0,0.4840000000000339
0.3,0.15,12.12673611111111,0.5007034985601065,0.3521667766734335,0.009198172383962804,0.02787358532682713,0.0101425749232763,0.08461889125665802,0.0,0.4840000000003035
0.3,0.15,12.777777777777779,0.5119388808733683,0.35083763097027665,0.009780327327260072,0.026177277445783593,0.010687093977854485,0.08651767086759923,0.0,0.4839999999999441
0.3,0.15,13.515625,0.5244558172639503,0.3493568774007563,0.010498406751991932,0.024207467751133912,0.011304215573043092,0.0886330331176076,0.0,0.48399999999998305
0.3,0.15,14.340277777777777,0.5384453344063673,0.3477019175288435,0.011300966109046543,0.02200591573946518,0.011993939708842124,0.09099726151467609,0.0,0.48399999999993054
0.3,0.15,15.25173611111111,0.5539074323006152,0.3458727513547043,0.012188005398421704,0.019572621410779784,0.012756266385251581,0.09361035605880398,0.0,0.483999999999952
0.3,0.15,16.25,0.570842110946694,0.3438693788782226,0.013159524620118934,0.016907584765076273,0.013591195602271462,0.0964723167499913,0.0,0.48399999999993154
0.3,0.15,17.335069444444443,0.5892493703446141,0.3416918000995779,0.014215523774135303,0.014010805802356946,0.014498727359901768,0.09958314358823979,0.0,0.4840000000000509
0.3,0.15,18.506944444444443,0.6091292104943595,0.3393400150185272,0.01535600286047495,0.010882284522618553,0.015478861658142499,0.10294283657354676,0.0,0.4840000000000644
0.3,0.15,19.765625,0.6304816313959446,0.3368140236351515,0.016580961879136387,0.007522020925861814,0.016531598496993656,0.10655139570591464,0.0,0.4840000000000539
0.3,0.15,21.11111111111111,0.6533066330493593,0.33411382594939776,0.01789040083012035,0.003930015012086514,0.017656937876455232,0.11040882098534173,0.0,0.48399999999996624
0.3,0.15,22.54340277777778,0.66701514688728,0.3324921087772001,0.01781901329628299,0.002108438968721056,0.018854879796527238,0.11272555982395033,0.0,0.48399999999998955
0.3,0.15,24.0625,0.6677329428352651,0.33240719356324544,0.016750754556027068,0.002176293645860474,0.019818891599352483,0.1128468673391598,0.0,0.48400000000003607
0.3,0.15,25.66840277777778,0.667732942835263,0.33240719356321885,0.01675075455602752,0.0021762936458603957,0.019818891599352247,0.11284686733915945,0.0,0.4840000000000089
0.3,0.15,27.361111111111107,0.6677329428352636,0.3324071935632309,0.016750754556027307,0.002176293645860436,0.019818891599352368,0.11284686733915957,0.0,0.48400000000002125
0.3,0.15,29.140625,0.6677329428352652,0.33240719356324594,0.01675075455602707,0.0021762936458604703,0.0198188915993525,0.11284686733915983,0.0,0.48400000000003673
0.3,0.15,31.006944444444443,0.6677329428352649,0.33240719356323095,0.016750754556027318,0.0021762936458604265,0.01981889159935229,0.11284686733915977,0.0,0.4840000000000213
0.3,0.15,32.96006944444444,0.6677329428352627,0.33240719356325477,0.016750754556026978,0.002176293645860498,0.019818891599352673,0.11284686733915941,0.0,0.48400000000004495
0.3,0.15,35.0,0.6677329428352683,0.33240719356325554,0.016750754556026794,0.002176293645860472,0.01981889159935259,0.11284686733916036,0.0,0.4840000000000463
