Gamma,Iteration,Change_Factor,Uptake_Bound,Growth,ATPM,Random_Seed,phiCm,phiCc,phiR,phiEc,phiEr,phiEm,phiP_m,phiP,phiM,phiCm_m,phiEr_m,phiEm_m,phiPmax,phiMmax
1,1,1,0.1,0,0,1,0,0,0,0,0,0,0,0,0,0,0,0,0.484,0.484
1,1,1,0.43448275862069,0.0129931037417963,6.86,1,0.000363350145498247,0.414164205118716,0.00219583453236357,0.0566622912921298,0.0104886930888423,0.000125625822450262,0.0109776690567908,0.0698357948812842,0.0109776690567908,0.000363350145498247,0.0104886930888423,0.000125625822450262,0.484,0.484
1,1,1,0.768965517241379,0.0434185634047833,6.86,1,0.000643072082905628,0.383184045791355,0.00733773721540839,0.0784185346302979,0.0139966231834324,0.000419987096600911,0.0150596823629389,0.100815954208645,0.0150596823629389,0.000643072082905628,0.0139966231834324,0.000419987096600911,0.484,0.484
1,1,1,1.10344827586207,0.0738228114276591,6.86,1,0.000922794020313009,0.350844637427779,0.0124760551312744,0.101439865119538,0.0174859780832562,0.000830670217838305,0.0192394423214075,0.13315536257222,0.0192394423214075,0.000922794020313009,0.0174859780832562,0.000830670217838305,0.484,0.484
1,1,1,1.43793103448276,0.104249726888684,6.86,1,0.00120251595772039,0.30321541453193,0.0176182038441876,0.139804680344432,0.020986143161441,0.00117304216028957,0.023361701279451,0.18078458546807,0.023361701279451,0.00120251595772039,0.020986143161441,0.00117304216028957,0.484,0.484
1,1,1,1.77241379310345,0.134594282906774,6.86,1,0.00148223789512777,0.261656556270699,0.0227464338112448,0.172087177504431,0.0245131194266203,0.0015144750918772,0.0275098324136252,0.222343443729301,0.0275098324136252,0.00148223789512777,0.0245131194266203,0.0015144750918772,0.484,0.484
1,1,1,2.10689655172414,0.164878191689075,6.86,1,0.00176195983253515,0.225980506588123,0.0278644143954536,0.198470925070554,0.0280669599301723,0.00185523418316225,0.0316841539458697,0.258019493411877,0.0316841539458697,0.00176195983253515,0.0280669599301723,0.00185523418316225,0.484,0.484
1,1,1,2.44137931034483,0.195161886581539,6.86,1,0.00204168176994253,0.190260527073682,0.0329823588322801,0.224898431383615,0.0316210162773116,0.00219598466316872,0.0358586827104229,0.293739472926318,0.0358586827104229,0.00204168176994253,0.0316210162773116,0.00219598466316872,0.484,0.484
1,1,1,2.77586206896552,0.22544571966209,6.86,1,0.00232140370734991,0.154473877939102,0.0381003266228932,0.251392890294898,0.0351747523285532,0.00253674910720434,0.0400329051431075,0.329526122060898,0.0400329051431075,0.00232140370734991,0.0351747523285532,0.00253674910720434,0.484,0.484
1,1,1,3.11034482758621,0.255729918036061,6.86,1,0.0026011256447573,0.118718066429265,0.0432183561480944,0.277856291985799,0.0387286564651939,0.00287750332689042,0.0442072854368416,0.365281933570735,0.0442072854368416,0.0026011256447573,0.0387286564651939,0.00287750332689042,0.484,0.484
1,1,1,3.4448275862069,0.286013831393456,6.86,1,0.00288084758216468,0.0829556611457384,0.0483363375054941,0.304326376324142,0.0422825159355873,0.00321826150687336,0.0483816250246253,0.401044338854262,0.0483816250246253,0.00288084758216468,0.0422825159355873,0.00321826150687336,0.484,0.484
1,1,1,3.77931034482759,0.315902140168746,6.86,1,0.00316056951957206,0.0811615328872243,0.0533874616885181,0.296747529514971,0.0459883280493575,0.00355457834035683,0.0527034759092864,0.402838467112776,0.0527034759092864,0.00316056951957206,0.0459883280493575,0.00355457834035683,0.484,0.484
1,1,1,4.11379310344828,0.345769886147561,6.86,1,0.00344029145697944,0.0812129619826978,0.0584351107589378,0.287318510055658,0.0497024820331368,0.00389064371258992,0.0570334172027061,0.402787038017302,0.0570334172027061,0.00344029145697944,0.0497024820331368,0.00389064371258992,0.484,0.484
1,1,1,4.44827586206897,0.375928947762203,6.86,1,0.00372001339438682,0.0561159070375657,0.0635319921718123,0.303097970105053,0.0533041082937282,0.00423000899745362,0.0612541306855686,0.427884092962434,0.0612541306855686,0.00372001339438682,0.0533041082937282,0.00423000899745362,0.484,0.484
1,1,1,4.78275862068966,0.406085539127077,6.86,1,0.0039997353317942,0.0312446708496577,0.0686284561124759,0.318650938415688,0.0569068542657056,0.00456934502467908,0.0654759346221788,0.452755329150342,0.0654759346221788,0.0039997353317942,0.0569068542657056,0.00456934502467908,0.484,0.484
1,1,1,5.11724137931035,0.436316472571066,6.86,1,0.00427945726920158,1.17584683411165e-05,0.0737374838645102,0.340580724946665,0.0604810667122766,0.00490950873900556,0.0696700327204837,0.483988241531659,0.0696700327204837,0.00427945726920158,0.0604810667122766,0.00490950873900556,0.484,0.484
1,1,1,5.45172413793104,0.465321176457328,6.86,1,0.00455917920660896,1.3426379203374e-05,0.0786392788212884,0.331278697352017,0.0642735435355345,0.00523587470534804,0.0740685974474915,0.483986573620797,0.0740685974474915,0.00455917920660896,0.0642735435355345,0.00523587470534804,0.484,0.484
1,1,1,5.78620689655172,0.493993186505213,6.86,1,0.00483890114401634,2.50011033497977e-06,0.083484848519381,0.322005964831923,0.0681092758224058,0.00555850957193876,0.0785066865383609,0.483997499889665,0.0785066865383609,0.00483890114401634,0.0681092758224058,0.00555850957193876,0.484,0.484
1,1,1,6.12068965517241,0.522665196553106,6.86,1,0.00511862308142372,1.63161235876563e-05,0.0883304182174749,0.312708218830061,0.0719453041671378,0.00588111958031451,0.082945046828876,0.483983683876412,0.082945046828876,0.00511862308142372,0.0719453041671378,0.00588111958031451,0.484,0.484
1,1,1,6.4551724137931,0.551335542416453,6.86,1,0.0053983450188311,2.22173641720724e-05,0.0931757066683806,0.303418550397491,0.0757814572590214,0.00620372329210426,0.0873835255699568,0.483977782635828,0.0873835255699568,0.0053983450188311,0.0757814572590214,0.00620372329210426,0.484,0.484
1,1,1,6.78965517241379,0.57999931196941,6.86,1,0.00567806695623848,2.3898025635738e-05,0.0980198837228303,0.294133210016846,0.0796186882723429,0.00652625300610712,0.0918230082346885,0.483976101974364,0.0918230082346885,0.00567806695623848,0.0796186882723429,0.00652625300610712,0.484,0.484
1,1,1,7.12413793103448,0.608650081990645,6.86,1,0.00595778889364586,1.06995203933424e-05,0.102861863856419,0.284863128319512,0.083457867648978,0.0068486517610514,0.0962643083036752,0.483989300479607,0.0962643083036752,0.00595778889364586,0.083457867648978,0.0068486517610514,0.484,0.484
1,1,1,7.45862068965517,0.636572491256174,6.86,1,0.00623751083105325,-7.76857092843475e-06,0.107580751022293,0.275573417821216,0.0874532486335006,0.00716284026286469,0.100853599727419,0.484007768570928,0.100853599727419,0.00623751083105325,0.0874532486335006,0.00716284026286469,0.484,0.484
1,1,1,7.79310344827586,0.663861251324002,6.86,1,0.00651723276846063,-8.0997940132832e-06,0.112192551473756,0.266224090299001,0.0916043264349,0.00746989881789554,0.105591458021256,0.484008099794013,0.105591458021256,0.00651723276846063,0.0916043264349,0.00746989881789554,0.484,0.484
1,1,1,8.12758620689655,0.691123837549733,6.86,1,0.00679695470586801,-8.31367437970076e-06,0.116799928545905,0.25687417162621,0.0957605959367468,0.00777666285964999,0.110334213502265,0.48400831367438,0.110334213502265,0.00679695470586801,0.0957605959367468,0.00777666285964999,0.484,0.484
1,1,1,8.46206896551724,0.718329911264522,6.86,1,0.00707667664327539,-5.11812814352197e-14,0.121397755003704,0.247514473489753,0.0999283219254534,0.0080827729378652,0.115087771506594,0.484000000000051,0.115087771506594,0.00707667664327539,0.0999283219254534,0.0080827729378652,0.484,0.484
1,1,1,8.79655172413793,0.732658509143843,6.86,1,0.00735639858068277,5.35127497869325e-14,0.123819288045309,0.243711309102416,0.100609805791111,0.00850319848042726,0.116469402852221,0.483999999999946,0.116469402852221,0.00735639858068277,0.100609805791111,0.00850319848042726,0.484,0.484
1,1,1,9.13103448275862,0.745492217481952,6.86,1,0.00763612051809015,6.55031584528842e-14,0.12598818475445,0.240554170276237,0.10088454317413,0.00893698127702735,0.117457644969248,0.483999999999934,0.117457644969248,0.00763612051809015,0.10088454317413,0.00893698127702735,0.484,0.484
1,1,1,9.46551724137931,0.758325925820061,6.86,1,0.00791584245549753,9.0205620750794e-14,0.12815708146359,0.237397031450144,0.101159280557149,0.00937076407352943,0.118445887086176,0.48399999999991,0.118445887086176,0.00791584245549753,0.101159280557149,0.00937076407352943,0.484,0.484
1,1,1,9.8,0.771159634158168,6.86,1,0.00819556439290491,1.02140518265514e-14,0.13032597817273,0.234239892624106,0.101434017940167,0.00980454687008179,0.119434129203154,0.48399999999999,0.119434129203154,0.00819556439290491,0.101434017940167,0.00980454687008179,0.484,0.484
1,1,1,10,0.77883339790673,6.86,1,0.00836282080908664,-2.33146835171283e-15,0.131622844246237,0.232352118893028,0.101598293901147,0.0100639221505032,0.120025036860737,0.484000000000002,0.120025036860737,0.00836282080908664,0.101598293901147,0.0100639221505032,0.484,0.484
1,1,1,10.0052509976896,0.779034872485301,6.86,1,0.00836721212436132,-3.52495810318487e-14,0.131656893450016,0.232302555415551,0.101602606964605,0.0100707320455024,0.120040551134469,0.484000000000035,0.120040551134469,0.00836721212436132,0.101602606964605,0.0100707320455024,0.484,0.484
1,1,1,10.0210039907582,0.77963929622101,6.86,1,0.00838038607018534,2.96429547574917e-14,0.131759041061351,0.232153864983007,0.101615546154978,0.0100911617304494,0.120087093955613,0.48399999999997,0.120087093955613,0.00838038607018534,0.101615546154978,0.0100911617304494,0.484,0.484
1,1,1,10.047258979206,0.78064666911386,6.86,1,0.0084023426465587,-5.89528426075958e-14,0.131929287080242,0.231906047595546,0.101637111472267,0.0101252112054449,0.120164665324271,0.484000000000059,0.120164665324271,0.0084023426465587,0.101637111472267,0.0101252112054449,0.484,0.484
1,1,1,10.084015963033,0.782056991163848,6.86,1,0.00843308185348141,-1.60982338570648e-14,0.13216763150669,0.231559103253035,0.101667302916471,0.010172880470338,0.120273265240291,0.484000000000016,0.120273265240291,0.00843308185348141,0.101667302916471,0.010172880470338,0.484,0.484
1,1,1,10.131274942239,0.783870262370975,6.86,1,0.00847260369095346,-1.58206781009085e-14,0.132474074340695,0.231113031955496,0.101706120487592,0.0102341695252794,0.120412893703825,0.484000000000016,0.120412893703825,0.00847260369095346,0.101706120487592,0.0102341695252794,0.484,0.484
1,1,1,10.1890359168242,0.78608648273524,6.86,1,0.00852090815897486,-1.40443212615082e-14,0.132848615582256,0.230567833702988,0.101753564185627,0.010309078370169,0.120583550714771,0.484000000000014,0.120583550714771,0.00852090815897486,0.101753564185627,0.010309078370169,0.484,0.484
1,1,1,10.2572988867885,0.788705652256644,6.86,1,0.00857799525754561,-7.7715611723761e-16,0.133291255231373,0.229923508495447,0.101809634010579,0.0103976070050568,0.120785236273181,0.484000000000001,0.120785236273181,0.00857799525754561,0.101809634010579,0.0103976070050568,0.484,0.484
1,1,1,10.3360638521319,0.79172777093519,6.86,1,0.0086438649866657,1.90958360235527e-14,0.133801993288047,0.229180056332918,0.101874329962445,0.0104997554299049,0.121017950379016,0.483999999999981,0.121017950379016,0.0086438649866657,0.101874329962445,0.0104997554299049,0.484,0.484
1,1,1,10.4253308128544,0.795152838770875,6.86,1,0.00871851734633513,-2.38697950294409e-14,0.134380829752278,0.228337477215438,0.101947652041228,0.0106155236447455,0.121281693032308,0.484000000000024,0.121281693032308,0.00871851734633513,0.101947652041228,0.0106155236447455,0.484,0.484
1,1,1,10.5250997689561,0.798772008867673,6.86,1,0.00880195233655391,3.10862446895044e-14,0.134992469498637,0.2274316519189,0.102031589083817,0.0107423371620608,0.121575878582432,0.483999999999969,0.121575878582432,0.00880195233655391,0.102031589083817,0.0107423371620608,0.484,0.484
1,1,1,10.6353707204369,0.801974530788779,6.86,1,0.00889416995732204,-1.50990331349021e-14,0.135533695703304,0.226579396360339,0.102112170015635,0.0108805679634156,0.121886907936373,0.484000000000015,0.121886907936373,0.00889416995732204,0.102112170015635,0.0108805679634156,0.484,0.484
1,1,1,10.7561436672968,0.80453474398641,6.86,1,0.00899517020863951,2.33146835171283e-14,0.135966371733703,0.225925207170454,0.102081690359389,0.0110315605277913,0.12210842109582,0.483999999999977,0.12210842109582,0.00899517020863951,0.102081690359389,0.0110315605277913,0.484,0.484
1,1,1,10.8874186095358,0.807317584418624,6.86,1,0.00910495309050633,-1.83186799063151e-15,0.136436671766747,0.225214131964094,0.102048560298254,0.0111956828804001,0.12234919626916,0.484000000000002,0.12234919626916,0.00910495309050633,0.102048560298254,0.0111956828804001,0.484,0.484
1,1,1,11.029195547154,0.810323052085408,6.86,1,0.00922351860292249,-6.99440505513849e-15,0.136944595802434,0.224446170741184,0.102012779832225,0.0113729350212415,0.122609233456389,0.484000000000007,0.122609233456389,0.00922351860292249,0.102012779832225,0.0113729350212415,0.484,0.484
1,1,1,11.1814744801512,0.813551146986769,6.86,1,0.009350866745888,-1.19904086659517e-14,0.137490143840764,0.223621323501788,0.101974348961306,0.0115633169502655,0.12288853265746,0.484000000000012,0.12288853265746,0.009350866745888,0.101974348961306,0.0115633169502655,0.484,0.484
1,1,1,11.3442554085276,0.817001869122706,6.86,1,0.00948699751940285,2.16493489801906e-14,0.138073315881737,0.222739590245876,0.101933267685497,0.0117668286674655,0.123187093872365,0.483999999999978,0.123187093872365,0.00948699751940285,0.101933267685497,0.0117668286674655,0.484,0.484
1,1,1,11.5175383322831,0.820675218493221,6.86,1,0.00963191092346705,2.65343302885412e-14,0.138694111925354,0.221800970973445,0.101889536004796,0.0119834701729115,0.123504917101174,0.483999999999973,0.123504917101174,0.00963191092346705,0.101889536004796,0.0119834701729115,0.484,0.484
1,1,1,11.7013232514178,0.824571195098312,6.86,1,0.00978560695808059,-4.55746551608627e-14,0.139352531971615,0.220805465684539,0.101843153919205,0.012213241466606,0.123842002343892,0.484000000000046,0.123842002343892,0.00978560695808059,0.101843153919205,0.012213241466606,0.484,0.484
1,1,1,11.8956101659315,0.828382946677101,6.86,1,0.00994808562324348,1.33226762955019e-15,0.13999671798843,0.220271805617027,0.101304293655168,0.0124790971161301,0.123731476394541,0.483999999999999,0.123731476394541,0.00994808562324348,0.101304293655168,0.0124790971161301,0.484,0.484
1,1,1,12.1003990758244,0.83217273880356,6.86,1,0.0101193469189557,-1.22124532708767e-15,0.140637192857802,0.220089985755769,0.100373029593397,0.0127804448740779,0.123272821386431,0.484000000000001,0.123272821386431,0.0101193469189557,0.100373029593397,0.0127804448740779,0.484,0.484
1,1,1,12.3156899810964,0.836156879244202,6.86,1,0.0102993908452173,-4.82947015711943e-15,0.14131051259227,0.219898841799061,0.0993940084002542,0.0130972463632024,0.122790645608674,0.484000000000005,0.122790645608674,0.0102993908452173,0.0993940084002542,0.0130972463632024,0.484,0.484
1,1,1,12.5414828817475,0.840335367999014,6.86,1,0.0104882174020282,2.99760216648792e-15,0.142016677191833,0.219698373746897,0.0983672300757343,0.013429501583504,0.122284949061267,0.483999999999997,0.122284949061267,0.0104882174020282,0.0983672300757343,0.013429501583504,0.484,0.484
1,1,1,12.7777777777778,0.844708205068005,6.86,1,0.0106858265893885,-2.55351295663786e-15,0.142755686656493,0.219488581599293,0.0972926946198462,0.013777210534982,0.121755731744217,0.484000000000003,0.121755731744217,0.0106858265893885,0.0972926946198462,0.013777210534982,0.484,0.484
1,1,1,13.0245746691871,0.849275390451173,6.86,1,0.0108922184072981,-8.88178419700125e-15,0.143527540986248,0.219269465356241,0.0961704020325849,0.0141403732176369,0.12120299365752,0.484000000000009,0.12120299365752,0.0108922184072981,0.0961704020325849,0.0141403732176369,0.484,0.484
1,1,1,13.2818735559756,0.854036924148519,6.86,1,0.0111073928557571,-8.10462807976364e-15,0.1443322401811,0.219041025017734,0.0950003523139485,0.0145189896314688,0.120626734801174,0.484000000000008,0.120626734801174,0.0111073928557571,0.0950003523139485,0.0145189896314688,0.484,0.484
1,1,1,13.5496744381432,0.858992806160041,6.86,1,0.0113313499347654,-5.32907051820075e-15,0.145169784241047,0.218803260583777,0.0937825454639388,0.0149130597764775,0.120026955175182,0.484000000000005,0.120026955175182,0.0113313499347654,0.0937825454639388,0.0149130597764775,0.484,0.484
1,1,1,13.82797731569,0.863556090387063,6.86,1,0.011564089644323,5.55111512312578e-16,0.145940979275414,0.217089032715855,0.0941623213581225,0.0152435770062856,0.120969988008731,0.483999999999999,0.120969988008731,0.011564089644323,0.0941623213581225,0.0152435770062856,0.484,0.484
1,1,1,14.1167821886158,0.868262188044875,6.86,1,0.01180561198443,5.99520433297585e-15,0.146736309779584,0.21523666337917,0.0946388038098396,0.0155826110469704,0.12202702684124,0.483999999999994,0.12202702684124,0.01180561198443,0.0946388038098396,0.0155826110469704,0.484,0.484
1,1,1,14.4160890569208,0.873139416526617,6.86,1,0.0120559169550864,-2.44249065417534e-15,0.147560561392998,0.213316935157526,0.095132612896166,0.0159339735982254,0.123122503449478,0.484000000000002,0.123122503449478,0.0120559169550864,0.095132612896166,0.0159339735982254,0.484,0.484
1,1,1,14.7258979206049,0.878187775832289,6.86,1,0.0123150045562921,4.44089209850063e-16,0.148413734115657,0.2113298480509,0.0956437486170995,0.0162976646600508,0.124256417833442,0.484,0.124256417833442,0.0123150045562921,0.0956437486170995,0.0162976646600508,0.484,0.484
1,1,1,15.0462087796681,0.883216172072058,6.86,1,0.0126148488571552,-1.11059297946969e-06,0.149263533080178,0.209310139201806,0.0961403570227478,0.0166722324310929,0.125427438310996,0.484001110592979,0.125427438310996,0.0126148488571552,0.0961403570227478,0.0166722324310929,0.484,0.484
1,1,1,15.3770216341105,0.887721082854915,6.86,1,0.0130526841095627,-1.11022302462516e-15,0.150024863002481,0.207336218823314,0.0965329988471936,0.0170532352174498,0.126638918174206,0.484000000000001,0.126638918174206,0.0130526841095627,0.0965329988471936,0.0170532352174498,0.484,0.484
1,1,1,15.7183364839319,0.892369006678495,6.86,1,0.0135044097543618,-6.10622663543836e-16,0.150810362128666,0.205300723094488,0.0969381820498915,0.0174463229725937,0.127888914776847,0.484000000000001,0.127888914776847,0.0135044097543618,0.0969381820498915,0.0174463229725937,0.484,0.484
1,1,1,16.0701533291325,0.8971599435428,6.86,1,0.0139700346497701,-1.22124532708767e-15,0.151620030458733,0.203202596727852,0.0973558324280574,0.0178515057355881,0.129177372813416,0.484000000000001,0.129177372813416,0.0139700346497701,0.0973558324280574,0.0178515057355881,0.484,0.484
1,1,1,16.4324721697122,0.901765798463922,6.86,1,0.0144528537614065,-3.99680288865056e-15,0.152398419940403,0.201128298058855,0.0977514350015869,0.0182689932377525,0.130473282000746,0.484000000000004,0.130473282000746,0.0144528537614065,0.0977514350015869,0.0182689932377525,0.484,0.484
1,1,1,16.8052930056711,0.905992959395991,6.86,1,0.0148963287990984,4.55191440096314e-15,0.153112810137922,0.1996238097019,0.0976949140323362,0.0186721373287379,0.131263380160173,0.483999999999995,0.131263380160173,0.0148963287990984,0.0976949140323362,0.0186721373287379,0.484,0.484
1,1,1,17.188615837009,0.909856452843131,6.86,1,0.0151663465235795,-2.60902410786912e-15,0.153765740530489,0.199818949608582,0.0962493595532252,0.0189996037841271,0.130415309860932,0.484000000000003,0.130415309860932,0.0151663465235795,0.0962493595532252,0.0189996037841271,0.484,0.484
1,1,1,17.5824406637261,0.913825795425816,6.86,1,0.0154437619939366,-7.7715611723761e-16,0.154436559426963,0.200019435814069,0.0947642008418071,0.0193360419232255,0.129544004758969,0.484000000000001,0.129544004758969,0.0154437619939366,0.0947642008418071,0.0193360419232255,0.484,0.484
1,1,1,17.9867674858223,0.917899325584634,6.86,1,0.0157285683112897,1.0579631763985e-06,0.155124986023803,0.200224847816257,0.0932390978741387,0.0196814420113346,0.128649108196763,0.483998942036824,0.128649108196763,0.0157285683112897,0.0932390978741387,0.0196814420113346,0.484,0.484
1,1,1,18.4015963032976,0.922080358869978,6.86,1,0.0160207792419747,1.06278220468603e-06,0.155831580649026,0.200436024703984,0.0916747291493006,0.02003582347351,0.127731331864785,0.483998937217795,0.127731331864785,0.0160207792419747,0.0916747291493006,0.02003582347351,0.484,0.484
1,1,1,18.8269271161521,0.926367241099264,6.86,1,0.0163203879177405,1.06772322627791e-06,0.156556063745776,0.200652547842035,0.0900707561529505,0.0203991766182721,0.126790320688963,0.483998932276774,0.126790320688963,0.0163203879177405,0.0900707561529505,0.0203991766182721,0.484,0.484
1,1,1,19.2627599243856,0.930759972272496,6.86,1,0.0166273943385869,1.07278624683627e-06,0.157298435314052,0.200874417230407,0.0884271788850863,0.0207715014456211,0.125826074669294,0.483998927213753,0.125826074669294,0.0166273943385869,0.0884271788850863,0.0207715014456211,0.484,0.484
1,1,1,19.7090947279983,0.935260245372305,6.86,1,0.0169418055338652,-3.66373598126302e-15,0.15805898146792,0.201102061323709,0.0867443438001533,0.021152807874357,0.124838957208376,0.484000000000004,0.124838957208376,0.0169418055338652,0.0867443438001533,0.021152807874357,0.484,0.484
1,1,1,20.1659315269901,0.939864682768218,6.86,1,0.0172636074794795,4.21884749357559e-15,0.158837131387829,0.201334625322069,0.085021559694907,0.0215430761157111,0.123828243290098,0.483999999999996,0.123828243290098,0.0172636074794795,0.085021559694907,0.0215430761157111,0.484,0.484
1,1,1,20.6332703213611,0.944574969299666,6.86,1,0.0175928071709699,7.7715611723761e-16,0.159633169811644,0.201572535619253,0.0832591713573585,0.0219423160407746,0.122794294569103,0.483999999999999,0.122794294569103,0.0175928071709699,0.0832591713573585,0.0219423160407746,0.484,0.484
1,1,1,21.1111111111111,0.949391104966657,6.86,1,0.0179294046083366,2.44249065417534e-15,0.160447096739365,0.201815792215244,0.081457178787505,0.0223505276495474,0.121737111045389,0.483999999999998,0.121737111045389,0.0179294046083366,0.081457178787505,0.0223505276495474,0.484,0.484
1,1,1,21.5994538962403,0.95431133550339,6.86,1,0.0182733925077776,1.11699202476334e-06,0.161278615700073,0.202063951146108,0.0796152229898318,0.022767700664185,0.120656316161794,0.483998883007975,0.120656316161794,0.0182733925077776,0.0796152229898318,0.022767700664185,0.484,0.484
1,1,1,22.0982986767486,0.959339263419324,6.86,1,0.0186247858270976,1.05715357634484e-06,0.162128335517866,0.202317924123349,0.0777340411871397,0.0231938561909715,0.119552683205209,0.483998942846424,0.119552683205209,0.0186247858270976,0.0777340411871397,0.0231938561909715,0.484,0.484
1,1,1,22.607645452636,0.964472873713223,6.86,1,0.0189835761999078,1.10349453491532e-06,0.162995915657535,0.202577201196923,0.075813221026627,0.0236289824244723,0.118425779651007,0.483998896505465,0.118425779651007,0.0189835761999078,0.075813221026627,0.0236289824244723,0.484,0.484
1,1,1,23.1274942239025,0.969712440234531,6.86,1,0.019349764763245,1.08164698753299e-06,0.163881402399636,0.202841851671777,0.0738528185492458,0.0240730809691094,0.1172756642816,0.483998918353012,0.1172756642816,0.019349764763245,0.0738528185492458,0.0240730809691094,0.484,0.484
1,1,1,23.6578449905482,0.974888952871692,6.86,1,0.0197846318385103,1.08705577184232e-06,0.164756233035316,0.202896156333458,0.0720240917456472,0.0245377999912963,0.116346523575454,0.483998912944228,0.116346523575454,0.0197846318385103,0.0720240917456472,0.0245377999912963,0.484,0.484
1,1,1,24.198697752573,0.979986218227497,6.86,1,0.0202369373118016,1.0568959019075e-06,0.165617670880447,0.203207178830095,0.0699393221001801,0.0249978339815742,0.115174093393556,0.483998943104098,0.115174093393556,0.0202369373118016,0.0699393221001801,0.0249978339815742,0.484,0.484
1,1,1,24.7500525099769,0.983586865156973,6.86,1,0.0206980254156422,9.46749049379747e-07,0.166226180211528,0.202548158614562,0.0690691700354732,0.0254575189737451,0.11522471442486,0.483999053250951,0.11522471442486,0.0206980254156422,0.0690691700354732,0.0254575189737451,0.484,0.484
1,1,1,25.3119092627599,0.985550462181015,6.86,1,0.0212350563492006,1.02517793015844e-06,0.166558028108592,0.202774283627564,0.0675167992455122,0.025914807491201,0.114666663085914,0.48399897482207,0.114666663085914,0.0212350563492006,0.0675167992455122,0.025914807491201,0.484,0.484
1,1,1,25.8842680109221,0.987371240205505,6.86,1,0.0216465495149715,1.66533453693773e-15,0.16686573959473,0.204464210160129,0.0646420740629096,0.0263814266672578,0.112670050245139,0.483999999999998,0.112670050245139,0.0216465495149715,0.0646420740629096,0.0263814266672578,0.484,0.484
1,1,1,26.4671287544633,0.989177367278565,6.86,1,0.0221339855104602,-2.1094237467878e-15,0.167170975070077,0.20549800405468,0.0623414936044007,0.0268555417603835,0.111331020875244,0.484000000000002,0.111331020875244,0.0221339855104602,0.0623414936044007,0.0268555417603835,0.484,0.484
1,1,1,27.0604914933837,0.991014229048751,6.86,1,0.0226302041364982,9.43781930273779e-07,0.167481404709239,0.20655010867735,0.0599991498437116,0.0273381888512708,0.109967542831481,0.48399905621807,0.109967542831481,0.0226302041364982,0.0599991498437116,0.0273381888512708,0.484,0.484
1,1,1,27.6643562276833,0.992885438368026,6.86,1,0.0231352053930855,9.4556396201817e-07,0.167797639084196,0.207621155808912,0.0576156649969121,0.0278293891529316,0.108580259542929,0.483999054436038,0.108580259542929,0.0231352053930855,0.0576156649969121,0.0278293891529316,0.484,0.484
1,1,1,28.2787229573619,0.994789190458072,6.86,1,0.0236489892802222,9.47376984139492e-07,0.168119373187414,0.208710829847111,0.0551907282397341,0.0283291320685345,0.107168849588491,0.483999052623016,0.107168849588491,0.0236489892802222,0.0551907282397341,0.0283291320685345,0.484,0.484
1,1,1,28.9035916824197,0.996725485318886,6.86,1,0.0241715557979083,9.49220991530719e-07,0.168446607018892,0.20981913079195,0.0527243395721785,0.0288374175980795,0.105733312968166,0.483999050779008,0.105733312968166,0.0241715557979083,0.0527243395721785,0.0288374175980795,0.484,0.484
1,1,1,29.5389624028565,0.996889795464854,6.86,1,0.0242255661845814,9.08261356735718e-07,0.16847437543356,0.209948012068884,0.0525087636742035,0.0288423743774144,0.105576704236199,0.483999091738643,0.105576704236199,0.0242255661845814,0.0525087636742035,0.0288423743774144,0.484,0.484
1,1,1,30.1848351186725,0.996889795464864,6.86,1,0.0242255661845815,9.08261351462158e-07,0.168474375433562,0.209948012068886,0.0525087636742049,0.0288423743774145,0.105576704236201,0.483999091738649,0.105576704236201,0.0242255661845815,0.0525087636742049,0.0288423743774145,0.484,0.484
1,1,1,30.8412098298677,0.996889795464866,6.86,1,0.0242255661845815,9.08261350685002e-07,0.168474375433562,0.209948012068886,0.0525087636742049,0.0288423743774148,0.105576704236201,0.483999091738649,0.105576704236201,0.0242255661845815,0.0525087636742049,0.0288423743774148,0.484,0.484
1,1,1,31.5080865364419,0.996891585378538,6.86,1,0.0242255796506813,-4.44089209850063e-16,0.168474677928973,0.209948344943271,0.0525089998700348,0.0288423976070403,0.105576977127756,0.484,0.105576977127756,0.0242255796506813,0.0525089998700348,0.0288423976070403,0.484,0.484
1,1,1,32.1854652383953,0.996889814429733,6.86,1,0.0242255663272603,8.98637943058667e-07,0.168474378638625,0.209948015595832,0.0525087661767978,0.0288423746235424,0.1055767071276,0.483999101362057,0.1055767071276,0.0242255663272603,0.0525087661767978,0.0288423746235424,0.484,0.484
1,1,1,32.8733459357278,0.996889823108855,6.86,1,0.0242255663925562,8.94233875836647e-07,0.168474380105397,0.209948017209903,0.0525087673220878,0.0288423747361802,0.105576708450824,0.483999105766124,0.105576708450824,0.0242255663925562,0.0525087673220878,0.0288423747361802,0.484,0.484
1,1,1,33.5717286284394,0.996889823108848,6.86,1,0.0242255663925561,8.94233878168116e-07,0.168474380105395,0.209948017209903,0.0525087673220872,0.0288423747361806,0.105576708450824,0.483999105766122,0.105576708450824,0.0242255663925561,0.0525087673220872,0.0288423747361806,0.484,0.484
1,1,1,34.2806133165301,0.996889814429737,6.86,1,0.0242255663272603,8.98637943669289e-07,0.168474378638626,0.209948015595831,0.0525087661767979,0.0288423746235419,0.1055767071276,0.483999101362056,0.1055767071276,0.0242255663272603,0.0525087661767979,0.0288423746235419,0.484,0.484
1,1,1,35,0.996889814429737,6.86,1,0.0242255663272603,8.98637944002356e-07,0.168474378638626,0.209948015595831,0.0525087661767979,0.0288423746235416,0.1055767071276,0.483999101362056,0.1055767071276,0.0242255663272603,0.0525087661767979,0.0288423746235416,0.484,0.484
0.3,1,1,0.1,0,0,1,0,0,0,0,0,0,0,0,0,0,0,0,0.484,0.1452
0.3,1,1,0.43448275862069,0.0129930658865322,6.86,1,0.000363350145498247,0.414147661444886,0.00219582813482395,0.0566792191102329,0.0104883068304143,0.000125634334144058,0.0109772913100566,0.0698523385551135,0.0109772913100566,0.000363350145498247,0.0104883068304143,0.000125634334144058,0.484,0.1452
0.3,1,1,0.768965517241379,0.0434500435996353,6.86,1,0.000643072082905628,0.382622555508332,0.00734305736833836,0.078981054430305,0.0139899690060772,0.000420291604041949,0.0150533326930248,0.101377444491668,0.0150533326930248,0.000643072082905628,0.0139899690060772,0.000420291604041949,0.484,0.1452
0.3,1,1,1.10344827586207,0.0738228114276605,6.86,1,0.000922794020313009,0.350844637427753,0.0124760551312746,0.101439865119565,0.0174859780832562,0.000830670217838313,0.0192394423214076,0.133155362572247,0.0192394423214076,0.000922794020313009,0.0174859780832562,0.000830670217838313,0.484,0.1452
0.3,1,1,1.43793103448276,0.104249726888763,6.86,1,0.00120251595772039,0.303200668506936,0.0176182038442009,0.139819496123143,0.0209860718117423,0.00117304375625802,0.0233616315257207,0.180799331493064,0.0233616315257207,0.00120251595772039,0.0209860718117423,0.00117304375625802,0.484,0.1452
0.3,1,1,1.77241379310345,0.134594282906852,6.86,1,0.00148223789512777,0.261675604284937,0.022746433811258,0.172068041651395,0.0245132115444064,0.00151447081287646,0.0275099202524106,0.222324395715063,0.0275099202524106,0.00148223789512777,0.0245132115444064,0.00151447081287646,0.484,0.1452
0.3,1,1,2.10689655172414,0.164878191689155,6.86,1,0.00176195983253515,0.226003341918321,0.0278644143954671,0.198447982137695,0.0280670727746012,0.00185522894137993,0.0316842615485162,0.257996658081679,0.0316842615485162,0.00176195983253515,0.0280670727746012,0.00185522894137993,0.484,0.1452
0.3,1,1,2.44137931034483,0.195162100471457,6.86,1,0.00204168176994253,0.190242053474284,0.0329823949796762,0.224916948701416,0.031620934004798,0.00219598706988342,0.0358586028446239,0.293757946525716,0.0358586028446239,0.00204168176994253,0.031620934004798,0.00219598706988342,0.484,0.1452
0.3,1,1,2.77586206896552,0.225446015593112,6.86,1,0.00232140370734991,0.154479529128545,0.0381003766352359,0.25138715246258,0.0351747927965715,0.00253674526971803,0.0400329417736394,0.329520470871455,0.0400329417736394,0.00232140370734991,0.0351747927965715,0.00253674526971803,0.484,0.1452
0.3,1,1,3.11034482758621,0.255729918035906,6.86,1,0.0026011256447573,0.118682666103081,0.0432183561480682,0.277891859206209,0.0387284814408672,0.00287751145701661,0.0442071185426411,0.365317333896919,0.0442071185426411,0.0026011256447573,0.0387284814408672,0.00287751145701661,0.484,0.1452
0.3,1,1,3.4448275862069,0.286013896374127,6.86,1,0.00288084758216468,0.0829500493385908,0.0483363484872275,0.304332001413127,0.0422824909408461,0.00321826223804357,0.0483816007610544,0.401049950661409,0.0483816007610544,0.00288084758216468,0.0422824909408461,0.00321826223804357,0.484,0.1452
0.3,1,1,3.77931034482759,0.316297773350911,6.86,1,0.00316056951957206,0.0471807243328001,0.0534543236963039,0.330808998037657,0.0458363644049992,0.00355902000866765,0.0525559539332389,0.4368192756672,0.0525559539332389,0.00316056951957206,0.0458363644049992,0.00355902000866765,0.484,0.1452
0.3,1,1,4.11379310344828,0.346581692289254,6.86,1,0.00344029145697944,0.0113977901712466,0.0585723059968839,0.357299612394758,0.0493902217286835,0.00389977825144811,0.056730291437111,0.472602209828753,0.056730291437111,0.00344029145697944,0.0493902217286835,0.00389977825144811,0.484,0.1452
0.3,1,1,4.44827586206897,0.376581053571335,6.86,1,0.00372001339438682,8.67596365039525e-05,0.0636421980535555,0.35926016046819,0.0530535338295868,0.00423733461777671,0.0610108818417503,0.483913240363496,0.0610108818417503,0.00372001339438682,0.0530535338295868,0.00423733461777671,0.484,0.1452
0.3,1,1,4.78275862068966,0.406448810934242,6.86,1,0.0039997353317942,3.28465115401189e-06,0.0686898490478868,0.349966576475355,0.0567671218716555,0.00457343262215485,0.0653402898256046,0.483996715348846,0.0653402898256046,0.0039997353317942,0.0567671218716555,0.00457343262215485,0.484,0.1452
0.3,1,1,5.11724137931035,0.436316568297143,6.86,1,0.00427945726920158,4.03701924452937e-05,0.0737375000422172,0.340552070914512,0.0604811020056497,0.00490949957597432,0.0696700588508256,0.483959629807555,0.0696700588508256,0.00427945726920158,0.0604811020056497,0.00490949957597432,0.484,0.1452
0.3,1,1,5.45172413793104,0.465321894122607,6.86,1,0.00455917920660896,0.00538486671703142,0.0786394001067206,0.32658424217699,0.064331686121563,0.00450062567108528,0.0733914909992572,0.478615133282969,0.0733914909992572,0.00455917920660896,0.064331686121563,0.00450062567108528,0.484,0.1452
0.3,1,1,5.78620689655172,0.493993981401638,6.86,1,0.00483890114401634,-1.27342580924505e-13,0.0834849828568768,0.322008316352034,0.068109293560056,0.005558506087144,0.0785067007912163,0.484000000000127,0.0785067007912163,0.00483890114401634,0.068109293560056,0.005558506087144,0.484,0.1452
0.3,1,1,6.12068965517241,0.522666068680668,6.86,1,0.00511862308142372,0.00607431033822364,0.0883305656070329,0.307410522589302,0.0720107412920023,0.00505523709201568,0.0821846014654417,0.477925689661776,0.0821846014654418,0.00511862308142372,0.0720107412920023,0.00505523709201568,0.484,0.1452
0.3,1,1,6.4551724137931,0.55133673847797,6.86,1,0.0053983450188311,-6.86117829218347e-14,0.093175908802777,0.303440748215195,0.0757812612128693,0.00620373675039626,0.0873833429820966,0.484000000000069,0.0873833429820966,0.0053983450188311,0.0757812612128693,0.00620373675039626,0.484,0.1452
0.3,1,1,6.78965517241379,0.580000598508557,6.86,1,0.00567806695623848,0.0067009295829642,0.0980201011479461,0.288299873093122,0.0796912513621897,0.00560977785753897,0.0909790961759672,0.477299070417036,0.0909790961759672,0.00567806695623848,0.0796912513621897,0.00560977785753897,0.484,0.1452
0.3,1,1,7.12413793103448,0.608651480515965,6.86,1,0.00595778889364586,0.00694293547080932,0.102862100207198,0.278816095983952,0.0835341896599075,0.00588688978448773,0.0953788683380411,0.477057064529191,0.0953788683380411,0.00595778889364586,0.0835341896599075,0.00588688978448773,0.484,0.1452
0.3,1,1,7.45862068965517,0.636572491256167,6.86,1,0.00623751083105325,-7.73272753457066e-06,0.107580751022292,0.275573381977822,0.0874532486335024,0.00716284026286457,0.10085359972742,0.484007732727535,0.10085359972742,0.00623751083105325,0.0874532486335024,0.00716284026286457,0.484,0.1452
0.3,1,1,7.79310344827586,0.663861251323999,6.86,1,0.00651723276846063,-8.06241409456732e-06,0.112192551473756,0.266224052919081,0.0916043264349017,0.00746989881789547,0.105591458021258,0.484008062414095,0.105591458021258,0.00651723276846063,0.0916043264349017,0.00746989881789547,0.484,0.1452
0.3,1,1,8.12758620689655,0.691123837549721,6.86,1,0.00679695470586801,-8.31367423381746e-06,0.116799928545903,0.256874171626063,0.0957605959367501,0.00777666285964982,0.110334213502268,0.484008313674234,0.110334213502268,0.00679695470586801,0.0957605959367501,0.00777666285964982,0.484,0.1452
0.3,1,1,8.46206896551724,0.718329911264517,6.86,1,0.00707667664327539,-8.02379448100465e-06,0.121397755003703,0.247522726184325,0.0999280749517839,0.00808279101139308,0.115087542606452,0.484008023794481,0.115087542606452,0.00707667664327539,0.0999280749517839,0.00808279101139308,0.484,0.1452
0.3,1,1,8.79655172413793,0.732658509143852,6.86,1,0.00735639858068277,-4.00729995309046e-06,0.123819288045311,0.243715311085316,0.100609803380035,0.00850320620860811,0.116469408169326,0.484004007299953,0.116469408169326,0.00735639858068277,0.100609803380035,0.00850320620860811,0.484,0.1452
0.3,1,1,9.13103448275862,0.745492217481952,6.86,1,0.00763612051809015,7.37188088351104e-14,0.12598818475445,0.240554170276229,0.10088454317413,0.00893698127702733,0.117457644969248,0.483999999999926,0.117457644969248,0.00763612051809015,0.10088454317413,0.00893698127702733,0.484,0.1452
0.3,1,1,9.46551724137931,0.758325925820067,6.86,1,0.00791584245549753,-3.14193115968919e-14,0.128157081463591,0.237397031450214,0.101159280557149,0.00937076407357968,0.118445887086226,0.484000000000031,0.118445887086226,0.00791584245549753,0.101159280557149,0.00937076407357968,0.484,0.1452
0.3,1,1,9.8,0.771159634158172,6.86,1,0.00819556439290491,-4.54081217071689e-14,0.130325978172731,0.234239892624161,0.101434017940167,0.0098045468700818,0.119434129203154,0.484000000000045,0.119434129203154,0.00819556439290491,0.101434017940167,0.0098045468700818,0.484,0.1452
0.3,1,1,10,0.778833397906732,6.86,1,0.00836282080908664,1.38777878078145e-15,0.131622844246238,0.232352118893024,0.101598293901147,0.0100639221505032,0.120025036860737,0.483999999999999,0.120025036860737,0.00836282080908664,0.101598293901147,0.0100639221505032,0.484,0.1452
0.3,1,1,10.0052509976896,0.779034872485299,6.86,1,0.00836721212436132,-4.26095699346263e-06,0.131656893450016,0.23230681071889,0.10160260440091,0.0100707402628163,0.120040556788088,0.484004260956993,0.120040556788088,0.00836721212436132,0.10160260440091,0.0100707402628163,0.484,0.1452
0.3,1,1,10.0210039907582,0.779639296221008,6.86,1,0.00838038607018534,2.78665979180914e-14,0.13175904106135,0.232153864983009,0.101615546154978,0.0100911617304494,0.120087093955613,0.483999999999972,0.120087093955613,0.00838038607018534,0.101615546154978,0.0100911617304494,0.484,0.1452
0.3,1,1,10.047258979206,0.780646669113858,6.86,1,0.0084023426465587,-4.01345623401994e-14,0.131929287080242,0.231906047595527,0.101637111472267,0.0101252112054449,0.120164665324271,0.48400000000004,0.120164665324271,0.0084023426465587,0.101637111472267,0.0101252112054449,0.484,0.1452
0.3,1,1,10.084015963033,0.782056991163846,6.86,1,0.00843308185348141,-4.27748663855976e-06,0.13216763150669,0.231563375064106,0.101667300342832,0.0101728887195295,0.120273270915843,0.484004277486639,0.120273270915842,0.00843308185348141,0.101667300342832,0.0101728887195295,0.484,0.1452
0.3,1,1,10.131274942239,0.783870262370974,6.86,1,0.00847260369095346,-4.04936419606816e-06,0.132474074340695,0.231117087091053,0.101706121803691,0.0102341624378031,0.120412887932448,0.484004049364196,0.120412887932448,0.00847260369095346,0.101706121803691,0.0102341624378031,0.484,0.1452
0.3,1,1,10.1890359168242,0.786086482735238,6.86,1,0.00852090815897486,-4.06081288417681e-06,0.132848615582255,0.230571900303552,0.101753565505448,0.0103090712626544,0.120583544927077,0.484004060812884,0.120583544927077,0.00852090815897486,0.101753565505448,0.0103090712626544,0.484,0.1452
0.3,1,1,10.2572988867885,0.788705652256645,6.86,1,0.00857799525754561,-2.69784194983913e-14,0.133291255231373,0.229923508495473,0.101809634010579,0.0103976070050568,0.120785236273181,0.484000000000027,0.120785236273181,0.00857799525754561,0.101809634010579,0.0103976070050568,0.484,0.1452
0.3,1,1,10.3360638521319,0.791727770935184,6.86,1,0.0086438649866657,7.92699239582362e-14,0.133801993288046,0.229180056332871,0.101874329962446,0.0104997554298923,0.121017950379004,0.483999999999921,0.121017950379004,0.0086438649866657,0.101874329962446,0.0104997554298923,0.484,0.1452
0.3,1,1,10.4253308128544,0.795152838770872,6.86,1,0.00871851734633513,3.10862446895044e-15,0.134380829752277,0.228337477215431,0.101947652041228,0.0106155236447262,0.121281693032289,0.483999999999997,0.121281693032289,0.00871851734633513,0.101947652041228,0.0106155236447262,0.484,0.1452
0.3,1,1,10.5250997689561,0.798772008867692,6.86,1,0.00880195233655391,-1.66533453693773e-16,0.13499246949864,0.227431651918929,0.102031589083817,0.0107423371620608,0.121575878582432,0.484,0.121575878582432,0.00880195233655391,0.102031589083817,0.0107423371620608,0.484,0.1452
0.3,1,1,10.6353707204369,0.801974530788773,6.86,1,0.00889416995732204,-1.1556884876307e-06,0.135533695703303,0.226580517698045,0.102112211617521,0.010880560712297,0.12188694228714,0.484001155688488,0.12188694228714,0.00889416995732204,0.102112211617521,0.010880560712297,0.484,0.1452
0.3,1,1,10.7561436672968,0.804534743986399,6.86,1,0.00899517020863951,-1.40581250862581e-06,0.135966371733702,0.22592656678897,0.102081728067117,0.0110315690140798,0.122108467289837,0.484001405812509,0.122108467289837,0.00899517020863951,0.102081728067117,0.0110315690140798,0.484,0.1452
0.3,1,1,10.8874186095358,0.807317584418627,6.86,1,0.00910495309050633,-1.41067518000249e-06,0.136436671766748,0.225215496285472,0.102048598136411,0.0111956913960421,0.12234924262296,0.48400141067518,0.12234924262296,0.00910495309050633,0.102048598136411,0.0111956913960421,0.484,0.1452
0.3,1,1,11.029195547154,0.810323052085397,6.86,1,0.00922351860292249,-1.88737914186277e-15,0.136944595802432,0.224446170741181,0.102012779832224,0.0113729350212414,0.122609233456388,0.484000000000002,0.122609233456388,0.00922351860292249,0.102012779832224,0.0113729350212414,0.484,0.1452
0.3,1,1,11.1814744801512,0.813551146986743,6.86,1,0.009350866745888,1.35447209004269e-14,0.13749014384076,0.223621323501768,0.101974348961305,0.0115633169502655,0.122888532657459,0.483999999999986,0.122888532657459,0.009350866745888,0.101974348961305,0.0115633169502655,0.484,0.1452
0.3,1,1,11.3442554085276,0.817001869122699,6.86,1,0.00948699751940285,-1.17734365479016e-06,0.138073315881736,0.222740732595119,0.101933310066915,0.0117668212804818,0.1231871288668,0.484001177343655,0.1231871288668,0.00948699751940285,0.101933310066915,0.0117668212804818,0.484,0.1452
0.3,1,1,11.5175383322831,0.820675218493202,6.86,1,0.00963191092346705,-2.2815083156047e-14,0.138694111925351,0.221800970973448,0.101889536004795,0.0119834701729617,0.123504917101224,0.484000000000023,0.123504917101224,0.00963191092346705,0.101889536004795,0.0119834701729617,0.484,0.1452
0.3,1,1,11.7013232514178,0.824571195098287,6.86,1,0.00978560695808059,-1.44082345321372e-06,0.139352531971611,0.220806859163523,0.101843192566021,0.012213250164218,0.123842049688319,0.484001440823453,0.123842049688319,0.00978560695808059,0.101843192566021,0.012213250164218,0.484,0.1452
0.3,1,1,11.8956101659315,0.828382946677108,6.86,1,0.00994808562324348,-4.10782519111308e-15,0.139996717988431,0.22027180561703,0.10130429365517,0.0124790971161301,0.123731476394543,0.484000000000004,0.123731476394543,0.00994808562324348,0.10130429365517,0.0124790971161301,0.484,0.1452
0.3,1,1,12.1003990758244,0.832172738803558,6.86,1,0.0101193469189557,-1.11267595637177e-06,0.140637192857801,0.22009091699251,0.100373227040579,0.0127804288661101,0.123273002825645,0.484001112675956,0.123273002825645,0.0101193469189557,0.100373227040579,0.0127804288661101,0.484,0.1452
0.3,1,1,12.3156899810964,0.836155413292886,6.86,1,0.0102993908452173,1.11800108304472e-06,0.141310264846498,0.219898305589208,0.0993936634661064,0.0130972572518872,0.122790311563211,0.483998881998917,0.122790311563211,0.0102993908452173,0.0993936634661064,0.0130972572518872,0.484,0.1452
0.3,1,1,12.5414828817475,0.840335367999009,6.86,1,0.0104882174020282,-1.38105014857448e-06,0.142016677191833,0.219699559422515,0.0983674251474985,0.0134295018862745,0.122285144435801,0.484001381050149,0.122285144435801,0.0104882174020282,0.0983674251474985,0.0134295018862745,0.484,0.1452
0.3,1,1,12.7777777777778,0.844708205068,6.86,1,0.0106858265893885,-1.38823670314814e-06,0.142755686656492,0.219489773444792,0.0972928907067027,0.013777210839328,0.121755928135419,0.484001388236703,0.121755928135419,0.0106858265893885,0.0972928907067027,0.013777210839328,0.484,0.1452
0.3,1,1,13.0245746691871,0.849275390451166,6.86,1,0.0108922184072981,-4.55191440096314e-15,0.143527540986247,0.219269465356239,0.0961704020325835,0.014140373217637,0.121202993657519,0.484000000000005,0.121202993657519,0.0108922184072981,0.0961704020325835,0.014140373217637,0.484,0.1452
0.3,1,1,13.2818735559756,0.854036924148511,6.86,1,0.0111073928557571,-1.40356799438468e-06,0.144332240181098,0.219042230025632,0.095000550566331,0.0145189899391759,0.120626933361264,0.484001403567994,0.120626933361264,0.0111073928557571,0.095000550566331,0.0145189899391759,0.484,0.1452
0.3,1,1,13.5496744381432,0.858992806160034,6.86,1,0.0113313499347654,-1.41171274431473e-06,0.145169784241046,0.218804472584205,0.0937827448667585,0.0149130600859702,0.120027154887494,0.484001411712744,0.120027154887494,0.0113313499347654,0.0937827448667585,0.0149130600859702,0.484,0.1452
0.3,1,1,13.82797731569,0.863556090387056,6.86,1,0.011564089644323,-1.38114983927462e-06,0.145940979275412,0.21709035765142,0.0941623701725667,0.0152435844061174,0.120970044223007,0.484001381149839,0.120970044223007,0.011564089644323,0.0941623701725667,0.0152435844061174,0.484,0.1452
0.3,1,1,14.1167821886158,0.868262188044873,6.86,1,0.01180561198443,8.88178419700125e-15,0.146736309779583,0.215236663379168,0.0946388038098392,0.0155826110469703,0.12202702684124,0.483999999999991,0.12202702684124,0.01180561198443,0.0946388038098392,0.0155826110469703,0.484,0.1452
0.3,1,1,14.4160890569208,0.873139416526622,6.86,1,0.0120559169550864,-2.44249065417534e-15,0.147560561392999,0.213316935157525,0.0951326128961661,0.0159339735982255,0.123122503449478,0.484000000000002,0.123122503449478,0.0120559169550864,0.0951326128961661,0.0159339735982255,0.484,0.1452
0.3,1,1,14.7258979206049,0.878187775832275,6.86,1,0.0123150045562921,5.44009282066327e-15,0.148413734115654,0.211329848050899,0.0956437486170986,0.0162976646600508,0.124256417833442,0.483999999999995,0.124256417833442,0.0123150045562921,0.0956437486170986,0.0162976646600508,0.484,0.1452
0.3,1,1,15.0462087796681,0.88321617207206,6.86,1,0.012614846349049,-1.38142603589575e-06,0.149263533080178,0.209310413227471,0.0961403398157009,0.0166722489536373,0.125427435118387,0.484001381426036,0.125427435118387,0.012614846349049,0.0961403398157009,0.0166722489536373,0.484,0.1452
0.3,1,1,15.3770216341105,0.887719570493257,6.86,1,0.0130526992977852,1.041690246395e-06,0.15002460741336,0.207335575664826,0.0965328397495701,0.0170532361842113,0.126638775231567,0.483998958309754,0.126638775231567,0.0130526992977852,0.0965328397495701,0.0170532361842113,0.484,0.1452
0.3,1,1,15.7183364839319,0.892367486398424,6.86,1,0.0135044250221068,1.04714432586084e-06,0.150810105201334,0.205300076568551,0.0969380221192655,0.017446323944417,0.127888771085789,0.483998952855674,0.127888771085789,0.0135044250221068,0.0969380221192655,0.017446323944417,0.484,0.1452
0.3,1,1,16.0701533291325,0.897158415100673,6.86,1,0.0139700499994843,1.05276621675809e-06,0.151619772152014,0.203201946730858,0.0973556716387982,0.0178515067126289,0.129177228350911,0.483998947233783,0.129177228350911,0.0139700499994843,0.0973556716387982,0.0178515067126289,0.484,0.1452
0.3,1,1,16.4324721697122,0.901764250175453,6.86,1,0.0144528585302283,-3.4090497874617e-07,0.152398158279652,0.201128994240488,0.0977513273391073,0.0182690025155033,0.130473188384839,0.484000340904979,0.130473188384839,0.0144528585302283,0.0977513273391073,0.0182690025155033,0.484,0.1452
0.3,1,1,16.8052930056711,0.905992959395978,6.86,1,0.0148963287990984,8.93729534823251e-15,0.15311281013792,0.1996238097019,0.0976949140323344,0.0186721373287379,0.131263380160171,0.483999999999991,0.131263380160171,0.0148963287990984,0.0976949140323344,0.0186721373287379,0.484,0.1452
0.3,1,1,17.188615837009,0.909854878195745,6.86,1,0.0151663399855623,1.00262376856453e-06,0.153765474415081,0.199818551101882,0.0962490373150798,0.0189995945586262,0.130414971859268,0.483998997376231,0.130414971859268,0.0151663399855623,0.0962490373150798,0.0189995945586262,0.484,0.1452
0.3,1,1,17.5824406637261,0.913824213908856,6.86,1,0.0154437554273967,1.00699782235036e-06,0.154436292150597,0.200019035568843,0.0947638771978639,0.0193360326574774,0.129543665282738,0.483998993002178,0.129543665282738,0.0154437554273967,0.0947638771978639,0.0193360326574774,0.484,0.1452
0.3,1,1,17.9867674858223,0.917899398574333,6.86,1,0.0157285686143467,1.0114885098389e-06,0.155124998359062,0.200224866288259,0.093239112810858,0.0196814424389647,0.128649123864169,0.48399898851149,0.128649123864169,0.0157285686143467,0.093239112810858,0.0196814424389647,0.484,0.1452
0.3,1,1,18.4015963032976,0.922080432192154,6.86,1,0.0160207795464122,1.01609584146622e-06,0.155831593040474,0.200436043260126,0.0916747441540585,0.020035823903088,0.127731347603559,0.483998983904159,0.127731347603559,0.0160207795464122,0.0916747441540585,0.020035823903088,0.484,0.1452
0.3,1,1,18.8269271161521,0.92636731476232,6.86,1,0.016320394982477,-3.50205964450012e-07,0.156556076194832,0.200653732419714,0.0900709528813481,0.0203991937275926,0.126790541591418,0.484000350205964,0.126790541591418,0.016320394982477,0.0900709528813481,0.0203991937275926,0.484,0.1452
0.3,1,1,19.2627599243856,0.930760046284853,6.86,1,0.0166274014368237,-3.51866606962403e-07,0.15729844782214,0.200875607425223,0.0884273765463485,0.020771518636072,0.125826296619244,0.484000351866607,0.125826296619244,0.0166274014368237,0.0884273765463485,0.020771518636072,0.484,0.1452
0.3,1,1,19.7090947279983,0.935258626759724,6.86,1,0.0169417988133023,1.03061768463864e-06,0.158058707922393,0.201101651690439,0.0867440125649065,0.0211527983912739,0.124838609769483,0.483998969382315,0.124838609769483,0.0169417988133023,0.0867440125649065,0.0211527983912739,0.484,0.1452
0.3,1,1,20.1659315269901,0.939863056186946,6.86,1,0.0172636007258303,1.03569157561267e-06,0.158836856495594,0.201334213672119,0.0850212268289393,0.0215430665859414,0.123827894140711,0.483998964308424,0.123827894140711,0.0172636007258303,0.0850212268289393,0.0215430665859414,0.484,0.1452
0.3,1,1,20.6332703213611,0.944573275409696,6.86,1,0.0175928001378515,1.07854898523385e-06,0.159632883544239,0.201572106935027,0.0832588247172387,0.0219423061166586,0.122793930971749,0.483998921451015,0.122793930971749,0.0175928001378515,0.0832588247172387,0.0219423061166586,0.484,0.1452
0.3,1,1,21.1111111111111,0.949389402439987,6.86,1,0.0179293975393582,1.08404821985708e-06,0.160446809012358,0.201815361345274,0.0814568303799594,0.0223505176748308,0.121736745594148,0.48399891595178,0.121736745594148,0.0179293975393582,0.0814568303799594,0.0223505176748308,0.484,0.1452
0.3,1,1,21.5994538962403,0.954311378416004,6.86,1,0.018273392685953,1.08966830969504e-06,0.161278622952305,0.202063962006299,0.0796152317715336,0.0227677009156004,0.120656325373087,0.48399891033169,0.120656325373087,0.018273392685953,0.0796152317715336,0.0227677009156004,0.484,0.1452
0.3,1,1,22.0982986767486,0.959339177569795,6.86,1,0.0186247854706458,1.11181648132508e-06,0.162128321009295,0.202317902396816,0.0777340236187627,0.0231938556879985,0.119552664777407,0.483998888183519,0.119552664777407,0.0186247854706458,0.0777340236187627,0.0231938556879985,0.484,0.1452
0.3,1,1,22.607645452636,0.964474606780855,6.86,1,0.0189835833956938,-1.4432899320127e-15,0.162996208545964,0.202577639796102,0.07581357568412,0.0236289925781214,0.118426151657935,0.484000000000001,0.118426151657935,0.0189835833956938,0.07581357568412,0.0236289925781214,0.484,0.1452
0.3,1,1,23.1274942239025,0.969714138989992,6.86,1,0.0193497718165652,-1.33226762955019e-15,0.163881689489309,0.202842281587348,0.0738531661850484,0.0240730909217313,0.117276028923345,0.484000000000001,0.117276028923345,0.0193497718165652,0.0738531661850484,0.0240730909217313,0.484,0.1452
0.3,1,1,23.6578449905482,0.974889008696686,6.86,1,0.0197846318385103,1.05223392538045e-06,0.16475624246974,0.202896170042306,0.0720241030964325,0.024537800319086,0.116346535254029,0.483998947766075,0.116346535254029,0.0197846318385103,0.0720241030964325,0.024537800319086,0.484,0.1452
0.3,1,1,24.198697752573,0.979986218227489,6.86,1,0.0202369373118016,1.05689590401692e-06,0.165617670880446,0.203207178830095,0.0699393221001794,0.0249978339815742,0.115174093393555,0.483998943104096,0.115174093393555,0.0202369373118016,0.0699393221001794,0.0249978339815742,0.484,0.1452
0.3,1,1,24.7500525099769,0.983588636125261,6.86,1,0.0206980254156422,-2.1094237467878e-15,0.166226479505169,0.202548490675604,0.0690694750310247,0.0254575293725616,0.115225029819228,0.484000000000002,0.115225029819229,0.0206980254156422,0.0690694750310247,0.0254575293725616,0.484,0.1452
0.3,1,1,25.3119092627599,0.985552420284738,6.86,1,0.0212350652188681,-1.99840144432528e-15,0.166558359028121,0.202774537921163,0.0675172188450895,0.0259148189867608,0.114667103050718,0.484000000000002,0.114667103050718,0.0212350652188681,0.0675172188450895,0.0259148189867608,0.484,0.1452
0.3,1,1,25.8842680109221,0.98736945616146,6.86,1,0.0216465495149715,9.3120834304683e-07,0.166865438091287,0.204463898183675,0.064641766809556,0.0263814161921677,0.112669732516695,0.483999068791657,0.112669732516695,0.0216465495149715,0.064641766809556,0.0263814161921677,0.484,0.1452
0.3,1,1,26.4671287544633,0.989175579971091,6.86,1,0.0221339855104602,9.32911733864117e-07,0.167170673015114,0.205497691507549,0.0623411857890099,0.0268555312661324,0.111330702565602,0.483999067088266,0.111330702565602,0.0221339855104602,0.0623411857890099,0.0268555312661324,0.484,0.1452
0.3,1,1,27.0604914933837,0.991016037181767,6.86,1,0.0226302041364982,1.72084568816899e-15,0.167481710283719,0.206550424866245,0.0599994612457368,0.0273381994677999,0.109967864850035,0.483999999999998,0.109967864850035,0.0226302041364982,0.0599994612457368,0.0273381994677999,0.484,0.1452
0.3,1,1,27.6643562276833,0.992885455904402,6.86,1,0.0231352053930855,9.36410584406744e-07,0.167797642047844,0.207621158875509,0.05761566801708,0.0278293892558975,0.108580262666063,0.483999063589416,0.108580262666063,0.0231352053930855,0.05761566801708,0.0278293892558975,0.484,0.1452
0.3,1,1,28.2787229573619,0.994791005478619,6.86,1,0.0236489892802222,3.33066907387547e-16,0.168119679925887,0.208711147240435,0.0551910408279518,0.0283291427255042,0.107169172833678,0.484,0.107169172833678,0.0236489892802222,0.0551910408279518,0.0283291427255042,0.484,0.1452
0.3,1,1,28.9035916824197,0.996725331789241,6.86,1,0.0241715557979083,1.02935806883808e-06,0.168446581072382,0.209819103944168,0.0527243131308489,0.0288374166966238,0.105733285625381,0.483998970641931,0.105733285625381,0.0241715557979083,0.0527243131308489,0.0288374166966238,0.484,0.1452
0.3,1,1,29.5389624028565,0.996891585378541,6.86,1,0.0242255796506813,8.77076189453874e-15,0.168474677928973,0.209948344943263,0.0525089998700331,0.0288423976070402,0.105576977127755,0.483999999999991,0.105576977127755,0.0242255796506813,0.0525089998700331,0.0288423976070402,0.484,0.1452
0.3,1,1,30.1848351186725,0.996889823108855,6.86,1,0.0242255663925562,8.9423387839016e-07,0.168474380105397,0.209948017209901,0.0525087673220872,0.0288423747361806,0.105576708450824,0.483999105766122,0.105576708450824,0.0242255663925562,0.0525087673220872,0.0288423747361806,0.484,0.1452
0.3,1,1,30.8412098298677,0.996889745761204,6.86,1,0.0242255658106448,9.33482628528992e-07,0.168474367033644,0.209948002825383,0.0525087571153429,0.0288423737323569,0.105576696658345,0.483999066517371,0.105576696658345,0.0242255658106448,0.0525087571153429,0.0288423737323569,0.484,0.1452
0.3,1,1,31.5080865364419,0.996891585378548,6.86,1,0.0242255796506814,-4.32986979603811e-15,0.168474677928975,0.209948344943272,0.0525089998700361,0.0288423976070405,0.105576977127758,0.484000000000004,0.105576977127758,0.0242255796506814,0.0525089998700361,0.0288423976070405,0.484,0.1452
0.3,1,1,32.1854652383953,0.99689158537854,6.86,1,0.0242255796506813,9.99200722162641e-16,0.168474677928973,0.209948344943269,0.0525089998700347,0.0288423976070408,0.105576977127757,0.483999999999999,0.105576977127757,0.0242255796506813,0.0525089998700347,0.0288423976070408,0.484,0.1452
0.3,1,1,32.8733459357278,0.996889816125843,6.86,1,0.0242255663400207,8.97777289232682e-07,0.168474378925267,0.209948015911255,0.0525087664006136,0.0288423746455538,0.105576707386188,0.483999102222711,0.105576707386188,0.0242255663400207,0.0525087664006136,0.0288423746455538,0.484,0.1452
0.3,1,1,33.5717286284394,0.996889816125843,6.86,1,0.0242255663400207,8.97777289232682e-07,0.168474378925267,0.209948015911255,0.0525087664006136,0.0288423746455538,0.105576707386188,0.483999102222711,0.105576707386188,0.0242255663400207,0.0525087664006136,0.0288423746455538,0.484,0.1452
0.3,1,1,34.2806133165301,0.996889816125843,6.86,1,0.0242255663400207,8.97777290731483e-07,0.168474378925267,0.209948015911254,0.052508766400613,0.0288423746455541,0.105576707386188,0.483999102222709,0.105576707386188,0.0242255663400207,0.052508766400613,0.0288423746455541,0.484,0.1452
0.3,1,1,35,0.996889823108859,6.86,1,0.0242255663925562,8.94233872283934e-07,0.168474380105397,0.209948017209905,0.0525087673220885,0.0288423747361807,0.105576708450825,0.483999105766128,0.105576708450825,0.0242255663925562,0.0525087673220885,0.0288423747361807,0.484,0.1452
0.25,1,1,0.1,0,0,1,0,0,0,0,0,0,0,0,0,0,0,0,0.484,0.121
0.25,1,1,0.43448275862069,0.0129934954268019,6.86,1,0.000363350145498247,0.414140236325731,0.00219590072712953,0.0566866633365255,0.010488210977602,0.000125638487513724,0.010977199610614,0.069859763674269,0.010977199610614,0.000363350145498247,0.010488210977602,0.000125638487513724,0.484,0.121
0.25,1,1,0.768965517241379,0.0434250064319624,6.86,1,0.000643072082905628,0.383070695381341,0.00733882608700165,0.0785321990191691,0.0139951580096786,0.000420049419903806,0.0150582795124881,0.100929304618659,0.0150582795124881,0.000643072082905628,0.0139951580096786,0.000420049419903806,0.484,0.121
0.25,1,1,1.10344827586207,0.0738228114276214,6.86,1,0.000922794020313009,0.35084463742881,0.012476055131268,0.101439865118517,0.017485978083254,0.000830670217837885,0.0192394423214049,0.13315536257119,0.0192394423214049,0.000922794020313009,0.017485978083254,0.000830670217837885,0.484,0.121
0.25,1,1,1.43793103448276,0.10424963256032,6.86,1,0.00120251595772039,0.303208996814715,0.0176181879026941,0.139811148538016,0.020986108092003,0.00117304269485096,0.0233616667445743,0.180791003185285,0.0233616667445743,0.00120251595772039,0.020986108092003,0.00117304269485096,0.484,0.121
0.25,1,1,1.77241379310345,0.134594282906813,6.86,1,0.00148223789512777,0.26167560428868,0.0227464338112514,0.172068041647642,0.0245132115444227,0.00151447081287597,0.0275099202524265,0.22232439571132,0.0275099202524265,0.00148223789512777,0.0245132115444227,0.00151447081287597,0.484,0.121
0.25,1,1,2.10689655172414,0.164878191689115,6.86,1,0.00176195983253515,0.22600334192154,0.0278644143954605,0.198447982134469,0.0280670727746155,0.00185522894137951,0.0316842615485302,0.25799665807846,0.0316842615485301,0.00176195983253515,0.0280670727746155,0.00185522894137951,0.484,0.121
0.25,1,1,2.44137931034483,0.195162100471418,6.86,1,0.00204168176994253,0.190242053477573,0.0329823949796696,0.22491694869812,0.0316209340048126,0.002195987069883,0.0358586028446381,0.293757946522427,0.0358586028446381,0.00204168176994253,0.0316209340048126,0.002195987069883,0.484,0.121
0.25,1,1,2.77586206896552,0.225446015593083,6.86,1,0.00232140370734991,0.154479529130942,0.038100376635231,0.251387152460177,0.0351747927965821,0.00253674526971772,0.0400329417736498,0.329520470869058,0.0400329417736498,0.00232140370734991,0.0351747927965821,0.00253674526971772,0.484,0.121
0.25,1,1,3.11034482758621,0.255729918035963,6.86,1,0.0026011256447573,0.118682666098124,0.0432183561480778,0.277891859211178,0.0387284814408451,0.00287751145701725,0.0442071185426196,0.365317333901876,0.0442071185426196,0.0026011256447573,0.0387284814408451,0.00287751145701725,0.484,0.121
0.25,1,1,3.4448275862069,0.286013896374186,6.86,1,0.00288084758216468,0.0829500493335063,0.0483363484872374,0.304332001418224,0.0422824909408235,0.00321826223804423,0.0483816007610324,0.401049950666494,0.0483816007610324,0.00288084758216468,0.0422824909408235,0.00321826223804423,0.484,0.121
0.25,1,1,3.77931034482759,0.316297773350915,6.86,1,0.00316056951957206,0.0471807243324724,0.0534543236963046,0.330808998037986,0.0458363644049978,0.00355902000866769,0.0525559539332375,0.436819275667528,0.0525559539332375,0.00316056951957206,0.0458363644049978,0.00355902000866769,0.484,0.121
0.25,1,1,4.11379310344828,0.346581721795552,6.86,1,0.00344029145697944,0.0113952526354857,0.0585723109834482,0.35730215596151,0.0493902103791207,0.00389977858345646,0.0567302804195566,0.472604747364514,0.0567302804195566,0.00344029145697944,0.0493902103791207,0.00389977858345646,0.484,0.121
0.25,1,1,4.44827586206897,0.376581053571334,6.86,1,0.00372001339438682,8.67596363293144e-05,0.0636421980535555,0.359260160468366,0.053053533829586,0.00423733461777671,0.0610108818417495,0.483913240363671,0.0610108818417495,0.00372001339438682,0.053053533829586,0.00423733461777671,0.484,0.121
0.25,1,1,4.78275862068966,0.406448810934239,6.86,1,0.0039997353317942,3.28465180965409e-06,0.0686898490478864,0.349966576474697,0.0567671218716585,0.00457343262215473,0.0653402898256074,0.48399671534819,0.0653402898256074,0.0039997353317942,0.0567671218716585,0.00457343262215473,0.484,0.121
0.25,1,1,5.11724137931035,0.436316568297143,6.86,1,0.00427945726920158,4.03701924452937e-05,0.0737375000422172,0.340552070914512,0.0604811020056497,0.00490949957597432,0.0696700588508256,0.483959629807555,0.0696700588508256,0.00427945726920158,0.0604811020056497,0.00490949957597432,0.484,0.121
0.25,1,1,5.45172413793104,0.465321894122607,6.86,1,0.00455917920660896,0.00538486671703142,0.0786394001067206,0.32658424217699,0.064331686121563,0.00450062567108528,0.0733914909992572,0.478615133282969,0.0733914909992572,0.00455917920660896,0.064331686121563,0.00450062567108528,0.484,0.121
0.25,1,1,5.78620689655172,0.493993981401638,6.86,1,0.00483890114401634,-1.27342580924505e-13,0.0834849828568768,0.322008316352034,0.068109293560056,0.005558506087144,0.0785067007912163,0.484000000000127,0.0785067007912163,0.00483890114401634,0.068109293560056,0.005558506087144,0.484,0.121
0.25,1,1,6.12068965517241,0.522666068680668,6.86,1,0.00511862308142372,0.00607431033822364,0.0883305656070329,0.307410522589302,0.0720107412920023,0.00505523709201568,0.0821846014654417,0.477925689661776,0.0821846014654418,0.00511862308142372,0.0720107412920023,0.00505523709201568,0.484,0.121
0.25,1,1,6.4551724137931,0.551336738477971,6.86,1,0.0053983450188311,-9.80326930744013e-14,0.0931759088027771,0.303440748215224,0.075781261212869,0.00620373675039631,0.0873833429820965,0.484000000000098,0.0873833429820965,0.0053983450188311,0.075781261212869,0.00620373675039631,0.484,0.121
0.25,1,1,6.78965517241379,0.580000598508558,6.86,1,0.00567806695623848,0.00670092958287893,0.0980201011479463,0.288299873093208,0.079691251362189,0.00560977785753903,0.0909790961759665,0.477299070417121,0.0909790961759665,0.00567806695623848,0.079691251362189,0.00560977785753903,0.484,0.121
0.25,1,1,7.12413793103448,0.608651480515965,6.86,1,0.00595778889364586,0.00694293547083075,0.102862100207198,0.27881609598393,0.0835341896599077,0.00588688978448768,0.0953788683380412,0.477057064529169,0.0953788683380412,0.00595778889364586,0.0835341896599077,0.00588688978448768,0.484,0.121
0.25,1,1,7.45862068965517,0.636572491256171,6.86,1,0.00623751083105325,1.68753899743024e-14,0.107580751022293,0.275565446402621,0.0874534674976232,0.00716282424639289,0.100853802575069,0.483999999999983,0.100853802575069,0.00623751083105325,0.0874534674976232,0.00716282424639289,0.484,0.121
0.25,1,1,7.79310344827586,0.663861251323999,6.86,1,0.00651723276846063,4.90718576884319e-14,0.112192551473756,0.266215778961559,0.0916045546813497,0.00746988211482528,0.105591669564636,0.483999999999951,0.105591669564636,0.00651723276846063,0.0916045546813497,0.00746988211482528,0.484,0.121
0.25,1,1,8.12758620689655,0.691123837549733,6.86,1,0.00679695470586801,-1.4432899320127e-15,0.116799928545905,0.256865637721068,0.0957608335565205,0.00777664547064006,0.110334433733029,0.484000000000001,0.110334433733029,0.00679695470586801,0.0957608335565205,0.00777664547064006,0.484,0.121
0.25,1,1,8.46206896551724,0.718329911264518,6.86,1,0.00707667664327539,-8.02379443609613e-06,0.121397755003703,0.247522726184279,0.099928074951785,0.00808279101139298,0.115087542606453,0.484008023794436,0.115087542606453,0.00707667664327539,0.099928074951785,0.00808279101139298,0.484,0.121
0.25,1,1,8.79655172413793,0.732658509143842,6.86,1,0.00735639858068277,-4.00729995286842e-06,0.123819288045309,0.243715311085318,0.100609803380035,0.00850320620860806,0.116469408169326,0.484004007299953,0.116469408169326,0.00735639858068277,0.100609803380035,0.00850320620860806,0.484,0.121
0.25,1,1,9.13103448275862,0.745492217481948,6.86,1,0.00763612051809015,-4.0774942907662e-06,0.125988184754449,0.240558242360401,0.10088454072082,0.00893698914053103,0.117457650379441,0.484004077494291,0.117457650379441,0.00763612051809015,0.10088454072082,0.00893698914053103,0.484,0.121
0.25,1,1,9.46551724137931,0.758325925820066,6.86,1,0.00791584245549753,-5.38458166943201e-14,0.128157081463591,0.237397031450237,0.101159280557148,0.00937076407357961,0.118445887086226,0.484000000000054,0.118445887086226,0.00791584245549753,0.101159280557148,0.00937076407357961,0.484,0.121
0.25,1,1,9.8,0.771159634158168,6.86,1,0.00819556439290491,-3.76365605347928e-14,0.13032597817273,0.234239892624154,0.101434017940167,0.00980454687008183,0.119434129203154,0.484000000000038,0.119434129203154,0.00819556439290491,0.101434017940167,0.00980454687008183,0.484,0.121
0.25,1,1,10,0.778833397906734,6.86,1,0.00836282080908664,-8.21565038222616e-15,0.131622844246238,0.232352118893033,0.101598293901147,0.0100639221505032,0.120025036860737,0.484000000000008,0.120025036860737,0.00836282080908664,0.101598293901147,0.0100639221505032,0.484,0.121
0.25,1,1,10.0052509976896,0.779034872485304,6.86,1,0.00836721212436132,-3.41948691584548e-14,0.131656893450016,0.232302555415549,0.101602606964605,0.0100707320455024,0.120040551134469,0.484000000000034,0.120040551134469,0.00836721212436132,0.101602606964605,0.0100707320455024,0.484,0.121
0.25,1,1,10.0210039907582,0.779639296221008,6.86,1,0.00838038607018534,3.530509218308e-14,0.13175904106135,0.232153864983002,0.101615546154978,0.0100911617304494,0.120087093955613,0.483999999999965,0.120087093955613,0.00838038607018534,0.101615546154978,0.0100911617304494,0.484,0.121
0.25,1,1,10.047258979206,0.780646669113858,6.86,1,0.0084023426465587,-4.26977291412278e-06,0.131929287080242,0.231910311703085,0.101637108903268,0.0101252194397603,0.120164670989587,0.484004269772914,0.120164670989587,0.0084023426465587,0.101637108903268,0.0101252194397603,0.484,0.121
0.25,1,1,10.084015963033,0.782056991163849,6.86,1,0.00843308185348141,-4.27748663522909e-06,0.132167631506691,0.231563375064102,0.101667300342831,0.0101728887195295,0.120273270915842,0.484004277486635,0.120273270915842,0.00843308185348141,0.101667300342831,0.0101728887195295,0.484,0.121
0.25,1,1,10.131274942239,0.783870262370977,6.86,1,0.00847260369095346,-4.28740439184505e-06,0.132474074340695,0.231117313671161,0.101706117907985,0.0102341777935975,0.120412899392536,0.484004287404392,0.120412899392536,0.00847260369095346,0.101706117907985,0.0102341777935975,0.484,0.121
0.25,1,1,10.1890359168242,0.786086482735241,6.86,1,0.00852090815897486,-4.06081293768956e-06,0.132848615582256,0.230571900303605,0.101753565505448,0.0103090712626545,0.120583544927077,0.484004060812938,0.120583544927077,0.00852090815897486,0.101753565505448,0.0103090712626545,0.484,0.121
0.25,1,1,10.2572988867885,0.788705652256645,6.86,1,0.00857799525754561,-4.31385164828546e-06,0.133291255231373,0.229927816623294,0.101809631415059,0.0103976153243768,0.120785241996981,0.484004313851648,0.120785241996981,0.00857799525754561,0.101809631415059,0.0103976153243768,0.484,0.121
0.25,1,1,10.3360638521319,0.791717236099672,6.86,1,0.0086438649866657,-4.34813296656955e-06,0.133800212900845,0.229204135232122,0.101873934516607,0.0104822004967271,0.121,0.484004348132967,0.121,0.0086438649866657,0.101873934516607,0.0104822004967271,0.484,0.121
0.25,1,1,10.4253308128544,0.794964913059003,6.86,1,0.00871851734633513,-4.36596937125611e-06,0.134349070306971,0.228655295662399,0.101951379217831,0.010330103435835,0.121000000000001,0.484004365969371,0.121000000000001,0.00871851734633513,0.101951379217831,0.010330103435835,0.484,0.121
0.25,1,1,10.5250997689561,0.79817314016071,6.86,1,0.00880195233655391,4.70734562441066e-14,0.13489126068716,0.228108739312793,0.102041353548539,0.0101566941149066,0.121,0.483999999999953,0.121,0.00880195233655391,0.102041353548539,0.0101566941149066,0.484,0.121
0.25,1,1,10.6353707204369,0.800885917746651,6.86,1,0.00889416995732204,-1.2898718404486e-06,0.135349720099184,0.227651569772656,0.10190048493265,0.0102053451100279,0.121,0.48400128987184,0.121,0.00889416995732204,0.10190048493265,0.0102053451100279,0.484,0.121
0.25,1,1,10.7561436672968,0.803347800113889,6.86,1,0.00899517020863951,-4.21884749357559e-15,0.135765778219247,0.227234221780756,0.101570190466868,0.010434639324493,0.121000000000001,0.484000000000004,0.121000000000001,0.00899517020863951,0.101570190466868,0.010434639324493,0.484,0.121
0.25,1,1,10.8874186095358,0.806023759208713,6.86,1,0.00910495309050633,1.0325074129014e-14,0.136218015306272,0.226781984693717,0.101211371879975,0.0106836750295192,0.121,0.48399999999999,0.121,0.00910495309050633,0.101211371879975,0.0106836750295192,0.484,0.121
0.25,1,1,11.029195547154,0.808913795031132,6.86,1,0.00922351860292249,-8.88178419700125e-16,0.136706431360261,0.226293568639739,0.100823847806134,0.0109526335909437,0.121000000000001,0.484000000000001,0.121000000000001,0.00922351860292249,0.100823847806134,0.0109526335909437,0.484,0.121
0.25,1,1,11.1814744801512,0.812017907581131,6.86,1,0.009350866745888,-4.44089209850063e-16,0.137231026381211,0.22576897361879,0.100407618245341,0.011241515008771,0.121,0.484,0.121,0.009350866745888,0.100407618245341,0.011241515008771,0.484,0.121
0.25,1,1,11.3442554085276,0.815336096858713,6.86,1,0.00948699751940285,-2.04281036531029e-14,0.137791800369123,0.225208199630898,0.0999626831975997,0.0115503192829972,0.121,0.48400000000002,0.121,0.00948699751940285,0.0999626831975997,0.0115503192829972,0.484,0.121
0.25,1,1,11.5175383322831,0.818868362863885,6.86,1,0.00963191092346705,6.10622663543836e-16,0.138388753323997,0.224611246676003,0.0994890426628998,0.0118790464136331,0.121,0.483999999999999,0.121,0.00963191092346705,0.0994890426628998,0.0118790464136331,0.484,0.121
0.25,1,1,11.7013232514178,0.822614705596643,6.86,1,0.00978560695808059,-8.65973959207622e-15,0.139021885245833,0.223978114754175,0.0989866966412541,0.0122276964006664,0.121000000000001,0.484000000000009,0.121000000000001,0.00978560695808059,0.0989866966412541,0.0122276964006664,0.484,0.121
0.25,1,1,11.8956101659315,0.826569965609256,6.86,1,0.00994808562324348,-1.26914728171279e-06,0.139690324187964,0.223310944959318,0.0984517913788415,0.0126001229979147,0.121,0.484001269147282,0.121,0.00994808562324348,0.0984517913788415,0.0126001229979147,0.484,0.121
0.25,1,1,12.1003990758244,0.830669107083379,6.86,1,0.0101193469189557,-5.23979742372838e-08,0.140383079097091,0.222616973300883,0.0979767280723829,0.0129039250086613,0.121,0.484000052397974,0.121,0.0101193469189557,0.0979767280723829,0.0129039250086613,0.484,0.121
0.25,1,1,12.3156899810964,0.834971958658635,6.86,1,0.0102993908452173,1.17179616321295e-06,0.141110261013309,0.221888567190528,0.0975060761488446,0.0131945330059381,0.121,0.483998828203837,0.121,0.0102993908452173,0.0975060761488446,0.0131945330059381,0.484,0.121
0.25,1,1,12.5414828817475,0.839484705432687,6.86,1,0.0104882174020282,-3.17360677293266e-07,0.141872915218124,0.221127402142553,0.0970124596407815,0.0134993229571902,0.121,0.484000317360677,0.121,0.0104882174020282,0.0970124596407815,0.0134993229571902,0.484,0.121
0.25,1,1,12.7777777777778,0.844207347405527,6.86,1,0.0106858265893885,-3.19145991301006e-07,0.142671041711534,0.220329277434457,0.0964958963618126,0.0138182770487989,0.121,0.484000319145991,0.121,0.0106858265893885,0.0964958963618126,0.0138182770487989,0.484,0.121
0.25,1,1,13.0245746691871,0.849139884577167,6.86,1,0.0108922184072981,1.19167936729614e-06,0.143504640493541,0.219494167827091,0.0959563865087169,0.0141513950839849,0.121,0.483998808320633,0.121,0.0108922184072981,0.0959563865087169,0.0141513950839849,0.484,0.121
0.25,1,1,13.2818735559756,0.854035507101855,6.86,1,0.0111073928557571,1.08070417259576e-06,0.144332000700213,0.219040506696029,0.0950000188869254,0.014519000156903,0.120626411899585,0.483998919295827,0.120626411899585,0.0111073928557571,0.0950000188869254,0.014519000156903,0.484,0.121
0.25,1,1,13.5496744381432,0.858991380890427,6.86,1,0.0113313499347654,-3.24735023149447e-07,0.145169543370482,0.218803951252726,0.0937824095045674,0.0149130706724818,0.120026830111815,0.484000324735023,0.120026830111815,0.0113313499347654,0.0937824095045674,0.0149130706724818,0.484,0.121
0.25,1,1,13.82797731569,0.863554643628088,6.86,1,0.011564089644323,-3.26460129540518e-07,0.145940734773147,0.217089692264716,0.0941622236911953,0.0152435860867483,0.120969899422267,0.48400032646013,0.120969899422267,0.011564089644323,0.0941622236911953,0.0152435860867483,0.484,0.121
0.25,1,1,14.1167821886158,0.867051563169086,6.86,1,0.01180561198443,-5.10702591327572e-15,0.146531714175576,0.21646828582443,0.0937129158885937,0.0154814721269762,0.121,0.484000000000005,0.121,0.01180561198443,0.0937129158885937,0.0154814721269762,0.484,0.121
0.25,1,1,14.4160890569208,0.870635428631793,6.86,1,0.0120559169550864,-1.55431223447522e-15,0.147137387438773,0.215862612561229,0.0931721981051872,0.0157718849397264,0.121,0.484000000000002,0.121,0.0120559169550864,0.0931721981051872,0.0157718849397264,0.484,0.121
0.25,1,1,14.7258979206049,0.874343684818449,6.86,1,0.0123150045562921,1.1234163480589e-06,0.147764082734318,0.215234793849334,0.0926124973529302,0.0160724980907777,0.121,0.483998876583652,0.121,0.0123150045562921,0.0926124973529302,0.0160724980907777,0.484,0.121
0.25,1,1,15.0462087796681,0.8781790436508,6.86,1,0.0125828747880471,1.1283442675758e-06,0.148412258376985,0.214586613278747,0.0920338344162303,0.0163832907957226,0.121,0.483998871655732,0.121,0.0125828747880471,0.0920338344162303,0.0163832907957226,0.484,0.121
0.25,1,1,15.3770216341105,0.882140151953056,6.86,1,0.0128595276503515,-3.33486232351188e-07,0.149081685680066,0.213918647806166,0.0914361950666704,0.0167042772829781,0.121,0.484000333486232,0.121,0.0128595276503515,0.0914361950666704,0.0167042772829781,0.484,0.121
0.25,1,1,15.7183364839319,0.886227009725227,6.86,1,0.0131449631432052,1.13868486067981e-06,0.149772364643563,0.213226496671576,0.0908195908769247,0.0170354459798701,0.121,0.483998861315139,0.121,0.0131449631432052,0.0908195908769247,0.0170354459798701,0.484,0.121
0.25,1,1,16.0701533291325,0.890439616967316,6.86,1,0.0134391812666083,1.14409750245903e-06,0.150484295267476,0.212514560635021,0.0901840102743198,0.017376808459072,0.121,0.483998855902498,0.121,0.0134391812666083,0.0901840102743198,0.017376808459072,0.484,0.121
0.25,1,1,16.4324721697122,0.894777973679307,6.86,1,0.0137421820205607,1.14967171938041e-06,0.151217477551803,0.211781372776478,0.089529457116413,0.0177283608630263,0.121,0.483998850328281,0.121,0.0137421820205607,0.089529457116413,0.0177283608630263,0.484,0.121
0.25,1,1,16.8052930056711,0.899243477500746,6.86,1,0.0140539654050624,6.43929354282591e-15,0.151972147697626,0.211027852302367,0.088855942114837,0.0180900924801005,0.121,0.483999999999994,0.121,0.0140539654050624,0.088855942114837,0.0180900924801005,0.484,0.121
0.25,1,1,17.188615837009,0.903831935513044,6.86,1,0.0143745314201135,-3.4168664730938e-07,0.152747597101704,0.210252744584943,0.0881634291822795,0.0184620393976069,0.121,0.484000341686647,0.121,0.0143745314201135,0.0881634291822795,0.0184620393976069,0.484,0.121
0.25,1,1,17.5824406637261,0.908547540634787,6.86,1,0.014703880065714,1.1673637982379e-06,0.153544534367279,0.209454298268923,0.0874519623108829,0.0188441576234031,0.121,0.483998832636202,0.121,0.014703880065714,0.0874519623108829,0.0188441576234031,0.484,0.121
0.25,1,1,17.9867674858223,0.913390314853533,6.86,1,0.0150420113418638,-1.51888624055907e-06,0.154362963210247,0.208638555675994,0.0867215258177034,0.0192364628404328,0.121,0.484001518886241,0.121,0.0150420113418638,0.0867215258177034,0.0192364628404328,0.484,0.121
0.25,1,1,18.4015963032976,0.918355491326838,6.86,1,0.0153889252485629,1.17754153916572e-06,0.155202078034236,0.207796744424225,0.0859720991042951,0.0196389756471419,0.121,0.483998822458461,0.121,0.0153889252485629,0.0859720991042951,0.0196389756471419,0.484,0.121
0.25,1,1,18.8269271161521,0.923441806138858,6.86,1,0.0157446217858114,-3.64933012919622e-07,0.156061665237467,0.206938699695546,0.085203658277724,0.0200517199364646,0.121,0.484000364933013,0.121,0.0157446217858114,0.085203658277724,0.0200517199364646,0.484,0.121
0.25,1,1,19.2627599243856,0.928653708970923,6.86,1,0.0161091009536092,-3.51070321480407e-07,0.156942476816086,0.206057874254235,0.0844162440445908,0.0204746550018,0.121,0.484000351070321,0.121,0.0161091009536092,0.0844162440445908,0.0204746550018,0.484,0.121
0.25,1,1,19.7090947279983,0.933792059900706,6.86,1,0.016519351454948,1.11970770366732e-06,0.157810858123219,0.205188022169077,0.0835270408013535,0.0209536077436986,0.121,0.483998880292296,0.121,0.016519351454948,0.0835270408013535,0.0209536077436986,0.484,0.121
0.25,1,1,20.1659315269901,0.939009431164442,6.86,1,0.0169475567921018,-1.4809490549994e-06,0.158692593866791,0.204308887082264,0.0826574185983147,0.0213950246095836,0.121,0.484001480949055,0.121,0.0169475567921018,0.0826574185983147,0.0213950246095836,0.484,0.121
0.25,1,1,20.6332703213611,0.944052714380143,6.86,1,0.0173918781893784,1.0547118733939e-15,0.159544908730244,0.203455091269755,0.0817598531725675,0.0218482686380542,0.121,0.483999999999999,0.121,0.0173918781893784,0.0817598531725675,0.0218482686380542,0.484,0.121
0.25,1,1,21.1111111111111,0.949176656751058,6.86,1,0.0178468592336859,1.08714435453905e-06,0.160410854990929,0.202588057864716,0.080841249133534,0.0223118916327801,0.121,0.483998912855645,0.121,0.0178468592336859,0.080841249133534,0.0223118916327801,0.484,0.121
0.25,1,1,21.5994538962403,0.954311438182706,6.86,1,0.0182733929341072,1.05161313102009e-06,0.161278633052877,0.202063977131851,0.0796152440022736,0.0227677012657598,0.120656338202141,0.483998948386869,0.120656338202141,0.0182733929341072,0.0796152440022736,0.0227677012657598,0.484,0.121
0.25,1,1,22.0982986767486,0.95933919869693,6.86,1,0.0186247855583668,1.09836421358089e-06,0.162128324579781,0.202317907743608,0.0777340279422526,0.0231938558117776,0.119552669312397,0.483998901635786,0.119552669312397,0.0186247855583668,0.0777340279422526,0.0231938558117776,0.484,0.121
0.25,1,1,22.607645452636,0.964472872539554,6.86,1,0.0189835761950345,1.10424184629476e-06,0.162995915459185,0.202577200899894,0.0758132207864447,0.023628982417596,0.118425779399075,0.483998895758154,0.118425779399075,0.0189835761950345,0.0758132207864447,0.023628982417596,0.484,0.121
0.25,1,1,23.1274942239025,0.969712395327399,6.86,1,0.0193497645767882,1.11024066823395e-06,0.16388139481033,0.202841840306821,0.0738528093593834,0.0240730807060086,0.11727565464218,0.483998889759332,0.11727565464218,0.0193497645767882,0.0738528093593834,0.0240730807060086,0.484,0.121
0.25,1,1,23.6578449905482,0.974888954186227,6.86,1,0.0197846318385103,1.08623580963307e-06,0.164756233257472,0.202896156656264,0.0720240920129289,0.0245377999990148,0.116346523850454,0.48399891376419,0.116346523850454,0.0197846318385103,0.0720240920129289,0.0245377999990148,0.484,0.121
0.25,1,1,24.198697752573,0.97998621822749,6.86,1,0.0202369373118016,1.05689590312874e-06,0.165617670880446,0.203207178830096,0.0699393221001796,0.0249978339815742,0.115174093393555,0.483998943104097,0.115174093393555,0.0202369373118016,0.0699393221001796,0.0249978339815742,0.484,0.121
0.25,1,1,24.7500525099769,0.983586865156969,6.86,1,0.0206980254156422,9.46749056818241e-07,0.166226180211528,0.202548158614556,0.069069170035472,0.0254575189737451,0.115224714424859,0.483999053250943,0.115224714424859,0.0206980254156422,0.069069170035472,0.0254575189737451,0.484,0.121
0.25,1,1,25.3119092627599,0.98555063812047,6.86,1,0.0212350571461576,9.33063682317936e-07,0.166558057842359,0.202774306476344,0.0675168369473567,0.0259148085240996,0.114666702617614,0.483999066936318,0.114666702617614,0.0212350571461576,0.0675168369473567,0.0259148085240996,0.484,0.121
0.25,1,1,25.8842680109221,0.98736945616146,6.86,1,0.0216465495149715,9.31208341159451e-07,0.166865438091287,0.204463898183676,0.0646417668095566,0.0263814161921679,0.112669732516696,0.483999068791659,0.112669732516696,0.0216465495149715,0.0646417668095566,0.0263814161921679,0.484,0.121
0.25,1,1,26.4671287544633,0.989175579971097,6.86,1,0.0221339855104602,9.32911734086161e-07,0.167170673015115,0.205497691507547,0.0623411857890102,0.0268555312661327,0.111330702565603,0.483999067088266,0.111330702565603,0.0221339855104602,0.0623411857890102,0.0268555312661327,0.484,0.121
0.25,1,1,27.0604914933837,0.991014246552077,6.86,1,0.0226302041364982,9.34645806249801e-07,0.167481407667301,0.206550111738165,0.0599991528581868,0.0273381889540425,0.109967545948727,0.483999065354194,0.109967545948728,0.0226302041364982,0.0599991528581868,0.0273381889540425,0.484,0.121
0.25,1,1,27.6643562276833,0.992885455904405,6.86,1,0.0231352053930855,9.36410584184699e-07,0.167797642047844,0.207621158875508,0.0576156680170802,0.0278293892558977,0.108580262666063,0.483999063589416,0.108580262666063,0.0231352053930855,0.0576156680170802,0.0278293892558977,0.484,0.121
0.25,1,1,28.2787229573619,0.994789123744544,6.86,1,0.0236489892802222,9.8219909649977e-07,0.168119361912828,0.208710818180896,0.0551907167501338,0.0283291316768235,0.10716883770718,0.483999017800903,0.10716883770718,0.0236489892802222,0.0551907167501338,0.0283291316768235,0.484,0.121
0.25,1,1,28.9035916824197,0.99672550292308,6.86,1,0.0241715557979083,9.4003222250727e-07,0.168446609994,0.209819133870401,0.0527243426040243,0.0288374177014432,0.105733316103376,0.483999059967777,0.105733316103376,0.0241715557979083,0.0527243426040243,0.0288374177014432,0.484,0.121
0.25,1,1,29.5389624028565,0.996889754219613,6.86,1,0.0242255658742801,9.29190553333736e-07,0.168474368463115,0.209948004398412,0.052508758231509,0.0288423738421306,0.10557669794792,0.483999070809447,0.10557669794792,0.0242255658742801,0.052508758231509,0.0288423738421306,0.484,0.121
0.25,1,1,30.1848351186725,0.996889754219613,6.86,1,0.0242255658742801,9.29190553167203e-07,0.168474368463115,0.209948004398413,0.052508758231509,0.0288423738421306,0.10557669794792,0.483999070809447,0.10557669794792,0.0242255658742801,0.052508758231509,0.0288423738421306,0.484,0.121
0.25,1,1,30.8412098298677,0.996889745761197,6.86,1,0.0242255658106447,9.33482634857263e-07,0.168474367033642,0.20994800282538,0.0525087571153413,0.0288423737323568,0.105576696658343,0.483999066517365,0.105576696658343,0.0242255658106447,0.0525087571153413,0.0288423737323568,0.484,0.121
0.25,1,1,31.5080865364419,0.996889823108838,6.86,1,0.024225566392556,8.94233882275941e-07,0.168474380105394,0.209948017209902,0.052508767322086,0.0288423747361805,0.105576708450823,0.483999105766118,0.105576708450823,0.024225566392556,0.052508767322086,0.0288423747361805,0.484,0.121
0.25,1,1,32.1854652383953,0.996889823108838,6.86,1,0.024225566392556,8.94233882275941e-07,0.168474380105394,0.209948017209902,0.052508767322086,0.0288423747361805,0.105576708450823,0.483999105766118,0.105576708450823,0.024225566392556,0.052508767322086,0.0288423747361805,0.484,0.121
0.25,1,1,32.8733459357278,0.996889745761202,6.86,1,0.0242255658106448,9.33482633191929e-07,0.168474367033643,0.20994800282538,0.0525087571153419,0.0288423737323568,0.105576696658344,0.483999066517367,0.105576696658344,0.0242255658106448,0.0525087571153419,0.0288423737323568,0.484,0.121
0.25,1,1,33.5717286284394,0.996889745761202,6.86,1,0.0242255658106448,9.33482633191929e-07,0.168474367033643,0.20994800282538,0.0525087571153419,0.0288423737323568,0.105576696658344,0.483999066517367,0.105576696658344,0.0242255658106448,0.0525087571153419,0.0288423737323568,0.484,0.121
0.25,1,1,34.2806133165301,0.996889745761202,6.86,1,0.0242255658106448,9.33482633191929e-07,0.168474367033643,0.20994800282538,0.0525087571153419,0.0288423737323568,0.105576696658344,0.483999066517367,0.105576696658344,0.0242255658106448,0.0525087571153419,0.0288423737323568,0.484,0.121
0.25,1,1,35,0.996891585378548,6.86,1,0.0242255796506813,-2.77555756156289e-16,0.168474677928975,0.209948344943269,0.0525089998700353,0.0288423976070404,0.105576977127757,0.484,0.105576977127757,0.0242255796506813,0.0525089998700353,0.0288423976070404,0.484,0.121
0.2,1,1,0.1,0,0,1,0,0,0,0,0,0,0,0,0,0,0,0,0.484,0.0968
0.2,1,1,0.43448275862069,0.0129912312875341,6.86,1,0.000363350145498247,0.414179374690689,0.00219551808759326,0.0566474242564025,0.010488716225029,0.000125616594787884,0.0109776829653151,0.0698206253093108,0.0109776829653151,0.000363350145498247,0.010488716225029,0.000125616594787884,0.484,0.0968
0.2,1,1,0.768965517241379,0.0434222517960681,6.86,1,0.000643072082905628,0.383118348834075,0.00733836055353551,0.0784844224952542,0.013995773259877,0.000420022774353132,0.0150588681171358,0.100881651165925,0.0150588681171358,0.000643072082905628,0.013995773259877,0.000420022774353132,0.484,0.0968
0.2,1,1,1.10344827586207,0.073818155560564,6.86,1,0.000922794020313009,0.350974280870329,0.0124752682897353,0.101311328942038,0.0174857100485684,0.000830617829016214,0.0192391218978976,0.133025719129671,0.0192391218978976,0.000922794020313009,0.0174857100485684,0.000830617829016214,0.484,0.0968
0.2,1,1,1.43793103448276,0.1042431621402,6.86,1,0.00120251595772039,0.303780273559,0.0176170944016938,0.139238549472432,0.0209885967210735,0.00117296988808065,0.0233640825668746,0.180219726441,0.0233640825668746,0.00120251595772039,0.0209885967210735,0.00117296988808065,0.484,0.0968
0.2,1,1,1.77241379310345,0.13459429560063,6.86,1,0.00148223789512777,0.261674483468294,0.0227464359565065,0.172069165062603,0.0245132066617596,0.00151447095570834,0.0275099155125957,0.222325516531706,0.0275099155125957,0.00148223789512777,0.0245132066617596,0.00151447095570834,0.484,0.0968
0.2,1,1,2.10689655172414,0.16487820723907,6.86,1,0.00176195983253515,0.226001998877854,0.0278644170234028,0.198449328356512,0.0280670667933463,0.0018552291163494,0.0316842557422309,0.257998001122146,0.0316842557422309,0.00176195983253515,0.0280670667933463,0.0018552291163494,0.484,0.0968
0.2,1,1,2.44137931034483,0.195162118877588,6.86,1,0.00204168176994253,0.190240463743513,0.0329823980903124,0.224918542194338,0.0316209269249033,0.00219598727699137,0.0358585959718372,0.293759536256487,0.0358585959718372,0.00204168176994253,0.0316209269249033,0.00219598727699137,0.484,0.0968
0.2,1,1,2.77586206896552,0.225446015699218,6.86,1,0.00232140370734991,0.154479519965343,0.0381003766531679,0.251387161647467,0.0351747927557596,0.00253674527091198,0.0400329417340215,0.329520480034657,0.0400329417340215,0.00232140370734991,0.0351747927557596,0.00253674527091198,0.484,0.0968
0.2,1,1,3.11034482758621,0.255729918035963,6.86,1,0.0026011256447573,0.118682666097927,0.0432183561480777,0.277891859211377,0.0387284814408442,0.0028775114570173,0.0442071185426188,0.365317333902073,0.0442071185426188,0.0026011256447573,0.0387284814408442,0.0028775114570173,0.484,0.0968
0.2,1,1,3.4448275862069,0.286013885778059,6.86,1,0.00288084758216468,0.0829509644271994,0.0483363466964921,0.304331084158718,0.0422824950166102,0.0032182621188154,0.0483816047175903,0.401049035572801,0.0483816047175903,0.00288084758216468,0.0422824950166102,0.0032182621188154,0.484,0.0968
0.2,1,1,3.77931034482759,0.316297851733635,6.86,1,0.00316056951957206,0.0471739834331699,0.0534543369429843,0.330815754958463,0.0458363342551711,0.00355902089063929,0.0525559246653824,0.43682601656683,0.0525559246653824,0.00316056951957206,0.0458363342551711,0.00355902089063929,0.484,0.0968
0.2,1,1,4.11379310344828,0.346581721787629,6.86,1,0.00344029145697944,0.0113474726325846,0.0585723109821094,0.357350162148685,0.0493899731777994,0.00389978960184249,0.0567300542366213,0.472652527367415,0.0567300542366213,0.00344029145697944,0.0493899731777994,0.00389978960184249,0.484,0.0968
0.2,1,1,4.44827586206897,0.376581051050204,6.86,1,0.00372001339438682,3.50599808914831e-05,0.0636421976274845,0.359312105372526,0.0530532770630935,0.0042373465616181,0.0610106370190984,0.483964940019109,0.0610106370190984,0.00372001339438682,0.0530532770630935,0.0042373465616181,0.484,0.0968
0.2,1,1,4.78275862068966,0.406448808213153,6.86,1,0.0039997353317942,3.518665004143e-06,0.0686898485880229,0.34996634190532,0.0567671229183218,0.00457343259153663,0.0653402908416527,0.483996481334996,0.0653402908416526,0.0039997353317942,0.0567671229183218,0.00457343259153663,0.484,0.0968
0.2,1,1,5.11724137931035,0.436316565376099,6.86,1,0.00427945726920158,3.77723291189458e-06,0.0737374995485607,0.340588725151214,0.060481031014848,0.00490950978326374,0.0696699980673133,0.483996222767088,0.0696699980673133,0.00427945726920158,0.060481031014848,0.00490950978326374,0.484,0.0968
0.2,1,1,5.45172413793104,0.465321894122606,6.86,1,0.00455917920660896,0.0054078689271625,0.0786394001067204,0.32656113784,0.0643318108770468,0.00450060304246148,0.0733915931261172,0.478592131072837,0.0733915931261172,0.00455917920660896,0.0643318108770468,0.00450060304246148,0.484,0.0968
0.2,1,1,5.78620689655172,0.49399398140164,6.86,1,0.00483890114401634,-1.13298259662997e-13,0.0834849828568771,0.32200831635202,0.0681092935600562,0.00555850608714401,0.0785067007912165,0.484000000000113,0.0785067007912165,0.00483890114401634,0.0681092935600562,0.00555850608714401,0.484,0.0968
0.2,1,1,6.12068965517241,0.522666068680666,6.86,1,0.00511862308142372,-2.66453525910038e-14,0.0883305656070325,0.312724520701004,0.0719451612169209,0.00588112939364538,0.08294491369199,0.484000000000027,0.08294491369199,0.00511862308142372,0.0719451612169209,0.00588112939364538,0.484,0.0968
0.2,1,1,6.4551724137931,0.55133673847797,6.86,1,0.0053983450188311,-4.4353409833775e-14,0.093175908802777,0.30344074821517,0.0757812612128695,0.00620373675039626,0.0873833429820968,0.484000000000044,0.0873833429820969,0.0053983450188311,0.0757812612128695,0.00620373675039626,0.484,0.0968
0.2,1,1,6.78965517241379,0.579999816768541,6.86,1,0.00567806695623848,1.45211616753849e-05,0.0980199690338834,0.294142578631168,0.0796186055308405,0.00652625868619459,0.0918229311732736,0.483985478838325,0.0918229311732736,0.00567806695623848,0.0796186055308405,0.00652625868619459,0.484,0.0968
0.2,1,1,7.12413793103448,0.608651480515961,6.86,1,0.00595778889364586,0.00694293547096375,0.102862100207197,0.278816095983797,0.0835341896599089,0.00588688978448762,0.0953788683380424,0.477057064529036,0.0953788683380423,0.00595778889364586,0.0835341896599089,0.00588688978448762,0.484,0.0968
0.2,1,1,7.45862068965517,0.623803592297858,6.86,1,0.00623751083105325,2.72559752545476e-14,0.105422807098338,0.281777192901635,0.084432800643426,0.00612968852552078,0.0968000000000001,0.483999999999973,0.0968,0.00623751083105325,0.084432800643426,0.00612968852552078,0.484,0.0968
0.2,1,1,7.79310344827586,0.633030744290935,6.86,1,0.00651723276846063,-3.75032806182451e-06,0.106982195785168,0.280221554542894,0.0837027374399817,0.00658002979155771,0.0968,0.484003750328062,0.0968,0.00651723276846063,0.0837027374399817,0.00658002979155771,0.484,0.0968
0.2,1,1,8.12758620689655,0.642244785075389,6.86,1,0.00679695470586801,-1.22124532708767e-15,0.108539368677741,0.27866063132226,0.082972700779359,0.00703034451477295,0.0968,0.484000000000001,0.0968,0.00679695470586801,0.082972700779359,0.00703034451477295,0.484,0.0968
0.2,1,1,8.46206896551724,0.651458825859839,6.86,1,0.00707667664327539,-3.85950347620012e-06,0.110096541570313,0.277107317933163,0.0822426501519051,0.00748067320481957,0.0968,0.484003859503476,0.0968,0.00707667664327539,0.0822426501519051,0.00748067320481957,0.484,0.0968
0.2,1,1,8.79655172413793,0.660672866644296,6.86,1,0.00735639858068277,-8.88178419700125e-15,0.111653714462886,0.275546285537123,0.0815126136916589,0.00793098772765822,0.0967999999999999,0.484000000000009,0.0967999999999999,0.00735639858068277,0.0815126136916589,0.00793098772765822,0.484,0.0968
0.2,1,1,9.13103448275862,0.66896516218435,6.86,1,0.00763612051809015,-3.69317582882278e-06,0.113055112409155,0.274148580766674,0.0809211208545679,0.00824275862734198,0.0968000000000001,0.484003693175829,0.0968000000000001,0.00763612051809015,0.0809211208545679,0.00824275862734198,0.484,0.0968
0.2,1,1,9.46551724137931,0.676929459596033,6.86,1,0.00791584245549753,-3.72576130958091e-06,0.11440107867173,0.27280264708958,0.0803764748424159,0.00850768270208653,0.0967999999999999,0.48400372576131,0.0968,0.00791584245549753,0.0803764748424159,0.00850768270208653,0.484,0.0968
0.2,1,1,9.8,0.684832170446247,6.86,1,0.00819556439290491,-3.76925716183418e-06,0.115736636805416,0.271467132451746,0.0798324456919296,0.00877198991516563,0.0968000000000001,0.484003769257162,0.0968000000000001,0.00819556439290491,0.0798324456919296,0.00877198991516563,0.484,0.0968
0.2,1,1,10,0.689557502707192,6.86,1,0.00836282080908664,-3.79526495097871e-06,0.116535217957515,0.270668577307435,0.0795071499112264,0.008930029279687,0.0968,0.484003795264951,0.0968,0.00836282080908664,0.0795071499112264,0.008930029279687,0.484,0.0968
0.2,1,1,10.0052509976896,0.689681566251115,6.86,1,0.00836721212436132,-3.79594780497428e-06,0.116556184696439,0.270647611251366,0.0794986092742617,0.00893417860137692,0.0967999999999999,0.484003795947805,0.0967999999999999,0.00836721212436132,0.0794986092742617,0.00893417860137692,0.484,0.0968
0.2,1,1,10.0210039907582,0.690053756882887,6.86,1,0.00838038607018534,-3.79799631633482e-06,0.116619084913208,0.270584713083109,0.0794729873633684,0.00894662656644624,0.0968,0.484003797996316,0.0968,0.00838038607018534,0.0794729873633684,0.00894662656644624,0.484,0.0968
0.2,1,1,10.047258979206,0.690674074602501,6.86,1,0.0084023426465587,-3.80141046318894e-06,0.116723918607823,0.27047988280264,0.0794302841785461,0.00896737317489514,0.0968,0.484003801410463,0.0968,0.0084023426465587,0.0794302841785461,0.00896737317489514,0.484,0.0968
0.2,1,1,10.084015963033,0.691542519409969,6.86,1,0.00843308185348141,1.67643676718399e-14,0.116870685780285,0.270329314219698,0.0793705155740147,0.008996402572504,0.0968000000000001,0.483999999999983,0.0968,0.00843308185348141,0.0793705155740147,0.008996402572504,0.484,0.0968
0.2,1,1,10.131274942239,0.692659091305274,6.86,1,0.00847260369095346,-3.81233579704876e-06,0.117059386430591,0.270144425905206,0.0792936339871142,0.0090337623219323,0.0968,0.484003812335797,0.0968,0.00847260369095346,0.0792936339871142,0.0090337623219323,0.484,0.0968
0.2,1,1,10.1890359168242,0.69402379028843,6.86,1,0.00852090815897486,-1.32671651442706e-14,0.117290020558745,0.269909979441269,0.07919970289161,0.00907938894941513,0.0968000000000001,0.484000000000013,0.0968,0.00852090815897486,0.07919970289161,0.00907938894941513,0.484,0.0968
0.2,1,1,10.2572988867885,0.695636616359434,6.86,1,0.00857799525754561,8.88178419700125e-15,0.117562588164744,0.269637411835247,0.0790886746480473,0.00913333009440714,0.0968,0.483999999999991,0.0968,0.00857799525754561,0.0790886746480473,0.00913333009440714,0.484,0.0968
0.2,1,1,10.3360638521319,0.697497569518284,6.86,1,0.0086438649866657,-3.83896640149262e-06,0.11787708924859,0.269326749717812,0.0789605491454996,0.00919558586783471,0.0968,0.484003838966401,0.0968,0.0086438649866657,0.0789605491454996,0.00919558586783471,0.484,0.0968
0.2,1,1,10.4253308128544,0.699606649764977,6.86,1,0.00871851734633513,-3.85057461382843e-06,0.118233523810281,0.268970326764333,0.0788153583171035,0.00926612433656137,0.0968000000000001,0.484003850574614,0.0968000000000001,0.00871851734633513,0.0788153583171035,0.00926612433656137,0.484,0.0968
0.2,1,1,10.5250997689561,0.701963857099517,6.86,1,0.00880195233655391,-3.77475828372553e-15,0.118631891849818,0.268568108150185,0.078653102307916,0.0093449453555301,0.0968,0.484000000000004,0.0968,0.00880195233655391,0.078653102307916,0.0093449453555301,0.484,0.0968
0.2,1,1,10.6353707204369,0.704569191521914,6.86,1,0.00889416995732204,-3.87788803013489e-06,0.119072193367203,0.268131684520827,0.0784737328385241,0.00943209720415385,0.0968,0.48400387788803,0.0968,0.00889416995732204,0.0784737328385241,0.00943209720415385,0.484,0.0968
0.2,1,1,10.7561436672968,0.70742265303214,6.86,1,0.00899517020863951,-3.89359320374094e-06,0.119554428362432,0.267649465230772,0.078277298188341,0.00952753160301954,0.0968,0.484003893593204,0.0968000000000001,0.00899517020863951,0.078277298188341,0.00952753160301954,0.484,0.0968
0.2,1,1,10.8874186095358,0.710470702984451,6.86,1,0.00910495309050633,-3.80659428184105e-06,0.120069548804372,0.26713425778991,0.0780430551130893,0.00965199179640428,0.0967999999999999,0.484003806594282,0.0967999999999999,0.00910495309050633,0.0780430551130893,0.00965199179640428,0.484,0.0968
0.2,1,1,11.029195547154,0.713661916724361,6.86,1,0.00922351860292249,-7.32192084740291e-14,0.120608863926417,0.266591136073656,0.0777524988670766,0.00982398253000087,0.0967999999999999,0.484000000000073,0.0967999999999999,0.00922351860292249,0.0777524988670766,0.00982398253000087,0.484,0.0968
0.2,1,1,11.1814744801512,0.717087261364233,6.86,1,0.009350866745888,-4.73843186910017e-13,0.121187747170555,0.266012252829919,0.0774404139220314,0.0100087193320806,0.0968,0.484000000000474,0.0968,0.009350866745888,0.0774404139220314,0.0100087193320806,0.484,0.0968
0.2,1,1,11.3442554085276,0.720748836668918,6.86,1,0.00948699751940285,-2.57627252864268e-13,0.121806553397047,0.265393446603211,0.0771068058773601,0.0102061966032372,0.0968000000000001,0.484000000000258,0.0968000000000001,0.00948699751940285,0.0771068058773601,0.0102061966032372,0.484,0.0968
0.2,1,1,11.5175383322831,0.724646642638424,6.86,1,0.00963191092346705,-3.82024699341343e-06,0.122465282605894,0.2647385376411,0.0767516670894051,0.0104164219871278,0.0967999999999999,0.484003820246993,0.0968,0.00963191092346705,0.0767516670894051,0.0104164219871278,0.484,0.0968
0.2,1,1,11.7013232514178,0.728780679272751,6.86,1,0.00978560695808059,-1.39388500741688e-13,0.123163934797095,0.264036065203044,0.0763750204890311,0.0106393725528883,0.0968,0.484000000000139,0.0968,0.00978560695808059,0.0763750204890311,0.0106393725528883,0.484,0.0968
0.2,1,1,11.8956101659315,0.733150946571893,6.86,1,0.00994808562324348,-3.86508080585379e-06,0.12390250997065,0.263301355110156,0.0759768354120412,0.0108750789647154,0.0968,0.484003865080806,0.0968,0.00994808562324348,0.0759768354120412,0.0108750789647154,0.484,0.0968
0.2,1,1,12.1003990758244,0.737757444535854,6.86,1,0.0101193469189557,-3.88936506390269e-06,0.124681008126559,0.262522881238505,0.0755571349201732,0.0111235181608711,0.0968,0.484003889365064,0.0968,0.0101193469189557,0.0755571349201732,0.0111235181608711,0.484,0.0968
0.2,1,1,12.3156899810964,0.742600173164633,6.86,1,0.0102993908452173,-1.26731958260962e-13,0.125499429264823,0.261700570735304,0.0751159191590963,0.0113846899956865,0.0968,0.484000000000127,0.0968,0.0102993908452173,0.0751159191590963,0.0113846899956865,0.484,0.0968
0.2,1,1,12.5414828817475,0.747679132458239,6.86,1,0.0104882174020282,-4.18332035678759e-13,0.126357773385442,0.260842226614976,0.074653172516462,0.0116586100815098,0.0968,0.484000000000418,0.0968,0.0104882174020282,0.074653172516462,0.0116586100815098,0.484,0.0968
0.2,1,1,12.7777777777778,0.752994322416648,6.86,1,0.0106858265893885,7.59670104599763e-13,0.127256040488414,0.259943959510827,0.0741689027742358,0.0119452706363758,0.0968,0.48399999999924,0.0968,0.0106858265893885,0.0741689027742358,0.0119452706363758,0.484,0.0968
0.2,1,1,13.0245746691871,0.758526314244739,6.86,1,0.0108922184072981,-1.77635683940025e-15,0.128190947107361,0.259009052892641,0.0736631274638177,0.0122446541288842,0.0968,0.484000000000002,0.0968,0.0108922184072981,0.0736631274638177,0.0122446541288842,0.484,0.0968
0.2,1,1,13.2818735559756,0.764290535623838,6.86,1,0.0111073928557571,-3.88440417747882e-06,0.129165100520429,0.258038783883749,0.0731358246023805,0.0125567825418623,0.0967999999999999,0.484003884404177,0.0967999999999999,0.0111073928557571,0.0731358246023805,0.0125567825418623,0.484,0.0968
0.2,1,1,13.5496744381432,0.77029003134494,6.86,1,0.0113313499347654,-2.86992651865603e-13,0.130179015297295,0.257020984702992,0.0725870156278152,0.0128816344374194,0.0968,0.484000000000287,0.0968,0.0113313499347654,0.0725870156278152,0.0128816344374194,0.484,0.0968
0.2,1,1,13.82797731569,0.776524801408047,6.86,1,0.011564089644323,-3.28070903776734e-13,0.13123269143796,0.255967308562368,0.0720166763547393,0.0132192340009377,0.0968,0.484000000000328,0.0968,0.011564089644323,0.0720166763547393,0.0132192340009377,0.484,0.0968
0.2,1,1,14.1167821886158,0.782658797220787,6.86,1,0.01180561198443,-4.03015748218216e-06,0.132269336730313,0.254934693427169,0.0714746305752171,0.0135197574403528,0.0967999999999999,0.484004030157482,0.0967999999999999,0.01180561198443,0.0714746305752171,0.0135197574403528,0.484,0.0968
0.2,1,1,14.4160890569208,0.788641059528358,6.86,1,0.0120559169550864,-1.19182441693511e-13,0.133280339060293,0.253919660939827,0.0709634478586856,0.013780635186228,0.0968,0.484000000000119,0.0968,0.0120559169550864,0.0709634478586856,0.013780635186228,0.484,0.0968
0.2,1,1,14.7258979206049,0.794833225776549,6.86,1,0.0123150045562921,4.430900091279e-13,0.134326815156237,0.25287318484332,0.0704343221504711,0.0140506732932368,0.0968,0.483999999999557,0.0968,0.0123150045562921,0.0704343221504711,0.0140506732932368,0.484,0.0968
0.2,1,1,15.0462087796681,0.801235295965349,6.86,1,0.0125828747880471,-4.12581361997066e-06,0.135408765018144,0.251795360795476,0.0698872532955776,0.0143298719163753,0.0967999999999999,0.48400412581362,0.0968,0.0125828747880471,0.0698872532955776,0.0143298719163753,0.484,0.0968
0.2,1,1,15.3770216341105,0.807847270094769,6.86,1,0.0128595276503515,1.1152745393872e-12,0.136526188646016,0.250673811352869,0.0693222613399585,0.01461821100969,0.0968,0.483999999998885,0.0968,0.0128595276503515,0.0693222613399585,0.01461821100969,0.484,0.0968
0.2,1,1,15.7183364839319,0.814669148164812,6.86,1,0.0131449631432052,-4.19498854109523e-06,0.137679086039853,0.249525108948688,0.0687393194436424,0.0149157174131525,0.0968,0.484004194988541,0.0968,0.0131449631432052,0.0687393194436424,0.0149157174131525,0.484,0.0968
0.2,1,1,16.0701533291325,0.821700048540305,6.86,1,0.0134391812666083,-3.10636465661318e-07,0.138867308203312,0.248333002433154,0.0681384430719524,0.0152223756614392,0.0967999999999999,0.484000310636466,0.0967999999999999,0.0134391812666083,0.0681384430719524,0.0152223756614392,0.484,0.0968
0.2,1,1,16.4324721697122,0.828941726721687,6.86,1,0.0137421820205607,-3.13374540983347e-07,0.140091151815965,0.247109161558576,0.0675196349380405,0.0155381830413988,0.0968,0.484000313374541,0.0968,0.0137421820205607,0.0675196349380405,0.0155381830413988,0.484,0.0968
0.2,1,1,16.8052930056711,0.836393308618472,6.86,1,0.0140539654050624,3.99066105616352e-06,0.141350469156522,0.245845540182422,0.0668828973116129,0.0158631372833247,0.0968,0.483996009338944,0.0968,0.0140539654050624,0.0668828973116129,0.0158631372833247,0.484,0.0968
0.2,1,1,17.188615837009,0.844054794230666,6.86,1,0.0143745314201135,4.02721592718258e-06,0.142645260224983,0.24455071255909,0.0662282163063108,0.0161972522735757,0.0968,0.483995972784073,0.0968,0.0143745314201135,0.0662282163063108,0.0161972522735757,0.484,0.0968
0.2,1,1,17.5824406637261,0.851927097624251,6.86,1,0.014703880065714,-4.38684211429008e-06,0.143975679498498,0.243228707343616,0.0655555966511064,0.0165405232831796,0.0968,0.484004386842114,0.0968,0.014703880065714,0.0655555966511064,0.0165405232831796,0.484,0.0968
0.2,1,1,17.9867674858223,0.860008399337999,6.86,1,0.0150420113418638,-4.42845469117437e-06,0.145341419488122,0.241863008966569,0.0648650426933274,0.0168929459648088,0.0968,0.484004428454691,0.0968,0.0150420113418638,0.0648650426933274,0.0168929459648088,0.484,0.0968
0.2,1,1,18.4015963032976,0.867999151808798,6.86,1,0.0153889252485629,-7.21644966006352e-14,0.146691856655687,0.240508143344385,0.0639659494058427,0.0174451253455944,0.0968,0.484000000000072,0.0968,0.0153889252485629,0.0639659494058427,0.0174451253455944,0.484,0.0968
0.2,1,1,18.8269271161521,0.875660667305372,6.86,1,0.0157446217858114,-2.6112730144856e-06,0.147986652774608,0.239215958498407,0.0627133758767752,0.0183420023374134,0.0968,0.484002611273014,0.0968,0.0157446217858114,0.0627133758767752,0.0183420023374134,0.484,0.0968
0.2,1,1,19.2627599243856,0.883002144957823,6.86,1,0.0161091009536092,1.37667655053519e-14,0.149227362497872,0.237972637502114,0.0618782864700469,0.0188126125763439,0.0968,0.483999999999986,0.0968,0.0161091009536092,0.0618782864700469,0.0188126125763439,0.484,0.0968
0.2,1,1,19.7090947279983,0.890409670036672,6.86,1,0.0164823627519564,1.53210777398272e-14,0.150479234236198,0.236720765763787,0.0611207712106399,0.0191968660374037,0.0968,0.483999999999985,0.0968,0.0164823627519564,0.0611207712106399,0.0191968660374037,0.484,0.0968
0.2,1,1,20.1659315269901,0.897991489823269,6.86,1,0.0168644071808529,-1.43773881688958e-14,0.151760561780132,0.235439438219882,0.0603454320627761,0.0195901607563709,0.0968,0.484000000000014,0.0968,0.0168644071808529,0.0603454320627761,0.0195901607563709,0.484,0.0968
0.2,1,1,20.6332703213611,0.904893573022428,6.86,1,0.0172552342402988,-6.66133814775094e-15,0.15292701384079,0.234272986159216,0.059536540201317,0.0200082255583842,0.0968,0.484000000000007,0.0968,0.0172552342402988,0.059536540201317,0.0200082255583842,0.484,0.0968
0.2,1,1,21.1111111111111,0.910253861142102,6.86,1,0.017654843930294,1.16573417585641e-15,0.153832902533015,0.233367097466983,0.0586698703247609,0.0204752857449452,0.0968000000000001,0.483999999999999,0.0968000000000001,0.017654843930294,0.0586698703247609,0.0204752857449452,0.484,0.0968
0.2,1,1,21.5994538962403,0.915731957791877,6.86,1,0.0180632362508386,-8.1601392309949e-15,0.154758700866827,0.232441299133181,0.0577841527586099,0.0209526109905514,0.0967999999999999,0.484000000000008,0.0967999999999999,0.0180632362508386,0.0577841527586099,0.0209526109905514,0.484,0.0968
0.2,1,1,22.0982986767486,0.921327862971754,6.86,1,0.0184804112019325,-9.54791801177635e-15,0.155704408842226,0.231495591157783,0.0568793875028644,0.0214402012952032,0.0968000000000001,0.48400000000001,0.0968,0.0184804112019325,0.0568793875028644,0.0214402012952032,0.484,0.0968
0.2,1,1,22.607645452636,0.927041576681726,6.86,1,0.0189063687835757,-2.22044604925031e-16,0.156670026459212,0.230529973540789,0.055955574557524,0.0219380566589003,0.0968,0.484,0.0968,0.0189063687835757,0.055955574557524,0.0219380566589003,0.484,0.0968
0.2,1,1,23.1274942239025,0.932873098921808,6.86,1,0.0193411089957683,1.11022302462516e-16,0.157655553717786,0.229544446282214,0.0550127139225891,0.0224461770816425,0.0967999999999999,0.484,0.0967999999999999,0.0193411089957683,0.0550127139225891,0.0224461770816425,0.484,0.0968
0.2,1,1,23.6578449905482,0.938822429691993,6.86,1,0.0197846318385103,9.32587340685131e-15,0.158660990617947,0.228539009382044,0.0540508055980596,0.0229645625634301,0.0968,0.483999999999991,0.0967999999999999,0.0197846318385103,0.0540508055980596,0.0229645625634301,0.484,0.0968
0.2,1,1,24.198697752573,0.944889568992281,6.86,1,0.0202369373118016,-8.21565038222616e-15,0.159686337159695,0.227513662840313,0.0530698495839356,0.0234932131042628,0.0968,0.484000000000008,0.0968,0.0202369373118016,0.0530698495839356,0.0234932131042628,0.484,0.0968
0.2,1,1,24.7500525099769,0.951074516822672,6.86,1,0.0206980254156422,4.44089209850063e-16,0.160731593343032,0.226468406656968,0.052069845880217,0.0240321287041408,0.0968,0.484,0.0968,0.0206980254156422,0.052069845880217,0.0240321287041408,0.484,0.0968
0.2,1,1,25.3119092627599,0.957377273183159,6.86,1,0.0211678961500322,1.01030295240889e-14,0.161796759167954,0.225403240832036,0.051050794486903,0.0245813093630648,0.0968000000000001,0.48399999999999,0.0968,0.0211678961500322,0.051050794486903,0.0245813093630648,0.484,0.0968
0.2,1,1,25.8842680109221,0.963797838073755,6.86,1,0.0216465495149715,8.65973959207622e-15,0.162881834634465,0.224318165365527,0.0500126954039953,0.0251407550810333,0.0968,0.483999999999991,0.0968,0.0216465495149715,0.0500126954039953,0.0251407550810333,0.484,0.0968
0.2,1,1,26.4671287544633,0.970336211494454,6.86,1,0.0221339855104602,8.99280649946377e-15,0.163986819742563,0.223213180257428,0.0489555486314926,0.0257104658580472,0.0967999999999999,0.483999999999991,0.0967999999999999,0.0221339855104602,0.0489555486314926,0.0257104658580472,0.484,0.0968
0.2,1,1,27.0604914933837,0.976451096295652,6.86,1,0.0226302041364982,-1.12687636999453e-14,0.165020235273965,0.222179764726046,0.0478709330793865,0.0262988627841154,0.0968000000000001,0.484000000000011,0.0968000000000001,0.0226302041364982,0.0478709330793865,0.0262988627841154,0.484,0.0968
0.2,1,1,27.6643562276833,0.981963844168759,6.86,1,0.0231352053930855,3.1641356201817e-15,0.16595188966452,0.221248110335477,0.0466445836449532,0.0270202109619611,0.0967999999999998,0.483999999999997,0.0967999999999998,0.0231352053930855,0.0466445836449532,0.0270202109619611,0.484,0.0968
0.2,1,1,28.2787229573619,0.987145461573899,6.86,1,0.0236489892802222,1.16075752737421e-06,0.166827583005989,0.220371256236484,0.044918715528093,0.0282322951916848,0.0968,0.483998839242473,0.0968,0.0236489892802222,0.044918715528093,0.0282322951916848,0.484,0.0968
0.2,1,1,28.9035916824197,0.992262214232115,6.86,1,0.0241715557979083,1.16677417616451e-06,0.167692314205227,0.219506519020596,0.0438694585992362,0.0287589856028555,0.0968,0.483998833225824,0.0968,0.0241715557979083,0.0438694585992362,0.0287589856028555,0.484,0.0968
0.2,1,1,29.5389624028565,0.99237173318694,6.86,1,0.0241910201349261,9.9233875078264e-07,0.167710822908593,0.219488184752656,0.0438771377311989,0.0287318421338749,0.0968,0.483999007661249,0.0968,0.0241910201349261,0.0438771377311989,0.0287318421338749,0.484,0.0968
0.2,1,1,30.1848351186725,0.99237173318694,6.86,1,0.0241910201349261,9.9233875078264e-07,0.167710822908593,0.219488184752656,0.0438771377311989,0.0287318421338749,0.0968,0.483999007661249,0.0968,0.0241910201349261,0.0438771377311989,0.0287318421338749,0.484,0.0968
0.2,1,1,30.8412098298677,0.99237173318694,6.86,1,0.0241910201349261,9.9233875078264e-07,0.167710822908593,0.219488184752656,0.0438771377311989,0.0287318421338749,0.0968,0.483999007661249,0.0968,0.0241910201349261,0.0438771377311989,0.0287318421338749,0.484,0.0968
0.2,1,1,31.5080865364419,0.99237173318694,6.86,1,0.0241910201349261,9.9233875366922e-07,0.167710822908593,0.219488184752653,0.043877137731199,0.0287318421338749,0.0968,0.483999007661246,0.0968,0.0241910201349261,0.043877137731199,0.0287318421338749,0.484,0.0968
0.2,1,1,32.1854652383953,0.99237173318694,6.86,1,0.0241910201349261,9.9233875366922e-07,0.167710822908593,0.219488184752653,0.043877137731199,0.0287318421338749,0.0968,0.483999007661246,0.0968,0.0241910201349261,0.043877137731199,0.0287318421338749,0.484,0.0968
0.2,1,1,32.8733459357278,0.99237173318694,6.86,1,0.0241910201349261,9.9233875366922e-07,0.167710822908593,0.219488184752653,0.043877137731199,0.0287318421338749,0.0968,0.483999007661246,0.0968,0.0241910201349261,0.043877137731199,0.0287318421338749,0.484,0.0968
0.2,1,1,33.5717286284394,0.99237173318694,6.86,1,0.0241910201349261,9.9233875366922e-07,0.167710822908593,0.219488184752653,0.043877137731199,0.0287318421338749,0.0968,0.483999007661246,0.0968,0.0241910201349261,0.043877137731199,0.0287318421338749,0.484,0.0968
0.2,1,1,34.2806133165301,0.99237173318694,6.86,1,0.0241910201349261,9.9233875366922e-07,0.167710822908593,0.219488184752653,0.043877137731199,0.0287318421338749,0.0968,0.483999007661246,0.0968,0.0241910201349261,0.043877137731199,0.0287318421338749,0.484,0.0968
0.2,1,1,35,0.99237173318694,6.86,1,0.0241910201349261,9.9233875366922e-07,0.167710822908593,0.219488184752653,0.043877137731199,0.0287318421338749,0.0968,0.483999007661246,0.0968,0.0241910201349261,0.043877137731199,0.0287318421338749,0.484,0.0968
0.15,1,1,0.1,0,0,1,0,0,0,0,0,0,0,0,0,0,0,0,0.484,0.0726
0.15,1,1,0.43448275862069,0.0129932215545227,6.86,1,0.000363350145498247,0.414182758220009,0.00219585444271434,0.0566434870971087,0.0104891286533818,0.000125421441288087,0.0109779002401681,0.0698172417799912,0.0109779002401681,0.000363350145498247,0.0104891286533818,0.000125421441288087,0.484,0.0726
0.15,1,1,0.768965517241379,0.0434252033627173,6.86,1,0.000643072082905628,0.382769645060522,0.00733885936829922,0.0788386115687538,0.0139897622032396,0.000420049716279503,0.0150528840024247,0.101230354939478,0.0150528840024247,0.000643072082905628,0.0139897622032396,0.000420049716279503,0.484,0.0726
0.15,1,1,1.10344827586207,0.0738229010158057,6.86,1,0.000922794020313009,0.350838748424415,0.0124760702716712,0.10144573003983,0.0174859836709009,0.000830673572870291,0.0192394512640842,0.133161251575585,0.0192394512640842,0.000922794020313009,0.0174859836709009,0.000830673572870291,0.484,0.0726
0.15,1,1,1.43793103448276,0.104249726888643,6.86,1,0.00120251595772039,0.303200668517677,0.0176182038441808,0.139819496112376,0.0209860718117892,0.00117304375625664,0.0233616315257662,0.180799331482323,0.0233616315257662,0.00120251595772039,0.0209860718117892,0.00117304375625664,0.484,0.0726
0.15,1,1,1.77241379310345,0.134594282906697,6.86,1,0.00148223789512777,0.261675604298926,0.0227464338112317,0.172068041637373,0.0245132115444673,0.00151447081287468,0.0275099202524698,0.222324395701074,0.0275099202524698,0.00148223789512777,0.0245132115444673,0.00151447081287468,0.484,0.0726
0.15,1,1,2.10689655172414,0.164878191689037,6.86,1,0.00176195983253515,0.225980515874935,0.0278644143954473,0.198470915783735,0.0280669599301859,0.00185523418316188,0.0316841539458829,0.258019484125065,0.0316841539458829,0.00176195983253515,0.0280669599301859,0.00185523418316188,0.484,0.0726
0.15,1,1,2.44137931034483,0.195162100471359,6.86,1,0.00204168176994253,0.190215034866905,0.0329823949796597,0.224944094675313,0.0316208004337334,0.0021959932744471,0.0358584754781231,0.293784965133095,0.035858475478123,0.00204168176994253,0.0316208004337334,0.0021959932744471,0.484,0.0726
0.15,1,1,2.77586206896552,0.22544573837274,6.86,1,0.00232140370734991,0.154472262062947,0.038100329784993,0.25139450999546,0.0351747451315113,0.00253674931773942,0.0400328981566006,0.329527737937053,0.0400328981566006,0.00232140370734991,0.0351747451315113,0.00253674931773942,0.484,0.0726
0.15,1,1,3.11034482758621,0.255729589543754,6.86,1,0.0026011256447573,0.11871103511674,0.0432183006328944,0.277863423049612,0.0387286077952229,0.00287750776077358,0.0442072412007538,0.36528896488326,0.0442072412007537,0.0026011256447573,0.0387286077952229,0.00287750776077358,0.484,0.0726
0.15,1,1,3.4448275862069,0.286013563809689,6.86,1,0.00288084758216468,0.0828494887550663,0.0483362922838374,0.304432826367416,0.0422822621108331,0.00321828290068255,0.0483813925936803,0.401150511244934,0.0483813925936803,0.00288084758216468,0.0422822621108331,0.00321828290068255,0.484,0.0726
0.15,1,1,3.77931034482759,0.316298055987477,6.86,1,0.00316056951957206,0.0471007257028725,0.0534543714618837,0.330889241317846,0.0458360582479566,0.00355903374986897,0.0525556615173976,0.436899274297127,0.0525556615173976,0.00316056951957206,0.0458360582479566,0.00355903374986897,0.484,0.0726
0.15,1,1,4.11379310344828,0.34658124710208,6.86,1,0.00344029145697944,0.011388295563534,0.0585722307602514,0.357309242193249,0.0493901557653766,0.00389978426060942,0.0567302314829655,0.472611704436466,0.0567302314829655,0.00344029145697944,0.0493901557653766,0.00389978426060942,0.484,0.0726
0.15,1,1,4.44827586206897,0.376580603748046,6.86,1,0.00372001339438682,7.35279420796542e-05,0.0636421220334199,0.359273545983942,0.0530534491176646,0.0042373415285071,0.0610108040405586,0.48392647205792,0.0610108040405586,0.00372001339438682,0.0530534491176646,0.0042373415285071,0.484,0.0726
0.15,1,1,4.78275862068966,0.406448849127853,6.86,1,0.0039997353317942,-1.05054853705155e-12,0.0686898555026071,0.349969868934242,0.0567671071804914,0.00457343305191601,0.0653402755642016,0.484000000001051,0.0653402755642016,0.0039997353317942,0.0567671071804914,0.00457343305191601,0.484,0.0726
0.15,1,1,5.11724137931035,0.436316047120225,6.86,1,0.00427945726920158,8.51913789431391e-05,0.073737411963318,0.340507143200812,0.0604813024761124,0.00490949371161328,0.0696702534569273,0.483914808621057,0.0696702534569273,0.00427945726920158,0.0604813024761124,0.00490949371161328,0.484,0.0726
0.15,1,1,5.45172413793104,0.461738386973669,6.86,1,0.00455917920660896,5.13675641711231e-06,0.0780337873985501,0.333361075845033,0.0637217287860623,0.00431909200732872,0.0726,0.483994863243583,0.0726,0.00455917920660896,0.0637217287860623,0.00431909200732872,0.484,0.0726
0.15,1,1,5.78620689655172,0.471070730645249,6.86,1,0.00483890114401634,6.44713474395875e-06,0.079610953479047,0.331782599386209,0.0630742030991822,0.00468689575680146,0.0726,0.483993552865256,0.0726,0.00483890114401634,0.0630742030991822,0.00468689575680146,0.484,0.0726
0.15,1,1,6.12068965517241,0.48011107425117,6.86,1,0.00511862308142372,-2.93521043026601e-08,0.0811387715484478,0.330261252691307,0.0624861652619571,0.00499521676896941,0.0726000051123502,0.484000029352104,0.0726000051123502,0.00511862308142372,0.0624861652619571,0.00499521676896941,0.484,0.0726
0.15,1,1,6.4551724137931,0.489136861237098,6.86,1,0.0053983450188311,6.80892790028143e-06,0.0826641295490695,0.32872906152303,0.0618972139621382,0.00530444101903067,0.0726,0.4839931910721,0.0726,0.0053983450188311,0.0618972139621382,0.00530444101903067,0.484,0.0726
0.15,1,1,6.78965517241379,0.498157266839672,6.86,1,0.00567806695623848,-1.56097357262297e-13,0.0841885780959045,0.327211421904252,0.0613079704889856,0.00561396255477597,0.0726,0.484000000000156,0.0726,0.00567806695623848,0.0613079704889856,0.00561396255477597,0.484,0.0726
0.15,1,1,7.12413793103448,0.507176729931322,6.86,1,0.00595778889364586,4.5439291107563e-08,0.0857128673583934,0.325687081801763,0.0607186989065375,0.00592351760036914,0.0726000054005525,0.483999954560709,0.0726000054005525,0.00595778889364586,0.0607186989065375,0.00592351760036914,0.484,0.0726
0.15,1,1,7.45862068965517,0.516196664278436,6.86,1,0.00623751083105325,4.62473644380346e-08,0.0872372362630558,0.324162711992981,0.0601294280471871,0.00623306661835885,0.0726000054965992,0.483999953752636,0.0726000054965992,0.00623751083105325,0.0601294280471871,0.00623306661835885,0.484,0.0726
0.15,1,1,7.79310344827586,0.525216598625549,6.86,1,0.00651723276846063,7.3111685051086e-06,0.0887616051677179,0.322631083663777,0.0595401285580116,0.00654263867352779,0.0726,0.483992688831495,0.0726,0.00651723276846063,0.0595401285580116,0.00654263867352779,0.484,0.0726
0.15,1,1,8.12758620689655,0.534236532972661,6.86,1,0.00679695470586801,4.78635129863569e-08,0.0902859740723798,0.321113972375415,0.058950886328487,0.00685216465433746,0.0726000056886925,0.483999952136487,0.0726000056886924,0.00679695470586801,0.058950886328487,0.00685216465433746,0.484,0.0726
0.15,1,1,8.46206896551724,0.543256467319774,6.86,1,0.00707667664327539,7.56228866172215e-06,0.0918103429770418,0.319582094734297,0.0583615858559489,0.00716173750077564,0.0726,0.483992437711338,0.0726,0.00707667664327539,0.0583615858559489,0.00716173750077564,0.484,0.0726
0.15,1,1,8.79655172413793,0.552276401666887,6.86,1,0.00735639858068277,7.68784877336337e-06,0.0933347118817038,0.318057600269523,0.0577723145049171,0.00747128691440016,0.0726,0.483992312151227,0.0726,0.00735639858068277,0.0577723145049171,0.00747128691440016,0.484,0.0726
0.15,1,1,9.13103448275862,0.561296336013999,6.86,1,0.00763612051809015,7.81340899180805e-06,0.0948590807863658,0.316533105804642,0.0571830431538854,0.00778083632802447,0.0726,0.483992186591008,0.0726,0.00763612051809015,0.0571830431538854,0.00778083632802447,0.484,0.0726
0.15,1,1,9.46551724137931,0.570316270361112,6.86,1,0.00791584245549753,-2.87940447041279e-08,0.0963834496910279,0.315016579103017,0.0565938007463099,0.0080903567981925,0.0726,0.484000028794045,0.0726,0.00791584245549753,0.0565938007463099,0.0080903567981925,0.484,0.0726
0.15,1,1,9.8,0.579336204708225,6.86,1,0.00819556439290491,8.06452921847667e-06,0.09790781859569,0.313484116875092,0.0560045004518222,0.00839993515527291,0.0726,0.483991935470782,0.0726,0.00819556439290491,0.0560045004518222,0.00839993515527291,0.484,0.0726
0.15,1,1,10,0.584729567513714,6.86,1,0.00836282080908664,-2.95218351986648e-08,0.0988192969098177,0.312580732612017,0.0556521823086086,0.0085849968823048,0.0726,0.484000029521835,0.0726,0.00836282080908664,0.0556521823086086,0.0085849968823048,0.484,0.0726
0.15,1,1,10.0052509976896,0.584871170191868,6.86,1,0.00836721212436132,-2.95289561691447e-08,0.0988432277624256,0.312556801766531,0.0556429314278998,0.00858985644773885,0.0726,0.484000029528956,0.0726,0.00836721212436132,0.0556429314278998,0.00858985644773885,0.484,0.0726
0.15,1,1,10.0210039907582,0.585295978226324,6.86,1,0.00838038607018534,-2.95504081204712e-08,0.0989150203202487,0.31248500923016,0.055615178785774,0.00860443514404064,0.0726,0.484000029550408,0.0725999999999999,0.00838038607018534,0.055615178785774,0.00860443514404064,0.484,0.0726
0.15,1,1,10.047258979206,0.586003991617088,6.86,1,0.0084023426465587,-2.95860835830553e-08,0.0990346745832879,0.312365355002796,0.0555689243822306,0.00862873297121071,0.0726,0.484000029586084,0.0726,0.0084023426465587,0.0555689243822306,0.00862873297121071,0.484,0.0726
0.15,1,1,10.084015963033,0.586995210364161,6.86,1,0.00843308185348141,-2.96362286933416e-08,0.0992021905515433,0.312197839084685,0.0555041682172706,0.00866274992924798,0.0726,0.484000029636229,0.0726,0.00843308185348141,0.0555041682172706,0.00866274992924798,0.484,0.0726
0.15,1,1,10.131274942239,0.588269634467538,6.86,1,0.00847260369095346,-2.97005465776934e-08,0.099417568225014,0.311982461475532,0.0554209102908927,0.00870648601815386,0.0726,0.484000029700547,0.0726000000000001,0.00847260369095346,0.0554209102908927,0.00870648601815386,0.484,0.0726
0.15,1,1,10.1890359168242,0.58982726392722,6.86,1,0.00852090815897486,-2.97791749592768e-08,0.0996808076037002,0.311719222175475,0.0553191506030977,0.00875994123792744,0.0725999999999999,0.484000029779175,0.0726,0.00852090815897486,0.0553191506030977,0.00875994123792744,0.484,0.0726
0.15,1,1,10.2572988867885,0.591668098743208,6.86,1,0.00857799525754561,-2.98720119196183e-08,0.0999919086876022,0.31140812118441,0.0551988891538852,0.00882311558856916,0.0725999999999999,0.484000029872012,0.0726,0.00857799525754561,0.0551988891538852,0.00882311558856916,0.484,0.0726
0.15,1,1,10.3360638521319,0.59377999332591,6.86,1,0.0086438649866657,9.2191050515833e-06,0.100348818872079,0.311041962022869,0.0550739870065065,0.00888214800682793,0.0726000000000001,0.483990780894948,0.0726000000000001,0.0086438649866657,0.0550739870065065,0.00888214800682793,0.484,0.0726
0.15,1,1,10.4253308128544,0.596113993690614,6.86,1,0.00871851734633513,9.22794761226697e-06,0.100743264933714,0.310647507118674,0.0549926958764639,0.00888878677720097,0.0726,0.483990772052388,0.0725999999999999,0.00871851734633513,0.0549926958764639,0.00888878677720097,0.484,0.0726
0.15,1,1,10.5250997689561,0.598721319838435,6.86,1,0.00880195233655391,-3.02281898401091e-08,0.101183903052696,0.310216127175494,0.0549016725166905,0.0088963751467554,0.0725999999999998,0.48400003022819,0.0725999999999998,0.00880195233655391,0.0549016725166905,0.0088963751467554,0.484,0.0726
0.15,1,1,10.6353707204369,0.601504930947833,6.86,1,0.00889416995732204,-3.03686132907544e-08,0.101654333330184,0.30974569703843,0.0547540779572478,0.00895175208542985,0.0725999999999997,0.484000030368613,0.0725999999999997,0.00889416995732204,0.0547540779572478,0.00895175208542985,0.484,0.0726
0.15,1,1,10.7561436672968,0.604329663164646,6.86,1,0.00899517020863951,8.47465294756544e-06,0.102131713074825,0.309259812272227,0.0544801347256008,0.00912469506575976,0.0726,0.483991525347052,0.0726,0.00899517020863951,0.0544801347256008,0.00912469506575976,0.484,0.0726
0.15,1,1,10.8874186095358,0.607400024269876,6.86,1,0.00910495309050633,8.51770934773288e-06,0.102650604101609,0.308740878189043,0.0541825054484118,0.00931254146108192,0.0726,0.483991482290652,0.0726,0.00910495309050633,0.0541825054484118,0.00931254146108192,0.484,0.0726
0.15,1,1,11.029195547154,0.61071601426352,6.86,1,0.00922351860292249,-3.08337788634816e-08,0.103211006410535,0.308189024423244,0.0538611920290875,0.00951528936799,0.0726,0.484000030833779,0.0726,0.00922351860292249,0.0538611920290875,0.00951528936799,0.484,0.0726
0.15,1,1,11.1814744801512,0.614277633145585,6.86,1,0.009350866745888,8.61415567821044e-06,0.103812920001604,0.307578465842718,0.0535158158675084,0.00973331738660367,0.0726000000000001,0.483991385844322,0.0726,0.009350866745888,0.0535158158675084,0.00973331738660367,0.484,0.0726
0.15,1,1,11.3442554085276,0.618084880916073,6.86,1,0.00948699751940285,8.66754552913962e-06,0.104456344874816,0.306934987579654,0.0531467555637953,0.00996624691680189,0.0726,0.483991332454471,0.0726,0.00948699751940285,0.0531467555637953,0.00996624691680189,0.484,0.0726
0.15,1,1,11.5175383322831,0.622137757574974,6.86,1,0.00963191092346705,-3.1410471668103e-08,0.105141281030171,0.306258750380301,0.0527540134781665,0.0102140755983665,0.0726,0.484000031410472,0.0726,0.00963191092346705,0.0527540134781665,0.0102140755983665,0.484,0.0726
0.15,1,1,11.7013232514178,0.626436263122294,6.86,1,0.00978560695808059,-3.16274178513432e-08,0.105867728467668,0.30553230315975,0.0523373333783565,0.010477059663563,0.0726000000000001,0.484000031627418,0.0726000000000001,0.00978560695808059,0.0523373333783565,0.010477059663563,0.484,0.0726
0.15,1,1,11.8956101659315,0.630980397558032,6.86,1,0.00994808562324348,8.84838222947604e-06,0.106635687187307,0.304755464430463,0.0518967125996037,0.0107552017771525,0.0725999999999997,0.483991151617771,0.0725999999999997,0.00994808562324348,0.0518967125996037,0.0107552017771525,0.484,0.0726
0.15,1,1,12.1003990758244,0.635763658938055,6.86,1,0.0101193469189557,-3.20984007151637e-08,0.107444058360531,0.303955973737869,0.0514342643386303,0.011046388742414,0.0726,0.484000032098401,0.0726,0.0101193469189557,0.0514342643386303,0.011046388742414,0.484,0.0726
0.15,1,1,12.3156899810964,0.640545992107696,6.86,1,0.0102993908452173,-3.23398423041077e-08,0.108252272666201,0.303147759673641,0.0510131758279299,0.0112874333268528,0.0726,0.484000032339842,0.0726,0.0102993908452173,0.0510131758279299,0.0112874333268528,0.484,0.0726
0.15,1,1,12.5414828817475,0.645561609822194,6.86,1,0.0104882174020282,8.6759391522695e-06,0.109099912059951,0.302291412000897,0.0505714255138813,0.0115403570840905,0.0726,0.483991324060848,0.0726,0.0104882174020282,0.0505714255138813,0.0115403570840905,0.484,0.0726
0.15,1,1,12.7777777777778,0.650628959971847,6.86,1,0.0106858265893885,-3.28488499734547e-08,0.109956294235242,0.301443738613608,0.050133403928077,0.0117807694825345,0.0726,0.48400003284885,0.0726,0.0106858265893885,0.050133403928077,0.0117807694825345,0.484,0.0726
0.15,1,1,13.0245746691871,0.655588723353147,6.86,1,0.0108922184072981,3.29988906799805e-06,0.110794494246682,0.30060220586425,0.0497177054993415,0.0119900760933604,0.0726,0.483996700110932,0.0726,0.0108922184072981,0.0497177054993415,0.0119900760933604,0.484,0.0726
0.15,1,1,13.2818735559756,0.66069063739106,6.86,1,0.0111073928557571,-3.33568489496727e-08,0.111656717719089,0.29974331563776,0.0492801241700561,0.0122124829741868,0.0726,0.484000033356849,0.0726,0.0111073928557571,0.0492801241700561,0.0122124829741868,0.484,0.0726
0.15,1,1,13.5496744381432,0.666000792818288,6.86,1,0.0113313499347654,3.35229798242853e-06,0.112554133986291,0.298842513715727,0.0488246766054627,0.0124439734597719,0.0726,0.483996647702018,0.0726,0.0113313499347654,0.0488246766054627,0.0124439734597719,0.484,0.0726
0.15,1,1,13.82797731569,0.671519907575888,6.86,1,0.011564089644323,-3.41398188963282e-06,0.113486864380325,0.297916549601564,0.0483513780374848,0.0126845323181921,0.0726,0.48400341398189,0.0726,0.011564089644323,0.0483513780374848,0.0126845323181921,0.484,0.0726
0.15,1,1,14.1167821886158,0.677245827840641,6.86,1,0.01180561198443,-3.41926894575906e-08,0.114454544905068,0.296945489287621,0.0478602082996689,0.0129341797159011,0.0726,0.484000034192689,0.0726,0.01180561198443,0.0478602082996689,0.0129341797159011,0.484,0.0726
0.15,1,1,14.4160890569208,0.683180707435775,6.86,1,0.0120559169550864,3.43877259612047e-06,0.115457539556646,0.295939021670758,0.0473511789305626,0.013192904114351,0.0726,0.483996561227404,0.0726,0.0120559169550864,0.0473511789305626,0.013192904114351,0.484,0.0726
0.15,1,1,14.7258979206049,0.68932382842021,6.86,1,0.0123150045562921,3.46969387216012e-06,0.116495727003016,0.294900803303112,0.0468242918831741,0.0134607035605338,0.0726,0.483996530306128,0.0726,0.0123150045562921,0.0468242918831741,0.0134607035605338,0.484,0.0726
0.15,1,1,15.0462087796681,0.695675190793948,6.86,1,0.0125828747880471,3.50166328666468e-06,0.117569107244177,0.293827391092536,0.0462795442579081,0.0137375809540449,0.0726,0.483996498336713,0.0726,0.0125828747880471,0.0462795442579081,0.0137375809540449,0.484,0.0726
0.15,1,1,15.3770216341105,0.702234794556988,6.86,1,0.0128595276503515,3.5346809255099e-06,0.118677680280131,0.292718785038943,0.0457169360547643,0.0140235362948842,0.0726,0.483996465319074,0.0726,0.0128595276503515,0.0457169360547643,0.0140235362948842,0.484,0.0726
0.15,1,1,15.7183364839319,0.709002639709332,6.86,1,0.0131449631432052,3.56874666773699e-06,0.119821446110877,0.291574985142455,0.0451364672737432,0.0143185695830517,0.0726000000000001,0.483996431253332,0.0726000000000001,0.0131449631432052,0.0451364672737432,0.0143185695830517,0.484,0.0726
0.15,1,1,16.0701533291325,0.715978726250974,6.86,1,0.0134391812666083,-3.61482274113811e-08,0.121000404736415,0.290399631411813,0.0445381409802727,0.014622677753119,0.0726,0.484000036148227,0.0726,0.0134391812666083,0.0445381409802727,0.014622677753119,0.484,0.0726
0.15,1,1,16.4324721697122,0.723163054181923,6.86,1,0.0137421820205607,3.64002274466646e-06,0.122214556156745,0.28918180382051,0.0439219479780679,0.0149358700013714,0.0726,0.483996359977255,0.0726,0.0137421820205607,0.0439219479780679,0.0149358700013714,0.484,0.0726
0.15,1,1,16.8052930056711,0.730555623502175,6.86,1,0.0140539654050624,3.6772330637147e-06,0.123463900371868,0.287932422395069,0.0432878974634139,0.0152581371315236,0.0726,0.483996322766936,0.0726,0.0140539654050624,0.0432878974634139,0.0152581371315236,0.484,0.0726
0.15,1,1,17.188615837009,0.73815643421173,6.86,1,0.0143745314201135,3.71549149746908e-06,0.124748437381782,0.28664784712672,0.0426359863708823,0.0155894822090041,0.0726,0.483996284508503,0.0725999999999999,0.0143745314201135,0.0426359863708823,0.0155894822090041,0.484,0.0726
0.15,1,1,17.5824406637261,0.745965486310588,6.86,1,0.014703880065714,3.75479819691993e-06,0.126068167186489,0.285328078015314,0.0419662147004731,0.0159299052338129,0.0725999999999999,0.483996245201803,0.0726,0.014703880065714,0.0419662147004731,0.0159299052338129,0.484,0.0726
0.15,1,1,17.9867674858223,0.753982779798749,6.86,1,0.0150420113418638,3.79515307846745e-06,0.127423089785989,0.283973115060933,0.0412785824521866,0.0162794062059496,0.0726,0.483996204846922,0.0726,0.0150420113418638,0.0412785824521866,0.0162794062059496,0.484,0.0726
0.15,1,1,18.4015963032976,0.762208314676212,6.86,1,0.0153889252485629,3.83655609481615e-06,0.12881320518028,0.282582958263625,0.0405730896260223,0.0166379851254147,0.0725999999999999,0.483996163443905,0.0725999999999999,0.0153889252485629,0.0405730896260223,0.0166379851254147,0.484,0.0726
0.15,1,1,18.8269271161521,0.770642090942978,6.86,1,0.0157446217858114,3.87900731180224e-06,0.130238513369363,0.281157607623325,0.0398497362219803,0.0170056419922082,0.0726,0.483996120992688,0.0725999999999999,0.0157446217858114,0.0398497362219803,0.0170056419922082,0.484,0.0726
0.15,1,1,19.2627599243856,0.779284941754798,6.86,1,0.0161091009536092,-3.8746783559418e-14,0.131699155156561,0.279700844843478,0.0391085267319256,0.0173823723144651,0.0726,0.484000000000039,0.0726,0.0161091009536092,0.0391085267319256,0.0173823723144651,0.484,0.0726
0.15,1,1,19.7090947279983,0.788101756197753,6.86,1,0.0164823627519564,3.89785242571605e-06,0.13318919679742,0.278206905350154,0.0383476901031678,0.0177699471448758,0.0726,0.483996102147574,0.0726,0.0164823627519564,0.0383476901031678,0.0177699471448758,0.484,0.0726
0.15,1,1,20.1659315269901,0.797094023659093,6.86,1,0.0168644071808529,3.94232709294284e-06,0.134708889998387,0.27668716767452,0.0375682453246213,0.0181673474945258,0.0726,0.483996057672907,0.0726,0.0168644071808529,0.0375682453246213,0.0181673474945258,0.484,0.0726
0.15,1,1,20.6332703213611,0.806293009912644,6.86,1,0.0172552342402988,3.98782410121479e-06,0.136263518675237,0.275132493500662,0.0367708822753035,0.0185738834843977,0.0726,0.483996012175899,0.0726,0.0172552342402988,0.0367708822753035,0.0185738834843977,0.484,0.0726
0.15,1,1,21.1111111111111,0.815678943296928,6.86,1,0.017654843930294,3.88433438602842e-06,0.137849741417181,0.273546374248433,0.0359554637728873,0.0189896922968186,0.0726,0.483996115665614,0.0726,0.017654843930294,0.0359554637728873,0.0189896922968186,0.484,0.0726
0.15,1,1,21.5994538962403,0.82522488016094,6.86,1,0.0180632362508386,1.13156073400233e-09,0.139463004747199,0.27193699412124,0.0351219052338763,0.0194148585152851,0.0726,0.483999998868439,0.0726,0.0180632362508386,0.0351219052338763,0.0194148585152851,0.484,0.0726
0.15,1,1,22.0982986767486,0.83497429289435,6.86,1,0.0184804112019325,3.97507565730315e-06,0.141110655499145,0.270285369425198,0.0342704109261028,0.0198491778719647,0.0726,0.483996024924343,0.0726,0.0184804112019325,0.0342704109261028,0.0198491778719647,0.484,0.0726
0.15,1,1,22.607645452636,0.842837487914657,6.86,1,0.0189063687835757,3.73705614808983e-06,0.142439535457577,0.268956727486275,0.0331985200413048,0.0204951111751194,0.0725999999999999,0.483996262943852,0.0725999999999999,0.0189063687835757,0.0331985200413048,0.0204951111751194,0.484,0.0726
0.15,1,1,23.1274942239025,0.848759704833556,6.86,1,0.0193411089957683,-6.28386231937839e-14,0.143440390116871,0.267959609883192,0.0322498482180255,0.0210090427862062,0.0726000000000001,0.484000000000063,0.0726000000000001,0.0193411089957683,0.0322498482180255,0.0210090427862062,0.484,0.0726
0.15,1,1,23.6578449905482,0.854799941284896,6.86,1,0.0197846318385103,3.78892431329714e-06,0.144461190077147,0.266935020998539,0.0312820039016467,0.021533364259843,0.0726,0.483996211075687,0.0726,0.0197846318385103,0.0312820039016467,0.021533364259843,0.484,0.0726
0.15,1,1,24.198697752573,0.860960601165171,6.86,1,0.0202369373118016,3.83254127966914e-06,0.145502341596914,0.265893825861806,0.0302949980732531,0.0220680646149455,0.0726000000000002,0.48399616745872,0.0726000000000002,0.0202369373118016,0.0302949980732531,0.0220680646149455,0.484,0.0726
0.15,1,1,24.7500525099769,0.867240889029766,6.86,1,0.0206980254156422,3.86049777179043e-06,0.14656371024603,0.264832429256198,0.029288827099225,0.0226131474851328,0.0726,0.483996139502228,0.0726,0.0206980254156422,0.029288827099225,0.0226131474851328,0.484,0.0726
0.15,1,1,25.3119092627599,0.873640804954805,6.86,1,0.0211678961500322,3.87243696298167e-06,0.147645296037362,0.263750831525675,0.0282634909799109,0.0231686128700569,0.0726,0.483996127563037,0.0726,0.0211678961500322,0.0282634909799109,0.0231686128700569,0.484,0.0726
0.15,1,1,25.8842680109221,0.880160341907244,6.86,1,0.0216465495149715,3.9013349723005e-06,0.148747097782324,0.262649000882703,0.0272189896831834,0.0237344608018452,0.0726,0.483996098665028,0.0726,0.0216465495149715,0.0272189896831834,0.0237344608018452,0.484,0.0726
0.15,1,1,26.4671287544633,0.886799503390925,6.86,1,0.0221339855104602,3.93076327209751e-06,0.149869116073066,0.261526953163661,0.0261553232250481,0.0243106912644919,0.0726000000000001,0.483996069236728,0.0726000000000001,0.0221339855104602,0.0261553232250481,0.0243106912644919,0.484,0.0726
0.15,1,1,27.0604914933837,0.893558289405843,6.86,1,0.0226302041364982,3.96072172093032e-06,0.151011350909588,0.260384688368691,0.0250724916055051,0.0248973042579969,0.0726000000000001,0.483996039278279,0.0726000000000001,0.0226302041364982,0.0250724916055051,0.0248973042579969,0.484,0.0726
0.15,1,1,27.6643562276833,0.900402040675473,6.86,1,0.0231352053930855,4.14640223184159e-06,0.152167944874155,0.259227908723613,0.023973113460847,0.0254916811460675,0.0726,0.483995853597768,0.0726,0.0231352053930855,0.023973113460847,0.0254916811460675,0.484,0.0726
0.15,1,1,28.2787229573619,0.906195218895111,6.86,1,0.0236489892802222,1.24251514632689e-09,0.153146991993274,0.258253006764211,0.0233604083808564,0.0255906023389214,0.0726000000000001,0.483999998757485,0.0726000000000001,0.0236489892802222,0.0233604083808564,0.0255906023389214,0.484,0.0726
0.15,1,1,28.9035916824197,0.912085344764898,6.86,1,0.0241715557979083,4.16634842614894e-06,0.154142423265268,0.257253410386306,0.0227365540944487,0.025691890107643,0.0726,0.483995833651574,0.0726,0.0241715557979083,0.0227365540944487,0.025691890107643,0.484,0.0726
0.15,1,1,29.5389624028565,0.918075315583964,6.86,1,0.0247029049461437,4.18800701396105e-06,0.15515472833369,0.256241083659296,0.0221022367698349,0.0257948582840215,0.0726000000000001,0.483995811992986,0.0726000000000001,0.0247029049461437,0.0221022367698349,0.0257948582840215,0.484,0.0726
0.15,1,1,30.1848351186725,0.922914431394489,6.86,1,0.0252430367249284,1.9616423351243e-06,0.155972538905669,0.255425499451996,0.0208541549614478,0.0265028083136239,0.0726000000000001,0.483998038357665,0.0726000000000001,0.0252430367249284,0.0208541549614478,0.0265028083136239,0.484,0.0726
0.15,1,1,30.8412098298677,0.927088672487494,6.86,1,0.0257919511342625,1.71762456530056e-06,0.156677985650386,0.254720296725048,0.0200514335228149,0.0267566153429226,0.0726,0.483998282375435,0.0726,0.0257919511342625,0.0200514335228149,0.0267566153429226,0.484,0.0726
0.15,1,1,31.5080865364419,0.931132992725175,6.86,1,0.0263496481741459,2.27040608535845e-14,0.157361475770555,0.254038524229423,0.0194463960828324,0.0268039557430216,0.0726,0.483999999999977,0.0725999999999999,0.0263496481741459,0.0194463960828324,0.0268039557430216,0.484,0.0726
0.15,1,1,32.1854652383953,0.935239931263873,6.86,1,0.0269161278445787,1.28241917085603e-09,0.158055548383595,0.253344450333986,0.0188318430398237,0.0268520291155976,0.0726,0.483999998717581,0.0726,0.0269161278445787,0.0188318430398237,0.0268520291155976,0.484,0.0726
0.15,1,1,32.8733459357278,0.939409533413891,6.86,1,0.0274913901455608,1.64766025884111e-06,0.158760211146948,0.252638141192794,0.0182077738634122,0.0269008359910269,0.0726,0.483998352339741,0.0726,0.0274913901455608,0.0182077738634122,0.0269008359910269,0.484,0.0726
0.15,1,1,33.5717286284394,0.943644830342411,6.86,1,0.0280754350770923,1.29394572834229e-09,0.159475976327867,0.251924022378187,0.0175741530725645,0.0269504118503433,0.0726,0.483999998706054,0.0726,0.0280754350770923,0.0175741530725645,0.0269504118503433,0.484,0.0726
0.15,1,1,34.2806133165301,0.947714828936807,6.86,1,0.0286682626391731,1.29953775518388e-09,0.16016380609032,0.251236192610142,0.0169336845348594,0.0269980528259675,0.0726,0.483999998700462,0.0726,0.0286682626391731,0.0169336845348594,0.0269980528259675,0.484,0.0726
0.15,1,1,35,0.950318796827876,6.86,1,0.0292698728318033,1.33354525810869e-06,0.160603876663911,0.250794789790831,0.0160526873097,0.0272774398584968,0.0726,0.483998666454742,0.0726,0.0292698728318033,0.0160526873097,0.0272774398584968,0.484,0.0726
