iteration,gamma,acetate_threshold,max_growth_rate
1,1.0,0.7437619495281866,1.001902227038546
2,1.0,0.7447651731946795,1.0092250578119448
3,1.0,0.748249038608754,1.020690156486106
4,1.0,0.7451497691619229,1.0112171238965768
5,1.0,0.7437798022162966,1.0009630266919844
6,1.0,0.7430773508452324,0.9864757031023496
7,1.0,0.7448582884347937,0.9982609343218907
8,1.0,0.7457810224620435,1.0005342454908988
9,1.0,0.7422848794602975,0.9936965391120334
10,1.0,0.7443618360550225,0.9980990571333296
11,1.0,0.7440437333133639,1.0032967672220676
12,1.0,0.746789406735382,1.009654089790037
13,1.0,0.745820056041487,0.9957120591887582
14,1.0,0.7434231626753002,0.9907071993382169
15,1.0,0.7458818819164744,1.0005820453002465
16,1.0,0.7421194358805271,0.9911172650125276
17,1.0,0.7459180909998412,1.0043676991238941
18,1.0,0.7431644562779188,0.9929255180925902
19,1.0,0.7462265734540047,1.0051458043858559
20,1.0,0.7456917648012337,1.0024749034445004
21,1.0,0.7463664166933154,1.0093001442342826
22,1.0,0.7447506016138629,0.9986657290548188
23,1.0,0.7457044410237403,1.0050414308005722
24,1.0,0.7463345120073692,1.0043903521453814
25,1.0,0.7424268582042266,0.9863204849859502
26,1.0,0.7461475228711776,1.0154093181498216
27,1.0,0.7461349364301098,1.0082142889282528
28,1.0,0.7444821667675874,1.002627742182301
29,1.0,0.7459424997293211,1.000743381187225
30,1.0,0.745495245921673,0.9943270066895692
31,1.0,0.7451036156238989,0.9945555208867272
32,1.0,0.7437486987368611,0.9998250905043033
33,1.0,0.7471997771174436,1.0139118447037296
34,1.0,0.7437246901741034,0.9965365637743996
35,1.0,0.7441536004360957,0.9860961552663777
36,1.0,0.7447894881382203,0.9983614101056325
37,1.0,0.7460623000387672,1.000859761387154
38,1.0,0.7429929201133534,0.9996588339985291
39,1.0,0.7464544229951299,1.0141399594518021
40,1.0,0.7471212929267329,1.0123230838569808
41,1.0,0.7453861885262346,1.0044428922395194
42,1.0,0.7472577489443003,1.0105137111133595
43,1.0,0.7458501499187385,1.0110901282759082
44,1.0,0.746615457424711,1.0031637342904183
45,1.0,0.7450771066184426,0.9982486883849213
46,1.0,0.7429268351850353,0.9871484828312155
47,1.0,0.7468524833084587,1.0122505868297667
48,1.0,0.7474718939957216,1.014045253792603
49,1.0,0.7441733377052895,0.9954627893699517
50,1.0,0.7438679684177003,0.9984982775900523
51,1.0,0.7454396321973308,0.9989142776357657
52,1.0,0.7479717763166647,1.0237611752997413
53,1.0,0.7481666526759118,1.0127837227935785
54,1.0,0.7477398941779303,1.011242335960369
55,1.0,0.7426237694858983,0.9773849369800378
56,1.0,0.7440869536159584,0.9893776488333152
57,1.0,0.7445074137363679,0.9964996592569548
58,1.0,0.7454900355001707,1.0070462141600933
59,1.0,0.742768088933384,0.9871941667343133
60,1.0,0.7415196161028448,0.9878794898598733
61,1.0,0.7452464090196252,1.0076830782180486
62,1.0,0.7458505198877439,1.0083959555292596
63,1.0,0.7431042555247177,0.9862706348812975
64,1.0,0.7438102907572789,0.9944003958963457
65,1.0,0.7453558670724639,0.9978285128380147
66,1.0,0.7474074805823602,1.0174210952919684
67,1.0,0.7452819781862459,1.0079053376371734
68,1.0,0.7434322474714226,0.9916178676650435
69,1.0,0.7438911432627506,1.0013206318456782
70,1.0,0.7446599681275844,0.9842453438210779
71,1.0,0.7439520511568796,0.990976825438296
72,1.0,0.7467339167094148,1.0039449794681106
73,1.0,0.7452811424523793,0.9991941377157142
74,1.0,0.7464006521341274,1.011224256056486
75,1.0,0.7460881961523582,1.0083716797482094
76,1.0,0.7425926742521225,0.9841878128781488
77,1.0,0.744455797699517,0.986162186772206
78,1.0,0.7452255732542264,1.0030228108798165
79,1.0,0.7454896389230848,1.0095845189535584
80,1.0,0.7489378389774842,1.0305574955791943
81,1.0,0.7464977190034278,1.013796056700867
82,1.0,0.7462668530903555,1.0061082198304736
83,1.0,0.7441606128667048,1.0022016014285353
84,1.0,0.7454771355126469,1.0024056835341448
85,1.0,0.744568711249123,0.9916543873461724
86,1.0,0.7432238868423153,0.9958324077446028
87,1.0,0.7484205042745714,1.0246035196849064
88,1.0,0.743874619786095,0.9917539873666068
89,1.0,0.7445117853973089,0.9924889949680807
90,1.0,0.7403382312757281,0.9854748189952437
91,1.0,0.7473253053056224,1.0162106502754202
92,1.0,0.7431339138174812,0.9981799007341503
93,1.0,0.7468386040718672,1.006014300764259
94,1.0,0.7456482614960817,1.0012440787916876
95,1.0,0.74490128945061,0.9993351112210337
96,1.0,0.7434195544187301,0.9909635860660959
97,1.0,0.7456624435440143,1.0038584801985326
98,1.0,0.7427834782434783,0.9911098244023455
99,1.0,0.7436922259956698,0.991198530359429
100,1.0,0.7464339220303694,1.0037940665745342
101,1.0,0.742859495490009,0.9846065888627181
102,1.0,0.742307693934876,0.9929679426745996
103,1.0,0.7470449250467986,1.0138095839463848
104,1.0,0.747522148972767,1.017470915597216
105,1.0,0.7430408596158614,0.9912495979105784
106,1.0,0.7441668831983391,0.9815542430044293
107,1.0,0.7442023398757521,0.9820424927128734
108,1.0,0.7417129002691143,0.9828806086753956
109,1.0,0.7458072690924716,1.0009144172127726
110,1.0,0.7448917109682942,0.9991164696824861
111,1.0,0.745565310715422,1.0116938075086275
112,1.0,0.7468153331716268,1.0130961101666816
113,1.0,0.747242305827237,1.0156820432378268
114,1.0,0.7412985116544156,0.989422238770664
115,1.0,0.7419381920467143,0.9860441460694577
116,1.0,0.7464954233430993,1.0002701360547501
117,1.0,0.745969977903742,0.99764974612638
118,1.0,0.7461522650380368,1.003897591762259
119,1.0,0.7438014389126141,0.9923960216067087
120,1.0,0.7455984651498746,1.0114660162173021
121,1.0,0.7445599761218258,0.9922346729787032
122,1.0,0.7413880519819296,0.9804916255275729
123,1.0,0.7481743333112536,1.0146688488582003
124,1.0,0.7445466974681874,0.9937436136326292
125,1.0,0.7452837024833563,1.0030880549247365
126,1.0,0.7463180146731817,1.0068312214350934
127,1.0,0.7443635356413312,1.0016491545586237
128,1.0,0.7438231319297024,0.9964971314032188
129,1.0,0.746345493161843,1.001818765659
130,1.0,0.7437531924469633,0.9997027378569491
131,1.0,0.7490113955983106,1.0218927502260666
132,1.0,0.743789770186941,0.991654775453398
133,1.0,0.7437637652256962,0.9973899492798721
134,1.0,0.7466958100102702,1.0160228645867715
135,1.0,0.7474178076677481,1.0073163095634543
136,1.0,0.7422351151792582,0.9884576385912983
137,1.0,0.7427615458741915,0.987175775820524
138,1.0,0.7450415403167957,1.0047944668216422
139,1.0,0.747225100436956,1.0122352451756693
140,1.0,0.7457300554020527,1.0000016330110866
141,1.0,0.7439653085313906,0.995985851290647
142,1.0,0.7417293387395477,0.9836212298282417
143,1.0,0.7418306449760804,0.9849113676622162
144,1.0,0.7438334021351319,0.9948117115874127
145,1.0,0.7443624519377386,0.9975086548592165
146,1.0,0.7461558384223141,1.00851262728849
147,1.0,0.7447054770836538,0.9895423892621114
148,1.0,0.744019852893392,0.9960877112128667
149,1.0,0.7472403655890437,1.0153178346716232
150,1.0,0.7411492733247986,0.9734324619613378
151,1.0,0.7445886992453068,0.996840377948192
152,1.0,0.7484643505996338,1.0124217644214775
153,1.0,0.7448811345588445,0.9946803942083622
154,1.0,0.7455559920109986,1.0022779749374744
155,1.0,0.7466673011519381,0.9974340399767617
156,1.0,0.743911496749053,0.9980006398987176
157,1.0,0.7464612330716247,1.0134467026479346
158,1.0,0.7450703345607922,0.9958319640368403
159,1.0,0.7441497847021814,0.9945747337831714
160,1.0,0.7423249109350553,0.9928503941257346
161,1.0,0.742064920368249,0.9798395628867416
162,1.0,0.7449303613145614,0.9925730601809168
163,1.0,0.7435043631895177,0.9908515041687708
164,1.0,0.745704699788874,1.0012632220003195
165,1.0,0.7454911810335005,0.9967397100525054
166,1.0,0.7447505623534695,0.9985471588876774
167,1.0,0.7452413406071152,1.0052556466359133
168,1.0,0.7452976333622731,1.002884383401674
169,1.0,0.7446571622172103,0.9867727206681335
170,1.0,0.7450953793719435,1.0026855121487757
171,1.0,0.7453227116823323,1.0091401658831975
172,1.0,0.7432829414731734,0.9999055186801697
173,1.0,0.747041870777447,1.0059201826815845
174,1.0,0.7462068733176489,1.0013731926732106
175,1.0,0.7441741606395292,1.007480459485005
176,1.0,0.7451264500700173,1.0017346351019356
177,1.0,0.746311954989676,1.007904930591746
178,1.0,0.745771027214248,0.9983231682691494
179,1.0,0.7449944351643586,0.9945460301862146
180,1.0,0.7418083065101351,0.9961738162152254
181,1.0,0.7449880342786651,0.997043790985353
182,1.0,0.7434946568933418,0.9987256525710475
183,1.0,0.7423324986584832,0.9861469385196597
184,1.0,0.744894954345438,1.0017195040262894
185,1.0,0.7472784285320135,1.0135678535982355
186,1.0,0.742115083649694,0.9854372051857185
187,1.0,0.7452006729317355,1.0020463265673767
188,1.0,0.7452774845009336,0.9977590541438925
189,1.0,0.7407196867386261,0.9880673002279999
190,1.0,0.7452489257960528,0.9963225065538489
191,1.0,0.7452976517982889,1.0053863201943039
192,1.0,0.7454328023628604,1.0016856043088713
193,1.0,0.7448121061752778,0.9975990292331713
194,1.0,0.7444590814511433,0.9940542907109504
195,1.0,0.7405754208859576,0.9783374469743881
196,1.0,0.7476866941178101,1.0003734140437033
197,1.0,0.7454183844988787,0.9976241761552908
198,1.0,0.7461100649516577,1.0140921372404568
199,1.0,0.7455694587036309,0.9976742393567557
200,1.0,0.743708966130298,0.9865943443766259
201,1.0,0.7449962815032038,1.0017574019028255
202,1.0,0.7446144171017552,0.9978268896862011
203,1.0,0.7453014243718621,1.0053574266312046
204,1.0,0.7462667302982164,0.9935833009550104
205,1.0,0.7436202139029352,0.9937371532690098
206,1.0,0.7434090278081003,0.9944837380443738
207,1.0,0.7466197529789633,1.0034720020585453
208,1.0,0.7429819516761139,0.9885238422616487
209,1.0,0.74369759869726,0.9990070488616812
210,1.0,0.7426529292500379,0.9979430573405395
211,1.0,0.7420913661572109,0.9891694970505029
212,1.0,0.7452304191072144,1.0045142238929967
213,1.0,0.7454566808543391,1.007124554407196
214,1.0,0.7457696656340905,1.004909065534821
215,1.0,0.7456510843889772,1.005779306480594
216,1.0,0.7458448739773241,1.0144980294005506
217,1.0,0.744261822058155,0.9840640882912806
218,1.0,0.7428078010359189,0.9868836704996332
219,1.0,0.7473885295820742,1.0030891837317786
220,1.0,0.7427744941588829,0.9916804397746499
221,1.0,0.7453093116880445,1.0028866456732486
222,1.0,0.744090147461154,0.9986898785277827
223,1.0,0.7431468703316878,0.9820632779675962
224,1.0,0.7432134216328172,0.987445717161272
225,1.0,0.7459156723059204,1.0076202543461934
226,1.0,0.742268348825177,0.9963510398746861
227,1.0,0.7445967592667208,0.9948026854329416
228,1.0,0.7454976776031108,1.0027675533474858
229,1.0,0.7439935466537694,1.0004252186240294
230,1.0,0.7455556935640573,0.9957749612674034
231,1.0,0.7442040654360865,1.0005326445611358
232,1.0,0.7442021382249028,0.9981019399859632
233,1.0,0.7421232542487192,0.9864450805186341
234,1.0,0.7409866140740657,0.9953172638080511
235,1.0,0.7463665297263864,1.0011219901158568
236,1.0,0.7406963464979985,0.9831034380248675
237,1.0,0.7431194552440965,0.9941996599466244
238,1.0,0.74610942167281,1.0085880831788578
239,1.0,0.7465168262746023,1.0007391263454064
240,1.0,0.7458057466846435,0.9993566818614493
241,1.0,0.7440497116689367,0.9993950043479813
242,1.0,0.7409811985883624,0.9910254724469049
243,1.0,0.7430097417645544,0.9955869075326491
244,1.0,0.7442399289529017,0.9891348361333924
245,1.0,0.7426804191933984,0.9849898408686364
246,1.0,0.7425344912993926,0.9940678572354672
247,1.0,0.7449048052532377,0.999076022856776
248,1.0,0.7464312604461931,1.0072310123007233
249,1.0,0.7442583146320259,0.9989038358755628
250,1.0,0.7437682684951241,0.9854737269543538
251,1.0,0.746141897751576,1.0015345716563062
252,1.0,0.7455834035711092,1.0042115383960448
253,1.0,0.7463486688211195,1.0072338873055402
254,1.0,0.7437818702878989,0.9903130834718638
255,1.0,0.7419725060046958,0.9945230612953041
256,1.0,0.7443929978943944,0.9958405021092785
257,1.0,0.7430039728322408,0.9899635605424579
258,1.0,0.7422077430457389,0.9828909256356408
259,1.0,0.7452429723119278,1.0016632045877611
260,1.0,0.7434943259411346,0.9966908090928909
261,1.0,0.7412612020983147,0.9828684723857999
262,1.0,0.7395582055807656,0.9781124820523908
263,1.0,0.7465854626310104,1.0016753452283356
264,1.0,0.746480365682934,1.0099356035945566
265,1.0,0.7444722008174612,1.0141330356831022
266,1.0,0.7442934559733944,0.9848314305374601
267,1.0,0.7452063330395782,1.0029349485767327
268,1.0,0.7451321286798107,1.0032985303668585
269,1.0,0.7457826737024177,0.9982349299942833
270,1.0,0.744726042902967,0.9927948845718769
271,1.0,0.7428478045185644,0.999979601062764
272,1.0,0.7416552831996298,0.9900814357136373
273,1.0,0.7465856669012362,1.0084127988980487
274,1.0,0.7444919250761031,1.00328866330985
275,1.0,0.7455282003485609,0.9995877982033403
276,1.0,0.7421837864770191,0.9812656818310755
277,1.0,0.7469351654061938,1.0117146738967868
278,1.0,0.7460768860719088,0.9978397097395895
279,1.0,0.7469942742550533,0.9999667644631819
280,1.0,0.7450290509737707,1.002316829294054
281,1.0,0.7446536747194582,0.9985860142969437
282,1.0,0.7435630265294217,0.9969341710318275
283,1.0,0.7442834778940378,1.0006558918069661
284,1.0,0.7462373413597648,1.0078380945097634
285,1.0,0.7464281024692899,1.0058924477043285
286,1.0,0.7448553765916957,1.0017719095375182
287,1.0,0.7451863498740141,0.9985811413041942
288,1.0,0.745830653529955,1.0040117383979543
289,1.0,0.7447755063475681,1.0018403636110964
290,1.0,0.7446855459162051,0.9985874598615009
291,1.0,0.7435851467322442,0.9971514357031512
292,1.0,0.7476948349898551,1.0149428526877247
293,1.0,0.743777058649737,0.9902264865344967
294,1.0,0.7448660332443852,0.9990124570855942
295,1.0,0.7461767512616297,1.0099152992814922
296,1.0,0.7453700380470165,1.007394483343005
297,1.0,0.7455210243188369,0.9974679113848663
298,1.0,0.7460603676072776,0.997330177976807
299,1.0,0.745099342873809,0.9991232765624102
300,1.0,0.7456700296439546,1.0010112468703352
301,1.0,0.7443097471024891,1.001703051819157
302,1.0,0.7451281542841749,0.995194912499844
303,1.0,0.7452594051643686,0.9953309097932058
304,1.0,0.7453265778536635,0.9923269696501547
305,1.0,0.7449435765543818,1.0019406801250585
306,1.0,0.745049800051359,0.9937825712080545
307,1.0,0.7437897243696716,1.0020822195713905
308,1.0,0.7429785883528228,0.9932153914497936
309,1.0,0.7430359206623323,1.000558424815277
310,1.0,0.7443114212156587,0.9844504129048263
311,1.0,0.7446649802116582,1.0009817294410228
312,1.0,0.74277688251346,0.9891086068841434
313,1.0,0.7449264051369462,0.996961483589511
314,1.0,0.7427119018723366,0.9924857411866315
315,1.0,0.7459875805555348,1.0050371741925561
316,1.0,0.7467354078288535,1.0130720829483837
317,1.0,0.7444268953589879,1.0064084726043334
318,1.0,0.744899243977884,0.9915227801984708
319,1.0,0.74459253033298,0.9979891571165727
320,1.0,0.745153547369714,1.009025280552424
321,1.0,0.7435543956279652,0.9892435091290177
322,1.0,0.7438428496821897,1.0008428362097839
323,1.0,0.7462937774902157,1.0036342156466704
324,1.0,0.7441649673075942,0.9914816049274204
325,1.0,0.7490651366803646,1.0245793044043836
326,1.0,0.7466398465526005,1.0047077063789045
327,1.0,0.746095556312984,1.0096642986381796
328,1.0,0.7450974419248446,1.0040527071976226
329,1.0,0.745650925007496,0.9923919867548185
330,1.0,0.7449648107427443,0.9998663412297689
331,1.0,0.7412820973827102,0.9844230162510749
332,1.0,0.7447822272825295,0.9951744048494757
333,1.0,0.7463392629497387,0.9983554409775414
334,1.0,0.7461255796957974,1.0091953285361839
335,1.0,0.7462604791188728,1.0023125997063735
336,1.0,0.7466584505596883,1.0090027951843645
337,1.0,0.7448003903534748,1.0137293172460444
338,1.0,0.7430807309965066,0.9860634822567108
339,1.0,0.7448417503752156,0.9969233300353739
340,1.0,0.7422285368042939,0.9894813010398216
341,1.0,0.7441274651649828,1.0020599789202578
342,1.0,0.7471029338099313,1.0153915947375274
343,1.0,0.7427223833599752,0.9860681068126739
344,1.0,0.7451163682688212,1.0026459669147607
345,1.0,0.7468666931867046,1.0111297290702885
346,1.0,0.7447443391753078,1.0014170978424646
347,1.0,0.7443125156171053,0.9933121242221109
348,1.0,0.7478004605473719,1.0082635836582083
349,1.0,0.7469328921219396,1.0207374752606233
350,1.0,0.7429091711556856,0.9959803195728903
351,1.0,0.7437688954905627,0.9979934147147502
352,1.0,0.7433288296467615,0.9971465118911005
353,1.0,0.7449368240775324,0.9985508396222874
354,1.0,0.7459144368911551,1.0114558081742906
355,1.0,0.7443898809645879,1.0038543017245687
356,1.0,0.7429401159388233,0.9936175775756276
357,1.0,0.7428042579621641,0.9935812762150015
358,1.0,0.7423961703010256,0.9952335440592445
359,1.0,0.744408290153784,1.0061650795727952
360,1.0,0.742935128222458,0.9899393236813029
361,1.0,0.7449185024173857,0.9948240106132338
362,1.0,0.7445323829842567,1.0002127096683469
363,1.0,0.7463612506967761,1.0028266113149213
364,1.0,0.7464319556058935,1.0067481605662234
365,1.0,0.7425524117066911,0.9926379675530588
366,1.0,0.7428665543452065,0.9887967238050939
367,1.0,0.7432188358994124,0.9873692220616325
368,1.0,0.7461209694267147,1.000343423808681
369,1.0,0.7445839414965618,0.9946740830224025
370,1.0,0.7439519702009263,0.9915904620517014
371,1.0,0.7427175678882539,0.9885942640210444
372,1.0,0.7451352632818584,1.0084209559679875
373,1.0,0.7450539121863337,0.9952616727837909
374,1.0,0.7422530999796993,0.9891743855738346
375,1.0,0.7450074584332106,0.9872326104270506
376,1.0,0.745429929277884,1.0031570885963907
377,1.0,0.7463784138968103,1.0096066871033378
378,1.0,0.7477122258501254,1.0179160760841115
379,1.0,0.7416968949226976,0.9842033370453062
380,1.0,0.7440029598039323,1.0042864527269078
381,1.0,0.7447147541210266,0.995302435478215
382,1.0,0.7407122346313285,0.9699047147255145
383,1.0,0.7441656692261038,1.0021007822579842
384,1.0,0.7463350418052932,1.0076210513429937
385,1.0,0.7428526606127693,0.9921724430847685
386,1.0,0.745199873899642,1.0015201316795275
387,1.0,0.7453043206104166,0.9988407886937704
388,1.0,0.7456305361113645,1.0049292426206455
389,1.0,0.7436755893893341,0.9962448252095167
390,1.0,0.7419453378117365,0.9885402665303257
391,1.0,0.7457498718710737,1.0063406751507324
392,1.0,0.7434677733523666,0.9996105370651146
393,1.0,0.7462678054522373,1.0015004924350512
394,1.0,0.7453523429822557,0.9983015300631743
395,1.0,0.7402462276139601,0.985016162235948
396,1.0,0.7443065448348719,0.9905162304065482
397,1.0,0.7428031385422675,0.9844478638378136
398,1.0,0.7474591365803956,1.0118887762745463
399,1.0,0.7428938983403559,0.9898558661782136
400,1.0,0.7421958952215331,0.994953673500237
401,1.0,0.7464292663857155,1.0033651008578208
402,1.0,0.7460260909046154,1.0070242117863448
403,1.0,0.7444692661272118,0.9932534148200537
404,1.0,0.7437258835629547,0.9913317264923811
405,1.0,0.7459828607805373,1.0050869696497478
406,1.0,0.7442735792659345,1.0009867134356387
407,1.0,0.7417354242459269,0.9827546387187038
408,1.0,0.7454452929919547,1.004787525354036
409,1.0,0.7452456853136605,1.0081492578818088
410,1.0,0.7409045495968394,0.9808666629729015
411,1.0,0.7457186332215364,0.998327936785893
412,1.0,0.7438241140472948,0.9907374129342394
413,1.0,0.7449636196313507,1.0074765698372001
414,1.0,0.7408579045173795,0.972996134190088
415,1.0,0.7427275235031693,0.9866454956722489
416,1.0,0.7452461050055943,1.0145394687341702
417,1.0,0.7446969327604492,0.9908917979010187
418,1.0,0.7455234158588958,1.002009495781053
419,1.0,0.7464948650242141,1.0051688620121768
420,1.0,0.7430610150932686,0.9978502082062114
421,1.0,0.7456789158040993,0.9917187604573002
422,1.0,0.7415841037504117,0.9857381939961678
423,1.0,0.744571863959231,0.9886271056644944
424,1.0,0.7469070588872421,1.0152959474295313
425,1.0,0.7468209787273342,1.0126525866599876
426,1.0,0.7444493280830476,1.000513526558643
427,1.0,0.741940298730232,0.9856323528440277
428,1.0,0.7420487133618504,0.9936554876018966
429,1.0,0.7461524200332268,1.006273951112244
430,1.0,0.7398730298713291,0.9861799307585974
431,1.0,0.7477921334585538,1.012310325868533
432,1.0,0.7472168556027418,1.00823932080121
433,1.0,0.7454634362499757,0.9985795589991119
434,1.0,0.7432857235629814,1.0007580880362292
435,1.0,0.7452736165123248,1.0055744034927547
436,1.0,0.7457385833563006,1.0069926275089633
437,1.0,0.7459149988585453,1.0028568523364296
438,1.0,0.7422624023415255,0.9854301890000932
439,1.0,0.7458267294819133,0.9973239586844651
440,1.0,0.7450397382386338,1.0008030876757836
441,1.0,0.745818667151952,1.0000466779315718
442,1.0,0.7428842603877831,0.9885952254202646
443,1.0,0.7459686553508376,1.0017350549939918
444,1.0,0.7430064172419891,1.0025544208111272
445,1.0,0.7420801285561471,0.9823116626914535
446,1.0,0.7472656257935577,1.0132796606347867
447,1.0,0.7441572087850787,0.9984528842248259
448,1.0,0.7448898118036341,0.9948497684986396
449,1.0,0.7456841713505783,1.0032274109792942
450,1.0,0.7446485453678002,0.9905517975014345
451,1.0,0.744959962417218,0.9959356434885519
452,1.0,0.7457116280634281,1.005224108485223
453,1.0,0.7437623777028307,0.992800885395866
454,1.0,0.7439324478689386,0.9914886620493778
455,1.0,0.7447772109657831,0.996886400264844
456,1.0,0.7458966471363978,1.004636489861051
457,1.0,0.7433052841371985,0.9964224129348088
458,1.0,0.7442611009128844,1.0017424318745929
459,1.0,0.742987683539493,0.9950242976888357
460,1.0,0.7403473262541312,0.9838173406328359
461,1.0,0.7439990580994156,0.9999166820770006
462,1.0,0.7417648854355826,0.983765366255634
463,1.0,0.746253822909081,1.0082115767205904
464,1.0,0.7432997193378849,0.9942638410862408
465,1.0,0.7460719093373253,0.9989058285497535
466,1.0,0.7449257039309688,1.0026971207181308
467,1.0,0.7471002013374334,1.0014481955882446
468,1.0,0.7411923741809915,0.9812138967662146
469,1.0,0.7424592187920721,0.985088282014949
470,1.0,0.743595254121412,0.998604501680313
471,1.0,0.744286335279401,0.9892137420980657
472,1.0,0.7464436533723015,0.9981280064925857
473,1.0,0.7457286552971807,0.9943097135707489
474,1.0,0.7445162546047782,0.9946371383745095
475,1.0,0.7456955826232038,1.0110232335442164
476,1.0,0.7425412152695031,1.004456357144661
477,1.0,0.7399644030887801,0.9629522020260705
478,1.0,0.7464551254716886,1.0060796294224825
479,1.0,0.7448759111899825,1.0031196222439265
480,1.0,0.7465203366543535,1.0053600565135796
481,1.0,0.7452858590044684,1.0015910406877702
482,1.0,0.7463659783537728,1.0102705289658143
483,1.0,0.7464576736124808,1.0081762267904852
484,1.0,0.7466576751581887,1.0034310725745228
485,1.0,0.7458506343935281,1.0051410360805204
486,1.0,0.7447144462944528,1.0089736817845987
487,1.0,0.7443001891517899,0.9878476794595352
488,1.0,0.7424112373991416,0.9891249229485104
489,1.0,0.7475348584512047,1.0117884146856948
490,1.0,0.7476326360816459,1.0097725788799192
491,1.0,0.7417327836139337,0.9823650484419623
492,1.0,0.7449899935658482,0.987517452999895
493,1.0,0.7457919205470375,1.001516259688181
494,1.0,0.7420663837812591,0.9894492169706426
495,1.0,0.7416951426272588,0.9891170721687743
496,1.0,0.7451892180191522,1.0051654006061268
497,1.0,0.7466752039802056,1.0026099398361408
498,1.0,0.742540883520438,0.9780975308728073
499,1.0,0.7440497003496906,0.9897386375656496
500,1.0,0.744944594294611,1.0007303308625637
1,0.35,0.7430189226357152,0.9862577213134264
2,0.35,0.7457468760656055,1.0150971336541907
3,0.35,0.745003230288206,0.995617371554435
4,0.35,0.745681140465782,1.005583590845009
5,0.35,0.7445235530988218,0.9939966823929631
6,0.35,0.7446791154348021,1.0029918171125456
7,0.35,0.7455297748575751,1.0057851835422769
8,0.35,0.7404414094054025,0.9742680499432471
9,0.35,0.744855612239974,0.9967034964079095
10,0.35,0.7462407157543446,1.0106393532128883
11,0.35,0.7436328474877865,0.9961967419822868
12,0.35,0.7437209630336434,0.9927544940992478
13,0.35,0.744152784167582,0.9881762472974088
14,0.35,0.7456834983184079,1.000425646981381
15,0.35,0.7425804645613797,0.9878751550114521
16,0.35,0.7458788257061579,1.0139677924215338
17,0.35,0.7468882499225312,1.0070327252825173
18,0.35,0.7460415855671227,0.996562017582037
19,0.35,0.7453642960183948,1.0089291040177002
20,0.35,0.7441702617491576,0.9909954826386933
21,0.35,0.7459519036517474,0.999475758509664
22,0.35,0.7452234476531922,0.9925270805951193
23,0.35,0.7435419091262183,0.9828832060514708
24,0.35,0.7442270717473848,0.9975373954233667
25,0.35,0.7448245477752098,1.0079154221235023
26,0.35,0.7445683324356545,0.9970034295886475
27,0.35,0.745676040994805,0.9996809414697054
28,0.35,0.7447058631943274,0.9975210479420965
29,0.35,0.7382752277930273,0.9730427186991685
30,0.35,0.7454484789002132,0.9960844789728381
31,0.35,0.7464120396803449,1.0085816227188968
32,0.35,0.7417820976762639,0.9874294467308988
33,0.35,0.7477109459744857,1.0166050900268284
34,0.35,0.746132103974516,1.010946148249591
35,0.35,0.74361550998929,1.000452532788852
36,0.35,0.742131887687318,0.9826267681413139
37,0.35,0.7445022381582974,0.9985551539376528
38,0.35,0.7436206496587853,0.994332600893495
39,0.35,0.7462560542688941,1.0002453267757574
40,0.35,0.7485234066012151,1.0159437172969958
41,0.35,0.7432411218568846,0.9908292777077196
42,0.35,0.746142948006989,1.0068079523280076
43,0.35,0.742254437908039,0.9767781311903849
44,0.35,0.7447225538285278,0.9966150201197622
45,0.35,0.7444581611680482,1.0003966720364095
46,0.35,0.7434530718997268,1.001026907883645
47,0.35,0.7433146677955834,0.9933129224585162
48,0.35,0.7445205861670234,0.9972758827524567
49,0.35,0.7448574863376306,1.0020123558646894
50,0.35,0.7441378925755092,0.997102768181258
51,0.35,0.7418685514011404,0.9831406273254175
52,0.35,0.7454713410226896,1.0177026354134848
53,0.35,0.7452295711939502,0.998839414044529
54,0.35,0.742720051735311,0.9872357348294499
55,0.35,0.7407618735822112,0.9782048014678576
56,0.35,0.741238220014206,0.9843864843995439
57,0.35,0.7429881035362186,1.0001948294605185
58,0.35,0.7453295506774607,1.0035464003806607
59,0.35,0.7417605855014202,0.985514236031278
60,0.35,0.7463680492941154,1.0060955041726594
61,0.35,0.7458350677003639,1.0069741826274814
62,0.35,0.7453014222965018,1.0058371079077688
63,0.35,0.7436798923711772,0.9938028231420714
64,0.35,0.7455957018855889,1.0071105675305223
65,0.35,0.7466357162079987,1.0044796077851745
66,0.35,0.7452139560232066,0.9985793749598023
67,0.35,0.7451359785287229,1.0001306991674732
68,0.35,0.7436487661294133,1.002025480484793
69,0.35,0.7418959952511615,0.9800646624065045
70,0.35,0.7467215865501817,1.0108269527428122
71,0.35,0.7453749550599325,0.9998353137472427
72,0.35,0.7443004847189606,0.9975743523057784
73,0.35,0.7447764290227084,1.0019693902692755
74,0.35,0.7442608850920177,0.9981987008994219
75,0.35,0.7447243369390119,1.0042408526776692
76,0.35,0.746347552565411,1.0113816690348445
77,0.35,0.7443793479785212,0.9902137497148168
78,0.35,0.745588650927158,0.998307207115071
79,0.35,0.7476180239932315,1.013736552221214
80,0.35,0.7451096449045336,1.0079517815873307
81,0.35,0.7432665078350578,0.995434561595003
82,0.35,0.7440872138771455,0.9854171024342234
83,0.35,0.7452440586640229,1.0033463840444867
84,0.35,0.7436431312498674,0.9863065658548174
85,0.35,0.7437046112498161,1.0032172529490835
86,0.35,0.7438850201988387,0.9856707225310862
87,0.35,0.7458364313021945,0.9941213883352092
88,0.35,0.7430477890232802,1.0007571852660058
89,0.35,0.7442822660966992,0.9983620653065532
90,0.35,0.7449622827924197,0.9992804732146007
91,0.35,0.7445633371047303,0.9982394316434028
92,0.35,0.7434503135894052,0.9841562466691768
93,0.35,0.7435968978625904,1.0026541732416374
94,0.35,0.744826454700422,0.9934062066836385
95,0.35,0.7435351603352288,0.9910420206648367
96,0.35,0.7438147120224938,0.9940523388952311
97,0.35,0.7466709870718993,1.0107593083300304
98,0.35,0.7451533512253256,1.001245568615656
99,0.35,0.7451004869166946,0.9982724570817874
100,0.35,0.7458973888452409,1.0025500278419262
101,0.35,0.7465725202412067,1.007525729948609
102,0.35,0.747732575843173,1.0121486837369371
103,0.35,0.7426389195893773,0.9861087254681986
104,0.35,0.744118980283421,1.0026106620126936
105,0.35,0.7450279297565342,0.9977358261422832
106,0.35,0.7458321836206511,1.006608158117793
107,0.35,0.7423927608951293,0.9922411015401335
108,0.35,0.7431314083248663,0.9947160341665797
109,0.35,0.7445026946534132,0.9926041860181426
110,0.35,0.7477885483737406,1.0076508229002337
111,0.35,0.7477556831709214,1.0127232504215924
112,0.35,0.7454766513224638,1.0100975926766322
113,0.35,0.7420291524341512,0.9953387867176384
114,0.35,0.7441654133646877,0.9926390226300923
115,0.35,0.7462187461140355,1.008901611163305
116,0.35,0.7453782376220834,1.0048436648867445
117,0.35,0.7449094422227018,0.9979822273130532
118,0.35,0.745182138570396,0.9935388776758404
119,0.35,0.742116857466941,0.9906747732852106
120,0.35,0.7460617906635867,1.0129517355127933
121,0.35,0.7450189754966194,0.9963173051140313
122,0.35,0.7453623426555349,1.0035506438503732
123,0.35,0.741909351549804,0.9827434338994145
124,0.35,0.7448723164799962,1.002212923050531
125,0.35,0.7416450921713742,0.9781992450926879
126,0.35,0.7443635693981363,0.997263218594474
127,0.35,0.7461288995866179,1.0099427942173809
128,0.35,0.7459252834440074,1.0028592635801776
129,0.35,0.7413396619104247,0.9744642156516627
130,0.35,0.7465066972428651,0.9985592749931709
131,0.35,0.7438027442404213,1.0019220399378852
132,0.35,0.7445559071464912,0.9946516771290889
133,0.35,0.7440960181603152,0.9932084536671447
134,0.35,0.7457902524046215,1.0039248374651941
135,0.35,0.7442879635652749,0.9987640545397272
136,0.35,0.7442329547752077,1.002701254803705
137,0.35,0.7444107690537369,1.003322990670638
138,0.35,0.7463405285109804,1.004699476206759
139,0.35,0.7451411932753894,0.9912941502588197
140,0.35,0.7452354715276027,0.9990027937594069
141,0.35,0.7458787380649855,1.0086461474385882
142,0.35,0.7447205125999803,0.9958597218409291
143,0.35,0.7436168457898649,1.0010626866633354
144,0.35,0.745705097139134,0.9985669043896599
145,0.35,0.7382190507896746,0.9637371958092952
146,0.35,0.7427852160956221,0.9968266995800726
147,0.35,0.7465228317366388,1.0111591666153037
148,0.35,0.7456748708515005,0.998778217648709
149,0.35,0.7421505707981172,1.0016512119094132
150,0.35,0.7452821590354262,1.0028393556847128
151,0.35,0.7440232240149167,0.9951578584823916
152,0.35,0.7457749932578147,1.0039240736805066
153,0.35,0.7437409254257391,0.9891026856023845
154,0.35,0.7467788647861926,1.0040407672299514
155,0.35,0.7457916354263195,0.9965148220756961
156,0.35,0.7423970631595854,0.981081614207184
157,0.35,0.7459944818534114,1.003855340219711
158,0.35,0.7430000512251915,0.9889561030498253
159,0.35,0.7460768628612336,0.9991473456200308
160,0.35,0.744897091435741,0.9907717076327056
161,0.35,0.7437345034624446,1.0074398317882793
162,0.35,0.7477006112850751,1.002717767608504
163,0.35,0.7422141929919235,0.9950806359411241
164,0.35,0.7465963021487884,1.008650271355216
165,0.35,0.743466952004745,0.9961492148872328
166,0.35,0.7417075253835312,0.9835574813783382
167,0.35,0.7481847324392997,1.0204793935105612
168,0.35,0.7455566008093033,1.0074419756745925
169,0.35,0.7470095191237605,1.0133542379304312
170,0.35,0.7445729016918802,0.9953164067863554
171,0.35,0.7401749547179054,0.9790501588375164
172,0.35,0.7441298658720963,0.995453612371291
173,0.35,0.7456809510435554,1.0041200212237358
174,0.35,0.7421187455324496,0.9808181666493447
175,0.35,0.7442269446472707,0.9923685588397383
176,0.35,0.7446482850590049,0.9946938068034711
177,0.35,0.7473483940265496,1.0019197290011677
178,0.35,0.7469221879179173,1.0085972524900866
179,0.35,0.7464972974683838,1.003259202883545
180,0.35,0.7419558365452948,0.9835508571591294
181,0.35,0.7451946026531063,1.0006114163150022
182,0.35,0.7448357617075015,0.9859901695483037
183,0.35,0.7418959171250957,0.9942392765480226
184,0.35,0.7448311621959156,1.003535743303517
185,0.35,0.7445824334523088,1.0004322180757428
186,0.35,0.7427283586072593,0.9932014945512169
187,0.35,0.7467502224655277,1.0036282998634258
188,0.35,0.7452490927833946,1.0052894776380212
189,0.35,0.7455396954080046,1.0134434479816754
190,0.35,0.7461115933800696,1.0011036796432975
191,0.35,0.7459311107515993,1.0035489829343487
192,0.35,0.7454671743158012,0.994421333074557
193,0.35,0.7473865619396093,0.9992488578470933
194,0.35,0.741655157994936,0.9907579487199564
195,0.35,0.7454331164265293,1.0064996621021167
196,0.35,0.7442730497096782,0.9943824383081955
197,0.35,0.7455619648431674,1.0004086747368894
198,0.35,0.7444252848107119,0.9961880913983898
199,0.35,0.7466661214863156,1.016421216775464
200,0.35,0.7467852065814564,0.9991771393332332
201,0.35,0.7434462698719737,0.9932484073049458
202,0.35,0.7448184119989281,0.9917328483689761
203,0.35,0.7420794849928353,0.9871870694554095
204,0.35,0.7468294641861695,1.0041953593190185
205,0.35,0.740974573915502,0.9807856361604699
206,0.35,0.7439560909379727,1.0023198874695358
207,0.35,0.745536897889522,1.0048406525266351
208,0.35,0.7422001583388008,0.9913383135318418
209,0.35,0.7460896966190663,0.9943889160355903
210,0.35,0.7411226995837132,0.9911956920587878
211,0.35,0.7446695083615209,0.9934145271713755
212,0.35,0.7416506884208985,0.9958532101289944
213,0.35,0.741576687234718,0.985997619089706
214,0.35,0.7445814646055448,0.9950534782797518
215,0.35,0.7440643019003778,1.0054135101858963
216,0.35,0.7419463500476801,0.9834608772636451
217,0.35,0.7453920017381396,1.0012090436523917
218,0.35,0.7459193440849664,1.0079152702071976
219,0.35,0.7462282869037999,1.0070866183288496
220,0.35,0.7443140811436001,0.9959078383227126
221,0.35,0.7456422140915931,1.0076106284517163
222,0.35,0.7462260771381832,1.0134465218915074
223,0.35,0.7435627318270065,0.9846964214215987
224,0.35,0.7448044390593859,0.9957035038950781
225,0.35,0.7432771217598257,0.9961533667321465
226,0.35,0.7459209579854911,1.0069714235896714
227,0.35,0.7421099258579162,0.993145441856256
228,0.35,0.7442951068075795,0.9900479003485168
229,0.35,0.7465785947896743,1.0065931304299245
230,0.35,0.74381674744034,0.9893504108956553
231,0.35,0.7416178542043168,0.9801873238239958
232,0.35,0.7436601472434098,0.9897525803195416
233,0.35,0.7428627838380396,0.9914066882710613
234,0.35,0.7474166457790462,1.0148928379326605
235,0.35,0.746696415141105,1.006682143698139
236,0.35,0.747726670457261,1.0205363526570719
237,0.35,0.7426148120741076,0.989486532444625
238,0.35,0.7457148747795733,1.0006604777335852
239,0.35,0.746307739884284,0.9999781342511185
240,0.35,0.744946353198524,1.003141901849699
241,0.35,0.7436944639112262,0.9906298381714632
242,0.35,0.7448335094179646,0.9913094194141113
243,0.35,0.7442112335110833,0.9949743597093283
244,0.35,0.7432077522446577,0.9900877431468933
245,0.35,0.7432910020365378,0.9936659559425293
246,0.35,0.7440847351199052,0.9975626441949668
247,0.35,0.7440235927716498,0.987079455620025
248,0.35,0.7462374425389439,1.0013451277387468
249,0.35,0.7456143021837054,1.0008584127193048
250,0.35,0.7446895143146222,0.9928321197095673
251,0.35,0.7436820644796779,0.9953391197025311
252,0.35,0.7465834482012361,0.9967137340550833
253,0.35,0.7464454031793247,1.012503698661764
254,0.35,0.7444012980515342,0.9991960266411472
255,0.35,0.746199091389183,0.993046080000941
256,0.35,0.7419251162686035,0.9828929788188586
257,0.35,0.7457719005939538,0.9912685067536058
258,0.35,0.7455233734691651,0.9926519180719443
259,0.35,0.7424752291352689,0.9836250981343161
260,0.35,0.7454636921525412,1.0052884429901114
261,0.35,0.743126133065044,0.9982769246757934
262,0.35,0.7444122270463698,0.993456389691868
263,0.35,0.7418999027243848,0.9942101145493758
264,0.35,0.7434729328207773,0.9970443929322765
265,0.35,0.7424730773391605,0.9914633708989204
266,0.35,0.7466173463137841,1.0019632832568663
267,0.35,0.742370667775147,0.9821722541313005
268,0.35,0.7446829356561427,0.9977095370078274
269,0.35,0.7418180595835773,0.9858361172076616
270,0.35,0.7428651941230013,0.9842763174583228
271,0.35,0.7455764126157708,1.0044231458798896
272,0.35,0.7425621151051486,0.9901458692941331
273,0.35,0.7461048943451187,1.0046826721740165
274,0.35,0.7471083388427678,1.00516408191939
275,0.35,0.7472928310672116,1.0123511908988319
276,0.35,0.7439841848650969,0.997454321475167
277,0.35,0.7457647711981903,1.0089199843530428
278,0.35,0.744062386599317,0.9950158175013432
279,0.35,0.740468047704073,0.9845645777913867
280,0.35,0.7421132324737273,0.9862159988830813
281,0.35,0.7449061462026254,0.9956056218957854
282,0.35,0.7452216689097891,1.0112954275748605
283,0.35,0.743119269727641,0.982838151153484
284,0.35,0.7454968466910694,1.0140368803164588
285,0.35,0.7467782315376181,1.010649822298659
286,0.35,0.7450249663907531,0.9984748462483556
287,0.35,0.7452114015177439,1.0063060237623893
288,0.35,0.7457989362336448,0.99697425353235
289,0.35,0.7430975780242572,0.993934890962673
290,0.35,0.7451521212489491,1.0049679734585713
291,0.35,0.7394841407741205,0.9661524535098477
292,0.35,0.7438864756356706,0.9925020563256416
293,0.35,0.7470746131959954,1.0163853290224192
294,0.35,0.746234770903045,1.014928547678729
295,0.35,0.7430955193822792,0.9921809304991412
296,0.35,0.7477372307795288,1.01786493125317
297,0.35,0.7452838752881533,1.0129729262155422
298,0.35,0.7408289779639179,0.9821792911752137
299,0.35,0.7436797564900919,0.9903472282589283
300,0.35,0.744441734375624,1.0062504235829302
301,0.35,0.7451460192011683,0.9979814757206572
302,0.35,0.745937728242248,1.0057263338808065
303,0.35,0.742352321366289,0.9863071786654372
304,0.35,0.745640131453826,1.0061088594518168
305,0.35,0.7479224948149957,1.0128274595371736
306,0.35,0.7457652052439764,0.9973081223401978
307,0.35,0.7426649560742977,0.9940992371834368
308,0.35,0.7431126085671024,0.9839637786347354
309,0.35,0.7422877870598564,0.9943106407761366
310,0.35,0.7417260423485081,0.9872099488460502
311,0.35,0.7431913677967769,0.9965542563086695
312,0.35,0.7438691067933979,0.9943846903308317
313,0.35,0.746104945835637,1.0121638584041561
314,0.35,0.7436414311276794,0.9947812320348224
315,0.35,0.7437753296508914,0.9864979831143756
316,0.35,0.744983424001526,1.0016786475870962
317,0.35,0.7470472752072748,1.0140014571084544
318,0.35,0.7416981000912619,0.9840553700754249
319,0.35,0.7438137370245732,0.9887655529155287
320,0.35,0.7434912132368605,0.9948443552390959
321,0.35,0.747284225167643,1.0083761850306219
322,0.35,0.7443152636430557,0.9974992332707672
323,0.35,0.7451410067244212,1.0110740312423379
324,0.35,0.7484746119795735,1.018595307299414
325,0.35,0.745165190810064,0.9778719559748495
326,0.35,0.7432333931200776,0.997726730286283
327,0.35,0.742201130229317,0.9976793340077611
328,0.35,0.7435827508952578,0.9982084604405119
329,0.35,0.7431316287314491,0.9880402646034462
330,0.35,0.74588556581309,1.0050216223610295
331,0.35,0.745419510302051,0.9974156279104528
332,0.35,0.7438393390976602,0.9917737909441344
333,0.35,0.7478201015506112,1.008901488262327
334,0.35,0.7460914651511087,1.0080980150119285
335,0.35,0.74551884897565,1.0014126355115325
336,0.35,0.7469653795930752,1.0090347580811523
337,0.35,0.7462377617953243,1.0018481883263142
338,0.35,0.7441332752907078,0.986607549562444
339,0.35,0.7444392081046557,0.9976808212766781
340,0.35,0.7418137101545513,0.986408885034926
341,0.35,0.7443584253025867,0.9891744632498153
342,0.35,0.7434390197536658,0.9940311400517324
343,0.35,0.7459432972866298,1.0027761676146099
344,0.35,0.7487383453543753,1.027667539043888
345,0.35,0.7477763134299599,1.0146045377875397
346,0.35,0.7444650753614067,0.9988341960627518
347,0.35,0.74474119560396,0.9976491736051065
348,0.35,0.7459176982107201,0.9956496967606232
349,0.35,0.7449007320988945,0.9909983816471128
350,0.35,0.739825100798533,0.9830720938032073
351,0.35,0.7438628793424954,0.989946425690701
352,0.35,0.7450846519687111,0.9963106388202496
353,0.35,0.7462226825726311,1.0113487461821065
354,0.35,0.7448027126762965,0.9919709011642143
355,0.35,0.7447134877682017,1.0080135319804002
356,0.35,0.745913530331902,1.0054457012053668
357,0.35,0.7457032500188595,1.0030973586153629
358,0.35,0.7467290566809608,1.0059612306524706
359,0.35,0.7429832939707623,0.9849145009957406
360,0.35,0.7428430215544776,0.9886901777183617
361,0.35,0.7450526584566644,0.9911442324444519
362,0.35,0.7457638762918133,1.0111130346078607
363,0.35,0.7429755039891334,0.985548219905312
364,0.35,0.7418004743186993,0.9886158246844409
365,0.35,0.7469505778099723,1.0105804590041643
366,0.35,0.7440128129530125,0.9948373920452225
367,0.35,0.7456971731787287,0.9912629987689625
368,0.35,0.7424147900651028,0.9829291581040195
369,0.35,0.7445494010791734,0.9942984329851315
370,0.35,0.7460656486074916,0.9988817107459909
371,0.35,0.7458297621011392,1.000487015569559
372,0.35,0.7474706507742093,1.0129975243585452
373,0.35,0.7443038452671304,0.9976648601378562
374,0.35,0.7446852833060961,0.9927613684714075
375,0.35,0.7400672408352936,0.9716131297211794
376,0.35,0.7422495868408177,0.9923317647516932
377,0.35,0.7440583160651081,0.9961114342362346
378,0.35,0.7429818107642805,0.9906377521611304
379,0.35,0.7460688853762666,1.004970914302293
380,0.35,0.7446548694418456,1.006607683510125
381,0.35,0.7412231638065724,0.9861067134505771
382,0.35,0.7485875343746962,1.0103799965616362
383,0.35,0.7451602858454597,0.9984969522790128
384,0.35,0.7432839158663284,0.992958717556866
385,0.35,0.748151106459816,1.0106034839632454
386,0.35,0.7473482541845762,1.0123232428844213
387,0.35,0.744792610204553,1.012117464771711
388,0.35,0.746908235615195,1.0074881467525003
389,0.35,0.746360257243236,1.0054606778361084
390,0.35,0.7455015344753749,1.0049723683322653
391,0.35,0.7438487941237434,1.0051696999428195
392,0.35,0.7435557861624049,0.9905688285866255
393,0.35,0.7412576224029751,0.9809456056858017
394,0.35,0.7463753818183694,1.0083182146576062
395,0.35,0.7467574526575081,1.0172684245834689
396,0.35,0.7436920137535402,0.9937786916528614
397,0.35,0.7436520817738654,1.0020956781817556
398,0.35,0.7434822466696906,0.9912044924628522
399,0.35,0.7456289091754029,1.0088163966186223
400,0.35,0.7476630084375793,1.0101932018184623
401,0.35,0.7445340703937788,0.9926009435610631
402,0.35,0.7438090738717263,0.9980212014524881
403,0.35,0.7427773608848554,0.9890903598059931
404,0.35,0.7430972143237237,0.9949715381056972
405,0.35,0.7473683422252326,1.013258433833713
406,0.35,0.7435434996528015,1.0000221319021874
407,0.35,0.7472992083161104,1.013283834148144
408,0.35,0.7419456885534184,0.9873032211325846
409,0.35,0.7467817628145906,1.0170519184219269
410,0.35,0.745459269125936,0.9982269932329125
411,0.35,0.7471774766991092,1.0193195348823287
412,0.35,0.7480678331350842,1.0164842301573198
413,0.35,0.7454960257046598,1.0062972849705396
414,0.35,0.7421310649362105,0.9949941455049361
415,0.35,0.743844677726048,0.9923147810751692
416,0.35,0.7433773087605726,0.9933389722555768
417,0.35,0.7439206201030839,0.9968832211030502
418,0.35,0.7429604864783199,0.9911398494979433
419,0.35,0.7447150061970135,1.006942918160628
420,0.35,0.7454690304984449,1.0181004221972385
421,0.35,0.7462723392108359,1.0043971832616014
422,0.35,0.7453545349898476,1.0018020676942985
423,0.35,0.7478161363271858,1.0133789416891652
424,0.35,0.7447339357034953,0.9954430472015957
425,0.35,0.7435137525103275,0.9833845679301402
426,0.35,0.7432496044920497,0.9929293854878998
427,0.35,0.7450624057013983,0.9983057104141214
428,0.35,0.7404876744994094,0.9773299138327164
429,0.35,0.744689141115822,0.9924406157418706
430,0.35,0.7461942384170884,1.0015452054429
431,0.35,0.7425892017505156,0.9839640827416458
432,0.35,0.7474483704269843,1.0083687988156682
433,0.35,0.7434946308238533,0.9921295025414821
434,0.35,0.7470710083299609,1.0135675051669362
435,0.35,0.745801207048264,0.9886332929013503
436,0.35,0.7443299680405574,1.0073599875531838
437,0.35,0.745690948172742,1.0040616613813869
438,0.35,0.7410208257972483,0.9839346777001835
439,0.35,0.7426116036514512,0.9969932878337331
440,0.35,0.7463862108193401,1.0084510514636036
441,0.35,0.7464860294521201,1.0094394351552767
442,0.35,0.7464654120139852,1.0167318268952303
443,0.35,0.7426162123751197,0.9853605931515901
444,0.35,0.7419323834916517,0.9827296180777876
445,0.35,0.7429027608772297,0.9934480876163451
446,0.35,0.7442435993433393,0.9990580136708829
447,0.35,0.7430063295073318,0.9903368506123069
448,0.35,0.7451793920311991,0.9941015638668499
449,0.35,0.74641069901388,1.010049727657553
450,0.35,0.7460445890149237,1.0005589395479628
451,0.35,0.7460399993309508,1.0086689593258502
452,0.35,0.7441090701586732,0.9984698205606192
453,0.35,0.7447064560619879,1.00216233176115
454,0.35,0.7450313792395385,1.0023145785251477
455,0.35,0.7467714532732586,1.0096379330390262
456,0.35,0.7448570857813711,1.0070846226667791
457,0.35,0.7446957265653342,0.9954616979570916
458,0.35,0.7458998812538925,1.0085732165574401
459,0.35,0.7454827694321585,1.0011590677890274
460,0.35,0.7444295259969564,0.9959025778985632
461,0.35,0.7428130862092752,0.9823290574939122
462,0.35,0.7484566085324439,1.0212482104012284
463,0.35,0.7474455640741254,1.022942320316773
464,0.35,0.7469968146954326,1.00571418866767
465,0.35,0.7478721866633665,1.0142546223537365
466,0.35,0.7460754102289533,1.0020633287335914
467,0.35,0.7454013210994677,1.0007069466085894
468,0.35,0.7469150929598778,1.0111870792586344
469,0.35,0.7446688424969606,0.997162500283504
470,0.35,0.7435184752547316,0.9947436084932759
471,0.35,0.7430152757162284,0.9843991449700049
472,0.35,0.7420962838552234,0.9832989511169699
473,0.35,0.7435101042629763,1.0045276553628826
474,0.35,0.7410240347398166,0.9929094268886699
475,0.35,0.7476947982288908,1.0177824927354122
476,0.35,0.7460812037739557,1.003340212820042
477,0.35,0.7443044044483125,0.9964579270225323
478,0.35,0.7400572622871724,0.9747275212799619
479,0.35,0.7439677042346976,1.0009494571348618
480,0.35,0.7442372073479537,0.9977221852185568
481,0.35,0.7425483866097918,0.9875223919235214
482,0.35,0.7452654570473528,1.0022745422846993
483,0.35,0.7434019612876334,0.991257389532947
484,0.35,0.742974508373862,0.9903227679343668
485,0.35,0.7462439163186761,1.0132393249660971
486,0.35,0.7451995455431889,0.9943526512371067
487,0.35,0.7438109875472169,0.9925222280309745
488,0.35,0.745483901643326,0.9975292914901243
489,0.35,0.7449683365295937,0.9928751222549994
490,0.35,0.7453251447394421,0.998989454744066
491,0.35,0.7446743550020316,0.9926421194994604
492,0.35,0.7441347595113875,1.0000529641447748
493,0.35,0.7468280370562252,1.011284570425194
494,0.35,0.7478175779023164,1.0231535708194495
495,0.35,0.7429020568685253,0.9833852185936104
496,0.35,0.7465902967559888,1.0029425156902392
497,0.35,0.7448910500648306,0.9976639468707286
498,0.35,0.7428641356028486,0.9782845570140585
499,0.35,0.7443338104734002,0.998067498105924
500,0.35,0.7436473040851024,0.9976507740064394
1,0.3,0.7466036786937041,1.0132267854300554
2,0.3,0.7456765470138909,1.0066108228258246
3,0.3,0.7451174477473118,1.0032652282124366
4,0.3,0.7439598059105073,0.9997080848164519
5,0.3,0.7461508120470611,1.0099158674349815
6,0.3,0.7466632508935975,1.0017317815473663
7,0.3,0.7477467691415194,1.0195318786585317
8,0.3,0.7430971899877749,0.9893356695572818
9,0.3,0.7446567760703897,0.9929741712013195
10,0.3,0.7429746541233259,0.9983919537835784
11,0.3,0.7443432120972224,1.0043680930620253
12,0.3,0.743094971465734,0.9949093932450485
13,0.3,0.7448693966400075,1.0059104197916227
14,0.3,0.7464997489782417,1.011632700966249
15,0.3,0.7438572841118574,0.9908059767861302
16,0.3,0.744054727245826,0.9941854537811907
17,0.3,0.7479683016305726,1.0165045908261938
18,0.3,0.743739564669342,0.9877086804307859
19,0.3,0.7450507005637796,0.995754864997112
20,0.3,0.7458628039912824,0.9973870153701726
21,0.3,0.7412429276899661,0.9887362707196931
22,0.3,0.7431784893995522,0.9905372174442636
23,0.3,0.7496191675059355,1.0207548556687598
24,0.3,0.7405040297001166,0.9896414501834615
25,0.3,0.7403509721131211,0.9698245490345191
26,0.3,0.7479937398683848,1.0089784350234063
27,0.3,0.7408031886447244,0.9841102803225599
28,0.3,0.746830206940733,1.008786106796152
29,0.3,0.7458507994627529,1.0121765133582206
30,0.3,0.7440684198599747,0.997859267524322
31,0.3,0.7477270854663419,1.014215632527309
32,0.3,0.7461883188524687,0.9967835571394241
33,0.3,0.745984053649941,1.0011423373937622
34,0.3,0.7442293944751472,1.007059863554777
35,0.3,0.7441328572424861,1.0022937580328528
36,0.3,0.7473925380119055,1.0106758500194166
37,0.3,0.7411977696273594,0.9819468988692526
38,0.3,0.7423833863598396,0.9874641178268568
39,0.3,0.7415377746433378,0.9881216657139404
40,0.3,0.7485614058480862,1.0173682916071967
41,0.3,0.7424930711573909,0.9886364394441024
42,0.3,0.7455676005053747,0.9920908268706784
43,0.3,0.744047436790389,0.9998204500575884
44,0.3,0.7457099645880002,0.9985295148123775
45,0.3,0.7456596008892206,1.0056562832751967
46,0.3,0.7420569241879486,0.9895771126044145
47,0.3,0.7452703767350332,1.0034936592314927
48,0.3,0.7430954527770581,0.984629112993687
49,0.3,0.7426333967193423,0.9767260793420911
50,0.3,0.7459263988673931,1.008758241210691
51,0.3,0.747836242179691,1.0156649411980325
52,0.3,0.7454410447278561,1.0084629156833715
53,0.3,0.7401676623548089,0.9825020015650885
54,0.3,0.7442247094355402,1.0030940325734823
55,0.3,0.7447833879469792,0.9986815171557046
56,0.3,0.7453087751293647,1.0040153604940278
57,0.3,0.7424073376784889,0.9810079595498757
58,0.3,0.7455451040953123,0.9910878002645613
59,0.3,0.7452636250761581,0.9981485415801084
60,0.3,0.7445516972757411,0.9860187955960499
61,0.3,0.7448772226044159,1.0000865954654876
62,0.3,0.7438471215976976,0.9986334745046456
63,0.3,0.7402902656530964,0.9874626022735293
64,0.3,0.7442833827059134,0.9960834133762947
65,0.3,0.7435867382981308,0.9893632319340323
66,0.3,0.7445803695844366,0.9953810357844768
67,0.3,0.7477352834827872,1.0137662118966102
68,0.3,0.7419970809166953,0.9967530823857952
69,0.3,0.746950498431231,1.0099515642737837
70,0.3,0.7464468165787838,1.0019082354276685
71,0.3,0.7436670986574921,1.000393013076599
72,0.3,0.7420371985128774,0.9894759865207461
73,0.3,0.7468049598437189,1.0103908813958091
74,0.3,0.7440493645989079,0.986422012275029
75,0.3,0.743441256826765,0.9847310351727502
76,0.3,0.7473249482938533,1.002198313879214
77,0.3,0.7434865795758402,0.99595700998984
78,0.3,0.7428311544188881,0.9932532094691935
79,0.3,0.7427136265688468,0.9889643978429398
80,0.3,0.7413980675154656,0.9845662040419934
81,0.3,0.7458916694079275,1.004820641351147
82,0.3,0.7447365978580646,1.0018333866377385
83,0.3,0.7438466405079516,0.9898448580635064
84,0.3,0.7466408071999768,1.0102933013458204
85,0.3,0.746909573068819,1.003284797273403
86,0.3,0.7440335235588703,0.9866263936112867
87,0.3,0.7471616020361165,1.0026213995594166
88,0.3,0.7455141702526082,1.0001392774565343
89,0.3,0.746218867925119,1.0011464608504248
90,0.3,0.7460398386576649,1.0088984019563432
91,0.3,0.7436420184916159,0.991450253721917
92,0.3,0.7458325526636013,1.002580897840627
93,0.3,0.7442058235720216,0.9956558061216819
94,0.3,0.7456630044891959,1.012243085016001
95,0.3,0.7455916629766347,1.0058911747400021
96,0.3,0.7419235657333817,0.9773089597708842
97,0.3,0.744234701283388,0.9963592548337609
98,0.3,0.7454153633075334,0.995423309817855
99,0.3,0.7441641895001683,0.9998248178378641
100,0.3,0.7469623186919996,1.0042677373954845
101,0.3,0.746114399222038,1.0083617646293013
102,0.3,0.7409268953405062,0.9854666942385686
103,0.3,0.7437780486416941,1.0046828871055822
104,0.3,0.7476694132752806,1.006790352119202
105,0.3,0.7475012292636387,1.017153844863202
106,0.3,0.7455322369202951,1.0005508466544886
107,0.3,0.7426859408963095,0.9885856853954572
108,0.3,0.7432520060425898,0.9933942870341794
109,0.3,0.7443494448210695,0.9975092467691974
110,0.3,0.7452105109355556,1.000310203077123
111,0.3,0.745788336312425,1.0060707189168845
112,0.3,0.7464114764847336,1.0094699127349656
113,0.3,0.7419279634118167,0.9855021203923631
114,0.3,0.7450523815101886,1.0009035024593238
115,0.3,0.7425536565223066,0.9897234929399259
116,0.3,0.7451564668853712,1.0039524813118264
117,0.3,0.7441196099277547,0.9949955970970461
118,0.3,0.7434645343317695,0.9922813334045801
119,0.3,0.7421694181370775,0.9811128900073084
120,0.3,0.7466294298980269,1.0171567197559297
121,0.3,0.7445637075304052,1.0027987679135848
122,0.3,0.7441119305155329,0.9883643446399792
123,0.3,0.7450514777336501,1.001374552665211
124,0.3,0.746532015093431,1.0089489679443688
125,0.3,0.7468565712043248,1.013133636257661
126,0.3,0.7455793713627857,1.0012128413752601
127,0.3,0.7454476540093841,1.001041067218825
128,0.3,0.7418357285693737,0.9845504027775064
129,0.3,0.7432742795464651,0.9778726568985342
130,0.3,0.7437358533541029,0.9978183875723986
131,0.3,0.7465127896907937,1.0086407898394154
132,0.3,0.7436568884637379,0.9950290831429425
133,0.3,0.7433067941065993,0.9916049708943974
134,0.3,0.7455880950404706,0.9943257852177868
135,0.3,0.745548311335354,1.0057603925042533
136,0.3,0.7426495737329221,0.9867385239004981
137,0.3,0.7439248132226092,0.9936470271589765
138,0.3,0.7422919418039725,0.9857457792085509
139,0.3,0.7439275827398604,0.9902521841763026
140,0.3,0.7444527879003123,1.002097953444829
141,0.3,0.7455060780679172,1.0145121000695612
142,0.3,0.7449425922492228,1.005656378271388
143,0.3,0.7459670851630115,1.012838656935521
144,0.3,0.743291787834648,0.9967941653203656
145,0.3,0.7466977938248499,1.0023176738230197
146,0.3,0.7456486568859394,1.004360789331155
147,0.3,0.7435808352492033,0.9968364972978827
148,0.3,0.7430748700666557,1.0001976930666185
149,0.3,0.7453753341380716,1.0060527126475733
150,0.3,0.7455372493640957,1.0015895196426414
151,0.3,0.745165455468969,0.9973201961671609
152,0.3,0.7436289608583239,0.9928373334209692
153,0.3,0.7454413748278882,0.9968255070513363
154,0.3,0.7450070713342968,1.0002128704666327
155,0.3,0.7425840980541801,1.0014574566756478
156,0.3,0.7468846607562439,1.0129657171056772
157,0.3,0.7432565531143267,0.9851487479087592
158,0.3,0.74347942971409,0.9981781601786782
159,0.3,0.7452580388540483,1.0082916306142402
160,0.3,0.7435484982221335,0.9958187401121896
161,0.3,0.7433448996431022,0.9916975601936476
162,0.3,0.744511116502193,0.9948374450218597
163,0.3,0.7451791565342256,1.0029804529521942
164,0.3,0.7434018535212754,1.0013742069884348
165,0.3,0.7454888464044223,1.006893625967166
166,0.3,0.7418872523933236,0.9898141548388101
167,0.3,0.7449536798593107,1.0023341469289424
168,0.3,0.7444296179568184,1.000363795105427
169,0.3,0.7453246016724139,0.9951674414802367
170,0.3,0.7455130311839646,1.00316641305917
171,0.3,0.7436043284019735,0.9974739158613201
172,0.3,0.744193508163197,0.9980439055499085
173,0.3,0.7453114718198242,1.0049447892583974
174,0.3,0.7412037041914097,0.9870818479464711
175,0.3,0.7451305099380329,1.005337750105774
176,0.3,0.7442343715999558,0.9914562399461432
177,0.3,0.7441095139783941,0.9979119362146074
178,0.3,0.7440003541538374,0.9896387624922066
179,0.3,0.7431369557944657,0.9915894112184356
180,0.3,0.7462545099358475,0.9928018584686943
181,0.3,0.7457522600277922,1.0121794600790264
182,0.3,0.7442802191542892,0.9932830662235642
183,0.3,0.7436983261011653,0.9944674978810893
184,0.3,0.7429992274100813,0.9965920175629137
185,0.3,0.7447507048194724,0.9992054431346766
186,0.3,0.7433490037508264,0.9914210998303851
187,0.3,0.7436257328552375,0.9927618277251151
188,0.3,0.7460788554532483,1.0072512398626687
189,0.3,0.7413318956538446,0.9841620184413398
190,0.3,0.7432807352080791,1.0022097335689244
191,0.3,0.7444980198780361,0.9968408792592126
192,0.3,0.7434139039721211,1.0002598998893415
193,0.3,0.7439556583198987,1.0001375633307368
194,0.3,0.7435278679441074,0.9915554243532094
195,0.3,0.7444923920010594,0.9997938328826153
196,0.3,0.7452495775144408,1.0016386874815792
197,0.3,0.7448891906121118,0.9953752136247103
198,0.3,0.7453820006527483,1.012919508625955
199,0.3,0.7452029742508485,1.0010285365032776
200,0.3,0.7475989922386862,1.0219260378355306
201,0.3,0.7416096627072909,0.9847904177815638
202,0.3,0.7428864859696572,0.99229647024316
203,0.3,0.7442985282800026,0.9956403185475836
204,0.3,0.7445064364679825,0.9976360837829321
205,0.3,0.7444994153804597,1.0038397651047462
206,0.3,0.7449614984918197,1.0090926033015022
207,0.3,0.7454221453931373,1.0010744193316155
208,0.3,0.7444663477169476,1.011781487407384
209,0.3,0.7463266241841313,1.0021663482277816
210,0.3,0.742709280658891,0.9858224709421958
211,0.3,0.7431776266522973,0.9922311799877712
212,0.3,0.7449250931652779,0.9875503608186544
213,0.3,0.748086434462732,1.0200433313313224
214,0.3,0.7432242998176413,0.995937796735314
215,0.3,0.7418062248029847,0.9865391986108093
216,0.3,0.7464097863138727,0.9969176961113757
217,0.3,0.7461774917146098,1.0029794948882158
218,0.3,0.7394277909349309,0.9818807858992685
219,0.3,0.740688702853127,0.9877458819435634
220,0.3,0.744613605695224,0.999112207979698
221,0.3,0.7428063949141226,0.990698598938114
222,0.3,0.7435342464029215,0.9966561237298383
223,0.3,0.7433173366138499,0.9960711929105461
224,0.3,0.7429543249438794,0.9958634686737553
225,0.3,0.7447131078340065,0.9969610117765436
226,0.3,0.7443616208447597,0.9957522109168536
227,0.3,0.7413888435833179,0.9852902450053409
228,0.3,0.7446265982017763,0.9900273325424861
229,0.3,0.7463766867430556,1.0112473745218007
230,0.3,0.7410690316178956,0.9886558723938806
231,0.3,0.745591234769775,1.0099893603366001
232,0.3,0.7463411622270326,1.008490471366992
233,0.3,0.7476740253590501,1.006843841953182
234,0.3,0.7471228256349228,1.015185524874398
235,0.3,0.7448770425622074,0.9943460677845334
236,0.3,0.7448428165449072,0.9975804691369974
237,0.3,0.7422443801168886,0.9946987826250129
238,0.3,0.7441652882534361,0.9955680456326069
239,0.3,0.7457042866489955,0.9977932765373251
240,0.3,0.7452784941440753,1.004464684594316
241,0.3,0.7446583462506026,0.9995547602929045
242,0.3,0.7448161063750399,1.004203012065312
243,0.3,0.746049438541663,1.0071456799322247
244,0.3,0.7432896961527916,0.9894405018965224
245,0.3,0.7458864271304092,1.0101906625662598
246,0.3,0.7463719143290976,1.0070519070409882
247,0.3,0.7455807953118356,0.9959364462951045
248,0.3,0.7424120479158991,0.9760187171330924
249,0.3,0.7464746443612541,1.0131135023580573
250,0.3,0.7420835522794161,0.9914181358956555
251,0.3,0.7460453904987142,0.9999262269691133
252,0.3,0.7446795018347019,1.0022981563446118
253,0.3,0.7452794294013603,0.9861762496940387
254,0.3,0.7460760502400546,0.9998893063412381
255,0.3,0.7472303279680763,1.0066912703421012
256,0.3,0.7466840431053954,1.0089567584823012
257,0.3,0.7453986270622887,1.0011434464078128
258,0.3,0.7458185246558672,0.9936484906812673
259,0.3,0.744323312630262,0.9996321009412554
260,0.3,0.7453480621998733,0.9961125379205356
261,0.3,0.7460972738491539,0.9997652963371471
262,0.3,0.7486958725442171,1.019870327430196
263,0.3,0.7461536558064626,1.0016126750342331
264,0.3,0.7424316692973622,0.9831630326829387
265,0.3,0.7418015818265579,0.981321354582152
266,0.3,0.744456172914602,0.9925320932345368
267,0.3,0.7424327263015926,0.9955353208535602
268,0.3,0.7429164942554699,0.9960041859231743
269,0.3,0.747327948488721,1.0112906254258893
270,0.3,0.7444863216322672,0.9865128397309245
271,0.3,0.7442471302099332,1.0000696539491527
272,0.3,0.741351490305503,0.9821976652149297
273,0.3,0.7416775412463373,0.9930885706917497
274,0.3,0.7424798153895139,0.9879190023388117
275,0.3,0.743160861682518,0.9827425229540369
276,0.3,0.742903439572328,0.9949045721478593
277,0.3,0.7463301181485863,1.0181643803357425
278,0.3,0.7441530823435645,0.997941199136041
279,0.3,0.7453562614025593,1.0042514679233854
280,0.3,0.7461116602206302,1.012037051161838
281,0.3,0.746243283121352,1.013404760429947
282,0.3,0.7443513774010598,0.9919721788577456
283,0.3,0.7449622083839286,1.0009961083466374
284,0.3,0.7429648200235657,0.9925139101779696
285,0.3,0.7462473389398215,1.0134916093919788
286,0.3,0.7458331674322775,0.998293310374459
287,0.3,0.7433113393725632,0.9892984369944673
288,0.3,0.7442580361793997,0.9932098010387821
289,0.3,0.7452047788877298,1.0071415704935254
290,0.3,0.745378819562401,0.9906928544085035
291,0.3,0.7406542795845286,0.9823689294922504
292,0.3,0.7454361779871956,1.0066012229145804
293,0.3,0.7458197028565574,1.00599354140362
294,0.3,0.7432665047669045,0.9938268194526696
295,0.3,0.7459310480752116,1.00387709082143
296,0.3,0.7464323001220524,1.0057493643181092
297,0.3,0.7413325681045329,0.9781480510470744
298,0.3,0.7449375087787733,1.0056256601003992
299,0.3,0.7437183734984254,0.9853259951048872
300,0.3,0.7426711817865886,0.98879502452354
301,0.3,0.7483386679513472,1.0263967672424457
302,0.3,0.7470300903820515,1.0042588990029868
303,0.3,0.7491061151297421,1.0240035881166563
304,0.3,0.7438101599748739,0.9973915377229745
305,0.3,0.745453246511963,0.999393801945997
306,0.3,0.743783143541159,0.9985327457888735
307,0.3,0.7453190698384038,1.0003876152806352
308,0.3,0.7424011155376039,0.9840536867358505
309,0.3,0.7429521253376641,0.9812221084899777
310,0.3,0.7433183470694343,1.0003381937193998
311,0.3,0.7431387643933928,0.9918915113457819
312,0.3,0.7453319767806429,1.0037470448569923
313,0.3,0.7420529859973467,0.9942470851445148
314,0.3,0.7431376950157171,1.000167630056224
315,0.3,0.7455816474422864,1.0011444859938936
316,0.3,0.7451481472935987,0.9945715495656201
317,0.3,0.7464406975216673,1.0128408079403355
318,0.3,0.7450405020923719,1.0133148142417394
319,0.3,0.744738881422927,0.99313989281958
320,0.3,0.7464845300429545,1.0026615638463787
321,0.3,0.7436830181694865,0.9973861377728241
322,0.3,0.7415916166109319,0.9838049289816776
323,0.3,0.743126784682493,0.9924353129870496
324,0.3,0.74408443719711,0.9959369954391332
325,0.3,0.7473198678647978,1.0054506420067146
326,0.3,0.7417241663154365,0.9866625572185799
327,0.3,0.7421826489488452,0.9909761666895958
328,0.3,0.7437372075697865,0.9934329440698385
329,0.3,0.7445386009350211,0.9914475690959226
330,0.3,0.7476108839719942,1.0195840944964816
331,0.3,0.7444249560383236,0.9962775033650082
332,0.3,0.7415646610304335,0.9846031849517566
333,0.3,0.7466574796925323,1.0101073318592986
334,0.3,0.7470935815851614,1.0047502190290813
335,0.3,0.7471534321364253,1.0148921592427247
336,0.3,0.7460423035006052,1.0050591074307218
337,0.3,0.743009493041582,0.9962032558057141
338,0.3,0.7441244854559848,0.9923502859280567
339,0.3,0.7467841685625425,1.0087873872989834
340,0.3,0.7467744112041007,1.0015753875544973
341,0.3,0.7434470769032376,0.9937199015305421
342,0.3,0.7423138944740071,0.9796769193630228
343,0.3,0.7449657001169999,0.987816683028076
344,0.3,0.7457678314665923,1.010259532072388
345,0.3,0.738684773042115,0.9766471534934106
346,0.3,0.7453684756323977,1.0042140497086107
347,0.3,0.7433905599019575,0.9832468015531222
348,0.3,0.7450617246228379,0.9920766272256761
349,0.3,0.7451623394066114,1.0092349032503414
350,0.3,0.7453017036967291,1.0003528121271201
351,0.3,0.742804214467823,0.9835678105272899
352,0.3,0.74491937817459,0.9888252690982332
353,0.3,0.7426119395473418,0.9870145351095293
354,0.3,0.7427160344933635,0.9907228998990766
355,0.3,0.7441016704053766,1.0051088240792538
356,0.3,0.7425192450312592,0.9880003184515905
357,0.3,0.7429882091443728,0.980159032453047
358,0.3,0.7464811416460926,1.0160481237869428
359,0.3,0.744009501799636,0.9974302181919095
360,0.3,0.7452537047624674,1.0011108716025907
361,0.3,0.7442472439149675,0.9949919355554314
362,0.3,0.7427220016548133,0.9912849452071815
363,0.3,0.7454254178666293,1.0013706708442303
364,0.3,0.7460170375429105,1.003837736500189
365,0.3,0.7454920891430645,1.003351699438745
366,0.3,0.7467123541635671,1.0072670691013228
367,0.3,0.7431615473297595,0.9934185019776796
368,0.3,0.7471445524979803,1.0061826339588806
369,0.3,0.7440709230873086,0.9996377624089177
370,0.3,0.7447341343012351,1.0002171870092451
371,0.3,0.7453764140699342,1.0071201868487833
372,0.3,0.7463712776560737,1.006553261142376
373,0.3,0.7440984024441073,1.001286104675433
374,0.3,0.748504914441747,1.0235670902261371
375,0.3,0.7446172548987868,0.9980818103873502
376,0.3,0.7463283437886997,1.0059332207791578
377,0.3,0.7437935187794381,1.0026040748351408
378,0.3,0.7442071582184108,1.001537446119287
379,0.3,0.7411580257865622,0.9837605890111104
380,0.3,0.7404616300758704,0.9690758166263124
381,0.3,0.745685933867002,1.006580782624309
382,0.3,0.7427643380914407,0.9933962682818065
383,0.3,0.7451351698890574,1.001547218835078
384,0.3,0.7459017732516361,1.0103310804046481
385,0.3,0.744372060507409,0.9857578344895274
386,0.3,0.7470820991041384,1.003467582602906
387,0.3,0.7443500724845895,0.9853858244272871
388,0.3,0.7469307383783981,1.0107747021990519
389,0.3,0.7427774587265604,0.9933194988389977
390,0.3,0.7441811801553911,0.9866708192492857
391,0.3,0.7446903321026654,1.0054403177993307
392,0.3,0.7424612167990088,0.9800257163153301
393,0.3,0.746235582101243,1.0100949476718228
394,0.3,0.7449142461317388,0.9979570390260519
395,0.3,0.743368545598183,1.0015336292355028
396,0.3,0.745759312521308,1.0003660778548416
397,0.3,0.7468941016771655,1.0162826178913655
398,0.3,0.7415850605007127,0.9845330775559016
399,0.3,0.7450615088385792,1.0002827074470677
400,0.3,0.7452417794082365,1.0065768649859563
401,0.3,0.7452959752297201,0.9993484097812091
402,0.3,0.7478197654380252,1.014652807911942
403,0.3,0.743774713658911,1.002111851546142
404,0.3,0.7465926763681019,1.0111286915146656
405,0.3,0.7455753966900781,1.001717719450626
406,0.3,0.7406020226995685,0.9778792354133592
407,0.3,0.7434619957668919,0.9932205252237691
408,0.3,0.7454761778172521,1.0008265592497965
409,0.3,0.7464920762488281,1.0028588720432878
410,0.3,0.7448879402277787,0.992120252745515
411,0.3,0.7464199851678889,1.0043766209037133
412,0.3,0.7441629616964551,0.9953837028003999
413,0.3,0.7452307334481105,1.0035366405518251
414,0.3,0.7457928293324301,0.993480128377486
415,0.3,0.7445183719076136,1.0038865183402808
416,0.3,0.7443138041570572,0.9886107530152527
417,0.3,0.7416642500673536,0.9885567695753789
418,0.3,0.7411187267928259,0.9798973342673762
419,0.3,0.7464900556081102,1.0084448594951287
420,0.3,0.7428912930410447,0.9827122784004997
421,0.3,0.7461618606592298,0.9943044691954795
422,0.3,0.7457230792727796,1.004359389851708
423,0.3,0.7404094229955279,0.9835338790529331
424,0.3,0.7490186528338326,1.023440897613155
425,0.3,0.7433059344388783,0.994524436923536
426,0.3,0.7462685252544529,0.9966409202266445
427,0.3,0.7458206844098856,1.0035030535172904
428,0.3,0.7435897780825267,0.9974784737075156
429,0.3,0.7411941493830206,0.9838537434972889
430,0.3,0.7462710471147769,1.0169489453666216
431,0.3,0.7448464053080056,0.9986477282844826
432,0.3,0.743669148862837,1.0023965066353284
433,0.3,0.7443284635636782,0.9987378502468931
434,0.3,0.7426785322576268,0.9860586996089579
435,0.3,0.7462838099708533,1.0088007156304384
436,0.3,0.7408402304892124,0.9807726050385438
437,0.3,0.7458876950158454,1.008711683653611
438,0.3,0.7429861153243671,0.9953706654420766
439,0.3,0.7446707890076119,0.9950673793240696
440,0.3,0.7465214123553592,1.0080716386455981
441,0.3,0.7433009610114485,0.9894842422702551
442,0.3,0.7454892107033594,1.0065542965906824
443,0.3,0.7460458151610517,0.9941308600321086
444,0.3,0.7447591424072466,0.9947542207986885
445,0.3,0.7452964869291934,1.0024817289408834
446,0.3,0.7440185054987742,0.9999276357260845
447,0.3,0.7448668271782135,1.0067546783865746
448,0.3,0.7458910479293838,1.0059205894498213
449,0.3,0.7432729807014865,0.9960432489890417
450,0.3,0.7449923817528419,0.9947373183017204
451,0.3,0.7435910839576068,0.9941543952064826
452,0.3,0.7423716302445036,0.9880790340321037
453,0.3,0.7439098738251221,1.0013777548893823
454,0.3,0.7448451885818804,1.0025845209914912
455,0.3,0.7432254307176368,0.9867502562994092
456,0.3,0.7445992348593644,0.9973304321807065
457,0.3,0.7455330269705766,1.0089065103052144
458,0.3,0.7462878640645828,1.0057069923662105
459,0.3,0.7454553224295793,1.0115973913913712
460,0.3,0.745119180650781,0.9981949779015388
461,0.3,0.7471001302324727,1.0060231697800102
462,0.3,0.7453507278924262,0.9982162640070803
463,0.3,0.7461490793780007,1.0074550033102976
464,0.3,0.7427397091431545,0.994920142873608
465,0.3,0.7464538280528191,1.0143067657821352
466,0.3,0.7445124482583123,1.0046430052444129
467,0.3,0.7454491239515857,1.00001972339313
468,0.3,0.7465010712381351,1.0103816088918403
469,0.3,0.7458274077128897,1.0009168388111815
470,0.3,0.7464559278582893,1.0114289793017384
471,0.3,0.7449170097791025,0.990267574484847
472,0.3,0.7437454665771545,1.000012758269254
473,0.3,0.7439751832525794,0.9971788043529017
474,0.3,0.745469003452814,1.0045036248922983
475,0.3,0.7456864065148582,1.004006424093818
476,0.3,0.7432765967219667,0.9904875692352779
477,0.3,0.7416358730666213,0.9860281471624458
478,0.3,0.7434823628101009,0.9906635423390409
479,0.3,0.7441562427620468,0.9867277437055482
480,0.3,0.7435966761380582,0.9924677764616266
481,0.3,0.7450027102893118,1.0029098859035877
482,0.3,0.7457922788170241,0.992353607873966
483,0.3,0.7430371080880781,0.9947215483022918
484,0.3,0.744530259344147,0.9973661990669047
485,0.3,0.7457869133934795,1.0068589292603276
486,0.3,0.7470636374330633,1.0061129437555556
487,0.3,0.7474580957794537,1.0124017834109558
488,0.3,0.7451357565647401,1.000411390972424
489,0.3,0.7467996130940001,1.0082872609339553
490,0.3,0.7443306009147853,0.9968790100308909
491,0.3,0.745992582485936,0.992313278009857
492,0.3,0.7457493247748793,1.0058418671004135
493,0.3,0.74510576085155,1.0017710664879758
494,0.3,0.7468536141114235,1.005943061257054
495,0.3,0.7453045579379173,1.0003790894387112
496,0.3,0.7430771275520971,0.9969874652554971
497,0.3,0.7454148532732996,1.0087912828962384
498,0.3,0.7372904481715089,0.9791181344684594
499,0.3,0.7431733474174498,0.9959941287078009
500,0.3,0.7491002048898427,1.0217977768747981
1,0.25,0.7444625607720107,0.9906070743515277
2,0.25,0.7449243046703061,0.9971915226357367
3,0.25,0.7442439993777945,0.9926431421874141
4,0.25,0.7470504494615435,1.0082933054779712
5,0.25,0.7450692790612324,0.991933340311203
6,0.25,0.747173472090689,1.0245375166983606
7,0.25,0.7432347733254691,0.9941449008664293
8,0.25,0.7436479007018493,0.9991468863355636
9,0.25,0.745321652820214,1.0028629311180006
10,0.25,0.7427666185290248,0.9892531445746677
11,0.25,0.7419345276219594,0.9891977750365426
12,0.25,0.7469686973126638,1.016165276401187
13,0.25,0.7412448546421382,0.9876475819932181
14,0.25,0.7425526100269103,0.9933083797295214
15,0.25,0.744849059075002,1.0062764797002144
16,0.25,0.7448550716194544,1.00140454761704
17,0.25,0.745022463963781,1.003864594095842
18,0.25,0.743666250858408,0.9832958028807397
19,0.25,0.7447672630277354,0.9960303112425734
20,0.25,0.7452696590874903,0.9875868409941979
21,0.25,0.7436424098989801,0.9896446916067769
22,0.25,0.7412021689143362,0.9862432185650515
23,0.25,0.747356828573099,1.014212219424111
24,0.25,0.7479052010597229,1.015310582849767
25,0.25,0.7451840137367058,1.003609505756797
26,0.25,0.7458419158834705,1.0039163534021194
27,0.25,0.742081871285674,0.9837749518032352
28,0.25,0.7445580802277446,0.996527582078011
29,0.25,0.7420881716339744,0.9828630925679095
30,0.25,0.7444811329687597,0.9920581391718694
31,0.25,0.7431456312397157,0.9977093982258977
32,0.25,0.7455708107222976,1.008669314859284
33,0.25,0.7452687273651265,1.0057593839118568
34,0.25,0.744843175638866,0.9964603209372044
35,0.25,0.746013002320931,1.0037020718880518
36,0.25,0.7428273077475747,0.9820553462949615
37,0.25,0.7453293381724878,0.9959776506114381
38,0.25,0.7435809162612877,0.9944609706074893
39,0.25,0.7464880542256094,1.0012769682983997
40,0.25,0.7429599018763119,1.0003333064785849
41,0.25,0.7466328726379283,1.0107147552310929
42,0.25,0.7456553745283357,1.0014175912641907
43,0.25,0.7441542732124036,0.997862543413581
44,0.25,0.7450791356706621,1.0030310577517094
45,0.25,0.744457623342036,0.9998992603172981
46,0.25,0.7452877050350901,0.9982890408827445
47,0.25,0.7443084236720298,0.9927794828531287
48,0.25,0.7437372516833953,0.9956731567559088
49,0.25,0.7468669281630547,1.0123348505968677
50,0.25,0.745320085021307,0.9998659389614031
51,0.25,0.7464100025108824,1.0077836929356243
52,0.25,0.7424440561799486,0.9923503010124911
53,0.25,0.7444060063796429,1.0025619442938982
54,0.25,0.7429487396923192,0.9935390560202001
55,0.25,0.7439370205963722,0.9941613406489302
56,0.25,0.7436742754521225,0.9904134009800172
57,0.25,0.7461075948756309,1.0068492705776788
58,0.25,0.742218532405627,0.9833292141305366
59,0.25,0.7430089376935562,0.9908288583554304
60,0.25,0.7456821621543801,0.9980713213881507
61,0.25,0.7421935516456656,0.9848202660532824
62,0.25,0.7459714728741142,1.0041073917764083
63,0.25,0.7457294596262147,1.0054274820689972
64,0.25,0.7431547491957745,0.9881390665049239
65,0.25,0.7451688252910363,1.0016991685498602
66,0.25,0.7456670894003462,0.9921027334913575
67,0.25,0.7469693879441794,1.0127557287333013
68,0.25,0.7464413764465542,1.0046876925462105
69,0.25,0.7472606587059665,1.0221715213266735
70,0.25,0.7465305145575527,0.9924022930158625
71,0.25,0.7466506094321189,1.0017703619980158
72,0.25,0.7424808505027897,0.9783631788021818
73,0.25,0.7474257084807729,1.0111697634407781
74,0.25,0.7454716352493624,0.9920020059318406
75,0.25,0.748448355608132,1.0252673105268375
76,0.25,0.7434792583767558,1.0046021834136334
77,0.25,0.7454786903281106,1.0048382810135879
78,0.25,0.7455128472500688,1.0102894219316316
79,0.25,0.7476160894490202,1.0094641184247888
80,0.25,0.7459611213757865,1.0096247297070906
81,0.25,0.7433221610316285,0.9869235561093682
82,0.25,0.744111314055003,0.9912238121932485
83,0.25,0.7443583157571166,0.9966158548480508
84,0.25,0.7455149323432781,0.996617517181984
85,0.25,0.745801578319611,1.0097788903792555
86,0.25,0.7438682194751427,0.9937870852433512
87,0.25,0.7467322025065184,1.0086869669523442
88,0.25,0.7445948138689339,1.0014409297849811
89,0.25,0.7400678892357517,0.9749197727007517
90,0.25,0.7465796850623335,1.0147073000459204
91,0.25,0.7456430905960217,0.9982995225201888
92,0.25,0.7428090973328436,0.9919848644267729
93,0.25,0.744342665705257,0.9985926796082089
94,0.25,0.7423730083596568,0.9908620057657023
95,0.25,0.7477755515169886,1.0239305939463061
96,0.25,0.7416849660712478,0.9834917784019216
97,0.25,0.7423533743210673,0.9850696969021903
98,0.25,0.7433572705122152,0.9980333803649403
99,0.25,0.7467208706398288,1.007628045071988
100,0.25,0.745523940176536,1.0040984332374046
101,0.25,0.7442512404845092,0.9959140791916263
102,0.25,0.7454442848145839,0.9953948452366005
103,0.25,0.7458643602745172,1.0118448749029716
104,0.25,0.744351012848315,0.9966522096846196
105,0.25,0.7466409221915322,1.0144496556674985
106,0.25,0.7435582532983375,0.9970904387078713
107,0.25,0.7449864948886308,0.9999004719138992
108,0.25,0.7448820720401814,1.0032612863202528
109,0.25,0.745075762769858,0.9912980513043471
110,0.25,0.7444725869023524,0.9891622063040918
111,0.25,0.743163868457233,1.0024383586489196
112,0.25,0.7433113501460711,0.9957772968553017
113,0.25,0.7436434398670659,0.9993255320650638
114,0.25,0.7486384718029945,1.0236422205265863
115,0.25,0.7435489309256325,0.9957860903122223
116,0.25,0.7447243335548104,0.9965189694113904
117,0.25,0.7444361300149348,0.9953715268345164
118,0.25,0.7446495368341975,1.0073844933533609
119,0.25,0.7451967638408354,1.0007368137804902
120,0.25,0.7425483943416997,0.9907260222418337
121,0.25,0.7438776368960383,0.9962473281786116
122,0.25,0.7450925219214848,1.0094402391212862
123,0.25,0.7462868533718073,1.0016911581426764
124,0.25,0.7457496944136961,1.0058140564114375
125,0.25,0.7435308359649502,0.9929161555509293
126,0.25,0.7466266415063415,1.0085576374848064
127,0.25,0.7339264702068282,0.9780726314246069
128,0.25,0.746739762592601,1.006569234728246
129,0.25,0.7451945969702716,0.9888492669074908
130,0.25,0.7453928446678213,0.9963010446397625
131,0.25,0.7461802182083441,1.0063491673770117
132,0.25,0.7455244547077132,1.0095376870514
133,0.25,0.7468012391360292,0.9966946165668528
134,0.25,0.7440572267498994,0.9864899860780146
135,0.25,0.7463147059152668,1.0135528312211022
136,0.25,0.744627426296535,0.9962204962409698
137,0.25,0.7449739311593642,0.9920620232463173
138,0.25,0.7442184660743416,0.9919761335628934
139,0.25,0.7458658148064589,1.0048137646176452
140,0.25,0.7436367162374745,0.9977498142574452
141,0.25,0.7458313315694,0.9939496295917263
142,0.25,0.7470911759743057,1.0146273264728576
143,0.25,0.7441976414973995,0.9973685765222862
144,0.25,0.7448920639888922,0.993215454176168
145,0.25,0.7427419098574108,0.9897777859602008
146,0.25,0.747066332704617,1.0127976261092977
147,0.25,0.74630971904017,1.0079587046692995
148,0.25,0.7471234617630989,1.0160712584804559
149,0.25,0.746579697731958,1.0098098192948306
150,0.25,0.7468340100331471,1.0019778030372564
151,0.25,0.7434765039954128,1.00088072974928
152,0.25,0.7420081744545266,0.9721774533499624
153,0.25,0.7417136189388244,0.9831757360344792
154,0.25,0.7462320149878765,1.0061961539295123
155,0.25,0.7450679209113249,0.9917792087233938
156,0.25,0.7458044408503534,1.0182155168501905
157,0.25,0.7444270658392627,0.9891947383484336
158,0.25,0.746532216512868,1.0016135605734862
159,0.25,0.7438905186209879,0.9971967713160316
160,0.25,0.7467312180852002,1.0111126193874325
161,0.25,0.7417227810632394,0.9871297680082288
162,0.25,0.7475879525307841,1.0108641768746534
163,0.25,0.7464059554055227,1.0019326525789614
164,0.25,0.7464112727075864,1.0141024896014477
165,0.25,0.7436570288466928,0.9872181472171917
166,0.25,0.745077833068996,0.9994836748013296
167,0.25,0.7429583194942613,0.9802425266202414
168,0.25,0.7444376398685246,1.0032692229553433
169,0.25,0.7449671431379818,0.9982486702974867
170,0.25,0.7455186479872602,0.9953138224683091
171,0.25,0.7448148436389864,0.9950858792073607
172,0.25,0.7461486426013979,0.9964409172653556
173,0.25,0.7472365260504599,1.0109688493621127
174,0.25,0.7485543767089204,1.0196976276751786
175,0.25,0.7427674320988509,0.9907360655260735
176,0.25,0.7443427368083853,0.9939887879398642
177,0.25,0.7457838467700161,1.010682895183745
178,0.25,0.741217271444932,0.978229220708435
179,0.25,0.7465027645317716,1.0086170599614426
180,0.25,0.7458157191621427,1.0081940175154556
181,0.25,0.7446395781432937,1.0023136954720788
182,0.25,0.7455334587691148,1.0047122131444726
183,0.25,0.7440519084899102,1.0003261260866738
184,0.25,0.7433190352621256,0.9876778804023011
185,0.25,0.7396254572017579,0.9817391033927011
186,0.25,0.7444563243951513,0.9963009764121973
187,0.25,0.7438227636594353,0.981413815483935
188,0.25,0.7424899330051443,0.9925448094947042
189,0.25,0.747546613066786,1.020196263242267
190,0.25,0.7457278814736948,1.014709586683545
191,0.25,0.7481341096803721,1.0190393456023212
192,0.25,0.7438135301676974,0.9998118282486906
193,0.25,0.7460227787218517,1.0098648528760865
194,0.25,0.7453575814066107,0.999331635914097
195,0.25,0.7455218523820445,1.0069417184887262
196,0.25,0.7442339588110537,0.9905823274239034
197,0.25,0.7445919745793548,0.9918824506643825
198,0.25,0.7439422425176196,0.9967617980181439
199,0.25,0.746383430886582,1.01154922102164
200,0.25,0.7452320768345471,1.01082466615012
201,0.25,0.7434387676715508,0.9925523072862895
202,0.25,0.7441598561498478,0.99545838117663
203,0.25,0.7438749679465616,1.0013043967792175
204,0.25,0.7432921741378808,0.9898208174893083
205,0.25,0.7422013962424191,0.9953502309859498
206,0.25,0.7474070063087558,1.014303509516833
207,0.25,0.7420356388719527,0.993295839741911
208,0.25,0.7419902753949739,0.9980070846700912
209,0.25,0.7447100931799744,1.0008275165366751
210,0.25,0.7462768043502462,1.006290490600758
211,0.25,0.7420744387035363,0.9833327175025097
212,0.25,0.7476410367088574,1.010095790063837
213,0.25,0.7453083343207981,1.0042834466974282
214,0.25,0.7464388614478807,1.0023678675554537
215,0.25,0.746481876674772,1.0087554842269406
216,0.25,0.7479035116377445,1.0109417875968725
217,0.25,0.7431938217254749,0.994720887147906
218,0.25,0.7437628924497381,0.9990787851623211
219,0.25,0.746185691756295,1.0100125681841194
220,0.25,0.7438174298720394,0.981860665336173
221,0.25,0.7464146792570524,1.0089101361205917
222,0.25,0.743806011125186,0.990153588314417
223,0.25,0.745136214081998,0.995936414833681
224,0.25,0.7438883235725744,0.9844999701016959
225,0.25,0.7423730619580234,0.9915371302997333
226,0.25,0.745664043797974,1.0053269961392743
227,0.25,0.7431396349271532,0.9915317470556793
228,0.25,0.7429029932222188,0.9877787805138364
229,0.25,0.7436467027769982,0.9941719006134252
230,0.25,0.7445060680011685,0.9952749750472081
231,0.25,0.7454638686221325,0.990443422510077
232,0.25,0.7422421541391644,0.9940365633055415
233,0.25,0.7430702179298617,0.9876997626069981
234,0.25,0.7455483405556258,1.0009106140800843
235,0.25,0.7453842978587929,1.0087987464835253
236,0.25,0.7460350192712611,1.0109912731807154
237,0.25,0.743840933082183,0.9977514275810595
238,0.25,0.7414984590164684,0.9871630722835109
239,0.25,0.7458063459220552,1.0106889778642352
240,0.25,0.7446421291704749,1.0001335057067393
241,0.25,0.7436673526372677,0.9869219865692397
242,0.25,0.7464333543112477,1.0010543825795835
243,0.25,0.7445181051271033,0.999740740519047
244,0.25,0.7453040071840021,0.9920847262751792
245,0.25,0.7419344383108508,0.9865598783653442
246,0.25,0.74362177332184,0.9942240778958645
247,0.25,0.7451409143061306,1.0051147016628843
248,0.25,0.7458212498393476,0.9960182670080845
249,0.25,0.7479561487666339,1.0208177967044116
250,0.25,0.7429225586325683,0.9872996491976582
251,0.25,0.7469533090639833,1.0118930525130576
252,0.25,0.7462145744607661,0.997811973025597
253,0.25,0.7450490782230035,1.0018878912061568
254,0.25,0.7452099276041657,1.0039029219594977
255,0.25,0.7440297361080976,1.001413582707004
256,0.25,0.7468335472898057,1.0173495802538033
257,0.25,0.7408278906293903,0.98733955616322
258,0.25,0.7425465530220327,0.993991229200933
259,0.25,0.7435132195125888,0.9898829943452292
260,0.25,0.7413455059567565,0.9819347749380152
261,0.25,0.7418988463993815,0.9887424321330821
262,0.25,0.7459546893040571,1.0104380628267098
263,0.25,0.7457771387993367,0.999524791947826
264,0.25,0.7443779634226186,1.0132224642296546
265,0.25,0.746426180070393,1.0031547352004102
266,0.25,0.7464477103465913,1.0062682231659108
267,0.25,0.7458184040334453,1.0047672575841167
268,0.25,0.7417060014418728,0.9728048516438547
269,0.25,0.74372616278615,0.9890218267376717
270,0.25,0.7437491433827124,0.9955187223347559
271,0.25,0.7481297247714352,1.0142771815348508
272,0.25,0.7423039823246701,0.9892574000858791
273,0.25,0.746103464089219,1.0045200362801368
274,0.25,0.743958235090211,0.993814639520717
275,0.25,0.7444577025225602,0.9970522390418515
276,0.25,0.7456428019165964,1.0119088539634444
277,0.25,0.7453216124313504,1.0153752984329358
278,0.25,0.745276715439394,0.9944735897760892
279,0.25,0.7406337656275859,0.9816223351188541
280,0.25,0.7435130439534955,0.9973493632884677
281,0.25,0.7476755284559251,1.0149091019253478
282,0.25,0.7389853545359307,0.978933929046505
283,0.25,0.7437459892868546,0.9850800846634185
284,0.25,0.7473335174318664,1.0104254346959756
285,0.25,0.7481937479974017,1.0173190417866482
286,0.25,0.7461009505959539,1.0076637478832553
287,0.25,0.7437312175256869,0.9860354515532398
288,0.25,0.7447090366032747,0.9947406921434495
289,0.25,0.7446605234639463,0.9962010428341964
290,0.25,0.7453303999324595,1.0080018938146444
291,0.25,0.7464798206281976,1.0117409906869674
292,0.25,0.7424445152733669,0.9889958435187045
293,0.25,0.7445775996980881,1.00721143135579
294,0.25,0.7461062760542172,1.0039200899027234
295,0.25,0.7463590277502844,1.0130033347071539
296,0.25,0.7401826086179655,0.9726767013002388
297,0.25,0.7442435430619108,0.993152388451133
298,0.25,0.7453517632501236,1.0024746496077375
299,0.25,0.7429241501316122,0.9977028880405723
300,0.25,0.7456866105412069,0.989629884030818
301,0.25,0.7459274455965758,1.0100395144759553
302,0.25,0.7457342826709975,1.0017279871790779
303,0.25,0.7439320788454601,0.9914204199793777
304,0.25,0.7451249742886182,0.9946048684267341
305,0.25,0.7466116961606649,1.0059033849626757
306,0.25,0.7432428488414214,0.9892008024337263
307,0.25,0.7424872434704629,0.9903124114547249
308,0.25,0.743596840282486,0.9938153520603739
309,0.25,0.7439796092490849,0.9987448818100491
310,0.25,0.7471441819864787,1.0138379233739065
311,0.25,0.744313130093476,0.9942137491657048
312,0.25,0.7446175562660183,1.005221899612181
313,0.25,0.7413581983081048,0.9895792070284463
314,0.25,0.7448322502242796,1.0050200234754498
315,0.25,0.7448179111417511,1.0101495415344082
316,0.25,0.7475384214001065,1.0122236878839572
317,0.25,0.7420980080393964,0.9875213144263938
318,0.25,0.7454673905768543,1.0046367872085586
319,0.25,0.7458218532329264,0.9983956047767133
320,0.25,0.7459994758341003,1.0016339644832781
321,0.25,0.7433610424670863,0.9914558201131858
322,0.25,0.7449266069461763,0.9908797326390469
323,0.25,0.7454556869901395,1.0085434167731429
324,0.25,0.7443363880668947,0.9946960438353741
325,0.25,0.7454293849737744,0.9976507737364935
326,0.25,0.743975493750458,1.0030467925155164
327,0.25,0.7421436304702552,0.9920898679172362
328,0.25,0.7436436168330526,1.002181291801589
329,0.25,0.7438686698001331,0.9985586643624236
330,0.25,0.7442390284438309,0.9972839674746331
331,0.25,0.7463390967552129,1.0129353565980437
332,0.25,0.7435309305605966,0.9945306474929797
333,0.25,0.7442673801187588,0.9952226513338609
334,0.25,0.7458194886718243,1.0127080838519078
335,0.25,0.7479340493670812,1.0233792366800607
336,0.25,0.7449485144999606,0.998025132927254
337,0.25,0.7480406734509226,1.0133433067630044
338,0.25,0.7431084602537145,1.0009657683365114
339,0.25,0.7442992156239928,0.9925469305650649
340,0.25,0.745195138765727,1.0010533735962457
341,0.25,0.742666735414081,0.9888655351792761
342,0.25,0.7439547215903077,0.9873939488566069
343,0.25,0.7437330424823193,0.9856392547582347
344,0.25,0.743572756193467,0.998061038259603
345,0.25,0.7488444126337569,1.0193046335427223
346,0.25,0.7392845164417281,0.9778210282921108
347,0.25,0.7411801490463366,0.9879173408284413
348,0.25,0.7446845682618091,1.0093348981542731
349,0.25,0.7467040508162728,1.0111027243613195
350,0.25,0.7446727732505902,1.0045769209404503
351,0.25,0.746200413273802,1.006482819310071
352,0.25,0.7444489462481371,0.9981114318127791
353,0.25,0.7447299335093125,0.9945232471017703
354,0.25,0.7415294309045101,0.9909873229901925
355,0.25,0.7455318236100189,1.0081630057093944
356,0.25,0.7440897847804977,0.9983153895029717
357,0.25,0.7452256028881279,1.0013821768811932
358,0.25,0.7440842000461,1.0052891191530517
359,0.25,0.7434215586823384,0.9953133215654817
360,0.25,0.7435439070398978,0.986084435849484
361,0.25,0.742685782023295,0.9875062251612712
362,0.25,0.7435804889984242,0.9920111338020445
363,0.25,0.7450187895347208,0.9961713236476971
364,0.25,0.7445006732625561,0.9923111725187975
365,0.25,0.7454546267476732,0.9971228305149319
366,0.25,0.7427375315154163,0.9932007098823579
367,0.25,0.7410198982429012,0.9890382459717039
368,0.25,0.7482987012497327,1.0170453975325742
369,0.25,0.7445916300163758,1.0096895945254167
370,0.25,0.7469228141949287,1.0139694622242492
371,0.25,0.7455389722460772,1.0044372123330545
372,0.25,0.7442271095837646,0.9998460691847326
373,0.25,0.7470222076452719,1.0111614237345754
374,0.25,0.743963358641229,0.9888810762506566
375,0.25,0.7458013486914113,0.996462030860033
376,0.25,0.7465069501865743,1.0039410586683148
377,0.25,0.7426123389616447,0.9848424219457763
378,0.25,0.7433512450680432,0.9870065849414884
379,0.25,0.7451939326395605,1.005153081133372
380,0.25,0.740511493135458,0.9867309705152809
381,0.25,0.7467358870597415,1.001463163597564
382,0.25,0.7462753662801286,1.005131088177835
383,0.25,0.7423969210374732,0.9892161921549578
384,0.25,0.7448363751985798,0.9985064375306163
385,0.25,0.7433231661796971,0.9943641371444941
386,0.25,0.7466155603678087,1.0126404713245687
387,0.25,0.7415629800456187,0.9773666944811187
388,0.25,0.745622891433081,1.005677303855728
389,0.25,0.7420907145803224,0.9800319244612643
390,0.25,0.7465108990455388,1.015442658144317
391,0.25,0.7448427348551611,0.9917281332145661
392,0.25,0.74323998743796,0.9916264986818392
393,0.25,0.7457960473382657,0.9976011057768136
394,0.25,0.7430809885596983,0.9921543106323082
395,0.25,0.7447403118709566,0.994446056434384
396,0.25,0.7463855217331309,0.9984727000893893
397,0.25,0.742432373988109,0.9919074529465989
398,0.25,0.7443251347588196,1.0063563581878783
399,0.25,0.7432796034011834,0.9828417844328837
400,0.25,0.7436211522814311,0.9964260177216249
401,0.25,0.7456308884659772,1.0004083305981648
402,0.25,0.744924812812215,0.9991183722002193
403,0.25,0.7450408547337404,0.991275556616392
404,0.25,0.742140829223768,0.9920128268499825
405,0.25,0.7452885887418361,0.9967252118768996
406,0.25,0.7486251963208976,1.0163035548802264
407,0.25,0.7457771236082452,1.0011199802289936
408,0.25,0.7459424166553597,1.0007972703472363
409,0.25,0.7448292067705242,0.9952418838419992
410,0.25,0.7449988912319483,0.9953067340925029
411,0.25,0.7460662560512995,1.0059778494039067
412,0.25,0.7479344034141058,1.0108215681004793
413,0.25,0.7463481004804047,1.0045434359648004
414,0.25,0.7442737613719177,0.9984987247596547
415,0.25,0.744936130325558,1.0045335861475855
416,0.25,0.7438353007965719,0.9987352995945908
417,0.25,0.7459519808539045,1.001200542932145
418,0.25,0.7470991711145821,1.006418882034484
419,0.25,0.7420924309140633,0.9833871256730354
420,0.25,0.7452983148232879,0.9953966173071981
421,0.25,0.7451790819871098,1.0045563459739988
422,0.25,0.7472963672138064,1.0147639125531844
423,0.25,0.7444850932513608,0.9950287965190941
424,0.25,0.7417323022557009,0.9908881540421279
425,0.25,0.746242782712533,1.0137597313103788
426,0.25,0.7454818551624127,1.0064083176176886
427,0.25,0.7418922535684901,0.9953162312750323
428,0.25,0.7455590232562433,1.003100066346843
429,0.25,0.7425895319454592,0.9929406308895409
430,0.25,0.7430400359916737,0.9870095430447503
431,0.25,0.744499227774684,0.998859390620176
432,0.25,0.7400549199873077,0.9774743278130021
433,0.25,0.7446257626808118,0.9962226307030988
434,0.25,0.741113268260478,0.9828903900663828
435,0.25,0.7403791867792009,0.9847305230127709
436,0.25,0.7421231328990151,0.9932005586202032
437,0.25,0.7456995713152497,0.9959684236109244
438,0.25,0.7464155314971188,0.9993120693361115
439,0.25,0.7444607928924176,0.9989714741038261
440,0.25,0.7423071624459068,0.9891531468717567
441,0.25,0.744153027716135,0.9985064314262806
442,0.25,0.7439397276704247,0.9890236157657414
443,0.25,0.7457457326263042,0.9925346678115177
444,0.25,0.7446760342785756,0.9948217350100381
445,0.25,0.7442277290873117,0.9854320584819423
446,0.25,0.7448323026054363,1.0036613050464562
447,0.25,0.7442831131430638,0.998079199035044
448,0.25,0.7418105216842501,0.9892734962251927
449,0.25,0.7430898940084097,0.9956076476040485
450,0.25,0.7469235803947543,1.003905168427043
451,0.25,0.7438593773550075,0.9952767104397316
452,0.25,0.7452822828087244,0.995482246840899
453,0.25,0.7434207904912227,0.994900853416628
454,0.25,0.7445960347963361,0.9961692094355437
455,0.25,0.7446317836738442,0.9927309048306712
456,0.25,0.7456855416667605,1.0042884652991133
457,0.25,0.7438267184217641,1.0008135321972156
458,0.25,0.7468595211287183,1.019425252913167
459,0.25,0.7443599993082659,0.992409334974679
460,0.25,0.7463357934451414,1.0014664124164805
461,0.25,0.7410902186100613,0.9845956137252307
462,0.25,0.7450533106414869,0.9984350936333517
463,0.25,0.7420795330882958,0.9965998293854119
464,0.25,0.7450745938002,0.9998401578569602
465,0.25,0.7418743444184615,0.9916384911285768
466,0.25,0.7463062295245152,1.0103236164248321
467,0.25,0.7421515600318549,0.9873603241112998
468,0.25,0.7434992429255581,1.0066019962797272
469,0.25,0.7464475753188746,1.002945271805632
470,0.25,0.7450267742835373,1.0019961935235908
471,0.25,0.7444812832662275,1.0029625773182427
472,0.25,0.74178515667091,0.9847542217184636
473,0.25,0.7489722514170518,1.0203251159357551
474,0.25,0.7439926488303568,0.9921901394664285
475,0.25,0.7429708633931664,0.9952858760935834
476,0.25,0.7457214307811939,0.998139083607547
477,0.25,0.7425964299473703,0.9950039208904148
478,0.25,0.7431615791749194,0.9915477401431697
479,0.25,0.7415778175164792,0.9798007579913051
480,0.25,0.7455656182288036,1.0022403216145948
481,0.25,0.7423143434875152,0.9931697410815483
482,0.25,0.7427206250298632,0.9933419797075189
483,0.25,0.7428483935335521,0.9972385138158546
484,0.25,0.7456759446821171,1.0002069951279922
485,0.25,0.7430377881756177,0.9973915003337924
486,0.25,0.7434823200936191,0.9914685762297436
487,0.25,0.741624766099083,0.9823828352237814
488,0.25,0.7455986149539134,1.0065752826080174
489,0.25,0.7475618659743658,1.0195709641047053
490,0.25,0.741756155164035,0.9901896779894266
491,0.25,0.7439779367278484,0.9891704078819776
492,0.25,0.7404472783006295,0.9846540908600552
493,0.25,0.7459455263042397,1.005831334116272
494,0.25,0.7429078223242419,0.9923195940352335
495,0.25,0.7433587569114417,0.9939051065282415
496,0.25,0.7464027306800018,1.0021765508463187
497,0.25,0.7482908031939616,1.015950528286243
498,0.25,0.7429208191228165,1.0064748217974107
499,0.25,0.7478236896076732,1.016452162985906
500,0.25,0.7449657267511449,0.9995598778458948
1,0.2,0.6321018121897224,1.003091863140649
2,0.2,0.631019757205644,0.9844785438840502
3,0.2,0.6329598325255237,1.0029240239520107
4,0.2,0.6304828046206439,0.9978621008443596
5,0.2,0.6319565143333755,1.0064415406386638
6,0.2,0.6315847491272492,1.0016416866080275
7,0.2,0.6309020997211288,0.994322402796829
8,0.2,0.6332756005543244,1.003095052454149
9,0.2,0.6317807770268606,1.0016103998973427
10,0.2,0.6336494373586676,1.0054769079320545
11,0.2,0.6300947131478829,0.983635949428873
12,0.2,0.6320788641900236,1.0079585493903547
13,0.2,0.6330394200835828,1.0075700298973815
14,0.2,0.6316973015502533,0.9979413758213155
15,0.2,0.632022225986016,0.9962592762528645
16,0.2,0.6300076397039228,0.9952098884434923
17,0.2,0.6306920830018334,0.9836394198152811
18,0.2,0.6337984915835242,1.0029827796272657
19,0.2,0.6302313640483098,0.9960777964260867
20,0.2,0.6308094104375174,0.9950016359385658
21,0.2,0.6316802427361466,0.9967643096604486
22,0.2,0.6328628613237369,1.0032185330628764
23,0.2,0.6293363734852103,0.985387130531765
24,0.2,0.6307687229274942,0.9919413548042465
25,0.2,0.6323525648578493,1.0028398852246392
26,0.2,0.6307881517063565,0.9976318022244712
27,0.2,0.6327644220321073,1.0036593822644646
28,0.2,0.6324022017853612,0.9945073686081368
29,0.2,0.6329492273152241,1.0055771068176873
30,0.2,0.6316870399342361,1.0023248027487337
31,0.2,0.6308489110270805,0.9925223874150468
32,0.2,0.6313103705723634,0.9985752520017511
33,0.2,0.6277565308801427,0.9810293375282689
34,0.2,0.6311563297054364,0.9936325178842936
35,0.2,0.63290233289683,1.0076123746216517
36,0.2,0.6313489518065756,0.9886375133031354
37,0.2,0.6316993870495042,1.0005167735583789
38,0.2,0.6321121906869814,0.9954410536182158
39,0.2,0.6323065042900927,1.0020385509443568
40,0.2,0.6316962756822814,0.9975275809437232
41,0.2,0.6322381432707841,0.9956602508458097
42,0.2,0.6318159274354288,1.004756679111615
43,0.2,0.630569405868833,0.9956793149838306
44,0.2,0.6305606771749934,0.9893309879776576
45,0.2,0.6332825401887056,1.0125215759765926
46,0.2,0.6336095296313001,1.012595387856427
47,0.2,0.632153754476712,1.0054006858872129
48,0.2,0.6327811752258565,1.0032243826843146
49,0.2,0.6328749353653971,1.00377225957955
50,0.2,0.6324298637636635,1.001376110635681
51,0.2,0.631058508279634,0.9908895651540102
52,0.2,0.6318039957145156,0.9998385534248422
53,0.2,0.6299103043689651,0.9936996912033933
54,0.2,0.6312192645657162,0.9948061059628498
55,0.2,0.6323973220280312,0.9938052060134984
56,0.2,0.630660420564413,1.001444460176503
57,0.2,0.6325573468712635,1.0070481514476557
58,0.2,0.6313676990482583,0.9981234556572803
59,0.2,0.631906631194798,1.005859926285821
60,0.2,0.6308536818715827,0.9886831765603473
61,0.2,0.6321443851724596,0.9983467854707586
62,0.2,0.6295146758914293,0.9889080994637981
63,0.2,0.6317668852874654,0.9912539984786563
64,0.2,0.6302624362864905,0.9939094596078447
65,0.2,0.6315479469052176,1.0001316735682608
66,0.2,0.6304582800433688,0.9895283451651923
67,0.2,0.6334054621019137,1.012444906680588
68,0.2,0.6320675813754699,1.00698943169688
69,0.2,0.631651072005931,0.9977676411315047
70,0.2,0.6312879493429466,0.9931919502328844
71,0.2,0.6321111716625424,0.9990993507291732
72,0.2,0.6329309599935711,1.0116006121202332
73,0.2,0.6309856830185194,0.9930489108754319
74,0.2,0.6321957277857413,1.0072987506662852
75,0.2,0.6297609413377804,0.9819104641084992
76,0.2,0.6308078673551688,0.994932026649551
77,0.2,0.6303219222149762,0.997313744503991
78,0.2,0.6311999325025047,0.9925678119770216
79,0.2,0.631821415244234,0.9990940200882915
80,0.2,0.6306930398248,0.9934952974492299
81,0.2,0.6305275492125375,0.9912551831034911
82,0.2,0.632505192849304,1.0065275507594742
83,0.2,0.6318026698083167,0.98051785828531
84,0.2,0.631874286668872,0.9967584613409785
85,0.2,0.6315740447732475,1.0005026120133649
86,0.2,0.6299476907746036,0.9908983017285943
87,0.2,0.632322387371776,1.0051030096706903
88,0.2,0.6306921827219846,0.9973712473505373
89,0.2,0.6325452935121693,1.0007320589040036
90,0.2,0.6324058710054153,1.0077381148627291
91,0.2,0.6311901616412221,0.9949648869504478
92,0.2,0.6322460988581845,1.0015903533864976
93,0.2,0.6286157415516678,0.979388575629161
94,0.2,0.6309040188049532,0.9954337829313713
95,0.2,0.6301070646018722,0.9852406556038861
96,0.2,0.6334497141677478,1.0105357894872369
97,0.2,0.6288537328250746,0.9818899369221241
98,0.2,0.6328001527747384,1.0077894410883632
99,0.2,0.6294726463893756,0.9861675552617878
100,0.2,0.6296466940055887,0.9854668820056706
101,0.2,0.6323170421714454,1.0138470928590537
102,0.2,0.6308370877419182,0.9970217946406714
103,0.2,0.6280326921151791,0.981583315756974
104,0.2,0.6317168419654231,0.9981540125977674
105,0.2,0.6320021825505279,1.0004075811579745
106,0.2,0.6293428222519971,0.9839953090215149
107,0.2,0.6318026642573855,0.9988858338321498
108,0.2,0.6312664276410764,0.997408124602168
109,0.2,0.6325214022458115,1.0050034141932946
110,0.2,0.6312936942742918,0.9975221363811619
111,0.2,0.6279098037090522,0.9797912706073012
112,0.2,0.6323188062481917,1.0012213641468253
113,0.2,0.6318020233740771,0.992738874127308
114,0.2,0.6321043560537903,1.0035492477782664
115,0.2,0.6317973880340205,1.0013846640853894
116,0.2,0.6318380824095857,1.0011017898710262
117,0.2,0.6333607731011842,1.0153689727222235
118,0.2,0.6316179519728286,0.9886962826867202
119,0.2,0.6325531251894557,1.005745976762365
120,0.2,0.6334760318831306,1.0114657198706472
121,0.2,0.6308793622461011,0.9961514179297836
122,0.2,0.6304231280853961,0.9927562408436813
123,0.2,0.6318199950840626,0.9945113896582125
124,0.2,0.6301913925388757,0.9926332685762864
125,0.2,0.6309487413610673,0.9985072845188041
126,0.2,0.6309296275146905,0.9928173098890529
127,0.2,0.62758693106584,0.982244051044111
128,0.2,0.6333267662146802,1.008546055834974
129,0.2,0.6281857974879397,0.9853286500988612
130,0.2,0.6321991923693193,1.0024415151651924
131,0.2,0.6300343700998478,0.9889485531241827
132,0.2,0.630266023741676,0.997115560319479
133,0.2,0.6323512997411161,1.0043304890838032
134,0.2,0.6293777450909035,0.9801462668071407
135,0.2,0.6329878459442622,0.9963817385003004
136,0.2,0.6319456489684734,0.9937613929203603
137,0.2,0.6324398433090757,0.9971143706511711
138,0.2,0.6298783793288895,0.9932333596118474
139,0.2,0.6295877828159415,0.9860942708992627
140,0.2,0.6320663441998744,0.9957864334082531
141,0.2,0.6326189297500199,1.0099943503655797
142,0.2,0.6322657411601462,1.0002946034926732
143,0.2,0.6304536170951417,0.9829744393091479
144,0.2,0.6336895975625745,1.0056211545798641
145,0.2,0.6303922039655597,0.9892141628486026
146,0.2,0.6295290111467516,0.9865124785784947
147,0.2,0.632118353468067,0.9965069616577462
148,0.2,0.6319477711529043,1.0070946438671846
149,0.2,0.631342032303957,0.9992705588996152
150,0.2,0.6319228915965414,0.9974568046951912
151,0.2,0.6318343370837608,0.9956921091927987
152,0.2,0.6317912209780723,0.9993991862720852
153,0.2,0.6305361829528509,1.0009181954846968
154,0.2,0.6277592657271396,0.9894950929189109
155,0.2,0.6329215048615023,1.0013751255516155
156,0.2,0.6323671719838126,1.0003316771138977
157,0.2,0.6299686660111381,0.9818198728097551
158,0.2,0.6316058282901145,0.9957637298893903
159,0.2,0.6316174213749131,1.002564579601847
160,0.2,0.6279488942631272,0.9798265987841661
161,0.2,0.6328073000818379,1.0075713129841781
162,0.2,0.6321736013656633,1.0066741477560799
163,0.2,0.6297019879410624,0.9866962434040696
164,0.2,0.6322975222619134,1.001772631516968
165,0.2,0.6294498752211395,0.9853931272663115
166,0.2,0.6291113445242036,0.9822083652828187
167,0.2,0.6320344229673166,1.003644467079459
168,0.2,0.6310769615994011,1.0074950236144835
169,0.2,0.6327821145203585,1.002764805383426
170,0.2,0.6304613167346907,0.9869693484385766
171,0.2,0.6310664654846186,0.9935562543960808
172,0.2,0.6324985201813519,1.0013706461443102
173,0.2,0.6311303559007584,0.9973579988967142
174,0.2,0.6315149125969868,0.9993475993472497
175,0.2,0.6300012988074841,0.9912243453010163
176,0.2,0.6310049813848213,1.00034416432494
177,0.2,0.6317107559520385,1.0005593582219336
178,0.2,0.6318276436053158,1.0042487526716068
179,0.2,0.6314133510639451,1.0025511517452708
180,0.2,0.629758757511714,0.9934087548713655
181,0.2,0.6325375735190467,0.9969562203396622
182,0.2,0.6318776644085742,0.9967630516800712
183,0.2,0.6317437989075466,1.0062638180376513
184,0.2,0.6308755823552786,0.9956451476993948
185,0.2,0.6299607188063209,0.9971892332397504
186,0.2,0.6307655321042518,0.9959438930625486
187,0.2,0.6320995382539245,0.9923895577528122
188,0.2,0.6327775176411855,0.9992228038785678
189,0.2,0.6332420984655979,0.9994411848902119
190,0.2,0.6295862841545964,0.9923649698608005
191,0.2,0.6322623051627191,1.0007116147693862
192,0.2,0.6326005878904408,0.9978399140596798
193,0.2,0.6302687124606063,0.9931451200791932
194,0.2,0.6292479481813629,0.9867250347732307
195,0.2,0.6298882193074373,0.993946836321042
196,0.2,0.631997570723172,1.0027323813705402
197,0.2,0.6331849370431528,1.0008588864766086
198,0.2,0.630948127032356,0.9898716754412709
199,0.2,0.6324638859957673,1.007455269706922
200,0.2,0.632882506077917,0.9998408352127577
201,0.2,0.6338882751441515,1.0068028311141621
202,0.2,0.6318468570059207,0.9956769603564007
203,0.2,0.6322708480634682,1.0040484814703776
204,0.2,0.6288113220252101,0.985229122617713
205,0.2,0.6301795659540438,0.9951614973881546
206,0.2,0.6329054979621708,0.9984688627712737
207,0.2,0.6289410730926538,0.99157020103195
208,0.2,0.6307627398569444,0.9997697308702085
209,0.2,0.6336181681940406,1.007340051467974
210,0.2,0.6312051073427796,0.9952539213089299
211,0.2,0.6338801887121278,1.0163407183790603
212,0.2,0.6313937464958015,1.0014972876089352
213,0.2,0.6325142925508429,1.003844457243927
214,0.2,0.632216758241538,0.9991619993386729
215,0.2,0.6332906464363273,1.0115774576917949
216,0.2,0.630978666378315,0.997144120188175
217,0.2,0.6329634686189387,0.9999512028999215
218,0.2,0.6318790756197309,1.0058290411574162
219,0.2,0.6331617996572895,1.0114349748274398
220,0.2,0.6306865273426516,1.00256884065038
221,0.2,0.6313210934193962,0.9981372414969886
222,0.2,0.6304738289200659,1.0004663349520688
223,0.2,0.6300836553036607,0.9897403869067044
224,0.2,0.6303473857577655,0.9902219289772134
225,0.2,0.6305204735997059,0.9897101797395447
226,0.2,0.6332186669790449,1.0137515303570035
227,0.2,0.6316073748444523,0.9982924650966677
228,0.2,0.6314069305395206,0.9958859433107422
229,0.2,0.6316590435270238,1.0039547120031305
230,0.2,0.6320396207855733,0.9952220312097236
231,0.2,0.6324628449357321,1.0070067420498878
232,0.2,0.6329958090314277,0.9971266573938067
233,0.2,0.6320094503838263,0.9986963175017979
234,0.2,0.631262017960516,0.9938166909118247
235,0.2,0.6323136068972472,1.00500048281037
236,0.2,0.6333419146421448,0.9987707775735529
237,0.2,0.6336861555921283,1.0116588264132003
238,0.2,0.6300515875825378,0.9919661418085906
239,0.2,0.6311966053919135,0.996944952578107
240,0.2,0.633499474789348,1.0053596260627375
241,0.2,0.6335721623222188,1.006777619897625
242,0.2,0.6302666960830691,0.9940330295396113
243,0.2,0.6286111064481303,0.9854632612026363
244,0.2,0.6309466268093609,0.997219541920068
245,0.2,0.6333464145530585,1.006563763948239
246,0.2,0.6323545427063673,1.0026440106942733
247,0.2,0.6310605709452641,1.0017701641160972
248,0.2,0.6313536247895103,1.0001659547628754
249,0.2,0.6319767629936258,1.0041746679835784
250,0.2,0.630238590974907,0.989064742632037
251,0.2,0.6299090891590592,0.9935959801455002
252,0.2,0.6326187945232803,0.9949378540889804
253,0.2,0.6323292678634141,0.9982683905862324
254,0.2,0.6309815315002352,0.9994312725449257
255,0.2,0.6308661324120443,1.0009067432666436
256,0.2,0.6333110053527115,1.0057351932454863
257,0.2,0.6294701779738424,0.9846136374691098
258,0.2,0.6326513327231478,1.0030994629719132
259,0.2,0.6327576620311689,1.0022901657096657
260,0.2,0.6306237979260431,0.9862903421986983
261,0.2,0.6314470370059647,1.0044386941104566
262,0.2,0.6319437334715315,0.9905622789688618
263,0.2,0.6328486853783749,1.0022945293942989
264,0.2,0.631559574170141,0.9983373291370186
265,0.2,0.6296718781226321,0.9852434615156834
266,0.2,0.6325745226060894,0.9973761741103084
267,0.2,0.6290064033517593,0.9867352666631493
268,0.2,0.6320289223280903,0.9933442495574148
269,0.2,0.63114004567841,1.0026950185048358
270,0.2,0.6321176063033082,0.9962512369938417
271,0.2,0.6328692126742615,1.0055512755150529
272,0.2,0.6314326841364942,0.9891863275806501
273,0.2,0.6308191716004051,0.9961408985856002
274,0.2,0.6299951021225593,0.9915768045162675
275,0.2,0.6315512866100021,0.9945244163251146
276,0.2,0.6321380798622033,1.0051478635974846
277,0.2,0.6311402686258186,0.9891935948416442
278,0.2,0.6300045989487303,0.9839723260641947
279,0.2,0.6327576966617255,1.0131182969330739
280,0.2,0.632450324581575,0.9970313304011414
281,0.2,0.6317157631410011,1.0076024750162689
282,0.2,0.6303521531693038,0.9914372105208072
283,0.2,0.631268004201082,0.9900455386403527
284,0.2,0.632883515259951,1.007809586532092
285,0.2,0.6299617812718631,0.9946798383441333
286,0.2,0.6300318760232637,0.9909436114755007
287,0.2,0.6328858842961212,1.0048542526849356
288,0.2,0.6319858369351584,1.01116995593375
289,0.2,0.6298927994676206,0.9918180721689297
290,0.2,0.6296951985695747,0.9892974523735784
291,0.2,0.6324849416235218,1.013427531481675
292,0.2,0.6316912081691879,0.993533872364793
293,0.2,0.6327121991371957,1.010627059653101
294,0.2,0.633488655365262,1.0130303646520404
295,0.2,0.6317258518726767,1.0025999786886708
296,0.2,0.6275079479311515,0.9850791714068347
297,0.2,0.6299659683638895,0.9992978925808932
298,0.2,0.6286975948505289,0.977312169680469
299,0.2,0.6314850608745443,1.0017658113736017
300,0.2,0.6316283266695777,0.9999965001136589
301,0.2,0.6314817356260742,0.9979946901902109
302,0.2,0.6313265098698212,0.9955302107194391
303,0.2,0.6291416264484749,0.9871672126839
304,0.2,0.6290909840415793,0.9908734396437149
305,0.2,0.6315605151753204,0.9997450928557302
306,0.2,0.6320075020289684,1.0060773941751493
307,0.2,0.6335295785917349,1.0131671396534956
308,0.2,0.6325968105621055,1.0051889753687928
309,0.2,0.6313821572275039,1.002029303887353
310,0.2,0.6301210913638479,0.9887803791547786
311,0.2,0.6316552447876211,0.9931311936274525
312,0.2,0.6310542904291798,0.9968762223648078
313,0.2,0.6327404679930289,1.0090563833767208
314,0.2,0.6303984380963417,1.003124791077897
315,0.2,0.6328012291766479,1.0064250564109567
316,0.2,0.6314200796823308,0.9946407185327346
317,0.2,0.6302725377856317,0.9900032683528441
318,0.2,0.6312441109482755,0.978436565850845
319,0.2,0.6304238380213324,0.9849896130441574
320,0.2,0.6314552575475213,0.994271036191109
321,0.2,0.6308384809797286,1.002894472745596
322,0.2,0.6315763940004787,0.9943076807095723
323,0.2,0.62980302718473,0.989505468178915
324,0.2,0.6322765028325874,0.9975396724456229
325,0.2,0.6310675109816873,1.0017855650283505
326,0.2,0.629975902611062,0.9942136218359005
327,0.2,0.6332507513992435,1.003059889748386
328,0.2,0.6315214790763346,0.9899956977509927
329,0.2,0.6323330086465362,0.9957034314270994
330,0.2,0.6310230767793275,1.0042536288176016
331,0.2,0.6299487991549684,0.9842773090192816
332,0.2,0.6298176724174817,0.9896982553885483
333,0.2,0.6310827327117128,1.0017411300452552
334,0.2,0.6310166535923453,0.9970975909226243
335,0.2,0.6327162553114284,1.0074881770992012
336,0.2,0.6297657493847723,0.9951260901009024
337,0.2,0.6306960028713716,0.9889683900621831
338,0.2,0.6306947683469963,0.9994564827452638
339,0.2,0.6327048911263048,1.0019291852228307
340,0.2,0.631534184412984,0.9955200202783375
341,0.2,0.6329151271737516,1.0062527272690973
342,0.2,0.632138176411298,1.001175649499369
343,0.2,0.6324189244931899,1.0020144576753227
344,0.2,0.6298869805008206,0.9789341570235629
345,0.2,0.6320821655729373,1.005764620313415
346,0.2,0.6323679455466426,1.0011102319920093
347,0.2,0.6300376194220852,0.9893203895605386
348,0.2,0.6336084982296438,1.015240988082187
349,0.2,0.6327844415335128,0.9968008649556331
350,0.2,0.6316413441017654,0.9981036024448369
351,0.2,0.6309399917329259,0.9961625246473232
352,0.2,0.6302182619583115,0.9974321676673273
353,0.2,0.6310395917345116,0.9918391870885771
354,0.2,0.6314908767930727,0.9937142530027809
355,0.2,0.6305860634084863,0.9874738694373628
356,0.2,0.6311981990572024,0.994546675325049
357,0.2,0.6307485911311871,0.9940029078817499
358,0.2,0.6325747506833893,1.0032583915751794
359,0.2,0.6300131597463366,0.9915561792517172
360,0.2,0.6335130677385942,1.0077689368687441
361,0.2,0.6302091746165509,0.9928701395773555
362,0.2,0.6292387389748734,0.9890929071788569
363,0.2,0.6336594373650997,1.0114250312024007
364,0.2,0.6303713270430488,0.98803615781467
365,0.2,0.6309281942908352,0.9888486959810333
366,0.2,0.6303513271784875,0.9947057921625054
367,0.2,0.6325997957040952,1.0065693563685352
368,0.2,0.634289564432973,1.014598329587544
369,0.2,0.6282475078778103,0.9818644673134964
370,0.2,0.6313699580659894,1.0023684716056482
371,0.2,0.6315414040627796,1.002119402605539
372,0.2,0.6305214759627952,0.9874428890111278
373,0.2,0.6291696881788406,0.9832752658265006
374,0.2,0.6324183653272311,1.000997365607022
375,0.2,0.6298058834044316,0.9883046272984909
376,0.2,0.6293551275028088,0.9903857195734087
377,0.2,0.6311591295226872,0.9979431921127099
378,0.2,0.6318660447652198,0.9999758636761962
379,0.2,0.6318443257568345,1.0014220277597614
380,0.2,0.6336670238901481,1.0119505717761264
381,0.2,0.6312651516068477,0.9890000738556709
382,0.2,0.6312750750209142,1.0025097859446412
383,0.2,0.6333154085714509,1.011311672960929
384,0.2,0.6331433425090051,1.0143928997593334
385,0.2,0.632681521345444,1.0071129858705936
386,0.2,0.6311898247940564,0.9874031937073312
387,0.2,0.630378204193636,0.985989964108601
388,0.2,0.6320010189775688,1.0023536140688278
389,0.2,0.6322658841594373,0.9914675879367686
390,0.2,0.6316638621130141,0.9993932196948722
391,0.2,0.6311327304978371,0.9932045316232437
392,0.2,0.6312153611292278,1.0011157525853573
393,0.2,0.6313214605190125,0.9906521756708361
394,0.2,0.6313451629777086,0.9939558492260576
395,0.2,0.6312405510833726,0.9899250529624585
396,0.2,0.6300491679361812,0.9837131078790833
397,0.2,0.6297665139388212,0.992418626019604
398,0.2,0.6296550968604001,0.983386096200415
399,0.2,0.6325337625629389,1.0092392736702274
400,0.2,0.6316677527016102,0.994284689128831
401,0.2,0.6303945318371029,0.9997922957501607
402,0.2,0.6335263796195332,1.0104805706849684
403,0.2,0.6303265597296066,0.9903369013668734
404,0.2,0.6308291422925073,0.9823918799374524
405,0.2,0.6292515278574624,0.989052263365939
406,0.2,0.631805527707439,0.9846323175853683
407,0.2,0.6311171750920509,0.9846891990208074
408,0.2,0.6301999756345502,0.9975703443438599
409,0.2,0.6307810708096975,0.9955401405914633
410,0.2,0.6310969199094916,0.9912668075788659
411,0.2,0.6329788186504745,1.0131925867666607
412,0.2,0.6321664847793138,1.006629301158126
413,0.2,0.6321768429271706,0.9987300572723745
414,0.2,0.6312241015871832,1.0057073401583094
415,0.2,0.6296662202046539,0.9916620748957246
416,0.2,0.6310893877747269,0.9997966227404279
417,0.2,0.6308821488515043,0.9924594780615362
418,0.2,0.6313299615272596,0.997913148625
419,0.2,0.6329977052509904,1.0010669046292602
420,0.2,0.6300509323685405,0.9813197524492067
421,0.2,0.6326715569697173,1.0031710799563702
422,0.2,0.630012034642054,0.9972943257340369
423,0.2,0.6306178657712078,0.9900568788879852
424,0.2,0.6333249440474923,0.9972578949092374
425,0.2,0.6331798563963313,1.0007877606246065
426,0.2,0.6295518644457363,0.993201267536155
427,0.2,0.6329243379164082,1.0100701311412645
428,0.2,0.6337200830640307,1.017763443906688
429,0.2,0.627690114552586,0.9742428573281493
430,0.2,0.6312016680027509,0.9975521311521942
431,0.2,0.6303899180891264,0.9941322516775969
432,0.2,0.6300683051630308,0.9999163732518159
433,0.2,0.6323625945157425,0.9958910788162696
434,0.2,0.6320674038725032,1.0086250272411423
435,0.2,0.6286351409866837,0.9897890950433637
436,0.2,0.6296338607666151,0.9827373184575866
437,0.2,0.6313875019173102,0.9991222675157779
438,0.2,0.631985902181478,0.9976624531964801
439,0.2,0.6335981231068949,1.0139101764790877
440,0.2,0.6325082770696228,1.0100368275175053
441,0.2,0.6323915652530946,1.004918964158804
442,0.2,0.6314685279625863,0.9968215146123893
443,0.2,0.630924738411125,0.9914260194940978
444,0.2,0.6306665826365963,0.9944814001516544
445,0.2,0.6336573776288343,1.015388411250653
446,0.2,0.6319915318641179,1.0008045752101462
447,0.2,0.6324879754302476,0.9979257323412768
448,0.2,0.6319683341541035,1.0099984653425422
449,0.2,0.6322870654907,1.002237960995354
450,0.2,0.6305284509348988,0.9985896980968527
451,0.2,0.6302707763719101,0.9863676919988168
452,0.2,0.6324757108500383,0.9966238259066873
453,0.2,0.6326859194866444,1.0033200160524045
454,0.2,0.6307191225056749,0.9941063983570502
455,0.2,0.6314486160505105,0.9955768355078581
456,0.2,0.6327656596810973,1.007756413100373
457,0.2,0.6314227723067457,0.9919825181185732
458,0.2,0.6335485360773445,1.01055238115636
459,0.2,0.6320303992966533,1.0008287484320826
460,0.2,0.6326406641227862,1.0024475019186354
461,0.2,0.6300422977805782,0.9889531212945986
462,0.2,0.6309681715804106,1.0004961222222586
463,0.2,0.6332870407935205,0.999636904216657
464,0.2,0.6298889172571258,0.988017873357555
465,0.2,0.6311019641307247,0.9912259553753442
466,0.2,0.6327782438171069,0.9949430099799604
467,0.2,0.6314500109212338,0.9838736812663835
468,0.2,0.6327886996149961,1.0078705680177185
469,0.2,0.6319219908413465,1.0014772040414348
470,0.2,0.6332507109745087,0.9994611811768291
471,0.2,0.6318001760319532,0.9996217467000097
472,0.2,0.6301764069912054,0.9937716134791691
473,0.2,0.6284772278564085,0.9840351850122901
474,0.2,0.6314560302920059,1.0084102159740602
475,0.2,0.6324048690178751,1.0050338878851401
476,0.2,0.6324572696815416,1.0027262559704802
477,0.2,0.6314175671582546,0.9963790384335199
478,0.2,0.6309471676018352,0.9942683780550593
479,0.2,0.6319846211363239,1.0017995734636183
480,0.2,0.6319274309330715,0.9979709368786758
481,0.2,0.6313633196214686,0.9934225290765005
482,0.2,0.6327551623596951,1.0036926027345465
483,0.2,0.6312830730737682,1.0011728594797182
484,0.2,0.6303745759007607,0.979710768224134
485,0.2,0.6290211197782277,0.9858062287179691
486,0.2,0.6335381264718538,1.0050450556249615
487,0.2,0.6298349148966266,0.9940137646626895
488,0.2,0.6310201944121598,0.9937124920659458
489,0.2,0.6314728489819137,0.9899619954678843
490,0.2,0.6293994097848883,0.9825286316375014
491,0.2,0.6275876024988352,0.9757176249362557
492,0.2,0.6296691623213654,0.9819161580636949
493,0.2,0.6301162513554539,0.9813578575995545
494,0.2,0.6301732328221293,0.9841638208530304
495,0.2,0.6296646637334099,0.9921176533406485
496,0.2,0.6289920003335018,0.9836684046660509
497,0.2,0.6321447477643984,0.9982998217507176
498,0.2,0.6303644466254886,0.9855070966228998
499,0.2,0.6315599984897834,0.9935586618789733
500,0.2,0.6335298205989688,1.0109481718573556
1,0.15,0.468046876643882,0.9417378161455537
2,0.15,0.4682189187483984,0.9540974049777722
3,0.15,0.4686916618407429,0.9582666666781375
4,0.15,0.4683169062957817,0.9559841648481235
5,0.15,0.4680195850106388,0.951223888477826
6,0.15,0.4682827498419385,0.9581203858455631
7,0.15,0.46821210919837547,0.9580378645124287
8,0.15,0.46815800935888696,0.9564296426176829
9,0.15,0.46886235742800475,0.9538611485461065
10,0.15,0.4682399928770518,0.9559885361100637
11,0.15,0.4680505503006193,0.9576979587390478
12,0.15,0.4683316019921566,0.9529177839242182
13,0.15,0.46797907949021184,0.9517772816813618
14,0.15,0.46777487088750913,0.9531005980588306
15,0.15,0.468514444775893,0.9542779255834525
16,0.15,0.468240995476476,0.9508785991008405
17,0.15,0.46805894124487524,0.9497156661758592
18,0.15,0.4685288852967764,0.9489521495739157
19,0.15,0.46815632365499305,0.956086004748429
20,0.15,0.4688304989460916,0.9564426999914223
21,0.15,0.46844301171445396,0.9556013013219097
22,0.15,0.46832094233235644,0.9548160849951597
23,0.15,0.46814248504810657,0.9534328197796749
24,0.15,0.46869063516699633,0.9542217723168941
25,0.15,0.46822905536534354,0.9516721338904982
26,0.15,0.46830997911029876,0.9488333999284347
27,0.15,0.4679238169250704,0.9521369442287485
28,0.15,0.46791545515910343,0.9506347105807265
29,0.15,0.4684172170112819,0.9497348530084488
30,0.15,0.46851760474418574,0.9494722022595837
31,0.15,0.46809422185502547,0.9555683180869075
32,0.15,0.46805453622223114,0.9513958492041801
33,0.15,0.46886102687885867,0.95957138527443
34,0.15,0.4686201180845337,0.9548139112839862
35,0.15,0.468287328361484,0.9528112589159664
36,0.15,0.4681790376194795,0.95137121722368
37,0.15,0.4683888042385772,0.9497043753607779
38,0.15,0.46822135640518475,0.9491164879735142
39,0.15,0.4683379192583888,0.9510219829055665
40,0.15,0.4685822693725768,0.9582460740631478
41,0.15,0.4682117437279894,0.9550575894162551
42,0.15,0.4685062551104991,0.9517604023680598
43,0.15,0.46819566301530313,0.9547348025646583
44,0.15,0.46702703542120944,0.9532217858741973
45,0.15,0.4674269348983047,0.9463712816959219
46,0.15,0.4687989360653425,0.9548277818088351
47,0.15,0.4685094435897088,0.9543617755866312
48,0.15,0.4687253274716615,0.9566946025581422
49,0.15,0.4682982038528994,0.9527939170986393
50,0.15,0.46835960241502284,0.9481342201050212
51,0.15,0.4681121887870477,0.9513106657940947
52,0.15,0.46777946139344406,0.9527458749810611
53,0.15,0.46821418099891504,0.9583362424738917
54,0.15,0.4684140564805678,0.9551833525634736
55,0.15,0.4685218887118702,0.9575860686332819
56,0.15,0.46804658945621774,0.9544263957111327
57,0.15,0.46794071174256013,0.9532163330020641
58,0.15,0.468758787545996,0.9529026341731419
59,0.15,0.46795054477342785,0.9567428624504196
60,0.15,0.46750241807592996,0.9543012277789319
61,0.15,0.46818399457216253,0.9568203847650791
62,0.15,0.46795191410277015,0.9523128056452106
63,0.15,0.46827645962824743,0.9572173219811362
64,0.15,0.468338601282404,0.9501427867718748
65,0.15,0.46782208353018,0.9488869255943204
66,0.15,0.4686034518478621,0.9500254543330947
67,0.15,0.4681875425784528,0.9496089628848696
68,0.15,0.46791827938542174,0.9511681147170653
69,0.15,0.46847733947627623,0.9527207715496879
70,0.15,0.4676684760462051,0.9463807843743172
71,0.15,0.46811113203469124,0.953433282829783
72,0.15,0.46819690018882,0.9520111442865646
73,0.15,0.4685793766383172,0.9576240078147014
74,0.15,0.46821890796344545,0.9498628117482036
75,0.15,0.4677692577743107,0.9529157234110509
76,0.15,0.46821642264122293,0.9509755331093159
77,0.15,0.4686145317644518,0.9498776810836601
78,0.15,0.4689219170522867,0.9571917301714131
79,0.15,0.46861539271921054,0.9558745718173223
80,0.15,0.46791924357169523,0.9543320792075349
81,0.15,0.4675879724562689,0.9482802390066636
82,0.15,0.466973865153298,0.9484042683985234
83,0.15,0.4685378845518516,0.9533183049759979
84,0.15,0.46787982370499825,0.9507055980343044
85,0.15,0.468300289763589,0.9536262468226404
86,0.15,0.46830901010541476,0.9500002423807011
87,0.15,0.4686602264982642,0.9567897490090922
88,0.15,0.4685619340913181,0.9510968688108443
89,0.15,0.46790710170123445,0.9497772093901232
90,0.15,0.46816504785715773,0.9551644231409839
91,0.15,0.4682632701815653,0.9554530507472917
92,0.15,0.46835115829424223,0.9567493747668402
93,0.15,0.46812890666955437,0.952675179895532
94,0.15,0.46875986425794125,0.9561758175712084
95,0.15,0.46749662630738825,0.9531359183643495
96,0.15,0.4686890413300715,0.9575167481849451
97,0.15,0.46819922548824644,0.9531336593577853
98,0.15,0.46819231884551,0.9548586592722371
99,0.15,0.46777038520542613,0.9512375206468529
100,0.15,0.46824611866423316,0.9493492462561773
101,0.15,0.467232726991943,0.9553859071656471
102,0.15,0.4672284604707156,0.9543546667223155
103,0.15,0.4686497312878439,0.9572131298043134
104,0.15,0.46835100364249765,0.9578865896578659
105,0.15,0.4681134685637476,0.9568254415104916
106,0.15,0.4685438787840849,0.9565708069715347
107,0.15,0.4678110366880548,0.9560217539509104
108,0.15,0.46844645525333234,0.9538566794597447
109,0.15,0.4686448507387321,0.9544645098480827
110,0.15,0.4684903609147043,0.9577090917207012
111,0.15,0.4684335413744012,0.9577758685088426
112,0.15,0.46807105785030845,0.9534805966979868
113,0.15,0.4684562440482172,0.9531945709122633
114,0.15,0.4687448024614257,0.9511564878206237
115,0.15,0.46822745264413834,0.9534427556296978
116,0.15,0.4681804695294316,0.9540821434788195
117,0.15,0.46814485200306355,0.951625894483028
118,0.15,0.4687431332008061,0.9562399317908429
119,0.15,0.46804581600368567,0.9590829266893862
120,0.15,0.46787138307541015,0.9429941848456556
121,0.15,0.4683469871246284,0.9517246287913808
122,0.15,0.46776582627083624,0.9533173897085709
123,0.15,0.4683560050710498,0.9541385140296573
124,0.15,0.46906917921348695,0.9577620441718991
125,0.15,0.4683180994185081,0.9499389255049414
126,0.15,0.468313967236542,0.9558998962659367
127,0.15,0.4682399817125686,0.9549040136208616
128,0.15,0.46773412011333637,0.9463170366714556
129,0.15,0.46771324350259347,0.9531536935330126
130,0.15,0.4678056707633792,0.956413009609446
131,0.15,0.468309951643618,0.9544222895976527
132,0.15,0.4684644493439555,0.9524486688417174
133,0.15,0.4685911238089954,0.9520318647472792
134,0.15,0.468483429943227,0.9539662000807934
135,0.15,0.4685540073076423,0.957203226639892
136,0.15,0.46800368510385776,0.9457499450236542
137,0.15,0.46883014747929747,0.9578741652457462
138,0.15,0.46743143593657466,0.9549951764532204
139,0.15,0.4680502247102257,0.9501799035003526
140,0.15,0.4684141830803116,0.952698436152219
141,0.15,0.4681000810985531,0.9531647700778898
142,0.15,0.4678064186255859,0.9433144546364642
143,0.15,0.4682878096318997,0.9503841977711909
144,0.15,0.4686073359593839,0.9558606320069085
145,0.15,0.46811295494317695,0.9536438148920244
146,0.15,0.46824542923127943,0.956558285825313
147,0.15,0.46805645735207074,0.9542507238396263
148,0.15,0.46836299050775015,0.9523948512371765
149,0.15,0.4682923893244814,0.9536840396428444
150,0.15,0.4678647498210254,0.9545575866531685
151,0.15,0.4684983597316823,0.951521183441505
152,0.15,0.4685620364292681,0.9525680906167384
153,0.15,0.4682411528571135,0.9503398442920441
154,0.15,0.4688214219399036,0.9492438145945528
155,0.15,0.46813255927068,0.9535435942698409
156,0.15,0.46857523795340017,0.9567419392027326
157,0.15,0.4676800033378384,0.9551069240257255
158,0.15,0.4674960154148926,0.9517707154368301
159,0.15,0.46804402999546935,0.9482557532614909
160,0.15,0.4683618178114063,0.958069112911385
161,0.15,0.4682624925566557,0.9517238443744297
162,0.15,0.4679904899760734,0.9514549289379858
163,0.15,0.46833870551273304,0.954382019140168
164,0.15,0.4683408736164219,0.9518347721095386
165,0.15,0.46774271024577074,0.9517889685260904
166,0.15,0.46791264716948033,0.9484597049148399
167,0.15,0.4677841237535976,0.9514427571283394
168,0.15,0.4671881490489783,0.9485358519156087
169,0.15,0.46796870330753126,0.9575739072468916
170,0.15,0.4675921363180613,0.9520603125980714
171,0.15,0.4684562160745617,0.9505055082937556
172,0.15,0.46852472789057975,0.9443803852655561
173,0.15,0.4676168972185966,0.9545766941008507
174,0.15,0.46811045188534955,0.9571885478885531
175,0.15,0.4674327525813533,0.9504044232003881
176,0.15,0.46804587606939824,0.9510867366377334
177,0.15,0.4688146119541822,0.956618898628551
178,0.15,0.4685947705907775,0.9512078629739287
179,0.15,0.4680498999915112,0.9570173214533506
180,0.15,0.46839566869609967,0.9465102845849873
181,0.15,0.46830309002466464,0.9494059593116484
182,0.15,0.467193222094188,0.9450818921859945
183,0.15,0.46876224766048485,0.9564796698411994
184,0.15,0.4673087548380887,0.9499531003800044
185,0.15,0.46813031550471645,0.9539487504906937
186,0.15,0.46787287237098035,0.9545692937299282
187,0.15,0.4679845770501582,0.9563544341358535
188,0.15,0.46825848408065124,0.9540842343483704
189,0.15,0.46835878467945863,0.9555156801630016
190,0.15,0.46812109598979706,0.957931445146095
191,0.15,0.46840565402937234,0.9529102728184562
192,0.15,0.4682946936406998,0.9511492512303811
193,0.15,0.4687537976935794,0.9473507033858842
194,0.15,0.4686615974751393,0.9558927714760763
195,0.15,0.46829147680419997,0.95129225658242
196,0.15,0.467862276565774,0.9486170787657763
197,0.15,0.46854438004053056,0.9553508877106867
198,0.15,0.46837686432984516,0.954142831175365
199,0.15,0.46778660203333944,0.9507160714497792
200,0.15,0.4682486471799318,0.9562477701636632
201,0.15,0.4680273282063427,0.9532528526114031
202,0.15,0.46820692717820717,0.9541235533012062
203,0.15,0.4679179997665819,0.9564002772699087
204,0.15,0.468316517223785,0.9537019341593225
205,0.15,0.4684562203978702,0.9533696900637437
206,0.15,0.46870838924887304,0.9511157336659369
207,0.15,0.4688388919846051,0.9562351572549023
208,0.15,0.46834573009151903,0.9530163168539024
209,0.15,0.4672921292031843,0.9506952894796548
210,0.15,0.4679316330210139,0.9534133721072985
211,0.15,0.46781480203424064,0.9531566567381003
212,0.15,0.46790002181406326,0.9513936131671743
213,0.15,0.4676212474448153,0.9574529325568273
214,0.15,0.4678834964215492,0.9485013987739718
215,0.15,0.46756940664288765,0.9505104970254302
216,0.15,0.46752417846504307,0.9458392278397181
217,0.15,0.4683603003927861,0.9533658564823089
218,0.15,0.4684986516695657,0.9556396930180573
219,0.15,0.4680285201957664,0.9521641122315051
220,0.15,0.46796304806867495,0.9507350300182463
221,0.15,0.4680321359039557,0.9509054741543362
222,0.15,0.46792849559991495,0.9543436965272399
223,0.15,0.468712458487038,0.950486195264608
224,0.15,0.468209769328715,0.9547424814733007
225,0.15,0.46866203591358163,0.953727947636438
226,0.15,0.4687194922726675,0.9547884913345887
227,0.15,0.4680419124838352,0.9434666759247003
228,0.15,0.46863310918955764,0.9562010254242649
229,0.15,0.4684310566499962,0.9515024910692698
230,0.15,0.4679344495297696,0.9494133857917006
231,0.15,0.46840926182363746,0.9483204589298375
232,0.15,0.4678631493835912,0.9453591260627888
233,0.15,0.467976672656533,0.9545570244485937
234,0.15,0.4675655439033194,0.9484543581427207
235,0.15,0.46839461595439497,0.9560954791691576
236,0.15,0.46842567952995345,0.9557549575125628
237,0.15,0.46849941295593034,0.954426316642342
238,0.15,0.46757624667597364,0.9461245297623917
239,0.15,0.46828604271457935,0.9541762558629129
240,0.15,0.4680831879927835,0.9493017540265742
241,0.15,0.46888085074265456,0.957004350565809
242,0.15,0.4680952776540514,0.9489727771369315
243,0.15,0.46749607200115206,0.950871227448876
244,0.15,0.4687688467081976,0.9519299115310477
245,0.15,0.46845278505848503,0.9521121239070189
246,0.15,0.4678054027564315,0.9507204726611409
247,0.15,0.46794894037144874,0.9485243486765217
248,0.15,0.46853978642448063,0.9587030483873533
249,0.15,0.4685698152793485,0.9490682961032205
250,0.15,0.4681740217584068,0.9559512693040854
251,0.15,0.46820788192909446,0.9539776156335017
252,0.15,0.4678835356585348,0.9558950357836086
253,0.15,0.4681736129079138,0.9574061334578408
254,0.15,0.46775132004572684,0.9487053425704305
255,0.15,0.4684083861234745,0.9502537999817575
256,0.15,0.4684520323501286,0.9549607223596991
257,0.15,0.46828854026779115,0.9525212584484187
258,0.15,0.46841987320130635,0.955619743684005
259,0.15,0.46825565644517375,0.9555385416324765
260,0.15,0.46892942640033036,0.9563972604280875
261,0.15,0.4683385938651819,0.9576885763301582
262,0.15,0.4683112216228365,0.9564620384914378
263,0.15,0.46847844297638025,0.9521506592332649
264,0.15,0.46784787113535503,0.9503174038514953
265,0.15,0.46801584133333,0.9493768628391144
266,0.15,0.4674406928810959,0.9517984580419903
267,0.15,0.4684222856148518,0.9546039543071
268,0.15,0.46797383053803543,0.9517840619535747
269,0.15,0.46841599742496826,0.9544192403400897
270,0.15,0.46839594312142013,0.9543850507770343
271,0.15,0.467825347833094,0.9515331056428632
272,0.15,0.46793609133113423,0.9521048335113702
273,0.15,0.468549760635492,0.957379018439181
274,0.15,0.4683304218595214,0.9509160305893258
275,0.15,0.4691809761405981,0.9537041595047243
276,0.15,0.468239032946713,0.9570363666312867
277,0.15,0.4687824960820066,0.9552949065854729
278,0.15,0.4681095778005632,0.9561739766712217
279,0.15,0.4689839934093029,0.9552425480671815
280,0.15,0.46857327692047285,0.9553478644594607
281,0.15,0.4679422653165596,0.9525270214054089
282,0.15,0.4685718220671926,0.9560869705022759
283,0.15,0.46750060782940256,0.952413991060867
284,0.15,0.46804729125687056,0.9549595398111387
285,0.15,0.46893564927030407,0.9572485372414147
286,0.15,0.4683165648925118,0.9536560504704018
287,0.15,0.46791495428530283,0.9565242911025377
288,0.15,0.4684068583847716,0.9513579422786752
289,0.15,0.4681992629367125,0.9550607763077437
290,0.15,0.4685303887525285,0.9541590915163466
291,0.15,0.46843120846875863,0.9539692639413266
292,0.15,0.46840193766279387,0.9542733000588509
293,0.15,0.4682327289490823,0.9550817555889236
294,0.15,0.4682143102389809,0.9538460052637194
295,0.15,0.467959233657679,0.9543082364720205
296,0.15,0.46801059782492443,0.9534098422175956
297,0.15,0.4682318481898797,0.9484384417666257
298,0.15,0.46782978369352496,0.9517599412104775
299,0.15,0.4681598763094998,0.9524901119897178
300,0.15,0.4677240171186247,0.9528665091092479
301,0.15,0.46843211903816423,0.9548795156257032
302,0.15,0.4680802591593586,0.9500866659367324
303,0.15,0.46822353168535435,0.9502486436374894
304,0.15,0.4680627044213243,0.9542640607816455
305,0.15,0.4682384241751249,0.9488513347256852
306,0.15,0.46794559634327115,0.9499948402173237
307,0.15,0.46870681164448713,0.9572234706653611
308,0.15,0.4683848618427127,0.959033515215858
309,0.15,0.46810556931643343,0.9466191990842088
310,0.15,0.46840727336773746,0.9533372758023435
311,0.15,0.46866714235144,0.9544288601760983
312,0.15,0.46853936726302875,0.9553435259563186
313,0.15,0.46829539184001046,0.9580526567313496
314,0.15,0.46788161093346875,0.949469843297732
315,0.15,0.46851997149950986,0.9516442233331394
316,0.15,0.4687472718857633,0.9561588603206913
317,0.15,0.468588622744257,0.9577985720958271
318,0.15,0.46789083466805576,0.9502562254740002
319,0.15,0.4681537122873949,0.9540346174396241
320,0.15,0.4678288299931147,0.9556396082794958
321,0.15,0.46849324061779185,0.9549483034142885
322,0.15,0.468702293981001,0.9528978543138855
323,0.15,0.4683973234782663,0.9580323387635724
324,0.15,0.46849144204520937,0.9576061904759042
325,0.15,0.46823295146430854,0.9458214542863296
326,0.15,0.4682454039717548,0.9564165936204245
327,0.15,0.4686156535610704,0.9533670042543231
328,0.15,0.4683256196569618,0.9492529396176032
329,0.15,0.46868512762271436,0.9507112397042415
330,0.15,0.4683791059408132,0.9576305638977991
331,0.15,0.46792771499268593,0.9477143370051234
332,0.15,0.4685627784972447,0.9587970295823012
333,0.15,0.4680743286093835,0.9483964020825225
334,0.15,0.46799461545270443,0.9496981596558982
335,0.15,0.468186751338636,0.9527000339648356
336,0.15,0.4672774691992654,0.948903295626261
337,0.15,0.4683582083478445,0.9505310285230409
338,0.15,0.4685587564902985,0.9545763736395448
339,0.15,0.4680035417858746,0.9531846063774052
340,0.15,0.46791396761004567,0.9549518973226095
341,0.15,0.46804533487636546,0.9504801110551013
342,0.15,0.4679354809473045,0.9498859570731278
343,0.15,0.46806797232267855,0.9526049507389659
344,0.15,0.4680666087133435,0.9507816974281562
345,0.15,0.4689393033047357,0.9509471234730713
346,0.15,0.46829791217818695,0.9505732241468602
347,0.15,0.4688377983277558,0.9524288167701898
348,0.15,0.46846912759551557,0.9543168301461512
349,0.15,0.46862462836797364,0.9469115666395828
350,0.15,0.4683525298927122,0.9572038821917473
351,0.15,0.4686096260367869,0.9515417868954021
352,0.15,0.46777189743240194,0.9504959690681851
353,0.15,0.4682385718118453,0.9550623123800605
354,0.15,0.467909968232712,0.9503805770546827
355,0.15,0.46842110424037486,0.9491395528159683
356,0.15,0.4680240279018772,0.9507509197501444
357,0.15,0.46822902867363253,0.9571376979143204
358,0.15,0.46860309385615584,0.9545374208809423
359,0.15,0.468137647141078,0.9532604332988323
360,0.15,0.4681958282991027,0.949330302701411
361,0.15,0.46767462005000565,0.9505329564598548
362,0.15,0.4683747325087909,0.9514653508853305
363,0.15,0.4681856658948451,0.9494344761210416
364,0.15,0.4676475702685537,0.9513683012788823
365,0.15,0.46821312193999576,0.9501461956438347
366,0.15,0.46811249041898856,0.9522359645099332
367,0.15,0.4675219708033326,0.9496821390287168
368,0.15,0.468107711298388,0.9496162855588106
369,0.15,0.4683184277978663,0.9486447833425159
370,0.15,0.46762546428824914,0.9514613348322273
371,0.15,0.4686544526634626,0.956274883154029
372,0.15,0.46831609303927607,0.9527659309962881
373,0.15,0.4684252298139734,0.9519493117964783
374,0.15,0.4681484571620126,0.9506198445635357
375,0.15,0.4678797925478304,0.9500782155772297
376,0.15,0.467928597388457,0.9539850885368267
377,0.15,0.4687581939695763,0.95637511595826
378,0.15,0.4682031492271448,0.952136155114348
379,0.15,0.46834402381679147,0.9526601608208712
380,0.15,0.4681914803319421,0.9538868293738912
381,0.15,0.4684112991686322,0.949560673085476
382,0.15,0.4670911047949237,0.9414429277541561
383,0.15,0.46784696643106555,0.9479567742653852
384,0.15,0.4681484536118341,0.9561683986451286
385,0.15,0.46800580616332316,0.9513488910900504
386,0.15,0.4683258530833222,0.9535636842200663
387,0.15,0.46739982066511393,0.9530120298398221
388,0.15,0.46849904159399675,0.9552195519157114
389,0.15,0.4683199600820025,0.9537547280424391
390,0.15,0.4683137813406184,0.9489605303730649
391,0.15,0.4685258405721784,0.9501913982165907
392,0.15,0.46859349050877824,0.9535209555866424
393,0.15,0.46860882798082965,0.9551785231023207
394,0.15,0.46876596465190506,0.9569175364144036
395,0.15,0.4685348345026018,0.9546488503702832
396,0.15,0.4684689248531375,0.9572292201974735
397,0.15,0.46779062324337756,0.9523025931823306
398,0.15,0.4688887708730254,0.9558041652677236
399,0.15,0.4684715990683849,0.9523113988059301
400,0.15,0.4678899992034626,0.9481300878025157
401,0.15,0.46801193971572613,0.950075263079849
402,0.15,0.46828472012873823,0.9476757172460066
403,0.15,0.4679696474080885,0.9514373158790499
404,0.15,0.4689001196635098,0.9581142025861704
405,0.15,0.4682654612381643,0.9526952581325707
406,0.15,0.46813410514562054,0.9474307272900839
407,0.15,0.4686037131189127,0.9558561255882291
408,0.15,0.4677816871835807,0.9498751665215373
409,0.15,0.46861436172528376,0.9564193730290361
410,0.15,0.4681526585213433,0.9499103822968537
411,0.15,0.46839378839493684,0.9576531943661647
412,0.15,0.4685258480016263,0.957849431708276
413,0.15,0.46756946771481184,0.948247758438485
414,0.15,0.4682181648877877,0.9499282689276335
415,0.15,0.46806871047214965,0.9528785413386893
416,0.15,0.46799295283262926,0.9524759534165665
417,0.15,0.46777098611230733,0.9566881197075616
418,0.15,0.46819680998603336,0.9561615890313765
419,0.15,0.4683030030771516,0.952530310289244
420,0.15,0.46832740596267974,0.9503300066984015
421,0.15,0.4685632587515344,0.9573428226697202
422,0.15,0.46746220752057566,0.9511312137327311
423,0.15,0.4687134007156445,0.9577914485750242
424,0.15,0.4686337799810507,0.9547763482874576
425,0.15,0.46798275321617533,0.9517394650765573
426,0.15,0.46841508275445093,0.9560099938214519
427,0.15,0.4682249283775061,0.9535705737746971
428,0.15,0.4686901445874765,0.9521494196491326
429,0.15,0.4678840164741153,0.9555699760640881
430,0.15,0.468301735466663,0.9546670336735464
431,0.15,0.4679233975215596,0.952981247330707
432,0.15,0.4683895418586554,0.9545196844506086
433,0.15,0.46788363200654004,0.9559261680962939
434,0.15,0.46846303096339437,0.9556371916445775
435,0.15,0.46793690378303765,0.9467512369328663
436,0.15,0.4688774817954544,0.9563918616013837
437,0.15,0.46852272250499516,0.9571442453804037
438,0.15,0.4685851281941037,0.9561431068312678
439,0.15,0.4683359430146617,0.9551313045380453
440,0.15,0.4681600576703036,0.9535307527142267
441,0.15,0.46777020330604013,0.9526375069005396
442,0.15,0.46799346244906875,0.9486373956415751
443,0.15,0.46851186191689953,0.950527600715149
444,0.15,0.46839582670403457,0.9529991375912666
445,0.15,0.4678917143909045,0.9489674293845919
446,0.15,0.46907852472915545,0.9596531919358924
447,0.15,0.4686708208434299,0.9541882598809271
448,0.15,0.46838319810487344,0.9429130637256855
449,0.15,0.4680293260524879,0.9556355424892744
450,0.15,0.4671838822427127,0.9507954226271736
451,0.15,0.4681466664109179,0.9564758609004544
452,0.15,0.46829376992083016,0.953641686686658
453,0.15,0.46871419026832145,0.9540305894108412
454,0.15,0.46848093340360397,0.9526470792072566
455,0.15,0.468253257268576,0.9545638430342185
456,0.15,0.46832057912133307,0.9515805601025823
457,0.15,0.4673936341215545,0.948292753844033
458,0.15,0.46798343691314537,0.9582915680369098
459,0.15,0.4676946045179989,0.9542836329683289
460,0.15,0.4683271999967793,0.954966966929515
461,0.15,0.46785191036783247,0.9544357507478493
462,0.15,0.46842117763043756,0.9523265511745512
463,0.15,0.46813841643234544,0.9490438624914712
464,0.15,0.46855612896757043,0.9563746740635649
465,0.15,0.46870735924605306,0.9557386766330247
466,0.15,0.4678031050362427,0.9525827470940036
467,0.15,0.4688797870771655,0.954262324218667
468,0.15,0.4682974347936331,0.956676794375663
469,0.15,0.46832017346448696,0.9523213812899877
470,0.15,0.46807498752354937,0.9517112412235404
471,0.15,0.4688493077721497,0.959728010130057
472,0.15,0.4680079676024272,0.9485914566616984
473,0.15,0.46888712764872165,0.9588246011338319
474,0.15,0.4683025302635437,0.9530594675344808
475,0.15,0.46855545894693873,0.9527241370447467
476,0.15,0.46798536724852824,0.9510214702404883
477,0.15,0.46836219599645856,0.9502812183409045
478,0.15,0.4679287275954564,0.9570832932002068
479,0.15,0.46847374647904677,0.9556725167926254
480,0.15,0.4683968455016724,0.9494663301690687
481,0.15,0.4681813338477896,0.9557911075431229
482,0.15,0.4679861599699914,0.9511204293220425
483,0.15,0.4686835848747553,0.9563901424479779
484,0.15,0.46855945487614553,0.9509575178572955
485,0.15,0.46771405368784763,0.9474390793259402
486,0.15,0.4687178277277212,0.9542053632297665
487,0.15,0.46852004929310553,0.9561318239427524
488,0.15,0.4683101711792129,0.954925814909761
489,0.15,0.46811205133846756,0.9511725980282087
490,0.15,0.4686378659393381,0.9508344565704613
491,0.15,0.46754572154313,0.9574967241305955
492,0.15,0.4687451785184796,0.9594084909776603
493,0.15,0.4682056544563176,0.9518071100162644
494,0.15,0.46812954573963905,0.947936782276232
495,0.15,0.46856882065115363,0.9523172672290368
496,0.15,0.4684959191312961,0.9529165355009712
497,0.15,0.4680260161585863,0.9508309148009291
498,0.15,0.46852255269178794,0.9531846965144717
499,0.15,0.4688748221454928,0.9580282534166942
500,0.15,0.46860917720162776,0.9521524166576666
