,Rxn_ID,Rxn_name,Rxn_Loc,Rxn_Subsystem,Rxn_Mw_c,Rxn_Mw_t,Rxn_Mw_p,Rxn_kcat,Rxn_genes_rules
0,ALATA_D2,D-alanine transaminase,Cytoplasmic,Cofactor and Prosthetic Group Biosynthesis,36495.0,0.0,0.0,6.8625,b2551 or b0870
1,SHCHD2,Sirohydrochlorin dehydrogenase (NAD),Cytoplasmic,Cofactor and Prosthetic Group Biosynthesis,49951.0,0.0,0.0,0.45,b3368
2,CPPPGO,Coproporphyrinogen oxidase (O2 required),Cytoplasmic,Cofactor and Prosthetic Group Biosynthesis,34323.0,0.0,0.0,0.003,b2436
3,GTHOr_f,Glutathione oxidoreductase,Cytoplasmic,Cofactor and Prosthetic Group Biosynthesis,48773.0,0.0,0.0,733.3,b3500
4,DHORD5,Dihydroorotic acid (menaquinone-8),Cytoplasmic,Purine and Pyrimidine Biosynthesis,36775.0,0.0,0.0,82.0,b0945
5,GLYCTO2,Glycolate oxidase,Cytoplasmic,Alternate Carbon Metabolism,137283.0,0.0,0.0,15.7,b2979 and b4468 and b4467
6,GLYCTO3,Glycolate oxidase,Cytoplasmic,Alternate Carbon Metabolism,137283.0,0.0,0.0,15.7,b2979 and b4468 and b4467
7,GLYCTO4,Glycolate oxidase,Cytoplasmic,Alternate Carbon Metabolism,137283.0,0.0,0.0,15.7,b2979 and b4468 and b4467
8,PFK_3,Phosphofructokinase (s7p),Cytoplasmic,Pentose Phosphate Pathway,34842.0,0.0,0.0,31.0185,b3916
9,TRPS2,Tryptophan synthase (indole),Cytoplasmic,"Tyrosine, Tryptophan, and Phenylalanine Metabolism",71707.0,0.0,0.0,3.695,b1260 and b1261
10,G3PD5,Glycerol-3-phosphate dehydrogenase (ubiquinone-8),Cytoplasmic,Oxidative Phosphorylation,56751.0,0.0,0.0,33.3,(b2243 and b2242 and b2241) or b3426
11,EX_acgam_e_f,N-Acetyl-D-glucosamine exchange,Exchange,Extracellular exchange,0.0,0.0,0.0,100000000.0,
12,EX_cellb_e_f,Cellobiose exchange,Exchange,Extracellular exchange,0.0,0.0,0.0,100000000.0,
13,EX_chol_e_f,Choline exchange,Exchange,Extracellular exchange,0.0,0.0,0.0,100000000.0,
14,LEUTAi,Leucine transaminase (irreversible),Cytoplasmic,"Valine, Leucine, and Isoleucine Metabolism",34094.0,0.0,0.0,15.655,b3770 or b4054
15,SHK3Dr_f,Shikimate dehydrogenase,Cytoplasmic,"Tyrosine, Tryptophan, and Phenylalanine Metabolism",29414.0,0.0,0.0,236.745,b3281 or b1692
16,G5SD,Glutamate-5-semialdehyde dehydrogenase,Cytoplasmic,Arginine and Proline Metabolism,44630.0,0.0,0.0,176.8525,b0243
17,ALATA_L2,Alanine transaminase,Cytoplasmic,Cofactor and Prosthetic Group Biosynthesis,36495.0,0.0,0.0,6.8625,b0870 or b2551
18,MAN6PI_f,Mannose-6-phosphate isomerase,Cytoplasmic,Alternate Carbon Metabolism,42850.0,0.0,0.0,1.38,b1613
19,APRAUR,5-amino-6-(5-phosphoribosylamino)uracil reductase,Cytoplasmic,Cofactor and Prosthetic Group Biosynthesis,40338.0,0.0,0.0,7.3275,b0414
20,DB4PS,"3,4-Dihydroxy-2-butanone-4-phosphate synthase",Cytoplasmic,Cofactor and Prosthetic Group Biosynthesis,23353.0,0.0,0.0,2.848283333,b3041
21,RBFK,Riboflavin kinase,Cytoplasmic,Cofactor and Prosthetic Group Biosynthesis,34734.0,0.0,0.0,3.716666667,b0025
22,ACP1_FMN,Acid phosphatase (FMN),Cytoplasmic,Cofactor and Prosthetic Group Biosynthesis,27122.0,0.0,0.0,0.59,b3812 or b0446 or b0844
23,RBFSb,Riboflavin synthase,Cytoplasmic,Cofactor and Prosthetic Group Biosynthesis,23445.0,0.0,0.0,0.267,b1662
24,EX_pi_e_f,Phosphate exchange,Exchange,Extracellular exchange,0.0,0.0,0.0,100000000.0,
25,EX_h_e_f,H+ exchange,Exchange,Extracellular exchange,0.0,0.0,0.0,100000000.0,
26,DMATT,Dimethylallyltranstransferase,Cytoplasmic,Cofactor and Prosthetic Group Biosynthesis,32160.0,0.0,0.0,0.49,b0421
27,GRTT,Geranyltranstransferase,Cytoplasmic,Cofactor and Prosthetic Group Biosynthesis,32160.0,0.0,0.0,0.345,b0421
28,UPP3S,Uroporphyrinogen-III synthase,Cytoplasmic,Cofactor and Prosthetic Group Biosynthesis,27798.0,0.0,0.0,500.0,b3804
29,UPPDC1,Uroporphyrinogen decarboxylase (uroporphyrinogen III),Cytoplasmic,Cofactor and Prosthetic Group Biosynthesis,39248.0,0.0,0.0,0.317,b3997
30,TMDPP_f,Thymidine phosphorylase,Cytoplasmic,Nucleotide Salvage Pathway,47207.0,0.0,0.0,130.0,b4382
31,EX_ade_e_f,Adenine exchange,Exchange,Extracellular exchange,0.0,0.0,0.0,100000000.0,
32,EX_4abut_e_f,4-Aminobutanoate exchange,Exchange,Extracellular exchange,0.0,0.0,0.0,100000000.0,
33,EX_ac_e_f,Acetate exchange,Exchange,Extracellular exchange,0.0,0.0,0.0,100000000.0,
34,EX_akg_e_f,2-Oxoglutarate exchange,Exchange,Extracellular exchange,0.0,0.0,0.0,100000000.0,
35,EX_ala__L_e_f,L-Alanine exchange,Exchange,Extracellular exchange,0.0,0.0,0.0,100000000.0,
36,EX_arg__L_e_f,L-Arginine exchange,Exchange,Extracellular exchange,0.0,0.0,0.0,100000000.0,
37,EX_asp__L_e_f,L-Aspartate exchange,Exchange,Extracellular exchange,0.0,0.0,0.0,100000000.0,
38,EX_cytd_e_f,Cytidine exchange,Exchange,Extracellular exchange,0.0,0.0,0.0,100000000.0,
39,EX_dcyt_e_f,Deoxycytidine exchange,Exchange,Extracellular exchange,0.0,0.0,0.0,100000000.0,
40,EX_fum_e_f,Fumarate exchange,Exchange,Extracellular exchange,0.0,0.0,0.0,100000000.0,
41,EX_glu__L_e_f,L-Glutamate exchange,Exchange,Extracellular exchange,0.0,0.0,0.0,100000000.0,
42,EX_gua_e_f,Guanine exchange,Exchange,Extracellular exchange,0.0,0.0,0.0,100000000.0,
43,HCO3E_f,HCO3 equilibration reaction,Cytoplasmic,Unassigned,23764.0,0.0,0.0,5105.107143,b0126 or b0339
44,IMPC_f,IMP cyclohydrolase,Cytoplasmic,Purine and Pyrimidine Biosynthesis,57329.0,0.0,0.0,8.6,b4006
45,IMPD,IMP dehydrogenase,Cytoplasmic,Purine and Pyrimidine Biosynthesis,52022.0,0.0,0.0,13.0,b2508
46,ECOAH4_f,3-hydroxyacyl-CoA dehydratase (3-hydroxydecanoyl-CoA),Cytoplasmic,Membrane Lipid Metabolism,77072.0,0.0,0.0,380.5,b2341 or b3846
47,GLUTRS,Glutamyl-tRNA synthetase,Cytoplasmic,tRNA Charging,53816.0,0.0,0.0,2.2,b2400
48,TMPPP,Thiamine-phosphate diphosphorylase,Cytoplasmic,Cofactor and Prosthetic Group Biosynthesis,23015.0,0.0,0.0,16.08025,b3993
49,URIK1,Uridine kinase  ATPUridine ,Cytoplasmic,Nucleotide Salvage Pathway,24353.0,0.0,0.0,0.0041,b2066
50,URIK2,Uridine kinase (GTP:Uridine),Cytoplasmic,Nucleotide Salvage Pathway,24353.0,0.0,0.0,0.0041,b2066
51,CYTDK1,ATP:cytidine 5'-phosphotransferase,Cytoplasmic,Nucleotide Salvage Pathway,24353.0,0.0,0.0,0.0041,b2066
52,CYTDK2,Cytidine kinase (GTP),Cytoplasmic,Nucleotide Salvage Pathway,24353.0,0.0,0.0,0.0041,b2066
53,XPPT,Xanthine phosphoribosyltransferase,Inner Membrane,Nucleotide Salvage Pathway,30955.0,30955.0,30955.0,131.0,b0238
54,HXPRT,Hypoxanthine phosphoribosyltransferase (Hypoxanthine),Inner Membrane,Nucleotide Salvage Pathway,30955.0,30955.0,30955.0,83.4,b0238 or b0125
55,NDPK5_f,Nucleoside-diphosphate kinase (ATP:dGDP),Cytoplasmic,Nucleotide Salvage Pathway,15463.0,0.0,0.0,571.5,b0474 or b2518
56,DHORTS_f,Dihydroorotase,Cytoplasmic,Purine and Pyrimidine Biosynthesis,38827.0,0.0,0.0,1.71,b1062
57,OMPDC,Orotidine-5'-phosphate decarboxylase,Cytoplasmic,Purine and Pyrimidine Biosynthesis,26350.0,0.0,0.0,42.0,b1281
58,CS,Citrate synthase,Cytoplasmic,Citric Acid Cycle,48015.0,0.0,0.0,51.0,b0720
59,ICDHyr_f,Isocitrate dehydrogenase (NADP),Cytoplasmic,Citric Acid Cycle,45757.0,0.0,0.0,11.1,b1136
60,ACALD_f,Acetaldehyde dehydrogenase (acetylating),Cytoplasmic,Pyruvate Metabolism,33442.0,0.0,0.0,15.7,b0351 or b1241
61,ACS,Acetyl-CoA synthetase,Inner Membrane,Pyruvate Metabolism,55077.0,55077.0,55077.0,66.6,b4069
62,PPA,Inorganic diphosphatase,Cytoplasmic,Anaplerotic Reactions,19704.0,0.0,0.0,390.0,b2744 or b2502 or b4226
63,PPCK,Phosphoenolpyruvate carboxykinase,Cytoplasmic,Anaplerotic Reactions,59643.0,0.0,0.0,38.0,b3403
64,ME1,Malic enzyme (NAD),Cytoplasmic,Anaplerotic Reactions,63197.0,0.0,0.0,134.4,b1479
65,ALAR_f,Alanine racemase,Cytoplasmic,Alanine and Aspartate Metabolism,38845.0,0.0,0.0,27.6,b1190 or b4053
66,ALATA_L_f,L-alanine transaminase,Cytoplasmic,Alanine and Aspartate Metabolism,45517.0,0.0,0.0,17.1,b2290 or b2379
67,XYLK,Xylulokinase,Cytoplasmic,Alternate Carbon Metabolism,52618.0,0.0,0.0,3308.46,b0063 or b3564
68,RBK,Ribokinase,Cytoplasmic,Alternate Carbon Metabolism,32291.0,0.0,0.0,9.166666667,b3752
69,GLYK,Glycerol kinase,Cytoplasmic,Alternate Carbon Metabolism,56231.0,0.0,0.0,4900.0,b3926
70,PPM_f,Phosphopentomutase,Cytoplasmic,Alternate Carbon Metabolism,44370.0,0.0,0.0,173.0,b4383
71,ASPTA_f,Aspartate transaminase,Cytoplasmic,Alanine and Aspartate Metabolism,43538.0,0.0,0.0,404.0,b0928 or b4054
72,FBP,Fructose-bisphosphatase,Inner Membrane,Glycolysis/Gluconeogenesis,13093.0,13093.0,13093.0,19.3,b4232 or b3925 or b2930 or b3697
73,GLGC,Glucose-1-phosphate adenylyltransferase,Cytoplasmic,Glycolysis/Gluconeogenesis,48698.0,0.0,0.0,370.0,b3430
74,PYK,Pyruvate kinase,Cytoplasmic,Glycolysis/Gluconeogenesis,50729.0,0.0,0.0,135.5,b1854 or b1676
75,A5PISO_f,Arabinose-5-phosphate isomerase,Cytoplasmic,Alternate Carbon Metabolism,34031.0,0.0,0.0,10.5,b3197 or b2708
76,EX_met__L_e_f,L-Methionine exchange,Exchange,Extracellular exchange,0.0,0.0,0.0,100000000.0,
77,EX_metsox_S__L_e_f,L-Methionine S-oxide exchange,Exchange,Extracellular exchange,0.0,0.0,0.0,100000000.0,
78,IPPMIb_f,2-isopropylmalate hydratase,Cytoplasmic,"Valine, Leucine, and Isoleucine Metabolism",72369.0,0.0,0.0,10.0,b0071 and b0072
79,ACHBS,2-aceto-2-hydroxybutanoate synthase,Cytoplasmic,"Valine, Leucine, and Isoleucine Metabolism",71547.0,0.0,0.0,33.0,(b3670 and b3671) or (b0077 and b0078)
80,ACLS,Acetolactate synthase,Cytoplasmic,"Valine, Leucine, and Isoleucine Metabolism",71547.0,0.0,0.0,38.94,(b0077 and b0078) or (b3670 and b3671)
81,PSCVT_f,3-phosphoshikimate 1-carboxyvinyltransferase,Cytoplasmic,"Tyrosine, Tryptophan, and Phenylalanine Metabolism",46096.0,0.0,0.0,24.6285905,b0908
82,ANS,Anthranilate synthase,Cytoplasmic,"Tyrosine, Tryptophan, and Phenylalanine Metabolism",114364.0,0.0,0.0,383.0,b1263 and b1264
83,ANPRT,Anthranilate phosphoribosyltransferase,Cytoplasmic,"Tyrosine, Tryptophan, and Phenylalanine Metabolism",56870.0,0.0,0.0,4.4,b1263
84,CHORM,Chorismate mutase,Cytoplasmic,"Tyrosine, Tryptophan, and Phenylalanine Metabolism",42043.0,0.0,0.0,233450.0,b2599 or b2600
85,CHORS,Chorismate synthase,Cytoplasmic,"Tyrosine, Tryptophan, and Phenylalanine Metabolism",39137.0,0.0,0.0,29.0,b2329
86,IGPS,Indole-3-glycerol-phosphate synthase,Cytoplasmic,"Tyrosine, Tryptophan, and Phenylalanine Metabolism",49492.0,0.0,0.0,9.3,b1262
87,EX_crn_e_f,L-Carnitine exchange,Exchange,Extracellular exchange,0.0,0.0,0.0,100000000.0,
88,EX_fe3_e_f,Fe3+ exchange,Exchange,Extracellular exchange,0.0,0.0,0.0,100000000.0,
89,EX_glcn_e_f,D-Gluconate exchange,Exchange,Extracellular exchange,0.0,0.0,0.0,100000000.0,
90,EX_gln__L_e_f,L-Glutamine exchange,Exchange,Extracellular exchange,0.0,0.0,0.0,100000000.0,
91,EX_glyc_e_f,Glycerol exchange,Exchange,Extracellular exchange,0.0,0.0,0.0,100000000.0,
92,EX_man_e_f,D-Mannose exchange,Exchange,Extracellular exchange,0.0,0.0,0.0,100000000.0,
93,EX_mn2_e_f,Mn2+ exchange,Exchange,Extracellular exchange,0.0,0.0,0.0,100000000.0,
94,EX_rib__D_e_f,D-Ribose exchange,Exchange,Extracellular exchange,0.0,0.0,0.0,100000000.0,
95,EX_sbt__D_e_f,D-Sorbitol exchange,Exchange,Extracellular exchange,0.0,0.0,0.0,100000000.0,
96,ECOAH6_f,3-hydroxyacyl-CoA dehydratase (3-hydroxytetradecanoyl-CoA),Cytoplasmic,Membrane Lipid Metabolism,77072.0,0.0,0.0,380.5,b2341 or b3846
97,ENO_f,Enolase,Cytoplasmic,Glycolysis/Gluconeogenesis,45655.0,0.0,0.0,141.4,b2779
98,FBA_f,Fructose-bisphosphate aldolase,Cytoplasmic,Glycolysis/Gluconeogenesis,38109.0,0.0,0.0,10.8,b2925 or b2097
99,MGSA,Methylglyoxal synthase,Cytoplasmic,Methylglyoxal Metabolism,16919.0,0.0,0.0,220.0,b0963
100,PPS,Phosphoenolpyruvate synthase,Cytoplasmic,Glycolysis/Gluconeogenesis,87435.0,0.0,0.0,0.33,b1702
101,PGI_f,Glucose-6-phosphate isomerase,Cytoplasmic,Glycolysis/Gluconeogenesis,61530.0,0.0,0.0,923.75,b4025
102,PGK_f,Phosphoglycerate kinase,Cytoplasmic,Glycolysis/Gluconeogenesis,41118.0,0.0,0.0,1480.0,b2926
103,EDA,2-dehydro-3-deoxy-phosphogluconate aldolase,Cytoplasmic,Pentose Phosphate Pathway,22284.0,0.0,0.0,149.93,b1850
104,PGL,6-phosphogluconolactonase,Cytoplasmic,Pentose Phosphate Pathway,36308.0,0.0,0.0,570.2,b0767
105,RPE_f,Ribulose 5-phosphate 3-epimerase,Cytoplasmic,Pentose Phosphate Pathway,24554.0,0.0,0.0,873.3,b3386
106,TALA_f,Transaldolase,Cytoplasmic,Pentose Phosphate Pathway,35219.0,0.0,0.0,13.0,b0008 or b2464
107,TKT1_f,Transketolase,Cytoplasmic,Pentose Phosphate Pathway,72212.0,0.0,0.0,4.24375,b2935 or b2465
108,G6PDA,Glucosamine-6-phosphate deaminase,Cytoplasmic,Alternate Carbon Metabolism,29774.0,0.0,0.0,72.93333333,b0678
109,ALCD2x_f,Alcohol dehydrogenase (ethanol),Cytoplasmic,Pyruvate Metabolism,35380.0,0.0,0.0,352.2,b1241 or b1478
110,ALDD2y,"Aldehyde dehydrogenase (acetaldehyde, NADP)",Cytoplasmic,Alternate Carbon Metabolism,29410.0,0.0,0.0,53.5,b3588 or b3011 or b3003 or b0493 or b4269
111,RMI_f,L-rhamnose isomerase,Cytoplasmic,Alternate Carbon Metabolism,47199.0,0.0,0.0,224.0,b3903
112,EX_ura_e_f,Uracil exchange,Exchange,Extracellular exchange,0.0,0.0,0.0,100000000.0,
113,EX_val__L_e_f,L-Valine exchange,Exchange,Extracellular exchange,0.0,0.0,0.0,100000000.0,
114,EX_xan_e_f,Xanthine exchange,Exchange,Extracellular exchange,0.0,0.0,0.0,100000000.0,
115,FMNAT,FMN adenylyltransferase,Cytoplasmic,Cofactor and Prosthetic Group Biosynthesis,34734.0,0.0,0.0,370.0,b0025
116,NADDP,NAD diphosphatase,Cytoplasmic,Cofactor and Prosthetic Group Biosynthesis,29689.0,0.0,0.0,19.3,b3996 or b2411
117,NMNAT,Nicotinamide-nucleotide adenylyltransferase,Cytoplasmic,Cofactor and Prosthetic Group Biosynthesis,24528.0,0.0,0.0,0.904583333,b4390 or b0639
118,HMPK1,Hydroxymethylpyrimidine kinase (ATP),Cytoplasmic,Cofactor and Prosthetic Group Biosynthesis,28634.0,0.0,0.0,0.254175,b2103 or b2418
119,NDPK6_f,Nucleoside-diphosphate kinase (ATP:dUDP),Cytoplasmic,Nucleotide Salvage Pathway,15463.0,0.0,0.0,571.5,b0474 or b2518
120,NDPK8_f,Nucleoside-diphosphate kinase (ATP:dADP),Cytoplasmic,Nucleotide Salvage Pathway,15463.0,0.0,0.0,571.5,b0474 or b2518
121,PYNP2r_f,Pyrimidine-nucleoside phosphorylase (uracil),Cytoplasmic,Nucleotide Salvage Pathway,27159.0,0.0,0.0,150.0,b3831
122,DURIPP_f,Deoxyuridine phosphorylase,Cytoplasmic,Nucleotide Salvage Pathway,25950.0,0.0,0.0,39.965,b4382 or b4384
123,PTRCTA,Putrescine Transaminase,Cytoplasmic,Arginine and Proline Metabolism,49661.0,0.0,0.0,278.0,b3073
124,CYSDS,Cysteine Desulfhydrase,Cytoplasmic,Cysteine Metabolism,43212.0,0.0,0.0,25.35,b3008 or b3708
125,TRPAS2_f,Tryptophanase (L-tryptophan),Cytoplasmic,"Tyrosine, Tryptophan, and Phenylalanine Metabolism",52773.0,0.0,0.0,5.4,b3708
126,NDP3,Nucleoside diphosphatase  GDP ,Cytoplasmic,Nucleotide Salvage Pathway,17433.0,0.0,0.0,660.3553889,b1134 or b3614
127,CDPPH,CDP phosphohydrolase,Cytoplasmic,Nucleotide Salvage Pathway,35353.0,0.0,0.0,700.0,b3614
128,NDP7,Nucleoside diphosphatase  UDP ,Cytoplasmic,Nucleotide Salvage Pathway,35353.0,0.0,0.0,80.9,b3614
129,EX_co2_e_f,CO2 exchange,Exchange,Extracellular exchange,0.0,0.0,0.0,100000000.0,
130,PMDPHT,Pyrimidine phosphatase,Cytoplasmic,Cofactor and Prosthetic Group Biosynthesis,27122.0,0.0,0.0,1.465,b0844 or b3812
131,ILETA_f,Isoleucine transaminase,Cytoplasmic,"Valine, Leucine, and Isoleucine Metabolism",34094.0,0.0,0.0,48.0,b3770
132,VALTA_f,Valine transaminase,Cytoplasmic,"Valine, Leucine, and Isoleucine Metabolism",34094.0,0.0,0.0,19.0,b3770
133,ORPT_f,Orotate phosphoribosyltransferase,Cytoplasmic,Purine and Pyrimidine Biosynthesis,23567.0,0.0,0.0,1.95,b3642
134,RBFSa,Riboflavin synthase,Cytoplasmic,Cofactor and Prosthetic Group Biosynthesis,23445.0,0.0,0.0,0.040957143,b0415
135,DHAD2,"Dihydroxy-acid dehydratase (2,3-dihydroxy-3-methylpentanoate)",Cytoplasmic,"Valine, Leucine, and Isoleucine Metabolism",65532.0,0.0,0.0,11.5,b3771
136,G1PP,Glucose-1-phosphatase,Cytoplasmic,Glycolysis/Gluconeogenesis,22732.0,0.0,0.0,117.0,b2293 or b3885 or b3697
137,PFL,Pyruvate formate lyase,Cytoplasmic,Pyruvate Metabolism,113561.0,0.0,0.0,770.0,(b0902 and b0903) or (b0902 and b3114) or (b3951 and b3952) or ((b0902 and b0903) and b2579)
138,FRD2,Fumarate reductase,Inner Membrane,Citric Acid Cycle,121217.0,121217.0,28122.0,250.0,b4152 and b4151 and b4153 and b4154
139,FRD3,Fumarate reductase,Inner Membrane,Citric Acid Cycle,121217.0,121217.0,28122.0,250.0,b4152 and b4151 and b4153 and b4154
140,POX,Pyruvate oxidase,Cytoplasmic,Oxidative Phosphorylation,62011.0,0.0,0.0,167.0,b0871
141,PTAr_f,Phosphotransacetylase,Cytoplasmic,Pyruvate Metabolism,36067.0,0.0,0.0,120.0,b2297 or b2458
142,ACKr_f,Acetate kinase,Cytoplasmic,Pyruvate Metabolism,42434.0,0.0,0.0,908.0,b2296 or b1849 or b3115
143,EX_hxan_e_f,Hypoxanthine exchange,Exchange,Extracellular exchange,0.0,0.0,0.0,100000000.0,
144,EX_ile__L_e_f,L-Isoleucine exchange,Exchange,Extracellular exchange,0.0,0.0,0.0,100000000.0,
145,EX_lac__L_e_f,L-Lactate exchange,Exchange,Extracellular exchange,0.0,0.0,0.0,100000000.0,
146,EX_leu__L_e_f,L-Leucine exchange,Exchange,Extracellular exchange,0.0,0.0,0.0,100000000.0,
147,EX_no3_e_f,Nitrate exchange,Exchange,Extracellular exchange,0.0,0.0,0.0,100000000.0,
148,EX_orn_e_f,Ornithine exchange,Exchange,Extracellular exchange,0.0,0.0,0.0,100000000.0,
149,EX_pro__L_e_f,L-Proline exchange,Exchange,Extracellular exchange,0.0,0.0,0.0,100000000.0,
150,EX_pyr_e_f,Pyruvate exchange,Exchange,Extracellular exchange,0.0,0.0,0.0,100000000.0,
151,EX_succ_e_f,Succinate exchange,Exchange,Extracellular exchange,0.0,0.0,0.0,100000000.0,
152,EX_thymd_e_f,Thymidine exchange,Exchange,Extracellular exchange,0.0,0.0,0.0,100000000.0,
153,EX_tyr__L_e_f,L-Tyrosine exchange,Exchange,Extracellular exchange,0.0,0.0,0.0,100000000.0,
154,MOAT,3-deoxy-D-manno-octulosonic acid transferase,Inner Membrane,Lipopolysaccharide Biosynthesis / Recycling,47291.0,47291.0,47291.0,2.866666667,b3633
155,UDCPDPS,Undecaprenyl diphosphate synthase,Cytoplasmic,Cofactor and Prosthetic Group Biosynthesis,28444.0,0.0,0.0,2.1762,b0174
156,USHD,UDP-sugar hydrolase,Cytoplasmic,Lipopolysaccharide Biosynthesis / Recycling,26894.0,0.0,0.0,90.13177273,b0524
157,LPADSS,Lipid A disaccaride synthase,Cytoplasmic,Lipopolysaccharide Biosynthesis / Recycling,42382.0,0.0,0.0,18.3185,b0182
158,TDSK,Tetraacyldisaccharide 4'kinase,Inner Membrane,Lipopolysaccharide Biosynthesis / Recycling,35589.0,35589.0,35589.0,2.4,b0915
159,EX_btn_e_f,Biotin exchange,Exchange,Extracellular exchange,0.0,0.0,0.0,100000000.0,
160,EX_ptrc_e_f,Putrescine exchange,Exchange,Extracellular exchange,0.0,0.0,0.0,100000000.0,
161,EX_spmd_e_f,Spermidine exchange,Exchange,Extracellular exchange,0.0,0.0,0.0,100000000.0,
162,EX_thym_e_f,Thymine exchange,Exchange,Extracellular exchange,0.0,0.0,0.0,100000000.0,
163,EX_xtsn_e_f,Xanthosine exchange,Exchange,Extracellular exchange,0.0,0.0,0.0,100000000.0,
164,NTPP1,Nucleoside triphosphate pyrophosphorylase (dgtp),Cytoplasmic,Nucleotide Salvage Pathway,14927.0,0.0,0.0,2.55,b0099 or b2781
165,NTPP2,Nucleoside triphosphate pyrophosphorylase (gtp),Cytoplasmic,Nucleotide Salvage Pathway,14927.0,0.0,0.0,2.55,b0099 or b2781
166,NTPTP1,Nucleoside triphosphate tripolyhydrolase,Cytoplasmic,Nucleotide Salvage Pathway,59383.0,0.0,0.0,4000.0,b0160
167,NTPTP2,Nucleoside triphosphate tripolyhydrolase,Cytoplasmic,Nucleotide Salvage Pathway,59383.0,0.0,0.0,4000.0,b0160
168,IPMD,3-isopropylmalate dehydrogenase,Cytoplasmic,"Valine, Leucine, and Isoleucine Metabolism",39517.0,0.0,0.0,69.0,b0073 or b1800
169,AIRC3_f,Phosphoribosylaminoimidazole carboxylase (mutase rxn),Cytoplasmic,Purine and Pyrimidine Biosynthesis,17780.0,0.0,0.0,15.6,b0523
170,ADSL2r_f,Adenylosuccinate lyase,Cytoplasmic,Purine and Pyrimidine Biosynthesis,51543.0,0.0,0.0,7.0,b1131
171,EX_fe2_e_f,Fe2+ exchange,Exchange,Extracellular exchange,0.0,0.0,0.0,100000000.0,
172,PUNP5_f,Purine-nucleoside phosphorylase (Inosine),Cytoplasmic,Nucleotide Salvage Pathway,25950.0,0.0,0.0,6200.0,b2407 or b4384
173,PUNP6_f,Purine-nucleoside phosphorylase (Deoxyinosine),Cytoplasmic,Nucleotide Salvage Pathway,25950.0,0.0,0.0,44.93,b4384 or b2407
174,PUNP7_f,Purine-nucleoside phosphorylase (Xanthosine),Cytoplasmic,Nucleotide Salvage Pathway,29835.0,0.0,0.0,44.93,b2407
175,RNDR1,Ribonucleoside-diphosphate reductase (ADP),Cytoplasmic,Nucleotide Salvage Pathway,141099.0,0.0,0.0,8.115,(b2582 and (b2234 and b2235)) or (b3781 and (b2234 and b2235))
176,RNDR3,Ribonucleoside-diphosphate reductase (CDP),Cytoplasmic,Nucleotide Salvage Pathway,141099.0,0.0,0.0,8.115,(b3781 and (b2234 and b2235)) or (b2582 and (b2234 and b2235))
177,RNDR4,Ribonucleoside-diphosphate reductase (UDP),Cytoplasmic,Nucleotide Salvage Pathway,141099.0,0.0,0.0,8.115,(b3781 and (b2234 and b2235)) or ((b2234 and b2235) and b2582)
178,TMDS,Thymidylate synthase,Cytoplasmic,Nucleotide Salvage Pathway,30480.0,0.0,0.0,3.11,b2827
179,TMDK1,Thymidine kinase (ATP:thymidine),Cytoplasmic,Nucleotide Salvage Pathway,23457.0,0.0,0.0,2.0,b1238
180,PPCDC,Phosphopantothenoylcysteine decarboxylase,Cytoplasmic,Cofactor and Prosthetic Group Biosynthesis,43438.0,0.0,0.0,2.9,b3639
181,FTHFD,Formyltetrahydrofolate deformylase,Cytoplasmic,Folate Metabolism,31935.0,0.0,0.0,111.8694444,b1232
182,EX_glc__D_e_f,D-Glucose exchange,Exchange,Extracellular exchange,0.0,0.0,0.0,100000000.0,
183,EDD,6-phosphogluconate dehydratase,Cytoplasmic,Pentose Phosphate Pathway,64639.0,0.0,0.0,368.4865,b1851
184,DHQTi,"3-dehydroquinate dehydratase, irreversible",Cytoplasmic,"Tyrosine, Tryptophan, and Phenylalanine Metabolism",27467.0,0.0,0.0,215.0,b1693
185,PUNP1_f,Purine-nucleoside phosphorylase (Adenosine),Cytoplasmic,Nucleotide Salvage Pathway,25950.0,0.0,0.0,44.93,b4384
186,PUNP2_f,Purine-nucleoside phosphorylase (Deoxyadenosine),Cytoplasmic,Nucleotide Salvage Pathway,25950.0,0.0,0.0,44.93,b4384
187,PUNP3_f,Purine-nucleoside phosphorylase (Guanosine),Cytoplasmic,Nucleotide Salvage Pathway,25950.0,0.0,0.0,44.93,b2407 or b4384
188,LYSAM_f,"Lysine 2,3-aminomutase",Cytoplasmic,Threonine and Lysine Metabolism,38750.0,0.0,0.0,0.083,b4146
189,DHAD1,"Dihydroxy-acid dehydratase (2,3-dihydroxy-3-methylbutanoate)",Cytoplasmic,"Valine, Leucine, and Isoleucine Metabolism",65532.0,0.0,0.0,11.5,b3771
190,IPPMIa_f,3-isopropylmalate dehydratase,Cytoplasmic,"Valine, Leucine, and Isoleucine Metabolism",72369.0,0.0,0.0,368.4865,b0071 and b0072
191,EX_alltn_e_f,Allantoin exchange,Exchange,Extracellular exchange,0.0,0.0,0.0,100000000.0,
192,G3PD7,Glycerol-3-phosphate dehydrogenase (demethylmenaquinone-8),Cytoplasmic,Oxidative Phosphorylation,148423.0,0.0,0.0,33.3,b2243 and b2242 and b2241
193,NADH9,NADH dehydrogenase (demethylmenaquinone-8 & 0 protons),Cytoplasmic,Oxidative Phosphorylation,20170.0,0.0,0.0,8.9,b1109 or b1004 or b0046 or b3713
194,NADH10,NADH dehydrogenase (menaquinone-8 & 0 protons),Cytoplasmic,Oxidative Phosphorylation,20170.0,0.0,0.0,8.9,b1109 or b3713 or b0046 or b1004
195,MDH_f,Malate dehydrogenase,Cytoplasmic,Citric Acid Cycle,32337.0,0.0,0.0,138.5,b3236
196,FUM_f,Fumarase,Cytoplasmic,Citric Acid Cycle,50489.0,0.0,0.0,60.0,b1612 or b4122 or b1611
197,PYDXNK,Pyridoxine kinase,Cytoplasmic,Cofactor and Prosthetic Group Biosynthesis,30847.0,0.0,0.0,0.3,b2418
198,PYAM5PO,Pyridoxamine 5'-phosphate oxidase,Cytoplasmic,Cofactor and Prosthetic Group Biosynthesis,25545.0,0.0,0.0,14.86,b1638
199,OHPBAT_f,O-Phospho-4-hydroxy-L-threonine:2-oxoglutarate aminotransferase,Cytoplasmic,Cofactor and Prosthetic Group Biosynthesis,39783.0,0.0,0.0,2.49,b0907
200,EX_dgsn_e_f,Deoxyguanosine exchange,Exchange,Extracellular exchange,0.0,0.0,0.0,100000000.0,
201,EX_arab__L_e_f,L-Arabinose exchange,Exchange,Extracellular exchange,0.0,0.0,0.0,100000000.0,
202,EX_fru_e_f,D-Fructose exchange,Exchange,Extracellular exchange,0.0,0.0,0.0,100000000.0,
203,EX_gal_e_f,D-Galactose exchange,Exchange,Extracellular exchange,0.0,0.0,0.0,100000000.0,
204,EX_xyl__D_e_f,D-Xylose exchange,Exchange,Extracellular exchange,0.0,0.0,0.0,100000000.0,
205,EX_duri_e_f,Deoxyuridine exchange,Exchange,Extracellular exchange,0.0,0.0,0.0,100000000.0,
206,EX_for_e_f,Formate exchange,Exchange,Extracellular exchange,0.0,0.0,0.0,100000000.0,
207,EX_gly_e_f,Glycine exchange,Exchange,Extracellular exchange,0.0,0.0,0.0,100000000.0,
208,EX_h2_e_f,H2 exchange,Exchange,Extracellular exchange,0.0,0.0,0.0,100000000.0,
209,EX_lys__L_e_f,L-Lysine exchange,Exchange,Extracellular exchange,0.0,0.0,0.0,100000000.0,
210,EX_ser__L_e_f,L-Serine exchange,Exchange,Extracellular exchange,0.0,0.0,0.0,100000000.0,
211,EX_thm_e_f,Thiamin exchange,Exchange,Extracellular exchange,0.0,0.0,0.0,100000000.0,
212,EX_trp__L_e_f,L-Tryptophan exchange,Exchange,Extracellular exchange,0.0,0.0,0.0,100000000.0,
213,GLUTRR,Glutamyl-tRNA reductase,Cytoplasmic,Cofactor and Prosthetic Group Biosynthesis,46307.0,0.0,0.0,0.15,b1210
214,GLCS1,Glycogen synthase (ADPGlc),Cytoplasmic,Glycolysis/Gluconeogenesis,52822.0,0.0,0.0,284.0,b3429
215,GLCP,Glycogen phosphorylase,Inner Membrane,Glycolysis/Gluconeogenesis,90522.0,90522.0,90522.0,47.0,b3428 or b3417
216,EX_din_e_f,Deoxyinosine exchange,Exchange,Extracellular exchange,0.0,0.0,0.0,100000000.0,
217,EX_fmn_e_f,FMN exchange,Exchange,Extracellular exchange,0.0,0.0,0.0,100000000.0,
218,EX_gthox_e_f,Oxidized glutathione exchange,Exchange,Extracellular exchange,0.0,0.0,0.0,100000000.0,
219,HEMEOS,Heme O synthase,Inner Membrane,Cofactor and Prosthetic Group Biosynthesis,32248.0,32248.0,32248.0,2.076535714,b0428
220,ADMDC,Adenosylmethionine decarboxylase,Cytoplasmic,Arginine and Proline Metabolism,30385.0,0.0,0.0,0.088,b0120
221,AGMT,Agmatinase,Cytoplasmic,Arginine and Proline Metabolism,33557.0,0.0,0.0,0.032,b2937
222,ARGDC,Arginine decarboxylase,Cytoplasmic,Arginine and Proline Metabolism,84425.0,0.0,0.0,2.296666667,b4117
223,ARGSS,Argininosuccinate synthase,Cytoplasmic,Arginine and Proline Metabolism,49898.0,0.0,0.0,4.212083333,b3172
224,AGPR_f,N-acetyl-g-glutamyl-phosphate reductase,Cytoplasmic,Arginine and Proline Metabolism,35952.0,0.0,0.0,30.56378857,b3958
225,SPMS,Spermidine synthase,Cytoplasmic,Arginine and Proline Metabolism,32321.0,0.0,0.0,0.14,b0121
226,G1SAT_f,Glutamate-1-semialdehyde aminotransferase,Cytoplasmic,Cofactor and Prosthetic Group Biosynthesis,45366.0,0.0,0.0,0.51,b0154
227,KDOCT2,3-deoxy-manno-octulosonate cytidylyltransferase,Cytoplasmic,Lipopolysaccharide Biosynthesis / Recycling,27614.0,0.0,0.0,12.5,b0918
228,OAADC,Oxaloacetate decarboxylase,Cytoplasmic,Pyruvate Metabolism,22284.0,0.0,0.0,11.0,b1850
229,MNNH,D-mannonate hydrolyase,Cytoplasmic,Alternate Carbon Metabolism,44838.0,0.0,0.0,0.81,b4322
230,ALTRH,Altronate hydrolase,Cytoplasmic,Alternate Carbon Metabolism,54093.0,0.0,0.0,368.4865,b3091
231,GUI1_f,Glucuronate isomerase (D-glucuronate),Cytoplasmic,Alternate Carbon Metabolism,53987.0,0.0,0.0,196.0,b3092
232,PGAMT_f,Phosphoglucosamine mutase,Cytoplasmic,Cell Envelope Biosynthesis,47544.0,0.0,0.0,0.52,b3176
233,UAGDP,UDP-N-acetylglucosamine diphosphorylase,Cytoplasmic,Cell Envelope Biosynthesis,49190.0,0.0,0.0,68.41428571,b3730
234,UAGCVT,UDP-N-acetylglucosamine 1-carboxyvinyltransferase,Cytoplasmic,Cell Envelope Biosynthesis,44818.0,0.0,0.0,4.633333333,b3189
235,GLUR_f,Glutamate racemase,Cytoplasmic,Cell Envelope Biosynthesis,31002.0,0.0,0.0,43.33,b3967
236,UAG2E_f,UDP-N-acetylglucosamine 2-epimerase,Cytoplasmic,Cell Envelope Biosynthesis,42245.0,0.0,0.0,3.625,b3786
237,EX_acald_e_f,Acetaldehyde exchange,Exchange,Extracellular exchange,0.0,0.0,0.0,100000000.0,
238,EX_melib_e_f,Melibiose exchange,Exchange,Extracellular exchange,0.0,0.0,0.0,100000000.0,
239,MACPD,Malonyl-ACP decarboxylase,Cytoplasmic,Membrane Lipid Metabolism,42613.0,0.0,0.0,0.05165,b2323
240,DMQMT,3-Dimethylubiquinonol 3-methyltransferase,Cytoplasmic,Cofactor and Prosthetic Group Biosynthesis,26555.0,0.0,0.0,0.0524684,b2232
241,ICHORS_copy1,Isochorismate synthase,Cytoplasmic,Cofactor and Prosthetic Group Biosynthesis,42932.0,0.0,0.0,0.35,b0593
242,EX_sucr_e_f,Sucrose exchange,Exchange,Extracellular exchange,0.0,0.0,0.0,100000000.0,
243,EX_tre_e_f,Trehalose exchange,Exchange,Extracellular exchange,0.0,0.0,0.0,100000000.0,
244,EX_zn2_e_f,Zinc exchange,Exchange,Extracellular exchange,0.0,0.0,0.0,100000000.0,
245,HACD5_f,3-hydroxyacyl-CoA dehydrogenase (3-oxododecanoyl-CoA),Cytoplasmic,Membrane Lipid Metabolism,77072.0,0.0,0.0,229.0,b3846 or b2341
246,DNMPPA,Dihydroneopterin monophosphate dephosphorylase,Cytoplasmic,Cofactor and Prosthetic Group Biosynthesis,0.0,0.0,0.0,100000000.0,
247,HPPK2,6-hydroxymethyl-dihydropterin pyrophosphokinase,Cytoplasmic,Cofactor and Prosthetic Group Biosynthesis,18079.0,0.0,0.0,0.17,b0142
248,PTPATi,Pantetheine-phosphate adenylyltransferase,Cytoplasmic,Cofactor and Prosthetic Group Biosynthesis,17837.0,0.0,0.0,4.7,b3634
249,HEX7,Hexokinase (D-fructose:ATP),Cytoplasmic,Alternate Carbon Metabolism,32500.0,0.0,0.0,14.3,b0394
250,DXPRIi,1-deoxy-D-xylulose reductoisomerase,Cytoplasmic,Cofactor and Prosthetic Group Biosynthesis,43388.0,0.0,0.0,32.25,b0173
251,OPHBDC,Octaprenyl-hydroxybenzoate decarboxylase,Cytoplasmic,Cofactor and Prosthetic Group Biosynthesis,55604.0,0.0,0.0,75.042,b3843
252,OHPHM,2-octaprenyl-6-hydroxyphenol methylase,Cytoplasmic,Cofactor and Prosthetic Group Biosynthesis,26555.0,0.0,0.0,0.0524684,b2232
253,GHMT2r_f,"Glycine hydroxymethyltransferase, reversible",Cytoplasmic,Glycine and Serine Metabolism,45317.0,0.0,0.0,12.285,b2551
254,DHORD2,Dihydoorotic acid dehydrogenase (quinone8),Cytoplasmic,Purine and Pyrimidine Biosynthesis,36775.0,0.0,0.0,82.0,b0945
255,ADK4_f,Adentylate kinase (ITP),Cytoplasmic,Nucleotide Salvage Pathway,23586.0,0.0,0.0,842.0,b0474
256,INSK,Insosine kinase,Cytoplasmic,Nucleotide Salvage Pathway,48449.0,0.0,0.0,14.80483333,b0477
257,ABTA,4-aminobutyrate transaminase,Cytoplasmic,Arginine and Proline Metabolism,44729.0,0.0,0.0,47.4,b2662 or b1302
258,SSALx,Succinate-semialdehyde dehydrogenase (NAD),Cytoplasmic,Arginine and Proline Metabolism,49718.0,0.0,0.0,45.8,b1525
259,ASPT,L-aspartase,Cytoplasmic,Alanine and Aspartate Metabolism,52356.0,0.0,0.0,180.0,b4139
260,SERD_L,L-serine deaminase,Cytoplasmic,Glycine and Serine Metabolism,35232.0,0.0,0.0,436.0,b4471 or b1814 or b2797 or b3708 or b3117
261,THRD,L-threonine dehydrogenase,Cytoplasmic,Glycine and Serine Metabolism,37239.0,0.0,0.0,135.0,b3616 or b3589
262,HEX4,Hexokinase (D-mannose:ATP),Cytoplasmic,Alternate Carbon Metabolism,0.0,0.0,0.0,100000000.0,
263,KARA1_f,"Ketol-acid reductoisomerase (2,3-dihydroxy-3-methylbutanoate)",Cytoplasmic,"Valine, Leucine, and Isoleucine Metabolism",54069.0,0.0,0.0,0.028,b3774
264,KARA2_f,Ketol-acid reductoisomerase (2-Acetolactate),Cytoplasmic,"Valine, Leucine, and Isoleucine Metabolism",54069.0,0.0,0.0,3.8,b3774
265,ACCOAC,Acetyl-CoA carboxylase,Cytoplasmic,Membrane Lipid Metabolism,134572.0,0.0,0.0,30.1,b2316 and b3255 and b3256 and b0185
266,NADK,NAD kinase,Cytoplasmic,Cofactor and Prosthetic Group Biosynthesis,32566.0,0.0,0.0,90.0,b2615
267,ICHORS_copy2_f,Isochorismate synthase,Cytoplasmic,Cofactor and Prosthetic Group Biosynthesis,48765.0,0.0,0.0,0.35,b2265
268,SUCBZS,O-succinylbenzoate-CoA synthase,Cytoplasmic,Cofactor and Prosthetic Group Biosynthesis,35477.0,0.0,0.0,52.0,b2261
269,DHBD_f,"2,3-dihydro-2,3-dihydroxybenzoate dehydrogenase",Cytoplasmic,Cofactor and Prosthetic Group Biosynthesis,26250.0,0.0,0.0,25.3,b0596
270,ICHORT,Isochorismatase,Cytoplasmic,Cofactor and Prosthetic Group Biosynthesis,32554.0,0.0,0.0,10.0,b0595
271,RBK_L1,L-ribulokinase (L-ribulose),Cytoplasmic,Alternate Carbon Metabolism,61089.0,0.0,0.0,40.42,b0063
272,RBP4E_f,L-ribulose-phosphate 4-epimerase,Cytoplasmic,Alternate Carbon Metabolism,25278.0,0.0,0.0,15.825,b0061 or b4198 or b3583
273,NTD2,5'-nucleotidase (UMP),Cytoplasmic,Nucleotide Salvage Pathway,25301.0,0.0,0.0,1.2,b2744 or b4374 or b0675
274,NTD4,5'-nucleotidase (CMP),Cytoplasmic,Nucleotide Salvage Pathway,26916.0,0.0,0.0,202.0,b2744 or b0675
275,NTD5,5'-nucleotidase (dTMP),Cytoplasmic,Nucleotide Salvage Pathway,20255.0,0.0,0.0,0.195,b2744 or b4374 or b2291 or b2361
276,NTD6,5'-nucleotidase (dAMP),Cytoplasmic,Nucleotide Salvage Pathway,20255.0,0.0,0.0,0.22,b2744 or b2291 or b2361
277,LGTHL,Lactoylglutathione lyase,Cytoplasmic,Methylglyoxal Metabolism,14920.0,0.0,0.0,1088.0,b1651
278,PYDXPP,Pyridoxal 5-phosphate phosphatase,Cytoplasmic,Cofactor and Prosthetic Group Biosynthesis,27195.0,0.0,0.0,1.52,b0446 or b3826 or b0766 or b0675
279,PDXPP,Pyridoxine 5-phosphate phosphatase,Cytoplasmic,Cofactor and Prosthetic Group Biosynthesis,30201.0,0.0,0.0,1.25,b0766
280,HACD6_f,3-hydroxyacyl-CoA dehydrogenase (3-oxotetradecanoyl-CoA),Cytoplasmic,Membrane Lipid Metabolism,77072.0,0.0,0.0,229.0,b3846 or b2341
281,ECOAH1_f,3-hydroxyacyl-CoA dehydratase (3-hydroxybutanoyl-CoA),Cytoplasmic,Membrane Lipid Metabolism,77072.0,0.0,0.0,15.0,b2341 or b3846
282,ECOAH2_f,3-hydroxyacyl-CoA dehydratase (3-hydroxyhexanoyl-CoA),Cytoplasmic,Membrane Lipid Metabolism,77072.0,0.0,0.0,380.5,b2341 or b3846
283,ECOAH3_f,3-hydroxyacyl-CoA dehydratase (3-hydroxyoctanoyl-CoA),Cytoplasmic,Membrane Lipid Metabolism,77072.0,0.0,0.0,380.5,b2341 or b3846
284,UGLT_f,UDPglucose--hexose-1-phosphate uridylyltransferase,Cytoplasmic,Alternate Carbon Metabolism,39646.0,0.0,0.0,628.8,b0758
285,DXPS,1-deoxy-D-xylulose 5-phosphate synthase,Cytoplasmic,Cofactor and Prosthetic Group Biosynthesis,67617.0,0.0,0.0,2.6,b0420
286,CDPMEK,4-(cytidine 5'-diphospho)-2-C-methyl-D-erythritol kinase,Cytoplasmic,Cofactor and Prosthetic Group Biosynthesis,30925.0,0.0,0.0,14.80483333,b1208
287,MECDPS,"2-C-methyl-D-erythritol 2,4-cyclodiphosphate synthase",Cytoplasmic,Cofactor and Prosthetic Group Biosynthesis,16898.0,0.0,0.0,2.7,b2746
288,DDGLK,2-dehydro-3-deoxygluconokinase,Cytoplasmic,Alternate Carbon Metabolism,33962.0,0.0,0.0,11.0,b3526
289,XYLI2_f,Xylose isomerase,Cytoplasmic,Alternate Carbon Metabolism,49742.0,0.0,0.0,4.54,b3565
290,PMANM_f,Phosphomannomutase,Cytoplasmic,Alternate Carbon Metabolism,50463.0,0.0,0.0,134.9,b2048
291,ICL,Isocitrate lyase,Cytoplasmic,Anaplerotic Reactions,47522.0,0.0,0.0,5.2,b4015
292,GLYCL,Glycine Cleavage System,Cytoplasmic,Folate Metabolism,209022.0,0.0,0.0,135.5,b2904 and b2903 and b0116 and b2905
293,CMPN,CMP nucleosidase,Cytoplasmic,Nucleotide Salvage Pathway,0.0,0.0,0.0,100000000.0,
294,HCYSMT,Homocysteine S-methyltransferase,Cytoplasmic,Methionine Metabolism,33423.0,0.0,0.0,0.38,b0261
295,UDPG4E_f,UDPglucose 4-epimerase,Cytoplasmic,Alternate Carbon Metabolism,37265.0,0.0,0.0,0.52,b0759
296,LACZ,B-galactosidase,Cytoplasmic,Alternate Carbon Metabolism,116483.0,0.0,0.0,6300.0,b0344
297,TRE6PH,Trehalose-6-phosphate hydrolase,Cytoplasmic,Alternate Carbon Metabolism,63838.0,0.0,0.0,72.26175,b4239
298,XYLI1_f,Xylose isomerase,Cytoplasmic,Alternate Carbon Metabolism,49742.0,0.0,0.0,47.0,b3565
299,PPC,Phosphoenolpyruvate carboxylase,Cytoplasmic,Anaplerotic Reactions,99063.0,0.0,0.0,540.0,b3956
300,ALDD4,"Aldehyde dehydrogenase (butanal, NAD)",Cytoplasmic,Alternate Carbon Metabolism,0.0,0.0,0.0,100000000.0,
301,G3PT,Glycerol-3-phosphatase,Cytoplasmic,Alternate Carbon Metabolism,27195.0,0.0,0.0,9.84,b0822 or b0675
302,CINNDO,Cinnamate dioxygenase,Cytoplasmic,Alternate Carbon Metabolism,126995.0,0.0,0.0,4.5,b2542 and b2538 and b2540 and b2539
303,DHPPD,"2,3-dihydroxyphenylpropionate dehydrogenase",Cytoplasmic,Alternate Carbon Metabolism,28500.0,0.0,0.0,0.45,b2541
304,DHCIND,"2,3-dihydroxycinnamate dehydrogenase",Cytoplasmic,Alternate Carbon Metabolism,28500.0,0.0,0.0,0.45,b2541
305,CITL,Citrate lyase,Cytoplasmic,Citric Acid Cycle,119242.0,0.0,0.0,298.35,b0614 and (b0617 and b0616 and b0615)
306,GOFUCR,GDP-4-oxo-L-fucose reductase,Cytoplasmic,Cell Envelope Biosynthesis,36141.0,0.0,0.0,0.75,b2052
307,PYDXK,Pyridoxal kinase,Cytoplasmic,Cofactor and Prosthetic Group Biosynthesis,30847.0,0.0,0.0,2.15,b2418 or b1636
308,GTPCII2,GTP cyclohydrolase II (25drapp),Cytoplasmic,Cofactor and Prosthetic Group Biosynthesis,21836.0,0.0,0.0,0.064,b1277
309,URIC,Uricase,Cytoplasmic,Unassigned,0.0,0.0,0.0,100000000.0,
310,SADT2,Sulfate adenyltransferase,Cytoplasmic,Cysteine Metabolism,87746.0,0.0,0.0,17.026,b2752 and b2751
311,LCARS_f,"Lacaldehyde reductase (S-propane-1,2-diol forming)",Cytoplasmic,Alternate Carbon Metabolism,40513.0,0.0,0.0,213.4339433,b2799
312,ALCD19_f,Alcohol dehydrogenase (glycerol),Cytoplasmic,Alternate Carbon Metabolism,35380.0,0.0,0.0,153.0,b1478 or b1241
313,RMPA_f,Rhamnulose-1-phosphate aldolase,Cytoplasmic,Alternate Carbon Metabolism,30145.0,0.0,0.0,38.3,b3902
314,SBTPD_f,Sorbitol-6-phosphate dehydrogenase,Cytoplasmic,Alternate Carbon Metabolism,27858.0,0.0,0.0,76.08846667,b2705
315,PFK_2,Phosphofructokinase,Cytoplasmic,Alternate Carbon Metabolism,34842.0,0.0,0.0,31.0185,b3916
316,GLTPD_f,Galactitol-1-phosphate dehydrogenase,Cytoplasmic,Alternate Carbon Metabolism,37390.0,0.0,0.0,76.08846667,b2091
317,TGBPA_f,Tagatose-bisphosphate aldolase,Cytoplasmic,Alternate Carbon Metabolism,77921.0,0.0,0.0,5.38,(b3132 and b3137) or (b2095 and b2096)
318,MANAO_f,Mannonate oxidoreductase,Cytoplasmic,Alternate Carbon Metabolism,53580.0,0.0,0.0,76.08846667,b4323
319,TAGURr_f,Tagaturonate reductase,Cytoplasmic,Alternate Carbon Metabolism,54808.0,0.0,0.0,76.08846667,b1521
320,PGLYCP,Phosphoglycolate phosphatase,Cytoplasmic,Alternate Carbon Metabolism,27389.0,0.0,0.0,94.0,b3385
321,GLXCL,Glyoxalate carboligase,Cytoplasmic,Glyoxylate Metabolism,64732.0,0.0,0.0,18.9,b0507
322,TARTD,L(+)-tartrate dehydratase,Cytoplasmic,Alternate Carbon Metabolism,55413.0,0.0,0.0,368.4865,b3062 and b3061
323,GLCRAL,5-dehydro-4-deoxyglucarate aldolase,Cytoplasmic,Alternate Carbon Metabolism,27384.0,0.0,0.0,27.3,b3126
324,KAS14,Beta-ketoacyl-ACP synthase,Cytoplasmic,Membrane Lipid Metabolism,42613.0,0.0,0.0,0.05165,b2323 or b1095
325,EDTXS1,Endotoxin Synthesis (lauroyl transferase),Inner Membrane,Lipopolysaccharide Biosynthesis / Recycling,35407.0,35407.0,35407.0,131.0,b1054
326,EDTXS2,Endotoxin Synthesis (myristoyl transferase),Inner Membrane,Lipopolysaccharide Biosynthesis / Recycling,37410.0,37410.0,37410.0,46.80901367,b1855
327,EDTXS3,Endotoxin Synthesis (palmitoleoyl ACP),Inner Membrane,Lipopolysaccharide Biosynthesis / Recycling,35493.0,35493.0,35493.0,46.80901367,b2378
328,EDTXS4,Endotoxin Synthesis (myristoyl transferase),Inner Membrane,Lipopolysaccharide Biosynthesis / Recycling,37410.0,37410.0,37410.0,46.80901367,b1855
329,EX_tmao_e_f,Trimethylamine N-oxide exchange,Exchange,Extracellular exchange,0.0,0.0,0.0,100000000.0,
330,NNDPR,Nicotinate-nucleotide diphosphorylase (carboxylating),Cytoplasmic,Cofactor and Prosthetic Group Biosynthesis,32762.0,0.0,0.0,0.13,b0109
331,HACD4_f,3-hydroxyacyl-CoA dehydrogenase (3-oxodecanoyl-CoA),Cytoplasmic,Membrane Lipid Metabolism,77072.0,0.0,0.0,229.0,b3846 or b2341
332,HACD7_f,3-hydroxyacyl-CoA dehydrogenase (3-oxohexadecanoyl-CoA),Cytoplasmic,Membrane Lipid Metabolism,77072.0,0.0,0.0,229.0,b2341 or b3846
333,AACPS1,Acyl-[acyl-carrier-protein] synthetase (n-C14:0),Inner Membrane,Cell Envelope Biosynthesis,89340.0,89340.0,80700.0,21.94,b1094 and b2836
334,SDPDS,Succinyl-diaminopimelate desuccinylase,Cytoplasmic,Threonine and Lysine Metabolism,41269.0,0.0,0.0,140.0,b2472
335,DMSOR1,Dimethyl sulfoxide reductase (Menaquinol 8),Inner Membrane,Oxidative Phosphorylation,144094.0,144094.0,30524.0,79.9,(b1589 and b1590 and b1588 and b1587) or (b0895 and b0896 and b0894)
336,DKGLCNR2y,"2,5-diketo-D-gluconate reductase (NADPH)",Cytoplasmic,Alternate Carbon Metabolism,35396.0,0.0,0.0,6.725,b3553
337,2DGULRy,2-dehydro-L-gulonate reductase (NADPH),Cytoplasmic,Alternate Carbon Metabolism,35396.0,0.0,0.0,6.725,b3553
338,RZ5PP,Alpha-ribazole 5-phosphate phosphatase,Cytoplasmic,Cofactor and Prosthetic Group Biosynthesis,23308.0,0.0,0.0,749.8136875,b0638
339,NTD9,5'-nucleotidase (GMP),Cytoplasmic,Nucleotide Salvage Pathway,20255.0,0.0,0.0,11.0,b2744 or b3399 or b2361 or b0675
340,NTD10,5'-nucleotidase (XMP),Cytoplasmic,Nucleotide Salvage Pathway,26916.0,0.0,0.0,9.84,b2744
341,ADPT,Adenine phosphoribosyltransferase,Cytoplasmic,Nucleotide Salvage Pathway,19859.0,0.0,0.0,9.33,b0469
342,ADK1_f,Adenylate kinase,Cytoplasmic,Nucleotide Salvage Pathway,23586.0,0.0,0.0,860.5,b0474
343,OCTDPS,Octaprenyl pyrophosphate synthase,Cytoplasmic,Cofactor and Prosthetic Group Biosynthesis,35217.0,0.0,0.0,2.0,b3187
344,EX_26dap__M_e_f,"Meso-2,6-Diaminoheptanedioate exchange",Exchange,Extracellular exchange,0.0,0.0,0.0,100000000.0,
345,EX_acnam_e_f,N-Acetylneuraminate exchange,Exchange,Extracellular exchange,0.0,0.0,0.0,100000000.0,
346,EX_amp_e_f,AMP exchange,Exchange,Extracellular exchange,0.0,0.0,0.0,100000000.0,
347,EX_dha_e_f,Dihydroxyacetone exchange,Exchange,Extracellular exchange,0.0,0.0,0.0,100000000.0,
348,EX_fuc__L_e_f,L-Fucose exchange,Exchange,Extracellular exchange,0.0,0.0,0.0,100000000.0,
349,EX_glyald_e_f,D-Glyceraldehyde exchange,Exchange,Extracellular exchange,0.0,0.0,0.0,100000000.0,
350,AACPS2,Acyl-[acyl-carrier-protein] synthetase  (n-C14:1),Inner Membrane,Cell Envelope Biosynthesis,89340.0,89340.0,80700.0,21.94,b1094 and b2836
351,AACPS3,Acyl-[acyl-carrier-protein] synthetase  (n-C16:0),Inner Membrane,Cell Envelope Biosynthesis,89340.0,89340.0,80700.0,21.94,b1094 and b2836
352,AACPS4,Acyl-[acyl-carrier-protein] synthetase  (n-C16:1),Inner Membrane,Cell Envelope Biosynthesis,89340.0,89340.0,80700.0,21.94,b2836 and b1094
353,EX_rmn_e_f,L-Rhamnose exchange,Exchange,Extracellular exchange,0.0,0.0,0.0,100000000.0,
354,EX_ttdca_e_f,Tetradecanoate (n-C14:0) exchange,Exchange,Extracellular exchange,0.0,0.0,0.0,100000000.0,
355,AMANK,N-acetyl-D-mannosamine kinase,Cytoplasmic,Alternate Carbon Metabolism,29644.0,0.0,0.0,14.80483333,b3222
356,EX_glyclt_e_f,Glycolate exchange,Exchange,Extracellular exchange,0.0,0.0,0.0,100000000.0,
357,EX_g6p_e_f,D-Glucose 6-phosphate exchange,Exchange,Extracellular exchange,0.0,0.0,0.0,100000000.0,
358,EX_2ddglcn_e_f,2-Dehydro-3-deoxy-D-gluconate exchange,Exchange,Extracellular exchange,0.0,0.0,0.0,100000000.0,
359,EX_galct__D_e_f,D-Galactarate exchange,Exchange,Extracellular exchange,0.0,0.0,0.0,100000000.0,
360,EX_idon__L_e_f,L-Idonate exchange,Exchange,Extracellular exchange,0.0,0.0,0.0,100000000.0,
361,EX_indole_e_f,Indole exchange,Exchange,Extracellular exchange,0.0,0.0,0.0,100000000.0,
362,EX_3hcinnm_e_f,3-hydroxycinnamic acid exchange,Exchange,Extracellular exchange,0.0,0.0,0.0,100000000.0,
363,EX_acmana_e_f,N-Acetyl-D-mannosamine exchange,Exchange,Extracellular exchange,0.0,0.0,0.0,100000000.0,
364,EX_galur_e_f,D-Galacturonate exchange,Exchange,Extracellular exchange,0.0,0.0,0.0,100000000.0,
365,EX_but_e_f,Butyrate (n-C4:0) exchange,Exchange,Extracellular exchange,0.0,0.0,0.0,100000000.0,
366,EX_cbl1_e_f,Cob(I)alamin exchange,Exchange,Extracellular exchange,0.0,0.0,0.0,100000000.0,
367,ACNML,N-Acetylneuraminate lyase,Cytoplasmic,Alternate Carbon Metabolism,32593.0,0.0,0.0,6.75,b3225
368,CAT,Catalase,Cytoplasmic,Unassigned,80024.0,0.0,0.0,2162.5,b1732 or b3942
369,SERASr_f,(L-seryl)adenylate synthase,Cytoplasmic,Cofactor and Prosthetic Group Biosynthesis,141991.0,0.0,0.0,370.0,b0586
370,DMSOR2,Dimethyl sulfoxide reductase (Demethylmenaquinol 8),Inner Membrane,Oxidative Phosphorylation,144094.0,144094.0,30826.0,79.9,b0895 and b0896 and b0894
371,ACMAMUT,UDP-N-acetyl-D-mannosaminuronic acid transferase,Cytoplasmic,Cell Envelope Biosynthesis,27928.0,0.0,0.0,18.3185,b3794
372,DDGALK,2-dehydro-3-deoxygalactonokinase,Cytoplasmic,Alternate Carbon Metabolism,31374.0,0.0,0.0,14.80483333,b3693
373,AB6PGH,Arbutin 6-phosphate glucohydrolase,Cytoplasmic,Alternate Carbon Metabolism,53161.0,0.0,0.0,2.0,b2901 or b3721 or b2716
374,AMALT1,Amylomaltase (maltotriose),Cytoplasmic,Alternate Carbon Metabolism,78503.0,0.0,0.0,0.157,b3416
375,MLTP2_f,Maltodextrin phosphorylase (maltohexaose),Inner Membrane,Alternate Carbon Metabolism,90522.0,90522.0,90522.0,47.0,b3417
376,PACCOAL,Phenylacetate-CoA ligase,Cytoplasmic,Alternate Carbon Metabolism,48953.0,0.0,0.0,40.0,b1398
377,GP4GH,Gp4G hydrolase,Cytoplasmic,Nucleotide Salvage Pathway,31297.0,0.0,0.0,250.0,b0049
378,ACGAMT,UDP-N-acetylglucosamine:undecaprenylphosphate N-acetylglucosamine -1-phosphate transferase,Inner Membrane,Cell Envelope Biosynthesis,40957.0,40957.0,40957.0,1.2,b3784
379,AADDGT,"DTDP-N-4-acetamido-4,6-dideoxy-D-galactose transferase",Cytoplasmic,Cell Envelope Biosynthesis,40640.0,0.0,0.0,18.3185,b4481
380,EX_gbbtn_e_f,Gamma-butyrobetaine exchange,Exchange,Extracellular exchange,0.0,0.0,0.0,100000000.0,
381,EX_tma_e_f,Trimethylamine exchange,Exchange,Extracellular exchange,0.0,0.0,0.0,100000000.0,
382,GMHEPK,D-glycero-D-manno-heptose 7-phosphate kinase,Cytoplasmic,Lipopolysaccharide Biosynthesis / Recycling,51051.0,0.0,0.0,192.4024167,b3052
383,EX_malttr_e_f,Maltotriose exchange,Exchange,Extracellular exchange,0.0,0.0,0.0,100000000.0,
384,TRE6PS,"Alpha,alpha-trehalose-phosphate synthase (UDP-forming)",Cytoplasmic,Alternate Carbon Metabolism,53611.0,0.0,0.0,5.2,b1896
385,UDCPDP,Undecaprenyl-diphosphatase,Inner Membrane,Cell Envelope Biosynthesis,22399.0,22399.0,22399.0,9.0,b0841 or b1278 or b3057
386,TREH,"Alpha,alpha-trehalase",Cytoplasmic,Alternate Carbon Metabolism,63697.0,0.0,0.0,199.0,b3519
387,CYTK1_f,Cytidylate kinase (CMP),Cytoplasmic,Nucleotide Salvage Pathway,24746.0,0.0,0.0,68.68233333,b0910
388,CYTK2_f,Cytidylate kinase (dCMP),Cytoplasmic,Nucleotide Salvage Pathway,24746.0,0.0,0.0,108.5,b0910
389,GK1_f,Guanylate kinase (GMP:ATP),Cytoplasmic,Nucleotide Salvage Pathway,23593.0,0.0,0.0,209.0,b3648
390,HACD1_f,3-hydroxyacyl-CoA dehydrogenase (acetoacetyl-CoA),Cytoplasmic,Membrane Lipid Metabolism,77072.0,0.0,0.0,229.0,b3846 or b2341
391,HACD2_f,3-hydroxyacyl-CoA dehydrogenase (3-oxohexanoyl-CoA),Cytoplasmic,Membrane Lipid Metabolism,77072.0,0.0,0.0,229.0,b3846 or b2341
392,EX_hdcea_e_f,Hexadecenoate (n-C16:1) exchange,Exchange,Extracellular exchange,0.0,0.0,0.0,100000000.0,
393,ACACCT,Acetyl-CoA:acetoacetyl-CoA transferase,Cytoplasmic,Alternate Carbon Metabolism,46486.0,0.0,0.0,290.0,(b2222 and b2221) or b1694
394,BUTCT,Acetyl-CoA:butyrate-CoA transferase,Cytoplasmic,Alternate Carbon Metabolism,46486.0,0.0,0.0,290.0,b2222 and b2221
395,2DGULRx,2-dehydro-L-gulonate reductase (NADH),Cytoplasmic,Alternate Carbon Metabolism,35396.0,0.0,0.0,60503.775,b3553
396,G1PTT,Glucose-1-phosphate thymidylyltransferase,Cytoplasmic,Cell Envelope Biosynthesis,32694.0,0.0,0.0,12.008,b2039 or b3789
397,TDPGDH,"DTDPglucose 4,6-dehydratase",Cytoplasmic,Cell Envelope Biosynthesis,39754.0,0.0,0.0,4.9,b3788 or b2041
398,UDPGALM,UDPgalactopyranose mutase,Cytoplasmic,Cell Envelope Biosynthesis,42966.0,0.0,0.0,8.72,b2036
399,TDPDRE,"DTDP-4-dehydrorhamnose 3,5-epimerase",Cytoplasmic,Cell Envelope Biosynthesis,21270.0,0.0,0.0,39.0,b2038
400,TDPDRR,DTDP-4-dehydrorhamnose reductase,Cytoplasmic,Cell Envelope Biosynthesis,32694.0,0.0,0.0,29.0,b2040
401,G3PD6,Glycerol-3-phosphate dehydrogenase (menaquinone-8),Cytoplasmic,Oxidative Phosphorylation,148423.0,0.0,0.0,33.3,b2243 and b2242 and b2241
402,ALLTN,Allantoinase,Cytoplasmic,Nitrogen Metabolism,49602.0,0.0,0.0,310.85,b0512
403,UAPGR,UDP-N-acetylenolpyruvoylglucosamine reductase,Cytoplasmic,Cell Envelope Biosynthesis,37851.0,0.0,0.0,9.5,b3972
404,NDPK7_f,Nucleoside-diphosphate kinase (ATP:dCDP),Cytoplasmic,Nucleotide Salvage Pathway,15463.0,0.0,0.0,571.5,b0474 or b2518
405,AOBUTDs,L-2-amino-3-oxobutanoate decarboxylation (spontaneous),Cytoplasmic,Threonine and Lysine Metabolism,0.0,0.0,0.0,100000000.0,s0001
406,GLYAT_f,Glycine C-acetyltransferase,Cytoplasmic,Glycine and Serine Metabolism,43117.0,0.0,0.0,27.07633333,b3617
407,ADNUC,Adenosine hydrolase,Cytoplasmic,Alternate Carbon Metabolism,32561.0,0.0,0.0,0.5827,b0030
408,GMHEPPA,"D-glycero-D-manno-heptose 1,7-bisphosphate phosphatase",Cytoplasmic,Lipopolysaccharide Biosynthesis / Recycling,21294.0,0.0,0.0,35.7,b0200
409,S7PI,Sedoheptulose 7-phosphate isomerase,Cytoplasmic,Lipopolysaccharide Biosynthesis / Recycling,20815.0,0.0,0.0,0.44,b0222
410,TRPS3,Tryptophan synthase (indoleglycerol phosphate),Cytoplasmic,"Tyrosine, Tryptophan, and Phenylalanine Metabolism",71707.0,0.0,0.0,1.49325,b1260 and b1261
411,CRNBTCT_f,Gamma-butyrobetainyl-CoA: carnitine CoA transferase,Cytoplasmic,Oxidative Phosphorylation,45127.0,0.0,0.0,76.1108,b0038
412,CRNCBCT_f,Crotonobetainyl-CoA: carnitine CoA transferase,Cytoplasmic,Oxidative Phosphorylation,45127.0,0.0,0.0,76.1108,b0038
413,CRNCDH_f,Carnityl-CoA dehydratse,Cytoplasmic,Oxidative Phosphorylation,28190.0,0.0,0.0,368.4865,b0036
414,FADRx,FAD reductase,Cytoplasmic,Cofactor and Prosthetic Group Biosynthesis,26242.0,0.0,0.0,36.35,b3844
415,GTPDPK,GTP diphosphokinase,Cytoplasmic,Cofactor and Prosthetic Group Biosynthesis,83876.0,0.0,0.0,127.0,b2784
416,NADN,NAD nucleosidase,Cytoplasmic,Cofactor and Prosthetic Group Biosynthesis,0.0,0.0,0.0,100000000.0,
417,NDPK2_f,Nucleoside-diphosphate kinase (ATP:UDP),Cytoplasmic,Nucleotide Salvage Pathway,15463.0,0.0,0.0,571.5,b0474 or b2518
418,NDPK3_f,Nucleoside-diphosphate kinase (ATP:CDP),Cytoplasmic,Nucleotide Salvage Pathway,15463.0,0.0,0.0,571.5,b2518 or b0474
419,NDPK4_f,Nucleoside-diphosphate kinase (ATP:dTDP),Cytoplasmic,Nucleotide Salvage Pathway,15463.0,0.0,0.0,571.5,b0474 or b2518
420,FCLT,Ferrochelatase,Cytoplasmic,Cofactor and Prosthetic Group Biosynthesis,33052.0,0.0,0.0,0.013,b0475 or b2431 or b1019
421,HBZOPT,Hydroxybenzoate octaprenyltransferase,Inner Membrane,Cofactor and Prosthetic Group Biosynthesis,32512.0,32512.0,32512.0,0.002,b4040
422,PNTK,Pantothenate kinase,Cytoplasmic,Cofactor and Prosthetic Group Biosynthesis,36360.0,0.0,0.0,1.07,b3974
423,DPCOAK,Dephospho-CoA kinase,Cytoplasmic,Cofactor and Prosthetic Group Biosynthesis,22622.0,0.0,0.0,0.0387,b0103
424,HETZK,Hydroxyethylthiazole kinase,Cytoplasmic,Cofactor and Prosthetic Group Biosynthesis,27339.0,0.0,0.0,14.80483333,b2104
425,KDOPS,3-deoxy -D-manno-octulosonic -acid 8-phosphate synthase,Cytoplasmic,Lipopolysaccharide Biosynthesis / Recycling,30833.0,0.0,0.0,6.1,b1215
426,KDOPP,3-deoxy-manno-octulosonate-8-phosphatase,Cytoplasmic,Lipopolysaccharide Biosynthesis / Recycling,19997.0,0.0,0.0,1.14,b3198
427,AST,Arginine succinyltransferase,Cytoplasmic,Arginine and Proline Metabolism,38456.0,0.0,0.0,0.37325,b1747
428,SGDS,Succinylglutamate desuccinylase,Cytoplasmic,Arginine and Proline Metabolism,35800.0,0.0,0.0,111.8694444,b1744
429,CYNTAH,Cyanate aminohydrolase,Cytoplasmic,Nitrogen Metabolism,17049.0,0.0,0.0,46000.0,b0340
430,GSPMDA,Glutathionylspermidine amidase,Cytoplasmic,Arginine and Proline Metabolism,70532.0,0.0,0.0,2.1,b2988
431,GSPMDS,Glutathionylspermidine synthetase,Cytoplasmic,Arginine and Proline Metabolism,70532.0,0.0,0.0,4.2,b2988
432,GUAD,Guanine deaminase,Cytoplasmic,Nucleotide Salvage Pathway,50244.0,0.0,0.0,2.7,b2883
433,TMAOR1,Trimethylamine N-oxide reductase (menaquinol 8),Inner Membrane,Oxidative Phosphorylation,144094.0,144094.0,30524.0,1203.0,(b0895 and b0896 and b0894) or (b1589 and b1590 and b1588 and b1587)
434,TMAOR2,Trimethylamine N-oxide reductase (demethylmenaquinol 8),Inner Membrane,Oxidative Phosphorylation,144094.0,144094.0,30826.0,1203.0,b0895 and b0896 and b0894
435,DGK1_f,Deoxyguanylate kinase (dGMP:ATP),Cytoplasmic,Nucleotide Salvage Pathway,23593.0,0.0,0.0,510.0,b3648
436,DTMPK_f,DTMP kinase,Cytoplasmic,Nucleotide Salvage Pathway,23783.0,0.0,0.0,3.0,b1098
437,NDPK1_f,Nucleoside-diphosphate kinase (ATP:GDP),Cytoplasmic,Nucleotide Salvage Pathway,15463.0,0.0,0.0,458.5,b0474 or b2518
438,TRDR,Thioredoxin reductase (NADPH),Cytoplasmic,Oxidative Phosphorylation,46430.0,0.0,0.0,0.25,(b0888 and b3781) or (b2582 and b0888)
439,PGMT_f,Phosphoglucomutase,Cytoplasmic,Alternate Carbon Metabolism,20780.0,0.0,0.0,126.8,b2690 or b0688 or b1317
440,FRUK,Fructose-1-phosphate kinase,Cytoplasmic,Alternate Carbon Metabolism,33756.0,0.0,0.0,14.80483333,b2168
441,RHCCE,S-ribosylhomocysteine cleavage enzyme,Cytoplasmic,Methionine Metabolism,19416.0,0.0,0.0,0.4,b2687
442,KG6PDC,3-keto-L-gulonate 6-phosphate decarboxylase,Cytoplasmic,Alternate Carbon Metabolism,23445.0,0.0,0.0,54.25,b4196 or b3581
443,X5PL3E,L-xylulose 5-phosphate 3-epimerase,Cytoplasmic,Alternate Carbon Metabolism,32007.0,0.0,0.0,9201.8125,b4197 or b3582
444,DOGULNR,"2,3 dioxo-L-gulonate reductase",Cytoplasmic,Alternate Carbon Metabolism,36573.0,0.0,0.0,213.4339433,b3575
445,BETALDHx,Betaine-aldehyde dehydrogenase,Cytoplasmic,Unassigned,52911.0,0.0,0.0,49.465,b0312
446,BETALDHy,Betaine-aldehyde dehydrogenase,Cytoplasmic,Unassigned,52911.0,0.0,0.0,60.384,b0312
447,MLTG3,Maltodextrin glucosidase (maltopentaose),Cytoplasmic,Alternate Carbon Metabolism,69041.0,0.0,0.0,845.0,b0403
448,DKGLCNR1,"2,5-diketo-D-gluconate reductase",Cytoplasmic,Alternate Carbon Metabolism,29437.0,0.0,0.0,8.315,b3012 or b0207
449,NADTRHD,NAD transhydrogenase,Cytoplasmic,Oxidative Phosphorylation,51560.0,0.0,0.0,167.9,b3962
450,FMNRx2,FMN reductase,Cytoplasmic,Cofactor and Prosthetic Group Biosynthesis,21253.0,0.0,0.0,263.2083333,b3844 or b0937 or (b2764 and b2763)
451,ACPS1,Acyl-carrier protein synthase,Cytoplasmic,Cofactor and Prosthetic Group Biosynthesis,14052.0,0.0,0.0,1.0,b2563 or b3475
452,EX_nmn_e_f,NMN exchange,Exchange,Extracellular exchange,0.0,0.0,0.0,100000000.0,
453,EX_urea_e_f,Urea exchange,Exchange,Extracellular exchange,0.0,0.0,0.0,100000000.0,
454,GMPS2,GMP synthase,Cytoplasmic,Purine and Pyrimidine Biosynthesis,58679.0,0.0,0.0,0.43,b2507
455,AMPN,AMP nucleosidase,Cytoplasmic,Nucleotide Salvage Pathway,53995.0,0.0,0.0,60.66666667,b1982
456,GSNK,Guanosine kinase,Cytoplasmic,Nucleotide Salvage Pathway,48449.0,0.0,0.0,14.80483333,b0477
457,EX_f6p_e_f,D-fructose 6-phosphate exchange,Exchange,Extracellular exchange,0.0,0.0,0.0,100000000.0,
458,ADCS,4-amino-4-deoxychorismate synthase,Cytoplasmic,Cofactor and Prosthetic Group Biosynthesis,71742.0,0.0,0.0,0.67,b1812 and b3360
459,ADCL,4-aminobenzoate synthase,Cytoplasmic,Cofactor and Prosthetic Group Biosynthesis,18777.0,0.0,0.0,0.82,b1096 or b4039
460,DHAPT,Dihydroxyacetone phosphotransferase,Cytoplasmic,Alternate Carbon Metabolism,184977.0,0.0,0.0,2.8,b1200 and b1198 and b2416 and b2415 and b1199
461,EX_lac__D_e_f,D-lactate exchange,Exchange,Extracellular exchange,0.0,0.0,0.0,100000000.0,
462,UMPK_f,UMP kinase,Cytoplasmic,Nucleotide Salvage Pathway,24746.0,0.0,0.0,229.0,b0910 or b0171
463,DDPGALA_f,2-dehydro-3-deoxy-6-phosphogalactonate aldolase,Cytoplasmic,Alternate Carbon Metabolism,21391.0,0.0,0.0,0.94,b4477
464,DURIK1,Deoxyuridine kinase (ATP:Deoxyuridine),Cytoplasmic,Nucleotide Salvage Pathway,23457.0,0.0,0.0,2.0,b1238
465,UPPRT,Uracil phosphoribosyltransferase,Cytoplasmic,Nucleotide Salvage Pathway,22533.0,0.0,0.0,0.65,b2498
466,CTPS2,CTP synthase (glutamine),Cytoplasmic,Purine and Pyrimidine Biosynthesis,60374.0,0.0,0.0,3.851,b2780
467,NTD1,5'-nucleotidase (dUMP),Cytoplasmic,Nucleotide Salvage Pathway,20255.0,0.0,0.0,5.2,b2744 or b4374 or b2291 or b2361
468,NTD7,5'-nucleotidase (AMP),Cytoplasmic,Nucleotide Salvage Pathway,20255.0,0.0,0.0,750.0,b2744 or b2361 or b3399 or b0675
469,PAPPT3,"Phospho-N-acetylmuramoyl-pentapeptide-transferase (meso-2,6-diaminopimelate)",Inner Membrane,Cell Envelope Biosynthesis,39875.0,39875.0,39875.0,5.315,b0087
470,UAGPT3,UDP-N-acetylglucosamine-N-acetylmuramyl-(pentapeptide)pyrophosphoryl-undecaprenol N-acetylglucosamine transferase,Cytoplasmic,Cell Envelope Biosynthesis,37815.0,0.0,0.0,0.64,b0090
471,EX_ttdcea_e_f,Tetradecenoate (n-C14:1) exchange,Exchange,Extracellular exchange,0.0,0.0,0.0,100000000.0,
472,F6PA_f,Fructose 6-phosphate aldolase,Cytoplasmic,Glycolysis/Gluconeogenesis,22997.0,0.0,0.0,25.7,b0825 or b3946
473,AGMHE,ADP-D-glycero-D-manno-heptose epimerase,Cytoplasmic,Lipopolysaccharide Biosynthesis / Recycling,34893.0,0.0,0.0,9201.8125,b3619
474,GMHEPAT,D-glycero-D-manno-hepose 1-phosphate adenyltransferase,Cytoplasmic,Lipopolysaccharide Biosynthesis / Recycling,51051.0,0.0,0.0,370.0,b3052
475,EX_h2s_e_f,Hydrogen sulfide exchange,Exchange,Extracellular exchange,0.0,0.0,0.0,100000000.0,
476,EX_gthrd_e_f,Reduced glutathione exchange,Exchange,Extracellular exchange,0.0,0.0,0.0,100000000.0,
477,IDOND_f,L-idonate 5-dehydrogenase,Cytoplasmic,Alternate Carbon Metabolism,37147.0,0.0,0.0,213.4339433,b4267
478,IDOND2,L-indonate 5-dehydrogenase (NADP),Cytoplasmic,Alternate Carbon Metabolism,37147.0,0.0,0.0,7.3275,b4267
479,GLYCLTDx,Glycolate dehydrogenase (NAD),Cytoplasmic,Glyoxylate Metabolism,35343.0,0.0,0.0,27.275,b3553 or b1033
480,HPYRRy,Hydroxypyruvate reductase (NADPH),Cytoplasmic,Alternate Carbon Metabolism,35343.0,0.0,0.0,29.73333333,b1033 or b3553
481,ACODA,Acetylornithine deacetylase,Cytoplasmic,Arginine and Proline Metabolism,42347.0,0.0,0.0,2700.0,b3957
482,ADA,Adenosine deaminase,Cytoplasmic,Nucleotide Salvage Pathway,36397.0,0.0,0.0,11.5,b1623
483,DADA,Deoxyadenosine deaminase,Cytoplasmic,Nucleotide Salvage Pathway,36397.0,0.0,0.0,1.42,b1623
484,ADD,Adenine deaminase,Cytoplasmic,Nucleotide Salvage Pathway,63691.0,0.0,0.0,141.2,b3665
485,ADSS,Adenylosuccinate synthase,Cytoplasmic,Purine and Pyrimidine Biosynthesis,47345.0,0.0,0.0,1.59,b4177
486,AGDC,N-acetylglucosamine-6-phosphate deacetylase,Cytoplasmic,Alternate Carbon Metabolism,40949.0,0.0,0.0,95.875,b0677
487,ASNN,L-asparaginase,Cytoplasmic,Alanine and Aspartate Metabolism,33394.0,0.0,0.0,24.0,b1767 or b0828
488,ASNS2,Asparagine synthetase,Cytoplasmic,Alanine and Aspartate Metabolism,36651.0,0.0,0.0,0.82,b3744 or b0674
489,ASPCT,Aspartate carbamoyltransferase,Cytoplasmic,Purine and Pyrimidine Biosynthesis,34427.0,0.0,0.0,417.0,(b4244 and b4245) or b4245
490,DMPPS,1-hydroxy-2-methyl-2-(E)-butenyl 4-diphosphate reductase (dmpp),Cytoplasmic,Cofactor and Prosthetic Group Biosynthesis,34775.0,0.0,0.0,3.7,b0029
491,MCOATA_f,Malonyl-CoA-ACP transacylase,Cytoplasmic,Membrane Lipid Metabolism,41057.0,0.0,0.0,9.1,b1094 and b1092
492,IPDPS,1-hydroxy-2-methyl-2-(E)-butenyl 4-diphosphate reductase (ipdp),Cytoplasmic,Cofactor and Prosthetic Group Biosynthesis,34775.0,0.0,0.0,3.7,b0029
493,DAPE_f,Diaminopimelate epimerase,Cytoplasmic,Threonine and Lysine Metabolism,30209.0,0.0,0.0,128.0,b3809
494,DHDPRy,Dihydrodipicolinate reductase (NADPH),Cytoplasmic,Threonine and Lysine Metabolism,28757.0,0.0,0.0,5.35,b0031
495,HSK,Homoserine kinase,Cytoplasmic,Threonine and Lysine Metabolism,33624.0,0.0,0.0,18.3,b0003
496,SDPTA_f,Succinyldiaminopimelate transaminase,Cytoplasmic,Threonine and Lysine Metabolism,39783.0,0.0,0.0,17.13666667,b3359 or b1302 or b1748 or b2662 or b0907
497,THRS,Threonine synthase,Cytoplasmic,Threonine and Lysine Metabolism,47114.0,0.0,0.0,5.42,b0004
498,HSST,Homoserine O-succinyltransferase,Cytoplasmic,Methionine Metabolism,35727.0,0.0,0.0,25.7,b4013
499,PPNDH,Prephenate dehydratase,Cytoplasmic,"Tyrosine, Tryptophan, and Phenylalanine Metabolism",43111.0,0.0,0.0,48015.625,b2599
500,DDPA,3-deoxy-D-arabino-heptulosonate 7-phosphate synthetase,Cytoplasmic,"Tyrosine, Tryptophan, and Phenylalanine Metabolism",38010.0,0.0,0.0,122.0,b2601 or b0754 or b1704
501,NMNDA,Nicotinamide-nucleotide amidase,Cytoplasmic,Cofactor and Prosthetic Group Biosynthesis,17582.0,0.0,0.0,4.1,b2700
502,NNAM,Nicotinamidase,Cytoplasmic,Cofactor and Prosthetic Group Biosynthesis,23362.0,0.0,0.0,11.65,b1768
503,P5CD,1-pyrroline-5-carboxylate dehydrogenase,Cytoplasmic,Arginine and Proline Metabolism,143815.0,0.0,0.0,5.16,b1014
504,SPMDAT1,Spermidine acetyltransferase,Cytoplasmic,Arginine and Proline Metabolism,21887.0,0.0,0.0,8.7,b1584
505,SPMDAT2,Spermidine acetyltransferase (N8),Cytoplasmic,Arginine and Proline Metabolism,21887.0,0.0,0.0,8.7,b1584
506,TDPADGAT,"DTDP-4-amino-4,6-dideoxy-D-glucose acetyltransferase",Cytoplasmic,Cell Envelope Biosynthesis,24218.0,0.0,0.0,32.4876,b3790
507,MALS,Malate synthase,Cytoplasmic,Anaplerotic Reactions,60274.0,0.0,0.0,48.1,b4014 or b2976
508,TRE6PP,Trehalose-phosphatase,Cytoplasmic,Alternate Carbon Metabolism,29175.0,0.0,0.0,14.45,b1897
509,EX_met__D_e_f,D-Methionine exchange,Exchange,Extracellular exchange,0.0,0.0,0.0,100000000.0,
510,EX_tartr__L_e_f,L-tartrate exchange,Exchange,Extracellular exchange,0.0,0.0,0.0,100000000.0,
511,EX_taur_e_f,Taurine exchange,Exchange,Extracellular exchange,0.0,0.0,0.0,100000000.0,
512,EX_maltpt_e_f,Maltopentaose exchange,Exchange,Extracellular exchange,0.0,0.0,0.0,100000000.0,
513,EX_glcur_e_f,D-Glucuronate exchange,Exchange,Extracellular exchange,0.0,0.0,0.0,100000000.0,
514,ADPRDP,ADPribose diphosphatase,Cytoplasmic,Nucleotide Salvage Pathway,21153.0,0.0,0.0,11.6,b3397 or b3034
515,ARAI_f,L-arabinose isomerase,Cytoplasmic,Alternate Carbon Metabolism,56074.0,0.0,0.0,23.65,b0062
516,M1PD_f,Mannitol-1-phosphate 5-dehydrogenase,Cytoplasmic,Alternate Carbon Metabolism,41139.0,0.0,0.0,9.55,b3600
517,G3PD2_f,Glycerol-3-phosphate dehydrogenase (NADP),Cytoplasmic,Alternate Carbon Metabolism,36362.0,0.0,0.0,113.1567,b3608
518,GALS3,A-galactosidase (melibiose),Cytoplasmic,Alternate Carbon Metabolism,50657.0,0.0,0.0,7.3875,b4119
519,FCI_f,L-fucose isomerase,Cytoplasmic,Alternate Carbon Metabolism,64977.0,0.0,0.0,0.0287,b2802
520,FCLK,L-fuculokinase,Cytoplasmic,Alternate Carbon Metabolism,52259.0,0.0,0.0,14.80483333,b2803
521,FCLPA_f,L-fuculose 1-phosphate aldolase,Cytoplasmic,Alternate Carbon Metabolism,23222.0,0.0,0.0,19.0,b2738 or b2800
522,ACCOAL,Acetate-CoA ligase (ADP-forming),Inner Membrane,Alternate Carbon Metabolism,55077.0,55077.0,55077.0,51.46666667,b4069 or b0335
523,GALUi,UTP-glucose-1-phosphate uridylyltransferase (irreversible),Cytoplasmic,Cell Envelope Biosynthesis,32942.0,0.0,0.0,23.876,b1236
524,U23GAAT,UDP-3-O-(3-hydroxymyristoyl)glucosamine acyltransferase,Cytoplasmic,Lipopolysaccharide Biosynthesis / Recycling,36038.0,0.0,0.0,23.0,b0179
525,UAAGDS,"UDP-N-acetylmuramoyl-L-alanyl-D-glutamyl-meso-2,6-diaminopimelate synthetase",Cytoplasmic,Cell Envelope Biosynthesis,53344.0,0.0,0.0,1.3,b0085
526,UAMAS,UDP-N-acetylmuramoyl-L-alanine synthetase,Cytoplasmic,Cell Envelope Biosynthesis,53626.0,0.0,0.0,16.61666667,b0091
527,UAMAGS,UDP-N-acetylmuramoyl-L-alanyl-D-glutamate synthetase,Cytoplasmic,Cell Envelope Biosynthesis,46974.0,0.0,0.0,19.6,b0088
528,UGLYCH,Ureidoglycolate hydrolase,Cytoplasmic,Nitrogen Metabolism,18170.0,0.0,0.0,0.018,b0505
529,OP4ENH,2-oxopent-4-enoate hydratase,Cytoplasmic,Alternate Carbon Metabolism,28890.0,0.0,0.0,60.5,b0350
530,HOPNTAL,4-hydroxy-2-oxopentanoate aldolase,Cytoplasmic,Alternate Carbon Metabolism,36470.0,0.0,0.0,5.6,b0352
531,3HPPPNH,3-(3-hydroxy-phenyl)propionate hydroxylase,Cytoplasmic,Alternate Carbon Metabolism,62186.0,0.0,0.0,117.0090215,b0347
532,AKGDH,2-Oxogluterate dehydrogenase,Cytoplasmic,Citric Acid Cycle,199761.0,0.0,0.0,1.2,b0727 and b0116 and b0726
533,HPYRRx,Hydroxypyruvate reductase (NADH),Cytoplasmic,Alternate Carbon Metabolism,35343.0,0.0,0.0,29.73333333,b1033 or b3553
534,GLYCDx,Glycerol dehydrogenase,Cytoplasmic,Alternate Carbon Metabolism,38712.0,0.0,0.0,2.71,b3945
535,ASP1DC,Aspartate 1-decarboxylase,Cytoplasmic,Cofactor and Prosthetic Group Biosynthesis,13834.0,0.0,0.0,0.57,b0131
536,UGMDDS,"UDP-N-acetylmuramoyl-L-alanyl-D-glutamyl-meso-2,6-diaminopimeloyl-D-alanyl-D-alanine synthetase",Cytoplasmic,Cell Envelope Biosynthesis,47447.0,0.0,0.0,19.6,b0086
537,UHGADA,UDP-3-O-acetylglucosamine deacetylase,Cytoplasmic,Lipopolysaccharide Biosynthesis / Recycling,33956.0,0.0,0.0,1.5,b0096
538,UAGAAT_f,UDP-N-acetylglucosamine acyltransferase,Cytoplasmic,Lipopolysaccharide Biosynthesis / Recycling,36720.0,0.0,0.0,9.166666667,b1094 and b0181
539,ATPPRT,ATP phosphoribosyltransferase,Cytoplasmic,Histidine Metabolism,33367.0,0.0,0.0,2.7,b2019
540,HISTD,Histidinol dehydrogenase,Cytoplasmic,Histidine Metabolism,46110.0,0.0,0.0,1.136166667,b2020
541,IGPDH,Imidazoleglycerol-phosphate dehydratase,Cytoplasmic,Histidine Metabolism,40278.0,0.0,0.0,1000.0,b2022
542,PRPPS_f,Phosphoribosylpyrophosphate synthetase,Cytoplasmic,Histidine Metabolism,34218.0,0.0,0.0,0.66,b1207
543,PRATPP,Phosphoribosyl-ATP pyrophosphatase,Cytoplasmic,Histidine Metabolism,22756.0,0.0,0.0,90.13177273,b2026
544,PRMICI_f,1-(5-phosphoribosyl)-5-[(5-phosphoribosylamino)methylideneamino)imidazole-4-carboxamide isomerase,Cytoplasmic,Histidine Metabolism,26033.0,0.0,0.0,14.3,b2024
545,SERAT_f,Serine O-acetyltransferase,Cytoplasmic,Cysteine Metabolism,29317.0,0.0,0.0,40.1,b3607
546,CYSS,Cysteine synthase,Cytoplasmic,Cysteine Metabolism,32664.0,0.0,0.0,24.0,b2421 or b2414
547,BPNT,"3',5'-bisphosphate nucleotidase",Cytoplasmic,Cysteine Metabolism,27176.0,0.0,0.0,11.4,b4214
548,PAPSR,Phosphoadenylyl-sulfate reductase (thioredoxin),Cytoplasmic,Cysteine Metabolism,39783.0,0.0,0.0,3.5,(b2582 and b2762) or (b3781 and b2762)
549,ASPK_f,Aspartate kinase,Cytoplasmic,Threonine and Lysine Metabolism,48532.0,0.0,0.0,28.05,b0002 or b3940 or b4024
550,ASAD_f,Aspartate-semialdehyde dehydrogenase,Cytoplasmic,Threonine and Lysine Metabolism,40018.0,0.0,0.0,249.6225,b3433
551,DAPDC,Diaminopimelate decarboxylase,Cytoplasmic,Threonine and Lysine Metabolism,46177.0,0.0,0.0,4.45,b2838
552,EX_mmet_e_f,S-Methyl-L-methionine exchange,Exchange,Extracellular exchange,0.0,0.0,0.0,100000000.0,
553,METAT,Methionine adenosyltransferase,Cytoplasmic,Methionine Metabolism,41952.0,0.0,0.0,1.5,b2942
554,ASCBPL,L-ascorbate 6-phosphate lactonase,Cytoplasmic,Alternate Carbon Metabolism,40061.0,0.0,0.0,6.04,b4192
555,ACBIPGT,Adenosyl cobinamide phosphate guanyltransferase,Cytoplasmic,Cofactor and Prosthetic Group Biosynthesis,20164.0,0.0,0.0,0.058,b1993
556,ADOCBLS,Adenosylcobalamin 5'-phosphate synthase,Inner Membrane,Cofactor and Prosthetic Group Biosynthesis,26386.0,26386.0,26386.0,0.67,b1992
557,ADOCBIK,Adenosyl cobinamide kinase,Cytoplasmic,Cofactor and Prosthetic Group Biosynthesis,20164.0,0.0,0.0,0.191,b1993
558,TMPK,Thiamine-phosphate kinase,Cytoplasmic,Cofactor and Prosthetic Group Biosynthesis,35071.0,0.0,0.0,0.063,b0417
559,HPPPNDO,"2,3-dihydroxypheylpropionate 1,2-dioxygenase",Cytoplasmic,Alternate Carbon Metabolism,34196.0,0.0,0.0,29.0,b0348
560,DHCINDO,"2,3-dihydroxycinnamate 1,2-dioxygenase",Cytoplasmic,Alternate Carbon Metabolism,34196.0,0.0,0.0,29.0,b0348
561,HKNDDH,"2-hydroxy-6-ketonona-2,4-dienedioic acid hydrolase",Cytoplasmic,Alternate Carbon Metabolism,31937.0,0.0,0.0,2.0,b0349
562,HKNTDH,2-hydroxy-6-ketononotrienedioate hydrolase,Cytoplasmic,Alternate Carbon Metabolism,31937.0,0.0,0.0,2.0,b0349
563,GLYCK2,Glycerate kinase,Cytoplasmic,Glycine and Serine Metabolism,39104.0,0.0,0.0,62.68985714,b3124
564,ENTCS,Enterochelin synthase,Cytoplasmic,Cofactor and Prosthetic Group Biosynthesis,23259.0,0.0,0.0,1.0,b0583
565,SULR,Sulfite reductase (NADPH2),Cytoplasmic,Cysteine Metabolism,130268.0,0.0,0.0,189.3611111,b2764 and b2763
566,MANPGH,2-O-alpha-mannosyl-6-phosphate-D-glycerate hydrolase,Cytoplasmic,Alternate Carbon Metabolism,100015.0,0.0,0.0,72.26175,b0732
567,URDGLYCD,Ureidoglycolate dehydrogenase,Cytoplasmic,Alternate Carbon Metabolism,37967.0,0.0,0.0,59.725,b0517
568,CBMKr_f,Carbamate kinase,Cytoplasmic,Nitrogen Metabolism,31644.0,0.0,0.0,319.0,b0521
569,AMANAPEr_f,N-acetylmannosamine 6-phosphate epimerase,Cytoplasmic,Alternate Carbon Metabolism,24074.0,0.0,0.0,9201.8125,b3223
570,ACM6PH,N-acetylmuramate 6-phosphate hydrolase,Cytoplasmic,Alternate Carbon Metabolism,31220.0,0.0,0.0,5.7,b2428
571,NNATr_f,Nicotinate-nucleotide adenylyltransferase,Cytoplasmic,Nucleotide Salvage Pathway,24528.0,0.0,0.0,5.5,b0639
572,CYTDH,Cytidine hydrolase,Cytoplasmic,Alternate Carbon Metabolism,32561.0,0.0,0.0,11.6,b2162 or b0651 or b0030
573,PSERT,Phosphoserine transaminase,Cytoplasmic,Glycine and Serine Metabolism,39783.0,0.0,0.0,1.54,b0907
574,AIRC2,Phosphoribosylaminoimidazole carboxylase,Cytoplasmic,Purine and Pyrimidine Biosynthesis,39461.0,0.0,0.0,5.9,b0522
575,GAPD_f,Glyceraldehyde-3-phosphate dehydrogenase,Cytoplasmic,Glycolysis/Gluconeogenesis,35532.0,0.0,0.0,70.0,b1779
576,HEX1,Hexokinase (D-glucose:ATP),Cytoplasmic,Glycolysis/Gluconeogenesis,34723.0,0.0,0.0,110.075,b2388
577,GND,Phosphogluconate dehydrogenase,Cytoplasmic,Pentose Phosphate Pathway,51481.0,0.0,0.0,98.0,b2029
578,TAUDO,Taurine dioxygenase,Cytoplasmic,Alternate Carbon Metabolism,32410.0,0.0,0.0,3.3,b0368
579,DM_amob_c,Sink needed to allow S-Adenosyl-4-methylthio-2-oxobutanoate to leave system,Cytoplasmic,Intracellular demand,0.0,0.0,0.0,100000000.0,
580,ME2,Malic enzyme (NADP),Cytoplasmic,Anaplerotic Reactions,82417.0,0.0,0.0,66.6,b2463
581,ARGSL_f,Argininosuccinate lyase,Cytoplasmic,Arginine and Proline Metabolism,50318.0,0.0,0.0,1359.545,b3960
582,CBPS,Carbamoyl-phosphate synthase (glutamine-hydrolysing),Cytoplasmic,Arginine and Proline Metabolism,159273.0,0.0,0.0,3.653333333,b0032 and b0033
583,GLU5K,Glutamate 5-kinase,Cytoplasmic,Arginine and Proline Metabolism,39057.0,0.0,0.0,908.0,b0242
584,IPPS,2-isopropylmalate synthase,Cytoplasmic,"Valine, Leucine, and Isoleucine Metabolism",57298.0,0.0,0.0,330.0,b0074
585,EX_mg2_e_f,Mg exchange,Exchange,Extracellular exchange,0.0,0.0,0.0,100000000.0,
586,ACOATA_f,Acetyl-CoA ACP transacylase,Cytoplasmic,Membrane Lipid Metabolism,42155.0,0.0,0.0,3.765,b1094 and b1091
587,MLTG2,Maltodextrin glucosidase (maltotetraose),Cytoplasmic,Alternate Carbon Metabolism,69041.0,0.0,0.0,845.0,b0403
588,MLTG1,Maltodextrin glucosidase (maltotriose),Cytoplasmic,Alternate Carbon Metabolism,69041.0,0.0,0.0,26.6,b0403
589,AMALT3,Amylomaltase (maltopentaose),Cytoplasmic,Alternate Carbon Metabolism,78503.0,0.0,0.0,1.3,b3416
590,MLTP3_f,Maltodextrin phosphorylase (maltoheptaose),Inner Membrane,Alternate Carbon Metabolism,90522.0,90522.0,90522.0,47.0,b3417
591,SPODM,Superoxide dismutase,Cytoplasmic,Unassigned,21266.0,0.0,0.0,22300.0,b3908 or b1656
592,AHCYSNS,S-adenosylhomocysteine nucleosidase,Cytoplasmic,Methionine Metabolism,24354.0,0.0,0.0,2.1,b0159
593,TMK,Thiamine kinase,Cytoplasmic,Cofactor and Prosthetic Group Biosynthesis,32397.0,0.0,0.0,14.80483333,b1106
594,NTPP4,Nucleoside triphosphate pyrophosphorylase (ctp),Cytoplasmic,Nucleotide Salvage Pathway,15046.0,0.0,0.0,25.8,b1759 or b2781
595,NTPP3,Nucleoside triphosphate pyrophosphorylase (dctp),Cytoplasmic,Nucleotide Salvage Pathway,15046.0,0.0,0.0,14.3,b2251 or b2781 or b1759
596,NTPP6,Nucleoside triphosphate pyrophosphorylase (atp),Cytoplasmic,Nucleotide Salvage Pathway,30412.0,0.0,0.0,8.6095,b2781 or b0905
597,NTPP7,Nucleoside triphosphate pyrophosphorylase (dttp),Cytoplasmic,Nucleotide Salvage Pathway,16371.0,0.0,0.0,90.13177273,b2781 or b2251 or b3248
598,NTPP8,Nucleoside triphosphate pyrophosphorylase (utp),Cytoplasmic,Nucleotide Salvage Pathway,21515.0,0.0,0.0,95.0,b2781 or b3248
599,P5CR,Pyrroline-5-carboxylate reductase,Cytoplasmic,Arginine and Proline Metabolism,28145.0,0.0,0.0,148.3333333,b0386
600,CYANST,Cyanide sulfurtransferase,Inner Membrane,Unassigned,18639.0,18639.0,18639.0,230.0,b3425 or b2668 or b2521
601,DHPPDA2,Diaminohydroxyphosphoribosylaminopryrimidine deaminase (25drapp),Cytoplasmic,Cofactor and Prosthetic Group Biosynthesis,40338.0,0.0,0.0,38.69725,b0414
602,G5SADs,L-glutamate 5-semialdehyde dehydratase (spontaneous),Cytoplasmic,Arginine and Proline Metabolism,0.0,0.0,0.0,100000000.0,s0001
603,GMAND,GDP-D-mannose dehydratase,Cytoplasmic,Cell Envelope Biosynthesis,42047.0,0.0,0.0,5.0,b2053
604,PPCSCT,Propanoyl-CoA: succinate CoA-transferase,Cytoplasmic,Alternate Carbon Metabolism,53824.0,0.0,0.0,70.9,b2920
605,CYTD,Cytidine deaminase,Cytoplasmic,Nucleotide Salvage Pathway,31540.0,0.0,0.0,4.8,b2143
606,DCYTD,Deoxycytidine deaminase,Cytoplasmic,Nucleotide Salvage Pathway,31540.0,0.0,0.0,3.5,b2143
607,DBTS,Dethiobiotin synthase,Cytoplasmic,Cofactor and Prosthetic Group Biosynthesis,25024.0,0.0,0.0,0.64,b0778
608,DCTPD,DCTP deaminase,Cytoplasmic,Nucleotide Salvage Pathway,21249.0,0.0,0.0,1.24,b2065
609,DHDPS,Dihydrodipicolinate synthase,Cytoplasmic,Threonine and Lysine Metabolism,31270.0,0.0,0.0,36.2,b2478
610,G1PACT,Glucosamine-1-phosphate N-acetyltransferase,Cytoplasmic,Cell Envelope Biosynthesis,49190.0,0.0,0.0,840.5,b3730
611,GART,GAR transformylase-T,Cytoplasmic,Purine and Pyrimidine Biosynthesis,42434.0,0.0,0.0,16.78547619,b1849
612,CSND,Cytosine deaminase,Cytoplasmic,Nucleotide Salvage Pathway,47591.0,0.0,0.0,165.0,b0337
613,GF6PTA,Glutamine-fructose-6-phosphate transaminase,Cytoplasmic,Cell Envelope Biosynthesis,66894.0,0.0,0.0,15.81,b3729
614,H2SO,Hydrogen sulfide oxidation,Inner Membrane,Inorganic Ion Transport and Metabolism,0.0,0.0,0.0,100000000.0,
615,GLUCYS,Gamma-glutamylcysteine synthetase,Cytoplasmic,Cofactor and Prosthetic Group Biosynthesis,58269.0,0.0,0.0,33.31666667,b2688
616,GLUN,Glutaminase,Cytoplasmic,Glutamate Metabolism,32888.0,0.0,0.0,487.4666667,b0485 or b1524
617,GLUPRT,Glutamine phosphoribosyldiphosphate amidotransferase,Cytoplasmic,Purine and Pyrimidine Biosynthesis,56488.0,0.0,0.0,58.2,b2312
618,GMPR,GMP reductase,Cytoplasmic,Purine and Pyrimidine Biosynthesis,37384.0,0.0,0.0,0.28,b0104
619,NADS1,NAD synthase (nh3),Cytoplasmic,Cofactor and Prosthetic Group Biosynthesis,30637.0,0.0,0.0,0.2,b1740
620,NTRIR2x,Nitrite Reductase (NADH),Cytoplasmic,Oxidative Phosphorylation,105405.0,0.0,0.0,845.0,b3366 and b3365
621,OCBT_f,Ornithine carbamoyltransferase,Cytoplasmic,Arginine and Proline Metabolism,36827.0,0.0,0.0,88.1,b4254 or b0273
622,GARFT_f,Phosphoribosylglycinamide formyltransferase,Cytoplasmic,Purine and Pyrimidine Biosynthesis,23238.0,0.0,0.0,13.5,b2500
623,GPDDA1,Glycerophosphodiester phosphodiesterase (Glycerophosphocholine),Cytoplasmic,Glycerophospholipid Metabolism,27410.0,0.0,0.0,3.2,b3449
624,GPDDA2,Glycerophosphodiester phosphodiesterase (Glycerophosphoethanolamine),Cytoplasmic,Glycerophospholipid Metabolism,27410.0,0.0,0.0,1.1,b3449
625,PHETA1_f,Phenylalanine transaminase,Cytoplasmic,"Tyrosine, Tryptophan, and Phenylalanine Metabolism",34094.0,0.0,0.0,109.555,b4054 or b0928 or b3770
626,PPND,Prephenate dehydrogenase,Cytoplasmic,"Tyrosine, Tryptophan, and Phenylalanine Metabolism",42043.0,0.0,0.0,27.36,b2600
627,TRPS1,Tryptophan synthase (indoleglycerol phosphate),Cytoplasmic,"Tyrosine, Tryptophan, and Phenylalanine Metabolism",71707.0,0.0,0.0,2.1925,b1260 and b1261
628,PRAMPC,Phosphoribosyl-AMP cyclohydrolase,Cytoplasmic,Histidine Metabolism,22756.0,0.0,0.0,3.345,b2026
629,MCITL2_f,Methylisocitrate lyase,Inner Membrane,Alternate Carbon Metabolism,32135.0,32135.0,32135.0,19.0,b0331
630,DXYLK,1-Deoxy-D-xylulose kinase,Cytoplasmic,Cofactor and Prosthetic Group Biosynthesis,52618.0,0.0,0.0,0.5,b3564
631,MDH3,Malate dehydrogenase (menaquinone 8 as acceptor),Cytoplasmic,Citric Acid Cycle,60230.0,0.0,0.0,138.5,b2210
632,SOTA,Succinylornithine transaminase,Cytoplasmic,Arginine and Proline Metabolism,43665.0,0.0,0.0,3.0,b1748
633,SGSAD,Succinylglutamic semialdehyde dehydrogenase,Cytoplasmic,Arginine and Proline Metabolism,53026.0,0.0,0.0,69.0,b1746
634,PTA2,Phosphate acetyltransferase,Cytoplasmic,Alternate Carbon Metabolism,77172.0,0.0,0.0,1500.0,b2297
635,MDH2,Malate dehydrogenase (ubiquinone 8 as acceptor),Cytoplasmic,Citric Acid Cycle,60230.0,0.0,0.0,138.5,b2210
636,ACOTA_f,Acetylornithine transaminase,Cytoplasmic,Arginine and Proline Metabolism,43665.0,0.0,0.0,4.7,b1748 or b3359 or b2662 or b1302
637,GPDDA5,Glycerophosphodiester phosphodiesterase (Glycerophosphoinositol),Cytoplasmic,Glycerophospholipid Metabolism,27410.0,0.0,0.0,3.2,b3449
638,PDX5PS,Pyridoxine 5'-phosphate synthase,Cytoplasmic,Cofactor and Prosthetic Group Biosynthesis,61498.0,0.0,0.0,1.4,b2564 and b0052
639,PPBNGS,Porphobilinogen synthase,Cytoplasmic,Cofactor and Prosthetic Group Biosynthesis,35625.0,0.0,0.0,16.1,b0369
640,PPNCL2,Phosphopantothenate-cysteine ligase,Cytoplasmic,Cofactor and Prosthetic Group Biosynthesis,43438.0,0.0,0.0,0.88,b3639
641,PRAGSr_f,Phosphoribosylglycinamide synthase,Cytoplasmic,Purine and Pyrimidine Biosynthesis,45940.0,0.0,0.0,7.0,b4005
642,PRFGS,Phosphoribosylformylglycinamidine synthase,Cytoplasmic,Purine and Pyrimidine Biosynthesis,141403.0,0.0,0.0,2.5,b2557
643,EX_acac_e_f,Acetoacetate exchange,Exchange,Extracellular exchange,0.0,0.0,0.0,100000000.0,
644,ETHAAL,Ethanolamine ammonia-lyase,Cytoplasmic,Cell Envelope Biosynthesis,81185.0,0.0,0.0,605.0,b2441 and b2440
645,MAN1PT2,Mannose-1-phosphate guanylyltransferase (GDP),Cytoplasmic,Cell Envelope Biosynthesis,53016.0,0.0,0.0,22.1,b2049
646,AP4AH,Ap4A hydrolase,Cytoplasmic,Nucleotide Salvage Pathway,31297.0,0.0,0.0,250.0,b0049
647,AP5AH,Ap5A hydrolase,Cytoplasmic,Nucleotide Salvage Pathway,31297.0,0.0,0.0,250.0,b0049
648,ADNCYC,Adenylate cyclase,Cytoplasmic,Nucleotide Salvage Pathway,97586.0,0.0,0.0,1.67,b3806
649,MI1PP,Myo-inositol 1-phosphatase,Cytoplasmic,Cell Envelope Biosynthesis,29172.0,0.0,0.0,2.445,b2533
650,MCITS,2-methylcitrate synthase,Cytoplasmic,Alternate Carbon Metabolism,43102.0,0.0,0.0,8.25,b0333
651,PPAKr_f,Propionate kinase,Cytoplasmic,Alternate Carbon Metabolism,43384.0,0.0,0.0,120.0,b3115
652,NTP3,Nucleoside-triphosphatase (GTP),Cytoplasmic,Nucleotide Salvage Pathway,19424.0,0.0,0.0,1.1515,b4161 or b4352 or b2727 or b2918 or b2173 or b3590 or b4173
653,PPM2_f,Phosphopentomutase 2 (deoxyribose),Cytoplasmic,Alternate Carbon Metabolism,44370.0,0.0,0.0,173.0,b4383
654,MOAT2,3-deoxy-D-manno-octulosonic acid transferase,Inner Membrane,Lipopolysaccharide Biosynthesis / Recycling,47291.0,47291.0,47291.0,2.866666667,b3633
655,EX_adn_e_f,Adenosine exchange,Exchange,Extracellular exchange,0.0,0.0,0.0,100000000.0,
656,EX_ins_e_f,Inosine exchange,Exchange,Extracellular exchange,0.0,0.0,0.0,100000000.0,
657,G6PDH2r_f,Glucose 6-phosphate dehydrogenase,Cytoplasmic,Pentose Phosphate Pathway,55704.0,0.0,0.0,174.0,b1852
658,NADH5,NADH dehydrogenase (ubiquinone-8 ),Cytoplasmic,Oxidative Phosphorylation,20170.0,0.0,0.0,8.9,b1109 or b0046 or b3713 or b1004
659,MOHMT,3-methyl-2-oxobutanoate hydroxymethyltransferase,Cytoplasmic,Cofactor and Prosthetic Group Biosynthesis,28237.0,0.0,0.0,0.781,b0134
660,EX_glyc3p_e_f,Glycerol 3-phosphate exchange,Exchange,Extracellular exchange,0.0,0.0,0.0,100000000.0,
661,EX_lcts_e_f,Lactose exchange,Exchange,Extracellular exchange,0.0,0.0,0.0,100000000.0,
662,EX_nac_e_f,Nicotinate exchange,Exchange,Extracellular exchange,0.0,0.0,0.0,100000000.0,
663,EX_ocdca_e_f,Octadecanoate (n-C18:0) exchange,Exchange,Extracellular exchange,0.0,0.0,0.0,100000000.0,
664,GMPS,GMP synthase,Cytoplasmic,Purine and Pyrimidine Biosynthesis,58679.0,0.0,0.0,6.9,b2507
665,FTHFLi,Formate-tetrahydrofolate ligase,Cytoplasmic,Folate Metabolism,0.0,0.0,0.0,100000000.0,
666,UDPGD,UDPglucose 6-dehydrogenase,Cytoplasmic,Cell Envelope Biosynthesis,43657.0,0.0,0.0,21.93333333,b2028
667,GLCRD,Glucarate dehydratase,Cytoplasmic,Alternate Carbon Metabolism,48850.0,0.0,0.0,35.0,b2788 or b2787
668,PPPNDO,Phenylpropanoate Dioxygenase,Cytoplasmic,Alternate Carbon Metabolism,126995.0,0.0,0.0,4.5,b2542 and b2538 and b2540 and b2539
669,CHRPL,Chorismate pyruvate lyase,Cytoplasmic,Cofactor and Prosthetic Group Biosynthesis,18777.0,0.0,0.0,0.82,b4039 or b1096
670,TDPAGTA,"DTDP-4-amino-4,6-dideoxy-D-glucose transaminase",Cytoplasmic,Cell Envelope Biosynthesis,41901.0,0.0,0.0,0.38,b3791
671,UACMAMO,UDP-N-acetyl-D-mannosamine oxidoreductase,Cytoplasmic,Cell Envelope Biosynthesis,45839.0,0.0,0.0,0.4,b3787
672,FBA3_f,"Sedoheptulose 1,7-bisphosphate D-glyceraldehyde-3-phosphate-lyase",Cytoplasmic,Pentose Phosphate Pathway,39147.0,0.0,0.0,0.003,b2925
673,PMPK,Phosphomethylpyrimidine kinase,Cytoplasmic,Cofactor and Prosthetic Group Biosynthesis,28634.0,0.0,0.0,0.07,b2103
674,LCADi,Lactaldehyde dehydrogenase,Cytoplasmic,Alternate Carbon Metabolism,52273.0,0.0,0.0,761.5,b1415
675,ADK3_f,Adentylate kinase (GTP),Cytoplasmic,Nucleotide Salvage Pathway,23586.0,0.0,0.0,842.0,b0474
676,GLUDC,Glutamate Decarboxylase,Cytoplasmic,Glutamate Metabolism,52668.0,0.0,0.0,42.055,b3517 or b1493
677,BSORy,Biotin sulfoxide reductase,Cytoplasmic,Cofactor and Prosthetic Group Biosynthesis,85851.0,0.0,0.0,25.34181818,b3551
678,ADSK,Adenylyl-sulfate kinase,Cytoplasmic,Cysteine Metabolism,22321.0,0.0,0.0,50.0,b2750
679,HSDy_f,Homoserine dehydrogenase (NADPH),Cytoplasmic,Threonine and Lysine Metabolism,88888.0,0.0,0.0,7.0125,b3940 or b0002
680,CYSTL,Cystathionine b-lyase,Cytoplasmic,Methionine Metabolism,43212.0,0.0,0.0,45.3,b3008 or b1622
681,SHSL1,O-succinylhomoserine lyase (L-cysteine),Cytoplasmic,Methionine Metabolism,41550.0,0.0,0.0,84.51428571,b3939
682,SSALy,Succinate-semialdehyde dehydrogenase (NADP),Cytoplasmic,Arginine and Proline Metabolism,49718.0,0.0,0.0,22.6,b1525 or b2661
683,EX_dad_2_e_f,Deoxyadenosine exchange,Exchange,Extracellular exchange,0.0,0.0,0.0,100000000.0,
684,EX_ser__D_e_f,D-Serine exchange,Exchange,Extracellular exchange,0.0,0.0,0.0,100000000.0,
685,EX_gam6p_e_f,D-Glucosamine 6-phosphate exchange,Exchange,Extracellular exchange,0.0,0.0,0.0,100000000.0,
686,EX_15dap_e_f,"1,5-Diaminopentane exchange",Exchange,Extracellular exchange,0.0,0.0,0.0,100000000.0,
687,EX_ocdcea_e_f,Octadecenoate (n-C18:1) exchange,Exchange,Extracellular exchange,0.0,0.0,0.0,100000000.0,
688,EX_cynt_e_f,Cyanate exchange,Exchange,Extracellular exchange,0.0,0.0,0.0,100000000.0,
689,EX_galctn__D_e_f,D-Galactonate exchange,Exchange,Extracellular exchange,0.0,0.0,0.0,100000000.0,
690,EX_glyb_e_f,Glycine betaine exchange,Exchange,Extracellular exchange,0.0,0.0,0.0,100000000.0,
691,3HCINNMH,3-hydroxycinnamate hydroxylase,Cytoplasmic,Alternate Carbon Metabolism,62186.0,0.0,0.0,117.0090215,b0347
692,BSORx,Biotin sulfoxide reductase,Cytoplasmic,Cofactor and Prosthetic Group Biosynthesis,85851.0,0.0,0.0,93.55647875,b3551
693,NMNt7pp,NMN transport via NMN glycohydrolase (periplasm),Inner Membrane,"Transport, Inner Membrane",0.0,0.0,0.0,100000000.0,
694,GLUtex_f,L-glutamate transport via diffusion (extracellular to periplasm),Cytoplasmic,"Transport, Outer Membrane Porin",38922.0,0.0,0.0,100000000.0,b0241 or b0929 or b1377 or b2215
695,GLYtex_f,Glycine transport via diffusion (extracellular to periplasm),Cytoplasmic,"Transport, Outer Membrane Porin",38922.0,0.0,0.0,100000000.0,b0241 or b0929 or b1377 or b2215
696,GLYALDtex_f,Glyceraldehyde transport via diffusion (extracellular to periplasm),Cytoplasmic,"Transport, Outer Membrane Porin",38922.0,0.0,0.0,100000000.0,b0241 or b0929 or b1377 or b2215
697,GLYBtex_f,Glycine betaine transport via diffusion (extracellular to periplasm),Cytoplasmic,"Transport, Outer Membrane Porin",38922.0,0.0,0.0,100000000.0,b0241 or b0929 or b1377 or b2215
698,GLYCtex_f,Glycerol transport via diffusion (extracellular to periplasm),Cytoplasmic,"Transport, Outer Membrane Porin",38922.0,0.0,0.0,100000000.0,b0241 or b0929 or b1377 or b2215
699,GLYC3Ptex_f,Glycerol-3-phosphate transport via diffusion (extracellular to periplasm),Cytoplasmic,"Transport, Outer Membrane Porin",38922.0,0.0,0.0,100000000.0,b0241 or b0929 or b1377 or b2215
700,GLYCLTtex_f,Glycolate transport via diffusion (extracellular to periplasm),Cytoplasmic,"Transport, Outer Membrane Porin",38922.0,0.0,0.0,100000000.0,b0241 or b0929 or b1377 or b2215
701,GTPtex_f,GTP transport via diffusion (extracellular to periplasm),Cytoplasmic,"Transport, Outer Membrane Porin",38922.0,0.0,0.0,100000000.0,b1377 or b2215 or b0241 or b0929
702,GUAtex_f,Guanine transport via diffusion (extracellular to periplasm),Cytoplasmic,"Transport, Outer Membrane",33589.0,0.0,0.0,100000000.0,b0411
703,Htex_f,Proton transport via diffusion (extracellular to periplasm),Cytoplasmic,"Transport, Outer Membrane Porin",38922.0,0.0,0.0,100000000.0,b0241 or b0929 or b1377 or b2215
704,H2tex_f,Hydrogen transport via diffusion (extracellular to periplasm),Cytoplasmic,"Transport, Outer Membrane Porin",38922.0,0.0,0.0,100000000.0,b0241 or b0929 or b1377 or b2215
705,H2Otex_f,H2O transport via diffusion (extracellular to periplasm),Cytoplasmic,"Transport, Outer Membrane Porin",0.0,0.0,0.0,100000000.0,b3875 or s0001 or b1319 or b0957 or b2215 or b0241 or b1377 or b0929
706,FACOAL160t2pp,Fatty-acid-CoA ligase (hexadecanoate transport via vectoral Co-A coupling),Cytoplasmic,Cell Envelope Biosynthesis,62332.0,0.0,0.0,0.029,b1701 or b1805
707,FACOAL180t2pp,Fatty-acid-CoA ligase (octadecanoate transport via vectoral Co-A coupling),Cytoplasmic,Cell Envelope Biosynthesis,62332.0,0.0,0.0,0.029,b1701 or b1805
708,SPODMpp,Superoxide dismutase,Cytoplasmic,Unassigned,17681.0,0.0,0.0,22300.0,b1646
709,NO3R1bpp,Nitrate reductase (Ubiquinol-8),Inner Membrane,Nitrogen Metabolism,122301.0,122301.0,54975.0,94.286,b2205 and b2202 and b2204 and (b2206 and b2203)
710,O2tpp_f,O2 transport via diffusion (periplasm),Inner Membrane,Inorganic Ion Transport and Metabolism,0.0,0.0,0.0,100000000.0,s0001
711,PHYTSpp,Phytase (periplasm),Cytoplasmic,Alternate Carbon Metabolism,47057.0,0.0,0.0,6931.0,b0980
712,PPTHpp,Phosphonate hydrogenase (periplasm),Cytoplasmic,Unassigned,49439.0,0.0,0.0,33.0,b0383
713,PYRt2rpp_f,Pyruvate reversible transport via proton symport (periplasm),Inner Membrane,"Transport, Inner Membrane",0.0,0.0,0.0,100000000.0,
714,NO3R2pp,Nitrate reductase (Menaquinol-8) (periplasm),Inner Membrane,Oxidative Phosphorylation,250501.0,250501.0,25497.0,68.0,(b1467 and b1468 and b1466 and b1465) or (b1224 and b1227 and b1226 and b1225)
715,NTP3pp,Nucleoside-triphosphatase (GTP) (periplasm),Cytoplasmic,Nucleotide Salvage Pathway,47057.0,0.0,0.0,250.5,b0980
716,NO3R2bpp,Nitrate reductase (Menaquinol-8) (periplasm),Inner Membrane,Nitrogen Metabolism,65502.0,65502.0,23101.0,94.286,(b2206 and b2203) and b2202
717,THD2pp,NAD(P) transhydrogenase (periplasm),Inner Membrane,Oxidative Phosphorylation,103346.0,103346.0,103346.0,40.88335,b1602 and b1603
718,TMAOR1pp,Trimethylamine N-oxide reductase (menaquinol 8) (periplasm),Inner Membrane,Oxidative Phosphorylation,129250.0,129250.0,40286.0,145.25,(b0997 and b0996) or (b1872 and b1873)
719,TMAOR2pp,Trimethylamine N-oxide reductase (demethylmenaquinol 8) (periplasm),Inner Membrane,Oxidative Phosphorylation,129250.0,129250.0,40286.0,145.25,(b0997 and b0996) or (b1872 and b1873)
720,XANtpp_f,Xanthine reversible transport (periplasm),Inner Membrane,"Transport, Inner Membrane",0.0,0.0,0.0,100000000.0,
721,DAPtex_f,"1,5-Diaminopentane transport via diffusion (extracellular to periplasm)",Cytoplasmic,"Transport, Outer Membrane Porin",38922.0,0.0,0.0,100000000.0,b0241 or b0929 or b1377 or b2215
722,12PPDStex_f,"(S)-Propane-1,2-diol transport via diffusion (extracellular to periplasm)",Cytoplasmic,"Transport, Outer Membrane Porin",38922.0,0.0,0.0,100000000.0,b0241 or b0929 or b1377 or b2215
723,DDGLCNtex_f,2-dehydro-3-deoxy-D-gluconate transport via diffusion (extracellular to periplasm),Cytoplasmic,"Transport, Outer Membrane Porin",38922.0,0.0,0.0,100000000.0,b0241 or b0929 or b1377 or b2215
724,26DAHtex_f,"Meso-2,6-Diaminoheptanedioate transport via diffusion (extracellular to periplasm)",Cytoplasmic,"Transport, Outer Membrane Porin",38922.0,0.0,0.0,100000000.0,b0241 or b0929 or b1377 or b2215
725,HCINNMtex_f,3-hydroxycinnamic acid transport via diffusion (extracellular to periplasm),Cytoplasmic,"Transport, Outer Membrane Porin",38922.0,0.0,0.0,100000000.0,b0241 or b0929 or b1377 or b2215
726,HPPPNtex_f,3-(3-hydroxyphenyl)propionate transport via diffusion (extracellular to periplasm),Cytoplasmic,"Transport, Outer Membrane Porin",38922.0,0.0,0.0,100000000.0,b0929 or b1377 or b2215 or b0241
727,ACtex_f,Acetate transport via diffusion (extracellular to periplasm),Cytoplasmic,"Transport, Outer Membrane Porin",38922.0,0.0,0.0,100000000.0,b0241 or b0929 or b1377 or b2215
728,ACALDtex_f,Acetaldehyde transport via diffusion (extracellular to periplasm),Cytoplasmic,"Transport, Outer Membrane Porin",38922.0,0.0,0.0,100000000.0,b0241 or b0929 or b1377 or b2215
729,ACMANAtex_f,N-acetyl-D-mannosamine transport via diffusion (extracellular to periplasm),Cytoplasmic,"Transport, Outer Membrane Porin",38922.0,0.0,0.0,100000000.0,b2215 or b0241 or b0929 or b1377
730,ACMUMtex,N-acetylmuramate transport via diffusion (extracellular to periplasm),Cytoplasmic,"Transport, Outer Membrane Porin",38922.0,0.0,0.0,100000000.0,b0241 or b0929 or b1377 or b2215
731,ACACT7r_f,Acetyl-CoA C-acyltransferase (tetradecanoyl-CoA) (r),Cytoplasmic,Membrane Lipid Metabolism,26242.0,0.0,0.0,1.4,b2342 or b3845
732,PSP_L,Phosphoserine phosphatase (L-serine),Cytoplasmic,Glycine and Serine Metabolism,35043.0,0.0,0.0,0.15,b4388
733,ACACT2r_f,Acetyl-CoA C-acyltransferase (butanoyl-CoA) (r),Cytoplasmic,Membrane Lipid Metabolism,26242.0,0.0,0.0,1.4,b2342 or b3845
734,ACACT3r_f,Acetyl-CoA C-acyltransferase (hexanoyl-CoA) (r),Cytoplasmic,Membrane Lipid Metabolism,26242.0,0.0,0.0,1.4,b2342 or b3845
735,ACACT4r_f,Acetyl-CoA C-acyltransferase (octanoyl-CoA) (r),Cytoplasmic,Membrane Lipid Metabolism,26242.0,0.0,0.0,1.4,b2342 or b3845
736,SUCCt2_2pp,Succinate transport via proton symport (2 H) (periplasm),Inner Membrane,"Transport, Inner Membrane",20071.0,20071.0,20071.0,22.0,b3528 or b0010
737,SUCFUMtpp_f,Succinate:fumarate antiporter (periplasm),Inner Membrane,"Transport, Inner Membrane",45751.0,45751.0,45751.0,22.0,b4123 or b0621 or b4138
738,SUCptspp,Sucrose transport via PEP:Pyr  (periplasm),Inner Membrane,"Transport, Inner Membrane",140734.0,140734.0,140734.0,3204.0,b2417 and b2415 and b2416 and b2429
739,SULabcpp,Sulfate transport via ABC system (periplasm),Inner Membrane,Inorganic Ion Transport and Metabolism,91405.0,91405.0,91405.0,95.19583333,(b2423 and b2424 and b2422 and b2425) or (b0764 and b0765 and b0763) or (b2422 and b2423 and b2424 and b3917)
740,TSULabcpp,Thiosulfate transport via ABC system (periplasm),Inner Membrane,Inorganic Ion Transport and Metabolism,140548.0,140548.0,140548.0,95.19583333,(b2423 and b2422 and b2424 and b3917) or (b2422 and b2425 and b2424 and b2423)
741,TARTRt7pp_f,Tartrate/succinate antiporter (periplasm),Inner Membrane,"Transport, Inner Membrane",52906.0,52906.0,52906.0,22.0,b3063
742,AHGDx_f,(S)-alpha-hydroxyglutarate dehydrogenase,Cytoplasmic,Glycine and Serine Metabolism,44176.0,0.0,0.0,110.6,b2913
743,TAURabcpp,Taurine transport via ABC system (periplasm),Inner Membrane,"Transport, Inner Membrane",92375.0,92375.0,92375.0,95.19583333,b0365 and b0367 and b0366
744,THMDt2pp_copy1,Thymidine transport in via proton symport (periplasm),Inner Membrane,"Transport, Inner Membrane",43476.0,43476.0,43476.0,22.0,b2964 or b2393
745,EX_ca2_e_f,Calcium exchange,Exchange,Extracellular exchange,0.0,0.0,0.0,100000000.0,
746,EX_so3_e_f,Sulfite exchange,Exchange,Extracellular exchange,0.0,0.0,0.0,100000000.0,
747,Kt2pp,Potassium transport in via proton symport (periplasm),Inner Membrane,Inorganic Ion Transport and Metabolism,46063.0,46063.0,46063.0,22.0,(b3849 and b1291 and b3290) or b1250 or (b1291 and b1363 and b3290) or b3747
748,AKGt2rpp_f,2-oxoglutarate reversible transport via symport (periplasm),Inner Membrane,"Transport, Inner Membrane",47052.0,47052.0,47052.0,22.0,b2587
749,XYLt2pp,D-xylose transport in via proton symport (periplasm),Inner Membrane,"Transport, Inner Membrane",53608.0,53608.0,53608.0,22.0,b4031
750,EX_ascb__L_e_f,L-Ascorbate exchange,Exchange,Extracellular exchange,0.0,0.0,0.0,100000000.0,
751,EX_ala_B_e_f,Beta-Alanine exchange,Exchange,Extracellular exchange,0.0,0.0,0.0,100000000.0,
752,EX_agm_e_f,Agmatine exchange,Exchange,Extracellular exchange,0.0,0.0,0.0,100000000.0,
753,EX_minohp_e_f,Myo-Inositol hexakisphosphate exchange,Exchange,Extracellular exchange,0.0,0.0,0.0,100000000.0,
754,EX_ppt_e_f,Phosphonate exchange,Exchange,Extracellular exchange,0.0,0.0,0.0,100000000.0,
755,EX_hxa_e_f,Hexanoate (n-C6:0) exchange,Exchange,Extracellular exchange,0.0,0.0,0.0,100000000.0,
756,EX_lyx__L_e_f,L-Lyxose exchange,Exchange,Extracellular exchange,0.0,0.0,0.0,100000000.0,
757,EX_acmum_e_f,N-Acetylmuramate exchange,Exchange,Extracellular exchange,0.0,0.0,0.0,100000000.0,
758,EX_dca_e_f,Decanoate (n-C10:0) exchange,Exchange,Extracellular exchange,0.0,0.0,0.0,100000000.0,
759,EX_all__D_e_f,D-Allose exchange,Exchange,Extracellular exchange,0.0,0.0,0.0,100000000.0,
760,EX_octa_e_f,Octanoate (n-C8:0) exchange,Exchange,Extracellular exchange,0.0,0.0,0.0,100000000.0,
761,EX_xylu__L_e_f,L-Xylulose exchange,Exchange,Extracellular exchange,0.0,0.0,0.0,100000000.0,
762,EX_gdp_e_f,GDP exchange,Exchange,Extracellular exchange,0.0,0.0,0.0,100000000.0,
763,EX_gtp_e_f,GTP exchange,Exchange,Extracellular exchange,0.0,0.0,0.0,100000000.0,
764,THMabcpp,Thiamine transport via ABC system (periplasm),Inner Membrane,"Transport, Inner Membrane",120695.0,120695.0,120695.0,95.19583333,b0066 and b0068 and b0067
765,THMDt2pp_copy2_f,Thymidine transport in via proton symport (periplasm),Inner Membrane,"Transport, Inner Membrane",46140.0,46140.0,46140.0,22.0,b2406
766,THRabcpp,L-threonine transport via ABC system (periplasm),Inner Membrane,"Transport, Inner Membrane",173064.0,173064.0,173064.0,22.0,b3456 and b3455 and b3460 and b3457 and b3454
767,TREptspp,Trehalose transport via PEP:Pyr PTS (periplasm),Inner Membrane,"Transport, Inner Membrane",142013.0,142013.0,142013.0,3204.0,b2417 and b4240 and b2416 and b2415
768,TRPt2rpp_f,L-tryptophan reversible transport via proton symport (periplasm),Inner Membrane,"Transport, Inner Membrane",44333.0,44333.0,44333.0,22.0,b3161 or b3709 or b0112
769,TYRt2rpp_f,L-tyrosine reversible transport via proton symport (periplasm),Inner Membrane,"Transport, Inner Membrane",42819.0,42819.0,42819.0,22.0,b1907 or b0112
770,URIt2pp_copy1,Uridine transport in via proton symport (periplasm),Inner Membrane,"Transport, Inner Membrane",43476.0,43476.0,43476.0,22.0,b2964 or b2393
771,URIt2pp_copy2_f,Uridine transport in via proton symport (periplasm),Inner Membrane,"Transport, Inner Membrane",46140.0,46140.0,46140.0,22.0,b2406
772,VALabcpp,L-valine transport via ABC system (periplasm),Inner Membrane,"Transport, Inner Membrane",173064.0,173064.0,173064.0,22.0,b3457 and b3456 and b3460 and b3455 and b3454
773,XTSNt2rpp_f,Xanthosine transport via proton symport (periplasm),Inner Membrane,"Transport, Inner Membrane",46140.0,46140.0,46140.0,22.0,b2406
774,XYLabcpp,D-xylose transport via ABC system (periplasm),Inner Membrane,"Transport, Inner Membrane",133235.0,133235.0,133235.0,95.19583333,b3568 and b3566 and b3567
775,XYLUt2pp,L-xylulose transport in via proton symport (periplasm),Inner Membrane,"Transport, Inner Membrane",98854.0,98854.0,98854.0,22.0,b3577 and b3578 and b3579
776,THRt4pp,L-threonine  via sodium symport (periplasm),Inner Membrane,"Transport, Inner Membrane",43478.0,43478.0,43478.0,22.0,b3089
777,EX_fruur_e_f,D-Fructuronate exchange,Exchange,Extracellular exchange,0.0,0.0,0.0,100000000.0,
778,GALtex_f,D-galactose transport via diffusion (extracellular to periplasm),Cytoplasmic,"Transport, Outer Membrane Porin",38922.0,0.0,0.0,100000000.0,b0241 or b0929 or b1377 or b2215
779,GALCTtex_f,D-galactarte transport via diffusion (extracellular to periplasm),Cytoplasmic,"Transport, Outer Membrane Porin",38922.0,0.0,0.0,100000000.0,b0241 or b0929 or b1377 or b2215
780,GALCTNtex_f,D-galactonate transport via diffusion (extracellular to periplasm),Cytoplasmic,"Transport, Outer Membrane Porin",38922.0,0.0,0.0,100000000.0,b0241 or b0929 or b1377 or b2215
781,GALTtex_f,Galactitol transport via diffusion (extracellular to periplasm),Cytoplasmic,"Transport, Outer Membrane Porin",38922.0,0.0,0.0,100000000.0,b0241 or b0929 or b1377 or b2215
782,GALURtex_f,D-galacturonate transport via diffusion (extracellular to periplasm),Cytoplasmic,"Transport, Outer Membrane Porin",38922.0,0.0,0.0,100000000.0,b0241 or b0929 or b1377 or b2215
783,GTPCI,GTP cyclohydrolase I,Cytoplasmic,Cofactor and Prosthetic Group Biosynthesis,24831.0,0.0,0.0,0.039,b2153
784,FDMO,FMNH2-dependent monooxygenase,Inner Membrane,Inorganic Ion Transport and Metabolism,41736.0,41736.0,41736.0,0.86,b0935
785,FEOXAMabcpp,Ferroxamine transport via ABC system (periplasm),Inner Membrane,Inorganic Ion Transport and Metabolism,132307.0,132307.0,132307.0,95.19583333,b0152 and b0153 and b0151
786,CBL1abcpp,Cob(1)alamin transport via ABC system (periplasm),Inner Membrane,"Transport, Inner Membrane",91397.0,91397.0,91397.0,0.845,b1709 and b0158 and b1711
787,ACACt2pp_f,Acetoacetate transport via proton symport  (periplasm),Inner Membrane,"Transport, Inner Membrane",47528.0,47528.0,47528.0,22.0,b2223
788,ACGAptspp,N-Acetyl-D-glucosamine transport via PEP:Pyr PTS  (periplasm),Inner Membrane,"Transport, Inner Membrane",141028.0,141028.0,141028.0,72.77916667,(b2416 and b2417 and b2415 and b1101) or (b2415 and b2416 and b0679)
789,ACMANAptspp,N-acetyl-D-mannosamine transport via PTS  (periplasm),Inner Membrane,"Transport, Inner Membrane",166320.0,166320.0,166320.0,3204.0,b2415 and b1818 and b2416 and b1817 and b1819
790,ACNAMt2pp,N-acetylneuraminate proton symport (periplasm),Inner Membrane,"Transport, Inner Membrane",53551.0,53551.0,53551.0,22.0,b3224
791,CHOLD,Choline dehydrogenase,Cytoplasmic,Unassigned,61878.0,0.0,0.0,0.08,b0311
792,DRPA,Deoxyribose-phosphate aldolase,Cytoplasmic,Alternate Carbon Metabolism,27734.0,0.0,0.0,68.0,b4381
793,TKT2_f,Transketolase,Cytoplasmic,Pentose Phosphate Pathway,72212.0,0.0,0.0,22.9,b2935 or b2465
794,EX_ch4_e_f,EX ch4 LPAREN e RPAREN ,Exchange,Extracellular exchange,0.0,0.0,0.0,100000000.0,
795,FEENTERabcpp,Fe-enterobactin transport via ABC system (periplasm),Inner Membrane,Inorganic Ion Transport and Metabolism,132848.0,132848.0,132848.0,95.19583333,b0589 and b0592 and b0590 and b0588
796,FECRMabcpp,Ferrichrome transport via ABC system (periplasm),Inner Membrane,Inorganic Ion Transport and Metabolism,132307.0,132307.0,132307.0,95.19583333,b0153 and b0152 and b0151
797,GAMtex_f,D-glucosamine transport via diffusion (extracellular to periplasm),Cytoplasmic,"Transport, Outer Membrane Porin",38922.0,0.0,0.0,100000000.0,b0241 or b0929 or b1377 or b2215
798,GBBTNtex_f,Gamma-butyrobetaine transport via diffusion (extracellular to periplasm),Cytoplasmic,"Transport, Outer Membrane Porin",38922.0,0.0,0.0,100000000.0,b0241 or b0929 or b1377 or b2215
799,ARBt2rpp_f,L-arabinose transport via proton symport (periplasm),Inner Membrane,"Transport, Inner Membrane",51684.0,51684.0,51684.0,22.0,b2841
800,DAPabcpp,M-diaminopimelic acid ABC transport (periplasm),Inner Membrane,"Transport, Inner Membrane",0.0,0.0,0.0,100000000.0,
801,CO2tpp_f,CO2 transporter via diffusion (periplasm),Inner Membrane,"Transport, Inner Membrane",0.0,0.0,0.0,100000000.0,s0001
802,DHAtpp_f,Dihydroxyacetone transport via facilitated diffusion (periplasm),Inner Membrane,"Transport, Inner Membrane",0.0,0.0,0.0,100000000.0,
803,DMSOR1pp,Dimethyl sulfoxide reductase (Menaquinol 8) (periplasm),Inner Membrane,Oxidative Phosphorylation,129250.0,129250.0,40286.0,40.2,b1872 and b1873
804,ARGabcpp,L-arginine transport via ABC system (periplasm),Inner Membrane,"Transport, Inner Membrane",108164.0,108164.0,108164.0,95.19583333,(b2308 and b2306 and b2310 and b2307) or (b0864 and b0860 and b0863 and b0862 and b0861)
805,ARGAGMt7pp_f,Arginine/agmatine antiport (periplasm),Inner Membrane,"Transport, Inner Membrane",46843.0,46843.0,46843.0,22.0,b4115
806,ASCBptspp,L-ascorbate transport via PEP:Pyr PTS (periplasm),Inner Membrane,"Transport, Inner Membrane",151552.0,151552.0,151552.0,3204.0,b4195 and b4193 and b2415 and b2416 and b4194
807,ASNt2rpp_f,L-asparagine reversible transport via proton symport (periplasm),Inner Membrane,"Transport, Inner Membrane",54233.0,54233.0,54233.0,22.0,b1453
808,ASPabcpp,L-aspartate transport via ABC system (periplasm),Inner Membrane,"Transport, Inner Membrane",112499.0,112499.0,112499.0,95.19583333,b0654 and b0652 and b0655 and b0653
809,ASPt2pp,L-aspartate transport in via proton symport (periplasm),Inner Membrane,"Transport, Inner Membrane",47159.0,47159.0,47159.0,22.0,b4077
810,ASPt2_2pp,Aspartate transport via proton symport (2 H) (periplasm),Inner Membrane,"Transport, Inner Membrane",45436.0,45436.0,45436.0,22.0,b3528
811,ASPt2_3pp,L-asparate transport via proton symport (3 H) (periplasm),Inner Membrane,"Transport, Inner Membrane",45751.0,45751.0,45751.0,22.0,b4138 or b4123
812,HIStex_f,L-histidine transport via diffusion (extracellular to periplasm),Cytoplasmic,"Transport, Outer Membrane Porin",38922.0,0.0,0.0,100000000.0,b0241 or b0929 or b1377 or b2215
813,HXAtex_f,Hexanoate transport via diffusion (extracellular to periplasm),Cytoplasmic,"Transport, Outer Membrane Porin",38922.0,0.0,0.0,100000000.0,b0241 or b0929 or b1377 or b2215
814,HYXNtex_f,Hypoxanthine transport via diffusion (extracellular to periplasm),Cytoplasmic,"Transport, Outer Membrane Porin",38922.0,0.0,0.0,100000000.0,b2215 or b0241 or b0929 or b1377
815,IDONtex_f,L-idonate transport via diffusion (extracellular to periplasm),Cytoplasmic,"Transport, Outer Membrane Porin",38922.0,0.0,0.0,100000000.0,b0241 or b0929 or b1377 or b2215
816,ILEtex_f,L-isoleucine transport via diffusion (extracellular to periplasm),Cytoplasmic,"Transport, Outer Membrane Porin",38922.0,0.0,0.0,100000000.0,b0241 or b0929 or b1377 or b2215
817,INSTtex_f,Inositol transport via diffusion (extracellular to periplasm),Cytoplasmic,"Transport, Outer Membrane Porin",38922.0,0.0,0.0,100000000.0,b0241 or b0929 or b1377 or b2215
818,INStex_f,Inosine transport via diffusion (extracellular to periplasm),Cytoplasmic,"Transport, Outer Membrane",33589.0,0.0,0.0,100000000.0,b0411
819,Ktex_f,Potassium transport via diffusion (extracellular to periplasm),Cytoplasmic,"Transport, Outer Membrane Porin",38922.0,0.0,0.0,100000000.0,b0241 or b0929 or b1377 or b2215
820,D_LACtex_f,D-lactate transport via diffusion (extracellular to periplasm),Cytoplasmic,"Transport, Outer Membrane Porin",38922.0,0.0,0.0,100000000.0,b0241 or b0929 or b1377 or b2215
821,NTD8pp,5'-nucleotidase (dGMP),Cytoplasmic,Nucleotide Salvage Pathway,26104.0,0.0,0.0,4.12,b4055 or b0480
822,FRULYStex_f,Fructoselysine transporter via diffusion (extracellular),Cytoplasmic,"Transport, Outer Membrane Porin",38922.0,0.0,0.0,100000000.0,b0241 or b0929 or b1377 or b2215
823,EX_fad_e_f,Exchange of Flavin adenine dinucleotide oxidized,Exchange,Extracellular exchange,0.0,0.0,0.0,100000000.0,
824,GALCTt2rpp_f,"D-galactarte transport via proton symport, reversible (periplasm)",Inner Membrane,"Transport, Inner Membrane",49009.0,49009.0,49009.0,22.0,b2789 or b3127
825,GALt2pp,D-galactose transport in via proton symport (periplasm),Inner Membrane,"Transport, Inner Membrane",50983.0,50983.0,50983.0,22.0,b2943
826,ASPtex_f,L-aspartate transport via diffusion (extracellular to periplasm),Cytoplasmic,"Transport, Outer Membrane Porin",38922.0,0.0,0.0,100000000.0,b0241 or b0929 or b1377 or b2215
827,ABUTt2pp,4-aminobutyrate transport in via proton symport (periplasm),Inner Membrane,"Transport, Inner Membrane",51080.0,51080.0,51080.0,22.0,b2663
828,CYSabcpp,L-cysteine uptake via ABC system (periplasm),Inner Membrane,"Transport, Inner Membrane",81517.0,81517.0,81517.0,95.19583333,b1918 and b1920 and b1917
829,SBTptspp,D-sorbitol transport via PEP:Pyr PTS (periplasm),Inner Membrane,"Transport, Inner Membrane",139897.0,139897.0,139897.0,3204.0,b2416 and b2704 and b2703 and b2702 and b2415
830,TREHpp,"Alpha,alpha-trehalase (periplasm)",Cytoplasmic,Alternate Carbon Metabolism,63637.0,0.0,0.0,199.0,b1197
831,CYTBDpp,Cytochrome oxidase bd (ubiquinol-8: 2 protons) (periplasm),Inner Membrane,Oxidative Phosphorylation,100344.0,100344.0,100344.0,320.5,(b0978 and b0979) or (b0734 and b0733 and b4515)
832,CYTBD2pp,Cytochrome oxidase bd (menaquinol-8: 2 protons) (periplasm),Inner Membrane,Oxidative Phosphorylation,100344.0,100344.0,100344.0,320.5,b0978 and b0979
833,ACALDtpp_f,Acetaldehyde reversible transport (periplasm),Inner Membrane,"Transport, Inner Membrane",0.0,0.0,0.0,100000000.0,s0001
834,ACt2rpp_f,Acetate reversible transport via proton symport (periplasm),Inner Membrane,"Transport, Inner Membrane",20071.0,20071.0,20071.0,22.0,b0010
835,EX_fe3dcit_e_f,Fe(III)dicitrate exchange,Exchange,Extracellular exchange,0.0,0.0,0.0,100000000.0,
836,EX_fe3hox_e_f,Fe(III)hydroxamate exchange,Exchange,Extracellular exchange,0.0,0.0,0.0,100000000.0,
837,EX_fecrm_e_f,Ferrichrome exchange,Exchange,Extracellular exchange,0.0,0.0,0.0,100000000.0,
838,EX_feenter_e_f,Fe-enterobactin exchange,Exchange,Extracellular exchange,0.0,0.0,0.0,100000000.0,
839,EX_feoxam_e_f,Ferroxamine exchange,Exchange,Extracellular exchange,0.0,0.0,0.0,100000000.0,
840,EX_cbi_e_f,Cobinamide exchange,Exchange,Extracellular exchange,0.0,0.0,0.0,100000000.0,
841,EX_arbtn_fe3_e_f,Aerobactin exchange,Exchange,Extracellular exchange,0.0,0.0,0.0,100000000.0,
842,EX_cpgn_e_f,Coprogen exchange,Exchange,Extracellular exchange,0.0,0.0,0.0,100000000.0,
843,EX_adocbl_e_f,Adenosylcobalamin exchange,Exchange,Extracellular exchange,0.0,0.0,0.0,100000000.0,
844,ATPS4rpp_f,ATP synthase (four protons for one ATP) (periplasm),Inner Membrane,Oxidative Phosphorylation,227347.0,227347.0,55823.0,79.0,(b3739 and (b3731 and b3733 and b3735 and b3734 and b3732) and (b3738 and b3736 and b3737)) or ((b3731 and b3733 and b3735 and b3734 and b3732) and (b3738 and b3736 and b3737))
845,INDOLEtex_f,Indole transport via diffusion (extracellular to periplasm),Cytoplasmic,"Transport, Outer Membrane Porin",38922.0,0.0,0.0,100000000.0,b0241 or b0929 or b1377 or b2215
846,L_LACtex_f,L-lactate transport via diffusion (extracellular to periplasm),Cytoplasmic,"Transport, Outer Membrane Porin",38922.0,0.0,0.0,100000000.0,b0929 or b1377 or b2215 or b0241
847,ACt4pp,Na+/Acetate symport (periplasm),Inner Membrane,"Transport, Inner Membrane",59197.0,59197.0,59197.0,22.0,b4067
848,ADEt2rpp_f,Adenine transport via proton symport (reversible) (periplasm),Inner Membrane,"Transport, Inner Membrane",46866.0,46866.0,46866.0,22.0,b3654 or b3714 or b3664
849,ADNt2pp_copy1,Adenosine transport in via proton symport (periplasm),Inner Membrane,"Transport, Inner Membrane",43476.0,43476.0,43476.0,22.0,b2964 or b2393
850,ADNt2pp_copy2_f,Adenosine transport in via proton symport (periplasm),Inner Membrane,"Transport, Inner Membrane",46140.0,46140.0,46140.0,22.0,b2406
851,ALAabcpp,L-alanine transport via ABC system (periplasm),Inner Membrane,"Transport, Inner Membrane",173064.0,173064.0,173064.0,22.0,b3454 and b3456 and b3455 and b3460 and b3457
852,ALLabcpp,D-allose transport via ABC system (periplasm),Inner Membrane,"Transport, Inner Membrane",109948.0,109948.0,109948.0,95.19583333,b4087 and b4088 and b4086
853,ALLTNt2rpp_f,Allantoin transport in via proton symport (periplasm),Inner Membrane,"Transport, Inner Membrane",52456.0,52456.0,52456.0,22.0,b0511
854,ARBabcpp,L-arabinose transport via ABC system (periplasm),Inner Membrane,"Transport, Inner Membrane",124770.0,124770.0,124770.0,95.19583333,b4460 and b1901 and b1900
855,ECOAH8_f,3-hydroxyacyl-CoA dehydratase (3-hydroxyoctadecanoyl-CoA),Cytoplasmic,Membrane Lipid Metabolism,77072.0,0.0,0.0,7.5465,b2341 or b3846
856,GLCDpp,Glucose dehydrogenase (ubiquinone-8 as acceptor) (periplasm),Inner Membrane,Oxidative Phosphorylation,86747.0,86747.0,86747.0,3860.0,b0124 or b0837
857,GUAtpp_f,Guanine transport via diffusion (periplasm),Inner Membrane,"Transport, Inner Membrane",45711.0,45711.0,45711.0,100000000.0,b4464 or b4064
858,HYD2pp,Hydrogenase (menaquinone8: 2 protons) (periplasm),Inner Membrane,Oxidative Phosphorylation,134531.0,134531.0,43602.0,1500.0,(b0973 and b0974 and b0972) or (b2994 and b2997 and b2996 and b2995)
859,HYXNtpp_f,Hypoxanthine transport (periplasm),Inner Membrane,"Transport, Inner Membrane",45711.0,45711.0,45711.0,22.0,b4064 or b4464
860,NACtpp,Nicotinic acid uptake (periplasm),Inner Membrane,"Transport, Inner Membrane",0.0,0.0,0.0,100000000.0,
861,FE3DCITabcpp,Iron transport from ferric-dicitrate via ABC system (periplasm),Inner Membrane,Inorganic Ion Transport and Metabolism,130361.0,130361.0,130361.0,95.19583333,b4287 and b4288 and b4289 and b4290
862,CPGNtonex,Coprogen transport via ton system (extracellular),Inner Membrane,"Transport, Outer Membrane",149141.0,149141.0,67908.0,22.0,b1102 and (b1252 and b3005 and b3006)
863,GLCRtex_f,D-glucarate transport via diffusion (extracellular to periplasm),Cytoplasmic,"Transport, Outer Membrane Porin",38922.0,0.0,0.0,100000000.0,b0241 or b0929 or b1377 or b2215
864,GLCNtex_f,D-gluconate transport via diffusion (extracellular to periplasm),Cytoplasmic,"Transport, Outer Membrane Porin",38922.0,0.0,0.0,100000000.0,b0241 or b0929 or b1377 or b2215
865,GLCURtex_f,D-glucuronat transport via diffusion (extracellular to periplasm),Cytoplasmic,"Transport, Outer Membrane Porin",38922.0,0.0,0.0,100000000.0,b0241 or b0929 or b1377 or b2215
866,GLNtex_f,L-glutamine transport via diffusion (extracellular to periplasm),Cytoplasmic,"Transport, Outer Membrane Porin",38922.0,0.0,0.0,100000000.0,b0929 or b1377 or b2215 or b0241
867,O2tex_f,Oxygen transport via diffusion (extracellular to periplasm),Cytoplasmic,"Transport, Outer Membrane Porin",38922.0,0.0,0.0,100000000.0,b0241 or b0929 or b1377 or b2215
868,EX_ppa_e_f,Propionate exchange,Exchange,Extracellular exchange,0.0,0.0,0.0,100000000.0,
869,OCTAtex_f,Octanoate transport via diffusion (extracellular to periplasm),Cytoplasmic,"Transport, Outer Membrane Porin",38922.0,0.0,0.0,100000000.0,b0241 or b0929 or b1377 or b2215
870,ORNtex_f,Ornithine transport via diffusion (extracellular to periplasm),Cytoplasmic,"Transport, Outer Membrane Porin",38922.0,0.0,0.0,100000000.0,b0241 or b0929 or b1377 or b2215
871,ECOAH5_f,3-hydroxyacyl-CoA dehydratase (3-hydroxydodecanoyl-CoA),Cytoplasmic,Membrane Lipid Metabolism,77072.0,0.0,0.0,380.5,b2341 or b3846
872,DHFS,Dihydrofolate synthase,Cytoplasmic,Cofactor and Prosthetic Group Biosynthesis,45406.0,0.0,0.0,1.7,b2315
873,CITt7pp,Citrate transport via succinate antiport (periplasm),Inner Membrane,"Transport, Inner Membrane",53093.0,53093.0,53093.0,22.0,b0612
874,CRNt7pp,Carnitine/butyrobetaine antiporter (periplasm),Inner Membrane,"Transport, Inner Membrane",56587.0,56587.0,56587.0,22.0,b0040
875,EX_ni2_e_f,Ni2+ exchange,Exchange,Extracellular exchange,0.0,0.0,0.0,100000000.0,
876,EX_no_e_f,Nitric oxide exchange,Exchange,Extracellular exchange,0.0,0.0,0.0,100000000.0,
877,CHLabcpp,Choline transport via ABC system (periplasm),Inner Membrane,"Transport, Inner Membrane",133688.0,133688.0,133688.0,95.19583333,b2129 and b2128 and b2131 and b2130
878,DGSNt2pp,Deoxyguanosine transport in via proton symport (periplasm),Inner Membrane,"Transport, Inner Membrane",46389.0,46389.0,46389.0,22.0,b2964
879,DINSt2pp,Deoxyinosine transport in via proton symport (periplasm),Inner Membrane,"Transport, Inner Membrane",46389.0,46389.0,46389.0,22.0,b2964
880,DURIt2pp,Deoxyuridine transport in via proton symport (periplasm),Inner Membrane,"Transport, Inner Membrane",43476.0,43476.0,43476.0,22.0,b2393 or b2964
881,FE2abcpp,Iron (II) transport via ABC system (periplasm),Inner Membrane,Inorganic Ion Transport and Metabolism,84474.0,84474.0,84474.0,22.0,b3409
882,FRUptspp,D-fructose transport via PEP:Pyr PTS (periplasm),Inner Membrane,"Transport, Inner Membrane",169848.0,169848.0,169848.0,806.33125,b2415 and b2167 and b2169 and b2416
883,FUCtpp_f,L-fucose transport via proton symport (periplasm),Inner Membrane,"Transport, Inner Membrane",47545.0,47545.0,47545.0,22.0,b2801
884,FUMt2_2pp,Fumarate transport via proton symport (2 H) (periplasm),Inner Membrane,"Transport, Inner Membrane",45436.0,45436.0,45436.0,22.0,b3528
885,FUMt2_3pp,Fumarate transport via proton symport (3 H) (periplasm),Inner Membrane,"Transport, Inner Membrane",45751.0,45751.0,45751.0,22.0,b4138 or b4123 or b0621
886,FEENTERtonex,Fe-enterobactin transport via ton system (extracellular),Inner Membrane,"Transport, Outer Membrane",150015.0,150015.0,67908.0,22.0,b0584 and (b1252 and b3005 and b3006)
887,CSNt2pp,Cytosine transport in via proton symport (periplasm),Inner Membrane,"Transport, Inner Membrane",43650.0,43650.0,43650.0,22.0,b0336
888,CYNTt2pp,Cyanate transport via proton symport (periplasm),Inner Membrane,"Transport, Inner Membrane",41361.0,41361.0,41361.0,22.0,b0341
889,CYTDt2pp_copy1,Cytidine transport in via proton symport (periplasm),Inner Membrane,"Transport, Inner Membrane",43476.0,43476.0,43476.0,22.0,b2393 or b2964
890,CYTDt2pp_copy2_f,Cytidine transport in via proton symport (periplasm),Inner Membrane,"Transport, Inner Membrane",46140.0,46140.0,46140.0,22.0,b2406
891,DADNt2pp,Deoxyadenosine transport in via proton symport (periplasm),Inner Membrane,"Transport, Inner Membrane",43476.0,43476.0,43476.0,22.0,b2393 or b2964
892,DCYTt2pp,Deoxycytidine transport in via proton symport (periplasm),Inner Membrane,"Transport, Inner Membrane",43476.0,43476.0,43476.0,22.0,b2393 or b2964
893,DDGLCNt2rpp_f,"2-dehydro-3-deoxy-D-gluconate transport via proton symport, reversible (periplasm)",Inner Membrane,"Transport, Inner Membrane",33669.0,33669.0,33669.0,22.0,b3909
894,RMNtex_f,L-rhamnose transport via diffusion (extracellular to periplasm),Cytoplasmic,"Transport, Outer Membrane Porin",38922.0,0.0,0.0,100000000.0,b0241 or b2215 or b0929 or b1377
895,EX_meoh_e_f,Methanol exchange,Exchange,Extracellular exchange,0.0,0.0,0.0,100000000.0,
896,MALTTRtexi,Maltotriose transport via diffusion (extracellular to periplasm) irreversible,Cytoplasmic,"Transport, Outer Membrane",49912.0,0.0,0.0,100000000.0,b4036
897,MALTTTRtexi,MaltotetraoseMaltotriose transport via diffusion (extracellular to periplasm) irreversible,Cytoplasmic,"Transport, Outer Membrane",49912.0,0.0,0.0,100000000.0,b4036
898,MALTPTtexi,MaltopentaoseMaltotriose transport via diffusion (extracellular to periplasm) irreversible,Cytoplasmic,"Transport, Outer Membrane",49912.0,0.0,0.0,100000000.0,b4036
899,MALTtexi,MaltoseMaltotriose transport via diffusion (extracellular to periplasm) irreversible,Cytoplasmic,"Transport, Outer Membrane",49912.0,0.0,0.0,100000000.0,b4036
900,GLCtex_copy1,Glucose transport via diffusion (extracellular to periplasm),Cytoplasmic,"Transport, Outer Membrane",49912.0,0.0,0.0,100000000.0,b4036
901,FE3DCITtonex,Ferric-dicitrate transport via ton system (extracellular),Inner Membrane,"Transport, Outer Membrane",153230.0,153230.0,67908.0,22.0,(b1252 and b3005 and b3006) and b4291
902,PHEtex_f,L-phenylalanine transport via diffusion (extracellular to periplasm),Cytoplasmic,"Transport, Outer Membrane Porin",38922.0,0.0,0.0,100000000.0,b0241 or b0929 or b1377 or b2215
903,PItex_f,Phosphate transport via diffusion (extracellular to periplasm),Cytoplasmic,"Transport, Outer Membrane Porin",38922.0,0.0,0.0,100000000.0,b0241 or b0929 or b1377 or b2215
904,ACGAMK,N-acetylglucosamine kinase,Cytoplasmic,Murein Recycling,33043.0,0.0,0.0,21.6875,b1119
905,METS,Methionine synthase,Cytoplasmic,Methionine Metabolism,84674.0,0.0,0.0,8.33,b4019 or b3829
906,EX_cu2_e_f,Cu2+ exchange,Exchange,Extracellular exchange,0.0,0.0,0.0,100000000.0,
907,CYSabc2pp,L-cysteine export via ABC system (cytoplasm to periplasm),Inner Membrane,"Transport, Inner Membrane",127976.0,127976.0,127976.0,22.0,b0887 and b0886
908,PRASCSi,Phosphoribosylaminoimidazolesuccinocarboxamide synthase,Cytoplasmic,Purine and Pyrimidine Biosynthesis,26995.0,0.0,0.0,19.6,b2476
909,TRSARr_f,Tartronate semialdehyde reductase,Cytoplasmic,Alternate Carbon Metabolism,30427.0,0.0,0.0,243.0,b0509 or b3125
910,LYXI,Lyxose isomerase,Cytoplasmic,Alternate Carbon Metabolism,47199.0,0.0,0.0,73.8,b3903
911,EX_pheme_e_f,Protoheme exchange,Exchange,Extracellular exchange,0.0,0.0,0.0,100000000.0,
912,PNTOtex_f,Pantothenate transport via diffusion (extracellular to periplasm),Cytoplasmic,"Transport, Outer Membrane Porin",38922.0,0.0,0.0,100000000.0,b0241 or b0929 or b1377 or b2215
913,PPPNtex_f,3-phenylpropionate transport via diffusion (extracellular to periplasm),Cytoplasmic,"Transport, Outer Membrane Porin",38922.0,0.0,0.0,100000000.0,b0241 or b0929 or b1377 or b2215
914,PPTtex_f,Phosphonate transport via diffusion (extracellular to periplasm),Cytoplasmic,"Transport, Outer Membrane Porin",38922.0,0.0,0.0,100000000.0,b0241 or b0929 or b1377 or b2215
915,PTRCtex_f,Putrescine transport via diffusion (extracellular to periplasm),Cytoplasmic,"Transport, Outer Membrane Porin",38922.0,0.0,0.0,100000000.0,b0241 or b0929 or b1377 or b2215
916,PYRtex_f,Pyruvate transport via diffusion (extracellular to periplasm),Cytoplasmic,"Transport, Outer Membrane Porin",38922.0,0.0,0.0,100000000.0,b0241 or b0929 or b1377 or b2215
917,DSERtex_f,D-serine transport via diffusion (extracellular to periplasm),Cytoplasmic,"Transport, Outer Membrane Porin",38922.0,0.0,0.0,100000000.0,b0241 or b0929 or b1377 or b2215
918,SERtex_f,L-serine transport via diffusion (extracellular to periplasm),Cytoplasmic,"Transport, Outer Membrane Porin",38922.0,0.0,0.0,100000000.0,b0241 or b0929 or b1377 or b2215
919,SO4tex_f,Sulfate transport via diffusion (extracellular to periplasm),Cytoplasmic,"Transport, Outer Membrane Porin",38922.0,0.0,0.0,100000000.0,b0241 or b0929 or b1377 or b2215
920,SPMDtex_f,Spermidine transport via diffusion (extracellular to periplasm),Cytoplasmic,"Transport, Outer Membrane Porin",38922.0,0.0,0.0,100000000.0,b2215 or b0241 or b0929 or b1377
921,SUCCtex_f,Succinate transport via diffusion (extracellular to periplasm),Cytoplasmic,"Transport, Outer Membrane Porin",38922.0,0.0,0.0,100000000.0,b0241 or b0929 or b1377 or b2215
922,SUCRtex_f,Sucrose transport transport via diffusion (extracellular to periplasm),Cytoplasmic,"Transport, Outer Membrane Porin",38922.0,0.0,0.0,100000000.0,b0241 or b0929 or b1377 or b2215
923,TARTRtex_f,Tartrate transport via diffusion (extracellular to periplasm),Cytoplasmic,"Transport, Outer Membrane Porin",38922.0,0.0,0.0,100000000.0,b0241 or b0929 or b1377 or b2215
924,TAURtex_f,Taurine transport via diffusion (extracellular to periplasm),Cytoplasmic,"Transport, Outer Membrane Porin",38922.0,0.0,0.0,100000000.0,b0241 or b0929 or b1377 or b2215
925,THRtex_f,L-threonine transport via diffusion (extracellular to periplasm),Cytoplasmic,"Transport, Outer Membrane Porin",38922.0,0.0,0.0,100000000.0,b0241 or b0929 or b1377 or b2215
926,THMDtex_f,Thymidine transport via diffusion (extracellular to periplasm),Cytoplasmic,"Transport, Outer Membrane Porin",38922.0,0.0,0.0,100000000.0,b0241 or b0929 or b1377 or b2215
927,CBIuabcpp,"Cobinamide transport via ABC system (uptake, periplasm)",Inner Membrane,"Transport, Inner Membrane",91397.0,91397.0,91397.0,0.845,b1711 and b0158 and b1709
928,METDtex_f,D-methionine transport via diffusion (extracellular to periplasm),Cytoplasmic,"Transport, Outer Membrane Porin",38922.0,0.0,0.0,100000000.0,b0241 or b0929 or b1377 or b2215
929,METtex_f,L-methionine transport via diffusion (extracellular to periplasm),Cytoplasmic,"Transport, Outer Membrane Porin",38922.0,0.0,0.0,100000000.0,b0241 or b0929 or b1377 or b2215
930,MNLtex_f,Mannitol transport via diffusion (extracellular to periplasm),Cytoplasmic,"Transport, Outer Membrane Porin",38922.0,0.0,0.0,100000000.0,b1377 or b2215 or b0241 or b0929
931,NAtex_f,Sodium transport via diffusion (extracellular to periplasm),Cytoplasmic,"Transport, Outer Membrane Porin",38922.0,0.0,0.0,100000000.0,b0241 or b0929 or b1377 or b2215
932,NACtex_f,Nicotinic acid transport via diffusion (extracellular to periplasm),Cytoplasmic,"Transport, Outer Membrane Porin",38922.0,0.0,0.0,100000000.0,b0241 or b0929 or b1377 or b2215
933,NH4tex_f,Ammonia transport via diffusion (extracellular to periplasm),Cytoplasmic,"Transport, Outer Membrane Porin",38922.0,0.0,0.0,100000000.0,b1377 or b2215 or b0241 or b0929
934,URIH,Uridine hydrolase,Cytoplasmic,Alternate Carbon Metabolism,32561.0,0.0,0.0,5.05,b2162 or b0651 or b0030
935,XTSNH,Xanthosine hydrolase,Cytoplasmic,Nucleotide Salvage Pathway,32561.0,0.0,0.0,6.3,b0030
936,INSH,Inosine hydrolase,Cytoplasmic,Nucleotide Salvage Pathway,32561.0,0.0,0.0,2.198,b0030
937,BUTtex_f,Butyrate transport via diffusion (extracellular to periplasm),Cytoplasmic,"Transport, Outer Membrane Porin",38922.0,0.0,0.0,100000000.0,b0241 or b0929 or b1377 or b2215
938,CHLtex_f,Choline transport via diffusion (extracellular to periplasm),Cytoplasmic,"Transport, Outer Membrane Porin",38922.0,0.0,0.0,100000000.0,b0241 or b0929 or b1377 or b2215
939,CO2tex_f,CO2 transport via diffusion (extracellular to periplasm),Cytoplasmic,"Transport, Outer Membrane Porin",38922.0,0.0,0.0,100000000.0,b0241 or b0929 or b1377 or b2215
940,CRNtex_f,L-carnitine transport via diffusion (extracellular to periplasm),Cytoplasmic,"Transport, Outer Membrane Porin",38922.0,0.0,0.0,100000000.0,b0241 or b0929 or b1377 or b2215
941,PPK2,Polyphosphate kinase,Cytoplasmic,Oxidative Phosphorylation,80432.0,0.0,0.0,23.6,b2501
942,DINStex_f,Deoxyinosine transport via diffusion (extracellular to periplasm),Cytoplasmic,"Transport, Outer Membrane Porin",38922.0,0.0,0.0,100000000.0,b0241 or b0929 or b1377 or b2215
943,DMStex_f,Dimethyl sulfide transport via diffusion (extracellular to periplasm),Cytoplasmic,"Transport, Outer Membrane Porin",38922.0,0.0,0.0,100000000.0,b0241 or b0929 or b1377 or b2215
944,CSNtex_f,Cytosine transport via diffusion (extracellular to periplasm),Cytoplasmic,"Transport, Outer Membrane Porin",38922.0,0.0,0.0,100000000.0,b0241 or b0929 or b1377 or b2215
945,CYNTtex_f,Cyanate transport via diffusion (extracellular to periplasm),Cytoplasmic,"Transport, Outer Membrane Porin",38922.0,0.0,0.0,100000000.0,b2215 or b0241 or b0929 or b1377
946,CYStex_f,L-cysteine transport via diffusion (extracellular to periplasm),Cytoplasmic,"Transport, Outer Membrane Porin",38922.0,0.0,0.0,100000000.0,b0241 or b0929 or b1377 or b2215
947,CYTDtex_f,Cytidine transport via diffusion (extracellular to periplasm),Cytoplasmic,"Transport, Outer Membrane Porin",38922.0,0.0,0.0,100000000.0,b0241 or b0929 or b1377 or b2215
948,DCAtex_f,Decanoate transport via diffusion (extracellular to periplasm),Cytoplasmic,"Transport, Outer Membrane Porin",38922.0,0.0,0.0,100000000.0,b0241 or b0929 or b1377 or b2215
949,DCYTtex_f,Deoxycytidine transport via diffusion (extracellular to periplasm),Cytoplasmic,"Transport, Outer Membrane",33589.0,0.0,0.0,100000000.0,b0411
950,DGSNtex_f,Deoxyguanosine transport via diffusion (extracellular to periplasm),Cytoplasmic,"Transport, Outer Membrane Porin",38922.0,0.0,0.0,100000000.0,b0241 or b0929 or b1377 or b2215
951,MTHFR2,"5,10-methylenetetrahydrofolate reductase (NADH)",Cytoplasmic,Folate Metabolism,33103.0,0.0,0.0,32.7,b3941
952,ASPO3,L-aspartate oxidase,Cytoplasmic,Cofactor and Prosthetic Group Biosynthesis,60337.0,0.0,0.0,0.267,b2574
953,ASPO5,L-aspartate oxidase,Cytoplasmic,Cofactor and Prosthetic Group Biosynthesis,60337.0,0.0,0.0,0.267,b2574
954,ASPO4,L-aspartate oxidase,Cytoplasmic,Cofactor and Prosthetic Group Biosynthesis,60337.0,0.0,0.0,0.267,b2574
955,ASPO6,L-aspartate oxidase,Cytoplasmic,Cofactor and Prosthetic Group Biosynthesis,60337.0,0.0,0.0,0.267,b2574
956,LCTStex_f,Lactose transport via diffusion (extracellular to periplasm),Cytoplasmic,"Transport, Outer Membrane Porin",38922.0,0.0,0.0,100000000.0,b0241 or b0929 or b1377 or b2215
957,LEUtex_f,L-leucine transport via diffusion (extracellular to periplasm),Cytoplasmic,"Transport, Outer Membrane Porin",38922.0,0.0,0.0,100000000.0,b0241 or b0929 or b1377 or b2215
958,LYStex_f,L-lysine transport via diffusion (extracellular to periplasm),Cytoplasmic,"Transport, Outer Membrane Porin",38922.0,0.0,0.0,100000000.0,b0241 or b0929 or b1377 or b2215
959,LYXtex_f,L-Lyxose transport via diffusion (extracellular to periplasm),Cytoplasmic,"Transport, Outer Membrane Porin",38922.0,0.0,0.0,100000000.0,b0241 or b0929 or b1377 or b2215
960,MANtex_f,D-mannose transport via diffusion (extracellular to periplasm),Cytoplasmic,"Transport, Outer Membrane Porin",38922.0,0.0,0.0,100000000.0,b0241 or b0929 or b1377 or b2215
961,MAN6Ptex_f,Mannose 6-phosphate transport via diffusion (extracellular to periplasm),Cytoplasmic,"Transport, Outer Membrane Porin",38922.0,0.0,0.0,100000000.0,b2215 or b0241 or b0929 or b1377
962,MELIBtex_f,Melibiose transport via diffusion (extracellular to periplasm),Cytoplasmic,"Transport, Outer Membrane Porin",38922.0,0.0,0.0,100000000.0,b0241 or b0929 or b1377 or b2215
963,DMSOtex_f,Dimethyl sulfoxide transport via diffusion (extracellular to periplasm),Cytoplasmic,"Transport, Outer Membrane Porin",38922.0,0.0,0.0,100000000.0,b0241 or b0929 or b1377 or b2215
964,DURItex_f,Deoxyuridine transport via diffusion (extracellular to periplasm),Cytoplasmic,"Transport, Outer Membrane",33589.0,0.0,0.0,100000000.0,b0411
965,EX_mal__D_e_f,D-Malate exchange,Exchange,Extracellular exchange,0.0,0.0,0.0,100000000.0,
966,FRUtex_f,D-fructose transport via diffusion (extracellular to periplasm),Cytoplasmic,"Transport, Outer Membrane Porin",38922.0,0.0,0.0,100000000.0,b0241 or b0929 or b1377 or b2215
967,FUCtex_f,L-fucose transport via diffusion (extracellular to periplasm),Cytoplasmic,"Transport, Outer Membrane Porin",38922.0,0.0,0.0,100000000.0,b0241 or b0929 or b1377 or b2215
968,FUMtex_f,Fumarate transport via diffusion (extracellular to periplasm),Cytoplasmic,"Transport, Outer Membrane Porin",38922.0,0.0,0.0,100000000.0,b0241 or b0929 or b1377 or b2215
969,ACACT5r_f,Acetyl-CoA C-acyltransferase (decanoyl-CoA) (r),Cytoplasmic,Membrane Lipid Metabolism,26242.0,0.0,0.0,1.4,b3845 or b2342
970,MALDDH,Malate decarboxylating oxidoreductase (decarboxylating),Cytoplasmic,Alternate Carbon Metabolism,40315.0,0.0,0.0,76.08846667,b1800
971,FE2tex_f,Iron (II) transport via diffusion (extracellular to periplasm),Cytoplasmic,"Transport, Outer Membrane Porin",38922.0,0.0,0.0,100000000.0,b1377 or b2215 or b0241 or b0929
972,NMNtex_f,NMN transport via diffusion (extracellular to periplasm),Cytoplasmic,"Transport, Outer Membrane Porin",38922.0,0.0,0.0,100000000.0,b0241 or b0929 or b1377 or b2215
973,NO2tex_f,Nitrite transport via diffusion (extracellular to periplasm),Cytoplasmic,"Transport, Outer Membrane Porin",38922.0,0.0,0.0,100000000.0,b0241 or b0929 or b1377 or b2215
974,DHPS2,Dihydropteroate synthase,Cytoplasmic,Cofactor and Prosthetic Group Biosynthesis,30615.0,0.0,0.0,0.109,b3177
975,MTHFC_f,Methenyltetrahydrofolate cyclohydrolase,Cytoplasmic,Folate Metabolism,31044.0,0.0,0.0,134.0,b0529
976,MTHFD_f,Methylenetetrahydrofolate dehydrogenase (NADP),Cytoplasmic,Folate Metabolism,31044.0,0.0,0.0,10.0,b0529
977,BUTt2rpp_f,"Butyrate transport via proton symport, reversible (periplasm)",Inner Membrane,"Transport, Inner Membrane",47528.0,47528.0,47528.0,22.0,b2223
978,CADVtpp,Lysine/Cadaverine antiporter (periplasm),Inner Membrane,"Transport, Inner Membrane",46665.0,46665.0,46665.0,22.0,b4132
979,QULNS,Quinolinate synthase,Cytoplasmic,Cofactor and Prosthetic Group Biosynthesis,38241.0,0.0,0.0,16.08025,b0750
980,ALKP,Alkaline phosphatase,Cytoplasmic,Alternate Carbon Metabolism,20780.0,0.0,0.0,749.8136875,b2690
981,GDPtex_f,GDP transport via diffusion (extracellular to periplasm),Cytoplasmic,"Transport, Outer Membrane Porin",38922.0,0.0,0.0,100000000.0,b0929 or b1377 or b2215 or b0241
982,EX_cobalt2_e_f,Co2+ exchange,Exchange,Extracellular exchange,0.0,0.0,0.0,100000000.0,
983,TMAtex_f,Trimethylamine transport via diffusion (extracellular to periplasm),Cytoplasmic,"Transport, Outer Membrane Porin",38922.0,0.0,0.0,100000000.0,b0241 or b0929 or b1377 or b2215
984,TMAOtex_f,Trimethylamine N-oxide transport via diffusion (extracellular to periplasm),Cytoplasmic,"Transport, Outer Membrane Porin",38922.0,0.0,0.0,100000000.0,b0241 or b0929 or b1377 or b2215
985,TREtex_f,Trehalose transport via diffusion (extracellular to periplasm),Cytoplasmic,"Transport, Outer Membrane Porin",38922.0,0.0,0.0,100000000.0,b0241 or b0929 or b1377 or b2215
986,L_LACD3,L-Lactate dehydrogenase (menaquinone),Cytoplasmic,Oxidative Phosphorylation,42728.0,0.0,0.0,53.847349,(b0306 and b0308 and b0307) or b3605
987,L_LACD2,L-Lactate dehydrogenase (ubiquinone),Cytoplasmic,Oxidative Phosphorylation,42728.0,0.0,0.0,53.847349,(b0308 and b0306 and b0307) or b3605
988,ACACT6r_f,Acetyl-CoA C-acyltransferase (dodecanoyl-CoA) (r),Cytoplasmic,Membrane Lipid Metabolism,26242.0,0.0,0.0,1.4,b2342 or b3845
989,TRPtex_f,L-tryptophan transport via diffusion (extracellular to periplasm),Cytoplasmic,"Transport, Outer Membrane Porin",38922.0,0.0,0.0,100000000.0,b0241 or b0929 or b1377 or b2215
990,TSULtex_f,Thiosulfate transport via diffusion (extracellular to periplasm),Cytoplasmic,"Transport, Outer Membrane Porin",38922.0,0.0,0.0,100000000.0,b0241 or b0929 or b1377 or b2215
991,TYRtex_f,L-tyrosine transport via diffusion (extracellular to periplasm),Cytoplasmic,"Transport, Outer Membrane Porin",38922.0,0.0,0.0,100000000.0,b0241 or b0929 or b1377 or b2215
992,URAtex_f,Uracil transport via diffusion (extracellular to periplasm),Cytoplasmic,"Transport, Outer Membrane Porin",38922.0,0.0,0.0,100000000.0,b0241 or b0929 or b1377 or b2215
993,UREAtex_f,Urea transport via diffusion (extracellular to periplasm),Cytoplasmic,"Transport, Outer Membrane Porin",38922.0,0.0,0.0,100000000.0,b0241 or b0929 or b1377 or b2215
994,URItex_f,Uridine transport via diffusion (extracellular to periplasm),Cytoplasmic,"Transport, Outer Membrane",33589.0,0.0,0.0,100000000.0,b0411
995,VALtex_f,L-valine transport via diffusion (extracellular to periplasm),Cytoplasmic,"Transport, Outer Membrane Porin",38922.0,0.0,0.0,100000000.0,b0241 or b0929 or b1377 or b2215
996,XANtex_f,Xanthine transport via diffusion (extracellular to periplasm),Cytoplasmic,"Transport, Outer Membrane Porin",38922.0,0.0,0.0,100000000.0,b0241 or b0929 or b1377 or b2215
997,XYLtex_f,D-xylose transport via diffusion (extracellular to periplasm),Cytoplasmic,"Transport, Outer Membrane Porin",38922.0,0.0,0.0,100000000.0,b0241 or b0929 or b1377 or b2215
998,ABUTtex_f,4-aminobutyrate transport via diffusion (extracellular to periplasm),Cytoplasmic,"Transport, Outer Membrane Porin",38922.0,0.0,0.0,100000000.0,b0241 or b0929 or b1377 or b2215
999,FORtppi,Formate transport via diffusion (cytoplasm to periplasm),Inner Membrane,"Transport, Inner Membrane",30565.0,30565.0,30565.0,100000000.0,b0904 or b2492
1000,DATPHs,DATP amine hydrolysis (spontaneous),Cytoplasmic,Nucleotide Salvage Pathway,0.0,0.0,0.0,100000000.0,s0001
1001,GLCTR1,Glucosyltransferase I (LPS core synthesis),Cytoplasmic,Lipopolysaccharide Biosynthesis / Recycling,42284.0,0.0,0.0,4.357545811,b3631
1002,LIPAabcpp,Lipid A transport via ABC system (periplasm),Inner Membrane,Lipopolysaccharide Biosynthesis / Recycling,64461.0,64461.0,64461.0,95.19583333,b0914
1003,LIPACabcpp,Lipid (cold) A transport via ABC system (periplasm),Inner Membrane,Lipopolysaccharide Biosynthesis / Recycling,64461.0,64461.0,64461.0,95.19583333,b0914
1004,GGGABADr_f,Gamma-glutamyl-gamma aminobutyric acid dehydrogenase,Cytoplasmic,Alternate Carbon Metabolism,53419.0,0.0,0.0,3.71,b1300
1005,EX_mso3_e_f,Methanesulfonate exchange,Exchange,Extracellular exchange,0.0,0.0,0.0,100000000.0,
1006,EX_23camp_e_f,"2',3'-Cyclic AMP exchange",Exchange,Extracellular exchange,0.0,0.0,0.0,100000000.0,
1007,EX_23cgmp_e_f,"2',3'-Cyclic GMP exchange",Exchange,Extracellular exchange,0.0,0.0,0.0,100000000.0,
1008,EX_23cump_e_f,"2',3'-Cyclic UMP exchange",Exchange,Extracellular exchange,0.0,0.0,0.0,100000000.0,
1009,EX_3amp_e_f,3'-AMP exchange,Exchange,Extracellular exchange,0.0,0.0,0.0,100000000.0,
1010,EX_3gmp_e_f,3'-GMP exchange,Exchange,Extracellular exchange,0.0,0.0,0.0,100000000.0,
1011,EX_3ump_e_f,3'-UMP exchange,Exchange,Extracellular exchange,0.0,0.0,0.0,100000000.0,
1012,EX_glyc__R_e_f,(R)-Glycerate exchange,Exchange,Extracellular exchange,0.0,0.0,0.0,100000000.0,
1013,EX_eca4colipa_e_f,(enterobacterial common antigen)x4 core oligosaccharide lipid A exchange,Exchange,Extracellular exchange,0.0,0.0,0.0,100000000.0,
1014,GLYOX3,Glyoxalase III,Cytoplasmic,Methylglyoxal Metabolism,31190.0,0.0,0.0,1.43,b1967
1015,FDMO3,FMNH2-dependent monooxygenase (ethanesulfonate),Inner Membrane,Inorganic Ion Transport and Metabolism,41736.0,41736.0,41736.0,0.86,b0935
1016,FDMO4,FMNH2-dependent monooxygenase (butanesulfonate),Inner Membrane,Inorganic Ion Transport and Metabolism,41736.0,41736.0,41736.0,0.86,b0935
1017,BUTSO3abcpp,Butanesulfonate transport via ABC system (periplasm),Inner Membrane,"Transport, Inner Membrane",91221.0,91221.0,91221.0,95.19583333,(b0934 and b0933 and b0936) or (b0366 and b0365 and b0367)
1018,ETHSO3abcpp,Ethanesulfonate transport via ABC system (periplasm),Inner Membrane,"Transport, Inner Membrane",91221.0,91221.0,91221.0,95.19583333,b0934 and b0933 and b0936
1019,EX_sel_e_f,Selenate exchange,Exchange,Extracellular exchange,0.0,0.0,0.0,100000000.0,
1020,EX_hg2_e_f,Hg2+ exchange,Exchange,Extracellular exchange,0.0,0.0,0.0,100000000.0,
1021,O16GLCT1,Glucosyltransferase I (LPS O16 antigen biosynthesis),Cytoplasmic,Lipopolysaccharide Biosynthesis / Recycling,43188.0,0.0,0.0,22.0,b2032
1022,O16AP2pp,O16 antigen polymerase (periplasm),Inner Membrane,Lipopolysaccharide Biosynthesis / Recycling,36455.0,36455.0,36455.0,18.3185,b2027 and b2035
1023,O16AP3pp,O16 antigen polymerase (periplasm),Inner Membrane,Lipopolysaccharide Biosynthesis / Recycling,36455.0,36455.0,36455.0,18.3185,b2027 and b2035
1024,O16A4Lpp,O16 anitgen (x4) ligase (periplasm),Inner Membrane,Lipopolysaccharide Biosynthesis / Recycling,46878.0,46878.0,46878.0,18.3185,b3622
1025,MALTATr_f,Maltose O-acetyltransferase,Cytoplasmic,Alternate Carbon Metabolism,20096.0,0.0,0.0,32.4876,b0459
1026,DHBSH,"2,3-dihydroxybenzoylserine hydrolase",Cytoplasmic,Cofactor and Prosthetic Group Biosynthesis,0.0,0.0,0.0,100000000.0,
1027,ENTERES,Enterochelin Esterase,Inner Membrane,Inorganic Ion Transport and Metabolism,45652.0,45652.0,45652.0,3.0206,b0585
1028,FEOXAMUtex,Ferroxamine (minus Fe3) secretion (to extracellular),Inner Membrane,Inorganic Ion Transport and Metabolism,0.0,0.0,0.0,100000000.0,
1029,ARBTNtpp,Aerobactin secretion (to periplasm),Inner Membrane,Inorganic Ion Transport and Metabolism,0.0,0.0,0.0,100000000.0,
1030,ARBTNtex,Aerobactin secretion (to extracellular),Cytoplasmic,"Transport, Outer Membrane",0.0,0.0,0.0,100000000.0,
1031,23CAMPtex_f,23cAMP transport via diffusion (extracellular to periplasm),Cytoplasmic,"Transport, Outer Membrane Porin",38922.0,0.0,0.0,100000000.0,b0241 or b0929 or b1377 or b2215
1032,23CCMPtex_f,23cCMP transport via diffusion (extracellular to periplasm),Cytoplasmic,"Transport, Outer Membrane Porin",38922.0,0.0,0.0,100000000.0,b0241 or b0929 or b1377 or b2215
1033,23CUMPtex_f,23cUMP transport via diffusion (extracellular to periplasm),Cytoplasmic,"Transport, Outer Membrane Porin",38922.0,0.0,0.0,100000000.0,b0241 or b0929 or b1377 or b2215
1034,23CGMPtex_f,23cGMP transport via diffusion (extracellular to periplasm),Cytoplasmic,"Transport, Outer Membrane Porin",38922.0,0.0,0.0,100000000.0,b0241 or b0929 or b1377 or b2215
1035,3AMPtex_f,3AMP transport via diffusion (extracellular to periplasm),Cytoplasmic,"Transport, Outer Membrane Porin",38922.0,0.0,0.0,100000000.0,b0241 or b0929 or b1377 or b2215
1036,3CMPtex_f,3CMP transport via diffusion (extracellular to periplasm),Cytoplasmic,"Transport, Outer Membrane Porin",38922.0,0.0,0.0,100000000.0,b0241 or b0929 or b1377 or b2215
1037,LADGMDH,L-alanyl-gamma-D-glutamyl-meso-diaminopimelate hydrolase,Cytoplasmic,Murein Recycling,26558.0,0.0,0.0,22.0,b1326
1038,ALAGLUE_f,L-alanyl-gamma-glutamate epimerase,Cytoplasmic,Murein Recycling,34674.0,0.0,0.0,17.0,b1325
1039,FEENTERtpp,Enterochelin transport (secretion),Inner Membrane,"Transport, Inner Membrane",43282.0,43282.0,43282.0,22.0,b0591
1040,FEENTERtex,Enterochelin transport (secretion periplasm),Inner Membrane,Inorganic Ion Transport and Metabolism,53741.0,53741.0,53741.0,22.0,b3035
1041,FE3HOXUtpp,Fe(III)hydroxamate unloaded secretion (extracellular),Inner Membrane,Inorganic Ion Transport and Metabolism,0.0,0.0,0.0,100000000.0,
1042,FEOXAMUtpp,Ferroxamine (minus Fe3) secretion (to periplasm),Inner Membrane,Inorganic Ion Transport and Metabolism,0.0,0.0,0.0,100000000.0,
1043,FECRMUtpp,Ferrichrome (minus Fe) secretion (to periplasm),Inner Membrane,Inorganic Ion Transport and Metabolism,0.0,0.0,0.0,100000000.0,
1044,FE3HOXR2,Fe(III)hydroxamate reductase,Inner Membrane,Inorganic Ion Transport and Metabolism,0.0,0.0,0.0,100000000.0,
1045,PTRCt2pp,Putrescine transport in via proton symport,Inner Membrane,"Transport, Inner Membrane",46495.0,46495.0,46495.0,22.0,b0692 or b1296 or b2014
1046,GGGABAH,Gamma-glutamyl-gamma-aminobutyric acid hydrolase,Cytoplasmic,Alternate Carbon Metabolism,28013.0,0.0,0.0,111.8694444,b1298
1047,FRULYSK,Fructoselysine Kinase,Cytoplasmic,Alternate Carbon Metabolism,28332.0,0.0,0.0,14.80483333,b3374
1048,FDMO6,FMNH2-dependent monooxygenase (sulfoacetate),Inner Membrane,Inorganic Ion Transport and Metabolism,41736.0,41736.0,41736.0,0.86,b0935
1049,SULFACabcpp,Sulfoacetate transport via ABC system (periplasm),Inner Membrane,"Transport, Inner Membrane",91221.0,91221.0,91221.0,95.19583333,b0934 and b0933 and b0936
1050,ETHSO3tex_f,Ethanesulfonate transport via diffusion (extracellular to periplasm),Cytoplasmic,"Transport, Outer Membrane Porin",38922.0,0.0,0.0,100000000.0,b0241 or b0929 or b1377 or b2215
1051,BUTSO3tex_f,Butanesulfonate transport via diffusion (extracellular to periplasm),Cytoplasmic,"Transport, Outer Membrane Porin",38922.0,0.0,0.0,100000000.0,b0241 or b0929 or b1377 or b2215
1052,LIPOtex_f,Lipoate transport via diffusion (extracellular to periplasm),Cytoplasmic,"Transport, Outer Membrane Porin",38922.0,0.0,0.0,100000000.0,b1377 or b2215 or b0929 or b0241
1053,CYANSTpp,Cyanide sulfurtransferase (periplasmic),Inner Membrane,Inorganic Ion Transport and Metabolism,11475.0,11475.0,11475.0,230.0,b1308
1054,MCPST,3-mercaptopyruvate sulfurtransferase,Cytoplasmic,Cysteine Metabolism,30812.0,0.0,0.0,12.5,b2521
1055,PHEMEabcpp,Protoheme transport via ABC system (periplasm),Inner Membrane,"Transport, Inner Membrane",100000.0,100000.0,100000.0,95.19583333,b2198 and b2199 and b2197 and b2200 and b2201
1056,METSOX1abcpp,L-methionine S-oxide transport via ABC system (periplasm),Inner Membrane,"Transport, Inner Membrane",0.0,0.0,0.0,100000000.0,
1057,GALBDtex_f,Beta D-galactose transport via diffusion (extracellular to periplasm),Cytoplasmic,"Transport, Outer Membrane Porin",38922.0,0.0,0.0,100000000.0,b2215 or b0241 or b0929 or b1377
1058,LIPAHT2ex,Core oligosaccharide lipid A:hexadecanoate transferase (n-C16:0) (extracellular membrane),Cytoplasmic,Lipopolysaccharide Biosynthesis / Recycling,21770.0,0.0,0.0,46.80901367,b0622
1059,LIPAHTex,Lipid A:hexadecanoate transferase (n-C16:0) (extracellular membrane),Cytoplasmic,Lipopolysaccharide Biosynthesis / Recycling,21770.0,0.0,0.0,46.80901367,b0622
1060,ECAP1pp,Enterobacterial common antigen polymerase (periplasm),Inner Membrane,Lipopolysaccharide Biosynthesis / Recycling,91006.0,91006.0,91006.0,18.3185,b3785 and b3793
1061,UDCPDPpp,Undecaprenyl-diphosphatase (periplasm),Inner Membrane,Cell Envelope Biosynthesis,22399.0,22399.0,22399.0,9.0,b1278 or b3057 or b0841
1062,ECAP2pp,Enterobacterial common antigen polymerase (periplasm),Inner Membrane,Lipopolysaccharide Biosynthesis / Recycling,91006.0,91006.0,91006.0,18.3185,b3785 and b3793
1063,ECA4OALpp,Enterobacterial common antigen (x4) O-antigen ligase (periplasm),Inner Membrane,Lipopolysaccharide Biosynthesis / Recycling,46878.0,46878.0,46878.0,18.3185,b3622
1064,FE3Ri,Fe(III) reduction,Cytoplasmic,Cofactor and Prosthetic Group Biosynthesis,26242.0,0.0,0.0,17.37,b3844
1065,FE3HOXR3,Fe(III)hydroxamate reductase,Inner Membrane,Inorganic Ion Transport and Metabolism,0.0,0.0,0.0,100000000.0,
1066,FEENTERR1,Fe-enterobactin reduction (Fe(III)-unloading),Inner Membrane,Inorganic Ion Transport and Metabolism,0.0,0.0,0.0,100000000.0,
1067,FEENTERR3,Fe-enterobactin reduction (Fe(III)-unloading),Inner Membrane,Inorganic Ion Transport and Metabolism,0.0,0.0,0.0,100000000.0,
1068,SULFACtex_f,Sulfoaceate transport via diffusion (extracellular to periplasm),Cytoplasmic,"Transport, Outer Membrane Porin",38922.0,0.0,0.0,100000000.0,b1377 or b2215 or b0241 or b0929
1069,EX_sulfac_e_f,Sulfoacetate exchange,Exchange,Extracellular exchange,0.0,0.0,0.0,100000000.0,
1070,EX_butso3_e_f,Butanesulfonate exchange,Exchange,Extracellular exchange,0.0,0.0,0.0,100000000.0,
1071,EX_ethso3_e_f,Ethanesulfonate exchange,Exchange,Extracellular exchange,0.0,0.0,0.0,100000000.0,
1072,NODOy,Nitric oxide dioxygenase,Cytoplasmic,Nitrogen Metabolism,118197.0,0.0,0.0,670.0,b2552
1073,GALM2pp,Aldose-1-epimerase,Cytoplasmic,Alternate Carbon Metabolism,38190.0,0.0,0.0,12000.0,b0756
1074,CU1abcpp,Copper (Cu +1) ABC transporter (periplasm),Inner Membrane,Inorganic Ion Transport and Metabolism,87873.0,87873.0,87873.0,95.19583333,b0484
1075,HG2abcpp,Mercury (Hg+2) ABC transporter (periplasm),Inner Membrane,Inorganic Ion Transport and Metabolism,76840.0,76840.0,76840.0,300.0,b3469
1076,GLCTR3,Glucosyltransferase III (LPS core synthesis),Cytoplasmic,Lipopolysaccharide Biosynthesis / Recycling,40190.0,0.0,0.0,4.357545811,b3626
1077,HEPT4,Heptosyltransferase IV (LPS core synthesis),Cytoplasmic,Lipopolysaccharide Biosynthesis / Recycling,41729.0,0.0,0.0,18.3185,b3623
1078,LA4NTpp,"4-amino-4-deoxy-L-arabinotransferase (LPS lipid A modification, periplasmic face of membrane))",Inner Membrane,Lipopolysaccharide Biosynthesis / Recycling,62543.0,62543.0,62543.0,24.0530625,b2257
1079,NODOx,Nitric oxide dioxygenase,Cytoplasmic,Nitrogen Metabolism,118197.0,0.0,0.0,360.0,b2552
1080,NOtex_f,Nitric oxide transport via diffusion (extracellular to periplasm),Cytoplasmic,"Transport, Outer Membrane Porin",38922.0,0.0,0.0,100000000.0,b0241 or b0929 or b1377 or b2215
1081,NOtpp_f,NO transport (diffusion),Inner Membrane,Inorganic Ion Transport and Metabolism,0.0,0.0,0.0,100000000.0,s0001
1082,NHFRBO,NADH:flavorubredoxin oxidoreductase,Cytoplasmic,Nitrogen Metabolism,95638.0,0.0,0.0,316.15,b2711 and b2710
1083,N2Otpp_f,Nitrious oxide transport (diffusion),Inner Membrane,Inorganic Ion Transport and Metabolism,0.0,0.0,0.0,100000000.0,s0001
1084,N2Otex_f,Nitrious oxide transport via diffusion (extracellular to periplasm),Cytoplasmic,"Transport, Outer Membrane Porin",38922.0,0.0,0.0,100000000.0,b0241 or b0929 or b1377 or b2215
1085,CRNt8pp,L-carnitine/D-carnitine antiporter (periplasm),Inner Membrane,"Transport, Inner Membrane",56587.0,56587.0,56587.0,22.0,b0040
1086,CRNt2rpp_f,L-carnitine outward transport (H+ antiport),Inner Membrane,"Transport, Inner Membrane",54846.0,54846.0,54846.0,22.0,b4111
1087,CRNDt2rpp_f,D-carnitine outward transport (H+ antiport),Inner Membrane,"Transport, Inner Membrane",54846.0,54846.0,54846.0,22.0,b4111
1088,CTBTt2rpp_f,Cronobetaine outward transport (H+ antiport),Inner Membrane,"Transport, Inner Membrane",54846.0,54846.0,54846.0,22.0,b4111
1089,42A12BOOXpp,"4-(2-Aminoethyl)-1,2-benzenediol:oxygen oxidoreductase(deaminating)(flavin-containing)",Cytoplasmic,Nitrogen Metabolism,84379.0,0.0,0.0,86.03333333,b1386
1090,TYROXDApp,Tyramine:oxygen oxidoreductase(deaminating)(flavin-containing) (periplasm),Cytoplasmic,Nitrogen Metabolism,84379.0,0.0,0.0,2.775,b1386
1091,PACALDt2rpp_f,Phenylacetaldehyde reversible transport via proton symport (periplasm),Inner Membrane,"Transport, Inner Membrane",0.0,0.0,0.0,100000000.0,
1092,PEAMNtex_f,Phenethylamine transport via diffusion (extracellular to periplasm),Cytoplasmic,"Transport, Outer Membrane Porin",38922.0,0.0,0.0,100000000.0,b0241 or b0929 or b1377 or b2215
1093,PACALDtex_f,Phenethylacetaldehyde transport via diffusion (extracellular to periplasm),Cytoplasmic,"Transport, Outer Membrane Porin",38922.0,0.0,0.0,100000000.0,b0241 or b0929 or b1377 or b2215
1094,LIPOt2pp,Lipoate transport via proton symport (periplasm),Inner Membrane,"Transport, Inner Membrane",0.0,0.0,0.0,100000000.0,
1095,NTRIR4pp,"Nitrite Reductase (Menaquinole-8, periplasm)",Inner Membrane,Nitrogen Metabolism,134026.0,134026.0,35042.0,700.0,b4070 and b4071 and b4072 and b4073
1096,NTRIR3pp,"Nitrite Reductase (Ubiquinole-8, periplasm)",Inner Membrane,Nitrogen Metabolism,134026.0,134026.0,35042.0,700.0,b4070 and b4071 and b4072 and b4073
1097,INOSTt4pp,Na+/myo-inositol symporter (periplasm),Inner Membrane,"Transport, Inner Membrane",62085.0,62085.0,62085.0,22.0,b3679
1098,PHEMEtiex,Protoheme transport irreversible out via diffusion (periplasm to extracellular),Cytoplasmic,"Transport, Outer Membrane",0.0,0.0,0.0,100000000.0,
1099,AGM3PA,N-Acetyl-D-glucosamine(anhydrous)N-Acetylmuramyl-tripeptide amidase,Cytoplasmic,Murein Recycling,20536.0,0.0,0.0,25.0,b0110
1100,CYANtex_f,Cyanide transport via diffusion (extracellular to periplasm),Cytoplasmic,"Transport, Outer Membrane Porin",38922.0,0.0,0.0,100000000.0,b0241 or b0929 or b1377 or b2215
1101,SO3tex_f,Sulfite transport via diffusion (extracellular to periplasm),Cytoplasmic,"Transport, Outer Membrane Porin",38922.0,0.0,0.0,100000000.0,b0241 or b0929 or b1377 or b2215
1102,TCYNTtex_f,Thiocyanate transport via diffusion (extracellular to periplasm),Cytoplasmic,"Transport, Outer Membrane Porin",38922.0,0.0,0.0,100000000.0,b0241 or b0929 or b1377 or b2215
1103,ACANTHAT,Acetyl-CoA:anthranilate acetyltransferase,Cytoplasmic,"Tyrosine, Tryptophan, and Phenylalanine Metabolism",32275.0,0.0,0.0,32.4876,b1463
1104,METSOX2abcpp,L-methionine R-oxide transport via ABC system (periplasm),Inner Membrane,"Transport, Inner Membrane",0.0,0.0,0.0,100000000.0,
1105,METSOX1tex_f,L-methionine S-oxide diffusion (extracellular),Cytoplasmic,"Transport, Outer Membrane Porin",38922.0,0.0,0.0,100000000.0,b0241 or b0929 or b1377 or b2215
1106,METSOX2tex_f,L-methionine R-oxide diffusion (extracellular),Cytoplasmic,"Transport, Outer Membrane Porin",38922.0,0.0,0.0,100000000.0,b0241 or b0929 or b1377 or b2215
1107,3UMPtex_f,3UMP transport via diffusion (extracellular to periplasm),Cytoplasmic,"Transport, Outer Membrane Porin",38922.0,0.0,0.0,100000000.0,b0241 or b0929 or b1377 or b2215
1108,3GMPtex_f,3GMP transport via diffusion (extracellular to periplasm),Cytoplasmic,"Transport, Outer Membrane Porin",38922.0,0.0,0.0,100000000.0,b0241 or b0929 or b1377 or b2215
1109,FALDtpp_f,Formaldehyde transport via diffusion (periplasm),Inner Membrane,"Transport, Inner Membrane",0.0,0.0,0.0,100000000.0,s0001
1110,EX_tym_e_f,Tyramine exchange,Exchange,Extracellular exchange,0.0,0.0,0.0,100000000.0,
1111,METSOXR1,L-methionine-S-oxide reductase,Cytoplasmic,Methionine Metabolism,35122.0,0.0,0.0,0.048,(b2582 and b4219) or (b3781 and b4219) or (b3551 and b2582) or (b3551 and b3781)
1112,METSOXR2,L-methionine-R-sulfoxide reductase,Cytoplasmic,Methionine Metabolism,27258.0,0.0,0.0,3.455,(b2582 and b1778) or (b3781 and b1778) or (b1832 and b3781) or (b1832 and b2582)
1113,DAPAL,"2,3-diaminopropionate amonnia lyase",Cytoplasmic,Alternate Carbon Metabolism,43328.0,0.0,0.0,24.6,b2871
1114,AMPTASECG,Alanyl aminopeptidase (cys-gly),Cytoplasmic,Cysteine Metabolism,46180.0,0.0,0.0,38.75333333,b0932 or b4260 or b2523 or b0237
1115,EX_imp_e_f,IMP exchange,Exchange,Extracellular exchange,0.0,0.0,0.0,100000000.0,
1116,DOPAtex_f,Dopamine transport via diffusion (extracellular to periplasm),Cytoplasmic,"Transport, Outer Membrane Porin",38922.0,0.0,0.0,100000000.0,b0241 or b0929 or b1377 or b2215
1117,4HOXPACDtex_f,4-hydroxyphenylacetaldehyde transport via diffusion (extracellular to periplasm),Cytoplasmic,"Transport, Outer Membrane Porin",38922.0,0.0,0.0,100000000.0,b0241 or b0929 or b1377 or b2215
1118,LACZpp,B-galactosidase,Cytoplasmic,Alternate Carbon Metabolism,83460.0,0.0,0.0,11.7,b2132
1119,GPDDA1pp,Glycerophosphodiester phosphodiesterase (Glycerophosphocholine),Cytoplasmic,Glycerophospholipid Metabolism,40843.0,0.0,0.0,3.2,b2239
1120,GPDDA5pp,Glycerophosphodiester phosphodiesterase (Glycerophosphoinositol),Cytoplasmic,Glycerophospholipid Metabolism,40843.0,0.0,0.0,3.2,b2239
1121,ETHAtex_f,Ethanolamine transport via diffusion (extracellular),Cytoplasmic,"Transport, Outer Membrane Porin",38922.0,0.0,0.0,100000000.0,b0241 or b0929 or b1377 or b2215
1122,G3PStex_f,Glycerophosphserine transport via diffusion (extracellular to periplasm),Cytoplasmic,"Transport, Outer Membrane Porin",38922.0,0.0,0.0,100000000.0,b0241 or b0929 or b1377 or b2215
1123,FEENTERR2,Fe-enterobactin reduction (Fe(III)-unloading),Inner Membrane,Inorganic Ion Transport and Metabolism,0.0,0.0,0.0,100000000.0,
1124,FLVR,Flavin reductase,Cytoplasmic,Cofactor and Prosthetic Group Biosynthesis,26242.0,0.0,0.0,263.2083333,b3844 or (b2764 and b2763)
1125,FE3HOXR1,Fe(III)hydroxamate reductase,Inner Membrane,Inorganic Ion Transport and Metabolism,0.0,0.0,0.0,100000000.0,
1126,FEENTERexs,Enterobactin Fe(III) binding (spontaneous),Inner Membrane,Inorganic Ion Transport and Metabolism,0.0,0.0,0.0,100000000.0,s0001
1127,FE3HOXexs,Fe(III) hydroxamate Fe-loading reaction (spontaneaous),Inner Membrane,Inorganic Ion Transport and Metabolism,0.0,0.0,0.0,100000000.0,s0001
1128,FECRMR3,Ferrichrome reductase,Inner Membrane,Inorganic Ion Transport and Metabolism,0.0,0.0,0.0,100000000.0,
1129,FDMO2,FMNH2-dependent monooxygenase (methanesulfonate),Inner Membrane,Inorganic Ion Transport and Metabolism,41736.0,41736.0,41736.0,0.86,b0935
1130,LALGP,L-alanyl-gamma-L-glutamate peptidase,Cytoplasmic,Murein Recycling,52915.0,0.0,0.0,0.7,b0237
1131,AGM4PApp,N-Acetyl-D-glucosamine(anhydrous)N-Acetylmuramyl-tetrapeptide amidase (periplasm),Cytoplasmic,Murein Recycling,31072.0,0.0,0.0,25.0,b2817 or b4169 or b2435 or b0867
1132,AGM4PA,N-Acetyl-D-glucosamine(anhydrous)N-Acetylmuramyl-tetrapeptide amidase,Cytoplasmic,Murein Recycling,20536.0,0.0,0.0,25.0,b0110
1133,RNDR3b,Ribonucleoside-diphosphate reductase (CDP) (glutaredoxin),Inner Membrane,Nucleotide Salvage Pathway,126059.0,126059.0,36443.0,8.115,(b0849 and (b2675 and b2676)) or ((b2675 and b2676) and b3610) or ((b2675 and b2676) and b1064) or ((b2675 and b2676) and b1654)
1134,RNDR4b,Ribonucleoside-diphosphate reductase (UDP) (glutaredoxin),Inner Membrane,Nucleotide Salvage Pathway,126059.0,126059.0,36443.0,8.115,(b0849 and (b2675 and b2676)) or ((b2675 and b2676) and b3610) or ((b2675 and b2676) and b1654) or ((b2675 and b2676) and b1064)
1135,ACGAL1Ptex_f,N-acetyl-D-galactosamine 1-phosphate transport via diffusion (extracellular to periplasm),Cytoplasmic,"Transport, Outer Membrane Porin",38922.0,0.0,0.0,100000000.0,b0241 or b0929 or b1377 or b2215
1136,ACGALtex_f,N-acetyl-D-galactosamine transport via diffusion (extracellular to periplasm),Cytoplasmic,"Transport, Outer Membrane Porin",38922.0,0.0,0.0,100000000.0,b0241 or b0929 or b1377 or b2215
1137,GLCUR1Ptex_f,D-glucuronate 1-phosphate transport via diffusion (extracellular to periplasm),Cytoplasmic,"Transport, Outer Membrane Porin",38922.0,0.0,0.0,100000000.0,b0241 or b0929 or b1377 or b2215
1138,UDPGLCURtex_f,UDP-D-glucuronate transport via diffusion (extracellular to periplasm),Cytoplasmic,"Transport, Outer Membrane Porin",38922.0,0.0,0.0,100000000.0,b0241 or b0929 or b1377 or b2215
1139,UDPGALPpp,UDPgalactose pyrophosphohydrolase,Cytoplasmic,Alternate Carbon Metabolism,60824.0,0.0,0.0,405.0,b0480
1140,UACGAMPpp,UDP-N-acetyl-D-glucosamine pyrophosphohydrolase (periplasm),Cytoplasmic,Alternate Carbon Metabolism,60824.0,0.0,0.0,405.0,b0480
1141,UACGALPpp,UDP-N-acetyl-D-galactosamine pyrophosphohydrolase (periplasm),Cytoplasmic,Alternate Carbon Metabolism,60824.0,0.0,0.0,405.0,b0480
1142,UGLCURPpp,UDP-D-glucuronate pyrophosphohydrolase (periplasm),Cytoplasmic,Alternate Carbon Metabolism,60824.0,0.0,0.0,207.42,b0480
1143,FEROpp,Ferroxidase,Inner Membrane,Inorganic Ion Transport and Metabolism,18495.0,18495.0,18495.0,3.91,b0123 or b3336
1144,ISETACabcpp,Isethionate transport via ABC system (periplasm),Inner Membrane,"Transport, Inner Membrane",91221.0,91221.0,91221.0,95.19583333,(b0365 and b0366 and b0367) or (b0933 and b0934 and b0936)
1145,ISETACtex_f,Isethionate transport via diffusion (extracellular to periplasm),Cytoplasmic,"Transport, Outer Membrane Porin",38922.0,0.0,0.0,100000000.0,b0241 or b0929 or b1377 or b2215
1146,GUR1PPpp,Glucuronate 1-phosphate phosphatase (periplasm),Cytoplasmic,Alternate Carbon Metabolism,0.0,0.0,0.0,100000000.0,
1147,UDPGtex_f,UDPglucose transport via diffusion (extracellular to periplasm),Cytoplasmic,"Transport, Outer Membrane Porin",38922.0,0.0,0.0,100000000.0,b0241 or b0929 or b1377 or b2215
1148,ACGAL1PPpp,N-acetyl-D-galactosamine 1-phosphatase (periplasm),Cytoplasmic,Alternate Carbon Metabolism,0.0,0.0,0.0,100000000.0,
1149,UDPGALtex_f,UDPgalactose transport via diffusion (extracellular to periplasm),Cytoplasmic,"Transport, Outer Membrane Porin",38922.0,0.0,0.0,100000000.0,b0929 or b1377 or b2215 or b0241
1150,ACGAM1Ptex_f,N-acetyl-D-glucosamine 1-phosphate transport via diffusion (extracellular to periplasm),Cytoplasmic,"Transport, Outer Membrane Porin",38922.0,0.0,0.0,100000000.0,b0241 or b0929 or b1377 or b2215
1151,UACGAMtex_f,UDP-N-acetyl-D-glucosamine transport via diffusion (extracellular to periplasm),Cytoplasmic,"Transport, Outer Membrane Porin",38922.0,0.0,0.0,100000000.0,b0241 or b0929 or b1377 or b2215
1152,UDPACGALtex_f,UDP-N-acetyl-D-galactosamine transport via diffusion (extracellular to periplasm),Cytoplasmic,"Transport, Outer Membrane Porin",38922.0,0.0,0.0,100000000.0,b0241 or b0929 or b1377 or b2215
1153,AM4PCP,"Anhydrous-N-Acetylmuramyl-tetrapeptide L,D-carboxypeptidase",Cytoplasmic,Murein Recycling,33567.0,0.0,0.0,160.0,b1192
1154,AM3PA,Anhydrous-N-Acetylmuramyl-tripeptide amidase,Cytoplasmic,Murein Recycling,20536.0,0.0,0.0,25.0,b0110
1155,UM4PCP,"UDP-N-acetylmuramoyl-L-alanyl-D-gamma-glutamyl-meso-2,6-diaminopimelate-D-alanine L,D-carboxypeptidase",Cytoplasmic,Murein Recycling,33567.0,0.0,0.0,160.0,b1192
1156,CBLAT_f,Cob(I)alamin adenosyltransferase,Cytoplasmic,Cofactor and Prosthetic Group Biosynthesis,21999.0,0.0,0.0,0.05,b1270
1157,MSO3abcpp,Methanesulfonate transport via ABC system (periplasm),Inner Membrane,"Transport, Inner Membrane",91221.0,91221.0,91221.0,95.19583333,b0933 and b0936 and b0934
1158,MSO3tex_f,Methanesulfonate transport via diffusion (extracellular to periplasm),Cytoplasmic,"Transport, Outer Membrane Porin",38922.0,0.0,0.0,100000000.0,b0241 or b0929 or b1377 or b2215
1159,FECRMR1,Ferrichrome reductase,Inner Membrane,Inorganic Ion Transport and Metabolism,0.0,0.0,0.0,100000000.0,
1160,FECRMR2,Ferrichrome reductase,Inner Membrane,Inorganic Ion Transport and Metabolism,0.0,0.0,0.0,100000000.0,
1161,TDP,Thiamin pyrophosphatase,Cytoplasmic,Cofactor and Prosthetic Group Biosynthesis,17433.0,0.0,0.0,90.13177273,b1134
1162,3PEPTabcpp,Tripeptide (LalaDgluMdap) transport via ABC system (periplasm),Inner Membrane,Murein Recycling,200751.0,200751.0,66465.0,22.0,(b1245 and b1247 and b1244 and b1329 and b1246) or (b2177 and b2180 and b2178 and b2179) or (b1245 and b1247 and b1246 and b1244 and b1243)
1163,4PEPTabcpp,Tetrapeptide (LalaDgluMdapDala) transport via ABC system (periplasm),Inner Membrane,Murein Recycling,201750.0,201750.0,66465.0,22.0,(b1243 and b1247 and b1244 and b1245 and b1246) or (b2177 and b2180 and b2178 and b2179)
1164,AGM3Pt2pp,GlcNAc-anhMurNAc tripeptide transport in via proton symport (periplasm),Inner Membrane,Murein Recycling,53245.0,53245.0,53245.0,22.0,b0433
1165,AGM4Pt2pp,GlcNAc-anhMurNAc tetrapeptide transport in via proton symport (periplasm),Inner Membrane,Murein Recycling,53245.0,53245.0,53245.0,22.0,b0433
1166,AGMt2pp,GlcNAc-anhMurNAc transport in via proton symport (periplasm),Inner Membrane,Murein Recycling,53245.0,53245.0,53245.0,22.0,b0433
1167,FECRMexs,Ferrichrome Fe(III)-loading reaction (spontaneous),Inner Membrane,Inorganic Ion Transport and Metabolism,0.0,0.0,0.0,100000000.0,s0001
1168,ARBTNR1,Aerobactin reductase,Inner Membrane,Inorganic Ion Transport and Metabolism,0.0,0.0,0.0,100000000.0,
1169,ARBTNR2,Aerobactin reductase,Inner Membrane,Inorganic Ion Transport and Metabolism,0.0,0.0,0.0,100000000.0,
1170,ARBTNR3,Aerobactin reductase,Inner Membrane,Inorganic Ion Transport and Metabolism,0.0,0.0,0.0,100000000.0,
1171,ARBTNexs,Aerobactin Fe-loading reaction (spontaneous),Inner Membrane,Inorganic Ion Transport and Metabolism,0.0,0.0,0.0,100000000.0,s0001
1172,FEOXAMexs,Ferroxamine Fe3-loading reaction (spontaneous),Inner Membrane,Inorganic Ion Transport and Metabolism,0.0,0.0,0.0,100000000.0,s0001
1173,FEOXAMR1,Ferroxamine reductase,Inner Membrane,Inorganic Ion Transport and Metabolism,30113.0,30113.0,30113.0,22.0,b4367
1174,FEOXAMR2,Ferroxamine reductase,Inner Membrane,Inorganic Ion Transport and Metabolism,30113.0,30113.0,30113.0,22.0,b4367
1175,FEOXAMR3,Ferroxamine reductase,Inner Membrane,Inorganic Ion Transport and Metabolism,30113.0,30113.0,30113.0,22.0,b4367
1176,PTHRpp,Phospho-L-threonine phosphatase (periplasmic),Cytoplasmic,Threonine and Lysine Metabolism,26104.0,0.0,0.0,67.0,b4055 or b0383
1177,ARABDI_f,L-fucose isomerase,Cytoplasmic,Alternate Carbon Metabolism,64977.0,0.0,0.0,0.1823,b2802
1178,AGt3,Silver transport out via proton antiport,Inner Membrane,Inorganic Ion Transport and Metabolism,221533.0,221533.0,221533.0,22.0,b0572 and b0574 and b0573 and b0575
1179,CD2t3pp,Cadmium (Cd+2) transport out via proton antiport (periplasm),Inner Membrane,Inorganic Ion Transport and Metabolism,32927.0,32927.0,32927.0,22.0,b3915 or b0752
1180,ZNabcpp,Zinc (Zn+2) transport via ABC system (periplasm),Inner Membrane,Inorganic Ion Transport and Metabolism,89373.0,89373.0,89373.0,95.19583333,b1859 and b1858 and b1857
1181,SKMt2pp,Shikimate transport in via proton symport (periplasm),Inner Membrane,"Transport, Inner Membrane",47817.0,47817.0,47817.0,22.0,b1981
1182,FE2t2pp,Iron (II) transport in via proton symport (periplasm),Inner Membrane,Inorganic Ion Transport and Metabolism,44194.0,44194.0,44194.0,22.0,b2392
1183,R5PPpp,Ribose 5-phosphate phosphatase,Cytoplasmic,Alternate Carbon Metabolism,26104.0,0.0,0.0,67.0,b4055 or b0383
1184,PSP_Lpp,Phospho-L-serine phosphatase (periplasmic),Cytoplasmic,Glycine and Serine Metabolism,26104.0,0.0,0.0,37.55,b4055 or b0383
1185,TYRPpp,Phospho-L-tyrosine phosphatase (periplasmic),Cytoplasmic,"Tyrosine, Tryptophan, and Phenylalanine Metabolism",26104.0,0.0,0.0,62.4,b4055
1186,GLYC2Ptex_f,Glycerol-2-phosphate transport via diffusion (extracellular to periplasm),Cytoplasmic,"Transport, Outer Membrane Porin",38922.0,0.0,0.0,100000000.0,b0241 or b0929 or b1377 or b2215
1187,PSERtex_f,Phospho-L-serine transport via diffusion (extracellular to periplasm),Cytoplasmic,"Transport, Outer Membrane Porin",38922.0,0.0,0.0,100000000.0,b0241 or b0929 or b1377 or b2215
1188,R5Ptex_f,Ribose 5-phosphate transport via diffusion (extracellular to periplasm),Cytoplasmic,"Transport, Outer Membrane Porin",38922.0,0.0,0.0,100000000.0,b0241 or b0929 or b1377 or b2215
1189,THRPtex_f,Phospho-L-threonine transport via diffusion (extracellular to periplasm),Cytoplasmic,"Transport, Outer Membrane Porin",38922.0,0.0,0.0,100000000.0,b0241 or b0929 or b1377 or b2215
1190,TYRPtex_f,Phopho-L-tyrosine transport via diffusion (extracellular to periplasm),Cytoplasmic,"Transport, Outer Membrane Porin",38922.0,0.0,0.0,100000000.0,b0241 or b0929 or b1377 or b2215
1191,PAPSR2,Phosphoadenylyl-sulfate reductase (glutaredoxin),Cytoplasmic,Cysteine Metabolism,37113.0,0.0,0.0,3.5,(b3610 and b2762) or (b0849 and b2762) or (b1064 and b2762) or (b1654 and b2762)
1192,GRXR,Glutaredoxin reductase,Cytoplasmic,Unassigned,9137.0,0.0,0.0,22.0,b1064 or b3610 or b1654 or b0849
1193,RNDR1b,Ribonucleoside-diphosphate reductase (ADP) (glutaredoxin),Inner Membrane,Nucleotide Salvage Pathway,126059.0,126059.0,36443.0,8.115,((b2675 and b2676) and b1064) or ((b2675 and b2676) and b3610) or (b0849 and (b2675 and b2676)) or ((b2675 and b2676) and b1654)
1194,RNDR2b,Ribonucleoside-diphosphate reductase (GDP) (glutaredoxin),Inner Membrane,Nucleotide Salvage Pathway,126059.0,126059.0,36443.0,8.115,(b0849 and (b2675 and b2676)) or ((b2675 and b2676) and b1064) or ((b2675 and b2676) and b1654) or ((b2675 and b2676) and b3610)
1195,FACOAE181,Fatty-acid-CoA thioesterase (octadecenoate),Cytoplasmic,Cell Envelope Biosynthesis,31966.0,0.0,0.0,39.26175,b0452
1196,FACOAE160,Fatty-acid-CoA thioesterase (hexadecanoate),Cytoplasmic,Cell Envelope Biosynthesis,31966.0,0.0,0.0,3.7,b0452
1197,FACOAE140,Fatty-acid-CoA thioesterase (tetradecanoate),Cytoplasmic,Cell Envelope Biosynthesis,31966.0,0.0,0.0,6.2,b0452
1198,CPGNR1,Coprogen(Fe(III)) reductase,Inner Membrane,Inorganic Ion Transport and Metabolism,0.0,0.0,0.0,100000000.0,
1199,CPGNR2,Coprogen(Fe(III)) reductase,Inner Membrane,Inorganic Ion Transport and Metabolism,0.0,0.0,0.0,100000000.0,
1200,CPGNR3,Coprogen(Fe(III)) reductase,Inner Membrane,Inorganic Ion Transport and Metabolism,0.0,0.0,0.0,100000000.0,
1201,CPGNUtpp,Coprogen unloaded secretion,Inner Membrane,Inorganic Ion Transport and Metabolism,0.0,0.0,0.0,100000000.0,
1202,CPGNUtex,Coprogen unloaded secretion (extracellular),Inner Membrane,Inorganic Ion Transport and Metabolism,0.0,0.0,0.0,100000000.0,
1203,AAMYL,Alpha-amylase,Cytoplasmic,Alternate Carbon Metabolism,56639.0,0.0,0.0,132.0,b1927
1204,AAMYLpp,Alpha-amylase (periplasm),Cytoplasmic,Alternate Carbon Metabolism,75713.0,0.0,0.0,132.0,b3571
1205,FACOAL80t2pp,Fatty-acid-CoA ligase (octanoate transport via vectoral Co-A coupling),Cytoplasmic,Cell Envelope Biosynthesis,62332.0,0.0,0.0,0.029,b1805 or b1701
1206,PPGPPDP,"Guanosine-3',5'-bis(diphosphate) 3'-diphosphatase",Cytoplasmic,Cofactor and Prosthetic Group Biosynthesis,79342.0,0.0,0.0,2.985,b3650
1207,CPGNabcpp,Coprogen transport via ABC system (periplasm),Inner Membrane,"Transport, Inner Membrane",132307.0,132307.0,132307.0,95.19583333,b0151 and b0153 and b0152
1208,CPGNexs,Coprogen Fe-loading reaction (spontaneaous),Inner Membrane,Inorganic Ion Transport and Metabolism,0.0,0.0,0.0,100000000.0,s0001
1209,CITtex_f,Citrate transport via diffusion (extracellular to periplasm),Cytoplasmic,"Transport, Outer Membrane Porin",38922.0,0.0,0.0,100000000.0,b0241 or b0929 or b1377 or b2215
1210,ACGAtex_f,N-Acetyl-D-glucosamine transport via diffusion (extracellular to periplasm),Cytoplasmic,"Transport, Outer Membrane Porin",38922.0,0.0,0.0,100000000.0,b0241 or b0929 or b1377 or b2215
1211,DDCAtexi,Fatty acid (dodecanoate) transport via facilitated irreversible diffusion (extracellular to periplasm),Cytoplasmic,"Transport, Outer Membrane",48542.0,0.0,0.0,100000000.0,b2344
1212,TTDCAtexi,Tetradecanoate transport via facilitated irreversible diffusion (extracellular to periplasm),Cytoplasmic,"Transport, Outer Membrane",48542.0,0.0,0.0,100000000.0,b2344
1213,HDCAtexi,Hexadecanoate transport via facilitated irreversible diffusion (extracellular to periplasm),Cytoplasmic,"Transport, Outer Membrane",48542.0,0.0,0.0,100000000.0,b2344
1214,GUACYC,Guanylate cyclase,Cytoplasmic,Nucleotide Salvage Pathway,0.0,0.0,0.0,100000000.0,
1215,23PDE2pp,"2',3'-cyclic-nucleotide phosphodiesterase (UMP) (periplasm)",Cytoplasmic,Nucleotide Salvage Pathway,70832.0,0.0,0.0,7.63,b4213
1216,23PDE4pp,"2',3'-cyclic-nucleotide phosphodiesterase (CMP) (periplasm)",Cytoplasmic,Nucleotide Salvage Pathway,70832.0,0.0,0.0,7.63,b4213
1217,23PDE9pp,"2',3'-cyclic-nucleotide phosphodiesterase (GMP) (periplasm)",Cytoplasmic,Nucleotide Salvage Pathway,70832.0,0.0,0.0,1.97,b4213
1218,ATPHs,ATP amine hydrolysis (spontaneous),Cytoplasmic,Nucleotide Salvage Pathway,0.0,0.0,0.0,100000000.0,s0001
1219,SARCOX,Sarcosine oxidase,Cytoplasmic,Glycine and Serine Metabolism,40902.0,0.0,0.0,25.025,b1059
1220,GTPHs,GTP amine hydrolysis (spontaneous),Cytoplasmic,Nucleotide Salvage Pathway,0.0,0.0,0.0,100000000.0,s0001
1221,MN6PP,Mannose 6-phosphate phosphatase,Cytoplasmic,Alternate Carbon Metabolism,24330.0,0.0,0.0,0.012,b0822 or b1727 or b3697 or b3826
1222,3KGK,3-keto-L-gulonate kinase,Cytoplasmic,Alternate Carbon Metabolism,55155.0,0.0,0.0,14.80483333,b3580
1223,EX_cd2_e_f,Cadmium exchange,Exchange,Extracellular exchange,0.0,0.0,0.0,100000000.0,
1224,F6PP,D-fructose 6-phosphate phosphatase,Cytoplasmic,Alternate Carbon Metabolism,20780.0,0.0,0.0,2.817,b0822 or b3697 or b2690 or b2293 or b3826
1225,GDPMNH,GDP-mannose mannosyl hydrolase,Cytoplasmic,Cell Envelope Biosynthesis,18273.0,0.0,0.0,151.0,b2051
1226,FACOAL60t2pp,Fatty-acid-CoA ligase (hexanoate transport via vectoral Co-A coupling),Cytoplasmic,Cell Envelope Biosynthesis,62332.0,0.0,0.0,0.029,b1805 or b1701
1227,IDONt2rpp_f,"L-idonate transport via proton symport, reversible (periplasm)",Inner Membrane,"Transport, Inner Membrane",46041.0,46041.0,46041.0,59.36758824,b4265
1228,ILEabcpp,L-isoleucine transport via ABC system (periplasm),Inner Membrane,"Transport, Inner Membrane",173064.0,173064.0,173064.0,22.0,b3456 and b3455 and b3460 and b3457 and b3454
1229,INDOLEt2pp,"Indole transport via proton symport, irreversible (periplasm)",Inner Membrane,"Transport, Inner Membrane",278769.0,278769.0,278769.0,22.0,(b3266 and b3265) and b3035
1230,INSt2pp,Inosine transport in via proton symport (periplasm),Inner Membrane,"Transport, Inner Membrane",43476.0,43476.0,43476.0,22.0,b2964 or b2406 or b2393
1231,LYXt2pp,L-Lyxose transport via proton symport (periplasm),Inner Membrane,"Transport, Inner Membrane",37320.0,37320.0,37320.0,22.0,b3907
1232,GDPDPK,GDP diphosphokinase,Cytoplasmic,Cofactor and Prosthetic Group Biosynthesis,79342.0,0.0,0.0,73.0,b2784 or b3650
1233,OCDCAtexi,Octadecanoate transport via facilitated irreversible diffusion (extracellular to periplasm),Cytoplasmic,"Transport, Outer Membrane",48542.0,0.0,0.0,100000000.0,b2344
1234,OCDCEAtexi,Octadecenoate (n-C18:1) transport via facilitated irreversible diffusion (extracellular to periplasm),Cytoplasmic,"Transport, Outer Membrane",48542.0,0.0,0.0,100000000.0,b2344
1235,G6Ptex_f,Glucose 6-phosphate transport via diffusion (extracellular to periplasm),Cytoplasmic,"Transport, Outer Membrane Porin",38922.0,0.0,0.0,100000000.0,b0241 or b0929 or b1377 or b2215
1236,TUNGSabcpp,Tungstate transport via ABC system (periplasm),Inner Membrane,Inorganic Ion Transport and Metabolism,91405.0,91405.0,91405.0,95.19583333,b0764 and b0765 and b0763
1237,MOBDabcpp,Molybdate transport via ABC system (periplasm),Inner Membrane,Inorganic Ion Transport and Metabolism,91405.0,91405.0,91405.0,95.19583333,(b0764 and b0765 and b0763) or (b2422 and b2423 and b2424 and b3917) or (b2425 and b2422 and b2423 and b2424)
1238,MOBDtex_f,Molybdate transport via diffusion (extracellular to periplasm),Cytoplasmic,"Transport, Outer Membrane Porin",38922.0,0.0,0.0,100000000.0,b0241 or b0929 or b1377 or b2215
1239,NI2uabcpp,"Nickel transport via ABC system (uptake, periplasm)",Inner Membrane,Inorganic Ion Transport and Metabolism,99466.0,99466.0,99466.0,95.19583333,(b3480 and b3476 and b3479 and b3477 and b3478) or b4242
1240,NI2tex_f,Nickel transport via diffusion (extracellular to periplasm),Cytoplasmic,"Transport, Outer Membrane Porin",38922.0,0.0,0.0,100000000.0,b0241 or b0929 or b1377 or b2215
1241,R1PK,Ribose 1-phosphokinase,Cytoplasmic,Alternate Carbon Metabolism,0.0,0.0,0.0,100000000.0,
1242,R15BPK,"Ribose-1,5-bisphosphokinase",Cytoplasmic,Alternate Carbon Metabolism,20730.0,0.0,0.0,23.6,b4094
1243,Kabcpp,Potassium ABC transporter (periplasm),Inner Membrane,Inorganic Ion Transport and Metabolism,151655.0,151655.0,151655.0,95.19583333,(b0698 and b0697 and b0696) or (b0698 and b0696 and b0697 and b4513)
1244,LEUabcpp,L-leucine transport via ABC system (periplasm),Inner Membrane,"Transport, Inner Membrane",173064.0,173064.0,173064.0,22.0,(b3455 and b3460 and b3457 and b3454 and b3456) or (b3458 and b3456 and b3455 and b3457 and b3454)
1245,L_LACt2rpp_f,L-lactate reversible transport via proton symport (periplasm),Inner Membrane,"Transport, Inner Membrane",50677.0,50677.0,50677.0,22.0,b3603 or b2975
1246,MALt2_2pp,Malate transport via proton symport (2 H) (periplasm),Inner Membrane,"Transport, Inner Membrane",45436.0,45436.0,45436.0,22.0,b3528
1247,MALt2_3pp,Malate transport via proton symport (3 H) (periplasm),Inner Membrane,"Transport, Inner Membrane",45751.0,45751.0,45751.0,22.0,b4123 or b4138
1248,MALTabcpp,Maltose transport via ABC system (periplasm),Inner Membrane,"Transport, Inner Membrane",173616.0,173616.0,173616.0,95.19583333,b4033 and b4035 and b4032 and b4034
1249,MALTHXabcpp,Maltohexaose transport via ABC system (periplasm),Inner Membrane,"Transport, Inner Membrane",173616.0,173616.0,173616.0,95.19583333,b4034 and b4032 and b4033 and b4035
1250,MALTPTabcpp,Maltopentaose transport via ABC system (periplasm),Inner Membrane,"Transport, Inner Membrane",173616.0,173616.0,173616.0,95.19583333,b4035 and b4032 and b4033 and b4034
1251,MALTTRabcpp,Maltotriose transport via ABC system (periplasm),Inner Membrane,"Transport, Inner Membrane",173616.0,173616.0,173616.0,95.19583333,b4034 and b4035 and b4033 and b4032
1252,MALTTTRabcpp,Maltotetraose transport via ABC system (periplasm),Inner Membrane,"Transport, Inner Membrane",173616.0,173616.0,173616.0,95.19583333,b4033 and b4032 and b4034 and b4035
1253,MAN6Pt6_2pp,Mannose-6-phosphate transport via phosphate antiport (periplasm),Inner Membrane,"Transport, Inner Membrane",50607.0,50607.0,50607.0,22.0,b3666
1254,MANGLYCptspp,2-O-alpha-mannosyl-D-glycerate transport via PEP:Pyr PTS (periplasm),Inner Membrane,"Transport, Inner Membrane",142349.0,142349.0,142349.0,3204.0,b2415 and b0731 and b2416
1255,MELIBt2pp,Melibiose transport in via symport (periplasm),Inner Membrane,"Transport, Inner Membrane",46503.0,46503.0,46503.0,22.0,b4120 or b0343
1256,METabcpp,L-methionine transport via ABC system (periplasm),Inner Membrane,"Transport, Inner Membrane",90476.0,90476.0,90476.0,95.19583333,b0198 and b0197 and b0199
1257,EX_fe3hox_un_e_f,"Fe(III)hydoxamate, unloaded exchange",Exchange,Extracellular exchange,0.0,0.0,0.0,100000000.0,
1258,GGPTRCS,Gamma glutamyl putrescine synthase,Cytoplasmic,Alternate Carbon Metabolism,53177.0,0.0,0.0,5.94,b1297
1259,EX_23dappa_e_f,"2,3-diaminopropionate exchange",Exchange,Extracellular exchange,0.0,0.0,0.0,100000000.0,
1260,RMNtpp,L-rhamnose transport via proton symport (periplasm),Inner Membrane,"Transport, Inner Membrane",37320.0,37320.0,37320.0,22.0,b3907
1261,SERt4pp,L-serine via sodium symport (periplasm),Inner Membrane,"Transport, Inner Membrane",43478.0,43478.0,43478.0,22.0,b3089
1262,SUCCt2_3pp,Succintate transport via proton symport (3 H) (periplasm),Inner Membrane,"Transport, Inner Membrane",45751.0,45751.0,45751.0,22.0,b4123 or b4138
1263,MNLptspp,Mannitol transport via PEP:Pyr PTS (periplasm),Inner Membrane,"Transport, Inner Membrane",137698.0,137698.0,137698.0,72.77916667,(b2415 and b3599 and b2416) or (b2415 and b2934 and b2933 and b2416) or (b2415 and b2704 and b2702 and b2703 and b2416)
1264,NAt3_1p5pp,Sodium proton antiporter (H:NA is 1.5) (periplasm),Inner Membrane,Inorganic Ion Transport and Metabolism,56728.0,56728.0,56728.0,22.0,b1186
1265,NAt3_2pp,Sodium proton antiporter (H:NA is 2) (periplasm),Inner Membrane,Inorganic Ion Transport and Metabolism,41356.0,41356.0,41356.0,22.0,b0019
1266,NH4tpp_f,Ammonia reversible transport (periplasm),Inner Membrane,Inorganic Ion Transport and Metabolism,0.0,0.0,0.0,30000.0,s0001 or b0451
1267,NMNPtpp,NMN permease (periplasm),Inner Membrane,"Transport, Inner Membrane",26996.0,26996.0,26996.0,22.0,b0751
1268,NO2t2rpp_f,"Nitrite transport in via proton symport, reversible (periplasm)",Inner Membrane,Inorganic Ion Transport and Metabolism,28563.0,28563.0,28563.0,22.0,b1223 or b3367
1269,NO3t7pp,Nitrate transport in via nitrite antiport (periplasm),Inner Membrane,Inorganic Ion Transport and Metabolism,49693.0,49693.0,49693.0,22.0,b1223 or b1469
1270,ORNabcpp,Ornithine transport via ABC system (periplasm),Inner Membrane,"Transport, Inner Membrane",108164.0,108164.0,108164.0,95.19583333,b2307 and b2308 and b2306 and b2310
1271,PIuabcpp,"Phosphate transport via ABC system (uptake, periplasm)",Inner Membrane,Inorganic Ion Transport and Metabolism,132494.0,132494.0,132494.0,51.02916667,b3725 and b3727 and b3728 and b3726
1272,PNTOt4pp,Pantothenate sodium symporter (periplasm),Inner Membrane,"Transport, Inner Membrane",51717.0,51717.0,51717.0,22.0,b3258
1273,FRULYSDG_f,Fructoselysine phosphate deglycase,Cytoplasmic,Alternate Carbon Metabolism,38569.0,0.0,0.0,105.2504048,b3371
1274,METDabcpp,D-methionine transport via ABC system (periplasm),Inner Membrane,"Transport, Inner Membrane",90476.0,90476.0,90476.0,95.19583333,b0198 and b0199 and b0197
1275,PROabcpp,L-proline transport via ABC system (periplasm),Inner Membrane,"Transport, Inner Membrane",117806.0,117806.0,117806.0,0.097333333,b2677 and b2678 and b2679
1276,PROt2rpp_f,L-proline reversible transport via proton symport (periplasm),Inner Membrane,"Transport, Inner Membrane",50216.0,50216.0,50216.0,22.0,b4111 or b0402
1277,PROt4pp,Na+/Proline-L symporter (periplasm),Inner Membrane,"Transport, Inner Membrane",54344.0,54344.0,54344.0,22.0,b1015
1278,PTRCabcpp,Putrescine transport via ABC system (periplasm),Inner Membrane,"Transport, Inner Membrane",142068.0,142068.0,142068.0,95.19583333,(b0854 and b0855 and b0857 and b0856) or (b1440 and b1442 and b1441 and b1443) or (b1125 and b1126 and b1124 and b1123)
1279,ASNNpp,L-asparaginase,Cytoplasmic,Alanine and Aspartate Metabolism,36851.0,0.0,0.0,24.0,b2957
1280,GLUNpp,Glutaminase,Cytoplasmic,Glutamate Metabolism,36851.0,0.0,0.0,0.33,b2957
1281,NTD12,5'-nucleotidase (dIMP),Cytoplasmic,Nucleotide Salvage Pathway,20255.0,0.0,0.0,0.24,b2744 or b2291 or b3399 or b2361
1282,FECRMtonex,Ferrichrome transport via ton system (extracellular),Inner Membrane,"Transport, Outer Membrane",150090.0,150090.0,67908.0,22.0,(b1252 and b3005 and b3006) and b0150
1283,ARBTNtonex,Aerobactin transport via ton system (extracellular),Cytoplasmic,"Transport, Outer Membrane",0.0,0.0,0.0,100000000.0,
1284,ADOCBLabcpp,Adenosylcobalamin transport via ABC system (periplasm),Inner Membrane,"Transport, Inner Membrane",91397.0,91397.0,91397.0,0.845,b1709 and b0158 and b1711
1285,EX_enter_e_f,Enterochelin exchange,Exchange,Extracellular exchange,0.0,0.0,0.0,100000000.0,
1286,EX_fecrm_un_e_f,Ferrichrome minus Fe(III) exchange,Exchange,Extracellular exchange,0.0,0.0,0.0,100000000.0,
1287,EX_cgly_e_f,Cys-Gly exchange,Exchange,Extracellular exchange,0.0,0.0,0.0,100000000.0,
1288,EX_chtbs_e_f,Chitobiose exchange,Exchange,Extracellular exchange,0.0,0.0,0.0,100000000.0,
1289,EX_gmp_e_f,GMP exchange,Exchange,Extracellular exchange,0.0,0.0,0.0,100000000.0,
1290,EX_h2o2_e_f,Hydrogen peroxide exchange,Exchange,Extracellular exchange,0.0,0.0,0.0,100000000.0,
1291,EX_ump_e_f,UMP exchange,Exchange,Extracellular exchange,0.0,0.0,0.0,100000000.0,
1292,EX_pydam_e_f,Pyridoxamine exchange,Exchange,Extracellular exchange,0.0,0.0,0.0,100000000.0,
1293,CRNabcpp,L-carnitine transport via ABC system (periplasm),Inner Membrane,"Transport, Inner Membrane",117806.0,117806.0,117806.0,0.097333333,b2679 and b2677 and b2678
1294,CRNDabcpp,D-carnitine transport via ABC system (periplasm),Inner Membrane,"Transport, Inner Membrane",117806.0,117806.0,117806.0,0.097333333,b2679 and b2677 and b2678
1295,DNTPPA,Dihydroneopterin triphosphate pyrophosphatase,Cytoplasmic,Cofactor and Prosthetic Group Biosynthesis,14927.0,0.0,0.0,11.6,b1865 or b0099
1296,CTBTabcpp,Crotonobetaine transport via ABC system (periplasm),Inner Membrane,"Transport, Inner Membrane",117806.0,117806.0,117806.0,0.097333333,b2678 and b2677 and b2679
1297,NTPP9,Nucleoside triphosphate pyrophosphorylase (itp),Cytoplasmic,Nucleotide Salvage Pathway,21039.0,0.0,0.0,911.7,b2954
1298,NTPP10,Nucleoside triphosphate pyrophosphorylase (ditp),Cytoplasmic,Nucleotide Salvage Pathway,21039.0,0.0,0.0,152.4,b2954
1299,NTPP11,Nucleoside triphosphate pyrophosphorylase (xtp),Cytoplasmic,Nucleotide Salvage Pathway,21039.0,0.0,0.0,1009.0,b2954
1300,NTD10pp,5'-nucleotidase (XMP),Cytoplasmic,Nucleotide Salvage Pathway,26104.0,0.0,0.0,171.9466667,b4055 or b0480
1301,NTD1pp,5'-nucleotidase (dUMP),Cytoplasmic,Nucleotide Salvage Pathway,26104.0,0.0,0.0,171.9466667,b0480 or b4055
1302,NTD2pp,5'-nucleotidase (UMP),Cytoplasmic,Nucleotide Salvage Pathway,26104.0,0.0,0.0,1.2,b4055 or b0480 or b0383
1303,NTD3pp,5'-nucleotidase (dCMP),Cytoplasmic,Nucleotide Salvage Pathway,26104.0,0.0,0.0,0.23,b0480 or b4055
1304,NTD4pp,5'-nucleotidase (CMP),Cytoplasmic,Nucleotide Salvage Pathway,26104.0,0.0,0.0,202.0,b0480 or b4055 or b0383
1305,NTD5pp,5'-nucleotidase (dTMP),Cytoplasmic,Nucleotide Salvage Pathway,26104.0,0.0,0.0,0.195,b4055 or b0480
1306,NTD6pp,5'-nucleotidase (dAMP),Cytoplasmic,Nucleotide Salvage Pathway,26104.0,0.0,0.0,0.3,b0480 or b4055
1307,NTD7pp,5'-nucleotidase (AMP),Cytoplasmic,Nucleotide Salvage Pathway,26104.0,0.0,0.0,577.5,b0480 or b4055 or b0383
1308,NTD9pp,5'-nucleotidase (GMP),Cytoplasmic,Nucleotide Salvage Pathway,26104.0,0.0,0.0,11.0,b0480 or b4055 or b0383
1309,PEAMNOpp,Phenethylamine oxidase,Cytoplasmic,Nitrogen Metabolism,84379.0,0.0,0.0,12.4,b1386
1310,GAL1PPpp,D-galactose 1-phosphatase,Cytoplasmic,Alternate Carbon Metabolism,45683.0,0.0,0.0,0.0348,b1002
1311,H2O2tex_f,Hydrogen peroxide transport via diffusion (external),Cytoplasmic,"Transport, Outer Membrane Porin",38922.0,0.0,0.0,100000000.0,b0241 or b0929 or b1377 or b2215
1312,ARGDCpp,Arginine decarboxylase,Cytoplasmic,Arginine and Proline Metabolism,73898.0,0.0,0.0,2.296666667,b2938
1313,ALLPI_f,Allose 6-phosphate isomerase,Cytoplasmic,Alternate Carbon Metabolism,16073.0,0.0,0.0,2100.0,b4090
1314,ALLK,Allose kinase,Cytoplasmic,Alternate Carbon Metabolism,33821.0,0.0,0.0,14.80483333,b4084
1315,ALLULPE_f,Allulose 6-phosphate epimerase,Cytoplasmic,Alternate Carbon Metabolism,26109.0,0.0,0.0,9201.8125,b4085
1316,ADEtex_f,Adenine transport via diffusion (extracellular to periplasm),Cytoplasmic,"Transport, Outer Membrane Porin",38922.0,0.0,0.0,100000000.0,b0241 or b0929 or b1377 or b2215
1317,ADNtex_f,Adenosine transport via diffusion (extracellular to periplasm),Cytoplasmic,"Transport, Outer Membrane",33589.0,0.0,0.0,100000000.0,b0411
1318,AGMtex_f,Agmatine transport via diffusion (extracellular to periplasm),Cytoplasmic,"Transport, Outer Membrane Porin",38922.0,0.0,0.0,100000000.0,b0241 or b0929 or b1377 or b2215
1319,ALAtex_f,L-alanine transport via diffusion (extracellular to periplasm),Cytoplasmic,"Transport, Outer Membrane Porin",38922.0,0.0,0.0,100000000.0,b0241 or b1377 or b2215 or b0929
1320,BALAtex_f,Beta-alanine transport via diffusion (extracellular to periplasm),Cytoplasmic,"Transport, Outer Membrane Porin",38922.0,0.0,0.0,100000000.0,b0241 or b0929 or b1377 or b2215
1321,DALAtex_f,D-Alanine transport via diffusion (extracellular to periplasm),Cytoplasmic,"Transport, Outer Membrane Porin",38922.0,0.0,0.0,100000000.0,b0241 or b0929 or b1377 or b2215
1322,AMPtex_f,AMP transport via diffusion (extracellular to periplasm),Cytoplasmic,"Transport, Outer Membrane Porin",38922.0,0.0,0.0,100000000.0,b2215 or b0241 or b0929 or b1377
1323,ARBtex_f,L-arabinose transport via diffusion (extracellular to periplasm),Cytoplasmic,"Transport, Outer Membrane Porin",38922.0,0.0,0.0,100000000.0,b0241 or b0929 or b1377 or b2215
1324,ARGtex_f,L-arginine transport via diffusion (extracellular to periplasm),Cytoplasmic,"Transport, Outer Membrane Porin",38922.0,0.0,0.0,100000000.0,b0241 or b0929 or b1377 or b2215
1325,ASCBtex_f,L-ascorbate transport via diffusion (extracellular to periplasm),Cytoplasmic,"Transport, Outer Membrane Porin",38922.0,0.0,0.0,100000000.0,b0241 or b0929 or b1377 or b2215
1326,FACOAL100t2pp,Fatty-acid-CoA ligase (decanoate transport via vectoral Co-A coupling),Cytoplasmic,Cell Envelope Biosynthesis,62332.0,0.0,0.0,0.029,b1805 or b1701
1327,RIBabcpp,D-ribose transport via ABC system (periplasm),Inner Membrane,"Transport, Inner Membrane",109948.0,109948.0,109948.0,95.19583333,(b4230 and b4227 and b4485 and b4231) or (b3750 and b3751 and b3749 and b3748) or (b4088 and b4086 and b4087)
1328,GPDDA3pp,Glycerophosphodiester phosphodiesterase (Glycerophosphoserine),Cytoplasmic,Glycerophospholipid Metabolism,40843.0,0.0,0.0,2.8,b2239
1329,GPDDA4pp,Glycerophosphodiester phosphodiesterase (Glycerophosphoglycerol),Cytoplasmic,Glycerophospholipid Metabolism,40843.0,0.0,0.0,3.3,b2239
1330,GPDDA2pp,Glycerophosphodiester phosphodiesterase (Glycerophosphoethanolamine),Cytoplasmic,Glycerophospholipid Metabolism,40843.0,0.0,0.0,1.1,b2239
1331,FACOAL120t2pp,Fatty-acid-CoA ligase (dodecanoate transport via vectoral Co-A coupling),Cytoplasmic,Cell Envelope Biosynthesis,62332.0,0.0,0.0,0.029,b1701 or b1805
1332,FACOAL140t2pp,Fatty-acid-CoA ligase (tetradecanoate transport via vectoral Co-A coupling),Cytoplasmic,Cell Envelope Biosynthesis,62332.0,0.0,0.0,0.029,b1701 or b1805
1333,FE3HOXtonex,Fe(III)hydroxamine transport via ton system (extracellular),Inner Membrane,"Transport, Outer Membrane",150090.0,150090.0,67908.0,22.0,(b1252 and b3005 and b3006) and b0150
1334,CU2abcpp,Copper (Cu+2) ABC transporter (periplasm),Inner Membrane,Inorganic Ion Transport and Metabolism,76840.0,76840.0,76840.0,300.0,b3469
1335,COBALT2abcpp,Cobalt (Co+2) ABC transporter (periplasm),Inner Membrane,Inorganic Ion Transport and Metabolism,76840.0,76840.0,76840.0,300.0,b3469
1336,NI2abcpp,Nickle (Ni+2) ABC transporter (periplasm),Inner Membrane,Inorganic Ion Transport and Metabolism,76840.0,76840.0,76840.0,95.19583333,b3469
1337,MG2uabcpp,"Magnesium (Mg+2) ABC transporter (ubtake, periplasm)",Inner Membrane,Inorganic Ion Transport and Metabolism,99466.0,99466.0,99466.0,95.19583333,b4242
1338,HCYSMT2,Homocysteine Methyltransferase,Cytoplasmic,Methionine Metabolism,33423.0,0.0,0.0,0.38,b0261
1339,MMETtex_f,S-methyl-L-methionine transport via diffusion (extracellular to periplasm),Cytoplasmic,"Transport, Outer Membrane Porin",38922.0,0.0,0.0,100000000.0,b0241 or b0929 or b1377 or b2215
1340,FE3tex_f,Iron (III) transport via diffusion (extracellular to periplasm),Cytoplasmic,"Transport, Outer Membrane Porin",38922.0,0.0,0.0,100000000.0,b0241 or b0929 or b1377 or b2215
1341,MG2tex_f,Magnesium (Mg+2) transport via diffusion (extracellular to periplasm),Cytoplasmic,"Transport, Outer Membrane Porin",38922.0,0.0,0.0,100000000.0,b0241 or b0929 or b1377 or b2215
1342,Zn2tex_f,Zinc (Zn+2) transport via diffusion (extracellular to periplasm),Cytoplasmic,"Transport, Outer Membrane Porin",38922.0,0.0,0.0,100000000.0,b0241 or b0929 or b1377 or b2215
1343,MMETt2pp,S-methylmethionine permease (periplasm),Inner Membrane,"Transport, Inner Membrane",50526.0,50526.0,50526.0,22.0,b0260
1344,CD2tex_f,Cadmium (Cd+2) transport via diffusion (extracellular to periplasm),Cytoplasmic,"Transport, Outer Membrane Porin",38922.0,0.0,0.0,100000000.0,b0241 or b0929 or b1377 or b2215
1345,GLNabcpp,L-glutamine transport via ABC system (periplasm),Inner Membrane,"Transport, Inner Membrane",78285.0,78285.0,78285.0,95.19583333,b0811 and b0809 and b0810
1346,GLUabcpp,L-glutamate transport via ABC system (periplasm),Inner Membrane,"Transport, Inner Membrane",112499.0,112499.0,112499.0,95.19583333,b0653 and b0655 and b0654 and b0652
1347,GLUABUTt7pp_f,4-aminobutyrate/glutamate antiport (periplasm),Inner Membrane,"Transport, Inner Membrane",55077.0,55077.0,55077.0,22.0,b1492
1348,GLUt2rpp_f,"L-glutamate transport via proton symport, reversible (periplasm)",Inner Membrane,"Transport, Inner Membrane",47159.0,47159.0,47159.0,22.0,b4077
1349,GLUt4pp,Na+/glutamate symport (periplasm),Inner Membrane,"Transport, Inner Membrane",42425.0,42425.0,42425.0,22.0,b3653
1350,GLYALDtpp_f,Glyceraldehyde facilitated diffusion (periplasm),Inner Membrane,"Transport, Inner Membrane",29780.0,29780.0,29780.0,100000000.0,b3927
1351,EX_etha_e_f,Ethanolamine exchange,Exchange,Extracellular exchange,0.0,0.0,0.0,100000000.0,
1352,ACGK,Acetylglutamate kinase,Cytoplasmic,Arginine and Proline Metabolism,27160.0,0.0,0.0,38.25,b3959
1353,LCTSt3ipp,Lactose transport via proton aniport (periplasm),Inner Membrane,"Transport, Inner Membrane",42538.0,42538.0,42538.0,22.0,b1528 or b2170 or b0070
1354,ARBt3ipp,L-arabinose transport via proton antiport (periplasm),Inner Membrane,"Transport, Inner Membrane",42538.0,42538.0,42538.0,22.0,b1528
1355,14GLUCANabcpp,"1,4-alpha-D-glucan transport via ABC system (periplasm)",Inner Membrane,"Transport, Inner Membrane",173616.0,173616.0,173616.0,95.19583333,b4032 and b4034 and b4035 and b4033
1356,14GLUCANtexi,"1,4-alpha-D-glucan transport via diffusion (extracellular to periplasm) irreversible",Cytoplasmic,"Transport, Outer Membrane",49912.0,0.0,0.0,100000000.0,b4036
1357,DHPTPE_f,Dihydroneopterin triphosphate 2'-epimerase,Cytoplasmic,Cofactor and Prosthetic Group Biosynthesis,14082.0,0.0,0.0,933.676,b2303
1358,NADPHQR2,NADPH Quinone Reductase (Ubiquinone-8),Cytoplasmic,Oxidative Phosphorylation,21891.0,0.0,0.0,22.0,b3028
1359,NADPHQR3,NADPH Quinone Reductase (Menaquinone-8),Cytoplasmic,Oxidative Phosphorylation,21891.0,0.0,0.0,22.0,b3028
1360,NADPHQR4,NADPH Quinone Reductase (2-Demethylmenaquinone-8),Cytoplasmic,Oxidative Phosphorylation,21891.0,0.0,0.0,22.0,b3028
1361,GLBRAN2,"1,4-alpha-glucan branching enzyme (glycogen -> bglycogen)",Cytoplasmic,Glycolysis/Gluconeogenesis,84337.0,0.0,0.0,0.15,b3432
1362,ASR,Arsenate reductase,Inner Membrane,Inorganic Ion Transport and Metabolism,40203.0,40203.0,40203.0,0.3,b1064 and b3503
1363,ASO3tex_f,Arsenite transport via diffusion (extracellular to periplasm),Cytoplasmic,"Transport, Outer Membrane Porin",38922.0,0.0,0.0,100000000.0,b0241 or b0929 or b1377 or b2215
1364,MANGLYCtex_f,2-O-alpha-mannosyl-D-glycerate transport via diffusion (extracellular to periplasm),Cytoplasmic,"Transport, Outer Membrane Porin",38922.0,0.0,0.0,100000000.0,b0241 or b0929 or b1377 or b2215
1365,EX_frulys_e_f,Fructoselysine exchange,Exchange,Extracellular exchange,0.0,0.0,0.0,100000000.0,
1366,METOX1s,Methionine oxidation (spontaneous),Cytoplasmic,Methionine Metabolism,0.0,0.0,0.0,100000000.0,s0001
1367,METOX2s,Methionine oxidation 2 (spontaneous),Cytoplasmic,Methionine Metabolism,0.0,0.0,0.0,100000000.0,s0001
1368,FRUURt2rpp_f,"D-fructuronate transport via proton symport, reversible (periplasm)",Inner Membrane,"Transport, Inner Membrane",47138.0,47138.0,47138.0,22.0,b4321
1369,FRUURtex_f,D-fructuronate transport via diffusion (extracellular),Cytoplasmic,"Transport, Outer Membrane Porin",38922.0,0.0,0.0,100000000.0,b0241 or b0929 or b1377 or b2215
1370,ECAtpp,"Enterobacterial common antigen transferase (flippase, cytoplasm to periplasm)",Inner Membrane,Lipopolysaccharide Biosynthesis / Recycling,44960.0,44960.0,44960.0,22.0,b3792
1371,O16AT,Rhamanosyl-N-acetylglucosamyl-undecaprenyl diphosphate O-acetyltransferase (LPS O16 antigen biosynthesis),Cytoplasmic,Lipopolysaccharide Biosynthesis / Recycling,21675.0,0.0,0.0,32.4876,b2033
1372,O16GALFT,Galactofuranosyltransferase (LPS O16 antigen biosynthesis),Cytoplasmic,Lipopolysaccharide Biosynthesis / Recycling,37757.0,0.0,0.0,3.236666667,b2034
1373,O16GLCT2,Glucosyltransferase II (LPS O16 antigen biosynthesis),Cytoplasmic,Lipopolysaccharide Biosynthesis / Recycling,0.0,0.0,0.0,100000000.0,
1374,O16AUNDtpp,"O16 antigen (flippase, cytoplasm to periplasm)",Cytoplasmic,Lipopolysaccharide Biosynthesis / Recycling,46315.0,0.0,0.0,22.0,b2037
1375,O16AP1pp,O16 antigen polymerase (periplasm),Inner Membrane,Lipopolysaccharide Biosynthesis / Recycling,36455.0,36455.0,36455.0,18.3185,b2027 and b2035
1376,GLYCAt2rpp_f,"D-glycerate transport via proton symport, reversible (periplasm)",Inner Membrane,"Transport, Inner Membrane",49009.0,49009.0,49009.0,22.0,b3127 or b2789
1377,GLYCAtex_f,D-glycerate transport via diffusion (extracellular to periplasm),Cytoplasmic,"Transport, Outer Membrane Porin",38922.0,0.0,0.0,100000000.0,b0241 or b0929 or b1377 or b2215
1378,EX_enlipa_e_f,Phosphoethanolamine KDO(2)-lipid (A) exchange,Exchange,Extracellular exchange,0.0,0.0,0.0,100000000.0,
1379,EX_hacolipa_e_f,Hepta-acylated core oligosaccharide lipid A (E. coli) exchange,Exchange,Extracellular exchange,0.0,0.0,0.0,100000000.0,
1380,AGM4PCP,"N-Acetyl-D-glucosamine(anhydrous)N-Acetylmuramyl-tetrapeptide L,D-carboxypeptidase",Cytoplasmic,Murein Recycling,33567.0,0.0,0.0,160.0,b1192
1381,4PCP,"Tetrapeptide L,D-carboxypeptidase",Cytoplasmic,Murein Recycling,33567.0,0.0,0.0,160.0,b1192
1382,4PCPpp,"Tetrapeptide L,D-carboxypeptidase (periplasm)",Cytoplasmic,Murein Recycling,21040.0,0.0,0.0,160.0,b2175
1383,FALDH2_f,Formaldehyde dehydrogenase,Cytoplasmic,Cofactor and Prosthetic Group Biosynthesis,39359.0,0.0,0.0,11.75,b0356
1384,GLYBabcpp,Glycine betaine transport via ABC system (periplasm),Inner Membrane,"Transport, Inner Membrane",117806.0,117806.0,117806.0,0.097333333,(b2131 and b2129 and b2130 and b2128) or (b2677 and b2679 and b2678)
1385,GLYC3Pt6pp,Glycerol-3-phosphate : phosphate antiporter (periplasm),Inner Membrane,"Transport, Inner Membrane",50310.0,50310.0,50310.0,22.0,b2240
1386,GLYCLTt4pp,Glycolate transport via sodium symport (periplasm),Inner Membrane,"Transport, Inner Membrane",59197.0,59197.0,59197.0,22.0,b4067
1387,GLYCtpp_f,Glycerol transport via channel (periplasm),Inner Membrane,"Transport, Inner Membrane",0.0,0.0,0.0,22.0,s0001 or b3927
1388,H2Otpp_f,H2O transport via diffusion (periplasm),Inner Membrane,"Transport, Inner Membrane",0.0,0.0,0.0,100000000.0,s0001 or b0875
1389,HCINNMt2rpp_f,"3-hydroxycinnamic acid transport via proton symport, reversible (periplasm)",Inner Membrane,"Transport, Inner Membrane",41551.0,41551.0,41551.0,22.0,b0353
1390,HISabcpp,L-histidine transport via ABC system (periplasm),Inner Membrane,"Transport, Inner Membrane",108655.0,108655.0,108655.0,95.19583333,b2307 and b2306 and b2308 and b2309
1391,HISt2rpp_f,L-histidine reversible transport via proton symport (periplasm),Inner Membrane,"Transport, Inner Membrane",49690.0,49690.0,49690.0,22.0,b0112
1392,CBIAT_f,Cobinamide adenyltransferase,Cytoplasmic,Cofactor and Prosthetic Group Biosynthesis,21999.0,0.0,0.0,0.03,b1270
1393,LYSabcpp,L-lysine transport via ABC system (periplasm),Inner Membrane,"Transport, Inner Membrane",108164.0,108164.0,108164.0,95.19583333,b2308 and b2306 and b2310 and b2307
1394,COBALT2tex_f,Cobalt (Co+2) transport via diffusion (extracellular to periplasm),Cytoplasmic,"Transport, Outer Membrane Porin",38922.0,0.0,0.0,100000000.0,b0241 or b0929 or b1377 or b2215
1395,PPDOy,"Propane-1,2-diol:NADP+ 1-oxidoreductase",Cytoplasmic,Alternate Carbon Metabolism,37978.0,0.0,0.0,38.1,b0325
1396,FALGTHLs_f,Formaldehyde glutathione ligase (spontaneous),Cytoplasmic,Cofactor and Prosthetic Group Biosynthesis,0.0,0.0,0.0,100000000.0,s0001
1397,NTD12pp,5'-nucleotidase (dIMP) (periplasm),Cytoplasmic,Nucleotide Salvage Pathway,26104.0,0.0,0.0,0.24,b0480 or b4055
1398,PPA2,Inorganic triphosphatase,Cytoplasmic,Anaplerotic Reactions,26916.0,0.0,0.0,3.46,b2502 or b2744
1399,DIMPtex_f,DIMP transport via diffusion (extracellular to periplasm),Cytoplasmic,"Transport, Outer Membrane Porin",38922.0,0.0,0.0,100000000.0,b0241 or b0929 or b1377 or b2215
1400,3NTD7pp,3'-nucleotidase (AMP) (periplasm),Cytoplasmic,Nucleotide Salvage Pathway,49439.0,0.0,0.0,9.84,b4213 or b0383
1401,3NTD4pp,3'-nucleotidase (CMP) (periplasm),Cytoplasmic,Nucleotide Salvage Pathway,49439.0,0.0,0.0,5.93,b4213 or b0383 or b0383
1402,3NTD2pp,3'-nucleotidase (UMP) (periplasm),Cytoplasmic,Nucleotide Salvage Pathway,49439.0,0.0,0.0,16.82333333,b4213 or b0383
1403,3NTD9pp,3'-nucleotidase (GMP) (periplasm),Cytoplasmic,Nucleotide Salvage Pathway,49439.0,0.0,0.0,16.82333333,b4213 or b0383
1404,23PDE7pp,"2',3'-cyclic-nucleotide phosphodiesterase (AMP) (periplasm)",Cytoplasmic,Nucleotide Salvage Pathway,70832.0,0.0,0.0,7.63,b4213
1405,GALTptspp,Galactitol transport via PEP:Pyr PTS (periplasm),Inner Membrane,"Transport, Inner Membrane",148175.0,148175.0,148175.0,3204.0,b2092 and b2415 and b2094 and b2093 and b2416
1406,GALURt2rpp_f,"D-galacturonate transport via proton symport, reversible (periplasm)",Inner Membrane,"Transport, Inner Membrane",46892.0,46892.0,46892.0,22.0,b3093
1407,GLCNt2rpp_f,"D-gluconate transport via proton symport, reversible (periplasm)",Inner Membrane,"Transport, Inner Membrane",45967.0,45967.0,45967.0,22.0,b4321 or b4476 or b3415 or b4265
1408,GLCptspp,D-glucose transport via PEP:Pyr PTS (periplasm),Inner Membrane,"Transport, Inner Membrane",141609.0,141609.0,141609.0,73.8,(b1621 and b2415 and b2417 and b2416) or (b1101 and b2416 and b2415 and b2417) or (b1819 and b2415 and b1818 and b1817 and b2416)
1409,GLCRt2rpp_f,"D-glucarate transport via proton symport, reversible (periplasm)",Inner Membrane,"Transport, Inner Membrane",49009.0,49009.0,49009.0,22.0,b3127 or b2789
1410,GLCt2pp,D-glucose transport in via proton symport (periplasm),Inner Membrane,"Transport, Inner Membrane",50983.0,50983.0,50983.0,22.0,b2943
1411,GLCURt2rpp_f,"D-glucuronate transport via proton symport, reversible (periplasm)",Inner Membrane,"Transport, Inner Membrane",33669.0,33669.0,33669.0,22.0,b3909 or b3093
1412,ACMUMptspp,N-acetylmuramate transport via PEP:Pyr PTS (periplasm),Inner Membrane,"Transport, Inner Membrane",140734.0,140734.0,140734.0,3204.0,b2417 and b2416 and b2415 and b2429
1413,EX_h2o_e_f,H2O exchange,Exchange,Extracellular exchange,0.0,0.0,0.0,100000000.0,
1414,EX_ala__D_e_f,D-Alanine exchange,Exchange,Extracellular exchange,0.0,0.0,0.0,100000000.0,
1415,HSTPT,Histidinol-phosphate transaminase,Cytoplasmic,Histidine Metabolism,39360.0,0.0,0.0,426.0,b2021
1416,THDPS,Tetrahydrodipicolinate succinylase,Cytoplasmic,Threonine and Lysine Metabolism,29892.0,0.0,0.0,1.1,b0166
1417,ACONMT,Trans-aconitate methyltransferase,Cytoplasmic,Unassigned,29006.0,0.0,0.0,0.0524684,b1519
1418,XTSNtex_f,Xanthosine transport via diffusion (extracellular to periplasm),Cytoplasmic,"Transport, Outer Membrane Porin",38922.0,0.0,0.0,100000000.0,b0241 or b0929 or b1377 or b2215
1419,EX_hdca_e_f,Hexadecanoate (n-C16:0) exchange,Exchange,Extracellular exchange,0.0,0.0,0.0,100000000.0,
1420,EX_glcr_e_f,D-Glucarate exchange,Exchange,Extracellular exchange,0.0,0.0,0.0,100000000.0,
1421,GNK,Gluconokinase,Cytoplasmic,Alternate Carbon Metabolism,19543.0,0.0,0.0,9.4,b3437 or b4268
1422,HMBS,Hydroxymethylbilane synthase,Cytoplasmic,Cofactor and Prosthetic Group Biosynthesis,33852.0,0.0,0.0,0.25,b3805
1423,RMK,Rhamnulokinase,Cytoplasmic,Alternate Carbon Metabolism,54069.0,0.0,0.0,14.80483333,b3904
1424,FHL,Formate-hydrogen lyase,Inner Membrane,Pyruvate Metabolism,311641.0,311641.0,97106.0,112.5575,(b4079 and (b2489 and b2487 and b2485 and b2482 and b2483 and b2486 and b2490 and b2488 and b2484 and b2481)) or (b4079 and (b2722 and b2723 and b2724 and b2720 and b2721 and b2719))
1425,HYPOE,Hypothetical enyme,Cytoplasmic,Cofactor and Prosthetic Group Biosynthesis,0.0,0.0,0.0,100000000.0,
1426,MEPCT,2-C-methyl-D-erythritol 4-phosphate cytidylyltransferase,Cytoplasmic,Cofactor and Prosthetic Group Biosynthesis,25737.0,0.0,0.0,51.25,b2747
1427,GLUDy_f,Glutamate dehydrogenase (NADP),Cytoplasmic,Glutamate Metabolism,48581.0,0.0,0.0,37.3,b1761 or (b3213 and b3212)
1428,ZN2abcpp,"Zinc (Zn+2) ABC transporter, efflux (periplasm)",Inner Membrane,Inorganic Ion Transport and Metabolism,76840.0,76840.0,76840.0,300.0,b3469
1429,GLYCLTDy,Glycolate dehydrogenase (NADP),Cytoplasmic,Glyoxylate Metabolism,35343.0,0.0,0.0,24.55,b1033 or b3553
1430,LYSDC,Lysine decarboxylase,Cytoplasmic,Threonine and Lysine Metabolism,80590.0,0.0,0.0,30.0,b0186 or b4131
1431,DAAD,D-Amino acid dehydrogenase,Cytoplasmic,Alanine and Aspartate Metabolism,47607.0,0.0,0.0,0.74,b1189
1432,UREAtpp_f,Urea transport via facilitate diffusion (periplasm),Inner Membrane,"Transport, Inner Membrane",29780.0,29780.0,29780.0,100000000.0,b3927
1433,XANt2pp,Xanthine transport in via proton symport (periplasm),Inner Membrane,"Transport, Inner Membrane",48868.0,48868.0,48868.0,22.0,b2882 or b3654 or b2888
1434,GLYC3Pabcpp,Sn-Glycerol 3-phosphate transport via ABC system (periplasm),Inner Membrane,"Transport, Inner Membrane",152737.0,152737.0,152737.0,95.19583333,b3452 and b3451 and b3453 and b3450
1435,PPPNt2rpp_f,"3-phenylpropionate transport via proton symport, reversible (periplasm)",Inner Membrane,"Transport, Inner Membrane",41593.0,41593.0,41593.0,22.0,b2536
1436,PTRCORNt7pp_f,Putrescine/ornithine antiporter (periplasm),Inner Membrane,"Transport, Inner Membrane",46495.0,46495.0,46495.0,22.0,b0692
1437,SPMDabcpp,Spermidine transport via ABC system (periplasm),Inner Membrane,"Transport, Inner Membrane",142068.0,142068.0,142068.0,95.19583333,(b1123 and b1125 and b1124 and b1126) or (b1443 and b1442 and b1441 and b1440)
1438,HG2tex_f,Mercury (Hg+2) transport via diffusion (extracellular to periplasm),Cytoplasmic,"Transport, Outer Membrane Porin",38922.0,0.0,0.0,100000000.0,b0241 or b0929 or b1377 or b2215
1439,NTPP5,Nucleoside triphosphate pyrophosphorylase (datp),Cytoplasmic,Nucleotide Salvage Pathway,17306.0,0.0,0.0,4.59,b1865 or b2781
1440,ATPM,ATP maintenance requirement,Cytoplasmic,Biomass and maintenance functions,0.0,0.0,0.0,22.0,
1441,NADPPPS,NADP phosphatase,Cytoplasmic,Cofactor and Prosthetic Group Biosynthesis,0.0,0.0,0.0,100000000.0,
1442,EX_mnl_e_f,D-Mannitol exchange,Exchange,Extracellular exchange,0.0,0.0,0.0,100000000.0,
1443,NTD3,5'-nucleotidase (dCMP),Cytoplasmic,Nucleotide Salvage Pathway,20255.0,0.0,0.0,0.23,b2744 or b2291 or b2361
1444,GLYOX,Hydroxyacylglutathione hydrolase,Cytoplasmic,Methylglyoxal Metabolism,28434.0,0.0,0.0,780.0,b0212
1445,DADNtex_f,Deoxyadenosine transport via diffusion (extracellular to periplasm),Cytoplasmic,"Transport, Outer Membrane",33589.0,0.0,0.0,100000000.0,b0411
1446,DHAtex_f,Dihydroxyacetone transport via diffusion (extracellular to periplasm),Cytoplasmic,"Transport, Outer Membrane Porin",38922.0,0.0,0.0,100000000.0,b0241 or b0929 or b1377 or b2215
1447,ETOHtex_f,Ethanol transport via diffusion (extracellular to periplasm),Cytoplasmic,"Transport, Outer Membrane Porin",38922.0,0.0,0.0,100000000.0,b0241 or b0929 or b1377 or b2215
1448,MTRPOX,N-methyltryptophan oxidase,Cytoplasmic,Glycine and Serine Metabolism,40902.0,0.0,0.0,18.9,b1059
1449,AGM4PCPpp,"N-Acetyl-D-glucosamine(anhydrous)N-Acetylmuramyl-tetrapeptide L,D-carboxypeptidase (periplasmic)",Cytoplasmic,Murein Recycling,21040.0,0.0,0.0,160.0,b2175
1450,GTPDPDP,"Guanosine-5'-triphosphate,3'-diphosphate diphosphatase",Cytoplasmic,Cofactor and Prosthetic Group Biosynthesis,16971.0,0.0,0.0,0.023,b3779
1451,RNDR2,Ribonucleoside-diphosphate reductase (GDP),Cytoplasmic,Nucleotide Salvage Pathway,141099.0,0.0,0.0,8.115,(b3781 and (b2234 and b2235)) or (b2582 and (b2234 and b2235))
1452,EX_asn__L_e_f,L-Asparagine exchange,Exchange,Extracellular exchange,0.0,0.0,0.0,100000000.0,
1453,EX_mal__L_e_f,L-Malate exchange,Exchange,Extracellular exchange,0.0,0.0,0.0,100000000.0,
1454,NMNN,NMN nucleosidase,Cytoplasmic,Cofactor and Prosthetic Group Biosynthesis,0.0,0.0,0.0,100000000.0,
1455,XAND,Xanthine dehydrogenase,Cytoplasmic,Nucleotide Salvage Pathway,129800.0,0.0,0.0,69.0,b2866 and b2867 and b2868
1456,EX_no2_e_f,Nitrite exchange,Exchange,Extracellular exchange,0.0,0.0,0.0,100000000.0,
1457,HACD3_f,3-hydroxyacyl-CoA dehydrogenase (3-oxooctanoyl-CoA),Cytoplasmic,Membrane Lipid Metabolism,77072.0,0.0,0.0,229.0,b3846 or b2341
1458,ACACtex_f,Acetoacetate transport via diffusion (extracellular to periplasm),Cytoplasmic,"Transport, Outer Membrane Porin",38922.0,0.0,0.0,100000000.0,b0241 or b0929 or b1377 or b2215
1459,ACNAMtex_f,N-acetylneuraminate transport via diffusion (extracellular to periplasm),Cytoplasmic,"Transport, Outer Membrane",27888.0,0.0,0.0,100000000.0,b4311 or b0929 or b2215
1460,ARBTNabcpp,Aerobactin transport via ABC system (periplasm),Inner Membrane,"Transport, Inner Membrane",132307.0,132307.0,132307.0,95.19583333,b0151 and b0153 and b0152
1461,NNDMBRT,Nicotinate-nucleotide dimethylbenzimidazole phosphoribosyltransferase,Cytoplasmic,Cofactor and Prosthetic Group Biosynthesis,36987.0,0.0,0.0,1.6,b1991
1462,THRA2,L-allo-Threonine Aldolase,Cytoplasmic,Threonine and Lysine Metabolism,36495.0,0.0,0.0,3.55,b2551 or b0870
1463,ASO3t8pp,Arsenite efflux via ATP hydrolysis (periplasm),Inner Membrane,"Transport, Inner Membrane",45497.0,45497.0,45497.0,95.19583333,b3502
1464,H2Stex_f,H2s transport via diffusion (extracellular to periplasm),Cytoplasmic,"Transport, Outer Membrane Porin",38922.0,0.0,0.0,100000000.0,b1377 or b2215 or b0241 or b0929
1465,PPK,Polyphosphate kinase,Cytoplasmic,Oxidative Phosphorylation,80432.0,0.0,0.0,23.6,b2501
1466,OMCDC,2-Oxo-4-methyl-3-carboxypentanoate decarboxylation,Cytoplasmic,"Valine, Leucine, and Isoleucine Metabolism",0.0,0.0,0.0,100000000.0,s0001
1467,ABUTD,Aminobutyraldehyde dehydrogenase,Cytoplasmic,Arginine and Proline Metabolism,50830.0,0.0,0.0,7.7,b1444
1468,E4PD_f,Erythrose 4-phosphate dehydrogenase,Cytoplasmic,Cofactor and Prosthetic Group Biosynthesis,35532.0,0.0,0.0,20.0,b2927 or b1779
1469,IG3PS,Imidazole-glycerol-3-phosphate synthase,Cytoplasmic,Histidine Metabolism,50107.0,0.0,0.0,138.0,b2023 and b2025
1470,EX_nh4_e_f,Ammonia exchange,Exchange,Extracellular exchange,0.0,0.0,0.0,100000000.0,
1471,DADK_f,Deoxyadenylate kinase,Cytoplasmic,Nucleotide Salvage Pathway,23586.0,0.0,0.0,879.0,b0474
1472,DUTPDP,DUTP diphosphatase,Cytoplasmic,Nucleotide Salvage Pathway,16287.0,0.0,0.0,58.3,b3640 or b2251
1473,EX_ddca_e_f,Dodecanoate (n-C12:0) exchange,Exchange,Extracellular exchange,0.0,0.0,0.0,100000000.0,
1474,NTP5,Nucleoside-triphosphatase (CTP),Cytoplasmic,Nucleotide Salvage Pathway,19424.0,0.0,0.0,449.17,b4161
1475,FORt2pp,"Formate transport via proton symport (uptake only, periplasm)",Inner Membrane,"Transport, Inner Membrane",30565.0,30565.0,30565.0,22.0,b0904 or b2492
1476,EX_r5p_e_f,Alpha-D-Ribose 5-phosphate exchange,Exchange,Extracellular exchange,0.0,0.0,0.0,100000000.0,
1477,EX_glyc2p_e_f,Glycerol 2-phosphate exchange,Exchange,Extracellular exchange,0.0,0.0,0.0,100000000.0,
1478,MTAN,Methylthioadenosine nucleosidase,Cytoplasmic,Arginine and Proline Metabolism,24354.0,0.0,0.0,4.0,b0159
1479,DPR,2-dehydropantoate 2-reductase,Cytoplasmic,Cofactor and Prosthetic Group Biosynthesis,33871.0,0.0,0.0,12.56,b0425 or b3774
1480,THRD_L,L-threonine deaminase,Cytoplasmic,"Valine, Leucine, and Isoleucine Metabolism",35232.0,0.0,0.0,5.2,b3772 or b3117
1481,EX_malt_e_f,Maltose exchange,Exchange,Extracellular exchange,0.0,0.0,0.0,100000000.0,
1482,4PEPTtex_f,LalaDgluMdapDala (pentapeptide) transport via diffusion (extracellular to periplasm),Cytoplasmic,"Transport, Outer Membrane Porin",38922.0,0.0,0.0,100000000.0,b0241 or b0929 or b1377 or b2215
1483,NAMNPP,Nicotinic acid mononucleotide pyrophosphorylase,Cytoplasmic,Cofactor and Prosthetic Group Biosynthesis,45897.0,0.0,0.0,0.158,b0931
1484,EX_pnto__R_e_f,(R)-Pantothenate exchange,Exchange,Extracellular exchange,0.0,0.0,0.0,100000000.0,
1485,SELNPS,Selenophosphate synthase,Cytoplasmic,Unassigned,36687.0,0.0,0.0,0.25,b1764
1486,CRNCAR_f,Carnitine-CoA racemase,Cytoplasmic,Oxidative Phosphorylation,28190.0,0.0,0.0,368.4865,b0036
1487,GALabcpp,D-galactose transport via ABC system (periplasm),Inner Membrane,"Transport, Inner Membrane",127678.0,127678.0,127678.0,95.19583333,(b2148 and b2149 and b2150) or (b4227 and b4230 and b4485 and b4231)
1488,GLYCLTt2rpp_f,"Glycolate transport via proton symport, reversible (periplasm)",Inner Membrane,"Transport, Inner Membrane",50677.0,50677.0,50677.0,22.0,b3603 or b2975
1489,GUAt2pp,Guanine transport in via proton symport (periplasm),Inner Membrane,"Transport, Inner Membrane",48868.0,48868.0,48868.0,22.0,b3654
1490,HPPPNt2rpp_f,"3-(3-hydroxyphenyl)propionate transport via proton symport, reversible (periplasm)",Inner Membrane,"Transport, Inner Membrane",41551.0,41551.0,41551.0,22.0,b0353
1491,ANHMK,"1,6-anhydrous-N-Acetylmuramate kinase",Cytoplasmic,Murein Recycling,39496.0,0.0,0.0,7000.0,b1640
1492,DHFR_f,Dihydrofolate reductase,Cytoplasmic,Cofactor and Prosthetic Group Biosynthesis,17999.0,0.0,0.0,21.75,b1606 or b0048
1493,EX_cit_e_f,Citrate exchange,Exchange,Extracellular exchange,0.0,0.0,0.0,100000000.0,
1494,PRAIi,Phosphoribosylanthranilate isomerase (irreversible),Cytoplasmic,"Tyrosine, Tryptophan, and Phenylalanine Metabolism",49492.0,0.0,0.0,36.0,b1262
1495,TYRTA_f,Tyrosine transaminase,Cytoplasmic,"Tyrosine, Tryptophan, and Phenylalanine Metabolism",34094.0,0.0,0.0,153.85,b4054 or b0928 or b3770
1496,SHKK,Shikimate kinase,Cytoplasmic,"Tyrosine, Tryptophan, and Phenylalanine Metabolism",19151.0,0.0,0.0,35.0,b3390 or b0388
1497,EX_gam_e_f,D-Glucosamine exchange,Exchange,Extracellular exchange,0.0,0.0,0.0,100000000.0,
1498,EX_inost_e_f,Myo-Inositol exchange,Exchange,Extracellular exchange,0.0,0.0,0.0,100000000.0,
1499,EX_mobd_e_f,Molybdate exchange,Exchange,Extracellular exchange,0.0,0.0,0.0,100000000.0,
1500,EX_so4_e_f,Sulfate exchange,Exchange,Extracellular exchange,0.0,0.0,0.0,100000000.0,
1501,SADH,Succinylarginine dihydrolase,Cytoplasmic,Arginine and Proline Metabolism,49299.0,0.0,0.0,3.2,b1745
1502,GLUSy,Glutamate synthase (NADPH),Cytoplasmic,Glutamate Metabolism,215312.0,0.0,0.0,4.35,b3213 and b3212
1503,GUAPRT,Guanine phosphoribosyltransferase,Inner Membrane,Nucleotide Salvage Pathway,30955.0,30955.0,30955.0,112.0,b0125 or b0238
1504,EX_phe__L_e_f,L-Phenylalanine exchange,Exchange,Extracellular exchange,0.0,0.0,0.0,100000000.0,
1505,EX_thr__L_e_f,L-Threonine exchange,Exchange,Extracellular exchange,0.0,0.0,0.0,100000000.0,
1506,EX_uri_e_f,Uridine exchange,Exchange,Extracellular exchange,0.0,0.0,0.0,100000000.0,
1507,PDH,Pyruvate dehydrogenase,Cytoplasmic,Glycolysis/Gluconeogenesis,216452.0,0.0,0.0,66.45,b0115 and b0116 and b0114
1508,DMSOR2pp,Dimethyl sulfoxide reductase (Demethylmenaquinol 8) (periplasm),Inner Membrane,Oxidative Phosphorylation,129250.0,129250.0,40286.0,40.2,b1872 and b1873
1509,H2St1pp,H2s transport (periplasm),Inner Membrane,"Transport, Inner Membrane",0.0,0.0,0.0,100000000.0,s0001
1510,HYD3pp,Hydrogenase (Demethylmenaquinone-8: 2 protons) (periplasm),Inner Membrane,Oxidative Phosphorylation,134531.0,134531.0,43602.0,1500.0,(b0973 and b0974 and b0972) or (b2994 and b2997 and b2996 and b2995)
1511,NO3R1pp,Nitrate reductase (Ubiquinol-8) (periplasm),Inner Membrane,Oxidative Phosphorylation,250501.0,250501.0,25497.0,68.0,(b1467 and b1468 and b1466 and b1465) or (b1224 and b1227 and b1226 and b1225)
1512,EX_halipa_e_f,Hepta-acylated KDO(2)-lipid (A) exchange,Exchange,Extracellular exchange,0.0,0.0,0.0,100000000.0,
1513,AACPS5,Acyl-[acyl-carrier-protein] synthetase  (n-C18:1),Inner Membrane,Cell Envelope Biosynthesis,89340.0,89340.0,80700.0,21.94,b1094 and b2836
1514,MANptspp,D-mannose transport via PEP:Pyr PTS (periplasm),Inner Membrane,"Transport, Inner Membrane",166320.0,166320.0,166320.0,1068.078333,b1819 and b1818 and b1817 and b2416 and b2415
1515,EX_cmp_e_f,CMP exchange,Exchange,Extracellular exchange,0.0,0.0,0.0,100000000.0,
1516,NTD8,5'-nucleotidase (dGMP),Cytoplasmic,Nucleotide Salvage Pathway,20255.0,0.0,0.0,2.16,b2744 or b2291 or b3399 or b2361
1517,GALCTD,Galactarate dehydratase,Cytoplasmic,Alternate Carbon Metabolism,56402.0,0.0,0.0,22.0,b3128
1518,EX_malthx_e_f,Maltohexaose exchange,Exchange,Extracellular exchange,0.0,0.0,0.0,100000000.0,
1519,MLTG4,Maltodextrin glucosidase (maltohexaose),Cytoplasmic,Alternate Carbon Metabolism,69041.0,0.0,0.0,845.0,b0403
1520,UDPGDC,UDP-glucuronate C-4'' decarboxylase,Cytoplasmic,Lipopolysaccharide Biosynthesis / Recycling,74289.0,0.0,0.0,0.3025,b2255
1521,PUNP4_f,Purine-nucleoside phosphorylase (Deoxyguanosine),Cytoplasmic,Nucleotide Salvage Pathway,25950.0,0.0,0.0,44.93,b2407 or b4384
1522,AMAOTr_f,Adenosylmethionine-8-amino-7-oxononanoate transaminase,Cytoplasmic,Cofactor and Prosthetic Group Biosynthesis,47336.0,0.0,0.0,0.283,b0774
1523,EX_csn_e_f,Cytosine exchange,Exchange,Extracellular exchange,0.0,0.0,0.0,100000000.0,
1524,EX_etoh_e_f,Ethanol exchange,Exchange,Extracellular exchange,0.0,0.0,0.0,100000000.0,
1525,EX_his__L_e_f,L-Histidine exchange,Exchange,Extracellular exchange,0.0,0.0,0.0,100000000.0,
1526,EX_k_e_f,K+ exchange,Exchange,Extracellular exchange,0.0,0.0,0.0,100000000.0,
1527,EX_na1_e_f,Sodium exchange,Exchange,Extracellular exchange,0.0,0.0,0.0,100000000.0,
1528,ARGORNt7pp_f,Arginine/ornithine antiporter (periplasm),Inner Membrane,"Transport, Inner Membrane",49501.0,49501.0,49501.0,22.0,b1605
1529,EX_dmso_e_f,Dimethyl sulfoxide exchange,Exchange,Extracellular exchange,0.0,0.0,0.0,100000000.0,
1530,EX_12ppd__S_e_f,"(S)-Propane-1,2-diol exchange",Exchange,Extracellular exchange,0.0,0.0,0.0,100000000.0,
1531,EX_pppn_e_f,Phenylpropanoate exchange,Exchange,Extracellular exchange,0.0,0.0,0.0,100000000.0,
1532,EX_acgam1p_e_f,N-Acetyl-D-glucosamine 1-phosphate exchange,Exchange,Extracellular exchange,0.0,0.0,0.0,100000000.0,
1533,NTD11pp,5'-nucleotidase (IMP),Cytoplasmic,Nucleotide Salvage Pathway,26104.0,0.0,0.0,104.0,b0480 or b4055
1534,EX_galt_e_f,Galactitol exchange,Exchange,Extracellular exchange,0.0,0.0,0.0,100000000.0,
1535,DKGLCNR2x,"2,5-diketo-D-gluconate reductase (NADH)",Cytoplasmic,Alternate Carbon Metabolism,35396.0,0.0,0.0,60503.775,b3553
1536,ACGS,N-acetylglutamate synthase,Cytoplasmic,Arginine and Proline Metabolism,49195.0,0.0,0.0,200.0,b2818
1537,PDE1,"3',5'-cyclic-nucleotide phosphodiesterase",Cytoplasmic,Nucleotide Salvage Pathway,30938.0,0.0,0.0,0.000945,b1489 or b3032
1538,MCITD,2-methylcitrate dehydratase,Cytoplasmic,Alternate Carbon Metabolism,53952.0,0.0,0.0,368.4865,b0334
1539,CU2tex_f,Copper (Cu+2) transport via diffusion (extracellular to periplasm),Cytoplasmic,"Transport, Outer Membrane Porin",38922.0,0.0,0.0,100000000.0,b1377 or b2215 or b0241 or b0929
1540,GLCATr_f,D-glucose O-acetyltransferase,Cytoplasmic,Alternate Carbon Metabolism,20096.0,0.0,0.0,32.4876,b0459
1541,FECRMUtex,Ferrichrome (minus Fe) secretion (to extracellular),Inner Membrane,Inorganic Ion Transport and Metabolism,0.0,0.0,0.0,100000000.0,
1542,ALAALAr_f,D-alanine-D-alanine ligase (reversible),Cytoplasmic,Cell Envelope Biosynthesis,32840.0,0.0,0.0,14.7,b0381 or b0092
1543,CLtex_f,Chloride (Cl-1) transport via diffusion (extracellular to periplasm),Cytoplasmic,"Transport, Outer Membrane Porin",38922.0,0.0,0.0,100000000.0,b0241 or b0929 or b1377 or b2215
1544,CELBpts,Cellobiose transport via PEPPyr PTS,Inner Membrane,"Transport, Inner Membrane",123707.0,123707.0,123707.0,72.77916667,(b2715 and b2416 and b2415) or (b2416 and (b1738 and b1737 and b1736) and b2415)
1545,ACACT1r_f,Acetyl-CoA C-acetyltransferase,Cytoplasmic,Membrane Lipid Metabolism,26242.0,0.0,0.0,1.4,b2224 or b2342 or b3845
1546,MALTptspp,Maltose transport via PEP:Pyr PTS (periplasm),Inner Membrane,"Transport, Inner Membrane",147559.0,147559.0,147559.0,3204.0,b1621 and b2417 and b2415 and b2416
1547,EX_glcur1p_e_f,D-Glucuronate 1-phosphate exchange,Exchange,Extracellular exchange,0.0,0.0,0.0,100000000.0,
1548,EX_thrp_e_f,L-Threonine O-3-phosphate exchange,Exchange,Extracellular exchange,0.0,0.0,0.0,100000000.0,
1549,EX_pydxn_e_f,Pyridoxine exchange,Exchange,Extracellular exchange,0.0,0.0,0.0,100000000.0,
1550,CD2abcpp,Cadmium (Cd+2) ABC transporter (periplasm),Inner Membrane,Inorganic Ion Transport and Metabolism,76840.0,76840.0,76840.0,300.0,b3469
1551,G2PPpp,Glycerol 2-phosphate phosphatase (periplasmic),Cytoplasmic,Alternate Carbon Metabolism,26104.0,0.0,0.0,1831.0,b4055 or b0383
1552,Kt3pp,Potassium transport out via proton antiport (periplasm),Inner Membrane,Inorganic Ion Transport and Metabolism,39168.0,39168.0,39168.0,22.0,b3350 or b0047 or b1216 or b0842
1553,AGM3PApp,N-Acetyl-D-glucosamine(anhydrous)N-Acetylmuramyl-tripeptide amidase (periplasm),Cytoplasmic,Murein Recycling,31072.0,0.0,0.0,25.0,b4169 or b2435 or b2817 or b0867
1554,SUCOAS_f,Succinyl-CoA synthetase (ADP-forming),Cytoplasmic,Citric Acid Cycle,71170.0,0.0,0.0,26.21,b0729 and b0728
1555,NTP1,Nucleoside-triphosphatase (ATP),Cytoplasmic,Biomass and maintenance functions,19424.0,0.0,0.0,8.6095,b0650 or b4161
1556,GALKr_f,Galactokinase,Cytoplasmic,Alternate Carbon Metabolism,41442.0,0.0,0.0,63.62,b0757
1557,PANTS,Pantothenate synthase,Cytoplasmic,Cofactor and Prosthetic Group Biosynthesis,31598.0,0.0,0.0,1.4,b0133
1558,YUMPS_f,YUMP synthetase,Cytoplasmic,Purine and Pyrimidine Biosynthesis,32910.0,0.0,0.0,0.00833,b2165
1559,DHQS,3-dehydroquinate synthase,Cytoplasmic,"Tyrosine, Tryptophan, and Phenylalanine Metabolism",38881.0,0.0,0.0,16.0,b3389
1560,PGCD,Phosphoglycerate dehydrogenase,Cytoplasmic,Glycine and Serine Metabolism,44176.0,0.0,0.0,13.5,b2913
1561,EX_cys__L_e_f,L-Cysteine exchange,Exchange,Extracellular exchange,0.0,0.0,0.0,100000000.0,
1562,EX_gsn_e_f,Guanosine exchange,Exchange,Extracellular exchange,0.0,0.0,0.0,100000000.0,
1563,EX_orot_e_f,Orotate exchange,Exchange,Extracellular exchange,0.0,0.0,0.0,100000000.0,
1564,ADSL1r_f,Adenylsuccinate lyase,Cytoplasmic,Purine and Pyrimidine Biosynthesis,51543.0,0.0,0.0,5.8,b1131
1565,SERD_D,D-serine deaminase,Cytoplasmic,Glycine and Serine Metabolism,47901.0,0.0,0.0,118.0,b2366
1566,AICART_f,Phosphoribosylaminoimidazolecarboxamide formyltransferase,Cytoplasmic,Purine and Pyrimidine Biosynthesis,57329.0,0.0,0.0,13.5,b4006
1567,FRUpts2pp,Fructose transport via PEP:Pyr PTS (f6p generating) (periplasm),Inner Membrane,"Transport, Inner Membrane",166320.0,166320.0,166320.0,806.33125,b1818 and b1817 and b2416 and b1819 and b2415
1568,G6Pt6_2pp,Glucose-6-phosphate transport via phosphate antiport (periplasm),Inner Membrane,"Transport, Inner Membrane",50607.0,50607.0,50607.0,22.0,b3666
1569,PROtex_f,L-proline transport via diffusion (extracellular to periplasm),Cytoplasmic,"Transport, Outer Membrane Porin",38922.0,0.0,0.0,100000000.0,b1377 or b2215 or b0241 or b0929
1570,SBTtex_f,D-sorbitol transport via diffusion (extracellular to periplasm),Cytoplasmic,"Transport, Outer Membrane Porin",38922.0,0.0,0.0,100000000.0,b0241 or b0929 or b1377 or b2215
1571,PFK,Phosphofructokinase,Cytoplasmic,Glycolysis/Gluconeogenesis,32456.0,0.0,0.0,79.8,b3916 or b1723
1572,PGM_f,Phosphoglycerate mutase,Cytoplasmic,Glycolysis/Gluconeogenesis,28556.0,0.0,0.0,14.0,b0755 or b3612
1573,TPI_f,Triose-phosphate isomerase,Cytoplasmic,Glycolysis/Gluconeogenesis,26972.0,0.0,0.0,327.0,b3919
1574,RPI_f,Ribose-5-phosphate isomerase,Cytoplasmic,Pentose Phosphate Pathway,16073.0,0.0,0.0,1076.0,b2914 or b4090
1575,PERD_f,Erythronate 4-phosphate (4per) dehydrogenase,Cytoplasmic,Cofactor and Prosthetic Group Biosynthesis,41368.0,0.0,0.0,1.4,b2320
1576,PYDAMK,Pyridoxamine kinase,Cytoplasmic,Cofactor and Prosthetic Group Biosynthesis,30847.0,0.0,0.0,0.55,b2418
1577,AKGtex_f,Alpha-ketoglutarate transport via diffusion (extracellular to periplasm),Cytoplasmic,"Transport, Outer Membrane Porin",38922.0,0.0,0.0,100000000.0,b0241 or b0929 or b1377 or b2215
1578,ALLTNtex_f,Allantoin transport via diffusion (extracellular to periplasm),Cytoplasmic,"Transport, Outer Membrane Porin",38922.0,0.0,0.0,100000000.0,b0241 or b0929 or b1377 or b2215
1579,ASNtex_f,L-asparagine transport via diffusion (extracellular to periplasm),Cytoplasmic,"Transport, Outer Membrane Porin",38922.0,0.0,0.0,100000000.0,b0241 or b0929 or b1377 or b2215
1580,FE3HOXabcpp,Ferric-dicitrate transport via ABC system (periplasm),Inner Membrane,Inorganic Ion Transport and Metabolism,132307.0,132307.0,132307.0,95.19583333,b0151 and b0152 and b0153
1581,FADRx2,FAD reductase,Cytoplasmic,Cofactor and Prosthetic Group Biosynthesis,130268.0,0.0,0.0,247.0357143,b2764 and b2763
1582,EX_o2_e_f,O2 exchange,Exchange,Extracellular exchange,0.0,0.0,0.0,100000000.0,
1583,EX_gal_bD_e_f,Beta D-Galactose exchange,Exchange,Extracellular exchange,0.0,0.0,0.0,100000000.0,
1584,PDE4,"3',5'-cyclic-nucleotide phosphodiesterase",Cytoplasmic,Nucleotide Salvage Pathway,90260.0,0.0,0.0,0.000363333,b1489
1585,AGM4PH,"N-Acetyl-D-glucosamine(anhydrous)N-Acetylmuramyl-tetrapeptide beta -1,4-N-acetylglucosaminidase",Cytoplasmic,Murein Recycling,37595.0,0.0,0.0,185.2,b1107
1586,AM4PA,Anhydrous-N-Acetylmuramyl-tetrapeptide amidase,Cytoplasmic,Murein Recycling,20536.0,0.0,0.0,25.0,b0110
1587,EX_dump_e_f,DUMP exchange,Exchange,Extracellular exchange,0.0,0.0,0.0,100000000.0,
1588,EX_o2s_e_f,Superoxide anion exchange,Exchange,Extracellular exchange,0.0,0.0,0.0,100000000.0,
1589,EX_gal1p_e_f,Alpha-D-Galactose 1-phosphate exchange,Exchange,Extracellular exchange,0.0,0.0,0.0,100000000.0,
1590,EX_dcmp_e_f,DCMP exchange,Exchange,Extracellular exchange,0.0,0.0,0.0,100000000.0,
1591,EX_23ccmp_e_f,"2',3'-Cyclic CMP exchange",Exchange,Extracellular exchange,0.0,0.0,0.0,100000000.0,
1592,EX_3cmp_e_f,3'-cmp exchange,Exchange,Extracellular exchange,0.0,0.0,0.0,100000000.0,
1593,ATHRDHr_f,L-allo-threonine dehydrogenase,Cytoplasmic,Threonine and Lysine Metabolism,27249.0,0.0,0.0,5.76,b1539
1594,LSERDHr_f,L-serine dehydrogenase,Cytoplasmic,Glycine and Serine Metabolism,27249.0,0.0,0.0,4.2,b1539
1595,DSERDHr_f,D-serine dehydrogenase,Cytoplasmic,Glycine and Serine Metabolism,27249.0,0.0,0.0,3.5,b1539
1596,EX_skm_e_f,Shikimate exchange,Exchange,Extracellular exchange,0.0,0.0,0.0,100000000.0,
1597,EX_ag_e_f,Silver exchange,Exchange,Extracellular exchange,0.0,0.0,0.0,100000000.0,
1598,EX_cys__D_e_f,D-Cysteine exchange,Exchange,Extracellular exchange,0.0,0.0,0.0,100000000.0,
1599,EX_acser_e_f,O-Acetyl-L-serine exchange,Exchange,Extracellular exchange,0.0,0.0,0.0,100000000.0,
1600,EX_cu_e_f,Cu+ exchange,Exchange,Extracellular exchange,0.0,0.0,0.0,100000000.0,
1601,EX_arbtn_e_f,Aerobactin minus Fe3 exchange,Exchange,Extracellular exchange,0.0,0.0,0.0,100000000.0,
1602,EX_dopa_e_f,Dopamine exchange,Exchange,Extracellular exchange,0.0,0.0,0.0,100000000.0,
1603,EX_hom__L_e_f,L-Homoserine exchange,Exchange,Extracellular exchange,0.0,0.0,0.0,100000000.0,
1604,OBTFL,2-Oxobutanoate formate lyase,Cytoplasmic,Alternate Carbon Metabolism,113561.0,0.0,0.0,4.065,((b0902 and b0903) and b2579) or (b0902 and b0903) or (b0902 and b3114)
1605,THRt2pp,L-threonine efflux transport via proton antiport (periplasm),Inner Membrane,"Transport, Inner Membrane",22474.0,22474.0,22474.0,22.0,b0813 or b3823
1606,EX_LalaDgluMdapDala_e_f,"L-alanine-D-glutamate-meso-2,6-diaminoheptanedioate-D-alanine exchange",Exchange,Extracellular exchange,0.0,0.0,0.0,100000000.0,
1607,EX_LalaDgluMdap_e_f,"L-alanine-D-glutamate-meso-2,6-diaminoheptanedioate exchange",Exchange,Extracellular exchange,0.0,0.0,0.0,100000000.0,
1608,EX_anhgm_e_f,N-Acetyl-D-glucosamine(anhydrous)N-Acetylmuramic acid exchange,Exchange,Extracellular exchange,0.0,0.0,0.0,100000000.0,
1609,EX_fald_e_f,Formaldehyde exchange,Exchange,Extracellular exchange,0.0,0.0,0.0,100000000.0,
1610,G6PP,Glucose-6-phosphate phosphatase,Cytoplasmic,Glycolysis/Gluconeogenesis,23008.0,0.0,0.0,2.49,b0822 or b3826 or b2293
1611,MMCD,Methylmalonyl-CoA decarboxylase,Cytoplasmic,Alternate Carbon Metabolism,29173.0,0.0,0.0,1.71,b2919
1612,GLNS,Glutamine synthetase,Cytoplasmic,Glutamate Metabolism,51904.0,0.0,0.0,50.0,b3870
1613,TYMtex_f,Tyramine transport via diffusion (extracellular to periplasm),Cytoplasmic,"Transport, Outer Membrane Porin",38922.0,0.0,0.0,100000000.0,b0241 or b0929 or b1377 or b2215
1614,GTHS,Glutathione synthetase,Cytoplasmic,Cofactor and Prosthetic Group Biosynthesis,35561.0,0.0,0.0,6.752,b2947
1615,EX_g3pe_e_f,Sn-Glycero-3-phosphoethanolamine exchange,Exchange,Extracellular exchange,0.0,0.0,0.0,100000000.0,
1616,EX_pacald_e_f,Phenylacetaldehyde exchange,Exchange,Extracellular exchange,0.0,0.0,0.0,100000000.0,
1617,CMPtex_f,CMP transport via diffusion (extracellular to periplasm),Cytoplasmic,"Transport, Outer Membrane Porin",38922.0,0.0,0.0,100000000.0,b0241 or b0929 or b1377 or b2215
1618,DUMPtex_f,DUMP transport via diffusion (extracellular to periplasm),Cytoplasmic,"Transport, Outer Membrane Porin",38922.0,0.0,0.0,100000000.0,b0241 or b0929 or b1377 or b2215
1619,XMPtex_f,XMP transport via diffusion (extracellular to periplasm),Cytoplasmic,"Transport, Outer Membrane Porin",38922.0,0.0,0.0,100000000.0,b0241 or b0929 or b1377 or b2215
1620,3PEPTtex_f,LalaDgluMdap (tripeptide) transport via diffusion (extracellular to periplasm),Cytoplasmic,"Transport, Outer Membrane Porin",38922.0,0.0,0.0,100000000.0,b0241 or b0929 or b1377 or b2215
1621,ANHGMtex_f,GlcNAc-anhMurNAc transport via diffusion (extracellular to periplasm),Cytoplasmic,"Transport, Outer Membrane Porin",38922.0,0.0,0.0,100000000.0,b0241 or b0929 or b1377 or b2215
1622,UDPKAAT_f,UDP-4''-ketopentose:UDP-4-amino-4-deoxy-L-arabinose aminotransferase,Cytoplasmic,Lipopolysaccharide Biosynthesis / Recycling,42238.0,0.0,0.0,339.905,b2253
1623,ULA4NFT,UDP-L-Ara4N formyltransferase,Cytoplasmic,Lipopolysaccharide Biosynthesis / Recycling,74289.0,0.0,0.0,13.5,b2255
1624,UPLA4FNT,Undecaprenyl phosphate-L-Ara4FN transferase,Inner Membrane,Lipopolysaccharide Biosynthesis / Recycling,36339.0,36339.0,36339.0,24.0530625,b2254
1625,UPLA4FNF,Undecaprenyl phosphate-L-Ara4FN formylase,Cytoplasmic,Lipopolysaccharide Biosynthesis / Recycling,33112.0,0.0,0.0,111.8694444,b2256
1626,ULA4Ntppi,Transport (cytoplasm to periplasm),Inner Membrane,Lipopolysaccharide Biosynthesis / Recycling,26277.0,26277.0,26277.0,22.0,b2258 and b4544
1627,HEPT1,Heptosyltransferase I (LPS core synthesis),Cytoplasmic,Lipopolysaccharide Biosynthesis / Recycling,35544.0,0.0,0.0,79.47949376,b3621
1628,FALDtex_f,Formaldehyde transport via diffusion (extracellular to periplasm),Cytoplasmic,"Transport, Outer Membrane Porin",38922.0,0.0,0.0,100000000.0,b0241 or b0929 or b1377 or b2215
1629,ALR2,Aldose reductase (methylglyoxal),Cytoplasmic,Methylglyoxal Metabolism,29437.0,0.0,0.0,45.92333333,b3012 or b0207 or b1781 or b3001
1630,AMALT2,Amylomaltase (maltotetraose),Cytoplasmic,Alternate Carbon Metabolism,78503.0,0.0,0.0,1.3,b3416
1631,MLTP1_f,Maltodextrin phosphorylase (maltopentaose),Inner Membrane,Alternate Carbon Metabolism,90522.0,90522.0,90522.0,47.0,b3417
1632,HEPT2,Heptosyltransferase II (LPS core synthesis),Cytoplasmic,Lipopolysaccharide Biosynthesis / Recycling,39042.0,0.0,0.0,79.47949376,b3620
1633,CYSDtex_f,D-cysteine transport via diffusion (extracellular to periplasm),Cytoplasmic,"Transport, Outer Membrane Porin",38922.0,0.0,0.0,100000000.0,b0241 or b0929 or b1377 or b2215
1634,CYSDabcpp,D-cysteine uptake via ABC system (periplasm),Inner Membrane,"Transport, Inner Membrane",0.0,0.0,0.0,100000000.0,
1635,HXAND,Hypoxanthine dehydrogenase,Cytoplasmic,Nucleotide Salvage Pathway,129800.0,0.0,0.0,30.0,b2866 and b2867 and b2868
1636,EX_acgal_e_f,N-Acetyl-D-galactosamine exchange,Exchange,Extracellular exchange,0.0,0.0,0.0,100000000.0,
1637,EX_so2_e_f,Sulfur dioxide exchange,Exchange,Extracellular exchange,0.0,0.0,0.0,100000000.0,
1638,EX_dms_e_f,Dimethyl sulfide exchange,Exchange,Extracellular exchange,0.0,0.0,0.0,100000000.0,
1639,G3PItex_f,Glycero-3-phospho-1-inositol transport via diffusion (extracellular to periplasm),Cytoplasmic,"Transport, Outer Membrane Porin",38922.0,0.0,0.0,100000000.0,b0241 or b0929 or b1377 or b2215
1640,G3PGtex_f,Glycerophoglycerol transport via diffusion (extracellular to periplasm),Cytoplasmic,"Transport, Outer Membrane Porin",38922.0,0.0,0.0,100000000.0,b0241 or b0929 or b1377 or b2215
1641,G3PEtex_f,Glycero-3-phosphoethanolamine transport via diffusion (extracellular to periplasm),Cytoplasmic,"Transport, Outer Membrane Porin",38922.0,0.0,0.0,100000000.0,b0929 or b1377 or b2215 or b0241
1642,G3PCtex_f,Glycero-3-phosphocholine transport via diffusion (extracellular to periplasm),Cytoplasmic,"Transport, Outer Membrane Porin",38922.0,0.0,0.0,100000000.0,b0241 or b0929 or b1377 or b2215
1643,MOAT3C,3-deoxy-D-manno-octulosonic acid transferase III (LPS core biosynthesis),Cytoplasmic,Lipopolysaccharide Biosynthesis / Recycling,33023.0,0.0,0.0,2.866666667,b3624
1644,RHAT1,Rhamnosyltransferase I (LPS core biosynthesis),Cytoplasmic,Lipopolysaccharide Biosynthesis / Recycling,38561.0,0.0,0.0,18.3185,b3629
1645,GLCabcpp,D-glucose transport via ABC system (periplasm),Inner Membrane,"Transport, Inner Membrane",127678.0,127678.0,127678.0,95.19583333,b2149 and b2148 and b2150
1646,GALT1,Galactosyltransferase I (LPS core synthesis),Cytoplasmic,Lipopolysaccharide Biosynthesis / Recycling,40826.0,0.0,0.0,4.357545811,b3628
1647,GLCTR2,Glucosyltransferase II (LPS core synthesis),Cytoplasmic,Lipopolysaccharide Biosynthesis / Recycling,38797.0,0.0,0.0,4.357545811,b3627
1648,UDPGPpp,UDPglucose pyrophosphohydrolase,Cytoplasmic,Alternate Carbon Metabolism,60824.0,0.0,0.0,71.0,b0480
1649,EX_acgal1p_e_f,N-Acetyl-D-galactosamine 1-phosphate exchange,Exchange,Extracellular exchange,0.0,0.0,0.0,100000000.0,
1650,EX_cyan_e_f,Hydrogen cyanide exchange,Exchange,Extracellular exchange,0.0,0.0,0.0,100000000.0,
1651,EX_tyrp_e_f,Phosphotyrosine exchange,Exchange,Extracellular exchange,0.0,0.0,0.0,100000000.0,
1652,EX_uacgam_e_f,UDP-N-acetyl-D-glucosamine exchange,Exchange,Extracellular exchange,0.0,0.0,0.0,100000000.0,
1653,EX_udpacgal_e_f,UDP-N-acetyl-D-galactosamine exchange,Exchange,Extracellular exchange,0.0,0.0,0.0,100000000.0,
1654,EX_udpg_e_f,UDPglucose exchange,Exchange,Extracellular exchange,0.0,0.0,0.0,100000000.0,
1655,EX_udpgal_e_f,UDPgalactose exchange,Exchange,Extracellular exchange,0.0,0.0,0.0,100000000.0,
1656,EX_udpglcur_e_f,UDP-D-glucuronate exchange,Exchange,Extracellular exchange,0.0,0.0,0.0,100000000.0,
1657,EX_14glucan_e_f,"1,4-alpha-D-glucan exchange",Exchange,Extracellular exchange,0.0,0.0,0.0,100000000.0,
1658,EX_pser__L_e_f,O-Phospho-L-serine exchange,Exchange,Extracellular exchange,0.0,0.0,0.0,100000000.0,
1659,EX_aso3_e_f,Arsenite exchange,Exchange,Extracellular exchange,0.0,0.0,0.0,100000000.0,
1660,EX_tcynt_e_f,Thiocyanate exchange,Exchange,Extracellular exchange,0.0,0.0,0.0,100000000.0,
1661,EX_fe3dhbzs_e_f,"Ferric 2,3-dihydroxybenzoylserine exchange",Exchange,Extracellular exchange,0.0,0.0,0.0,100000000.0,
1662,PPPGO,Protoporphyrinogen oxidase (aerobic),Cytoplasmic,Cofactor and Prosthetic Group Biosynthesis,21226.0,0.0,0.0,0.292,b3850
1663,EX_feoxam_un_e_f,Ferroxamine minus Fe(3) exchange,Exchange,Extracellular exchange,0.0,0.0,0.0,100000000.0,
1664,EX_g3pc_e_f,Sn-Glycero-3-phosphocholine exchange,Exchange,Extracellular exchange,0.0,0.0,0.0,100000000.0,
1665,EX_g3pg_e_f,Glycerophosphoglycerol exchange,Exchange,Extracellular exchange,0.0,0.0,0.0,100000000.0,
1666,EX_g3pi_e_f,Sn-Glycero-3-phospho-1-inositol exchange,Exchange,Extracellular exchange,0.0,0.0,0.0,100000000.0,
1667,EX_g3ps_e_f,Glycerophosphoserine exchange,Exchange,Extracellular exchange,0.0,0.0,0.0,100000000.0,
1668,EX_peamn_e_f,Phenethylamine exchange,Exchange,Extracellular exchange,0.0,0.0,0.0,100000000.0,
1669,EX_34dhpac_e_f,"3,4-Dihydroxyphenylacetaldehyde exchange",Exchange,Extracellular exchange,0.0,0.0,0.0,100000000.0,
1670,DAMPtex_f,DAMP transport via diffusion (extracellular to periplasm),Cytoplasmic,"Transport, Outer Membrane Porin",38922.0,0.0,0.0,100000000.0,b0241 or b0929 or b1377 or b2215
1671,DCMPtex_f,DCMP transport via diffusion (extracellular to periplasm),Cytoplasmic,"Transport, Outer Membrane Porin",38922.0,0.0,0.0,100000000.0,b0241 or b0929 or b1377 or b2215
1672,DGMPtex_f,DGMP transport via diffusion (extracellular to periplasm),Cytoplasmic,"Transport, Outer Membrane Porin",38922.0,0.0,0.0,100000000.0,b0241 or b0929 or b1377 or b2215
1673,DTMPtex_f,DTMP transport via diffusion (extracellular to periplasm),Cytoplasmic,"Transport, Outer Membrane Porin",38922.0,0.0,0.0,100000000.0,b0241 or b0929 or b1377 or b2215
1674,GMPtex_f,GMP transport via diffusion (extracellular to periplasm),Cytoplasmic,"Transport, Outer Membrane Porin",38922.0,0.0,0.0,100000000.0,b2215 or b0241 or b0929 or b1377
1675,IMPtex_f,IMP transport via diffusion (extracellular to periplasm),Cytoplasmic,"Transport, Outer Membrane Porin",38922.0,0.0,0.0,100000000.0,b0241 or b0929 or b1377 or b2215
1676,UMPtex_f,UMP transport via diffusion (extracellular to periplasm),Cytoplasmic,"Transport, Outer Membrane Porin",38922.0,0.0,0.0,100000000.0,b0929 or b1377 or b2215 or b0241
1677,G1Ptex_f,D-glucose 1-phosphate transport via diffusion,Cytoplasmic,"Transport, Outer Membrane Porin",38922.0,0.0,0.0,100000000.0,b0241 or b0929 or b1377 or b2215
1678,ADNK1,Adenosine kinase,Cytoplasmic,Nucleotide Salvage Pathway,23586.0,0.0,0.0,879.0,b0474
1679,CUt3,Copper transport out via proton antiport,Inner Membrane,"Transport, Outer Membrane",221533.0,221533.0,114707.0,22.0,b0572 and b0574 and b0573 and b0575
1680,ZN2t3pp,Zinc (Zn+2) transport out via proton antiport (periplasm),Inner Membrane,Inorganic Ion Transport and Metabolism,32927.0,32927.0,32927.0,22.0,b3915 or b0752
1681,SKMtex_f,Shikimate transport via diffusion (extracellular to periplasm),Cytoplasmic,"Transport, Outer Membrane Porin",38922.0,0.0,0.0,100000000.0,b0241 or b0929 or b1377 or b2215
1682,MNt2pp,Manganese (Mn+2) transport in via proton symport (periplasm),Inner Membrane,"Transport, Inner Membrane",44194.0,44194.0,44194.0,22.0,b2392
1683,MNtex_f,Manganese (Mn+2) transport via diffusion (extracellular to periplasm),Cytoplasmic,"Transport, Outer Membrane Porin",38922.0,0.0,0.0,100000000.0,b0241 or b0929 or b1377 or b2215
1684,GAL1Ptex_f,D-galactose 1-phosphate transport via diffusion (extracellular to periplasm),Cytoplasmic,"Transport, Outer Membrane Porin",38922.0,0.0,0.0,100000000.0,b0241 or b0929 or b1377 or b2215
1685,O2Stex_f,Superoxide anion transport via diffusion (extracellular to periplasm),Cytoplasmic,"Transport, Outer Membrane Porin",38922.0,0.0,0.0,100000000.0,b1377 or b2215 or b0241 or b0929
1686,HEPK1,LPS heptose kinase I (LPS core synthesis),Cytoplasmic,Lipopolysaccharide Biosynthesis / Recycling,30872.0,0.0,0.0,14.80483333,b3630
1687,HEPT3,Heptosyltransferase III (LPS core synthesis),Cytoplasmic,Lipopolysaccharide Biosynthesis / Recycling,38731.0,0.0,0.0,79.47949376,b3632
1688,HEPK2,LPS heptose kinase II (LPS core synthesis),Cytoplasmic,Lipopolysaccharide Biosynthesis / Recycling,27461.0,0.0,0.0,14.80483333,b3625
1689,ALDD3y,"Aldehyde dehydrogenase (propanal, NADP)",Cytoplasmic,Alternate Carbon Metabolism,36502.0,0.0,0.0,45.1,b3588 or b4269 or b3011
1690,R5PP,Ribose 5-phosphate phosphatase,Cytoplasmic,Alternate Carbon Metabolism,20780.0,0.0,0.0,9.84,b0822 or b2690 or b0675 or b2293 or b3697
1691,EX_xmp_e_f,Xanthosine 5'-phosphate exchange,Exchange,Extracellular exchange,0.0,0.0,0.0,100000000.0,
1692,EX_damp_e_f,DAMP exchange,Exchange,Extracellular exchange,0.0,0.0,0.0,100000000.0,
1693,CYSSADS,L-cysteine sulfinic acid desulfurase,Cytoplasmic,Cysteine Metabolism,44434.0,0.0,0.0,3.3,b2810 or b1680
1694,EX_dimp_e_f,DIMP exchange,Exchange,Extracellular exchange,0.0,0.0,0.0,100000000.0,
1695,CPPPGO2,Oxygen Independent coproporphyrinogen-III oxidase,Cytoplasmic,Cofactor and Prosthetic Group Biosynthesis,52729.0,0.0,0.0,900.0,b3867
1696,EX_isetac_e_f,Isethionic acid exchange,Exchange,Extracellular exchange,0.0,0.0,0.0,100000000.0,
1697,AGM3PH,"N-Acetyl-D-glucosamine(anhydrous)N-Acetylmuramyl-tripeptide beta -1,4-N-acetylglucosaminidase",Cytoplasmic,Murein Recycling,37595.0,0.0,0.0,185.2,b1107
1698,HOMt2pp,L-homoserineserine efflux via proton symport,Inner Membrane,"Transport, Inner Membrane",22427.0,22427.0,22427.0,22.0,b0813 or b3824
1699,HOMtex_f,L-homoserine transport via diffusion (extracellular to periplasm),Cytoplasmic,"Transport, Outer Membrane Porin",38922.0,0.0,0.0,100000000.0,b0241 or b0929 or b1377 or b2215
1700,SO2tex_f,SO2 transport via diffusion (extracellular to periplasm),Cytoplasmic,"Transport, Outer Membrane Porin",38922.0,0.0,0.0,100000000.0,b0241 or b0929 or b1377 or b2215
1701,SO2tpp_f,SO2 transport via diffusion (periplasm),Inner Membrane,Inorganic Ion Transport and Metabolism,0.0,0.0,0.0,100000000.0,s0001
1702,LDH_D2,D-lactate dehydrogenase,Cytoplasmic,Oxidative Phosphorylation,64612.0,0.0,0.0,3011.0,b2133
1703,SHCHF,Sirohydrochlorin ferrochelatase,Cytoplasmic,Cofactor and Prosthetic Group Biosynthesis,49951.0,0.0,0.0,0.034,b3368
1704,SUCBZL,O-succinylbenzoate-CoA ligase,Cytoplasmic,Cofactor and Prosthetic Group Biosynthesis,50185.0,0.0,0.0,2.62,b2260
1705,CYSDDS,D-cysteine desulfhydrase,Cytoplasmic,Cysteine Metabolism,35153.0,0.0,0.0,72.0,b1919
1706,CYStpp,L-cysteine export via facilitated transport,Inner Membrane,"Transport, Inner Membrane",21248.0,21248.0,21248.0,22.0,b2578 or b1533
1707,ACSERtpp,O-Acetyl-L-serine export via facilitated transport,Inner Membrane,"Transport, Inner Membrane",21248.0,21248.0,21248.0,22.0,b2578 or b1533
1708,ACSERtex_f,O-Acetyl-L-serine transport via diffusion (extracellular to periplasm),Cytoplasmic,"Transport, Outer Membrane Porin",38922.0,0.0,0.0,100000000.0,b1377 or b2215 or b0241 or b0929
1709,LALDO3,L-Lactaldehyde:NADP+ 1-oxidoreductase,Cytoplasmic,Methylglyoxal Metabolism,0.0,0.0,0.0,100000000.0,
1710,NTP10,Nucleoside-triphosphatase (ITP),Cytoplasmic,Nucleotide Salvage Pathway,18213.0,0.0,0.0,226.6424,b4161 or b4394
1711,PRAIS,Phosphoribosylaminoimidazole synthase,Cytoplasmic,Purine and Pyrimidine Biosynthesis,36854.0,0.0,0.0,1.08,b2499
1712,GDMANE,GDP-4-dehydro-6-deoxy-D-mannose epimerase,Cytoplasmic,Cell Envelope Biosynthesis,36141.0,0.0,0.0,0.75,b2052
1713,GPDDA4,Glycerophosphodiester phosphodiesterase (Glycerophosphoglycerol),Cytoplasmic,Glycerophospholipid Metabolism,27410.0,0.0,0.0,3.3,b3449
1714,LPLIPAL2E140,"Lysophospholipase L2 (2-acylglycerophosphoethanolamine, n-C14:0)",Cytoplasmic,Glycerophospholipid Metabolism,38978.0,0.0,0.0,1016.0,b3825
1715,LPLIPAL2E180,"Lysophospholipase L2 (2-acylglycerophosphoethanolamine, n-C18:0)",Cytoplasmic,Glycerophospholipid Metabolism,38978.0,0.0,0.0,1016.0,b3825
1716,LPLIPAL2G161,"Lysophospholipase L2 (2-acylglycerophosphoglycerol, n-C16:1)",Cytoplasmic,Glycerophospholipid Metabolism,38978.0,0.0,0.0,1016.0,b3825
1717,LPLIPAL2G181,"Lysophospholipase L2 (2-acylglycerophosphoglycerol, n-C18:1)",Cytoplasmic,Glycerophospholipid Metabolism,38978.0,0.0,0.0,1016.0,b3825
1718,2AGPE120tipp,2-Acyl-sn-glycero-3-phosphoethanolamine (n-C12:0) transporter via facilitated diffusion (periplasm),Inner Membrane,"Transport, Inner Membrane",41656.0,41656.0,41656.0,100000000.0,b2835
1719,AACPS6,Acyl-[acyl-carrier-protein] synthetase  (n-C18:0),Inner Membrane,Cell Envelope Biosynthesis,89340.0,89340.0,80700.0,21.94,b1094 and b2836
1720,AACPS7,Acyl-[acyl-carrier-protein] synthetase  (n-C12:0),Inner Membrane,Cell Envelope Biosynthesis,89340.0,89340.0,80700.0,21.94,b1094 and b2836
1721,G3PGabcpp,Sn-glycerol-3-phosphoglycerol transport via ABC system (periplasm),Inner Membrane,"Transport, Inner Membrane",152737.0,152737.0,152737.0,95.19583333,b3450 and b3451 and b3453 and b3452
1722,G3PIabcpp,Sn-glycerol-3-phosphoethanolamine transport via ABC system (periplasm),Inner Membrane,"Transport, Inner Membrane",152737.0,152737.0,152737.0,95.19583333,b3450 and b3451 and b3453 and b3452
1723,G3PSabcpp,Sn-glycerol-3-phosphoserine transport via ABC system (periplasm),Inner Membrane,"Transport, Inner Membrane",152737.0,152737.0,152737.0,95.19583333,b3450 and b3451 and b3453 and b3452
1724,QMO2,Quinol monooxygenase (Ubiquinol-8),Cytoplasmic,Oxidative Phosphorylation,11532.0,0.0,0.0,69.50713596,b3029
1725,QMO3,Quinol monooxygenase (menaquinol 8),Cytoplasmic,Oxidative Phosphorylation,11532.0,0.0,0.0,69.50713596,b3029
1726,LPLIPAL2E141,"Lysophospholipase L2 (2-acylglycerophosphoethanolamine, n-C14:1)",Cytoplasmic,Glycerophospholipid Metabolism,38978.0,0.0,0.0,1016.0,b3825
1727,LPLIPAL2E161,"Lysophospholipase L2 (2-acylglycerophosphoethanolamine, n-C16:1)",Cytoplasmic,Glycerophospholipid Metabolism,38978.0,0.0,0.0,1016.0,b3825
1728,LPLIPAL2E181,"Lysophospholipase L2 (2-acylglycerophosphoethanolamine, n-C18:1)",Cytoplasmic,Glycerophospholipid Metabolism,38978.0,0.0,0.0,1016.0,b3825
1729,LPLIPAL2G180,"Lysophospholipase L2 (2-acylglycerophosphoglycerol, n-C18:0)",Cytoplasmic,Glycerophospholipid Metabolism,38978.0,0.0,0.0,1016.0,b3825
1730,LPLIPAL2G141,"Lysophospholipase L2 (2-acylglycerophosphoglycerol, n-C14:1)",Cytoplasmic,Glycerophospholipid Metabolism,38978.0,0.0,0.0,1016.0,b3825
1731,2AGPA120tipp,2-Acyl-sn-glycero-3-phosphatidate (n-C12:0) transporter via facilitated diffusion (periplasm),Inner Membrane,"Transport, Inner Membrane",41656.0,41656.0,41656.0,100000000.0,b2835
1732,2AGPG180tipp,2-Acyl-sn-glycero-3-phosphoglycerol (n-C18:0) transporter via facilitated diffusion (periplasm),Inner Membrane,"Transport, Inner Membrane",41656.0,41656.0,41656.0,100000000.0,b2835
1733,IPDDI_f,Isopentenyl-diphosphate D-isomerase,Cytoplasmic,Cofactor and Prosthetic Group Biosynthesis,20508.0,0.0,0.0,4.80625,b2889
1734,2AGPGAT180,2-acyl-glycerophospho-glycerol acyltransferase (n-C18:0),Inner Membrane,Glycerophospholipid Metabolism,80700.0,80700.0,80700.0,0.016,b2836
1735,2AGPGAT181,2-acyl-glycerophospho-glycerol acyltransferase (n-C18:1),Inner Membrane,Glycerophospholipid Metabolism,80700.0,80700.0,80700.0,0.016,b2836
1736,LPLIPAL2ATG120,"Lysophospholipase L2 (acyltransferase, 2-acyl-glycerophosphoglycerol, n-C12:0)",Cytoplasmic,Glycerophospholipid Metabolism,38978.0,0.0,0.0,1016.0,b3825
1737,PLIPA1E140pp,"Phospholipase A1 (phosphatidylethanolamine, n-C14:0) (periplasm)",Cytoplasmic,Glycerophospholipid Metabolism,33163.0,0.0,0.0,2.48,b3821
1738,PLIPA1E160pp,"Phospholipase A1 (phosphatidylethanolamine, n-C16:0) (periplasm)",Cytoplasmic,Glycerophospholipid Metabolism,33163.0,0.0,0.0,1.1,b3821
1739,PLIPA1E161pp,"Phospholipase A1 (phosphatidylethanolamine, n-C16:1) (periplasm)",Cytoplasmic,Glycerophospholipid Metabolism,33163.0,0.0,0.0,2.48,b3821
1740,AACPS8,Acyl-[acyl-carrier-protein] synthetase  (n-C10:0),Inner Membrane,Cell Envelope Biosynthesis,89340.0,89340.0,80700.0,21.94,b1094 and b2836
1741,AACPS9,Acyl-[acyl-carrier-protein] synthetase  (n-C8:0),Inner Membrane,Cell Envelope Biosynthesis,89340.0,89340.0,80700.0,21.94,b1094 and b2836
1742,HXCT,Acetyl-CoA:hexanoate-CoA transferase,Cytoplasmic,Alternate Carbon Metabolism,46486.0,0.0,0.0,290.0,b2222 and b2221
1743,2AGPEAT160,2-acyl-glycerophospho-ethanolamine acyltransferase (n-C16:0),Inner Membrane,Glycerophospholipid Metabolism,80700.0,80700.0,80700.0,46.80901367,b2836
1744,DURADx_f,Dihydrouracil dehydrogenase (NAD),Cytoplasmic,Nucleotide Salvage Pathway,89398.0,0.0,0.0,0.65,b2147 and b2146
1745,ECOAH7_f,3-hydroxyacyl-CoA dehydratase (3-hydroxyhexadecanoyl-CoA),Cytoplasmic,Membrane Lipid Metabolism,77072.0,0.0,0.0,380.5,b2341 or b3846
1746,G1PPpp,Glucose-1-phosphatase,Cytoplasmic,Glycolysis/Gluconeogenesis,45683.0,0.0,0.0,117.0,b1002 or b0383
1747,GALCTND,Galactonate dehydratase,Cytoplasmic,Alternate Carbon Metabolism,42523.0,0.0,0.0,1.08,b4478
1748,GCALDD,Glycolaldehyde dehydrogenase,Cytoplasmic,Folate Metabolism,52273.0,0.0,0.0,43.65,b1415
1749,HISTP,Histidinol-phosphatase,Cytoplasmic,Histidine Metabolism,40278.0,0.0,0.0,1132.5,b2022
1750,LDH_D_f,D-lactate dehydrogenase,Cytoplasmic,Pyruvate Metabolism,36535.0,0.0,0.0,0.07,b1380
1751,AMALT4,Amylomaltase (maltohexaose),Cytoplasmic,Alternate Carbon Metabolism,78503.0,0.0,0.0,1.3,b3416
1752,NTD11,5'-nucleotidase (IMP),Cytoplasmic,Nucleotide Salvage Pathway,25399.0,0.0,0.0,104.0,b2744 or b3399
1753,ORNDC,Ornithine Decarboxylase,Cytoplasmic,Arginine and Proline Metabolism,79416.0,0.0,0.0,3.4,b2965 or b0693
1754,UPP3MT,Uroporphyrinogen methyltransferase,Cytoplasmic,Cofactor and Prosthetic Group Biosynthesis,49951.0,0.0,0.0,38.0,b3368
1755,KAS15,Beta-ketoacyl-ACP synthase (2),Cytoplasmic,Membrane Lipid Metabolism,33515.0,0.0,0.0,3.765,b1091
1756,ALAALAtex_f,D-alanyl-D-alanine (DalaDala) transport via diffusion (extracellular to periplasm),Cytoplasmic,"Transport, Outer Membrane Porin",38922.0,0.0,0.0,100000000.0,b0241 or b0929 or b1377 or b2215
1757,FACOAL181t2pp,Fatty-acid-CoA ligase (octadecenoate transport via vectoral Co-A coupling),Cytoplasmic,Cell Envelope Biosynthesis,62332.0,0.0,0.0,0.029,b1805 or b1701
1758,T2DECAI_f,Trans-2-decenoyl-ACP isomerase,Cytoplasmic,Cell Envelope Biosynthesis,18969.0,0.0,0.0,15.0,b0954
1759,3OAS161,3-oxoacyl-[acyl-carrier-protein] synthase (n-C16:1),Cytoplasmic,Cell Envelope Biosynthesis,42613.0,0.0,0.0,0.725,b2323
1760,EAR141y,Enoyl-[acyl-carrier-protein] reductase (NADPH) (n-C14:1),Cytoplasmic,Cell Envelope Biosynthesis,27864.0,0.0,0.0,5.3,b1288
1761,EAR161x,Enoyl-[acyl-carrier-protein] reductase (NADH) (n-C16:1),Cytoplasmic,Cell Envelope Biosynthesis,27864.0,0.0,0.0,5.3,b1288
1762,DASYN160,CDP-diacylglycerol synthetase (n-C16:0),Inner Membrane,Glycerophospholipid Metabolism,31454.0,31454.0,31454.0,8.92,b0175
1763,DASYN161,CDP-diacylglycerol synthetase (n-C16:1),Inner Membrane,Glycerophospholipid Metabolism,31454.0,31454.0,31454.0,8.92,b0175
1764,DASYN181,CDP-diacylglycerol synthetase (n-C18:1),Inner Membrane,Glycerophospholipid Metabolism,31454.0,31454.0,31454.0,8.92,b0175
1765,CDAPPA161,CDP-Diacylglycerol pyrophostatase (n-C16:1),Cytoplasmic,Glycerophospholipid Metabolism,28451.0,0.0,0.0,90.13177273,b3918
1766,PGSA180,Phosphatidylglycerol synthase (n-C18:0),Inner Membrane,Glycerophospholipid Metabolism,20701.0,20701.0,20701.0,1.0,b1912
1767,PSSA140,Phosphatidylserine syntase (n-C14:0),Cytoplasmic,Glycerophospholipid Metabolism,52802.0,0.0,0.0,1.0,b2585
1768,2AGPGAT141,2-acyl-glycerophospho-glycerol acyltransferase (n-C14:1),Inner Membrane,Glycerophospholipid Metabolism,80700.0,80700.0,80700.0,0.016,b2836
1769,FACOAE180,Fatty-acid-CoA thioesterase (octadecanoate),Cytoplasmic,Cell Envelope Biosynthesis,31966.0,0.0,0.0,61.375,b0452
1770,FACOAE100,Fatty-acid-CoA thioesterase (decanoate),Cytoplasmic,Cell Envelope Biosynthesis,31966.0,0.0,0.0,17.0,b0452
1771,FACOAE80,Fatty-acid-CoA thioesterase (octanoate),Cytoplasmic,Cell Envelope Biosynthesis,31966.0,0.0,0.0,159.0,b0452
1772,FACOAE60,Fatty-acid-CoA thioesterase (hexanoate),Cytoplasmic,Cell Envelope Biosynthesis,31966.0,0.0,0.0,3.7615,b0452
1773,PLIPA1E120pp,"Phospholipase A1 (phosphatidylethanolamine, n-C12:0) (periplasm)",Cytoplasmic,Glycerophospholipid Metabolism,33163.0,0.0,0.0,2.48,b3821
1774,MALtex_f,Malate transport via diffusion (extracellular to periplasm),Cytoplasmic,"Transport, Outer Membrane Porin",38922.0,0.0,0.0,100000000.0,b0241 or b0929 or b1377 or b2215
1775,NO3tex_f,Nitrate transport via diffusion (extracellular to periplasm),Cytoplasmic,"Transport, Outer Membrane Porin",38922.0,0.0,0.0,100000000.0,b1377 or b0241 or b0929 or b2215
1776,3OAS141,3-oxoacyl-[acyl-carrier-protein] synthase (n-C14:1),Cytoplasmic,Cell Envelope Biosynthesis,42613.0,0.0,0.0,0.725,b2323
1777,3OAR121,3-oxoacyl-[acyl-carrier-protein] reductase (n-C12:1),Cytoplasmic,Cell Envelope Biosynthesis,25560.0,0.0,0.0,0.59,b1093
1778,CFAS160G,"Cyclopropane fatty acid synthase (Phosphatidylglycerol, n-C16:0)",Cytoplasmic,Glycerophospholipid Metabolism,43909.0,0.0,0.0,0.067,b1661
1779,URAt2pp,Uracil transport in via proton symport (periplasm),Inner Membrane,"Transport, Inner Membrane",45060.0,45060.0,45060.0,22.0,b2497 or b1006
1780,FACOAE141,Fatty-acid-CoA thioesterase (tetradecenoate),Cytoplasmic,Cell Envelope Biosynthesis,31966.0,0.0,0.0,39.26175,b0452
1781,FACOAE161,Fatty-acid-CoA thioesterase (hexadecenoate),Cytoplasmic,Cell Envelope Biosynthesis,31966.0,0.0,0.0,39.26175,b0452
1782,TTDCEAtexi,Tetradecenoate transport via facilitated irreversible diffusion (extracellular to periplasm),Cytoplasmic,"Transport, Outer Membrane",48542.0,0.0,0.0,100000000.0,b2344
1783,HDCEAtexi,Hexadecenoate transport via facilitated irreversible diffusion (extracellular to periplasm),Cytoplasmic,"Transport, Outer Membrane",48542.0,0.0,0.0,100000000.0,b2344
1784,ALAALAD,D-alanine-D-alanine dipeptidase,Cytoplasmic,Murein Recycling,21213.0,0.0,0.0,22.85,b1488
1785,2AGPEAT180,2-acyl-glycerophospho-ethanolamine acyltransferase (n-C18:0),Inner Membrane,Glycerophospholipid Metabolism,80700.0,80700.0,80700.0,46.80901367,b2836
1786,2AGPEAT181,2-acyl-glycerophospho-ethanolamine acyltransferase (n-C18:1),Inner Membrane,Glycerophospholipid Metabolism,80700.0,80700.0,80700.0,0.016,b2836
1787,2AGPGAT140,2-acyl-glycerophospho-glycerol acyltransferase (n-C14:0),Inner Membrane,Glycerophospholipid Metabolism,80700.0,80700.0,80700.0,0.016,b2836
1788,PLIPA1E181pp,"Phospholipase A1 (phosphatidylethanolamine, n-C18:1) (periplasm)",Cytoplasmic,Glycerophospholipid Metabolism,33163.0,0.0,0.0,2.48,b3821
1789,PLIPA1G180pp,"Phospholipase A1 (phosphatidylglycerol, n-C18:0) (periplasm)",Cytoplasmic,Glycerophospholipid Metabolism,33163.0,0.0,0.0,2.48,b3821
1790,PLIPA1G181pp,"Phospholipase A1 (phosphatidylglycerol, n-C18:1) (periplasm)",Cytoplasmic,Glycerophospholipid Metabolism,33163.0,0.0,0.0,2.48,b3821
1791,ALAALAabcpp,D-alanyl-D-alanine (DalaDala) transport via ABC system (periplasm),Inner Membrane,"Transport, Inner Membrane",197678.0,197678.0,197678.0,22.0,(b3544 and b3542 and b3543 and b3540 and b3541) or (b1487 and b1486 and b1483 and b1485 and b1484)
1792,HEXt2rpp_f,"Hexanoate transport via proton symport, reversible (periplasm)",Inner Membrane,"Transport, Inner Membrane",47528.0,47528.0,47528.0,22.0,b2223
1793,G3PEabcpp,Sn-glycerol-3-phosphoethanolamine transport via ABC system (periplasm),Inner Membrane,"Transport, Inner Membrane",152737.0,152737.0,152737.0,95.19583333,b3450 and b3451 and b3453 and b3452
1794,G3PCabcpp,Sn-glycerol-3-phosphocholine transport via ABC system (periplasm),Inner Membrane,"Transport, Inner Membrane",152737.0,152737.0,152737.0,95.19583333,b3450 and b3451 and b3453 and b3452
1795,2AGPGAT161,2-acyl-glycerophospho-glycerol acyltransferase (n-C16:1),Inner Membrane,Glycerophospholipid Metabolism,80700.0,80700.0,80700.0,0.016,b2836
1796,AMPTASEPG,Aminopeptidase (pro-gly),Cytoplasmic,Arginine and Proline Metabolism,46180.0,0.0,0.0,92.0,b2523 or b0932 or b4260 or b0237
1797,PROGLYabcpp,L-Prolinylglycine (Pro-Gly) transport via ABC system (periplasm),Inner Membrane,"Transport, Inner Membrane",203503.0,203503.0,203503.0,22.0,b3544 and b3542 and b3540 and b3541 and b3543
1798,GTHRDabcpp,Reduced glutathione via ABC system (periplasm),Inner Membrane,"Transport, Inner Membrane",192888.0,192888.0,192888.0,95.19583333,b0831 and b0830 and b0829 and b0832
1799,2AGPG140tipp,2-Acyl-sn-glycero-3-phosphoglycerol (n-C14:0) transporter via facilitated diffusion (periplasm),Inner Membrane,"Transport, Inner Membrane",41656.0,41656.0,41656.0,100000000.0,b2835
1800,2AGPG160tipp,2-Acyl-sn-glycero-3-phosphoglycerol (n-C16:0) transporter via facilitated diffusion (periplasm),Inner Membrane,"Transport, Inner Membrane",41656.0,41656.0,41656.0,100000000.0,b2835
1801,2AGPG141tipp,2-Acyl-sn-glycero-3-phosphoglycerol (n-C14:1) transporter via facilitated diffusion (periplasm),Inner Membrane,"Transport, Inner Membrane",41656.0,41656.0,41656.0,100000000.0,b2835
1802,2AGPG161tipp,2-Acyl-sn-glycero-3-phosphoglycerol (n-C16:1) transporter via facilitated diffusion (periplasm),Inner Membrane,"Transport, Inner Membrane",41656.0,41656.0,41656.0,100000000.0,b2835
1803,2AGPG181tipp,2-Acyl-sn-glycero-3-phosphoglycerol (n-C18:1) transporter via facilitated diffusion (periplasm),Inner Membrane,"Transport, Inner Membrane",41656.0,41656.0,41656.0,100000000.0,b2835
1804,2AGPEAT140,2-acyl-glycerophospho-ethanolamine acyltransferase (n-C14:0),Inner Membrane,Glycerophospholipid Metabolism,80700.0,80700.0,80700.0,0.016,b2836
1805,2AGPEAT120,2-acyl-glycerophospho-ethanolamine acyltransferase (n-C12:0),Inner Membrane,Glycerophospholipid Metabolism,80700.0,80700.0,80700.0,0.016,b2836
1806,2AGPEAT161,2-acyl-glycerophospho-ethanolamine acyltransferase (n-C16:1),Inner Membrane,Glycerophospholipid Metabolism,80700.0,80700.0,80700.0,0.016,b2836
1807,2AGPEAT141,2-acyl-glycerophospho-ethanolamine acyltransferase (n-C14:1),Inner Membrane,Glycerophospholipid Metabolism,80700.0,80700.0,80700.0,0.016,b2836
1808,2AGPGAT160,2-acyl-glycerophospho-glycerol acyltransferase (n-C16:0),Inner Membrane,Glycerophospholipid Metabolism,80700.0,80700.0,80700.0,0.016,b2836
1809,LPLIPAL2ATG140,"Lysophospholipase L2 (acyltransferase, 2-acyl-glycerophosphoglycerol, n-C14:0)",Cytoplasmic,Glycerophospholipid Metabolism,38978.0,0.0,0.0,1016.0,b3825
1810,LPLIPAL2ATG141,"Lysophospholipase L2 (acyltransferase, 2-acyl-glycerophosphoglycerol, n-C14:1)",Cytoplasmic,Glycerophospholipid Metabolism,38978.0,0.0,0.0,1016.0,b3825
1811,LPLIPAL2ATG160,"Lysophospholipase L2 (acyltransferase, 2-acyl-glycerophosphoglycerol, n-C16:0)",Cytoplasmic,Glycerophospholipid Metabolism,38978.0,0.0,0.0,1016.0,b3825
1812,LPLIPAL2ATG180,"Lysophospholipase L2 (acyltransferase, 2-acyl-glycerophosphoglycerol, n-C18:0)",Cytoplasmic,Glycerophospholipid Metabolism,38978.0,0.0,0.0,1016.0,b3825
1813,LPLIPAL2ATG161,"Lysophospholipase L2 (acyltransferase, 2-acyl-glycerophosphoglycerol, n-C16:1)",Cytoplasmic,Glycerophospholipid Metabolism,38978.0,0.0,0.0,1016.0,b3825
1814,LPLIPAL2ATG181,"Lysophospholipase L2 (acyltransferase, 2-acyl-glycerophosphoglycerol, n-C18:1)",Cytoplasmic,Glycerophospholipid Metabolism,38978.0,0.0,0.0,1016.0,b3825
1815,CLPNS180pp_f,"Cardiolipin synthase (periplasmic, n-C18:0)",Inner Membrane,Glycerophospholipid Metabolism,54822.0,54822.0,54822.0,1.0,b1249 or b0789
1816,CLPNS181pp_f,"Cardiolipin synthase (periplasmic, n-C18:1)",Inner Membrane,Glycerophospholipid Metabolism,54822.0,54822.0,54822.0,1.0,b1249 or b0789
1817,PG161abcpp,"Phosphatidylglycerol transport via ABC system (n-C16:1, periplasm)",Inner Membrane,"Transport, Inner Membrane",64461.0,64461.0,64461.0,95.19583333,b0914
1818,PGP120abcpp,"Phosphatidylglycerophosphate transport via ABC system (n-C12:0, periplasm)",Inner Membrane,"Transport, Inner Membrane",64461.0,64461.0,64461.0,95.19583333,b0914
1819,PGP161abcpp,"Phosphatidylglycerophosphate transport via ABC system (n-C16:1, periplasm)",Inner Membrane,"Transport, Inner Membrane",64461.0,64461.0,64461.0,95.19583333,b0914
1820,PGP181abcpp,"Phosphatidylglycerophosphate transport via ABC system (n-C18:1, periplasm)",Inner Membrane,"Transport, Inner Membrane",64461.0,64461.0,64461.0,95.19583333,b0914
1821,PA120abcpp,"Phosphatidate transport via ABC system (n-C12:0, periplasm)",Inner Membrane,"Transport, Inner Membrane",64461.0,64461.0,64461.0,95.19583333,b0914
1822,PLIPA1G120pp,"Phospholipase A1 (phosphatidylglycerol, n-C12:0) (periplasm)",Cytoplasmic,Glycerophospholipid Metabolism,33163.0,0.0,0.0,2.48,b3821
1823,CLPNS120pp_f,"Cardiolipin synthase (periplasmic, n-C12:0)",Inner Membrane,Glycerophospholipid Metabolism,54822.0,54822.0,54822.0,1.0,b0789 or b1249
1824,ALPATE160pp,"Apolipoprotein N-acyltransferase (phosphatidylethanolamine, periplasm)",Inner Membrane,Unassigned,65389.0,65389.0,57066.0,46.80901367,b1677 and b0657
1825,ALPATG160pp,"Apolipoprotein N-acyltransferase (phosphatidylglycerol, periplasm)",Inner Membrane,Unassigned,65389.0,65389.0,57066.0,46.80901367,b1677 and b0657
1826,2AGPGAT120,2-acyl-glycerophospho-glycerol acyltransferase (n-C12:0),Inner Membrane,Glycerophospholipid Metabolism,80700.0,80700.0,80700.0,0.016,b2836
1827,LPLIPAL2ATE120,"Lysophospholipase L2 (acyltransferase, 2-acyl-glycerophosphoethanolamine, n-C12:0)",Cytoplasmic,Glycerophospholipid Metabolism,38978.0,0.0,0.0,1016.0,b3825
1828,LPLIPAL2ATE140,"Lysophospholipase L2 (acyltransferase, 2-acyl-glycerophosphoethanolamine, n-C14:0)",Cytoplasmic,Glycerophospholipid Metabolism,38978.0,0.0,0.0,1016.0,b3825
1829,LPLIPAL2ATE160,"Lysophospholipase L2 (acyltransferase, 2-acyl-glycerophosphoethanolamine, n-C16:0)",Cytoplasmic,Glycerophospholipid Metabolism,38978.0,0.0,0.0,1016.0,b3825
1830,LPLIPAL2ATE180,"Lysophospholipase L2 (acyltransferase, 2-acyl-glycerophosphoethanolamine, n-C18:0)",Cytoplasmic,Glycerophospholipid Metabolism,38978.0,0.0,0.0,1016.0,b3825
1831,LPLIPAL2ATE141,"Lysophospholipase L2 (acyltransferase, 2-acyl-glycerophosphoethanolamine, n-C14:1)",Cytoplasmic,Glycerophospholipid Metabolism,38978.0,0.0,0.0,1016.0,b3825
1832,LPLIPAL2ATE161,"Lysophospholipase L2 (acyltransferase, 2-acyl-glycerophosphoethanolamine, n-C16:1)",Cytoplasmic,Glycerophospholipid Metabolism,38978.0,0.0,0.0,1016.0,b3825
1833,LPLIPAL2ATE181,"Lysophospholipase L2 (acyltransferase, 2-acyl-glycerophosphoethanolamine, n-C18:1)",Cytoplasmic,Glycerophospholipid Metabolism,38978.0,0.0,0.0,1016.0,b3825
1834,FACOAL141t2pp,Fatty-acid-CoA ligase (tetradecenoate transport via vectoral Co-A coupling),Cytoplasmic,Cell Envelope Biosynthesis,62332.0,0.0,0.0,0.029,b1701 or b1805
1835,FACOAL161t2pp,Fatty-acid-CoA ligase (hexadecenoate transport via vectoral Co-A coupling),Cytoplasmic,Cell Envelope Biosynthesis,62332.0,0.0,0.0,0.029,b1805 or b1701
1836,PA160abcpp,"Phosphatidate transport via ABC system (n-C16:0, periplasm)",Inner Membrane,"Transport, Inner Membrane",64461.0,64461.0,64461.0,95.19583333,b0914
1837,PA181abcpp,"Phosphatidate transport via ABC system (n-C18:1, periplasm)",Inner Membrane,"Transport, Inner Membrane",64461.0,64461.0,64461.0,95.19583333,b0914
1838,12DGR141tipp,"1,2 diacylglycerol transport via flipping (periplasm to cytoplasm, n-C14:1)",Inner Membrane,"Transport, Inner Membrane",0.0,0.0,0.0,100000000.0,
1839,PGPP140pp,"Phosphatidylglycerol phosphate phosphatase (periplasm, n-C14:0)",Inner Membrane,Glycerophospholipid Metabolism,19418.0,19418.0,19418.0,24.0,b0418 or b1278
1840,PGPP141pp,"Phosphatidylglycerol phosphate phosphatase (periplasm, n-C14:1)",Inner Membrane,Glycerophospholipid Metabolism,19418.0,19418.0,19418.0,24.0,b0418 or b1278
1841,PGPP160pp,"Phosphatidylglycerol phosphate phosphatase (periplasm, n-C16:0)",Inner Membrane,Glycerophospholipid Metabolism,19418.0,19418.0,19418.0,24.0,b0418 or b1278
1842,PGPP180pp,"Phosphatidylglycerol phosphate phosphatase (periplasm, n-C18:0)",Inner Membrane,Glycerophospholipid Metabolism,19418.0,19418.0,19418.0,24.0,b0418 or b1278
1843,CLPNH141pp,"Cardiolipin hydrolase (periplasm, n-C14:1)",Cytoplasmic,Glycerophospholipid Metabolism,0.0,0.0,0.0,100000000.0,
1844,CLPNH160pp,"Cardiolipin hydrolase (periplasm, n-C16:0)",Cytoplasmic,Glycerophospholipid Metabolism,0.0,0.0,0.0,100000000.0,
1845,CLPNH161pp,"Cardiolipin hydrolase (periplasm, n-C16:1)",Cytoplasmic,Glycerophospholipid Metabolism,0.0,0.0,0.0,100000000.0,
1846,CLPNH181pp,"Cardiolipin hydrolase (periplasm, n-C18:1)",Cytoplasmic,Glycerophospholipid Metabolism,0.0,0.0,0.0,100000000.0,
1847,PLIPA1E180pp,"Phospholipase A1 (phosphatidylethanolamine, n-C18:0) (periplasm)",Cytoplasmic,Glycerophospholipid Metabolism,33163.0,0.0,0.0,1.1,b3821
1848,PLIPA1G140pp,"Phospholipase A1 (phosphatidylglycerol, n-C14:0) (periplasm)",Cytoplasmic,Glycerophospholipid Metabolism,33163.0,0.0,0.0,2.48,b3821
1849,PLIPA1G161pp,"Phospholipase A1 (phosphatidylglycerol, n-C16:1) (periplasm)",Cytoplasmic,Glycerophospholipid Metabolism,33163.0,0.0,0.0,2.48,b3821
1850,CLPNS160pp_f,"Cardiolipin synthase (periplasmic, n-C16:0)",Inner Membrane,Glycerophospholipid Metabolism,54822.0,54822.0,54822.0,1.0,b0789 or b1249
1851,CLPNS161pp_f,"Cardiolipin synthase (periplasmic, n-C16:1)",Inner Membrane,Glycerophospholipid Metabolism,54822.0,54822.0,54822.0,1.0,b1249 or b0789
1852,PG160abcpp,"Phosphatidylglycerol transport via ABC system (n-C16:0, periplasm)",Inner Membrane,"Transport, Inner Membrane",64461.0,64461.0,64461.0,95.19583333,b0914
1853,PGP140abcpp,"Phosphatidylglycerophosphate transport via ABC system (n-C14:0, periplasm)",Inner Membrane,"Transport, Inner Membrane",64461.0,64461.0,64461.0,95.19583333,b0914
1854,PAPA120pp,"Phosphatidate phosphatase (periplasmic, n-C12:0)",Inner Membrane,Glycerophospholipid Metabolism,29021.0,29021.0,29021.0,152.0,b1278
1855,PAPA140pp,"Phosphatidate phosphatase (periplasmic, n-C14:0)",Inner Membrane,Glycerophospholipid Metabolism,29021.0,29021.0,29021.0,152.0,b1278
1856,PAPA141pp,"Phosphatidate phosphatase (periplasmic, n-C14:1)",Inner Membrane,Glycerophospholipid Metabolism,29021.0,29021.0,29021.0,152.0,b1278
1857,PAPA160pp,"Phosphatidate phosphatase (periplasmic, n-C16:0)",Inner Membrane,Glycerophospholipid Metabolism,29021.0,29021.0,29021.0,184.0,b1278
1858,PAPA161pp,"Phosphatidate phosphatase (periplasmic, n-C16:1)",Inner Membrane,Glycerophospholipid Metabolism,29021.0,29021.0,29021.0,152.0,b1278
1859,PAPA180pp,"Phosphatidate phosphatase (periplasmic, n-C18:0)",Inner Membrane,Glycerophospholipid Metabolism,29021.0,29021.0,29021.0,152.0,b1278
1860,HPYRI_f,Hydroxypyruvate isomerase,Cytoplasmic,Alternate Carbon Metabolism,29377.0,0.0,0.0,1265.461667,b0508
1861,FE3HOXUtex,Fe(III)hydroxamate unloaded secretion,Inner Membrane,Inorganic Ion Transport and Metabolism,0.0,0.0,0.0,100000000.0,
1862,TPRDCOAS,Triphosphoribosyl-dephospho-CoA synthase,Cytoplasmic,Cofactor and Prosthetic Group Biosynthesis,31644.0,0.0,0.0,0.01415,b0613
1863,ACGAM1PPpp,N-acetyl-D-glucosamine 1-phosphatase (periplasm),Cytoplasmic,Alternate Carbon Metabolism,0.0,0.0,0.0,100000000.0,
1864,EX_dgmp_e_f,DGMP exchange,Exchange,Extracellular exchange,0.0,0.0,0.0,100000000.0,
1865,GAMptspp,D-glucosamine transport via PEP:Pyr PTS (periplasm),Inner Membrane,"Transport, Inner Membrane",166320.0,166320.0,166320.0,3204.0,b2415 and b2416 and b1819 and b1817 and b1818
1866,GSNt2pp,Guanosine transport in via proton symport (periplasm),Inner Membrane,"Transport, Inner Membrane",46389.0,46389.0,46389.0,22.0,b2964
1867,EX_4hoxpacd_e_f,4-Hydroxyphenylacetaldehyde exchange,Exchange,Extracellular exchange,0.0,0.0,0.0,100000000.0,
1868,GSNtex_f,Guanosine transport via diffusion (extracellular to periplasm),Cytoplasmic,"Transport, Outer Membrane Porin",38922.0,0.0,0.0,100000000.0,b0241 or b0929 or b1377 or b2215
1869,FORtex_f,Formate transport via diffusion (extracellular to periplasm),Cytoplasmic,"Transport, Outer Membrane Porin",38922.0,0.0,0.0,100000000.0,b0241 or b0929 or b1377 or b2215
1870,D_LACt2pp_f,D-lactate transport via proton symport (periplasm),Inner Membrane,"Transport, Inner Membrane",50677.0,50677.0,50677.0,22.0,b3603 or b2975
1871,RIBtex_f,Ribose transport via diffusion (extracellular to periplasm),Cytoplasmic,"Transport, Outer Membrane Porin",38922.0,0.0,0.0,100000000.0,b0241 or b0929 or b1377 or b2215
1872,FLVRx,Flavin reductase (NAD),Cytoplasmic,Cofactor and Prosthetic Group Biosynthesis,26242.0,0.0,0.0,36.35,b3844
1873,THMtex_f,Thiamine transport via diffusion (extracellular to periplasm),Cytoplasmic,"Transport, Outer Membrane Porin",38922.0,0.0,0.0,100000000.0,b0241 or b0929 or b1377 or b2215
1874,XYLUtex_f,L-xylulose transport via diffusion (extracellular to periplasm),Cytoplasmic,"Transport, Outer Membrane Porin",38922.0,0.0,0.0,100000000.0,b0241 or b0929 or b1377 or b2215
1875,EX_manglyc_e_f,2(alpha-D-Mannosyl)-D-glycerate exchange,Exchange,Extracellular exchange,0.0,0.0,0.0,100000000.0,
1876,ALLtex_f,Allose transport via diffusion (extracellular to periplasm),Cytoplasmic,"Transport, Outer Membrane Porin",38922.0,0.0,0.0,100000000.0,b0929 or b0241 or b1377 or b2215
1877,GGPTRCO,Gamma glutamyl putrescine oxidase,Cytoplasmic,Alternate Carbon Metabolism,47170.0,0.0,0.0,84.07596667,b1301
1878,EX_metsox_R__L_e_f,L-methionine-R-sulfoxide exchange,Exchange,Extracellular exchange,0.0,0.0,0.0,100000000.0,
1879,34dhpactex_f,Dihydroxyphenylacetaldehyde transport via diffusion (extracellular to periplasm),Cytoplasmic,"Transport, Outer Membrane Porin",38922.0,0.0,0.0,100000000.0,b0241 or b0929 or b1377 or b2215
1880,MALTHXtexi,Maltohexaose transport via diffusion (extracellular to periplasm) irreversible,Cytoplasmic,"Transport, Outer Membrane",49912.0,0.0,0.0,100000000.0,b4036
1881,12PPDStpp_f,"(S)-Propane-1,2-diol facilitated transport (periplasm)",Inner Membrane,"Transport, Inner Membrane",0.0,0.0,0.0,100000000.0,
1882,HYD1pp,Hydrogenase (ubiquinone-8: 2 protons) (periplasm),Inner Membrane,Oxidative Phosphorylation,134531.0,134531.0,43602.0,1500.0,(b0973 and b0974 and b0972) or (b2994 and b2997 and b2996 and b2995) or (b2722 and b2723 and b2724 and b2720 and b2721 and b2719)
1883,EX_cl_e_f,Chloride exchange,Exchange,Extracellular exchange,0.0,0.0,0.0,100000000.0,
1884,FE3DHBZStonex,"Ferric 2,3-dihydroxybenzoylserine transport via ton system (extracellular)",Inner Membrane,"Transport, Outer Membrane",141804.0,141804.0,67908.0,22.0,((b1252 and b3005 and b3006) and b0805) or ((b1252 and b3005 and b3006) and b2155)
1885,AACTOOR,Aminoacetone:oxygen oxidoreductase(deaminating)(flavin-containing),Cytoplasmic,Methylglyoxal Metabolism,0.0,0.0,0.0,100000000.0,
1886,H2tpp_f,Hydrogen transport diffusion (periplasm),Inner Membrane,"Transport, Inner Membrane",0.0,0.0,0.0,100000000.0,s0001
1887,23DAPPAtex_f,"2,3-diaminopropionate transport via diffusion",Cytoplasmic,"Transport, Outer Membrane Porin",38922.0,0.0,0.0,100000000.0,b0241 or b0929 or b1377 or b2215
1888,ECAP3pp,Enterobacterial common antigen polymerase (periplasm),Inner Membrane,Lipopolysaccharide Biosynthesis / Recycling,91006.0,91006.0,91006.0,18.3185,b3785 and b3793
1889,FEOXAMtonex,Ferroxamine transport via ton system (extracellular),Inner Membrane,"Transport, Outer Membrane",150090.0,150090.0,67908.0,22.0,b0150 and (b1252 and b3005 and b3006)
1890,FMNRx,FMN reductase,Cytoplasmic,Cofactor and Prosthetic Group Biosynthesis,21253.0,0.0,0.0,34.0,b0937 or b3844
1891,EX_3hpppn_e_f,3-(3-hydroxy-phenyl)propionate exchange,Exchange,Extracellular exchange,0.0,0.0,0.0,100000000.0,
1892,EX_man6p_e_f,D-Mannose 6-phosphate exchange,Exchange,Extracellular exchange,0.0,0.0,0.0,100000000.0,
1893,EX_tsul_e_f,Thiosulfate exchange,Exchange,Extracellular exchange,0.0,0.0,0.0,100000000.0,
1894,PHEt2rpp_f,L-phenylalanine reversible transport via proton symport (periplasm),Inner Membrane,"Transport, Inner Membrane",49690.0,49690.0,49690.0,22.0,b0576 or b0112
1895,DHBS,"2,3-dihydroxybenzoate adenylate synthase",Cytoplasmic,Cofactor and Prosthetic Group Biosynthesis,59112.0,0.0,0.0,5.665,b0594
1896,EX_n2o_e_f,Nitrous oxide exchange,Exchange,Extracellular exchange,0.0,0.0,0.0,100000000.0,
1897,MDDCP1pp,"Murein D,D-carboxypeptidase (murein5px4p) (periplasm)",Cytoplasmic,Murein Biosynthesis,41849.0,0.0,0.0,1.41,b0632 or b3182 or b0839 or b2010 or b0376 or b2430
1898,GUI2_f,Glucuronate isomerase (D-galacturonate),Cytoplasmic,Alternate Carbon Metabolism,53987.0,0.0,0.0,2.4,b3092
1899,OMBZLM,2-Octaprenyl-6-methoxy-benzoquinol methylase,Cytoplasmic,Cofactor and Prosthetic Group Biosynthesis,28073.0,0.0,0.0,0.0524684,b3833
1900,EX_maltttr_e_f,Maltotetraose exchange,Exchange,Extracellular exchange,0.0,0.0,0.0,100000000.0,
1901,GLYCK,Glycerate kinase,Cytoplasmic,Glyoxylate Metabolism,38734.0,0.0,0.0,350.0,b0514
1902,MLTG5,Maltodextrin glucosidase (maltoheptaose),Cytoplasmic,Alternate Carbon Metabolism,69041.0,0.0,0.0,845.0,b0403
1903,GPDDA3,Glycerophosphodiester phosphodiesterase (Glycerophosphoserine),Cytoplasmic,Glycerophospholipid Metabolism,27410.0,0.0,0.0,2.8,b3449
1904,2DOXG6PP,2 deoxyglucose 6 phosphatase,Cytoplasmic,Alternate Carbon Metabolism,23008.0,0.0,0.0,0.766,b3826 or b1727 or b2293 or b0446
1905,OXAMTC,Oxamate transcarbamoylase,Cytoplasmic,Nitrogen Metabolism,0.0,0.0,0.0,100000000.0,
1906,UDCPPtppi,Undecaprenyl phosphate transport (cytoplasm to periplasm),Cytoplasmic,Lipopolysaccharide Biosynthesis / Recycling,0.0,0.0,0.0,100000000.0,
1907,AGMH,"N-Acetyl-D-glucosamine(anhydrous)N-Acetylmuramyl beta -1,4-N-acetylglucosaminidase",Cytoplasmic,Murein Recycling,37595.0,0.0,0.0,185.2,b1107
1908,MPTG,Murein polymerizing transglycosylase,Inner Membrane,Murein Biosynthesis,128596.0,128596.0,128596.0,36.57,(b1069 and b0089 and b3208) or (b3396 and b1069 and b0089) or (b2519 and b1069 and b0089) or (b0149 and b1069 and b0089)
1909,MPTG2,Murein polymerizing transglycosylase 2 (three linked units),Inner Membrane,Murein Biosynthesis,128596.0,128596.0,128596.0,36.57,(b0149 and b1069 and b0089) or (b1069 and b0089 and b3208) or (b3396 and b1069 and b0089) or (b2519 and b1069 and b0089)
1910,MCTP1App,Murein crosslinking transpeptidase 1A:(A2pm->D-ala) (periplasm),Inner Membrane,Murein Biosynthesis,228370.0,228370.0,228370.0,1.41,(b0635 and b0084 and b3396) or (b0635 and b0084 and b0149)
1911,MCTP2App,Murein crosslinking transpeptidase 1A:(A2pm->D-ala) (periplasm),Inner Membrane,Murein Biosynthesis,228370.0,228370.0,228370.0,1.41,(b0635 and b0084 and b3396) or (b0635 and b0084 and b0149)
1912,MCTP1Bpp,Murein crosslinking transpeptidase 1B:(A2pm->A2pm) (periplasm),Cytoplasmic,Murein Biosynthesis,36054.0,0.0,0.0,79.47949376,b1678 or b0925
1913,MELIBt3ipp,Melibiose transport in via antiport (periplasm),Inner Membrane,"Transport, Inner Membrane",42538.0,42538.0,42538.0,22.0,b1528
1914,EX_lipoate_e_f,Lipoate exchange,Exchange,Extracellular exchange,0.0,0.0,0.0,100000000.0,
1915,EX_pydx_e_f,Pyridoxal exchange,Exchange,Extracellular exchange,0.0,0.0,0.0,100000000.0,
1916,EX_g1p_e_f,D-Glucose 1-phosphate exchange,Exchange,Extracellular exchange,0.0,0.0,0.0,100000000.0,
1917,GLCtex_copy2_f,Glucose transport via diffusion (extracellular to periplasm),Cytoplasmic,"Transport, Outer Membrane Porin",38922.0,0.0,0.0,100000000.0,b0241 or b0929 or b1377 or b2215
1918,NAt3pp,Sodium transport out via proton antiport (cytoplasm to periplasm),Inner Membrane,Inorganic Ion Transport and Metabolism,39168.0,39168.0,39168.0,22.0,b0842 or b1216
1919,SFGTHi,S-Formylglutathione hydralase,Cytoplasmic,Cofactor and Prosthetic Group Biosynthesis,31259.0,0.0,0.0,17.505,b2154 or b0355
1920,DHORDfum,Fumarate dependent DHORD,Cytoplasmic,Purine and Pyrimidine Biosynthesis,0.0,0.0,0.0,100000000.0,
1921,K2L4Aabcpp,KDO(2)-lipid IV A transport via ABC system (periplasm),Inner Membrane,"Transport, Inner Membrane",64461.0,64461.0,64461.0,95.19583333,b0914
1922,DSBCGT,DsbC:glutathione thiotransferase,Cytoplasmic,Unassigned,25622.0,0.0,0.0,0.000564,b2893
1923,DSBGGT,DsbG:glutathione thiotransferase,Cytoplasmic,Unassigned,27495.0,0.0,0.0,22.0,b0604
1924,DHNAOT4,"1,4-dihydroxy-2-naphthoate octaprenyltransferase",Inner Membrane,Cofactor and Prosthetic Group Biosynthesis,33594.0,33594.0,33594.0,16.08025,b3930
1925,AMPMS2,4-amino-2-methyl-5-phosphomethylpyrimidine synthetase,Cytoplasmic,Cofactor and Prosthetic Group Biosynthesis,70850.0,0.0,0.0,2.848283333,b3994
1926,DM_oxam_c,Sink needed to allow oxamate to leave system,Cytoplasmic,Intracellular demand,0.0,0.0,0.0,100000000.0,
1927,THIORDXi,Hydrogen peroxide reductase (thioredoxin),Cytoplasmic,Unassigned,20470.0,0.0,0.0,146.2,(b3781 and b2480) or b1710 or (b2582 and b2480)
1928,PPPGO3,Protoporphyrinogen oxidase (anaerobic),Cytoplasmic,Cofactor and Prosthetic Group Biosynthesis,21226.0,0.0,0.0,0.292,b3850
1929,PDX5POi,Pyridoxine 5'-phosphate oxidase,Cytoplasmic,Cofactor and Prosthetic Group Biosynthesis,25545.0,0.0,0.0,0.13,b1638
1930,PDX5PO2,Pyridoxine 5'-phosphate oxidase (anaerboic,Cytoplasmic,Cofactor and Prosthetic Group Biosynthesis,0.0,0.0,0.0,100000000.0,
1931,PLIPA1A181pp,"Phospholipase A1 (phosphatidate, n-C18:1) (periplasm)",Cytoplasmic,Glycerophospholipid Metabolism,33163.0,0.0,0.0,2.48,b3821
1932,LPLIPAL2A141,"Lysophospholipase L2 (2-acylglycerophosphotidate, n-C14:1)",Cytoplasmic,Glycerophospholipid Metabolism,38978.0,0.0,0.0,1016.0,b3825
1933,HG2t3pp,Mercury (Hg+2) transport out via proton antiport (periplasm),Inner Membrane,Inorganic Ion Transport and Metabolism,32927.0,32927.0,32927.0,22.0,b3915
1934,CYTBO3_4pp,Cytochrome oxidase bo3 (ubiquinol-8: 4 protons) (periplasm),Inner Membrane,Oxidative Phosphorylation,143931.0,143931.0,143931.0,320.5,b0432 and b0431 and b0429 and b0430
1935,EAR141x,Enoyl-[acyl-carrier-protein] reductase (NADH) (n-C14:1),Cytoplasmic,Cell Envelope Biosynthesis,27864.0,0.0,0.0,5.3,b1288
1936,EAR181x,Enoyl-[acyl-carrier-protein] reductase (NADH) (n-C18:1),Cytoplasmic,Cell Envelope Biosynthesis,27864.0,0.0,0.0,5.3,b1288
1937,EAR181y,Enoyl-[acyl-carrier-protein] reductase (NADPH) (n-C18:1),Cytoplasmic,Cell Envelope Biosynthesis,27864.0,0.0,0.0,5.3,b1288
1938,G3PAT141,Glycerol-3-phosphate acyltransferase (C14:1),Cytoplasmic,Glycerophospholipid Metabolism,100021.0,0.0,0.0,166.8,b1094 and b4041
1939,G3PAT181,Glycerol-3-phosphate acyltransferase (C18:1),Cytoplasmic,Glycerophospholipid Metabolism,100021.0,0.0,0.0,166.8,b1094 and b4041
1940,DASYN140,CDP-diacylglycerol synthetase (n-C14:0),Inner Membrane,Glycerophospholipid Metabolism,31454.0,31454.0,31454.0,8.92,b0175
1941,DASYN180,CDP-diacylglycerol synthetase (n-C18:0),Inner Membrane,Glycerophospholipid Metabolism,31454.0,31454.0,31454.0,8.92,b0175
1942,DASYN141,CDP-diacylglycerol synthetase (n-C14:1),Inner Membrane,Glycerophospholipid Metabolism,31454.0,31454.0,31454.0,8.92,b0175
1943,CDAPPA160,CDP-Diacylglycerol pyrophostatase (n-C16:0),Cytoplasmic,Glycerophospholipid Metabolism,28451.0,0.0,0.0,90.13177273,b3918
1944,CDAPPA141,CDP-Diacylglycerol pyrophostatase (n-C14:1),Cytoplasmic,Glycerophospholipid Metabolism,28451.0,0.0,0.0,90.13177273,b3918
1945,PGSA141,Phosphatidylglycerol synthase (n-C14:1),Inner Membrane,Glycerophospholipid Metabolism,20701.0,20701.0,20701.0,1.0,b1912
1946,EX_alaala_e_f,D-Alanyl-D-alanine exchange,Exchange,Extracellular exchange,0.0,0.0,0.0,100000000.0,
1947,EX_dtmp_e_f,DTMP exchange,Exchange,Extracellular exchange,0.0,0.0,0.0,100000000.0,
1948,5DOAN,5'-deoxyadenosine nuclosidase,Cytoplasmic,Cofactor and Prosthetic Group Biosynthesis,24354.0,0.0,0.0,4.0,b0159
1949,DM_5drib_c,Sink needed to allow 5'-deoxyribose to leave system,Cytoplasmic,Intracellular demand,0.0,0.0,0.0,100000000.0,
1950,MINOHPtexi,Myo-inositol phosphate transport via diffusion (extracellular to periplasm),Cytoplasmic,"Transport, Outer Membrane",0.0,0.0,0.0,100000000.0,
1951,12PPDRtpp_f,"(R)-Propane-1,2-diol facilitated transport (periplasm)",Inner Membrane,"Transport, Inner Membrane",0.0,0.0,0.0,100000000.0,
1952,FACOAE120,Fatty-acid-CoA thioesterase (dodecanoate),Cytoplasmic,Cell Envelope Biosynthesis,31966.0,0.0,0.0,7.3455,b0452
1953,3OAR120_f,3-oxoacyl-[acyl-carrier-protein] reductase (n-C12:0),Cytoplasmic,Cell Envelope Biosynthesis,25560.0,0.0,0.0,99.3,b1093
1954,3HAD80,3-hydroxyacyl-[acyl-carrier-protein] dehydratase (n-C8:0),Cytoplasmic,Cell Envelope Biosynthesis,17033.0,0.0,0.0,368.4865,b0954 or b0180
1955,3HAD120,3-hydroxyacyl-[acyl-carrier-protein] dehydratase (n-C12:0),Cytoplasmic,Cell Envelope Biosynthesis,17033.0,0.0,0.0,368.4865,b0180 or b0954
1956,EAR180x,Enoyl-[acyl-carrier-protein] reductase (NADH) (n-C18:0),Cytoplasmic,Cell Envelope Biosynthesis,27864.0,0.0,0.0,5.3,b1288
1957,SO4t2pp,Sulfate transport in via proton symport (periplasm to cytoplasm),Inner Membrane,Inorganic Ion Transport and Metabolism,29305.0,29305.0,29305.0,22.0,b2413
1958,EAR180y,Enoyl-[acyl-carrier-protein] reductase (NADPH) (n-C18:0),Cytoplasmic,Cell Envelope Biosynthesis,27864.0,0.0,0.0,5.3,b1288
1959,AGPAT120,1-tetradecanoyl-sn-glycerol 3-phosphate O-acyltransferase (n-C12:0),Inner Membrane,Glycerophospholipid Metabolism,27453.0,27453.0,27453.0,46.80901367,b3018
1960,PGPP120,Phosphatidylglycerol phosphate phosphatase (n-C14:0),Inner Membrane,Glycerophospholipid Metabolism,19418.0,19418.0,19418.0,24.0,b0418 or b1278
1961,DAGK120,Diacylglycerol kinase (n-C12:0),Inner Membrane,Glycerophospholipid Metabolism,13245.0,13245.0,13245.0,10.40333333,b4042
1962,PSSA180,Phosphatidylserine syntase (n-C18:0),Cytoplasmic,Glycerophospholipid Metabolism,52802.0,0.0,0.0,1.0,b2585
1963,PSSA161,Phosphatidylserine syntase (n-C16:1),Cytoplasmic,Glycerophospholipid Metabolism,52802.0,0.0,0.0,1.0,b2585
1964,PSSA141,Phosphatidylserine syntase (n-C14:1),Cytoplasmic,Glycerophospholipid Metabolism,52802.0,0.0,0.0,1.0,b2585
1965,PSD160,Phosphatidylserine decarboxylase (n-C16:0),Cytoplasmic,Glycerophospholipid Metabolism,35934.0,0.0,0.0,75.042,b4160
1966,PSD161,Phosphatidylserine decarboxylase (n-C16:1),Cytoplasmic,Glycerophospholipid Metabolism,35934.0,0.0,0.0,75.042,b4160
1967,PSD180,Phosphatidylserine decarboxylase (n-C18:0),Cytoplasmic,Glycerophospholipid Metabolism,35934.0,0.0,0.0,75.042,b4160
1968,COLIPAabcpp,Core oligosaccharide lipid A transport via ABC system (periplasm),Inner Membrane,Lipopolysaccharide Biosynthesis / Recycling,64461.0,64461.0,64461.0,95.19583333,b0914
1969,PLIPA2A140pp,"Phospholipase A2 (phosphatidate, n-C14:0) (periplasm)",Cytoplasmic,Glycerophospholipid Metabolism,33163.0,0.0,0.0,3.86,b3821
1970,PLIPA2A141pp,"Phospholipase A2 (phosphatidate, n-C14:1) (periplasm)",Cytoplasmic,Glycerophospholipid Metabolism,33163.0,0.0,0.0,3.86,b3821
1971,PLIPA2A180pp,"Phospholipase A2 (phosphatidate, n-C18:0) (periplasm)",Cytoplasmic,Glycerophospholipid Metabolism,33163.0,0.0,0.0,3.86,b3821
1972,GAM6Pt6_2pp,D-Glucosamine 6-phosphate transport via phosphate antiport (periplasm),Inner Membrane,"Transport, Inner Membrane",50607.0,50607.0,50607.0,22.0,b3666
1973,PPALtex_f,Propanal transport via diffusion (extracellular to periplasm),Cytoplasmic,"Transport, Outer Membrane Porin",38922.0,0.0,0.0,100000000.0,b0241 or b0929 or b1377 or b2215
1974,CA2tex_f,Calcium (Ca+2) transport via diffusion (extracellular to periplasm),Cytoplasmic,"Transport, Outer Membrane Porin",38922.0,0.0,0.0,100000000.0,b0241 or b0929 or b1377 or b2215
1975,CUtex_f,Copper (Cu+1) transport via diffusion (extracellular to periplasm),Cytoplasmic,"Transport, Outer Membrane Porin",38922.0,0.0,0.0,100000000.0,b0241 or b0929 or b1377 or b2215
1976,CU1Opp,Cuprous Oxidase (Cu+1),Inner Membrane,Inorganic Ion Transport and Metabolism,56556.0,56556.0,56556.0,15.8,b0123
1977,SUCDi,Succinate dehydrogenase (irreversible),Inner Membrane,Oxidative Phosphorylation,118359.0,118359.0,27167.0,110.0,b0721 and b0722 and b0723 and b0724
1978,LPLIPAL1E141pp,"Lysophospholipase L1 (2-acylglycerophosphoethanolamine, n-C14:1) (periplasm)",Cytoplasmic,Glycerophospholipid Metabolism,23622.0,0.0,0.0,1016.0,b0494
1979,LALDO2x,D-Lactaldehyde:NAD+ 1-oxidoreductase,Cytoplasmic,Methylglyoxal Metabolism,38712.0,0.0,0.0,3.3,b3945
1980,12PPDRtex_f,"(R)-Propane-1,2-diol transport via diffusion (extracellular to periplasm)",Cytoplasmic,"Transport, Outer Membrane Porin",38922.0,0.0,0.0,100000000.0,b0241 or b0929 or b1377 or b2215
1981,LPLIPAL1E160pp,"Lysophospholipase L1 (2-acylglycerophosphoethanolamine, n-C16:0) (periplasm)",Cytoplasmic,Glycerophospholipid Metabolism,23622.0,0.0,0.0,1016.0,b0494
1982,LPLIPAL1E180pp,"Lysophospholipase L1 (2-acylglycerophosphoethanolamine, n-C18:0) (periplasm)",Cytoplasmic,Glycerophospholipid Metabolism,23622.0,0.0,0.0,1016.0,b0494
1983,LPLIPAL1E181pp,"Lysophospholipase L1 (2-acylglycerophosphoethanolamine, n-C18:1) (periplasm)",Cytoplasmic,Glycerophospholipid Metabolism,23622.0,0.0,0.0,1016.0,b0494
1984,LPLIPAL1G160pp,"Lysophospholipase L1 (2-acylglycerophosphoglycerol, n-C16:0) (periplasm)",Cytoplasmic,Glycerophospholipid Metabolism,23622.0,0.0,0.0,1016.0,b0494
1985,LPLIPAL1G161pp,"Lysophospholipase L1 (2-acylglycerophosphoglycerol, n-C16:1) (periplasm)",Cytoplasmic,Glycerophospholipid Metabolism,23622.0,0.0,0.0,1016.0,b0494
1986,LPLIPAL1G120pp,"Lysophospholipase L1 (2-acylglycerophosphoglycerol, n-C12:0) (periplasm)",Cytoplasmic,Glycerophospholipid Metabolism,23622.0,0.0,0.0,1016.0,b0494
1987,PLIPA2E140pp,"Phospholipase A2 (phosphatidylethanolamine, n-C14:0) (periplasm)",Cytoplasmic,Glycerophospholipid Metabolism,33163.0,0.0,0.0,2.48,b3821
1988,PLIPA2E160pp,"Phospholipase A2 (phosphatidylethanolamine, n-C16:0) (periplasm)",Cytoplasmic,Glycerophospholipid Metabolism,33163.0,0.0,0.0,2.48,b3821
1989,PLIPA2A161pp,"Phospholipase A2 (phosphatidate, n-C16:1) (periplasm)",Cytoplasmic,Glycerophospholipid Metabolism,33163.0,0.0,0.0,2.48,b3821
1990,PLIPA2A181pp,"Phospholipase A2 (phosphatidate, n-C18:1) (periplasm)",Cytoplasmic,Glycerophospholipid Metabolism,33163.0,0.0,0.0,2.48,b3821
1991,F6Ptex_f,Fructose 6-phosphate transport via diffusion (extracellular to periplasm),Cytoplasmic,"Transport, Outer Membrane Porin",38922.0,0.0,0.0,100000000.0,b0241 or b0929 or b1377 or b2215
1992,GAMAN6Ptex_f,D-glucosamine 6-phosphate transport via diffusion (extracellular to periplasm),Cytoplasmic,"Transport, Outer Membrane Porin",38922.0,0.0,0.0,100000000.0,b0241 or b0929 or b1377 or b2215
1993,ALR4x,Aldose reductase (acetol),Cytoplasmic,Glycerophospholipid Metabolism,38712.0,0.0,0.0,3.3,b3945
1994,LPLIPAL1G141pp,"Lysophospholipase L1 (2-acylglycerophosphoglycerol, n-C14:1) (periplasm)",Cytoplasmic,Glycerophospholipid Metabolism,23622.0,0.0,0.0,1016.0,b0494
1995,LPLIPAL1G180pp,"Lysophospholipase L1 (2-acylglycerophosphoglycerol, n-C18:0) (periplasm)",Cytoplasmic,Glycerophospholipid Metabolism,23622.0,0.0,0.0,1016.0,b0494
1996,LPLIPAL1G181pp,"Lysophospholipase L1 (2-acylglycerophosphoglycerol, n-C18:1) (periplasm)",Cytoplasmic,Glycerophospholipid Metabolism,23622.0,0.0,0.0,1016.0,b0494
1997,ACONIs_f,Aconitate isomerase (spontaneous),Cytoplasmic,Unassigned,0.0,0.0,0.0,100000000.0,s0001
1998,ACONTb_f,"Aconitase (half-reaction B, Isocitrate hydro-lyase)",Cytoplasmic,Citric Acid Cycle,93498.0,0.0,0.0,71.0,b0118 or b1276
1999,GLCP2,Glycogen phosphorylase,Inner Membrane,Glycolysis/Gluconeogenesis,90522.0,90522.0,90522.0,47.0,b3417 or b3428
2000,F6Pt6_2pp,Fructose-6-phosphate transport via phosphate antiport (periplasm),Inner Membrane,"Transport, Inner Membrane",50607.0,50607.0,50607.0,22.0,b3666
2001,PPALtpp_f,Propanal transport via channel (periplasm),Inner Membrane,"Transport, Inner Membrane",0.0,0.0,0.0,100000000.0,
2002,PLIPA2E141pp,"Phospholipase A2 (phosphatidylethanolamine, n-C14:1) (periplasm)",Cytoplasmic,Glycerophospholipid Metabolism,33163.0,0.0,0.0,2.48,b3821
2003,PLIPA2E181pp,"Phospholipase A2 (phosphatidylethanolamine, n-C18:1) (periplasm)",Cytoplasmic,Glycerophospholipid Metabolism,33163.0,0.0,0.0,2.48,b3821
2004,PLIPA2G140pp,"Phospholipase A2 (phosphatidylglycerol, n-C14:0) (periplasm)",Cytoplasmic,Glycerophospholipid Metabolism,33163.0,0.0,0.0,2.48,b3821
2005,3HAD161,3-hydroxyacyl-[acyl-carrier-protein] dehydratase (n-C16:1),Cytoplasmic,Cell Envelope Biosynthesis,17033.0,0.0,0.0,368.4865,b0954 or b0180
2006,PLIPA2G160pp,"Phospholipase A2 (phosphatidylglycerol, n-C16:0) (periplasm)",Cytoplasmic,Glycerophospholipid Metabolism,33163.0,0.0,0.0,2.48,b3821
2007,PLIPA2G181pp,"Phospholipase A2 (phosphatidylglycerol, n-C18:1) (periplasm)",Cytoplasmic,Glycerophospholipid Metabolism,33163.0,0.0,0.0,2.48,b3821
2008,ASNS1,Asparagine synthase (glutamine-hydrolysing),Cytoplasmic,Alanine and Aspartate Metabolism,62659.0,0.0,0.0,2.68,b0674
2009,EAR80y,Enoyl-[acyl-carrier-protein] reductase (NADPH) (n-C8:0),Cytoplasmic,Cell Envelope Biosynthesis,27864.0,0.0,0.0,5.3,b1288
2010,EAR120y,Enoyl-[acyl-carrier-protein] reductase (NADPH) (n-C12:0),Cytoplasmic,Cell Envelope Biosynthesis,27864.0,0.0,0.0,5.3,b1288
2011,3OAR181,3-oxoacyl-[acyl-carrier-protein] reductase (n-C18:1),Cytoplasmic,Cell Envelope Biosynthesis,25560.0,0.0,0.0,0.59,b1093
2012,3HAD121,3-hydroxyacyl-[acyl-carrier-protein] dehydratase (n-C12:1),Cytoplasmic,Cell Envelope Biosynthesis,17033.0,0.0,0.0,368.4865,b0954 or b0180
2013,EAR121y,Enoyl-[acyl-carrier-protein] reductase (NADPH) (n-C12:1),Cytoplasmic,Cell Envelope Biosynthesis,27864.0,0.0,0.0,5.3,b1288
2014,GTHRDHpp,Glutathione hydralase (periplasmic),Cytoplasmic,Cofactor and Prosthetic Group Biosynthesis,61768.0,0.0,0.0,21.5,b3447
2015,PROGLYtex_f,L-Prolinylglycine transport via diffusion (extracellular to periplasm),Cytoplasmic,"Transport, Outer Membrane Porin",38922.0,0.0,0.0,100000000.0,b0241 or b0929 or b1377 or b2215
2016,EX_progly_e_f,L-Prolinylglycine exchange,Exchange,Extracellular exchange,0.0,0.0,0.0,100000000.0,
2017,MDDCP2pp,"Murein D,D-carboxypeptidase (murein5px4px4p) (periplasm)",Cytoplasmic,Murein Biosynthesis,41849.0,0.0,0.0,1.41,b0632 or b3182 or b0839 or b2010 or b2430 or b0376
2018,MDDCP3pp,"Murein D,D-carboxypeptidase (murein5p5p) (periplasm)",Cytoplasmic,Murein Biosynthesis,41849.0,0.0,0.0,1.41,b0632 or b3182 or b0839 or b2010 or b2430 or b0376
2019,EAR140x,Enoyl-[acyl-carrier-protein] reductase (NADH) (n-C14:0),Cytoplasmic,Cell Envelope Biosynthesis,27864.0,0.0,0.0,5.3,b1288
2020,EAR40y,Enoyl-[acyl-carrier-protein] reductase (NADPH) (n-C4:0),Cytoplasmic,Cell Envelope Biosynthesis,27864.0,0.0,0.0,5.3,b1288
2021,3OAS181,3-oxoacyl-[acyl-carrier-protein] synthase (n-C18:1),Cytoplasmic,Cell Envelope Biosynthesis,43046.0,0.0,0.0,0.725,b1095
2022,EAR161y,Enoyl-[acyl-carrier-protein] reductase (NADPH) (n-C16:1),Cytoplasmic,Cell Envelope Biosynthesis,27864.0,0.0,0.0,5.3,b1288
2023,G3PAT140,Glycerol-3-phosphate acyltransferase (C14:0),Cytoplasmic,Glycerophospholipid Metabolism,100021.0,0.0,0.0,166.8,b1094 and b4041
2024,G3PAT160,Glycerol-3-phosphate acyltransferase (C16:0),Cytoplasmic,Glycerophospholipid Metabolism,100021.0,0.0,0.0,166.8,b1094 and b4041
2025,G3PAT161,Glycerol-3-phosphate acyltransferase (C16:1),Cytoplasmic,Glycerophospholipid Metabolism,100021.0,0.0,0.0,166.8,b1094 and b4041
2026,AGPAT160,1-hexadecanoyl-sn-glycerol 3-phosphate O-acyltransferase (n-C16:0),Inner Membrane,Glycerophospholipid Metabolism,27453.0,27453.0,27453.0,46.80901367,b3018
2027,CDAPPA140,CDP-Diacylglycerol pyrophostatase (n-C14:0),Cytoplasmic,Glycerophospholipid Metabolism,28451.0,0.0,0.0,90.13177273,b3918
2028,MLDCP1App,"Murein L,D-carboxypeptidase (murein5px4p) (periplasm)",Cytoplasmic,Murein Biosynthesis,33325.0,0.0,0.0,106.3,b0925 or b1990 or b1113 or b1678 or b0819
2029,EAR160y,Enoyl-[acyl-carrier-protein] reductase (NADPH) (n-C16:0),Cytoplasmic,Cell Envelope Biosynthesis,27864.0,0.0,0.0,5.3,b1288
2030,EAR100y,Enoyl-[acyl-carrier-protein] reductase (NADPH) (n-C10:0),Cytoplasmic,Cell Envelope Biosynthesis,27864.0,0.0,0.0,5.3,b1288
2031,3OAR141,3-oxoacyl-[acyl-carrier-protein] reductase (n-C14:1),Cytoplasmic,Cell Envelope Biosynthesis,25560.0,0.0,0.0,0.59,b1093
2032,3OAR161,3-oxoacyl-[acyl-carrier-protein] reductase (n-C16:1),Cytoplasmic,Cell Envelope Biosynthesis,25560.0,0.0,0.0,0.59,b1093
2033,3HAD141,3-hydroxyacyl-[acyl-carrier-protein] dehydratase (n-C14:1),Cytoplasmic,Cell Envelope Biosynthesis,17033.0,0.0,0.0,368.4865,b0954 or b0180
2034,EAR121x,Enoyl-[acyl-carrier-protein] reductase (NADH) (n-C12:1),Cytoplasmic,Cell Envelope Biosynthesis,27864.0,0.0,0.0,5.3,b1288
2035,PSD140,Phosphatidylserine decarboxylase (n-C14:0),Cytoplasmic,Glycerophospholipid Metabolism,35934.0,0.0,0.0,75.042,b4160
2036,MICITDr_f,2-methylisocitrate dehydratase,Cytoplasmic,Alternate Carbon Metabolism,93498.0,0.0,0.0,10.0,b0118
2037,CDAPPA181,CDP-Diacylglycerol pyrophostatase (n-C18:1),Cytoplasmic,Glycerophospholipid Metabolism,28451.0,0.0,0.0,90.13177273,b3918
2038,PGSA140,Phosphatidylglycerol synthase (n-C14:0),Inner Membrane,Glycerophospholipid Metabolism,20701.0,20701.0,20701.0,1.0,b1912
2039,LPLIPAL1A141pp,"Lysophospholipase L1 (2-acylglycerophosphotidate, n-C14:1) (periplasm)",Cytoplasmic,Glycerophospholipid Metabolism,23622.0,0.0,0.0,1016.0,b0494
2040,LPLIPAL1A180pp,"Lysophospholipase L1 (2-acylglycerophosphotidate, n-C18:0) (periplasm)",Cytoplasmic,Glycerophospholipid Metabolism,23622.0,0.0,0.0,1016.0,b0494
2041,LPLIPAL1E140pp,"Lysophospholipase L1 (2-acylglycerophosphoethanolamine, n-C14:0) (periplasm)",Cytoplasmic,Glycerophospholipid Metabolism,23622.0,0.0,0.0,1016.0,b0494
2042,LPLIPAL1E161pp,"Lysophospholipase L1 (2-acylglycerophosphoethanolamine, n-C16:1) (periplasm)",Cytoplasmic,Glycerophospholipid Metabolism,23622.0,0.0,0.0,1016.0,b0494
2043,LPLIPAL1G140pp,"Lysophospholipase L1 (2-acylglycerophosphoglycerol, n-C14:0) (periplasm)",Cytoplasmic,Glycerophospholipid Metabolism,23622.0,0.0,0.0,1016.0,b0494
2044,ACONTa_f,"Aconitase (half-reaction A, Citrate hydro-lyase)",Cytoplasmic,Citric Acid Cycle,93498.0,0.0,0.0,19.6,b0118 or b1276
2045,MLDCP2App,"Murein L,D-carboxypeptidase (murein5p5p) (periplasm)",Cytoplasmic,Murein Biosynthesis,33325.0,0.0,0.0,106.3,b1113 or b1678 or b0819 or b0925 or b1990
2046,12DGR140tipp,"1,2 diacylglycerol transport via flipping (periplasm to cytoplasm, n-C14:0)",Inner Membrane,"Transport, Inner Membrane",0.0,0.0,0.0,100000000.0,
2047,12DGR160tipp,"1,2 diacylglycerol transport via flipping (periplasm to cytoplasm, n-C16:0)",Inner Membrane,"Transport, Inner Membrane",0.0,0.0,0.0,100000000.0,
2048,12DGR180tipp,"1,2 diacylglycerol transport via flipping (periplasm to cytoplasm, n-C18:0)",Inner Membrane,"Transport, Inner Membrane",0.0,0.0,0.0,100000000.0,
2049,PGPP120pp,"Phosphatidylglycerol phosphate phosphatase (periplasm, n-C14:0)",Inner Membrane,Glycerophospholipid Metabolism,19418.0,19418.0,19418.0,24.0,b0418 or b1278
2050,PGPP181pp,"Phosphatidylglycerol phosphate phosphatase (periplasm, n-C18:1)",Inner Membrane,Glycerophospholipid Metabolism,19418.0,19418.0,19418.0,24.0,b0418 or b1278
2051,CLPNH120pp,"Cardiolipin hydrolase (periplasm, n-C12:0)",Cytoplasmic,Glycerophospholipid Metabolism,0.0,0.0,0.0,100000000.0,
2052,CLPNH140pp,"Cardiolipin hydrolase (periplasm, n-C14:0)",Cytoplasmic,Glycerophospholipid Metabolism,0.0,0.0,0.0,100000000.0,
2053,EX_12ppd__R_e_f,"(R)-Propane-1,2-diol exchange",Exchange,Extracellular exchange,0.0,0.0,0.0,100000000.0,
2054,PGSA181,Phosphatidylglycerol synthase (n-C18:1),Inner Membrane,Glycerophospholipid Metabolism,20701.0,20701.0,20701.0,1.0,b1912
2055,PGPP140,Phosphatidylglycerol phosphate phosphatase (n-C14:0),Inner Membrane,Glycerophospholipid Metabolism,19418.0,19418.0,19418.0,24.0,b0418 or b1278
2056,PGPP141,Phosphatidylglycerol phosphate phosphatase (n-C14:1),Inner Membrane,Glycerophospholipid Metabolism,19418.0,19418.0,19418.0,24.0,b0418 or b1278
2057,MDDCP5pp,"Murein D,D-carboxypeptidase (murein5p3p) (periplasm)",Cytoplasmic,Murein Biosynthesis,41849.0,0.0,0.0,1.41,b0632 or b3182 or b0839 or b2010 or b2430 or b0376
2058,MLTGY3pp,Murein lytic transglycosylase (murein3p3p) (periplasm),Inner Membrane,Murein Recycling,38247.0,38247.0,38247.0,291.6204286,b4392 or b2813 or b2701 or b1193 or b2963 or b2558 or b0211 or b1097
2059,G3PAT180,Glycerol-3-phosphate acyltransferase (C18:0),Cytoplasmic,Glycerophospholipid Metabolism,100021.0,0.0,0.0,166.8,b1094 and b4041
2060,AGPAT140,1-tetradecanoyl-sn-glycerol 3-phosphate O-acyltransferase (n-C14:0),Inner Membrane,Glycerophospholipid Metabolism,27453.0,27453.0,27453.0,46.80901367,b3018
2061,PGSA160,Phosphatidylglycerol synthase (n-C16:0),Inner Membrane,Glycerophospholipid Metabolism,20701.0,20701.0,20701.0,1.0,b1912
2062,MLDCP2Bpp,"Murein L,D-carboxypeptidase (murein4p3p) (periplasm)",Cytoplasmic,Murein Biosynthesis,33325.0,0.0,0.0,106.3,b1113 or b0819 or b1990 or b1678 or b0925
2063,3OAS140,3-oxoacyl-[acyl-carrier-protein] synthase (n-C14:0),Cytoplasmic,Cell Envelope Biosynthesis,42613.0,0.0,0.0,1.28,b2323 or b1095
2064,3OAR140_f,3-oxoacyl-[acyl-carrier-protein] reductase (n-C14:0),Cytoplasmic,Cell Envelope Biosynthesis,25560.0,0.0,0.0,99.3,b1093
2065,3OAR160_f,3-oxoacyl-[acyl-carrier-protein] reductase (n-C16:0),Cytoplasmic,Cell Envelope Biosynthesis,25560.0,0.0,0.0,99.3,b1093
2066,PGSA161,Phosphatidylglycerol synthase (n-C16:1),Inner Membrane,Glycerophospholipid Metabolism,20701.0,20701.0,20701.0,1.0,b1912
2067,3HAD181,3-hydroxyacyl-[acyl-carrier-protein] dehydratase (n-C18:1),Cytoplasmic,Cell Envelope Biosynthesis,17033.0,0.0,0.0,368.4865,b0954 or b0180
2068,PGPP160,Phosphatidylglycerol phosphate phosphatase (n-C16:0),Inner Membrane,Glycerophospholipid Metabolism,19418.0,19418.0,19418.0,24.0,b0418 or b1278
2069,PGPP180,Phosphatidylglycerol phosphate phosphatase (n-C18:0),Inner Membrane,Glycerophospholipid Metabolism,19418.0,19418.0,19418.0,24.0,b0418 or b1278
2070,PGPP161,Phosphatidylglycerol phosphate phosphatase (n-C16:1),Inner Membrane,Glycerophospholipid Metabolism,19418.0,19418.0,19418.0,24.0,b0418 or b1278
2071,PGPP181,Phosphatidylglycerol phosphate phosphatase (n-C18:1),Inner Membrane,Glycerophospholipid Metabolism,19418.0,19418.0,19418.0,24.0,b1278 or b0418
2072,CDAPPA180,CDP-Diacylglycerol pyrophostatase (n-C18:0),Cytoplasmic,Glycerophospholipid Metabolism,28451.0,0.0,0.0,90.13177273,b3918
2073,NTP12,Nucleoside-triphosphatase (XTP),Cytoplasmic,Nucleotide Salvage Pathway,18213.0,0.0,0.0,1009.0,b4394
2074,PE141abcpp,"Phosphatidylethanolamine transport via ABC system (n-C14:1, periplasm)",Inner Membrane,"Transport, Inner Membrane",64461.0,64461.0,64461.0,95.19583333,b0914
2075,PE160abcpp,"Phosphatidylethanolamine transport via ABC system (n-C16:0, periplasm)",Inner Membrane,"Transport, Inner Membrane",64461.0,64461.0,64461.0,95.19583333,b0914
2076,PE161abcpp,"Phosphatidylethanolamine transport via ABC system (n-C16:1, periplasm)",Inner Membrane,"Transport, Inner Membrane",64461.0,64461.0,64461.0,95.19583333,b0914
2077,PSD141,Phosphatidylserine decarboxylase (n-C14:1),Cytoplasmic,Glycerophospholipid Metabolism,35934.0,0.0,0.0,75.042,b4160
2078,PG140abcpp,"Phosphatidylglycerol transport via ABC system (n-C14:0, periplasm)",Inner Membrane,"Transport, Inner Membrane",64461.0,64461.0,64461.0,95.19583333,b0914
2079,PG141abcpp,"Phosphatidylglycerol transport via ABC system (n-C14:1, periplasm)",Inner Membrane,"Transport, Inner Membrane",64461.0,64461.0,64461.0,95.19583333,b0914
2080,PG180abcpp,"Phosphatidylglycerol transport via ABC system (n-C18:0, periplasm)",Inner Membrane,"Transport, Inner Membrane",64461.0,64461.0,64461.0,95.19583333,b0914
2081,PG181abcpp,"Phosphatidylglycerol transport via ABC system (n-C18:1, periplasm)",Inner Membrane,"Transport, Inner Membrane",64461.0,64461.0,64461.0,95.19583333,b0914
2082,PGP141abcpp,"Phosphatidylglycerophosphate transport via ABC system (n-C14:1, periplasm)",Inner Membrane,"Transport, Inner Membrane",64461.0,64461.0,64461.0,95.19583333,b0914
2083,PGP160abcpp,"Phosphatidylglycerophosphate transport via ABC system (n-C16:0, periplasm)",Inner Membrane,"Transport, Inner Membrane",64461.0,64461.0,64461.0,95.19583333,b0914
2084,PGP180abcpp,"Phosphatidylglycerophosphate transport via ABC system (n-C18:0, periplasm)",Inner Membrane,"Transport, Inner Membrane",64461.0,64461.0,64461.0,95.19583333,b0914
2085,PAPA181pp,"Phosphatidate phosphatase (periplasmic, n-C18:1)",Inner Membrane,Glycerophospholipid Metabolism,29021.0,29021.0,29021.0,152.0,b1278
2086,PA140abcpp,"Phosphatidate transport via ABC system (n-C14:0, periplasm)",Inner Membrane,"Transport, Inner Membrane",64461.0,64461.0,64461.0,95.19583333,b0914
2087,12DGR120tipp,"1,2 diacylglycerol transport via flipping (periplasm to cytoplasm, n-C12:0)",Inner Membrane,"Transport, Inner Membrane",0.0,0.0,0.0,100000000.0,
2088,MDDCP4pp,"Murein D,D-carboxypeptidase (murein5p4p) (periplasm)",Cytoplasmic,Murein Biosynthesis,41849.0,0.0,0.0,1.41,b0632 or b3182 or b0839 or b2010 or b2430 or b0376
2089,CLPNS140pp_f,"Cardiolipin synthase (periplasmic, n-C14:0)",Inner Membrane,Glycerophospholipid Metabolism,54822.0,54822.0,54822.0,1.0,b1249 or b0789
2090,CLPNS141pp_f,"Cardiolipin synthase (periplasmic, n-C14:1)",Inner Membrane,Glycerophospholipid Metabolism,54822.0,54822.0,54822.0,1.0,b1249 or b0789
2091,PG120abcpp,"Phosphatidylglycerol transport via ABC system (n-C12:0, periplasm)",Inner Membrane,"Transport, Inner Membrane",64461.0,64461.0,64461.0,95.19583333,b0914
2092,PE140abcpp,"Phosphatidylethanolamine transport via ABC system (n-C14:0, periplasm)",Inner Membrane,"Transport, Inner Membrane",64461.0,64461.0,64461.0,95.19583333,b0914
2093,CFAS160E,"Cyclopropane fatty acid synthase (Phosphatidylethanolamine, n-C16:0)",Cytoplasmic,Glycerophospholipid Metabolism,43909.0,0.0,0.0,0.067,b1661
2094,CFAS180E,"Cyclopropane fatty acid synthase (Phosphatidylethanolamine, n-C18:0)",Cytoplasmic,Glycerophospholipid Metabolism,43909.0,0.0,0.0,0.067,b1661
2095,CFAS180G,"Cyclopropane fatty acid synthase (Phosphatidylglycerol, n-C18:0)",Cytoplasmic,Glycerophospholipid Metabolism,43909.0,0.0,0.0,0.067,b1661
2096,PAPA160,Phosphatidate phosphatase (n-C16:0),Inner Membrane,Glycerophospholipid Metabolism,29021.0,29021.0,29021.0,184.0,b1278
2097,PAPA180,Phosphatidate phosphatase (n-C18:0),Inner Membrane,Glycerophospholipid Metabolism,29021.0,29021.0,29021.0,152.0,b1278
2098,PAPA181,Phosphatidate phosphatase (n-C18:1),Inner Membrane,Glycerophospholipid Metabolism,29021.0,29021.0,29021.0,152.0,b1278
2099,PETNT161pp,Phosphoethanolamine transferase (c-C16:1),Inner Membrane,Lipopolysaccharide Biosynthesis / Recycling,63804.0,63804.0,63804.0,1.0,b3546
2100,PSSA160,Phosphatidylserine syntase (n-C16:0),Cytoplasmic,Glycerophospholipid Metabolism,52802.0,0.0,0.0,1.0,b2585
2101,PSSA181,Phosphatidylserine syntase (n-C18:1),Cytoplasmic,Glycerophospholipid Metabolism,52802.0,0.0,0.0,1.0,b2585
2102,DAGK140,Diacylglycerol kinase (n-C14:0),Inner Membrane,Glycerophospholipid Metabolism,13245.0,13245.0,13245.0,10.40333333,b4042
2103,DAGK160,Diacylglycerol kinase (n-C16:0),Inner Membrane,Glycerophospholipid Metabolism,13245.0,13245.0,13245.0,10.40333333,b4042
2104,DAGK141,Diacylglycerol kinase (n-C14:1),Inner Membrane,Glycerophospholipid Metabolism,13245.0,13245.0,13245.0,10.40333333,b4042
2105,DAGK161,Diacylglycerol kinase (n-C16:1),Inner Membrane,Glycerophospholipid Metabolism,13245.0,13245.0,13245.0,10.40333333,b4042
2106,AGPAT181,1-octadec-7-enoyl-sn-glycerol 3-phosphate O-acyltransferase (n-C18:1),Inner Membrane,Glycerophospholipid Metabolism,27453.0,27453.0,27453.0,46.80901367,b3018
2107,MDDEP3pp,"Murein D,D-endopeptidase (murein5px4p) (periplasm)",Inner Membrane,Murein Recycling,49058.0,49058.0,49058.0,1.41,b3182 or b2328 or b2134 or b2175 or b0376 or b1655 or b1856
2108,MDDEP4pp,"Murein D,D-endopeptidase (murein4px4px4p) (periplasm)",Inner Membrane,Murein Recycling,49058.0,49058.0,49058.0,1.41,b3182 or b2328 or b2134 or b0376 or b2175 or b1655 or b1856
2109,MLTGY1pp,Murein lytic transglycosylase (murein4p4p) (periplasm),Inner Membrane,Murein Recycling,38247.0,38247.0,38247.0,291.6204286,b2963 or b4392 or b2813 or b2701 or b1193 or b2558 or b0211 or b1097
2110,CGLYtex_f,L-Cysteinylglycine transport via diffusion (extracellular to periplasm),Cytoplasmic,"Transport, Outer Membrane Porin",38922.0,0.0,0.0,100000000.0,b0241 or b0929 or b1377 or b2215
2111,3HAD40,3-hydroxyacyl-[acyl-carrier-protein] dehydratase (n-C4:0),Cytoplasmic,Cell Envelope Biosynthesis,17033.0,0.0,0.0,368.4865,b0954 or b0180
2112,PLIPA1E141pp,"Phospholipase A1 (phosphatidylethanolamine, n-C14:1) (periplasm)",Cytoplasmic,Glycerophospholipid Metabolism,33163.0,0.0,0.0,2.48,b3821
2113,3OAS60,3-oxoacyl-[acyl-carrier-protein] synthase (n-C6:0),Cytoplasmic,Cell Envelope Biosynthesis,42613.0,0.0,0.0,0.97,b1095 or b2323
2114,3OAS160,3-oxoacyl-[acyl-carrier-protein] synthase (n-C16:0),Cytoplasmic,Cell Envelope Biosynthesis,42613.0,0.0,0.0,0.011,b2323 or b1095
2115,3OAR60_f,3-oxoacyl-[acyl-carrier-protein] reductase (n-C6:0),Cytoplasmic,Cell Envelope Biosynthesis,25560.0,0.0,0.0,99.3,b1093
2116,3OAR80_f,3-oxoacyl-[acyl-carrier-protein] reductase (n-C8:0),Cytoplasmic,Cell Envelope Biosynthesis,25560.0,0.0,0.0,99.3,b1093
2117,MLDCP3App,"Murein L,D-carboxypeptidase (murein5px3p) (periplasm)",Cytoplasmic,Murein Biosynthesis,33325.0,0.0,0.0,106.3,b0925 or b1990 or b1113 or b1678 or b0819
2118,MLDCP1Bpp,"Murein L,D-carboxypeptidase (murein4p4p) (periplasm)",Cytoplasmic,Murein Biosynthesis,33325.0,0.0,0.0,106.3,b0925 or b1990 or b1113 or b1678 or b0819
2119,2AGPE181tipp,2-Acyl-sn-glycero-3-phosphoethanolamine (n-C18:1) transporter via facilitated diffusion (periplasm),Inner Membrane,"Transport, Inner Membrane",41656.0,41656.0,41656.0,100000000.0,b2835
2120,2AGPA140tipp,2-Acyl-sn-glycero-3-phosphatidate (n-C14:0) transporter via facilitated diffusion (periplasm),Inner Membrane,"Transport, Inner Membrane",41656.0,41656.0,41656.0,100000000.0,b2835
2121,2AGPA160tipp,2-Acyl-sn-glycero-3-phosphatidate (n-C16:0) transporter via facilitated diffusion (periplasm),Inner Membrane,"Transport, Inner Membrane",41656.0,41656.0,41656.0,100000000.0,b2835
2122,2AGPA180tipp,2-Acyl-sn-glycero-3-phosphatidate (n-C18:0) transporter via facilitated diffusion (periplasm),Inner Membrane,"Transport, Inner Membrane",41656.0,41656.0,41656.0,100000000.0,b2835
2123,2AGPA141tipp,2-Acyl-sn-glycero-3-phosphatidate (n-C14:1) transporter via facilitated diffusion (periplasm),Inner Membrane,"Transport, Inner Membrane",41656.0,41656.0,41656.0,100000000.0,b2835
2124,EX_urate_e_f,Urate exchange,Exchange,Extracellular exchange,0.0,0.0,0.0,100000000.0,
2125,PLIPA1G160pp,"Phospholipase A1 (phosphatidylglycerol, n-C16:0) (periplasm)",Cytoplasmic,Glycerophospholipid Metabolism,33163.0,0.0,0.0,2.48,b3821
2126,PLIPA1G141pp,"Phospholipase A1 (phosphatidylglycerol, n-C14:1) (periplasm)",Cytoplasmic,Glycerophospholipid Metabolism,33163.0,0.0,0.0,2.48,b3821
2127,LPLIPAL2E160,"Lysophospholipase L2 (2-acylglycerophosphoethanolamine, n-C16:0)",Cytoplasmic,Glycerophospholipid Metabolism,38978.0,0.0,0.0,1016.0,b3825
2128,LPLIPAL2G140,"Lysophospholipase L2 (2-acylglycerophosphoglycerol, n-C14:0)",Cytoplasmic,Glycerophospholipid Metabolism,38978.0,0.0,0.0,1016.0,b3825
2129,LPLIPAL2G160,"Lysophospholipase L2 (2-acylglycerophosphoglycerol, n-C16:0)",Cytoplasmic,Glycerophospholipid Metabolism,38978.0,0.0,0.0,1016.0,b3825
2130,2AGPE140tipp,2-Acyl-sn-glycero-3-phosphoethanolamine (n-C14:0) transporter via facilitated diffusion (periplasm),Inner Membrane,"Transport, Inner Membrane",41656.0,41656.0,41656.0,100000000.0,b2835
2131,2AGPE160tipp,2-Acyl-sn-glycero-3-phosphoethanolamine (n-C16:0) transporter via facilitated diffusion (periplasm),Inner Membrane,"Transport, Inner Membrane",41656.0,41656.0,41656.0,100000000.0,b2835
2132,2AGPE180tipp,2-Acyl-sn-glycero-3-phosphoethanolamine (n-C18:0) transporter via facilitated diffusion (periplasm),Inner Membrane,"Transport, Inner Membrane",41656.0,41656.0,41656.0,100000000.0,b2835
2133,2AGPE141tipp,2-Acyl-sn-glycero-3-phosphoethanolamine (n-C14:1) transporter via facilitated diffusion (periplasm),Inner Membrane,"Transport, Inner Membrane",41656.0,41656.0,41656.0,100000000.0,b2835
2134,2AGPE161tipp,2-Acyl-sn-glycero-3-phosphoethanolamine (n-C16:1) transporter via facilitated diffusion (periplasm),Inner Membrane,"Transport, Inner Membrane",41656.0,41656.0,41656.0,100000000.0,b2835
2135,2AGPA161tipp,2-Acyl-sn-glycero-3-phosphatidate (n-C16:1) transporter via facilitated diffusion (periplasm),Inner Membrane,"Transport, Inner Membrane",41656.0,41656.0,41656.0,100000000.0,b2835
2136,2AGPA181tipp,2-Acyl-sn-glycero-3-phosphatidate (n-C18:1) transporter via facilitated diffusion (periplasm),Inner Membrane,"Transport, Inner Membrane",41656.0,41656.0,41656.0,100000000.0,b2835
2137,2AGPG120tipp,2-Acyl-sn-glycero-3-phosphoglycerol (n-C12:0) transporter via facilitated diffusion (periplasm),Inner Membrane,"Transport, Inner Membrane",41656.0,41656.0,41656.0,100000000.0,b2835
2138,LPLIPAL2G120,"Lysophospholipase L2 (2-acylglycerophosphoglycerol, n-C12:0)",Cytoplasmic,Glycerophospholipid Metabolism,38978.0,0.0,0.0,1016.0,b3825
2139,PA141abcpp,"Phosphatidate transport via ABC system (n-C14:1, periplasm)",Inner Membrane,"Transport, Inner Membrane",64461.0,64461.0,64461.0,95.19583333,b0914
2140,PA161abcpp,"Phosphatidate transport via ABC system (n-C16:1, periplasm)",Inner Membrane,"Transport, Inner Membrane",64461.0,64461.0,64461.0,95.19583333,b0914
2141,PA180abcpp,"Phosphatidate transport via ABC system (n-C18:0, periplasm)",Inner Membrane,"Transport, Inner Membrane",64461.0,64461.0,64461.0,95.19583333,b0914
2142,PGPP161pp,"Phosphatidylglycerol phosphate phosphatase (periplasm, n-C16:1)",Inner Membrane,Glycerophospholipid Metabolism,19418.0,19418.0,19418.0,24.0,b0418 or b1278
2143,PE120abcpp,"Phosphatidylethanolamine transport via ABC system (n-C12:0, periplasm)",Inner Membrane,"Transport, Inner Membrane",64461.0,64461.0,64461.0,95.19583333,b0914
2144,PE180abcpp,"Phosphatidylethanolamine transport via ABC system (n-C18:0, periplasm)",Inner Membrane,"Transport, Inner Membrane",64461.0,64461.0,64461.0,95.19583333,b0914
2145,PAPA140,Phosphatidate phosphatase (n-C14:0),Inner Membrane,Glycerophospholipid Metabolism,29021.0,29021.0,29021.0,152.0,b1278
2146,PAPA141,Phosphatidate phosphatase (n-C14:1),Inner Membrane,Glycerophospholipid Metabolism,29021.0,29021.0,29021.0,152.0,b1278
2147,PAPA161,Phosphatidate phosphatase (n-C16:1),Inner Membrane,Glycerophospholipid Metabolism,29021.0,29021.0,29021.0,152.0,b1278
2148,GTHOXtex_f,Glutathione (ox) transport via diffusion (extracellular to periplasm),Cytoplasmic,"Transport, Outer Membrane Porin",38922.0,0.0,0.0,100000000.0,b0241 or b0929 or b1377 or b2215
2149,DSBAO1,DsbA protein reoxidation reaction (aerobic),Inner Membrane,Unassigned,43247.0,43247.0,20142.0,22.0,b1185 and b3860
2150,DSBAO2,DsbA protein reoxidation reaction (anaerobic),Inner Membrane,Unassigned,43247.0,43247.0,20142.0,22.0,b1185 and b3860
2151,DSBDR,DsbD reductase,Inner Membrane,Unassigned,73602.0,73602.0,61795.0,1.40385,(b2582 and b4136) or (b3781 and b4136)
2152,TDSR1,Thiol:disulfide reductase (DsbC),Inner Membrane,"Transport, Inner Membrane",87417.0,87417.0,87417.0,0.702207,b2893 and b4136
2153,CGLYabcpp,L-Cysteinylglycine (Cys-Gly) transport via ABC system (periplasm),Inner Membrane,"Transport, Inner Membrane",203503.0,203503.0,203503.0,22.0,b3544 and b3542 and b3543 and b3540 and b3541
2154,PLIPA2A120pp,"Phospholipase A2 (phosphatidate, n-C12:0) (periplasm)",Cytoplasmic,Glycerophospholipid Metabolism,33163.0,0.0,0.0,3.86,b3821
2155,PLIPA2A160pp,"Phospholipase A2 (phosphatidate, n-C16:0) (periplasm)",Cytoplasmic,Glycerophospholipid Metabolism,33163.0,0.0,0.0,3.86,b3821
2156,CLPNH180pp,"Cardiolipin hydrolase (periplasm, n-C18:0)",Cytoplasmic,Glycerophospholipid Metabolism,0.0,0.0,0.0,100000000.0,
2157,LPLIPAL2E120,"Lysophospholipase L2 (2-acylglycerophosphoethanolamine, n-C12:0)",Cytoplasmic,Glycerophospholipid Metabolism,38978.0,0.0,0.0,1016.0,b3825
2158,EAR100x,Enoyl-[acyl-carrier-protein] reductase (NADH) (n-C10:0),Cytoplasmic,Cell Envelope Biosynthesis,27864.0,0.0,0.0,5.3,b1288
2159,EAR120x,Enoyl-[acyl-carrier-protein] reductase (NADH) (n-C12:0),Cytoplasmic,Cell Envelope Biosynthesis,27864.0,0.0,0.0,5.3,b1288
2160,EAR160x,Enoyl-[acyl-carrier-protein] reductase (NADH) (n-C16:0),Cytoplasmic,Cell Envelope Biosynthesis,27864.0,0.0,0.0,5.3,b1288
2161,EAR140y,Enoyl-[acyl-carrier-protein] reductase (NADPH) (n-C14:0),Cytoplasmic,Cell Envelope Biosynthesis,27864.0,0.0,0.0,5.3,b1288
2162,3OAS121,3-oxoacyl-[acyl-carrier-protein] synthase (n-C12:1),Cytoplasmic,Cell Envelope Biosynthesis,42613.0,0.0,0.0,0.725,b2323
2163,3OAS80,3-oxoacyl-[acyl-carrier-protein] synthase (n-C8:0),Cytoplasmic,Cell Envelope Biosynthesis,42613.0,0.0,0.0,1.63,b2323 or b1095
2164,3OAS100,3-oxoacyl-[acyl-carrier-protein] synthase (n-C10:0),Cytoplasmic,Cell Envelope Biosynthesis,42613.0,0.0,0.0,3.1,b2323 or b1095
2165,3OAS120,3-oxoacyl-[acyl-carrier-protein] synthase (n-C12:0),Cytoplasmic,Cell Envelope Biosynthesis,42613.0,0.0,0.0,0.356,b1095 or b2323
2166,3OAR40_f,3-oxoacyl-[acyl-carrier-protein] reductase (n-C4:0),Cytoplasmic,Cell Envelope Biosynthesis,25560.0,0.0,0.0,99.3,b1093
2167,3OAR100_f,3-oxoacyl-[acyl-carrier-protein] reductase (n-C10:0),Cytoplasmic,Cell Envelope Biosynthesis,25560.0,0.0,0.0,99.3,b1093
2168,3HAD60,3-hydroxyacyl-[acyl-carrier-protein] dehydratase (n-C6:0),Cytoplasmic,Cell Envelope Biosynthesis,17033.0,0.0,0.0,368.4865,b0954 or b0180
2169,3HAD100,3-hydroxyacyl-[acyl-carrier-protein] dehydratase (n-C10:0),Cytoplasmic,Cell Envelope Biosynthesis,17033.0,0.0,0.0,368.4865,b0954 or b0180
2170,3HAD140,3-hydroxyacyl-[acyl-carrier-protein] dehydratase (n-C14:0),Cytoplasmic,Cell Envelope Biosynthesis,17033.0,0.0,0.0,368.4865,b0954 or b0180
2171,3HAD160,3-hydroxyacyl-[acyl-carrier-protein] dehydratase (n-C16:0),Cytoplasmic,Cell Envelope Biosynthesis,17033.0,0.0,0.0,368.4865,b0954 or b0180
2172,AGPAT180,1-octadecanoyl-sn-glycerol 3-phosphate O-acyltransferase (n-C18:0),Inner Membrane,Glycerophospholipid Metabolism,27453.0,27453.0,27453.0,46.80901367,b3018
2173,AGPAT141,1-tetradec-7-enoyl-sn-glycerol 3-phosphate O-acyltransferase (n-C14:1),Inner Membrane,Glycerophospholipid Metabolism,27453.0,27453.0,27453.0,46.80901367,b3018
2174,AGPAT161,1-hexadec-7-enoyl-sn-glycerol 3-phosphate O-acyltransferase (n-C16:1),Inner Membrane,Glycerophospholipid Metabolism,27453.0,27453.0,27453.0,46.80901367,b3018
2175,DASYN120,CDP-diacylglycerol synthetase (n-C12:0),Inner Membrane,Glycerophospholipid Metabolism,31454.0,31454.0,31454.0,8.92,b0175
2176,EAR40x,Enoyl-[acyl-carrier-protein] reductase (NADH) (n-C4:0),Cytoplasmic,Cell Envelope Biosynthesis,27864.0,0.0,0.0,5.3,b1288
2177,EAR60y,Enoyl-[acyl-carrier-protein] reductase (NADPH) (n-C6:0),Cytoplasmic,Cell Envelope Biosynthesis,27864.0,0.0,0.0,5.3,b1288
2178,MLDEP1pp,"Murein L,D-endopeptidase (murein3px3p) (periplasm)",Cytoplasmic,Murein Recycling,30137.0,0.0,0.0,0.5,b2328
2179,MLDEP2pp,"Murein L,D-endopeptidase (murein5px3p) (periplasm)",Cytoplasmic,Murein Recycling,30137.0,0.0,0.0,0.5,b2328
2180,MLTGY2pp,Murein lytic transglycosylase (murein4p3p) (periplasm),Inner Membrane,Murein Recycling,38247.0,38247.0,38247.0,291.6204286,b2963 or b4392 or b2813 or b2701 or b1193 or b2558 or b0211 or b1097
2181,MLTGY4pp,Murein lytic transglycosylase (murein4px4p4p) (periplasm),Inner Membrane,Murein Recycling,38247.0,38247.0,38247.0,291.6204286,b4392 or b2813 or b2701 or b1193 or b2963 or b2558 or b0211 or b1097
2182,EAR60x,Enoyl-[acyl-carrier-protein] reductase (NADH) (n-C6:0),Cytoplasmic,Cell Envelope Biosynthesis,27864.0,0.0,0.0,5.3,b1288
2183,EAR80x,Enoyl-[acyl-carrier-protein] reductase (NADH) (n-C8:0),Cytoplasmic,Cell Envelope Biosynthesis,27864.0,0.0,0.0,5.3,b1288
2184,PE181abcpp,"Phosphatidylethanolamine transport via ABC system (n-C18:1, periplasm)",Inner Membrane,"Transport, Inner Membrane",64461.0,64461.0,64461.0,95.19583333,b0914
2185,12DGR161tipp,"1,2 diacylglycerol transport via flipping (periplasm to cytoplasm, n-C16:1)",Inner Membrane,"Transport, Inner Membrane",0.0,0.0,0.0,100000000.0,
2186,12DGR181tipp,"1,2 diacylglycerol transport via flipping (periplasm to cytoplasm, n-C18:1)",Inner Membrane,"Transport, Inner Membrane",0.0,0.0,0.0,100000000.0,
2187,NTP11,Nucleoside-triphosphatase (dITP),Cytoplasmic,Nucleotide Salvage Pathway,18213.0,0.0,0.0,38.49325,b4394
2188,3OAS180,3-oxoacyl-[acyl-carrier-protein] synthase (n-C18:0),Cytoplasmic,Cell Envelope Biosynthesis,42613.0,0.0,0.0,0.725,b1095 or b2323
2189,3HAD180,3-hydroxyacyl-[acyl-carrier-protein] dehydratase (n-C18:0),Cytoplasmic,Cell Envelope Biosynthesis,17033.0,0.0,0.0,368.4865,b0954 or b0180
2190,CDAPPA120,CDP-Diacylglycerol pyrophostatase (n-C12:0),Cytoplasmic,Glycerophospholipid Metabolism,28451.0,0.0,0.0,90.13177273,b3918
2191,PSSA120,Phosphatidylserine syntase (n-C12:0),Cytoplasmic,Glycerophospholipid Metabolism,52802.0,0.0,0.0,1.0,b2585
2192,PSD120,Phosphatidylserine decarboxylase (n-C12:0),Cytoplasmic,Glycerophospholipid Metabolism,35934.0,0.0,0.0,75.042,b4160
2193,PAPA120,Phosphatidate phosphatase (n-C12:0),Inner Membrane,Glycerophospholipid Metabolism,29021.0,29021.0,29021.0,152.0,b1278
2194,EX_cpgn_un_e_f,Coprogen unloaded (no Fe(III)) exchange,Exchange,Extracellular exchange,0.0,0.0,0.0,100000000.0,
2195,MDDEP1pp,"Murein D,D-endopeptidase (murein4px4p) (periplasm)",Inner Membrane,Murein Recycling,49058.0,49058.0,49058.0,1.41,b3182 or b2328 or b2134 or b1655 or b1856 or b2175 or b0376
2196,MDDEP2pp,"Murein D,D-endopeptidase (murein3px4p) (periplasm)",Inner Membrane,Murein Recycling,49058.0,49058.0,49058.0,1.41,b3182 or b2328 or b2134 or b1655 or b1856 or b2175 or b0376
2197,PSD181,Phosphatidylserine decarboxylase (n-C18:1),Cytoplasmic,Glycerophospholipid Metabolism,35934.0,0.0,0.0,75.042,b4160
2198,DAGK180,Diacylglycerol kinase (n-C18:0),Inner Membrane,Glycerophospholipid Metabolism,13245.0,13245.0,13245.0,10.40333333,b4042
2199,DAGK181,Diacylglycerol kinase (n-C18:1),Inner Membrane,Glycerophospholipid Metabolism,13245.0,13245.0,13245.0,10.40333333,b4042
2200,PLIPA2E120pp,"Phospholipase A2 (phosphatidylethanolamine, n-C12:0) (periplasm)",Cytoplasmic,Glycerophospholipid Metabolism,33163.0,0.0,0.0,2.48,b3821
2201,PLIPA2G141pp,"Phospholipase A2 (phosphatidylglycerol, n-C14:1) (periplasm)",Cytoplasmic,Glycerophospholipid Metabolism,33163.0,0.0,0.0,2.48,b3821
2202,PLIPA2G161pp,"Phospholipase A2 (phosphatidylglycerol, n-C16:1) (periplasm)",Cytoplasmic,Glycerophospholipid Metabolism,33163.0,0.0,0.0,2.48,b3821
2203,LPLIPAL1A120pp,"Lysophospholipase L1 (2-acylglycerophosphotidate, n-C12:0) (periplasm)",Cytoplasmic,Glycerophospholipid Metabolism,23622.0,0.0,0.0,1016.0,b0494
2204,LPLIPAL1A140pp,"Lysophospholipase L1 (2-acylglycerophosphotidate, n-C14:0) (periplasm)",Cytoplasmic,Glycerophospholipid Metabolism,23622.0,0.0,0.0,1016.0,b0494
2205,LPLIPAL1A181pp,"Lysophospholipase L1 (2-acylglycerophosphotidate, n-C18:1) (periplasm)",Cytoplasmic,Glycerophospholipid Metabolism,23622.0,0.0,0.0,1016.0,b0494
2206,LPLIPAL1E120pp,"Lysophospholipase L1 (2-acylglycerophosphoethanolamine, n-C12:0) (periplasm)",Cytoplasmic,Glycerophospholipid Metabolism,23622.0,0.0,0.0,1016.0,b0494
2207,3OAR180_f,3-oxoacyl-[acyl-carrier-protein] reductase (n-C18:0),Cytoplasmic,Cell Envelope Biosynthesis,25560.0,0.0,0.0,99.3,b1093
2208,G3PAT120,Glycerol-3-phosphate acyltransferase (C12:0),Cytoplasmic,Glycerophospholipid Metabolism,100021.0,0.0,0.0,166.8,b1094 and b4041
2209,PGSA120,Phosphatidylglycerol synthase (n-C12:0),Inner Membrane,Glycerophospholipid Metabolism,20701.0,20701.0,20701.0,1.0,b1912
2210,TDSR2,Thiol:disulfide reductase (DsbG),Inner Membrane,"Transport, Inner Membrane",89290.0,89290.0,89290.0,1.40385,b0604 and b4136
2211,GTHRDtex_f,Glutathione transport via diffusion (extracellular to periplasm),Cytoplasmic,"Transport, Outer Membrane Porin",38922.0,0.0,0.0,100000000.0,b0241 or b0929 or b1377 or b2215
2212,GTHRDabc2pp,Glutathione export via ABC system (cytoplasm to periplasm),Inner Membrane,"Transport, Inner Membrane",127976.0,127976.0,127976.0,22.0,b0886 and b0887
2213,OMMBLHX3,"2-Octaprenyl-3-methyl-6-methoxy-1,4-benzoquinol hydroxylase (anaerobic)",Cytoplasmic,Cofactor and Prosthetic Group Biosynthesis,0.0,0.0,0.0,100000000.0,
2214,NADHPO,NADH peroxidase,Cytoplasmic,Unassigned,76938.0,0.0,0.0,1.1,b0606 and b0605
2215,ACOAD7f_f,Acyl-CoA dehydrogenase (hexadecanoyl-CoA),Inner Membrane,Membrane Lipid Metabolism,89224.0,89224.0,89224.0,2.3825,b0221
2216,ACOAD8f_f,Acyl-CoA dehydrogenase (octadecanoyl-CoA),Inner Membrane,Membrane Lipid Metabolism,89224.0,89224.0,89224.0,5.13,b0221
2217,ACOAD5f_f,Acyl-CoA dehydrogenase (dodecanoyl-CoA),Inner Membrane,Membrane Lipid Metabolism,89224.0,89224.0,89224.0,9.17,b0221
2218,ACOAD3f_f,Acyl-CoA dehydrogenase (octanoyl-CoA),Inner Membrane,Membrane Lipid Metabolism,89224.0,89224.0,89224.0,9.625,b0221
2219,ACOAD2f_f,Acyl-CoA dehydrogenase (hexanoyl-CoA),Inner Membrane,Membrane Lipid Metabolism,89224.0,89224.0,89224.0,4700.0,b0221
2220,ACOAD4f_f,Acyl-CoA dehydrogenase (decanoyl-CoA),Inner Membrane,Membrane Lipid Metabolism,89224.0,89224.0,89224.0,782.8622222,b0221
2221,ACOAD6f_f,Acyl-CoA dehydrogenase (tetradecanoyl-CoA),Inner Membrane,Membrane Lipid Metabolism,89224.0,89224.0,89224.0,5.556666667,b0221
2222,NADH16pp,NADH dehydrogenase (ubiquinone-8 & 3 protons) (periplasm),Inner Membrane,Oxidative Phosphorylation,540414.0,540414.0,258403.0,767.5,b2279 and b2277 and b2284 and b2282 and b2278 and b2288 and b2276 and b2287 and b2283 and b2281 and b2286 and b2280 and b2285
2223,NADH18pp,NADH dehydrogenase (demethylmenaquinone-8 & 3 protons) (periplasm),Inner Membrane,Oxidative Phosphorylation,540414.0,540414.0,258403.0,767.5,b2279 and b2277 and b2284 and b2282 and b2278 and b2288 and b2276 and b2287 and b2283 and b2281 and b2286 and b2280 and b2285
2224,EX_tartr__D_e_f,D-tartrate exchange,Exchange,Extracellular exchange,0.0,0.0,0.0,100000000.0,
2225,GLYBt2pp,Glycine betaine transport via proton symport (periplasm),Inner Membrane,"Transport, Inner Membrane",52881.0,52881.0,52881.0,22.0,b1801 or b4111
2226,DSERt2pp,D-serine transport in via proton symport (periplasm),Inner Membrane,"Transport, Inner Membrane",51660.0,51660.0,51660.0,22.0,b4208
2227,ALAt4pp,L-alanine transport in via sodium symport (periplasm),Inner Membrane,"Transport, Inner Membrane",51663.0,51663.0,51663.0,22.0,b0007
2228,LYSt3pp,L-lysine transport out via proton antiport (cytoplasm to periplasm),Inner Membrane,"Transport, Inner Membrane",23176.0,23176.0,23176.0,22.0,b2923 or b0874
2229,EX_tungs_e_f,Tungstate exchange,Exchange,Extracellular exchange,0.0,0.0,0.0,100000000.0,
2230,CTBTCAL2,Crotonobetaine-CoA Ligase,Cytoplasmic,Oxidative Phosphorylation,58559.0,0.0,0.0,11.5895,b0037
2231,BGLA1,6-phospho-beta-glucosidase,Cytoplasmic,Alternate Carbon Metabolism,50513.0,0.0,0.0,170.0,b1734 or b2716 or b3721
2232,EX_crn__D_e_f,D-carnitine exchange,Exchange,Extracellular exchange,0.0,0.0,0.0,100000000.0,
2233,GDPMNP,GDP-mannose phyrophosphatase,Cytoplasmic,Cell Envelope Biosynthesis,21749.0,0.0,0.0,151.0,b2467
2234,OPHHX3,2-Octaprenylphenol hydroxylase (anaerobic),Cytoplasmic,Cofactor and Prosthetic Group Biosynthesis,0.0,0.0,0.0,100000000.0,
2235,AMMQLT8,S-adenosylmethione:2-demthylmenaquinole methyltransferase (menaquinone 8),Cytoplasmic,Cofactor and Prosthetic Group Biosynthesis,28073.0,0.0,0.0,0.0524684,b3833
2236,FA120ACPHi,Fatty-acyl-ACP hydrolase,Cytoplasmic,Cell Envelope Biosynthesis,22961.0,0.0,0.0,0.004,b0404
2237,FA80ACPHi,Fatty-acyl-ACP hydrolase,Cytoplasmic,Cell Envelope Biosynthesis,22961.0,0.0,0.0,0.004,b0404
2238,FA140ACPHi,Fatty-acyl-ACP hydrolase,Cytoplasmic,Cell Envelope Biosynthesis,22961.0,0.0,0.0,0.004,b0404
2239,FA100ACPHi,Fatty-acyl-ACP hydrolase,Cytoplasmic,Cell Envelope Biosynthesis,22961.0,0.0,0.0,0.004,b0404
2240,CRNDCAL2,D-Carnitine-CoA Ligase,Cytoplasmic,Oxidative Phosphorylation,58559.0,0.0,0.0,11.5895,b0037
2241,CRNCAL2,Carnitine-CoA Ligase,Cytoplasmic,Oxidative Phosphorylation,58559.0,0.0,0.0,11.5895,b0037
2242,CHLt2pp,Choline transport via proton symport (periplasm),Inner Membrane,"Transport, Inner Membrane",52881.0,52881.0,52881.0,22.0,b0314 or b1801
2243,GLYt4pp,Glycine transport in via sodium symport (periplasm),Inner Membrane,"Transport, Inner Membrane",51663.0,51663.0,51663.0,22.0,b0007
2244,FRULYSE_f,Fructoselysine 3-epimerase,Cytoplasmic,Alternate Carbon Metabolism,30999.0,0.0,0.0,9201.8125,b4474
2245,FRULYSt2pp,Fructoselysine transport via proton symport (periplasm),Inner Membrane,"Transport, Inner Membrane",47577.0,47577.0,47577.0,22.0,b3370
2246,EX_psclys_e_f,Psicoselysine exchange,Exchange,Extracellular exchange,0.0,0.0,0.0,100000000.0,
2247,TUNGStex_f,Tungstate transport via diffusion (extracellular to periplasm),Cytoplasmic,"Transport, Outer Membrane Porin",38922.0,0.0,0.0,100000000.0,b0929 or b2215 or b1377 or b0241
2248,COBALT2tpp,Cobalt transport in via permease (no H+),Inner Membrane,Inorganic Ion Transport and Metabolism,26485.0,26485.0,26485.0,22.0,b3040 or b3816
2249,OXCDC,Oxalyl-CoA decarboxylase,Cytoplasmic,Alternate Carbon Metabolism,60581.0,0.0,0.0,60.7,b2373
2250,LPLIPAL2A140,"Lysophospholipase L2 (2-acylglycerophosphotidate, n-C14:0)",Cytoplasmic,Glycerophospholipid Metabolism,38978.0,0.0,0.0,1016.0,b3825
2251,LPLIPAL2A160,"Lysophospholipase L2 (2-acylglycerophosphotidate, n-C16:0)",Cytoplasmic,Glycerophospholipid Metabolism,38978.0,0.0,0.0,1016.0,b3825
2252,LPLIPAL2A161,"Lysophospholipase L2 (2-acylglycerophosphotidate, n-C16:1)",Cytoplasmic,Glycerophospholipid Metabolism,38978.0,0.0,0.0,1016.0,b3825
2253,LPLIPAL2A180,"Lysophospholipase L2 (2-acylglycerophosphotidate, n-C18:0)",Cytoplasmic,Glycerophospholipid Metabolism,38978.0,0.0,0.0,1016.0,b3825
2254,LPLIPAL2A181,"Lysophospholipase L2 (2-acylglycerophosphotidate, n-C18:1)",Cytoplasmic,Glycerophospholipid Metabolism,38978.0,0.0,0.0,1016.0,b3825
2255,DM_aacald_c,Sink needed to allow aminoacetaldehyde to leave system,Cytoplasmic,Intracellular demand,0.0,0.0,0.0,100000000.0,
2256,UM3PL,UDP-N-acetylmuramate:L-alanyl-gamma-D-glutamyl-meso-diaminopimelate ligase,Cytoplasmic,Murein Recycling,49874.0,0.0,0.0,4.83,b4233
2257,UM4PL,UDP-N-acetylmuramate:L-alanyl-gamma-D-glutamyl-meso-diaminopimelate-D-alanine ligase,Cytoplasmic,Murein Recycling,49874.0,0.0,0.0,4.83,b4233
2258,2MAHMP,2-Methyl-4-amino-5-hydroxymethylpyrimidine diphosphatase,Cytoplasmic,Cofactor and Prosthetic Group Biosynthesis,17433.0,0.0,0.0,90.13177273,b0446 or b1134
2259,ZN2tpp,Zinc transport in via permease (no H+),Inner Membrane,Inorganic Ion Transport and Metabolism,26485.0,26485.0,26485.0,22.0,b3040
2260,NI2tpp,Nickel (+2) transport in via permease (no H+),Inner Membrane,Inorganic Ion Transport and Metabolism,36590.0,36590.0,36590.0,22.0,b3816
2261,COBALT2t3pp,Cobalt (Co+2) transport out via proton antiport (periplasm),Inner Membrane,Inorganic Ion Transport and Metabolism,32927.0,32927.0,32927.0,22.0,b0752 or b3915
2262,23DAPPAt2pp,"2,3-diaminopropionate transport in via proton symport",Inner Membrane,"Transport, Inner Membrane",0.0,0.0,0.0,100000000.0,
2263,PLIPA1A120pp,"Phospholipase A1 (phosphatidate, n-C12:0) (periplasm)",Cytoplasmic,Glycerophospholipid Metabolism,33163.0,0.0,0.0,1.1,b3821
2264,PLIPA1A140pp,"Phospholipase A1 (phosphatidate, n-C14:0) (periplasm)",Cytoplasmic,Glycerophospholipid Metabolism,33163.0,0.0,0.0,1.1,b3821
2265,PLIPA1A141pp,"Phospholipase A1 (phosphatidate, n-C14:1) (periplasm)",Cytoplasmic,Glycerophospholipid Metabolism,33163.0,0.0,0.0,1.1,b3821
2266,PLIPA1A160pp,"Phospholipase A1 (phosphatidate, n-C16:0) (periplasm)",Cytoplasmic,Glycerophospholipid Metabolism,33163.0,0.0,0.0,1.1,b3821
2267,PLIPA1A161pp,"Phospholipase A1 (phosphatidate, n-C16:1) (periplasm)",Cytoplasmic,Glycerophospholipid Metabolism,33163.0,0.0,0.0,2.48,b3821
2268,PLIPA1A180pp,"Phospholipase A1 (phosphatidate, n-C18:0) (periplasm)",Cytoplasmic,Glycerophospholipid Metabolism,33163.0,0.0,0.0,1.1,b3821
2269,LPLIPAL2A120,"Lysophospholipase L2 (2-acylglycerophosphotidate, n-C12:0)",Cytoplasmic,Glycerophospholipid Metabolism,38978.0,0.0,0.0,1016.0,b3825
2270,CAt6pp_f,Calcium / sodium antiporter (1:1),Inner Membrane,Inorganic Ion Transport and Metabolism,34741.0,34741.0,34741.0,22.0,b3196
2271,5DGLCNt2rpp_f,"5-Dehydro-D-gluconate transport via proton symport, reversible (periplasm)",Inner Membrane,"Transport, Inner Membrane",46041.0,46041.0,46041.0,22.0,b4265
2272,GALCTNt2pp,D-galactonate transport via proton symport (periplasm),Inner Membrane,"Transport, Inner Membrane",47077.0,47077.0,47077.0,22.0,b3691
2273,GALCTNLtex_f,L-galactonate transport via diffusion (extracellular to periplasm),Cytoplasmic,"Transport, Outer Membrane Porin",38922.0,0.0,0.0,100000000.0,b2215 or b1377 or b0929 or b0241
2274,EX_galctn__L_e_f,L-Galactonate exchange,Exchange,Extracellular exchange,0.0,0.0,0.0,100000000.0,
2275,KDUI,5-keto-4-deoxyuronate isomerase,Cytoplasmic,Cell Envelope Biosynthesis,31076.0,0.0,0.0,1265.461667,b2843
2276,CA2t3pp,Calcium (Ca+2) transport out via proton antiport (periplasm),Inner Membrane,Inorganic Ion Transport and Metabolism,39168.0,39168.0,39168.0,22.0,b1216
2277,NADH17pp,NADH dehydrogenase (menaquinone-8 & 3 protons) (periplasm),Inner Membrane,Oxidative Phosphorylation,540414.0,540414.0,258403.0,767.5,b2279 and b2277 and b2284 and b2282 and b2278 and b2288 and b2276 and b2287 and b2283 and b2281 and b2286 and b2280 and b2285
2278,FA161ACPHi,Fatty-acyl-ACP hydrolase,Cytoplasmic,Cell Envelope Biosynthesis,22961.0,0.0,0.0,0.004,b0404
2279,FA141ACPHi,Fatty-acyl-ACP hydrolase,Cytoplasmic,Cell Envelope Biosynthesis,22961.0,0.0,0.0,0.004,b0404
2280,ARGt3pp,L-arginine transport out via proton antiport (cytoplasm to periplasm),Inner Membrane,"Transport, Inner Membrane",23176.0,23176.0,23176.0,22.0,b2923
2281,FA160ACPHi,Fatty-acyl-ACP hydrolase,Cytoplasmic,Cell Envelope Biosynthesis,22961.0,0.0,0.0,0.004,b0404
2282,MALDtex_f,D-Malate transport via diffusion (extracellular to periplasm),Cytoplasmic,"Transport, Outer Membrane Porin",38922.0,0.0,0.0,100000000.0,b1377 or b2215 or b0241 or b0929
2283,OROTtex_f,Orotate transport via diffusion (extracellular to periplasm),Cytoplasmic,"Transport, Outer Membrane Porin",38922.0,0.0,0.0,100000000.0,b1377 or b0929 or b2215 or b0241
2284,PPAt4pp,Na+/Propionate symporter (periplasm),Inner Membrane,"Transport, Inner Membrane",54344.0,54344.0,54344.0,22.0,b1015
2285,OROTt2_2pp,Orotate transport via proton symport (2 H) (periplasm),Inner Membrane,"Transport, Inner Membrane",45436.0,45436.0,45436.0,22.0,b3528
2286,MALDt2_2pp,D-Malate transport via proton symport (2 H) (periplasm),Inner Membrane,"Transport, Inner Membrane",45436.0,45436.0,45436.0,22.0,b3528
2287,5DGLCNtex_f,5-Dehydro-D-gluconate transport via diffusion (extracellular to periplasm),Cytoplasmic,"Transport, Outer Membrane Porin",38922.0,0.0,0.0,100000000.0,b1377 or b0241 or b0929 or b2215
2288,EX_5dglcn_e_f,5-Dehydro-D-gluconate exchange,Exchange,Extracellular exchange,0.0,0.0,0.0,100000000.0,
2289,DTARTD,D(-)-tartrate dehydratase,Cytoplasmic,Alternate Carbon Metabolism,60105.0,0.0,0.0,1149.5,b4122
2290,PLIPA2E161pp,"Phospholipase A2 (phosphatidylethanolamine, n-C16:1) (periplasm)",Cytoplasmic,Glycerophospholipid Metabolism,33163.0,0.0,0.0,2.48,b3821
2291,PLIPA2E180pp,"Phospholipase A2 (phosphatidylethanolamine, n-C18:0) (periplasm)",Cytoplasmic,Glycerophospholipid Metabolism,33163.0,0.0,0.0,2.48,b3821
2292,PLIPA2G120pp,"Phospholipase A2 (phosphatidylglycerol, n-C12:0) (periplasm)",Cytoplasmic,Glycerophospholipid Metabolism,33163.0,0.0,0.0,2.48,b3821
2293,PLIPA2G180pp,"Phospholipase A2 (phosphatidylglycerol, n-C18:0) (periplasm)",Cytoplasmic,Glycerophospholipid Metabolism,33163.0,0.0,0.0,2.48,b3821
2294,LPLIPAL1A161pp,"Lysophospholipase L1 (2-acylglycerophosphotidate, n-C16:1) (periplasm)",Cytoplasmic,Glycerophospholipid Metabolism,23622.0,0.0,0.0,1016.0,b0494
2295,LPLIPAL1A160pp,"Lysophospholipase L1 (2-acylglycerophosphotidate, n-C16:0) (periplasm)",Cytoplasmic,Glycerophospholipid Metabolism,23622.0,0.0,0.0,1016.0,b0494
2296,PSCLYSt2pp,Psicoselysine transport via proton symport (periplasm),Inner Membrane,"Transport, Inner Membrane",47577.0,47577.0,47577.0,22.0,b3370
2297,LYSt2pp,L-lysine transport in via proton symport (periplasm),Inner Membrane,"Transport, Inner Membrane",53576.0,53576.0,53576.0,22.0,b2156
2298,GLYt2pp,Glycine transport in via proton symport (periplasm),Inner Membrane,"Transport, Inner Membrane",51660.0,51660.0,51660.0,22.0,b1801 or b4208
2299,ALAt2pp,L-alanine transport in via proton symport (periplasm),Inner Membrane,"Transport, Inner Membrane",51660.0,51660.0,51660.0,22.0,b4208 or b4130
2300,BALAt2pp,Beta-alanine transport in via proton symport (periplasm),Inner Membrane,"Transport, Inner Membrane",51660.0,51660.0,51660.0,22.0,b4208
2301,DALAt2pp,D-alanine transport in via proton symport (periplasm),Inner Membrane,"Transport, Inner Membrane",51660.0,51660.0,51660.0,22.0,b4208
2302,FE2tpp,Iron (+2) transport in via permease (no H+),Inner Membrane,Inorganic Ion Transport and Metabolism,26485.0,26485.0,26485.0,22.0,b3040
2303,MN2tpp,Manganese transport in via permease (no H+),Inner Membrane,Inorganic Ion Transport and Metabolism,26485.0,26485.0,26485.0,22.0,b3040
2304,MG2tpp,Magnesium (+2) transport in via diffusion,Inner Membrane,Inorganic Ion Transport and Metabolism,36590.0,36590.0,36590.0,100000000.0,b3816
2305,NI2t3pp,Nickle (Ni+2) transport out via proton antiport (periplasm),Inner Membrane,Inorganic Ion Transport and Metabolism,32927.0,32927.0,32927.0,22.0,b3915 or b0752
2306,PPAtex_f,Propionate transport via diffusion,Cytoplasmic,"Transport, Outer Membrane Porin",38922.0,0.0,0.0,100000000.0,b0241 or b1377 or b0929 or b2215
2307,GALCTNLt2pp,L-galactonate transport via proton symport (periplasm),Inner Membrane,"Transport, Inner Membrane",49440.0,49440.0,49440.0,22.0,b4356
2308,GALCTLO,L-galactonate oxidoreductase,Cytoplasmic,Alternate Carbon Metabolism,36448.0,0.0,0.0,76.08846667,b4358
2309,THYMt3pp,Thymine transport out via proton antiport (periplasm),Inner Membrane,"Transport, Inner Membrane",0.0,0.0,0.0,100000000.0,
2310,PSCLYStex_f,Psicoselysine transporter via diffusion (extracellular),Cytoplasmic,"Transport, Outer Membrane Porin",38922.0,0.0,0.0,100000000.0,b0929 or b2215 or b1377 or b0241
2311,THYMtex_f,Thymine transport via diffusion (extracellular to periplasm),Cytoplasmic,"Transport, Outer Membrane Porin",38922.0,0.0,0.0,100000000.0,b0241 or b1377 or b2215 or b0929
2312,CU2tpp,Copper transport in via permease (no H+),Inner Membrane,Inorganic Ion Transport and Metabolism,26485.0,26485.0,26485.0,22.0,b3040
2313,FE2t3pp,Iron (Fe+2) transport out via proton antiport (periplasm),Inner Membrane,Inorganic Ion Transport and Metabolism,32927.0,32927.0,32927.0,22.0,b3915
2314,MN2t3pp,Manganese (Mn+2) transport out via proton antiport (periplasm),Inner Membrane,Inorganic Ion Transport and Metabolism,32927.0,32927.0,32927.0,22.0,b3915 or b0752
2315,MG2t3_2pp_f,Magnesium (Mg+2) transport in/out via proton antiport (periplasm),Inner Membrane,Inorganic Ion Transport and Metabolism,0.0,0.0,0.0,100000000.0,
2316,CD2tpp,Cadmium (+2) transport in via permease (no H+),Inner Membrane,Inorganic Ion Transport and Metabolism,26485.0,26485.0,26485.0,22.0,b3040
2317,ETHAt2pp,Ethanolamine transport in via proton symport,Inner Membrane,"Transport, Inner Membrane",0.0,0.0,0.0,100000000.0,
2318,FE3abcpp,Iron (III) transport via ABC system (periplasm to cytoplasm),Inner Membrane,Inorganic Ion Transport and Metabolism,0.0,0.0,0.0,100000000.0,
2319,THRA,Threonine aldolase,Cytoplasmic,Threonine and Lysine Metabolism,36495.0,0.0,0.0,1.87,b2551 or b0870
2320,XYLK2,L-xylulokinase,Cytoplasmic,Alternate Carbon Metabolism,55155.0,0.0,0.0,35.42,b0063 or b3580
2321,GLDBRAN2,Glycogen debranching enzyme (bglycogen -> glycogen),Cytoplasmic,Glycolysis/Gluconeogenesis,73577.0,0.0,0.0,40.46666667,b3431
2322,CLt3_2pp,Chloride transport out via proton antiport (2:1) (periplasm),Inner Membrane,Inorganic Ion Transport and Metabolism,50349.0,50349.0,50349.0,22.0,b0155
2323,EX_ppal_e_f,Propanal exchange,Exchange,Extracellular exchange,0.0,0.0,0.0,100000000.0,
2324,POR5_f,Pyruvate synthase,Cytoplasmic,Pyruvate Metabolism,148468.0,0.0,0.0,10.84975,(b1378 and b0684) or (b1378 and b2895)
2325,HACD8_f,"3-hydroxyacyl-CoA dehydrogenase (3-oxooctadecanoyl-CoA), peroxisomal",Cytoplasmic,Membrane Lipid Metabolism,77072.0,0.0,0.0,229.0,b3846 or b2341
2326,CTECOAI8_f,3-cis-2-trans-enoyl-CoA isomerase,Cytoplasmic,Membrane Lipid Metabolism,79594.0,0.0,0.0,63.0,b3846
2327,CTECOAI6_f,3-cis-2-trans-enoyl-CoA isomerase,Cytoplasmic,Membrane Lipid Metabolism,79594.0,0.0,0.0,63.0,b3846
2328,MTHTHFSs,"(2R,4S)-2-methyl-2,3,3,4-tetrahydroxytetrahydrofuran synthesis (spontaneous)",Cytoplasmic,Methionine Metabolism,0.0,0.0,0.0,100000000.0,s0001
2329,SELGTHR,Selenate glutathione reductase,Inner Membrane,Inorganic Ion Transport and Metabolism,0.0,0.0,0.0,100000000.0,
2330,SELGTHR3,Selenate glutathione reductase III,Inner Membrane,Inorganic Ion Transport and Metabolism,0.0,0.0,0.0,100000000.0,
2331,EX_slnt_e_f,Selenite exchange,Exchange,Extracellular exchange,0.0,0.0,0.0,100000000.0,
2332,MALCOAMT,Malonyl-CoA methyltransferase,Cytoplasmic,Cofactor and Prosthetic Group Biosynthesis,28276.0,0.0,0.0,173.0,b0777
2333,OGMEACPS,3-Oxo-glutaryl-[ACP] methyl ester synthase,Cytoplasmic,Cofactor and Prosthetic Group Biosynthesis,33515.0,0.0,0.0,0.46,b1091
2334,OGMEACPR,3-Oxo-glutaryl-[ACP] methyl ester reductase,Cytoplasmic,Cofactor and Prosthetic Group Biosynthesis,25560.0,0.0,0.0,0.59,b1093
2335,OPMEACPS,3-Oxo-pimeloyl-[ACP] methyl ester synthase,Cytoplasmic,Cofactor and Prosthetic Group Biosynthesis,42613.0,0.0,0.0,0.05165,b2323
2336,LIPAabctex,Lipid A transport via ABC system (periplasm to extracellular),Inner Membrane,Lipopolysaccharide Biosynthesis / Recycling,259636.0,259636.0,101680.0,95.19583333,b4262 and b4261 and b3199 and b3201 and b3200 and b0054 and b0641
2337,DGUNC,Diguanylate cyclase,Inner Membrane,Nucleotide Salvage Pathway,51783.0,51783.0,51783.0,1.2,b1341 or b1794 or b1535 or b1025 or b1490
2338,CDGUNPD,"3,5-cyclic-nucleotide phosphodiesterase",Inner Membrane,Alternate Carbon Metabolism,85608.0,85608.0,85608.0,0.000363333,b2503 or b1489 or b3525 or b1285 or b0315
2339,LDGUNPD,Linear diguanylate phosphodiesterase,Cytoplasmic,Nucleotide Salvage Pathway,74665.0,0.0,0.0,0.000363333,b1285
2340,MPTAT,Molybdopterin adenylyltransferase,Cytoplasmic,Cofactor and Prosthetic Group Biosynthesis,21222.0,0.0,0.0,0.0012,b0009
2341,MOADSUx,"MoaD sulfuration (nadh, assumed)",Cytoplasmic,Cofactor and Prosthetic Group Biosynthesis,53848.0,0.0,0.0,0.5,b0784 and b2530
2342,CMtpp,Chloramphenicol transport via TolC system,Inner Membrane,"Transport, Outer Membrane",208985.0,208985.0,155244.0,22.0,(b0463 and b3035 and b2470) or (b0463 and b3035 and b0462)
2343,FUSAtpp,Fusidic acid transport via TolC system,Inner Membrane,"Transport, Outer Membrane",208985.0,208985.0,155244.0,22.0,(b0463 and b3035 and b0462) or (b0463 and b3035 and b2470)
2344,RFAMPtex_f,Rifampin transport via diffusion (extracellular to periplasm),Cytoplasmic,"Transport, Outer Membrane",0.0,0.0,0.0,100000000.0,s0001
2345,MINCYCtex_f,Minocycline transport via diffusion (extracellular to periplasm),Cytoplasmic,"Transport, Outer Membrane Porin",38922.0,0.0,0.0,100000000.0,b1377 or b0241 or b0929 or b2215
2346,MINCYCtpp,Minocycline transport via TolC system,Inner Membrane,"Transport, Outer Membrane",208985.0,208985.0,155244.0,22.0,(b0463 and b3035 and b2470) or (b0463 and b3035 and b0462)
2347,DOXRBCNtex_f,Doxorubicin transport via diffusion (extracellular to periplasm),Cytoplasmic,"Transport, Outer Membrane Porin",38922.0,0.0,0.0,100000000.0,b0929 or b2215 or b1377 or b0241
2348,DOXRBCNtpp,Doxorubicin transport via TolC system,Inner Membrane,"Transport, Outer Membrane",208985.0,208985.0,155244.0,22.0,(b0463 and b3035 and b0462) or (b0463 and b3035 and b2470)
2349,ETOHtrpp_f,Ethanol reversible transport via diffusion (periplasm),Inner Membrane,"Transport, Inner Membrane",0.0,0.0,0.0,100000000.0,s0001
2350,REPHACCOAI_f,"Ring 1,2-epoxyphenylacetyl-CoA isomerase (oxepin-CoA forming)",Cytoplasmic,Alternate Carbon Metabolism,28405.0,0.0,0.0,63.0,b1394
2351,ACPPAT141,Acyl-(acyl carrier protein):phosphate acyltransferase (C14:1),Cytoplasmic,Glycerophospholipid Metabolism,46854.0,0.0,0.0,1500.0,b1094 and b1090
2352,ACPPAT161,Acyl-(acyl carrier protein):phosphate acyltransferase (C16:1),Cytoplasmic,Glycerophospholipid Metabolism,46854.0,0.0,0.0,1500.0,b1094 and b1090
2353,ACPPAT180,Acyl-(acyl carrier protein):phosphate acyltransferase (C18:0),Cytoplasmic,Glycerophospholipid Metabolism,46854.0,0.0,0.0,1500.0,b1094 and b1090
2354,APG3PAT160,Acyl-phosphate:glycerol-3-phosphate acyltransferase (C16:0),Inner Membrane,Glycerophospholipid Metabolism,22193.0,22193.0,22193.0,166.8,b3059
2355,APG3PAT161,Acyl-phosphate:glycerol-3-phosphate acyltransferase (C16:1),Inner Membrane,Glycerophospholipid Metabolism,22193.0,22193.0,22193.0,166.8,b3059
2356,APG3PAT180,Acyl-phosphate:glycerol-3-phosphate acyltransferase (C18:0),Inner Membrane,Glycerophospholipid Metabolism,22193.0,22193.0,22193.0,166.8,b3059
2357,ICYSDS,ISC Cysteine desulfuration,Cytoplasmic,Cofactor and Prosthetic Group Biosynthesis,45090.0,0.0,0.0,0.5,b2530
2358,I4FE4SR,ISC [4Fe-4S] Reduction,Cytoplasmic,Cofactor and Prosthetic Group Biosynthesis,13849.0,0.0,0.0,22.0,b2529
2359,S2FE2ST,SUF [2Fe-2S] Transfer,Cytoplasmic,Cofactor and Prosthetic Group Biosynthesis,142450.0,0.0,0.0,22.0,b1682 and b1681 and b1684 and b1683
2360,BMOCOS,Bis-molybdenum cofactor synthase,Cytoplasmic,Cofactor and Prosthetic Group Biosynthesis,44067.0,0.0,0.0,1.375,b0827
2361,BWCOS,Tungsten bispterin cofactor synthase,Cytoplasmic,Cofactor and Prosthetic Group Biosynthesis,44067.0,0.0,0.0,1.375,b0827
2362,BWCOGDS1,Tungsten bispterin guanine dinucleotide synthase (single GDP),Cytoplasmic,Cofactor and Prosthetic Group Biosynthesis,21643.0,0.0,0.0,0.0048,(b3857 and b3856) or b3857
2363,BWCOGDS2,Tungsten bispterin guanine dinucleotide synthase,Cytoplasmic,Cofactor and Prosthetic Group Biosynthesis,21643.0,0.0,0.0,0.0048,(b3857 and b3856) or b3857
2364,DHNPTE_f,Dihydroneopterin epimerase,Cytoplasmic,Cofactor and Prosthetic Group Biosynthesis,13620.0,0.0,0.0,0.089,b3058
2365,DHMPTR,Dihydromonapterin reductase,Cytoplasmic,Cofactor and Prosthetic Group Biosynthesis,26348.0,0.0,0.0,19.2,b1606
2366,NOVBCNtpp,Novobiocin transport via TolC system,Inner Membrane,"Transport, Outer Membrane",208985.0,208985.0,155244.0,22.0,(b0463 and b3035 and b2470) or (b0463 and b3035 and b0462)
2367,CMtex_f,Chloramphenicol transport via diffusion (extracellular to periplasm),Cytoplasmic,"Transport, Outer Membrane Porin",38922.0,0.0,0.0,100000000.0,b2215 or b0929 or b1377 or b0241
2368,LALALGLUtex_f,L-alanyl-L-glutamate transport via diffusion (extracellular to periplasm),Cytoplasmic,"Transport, Outer Membrane Porin",38922.0,0.0,0.0,100000000.0,b1377 or b0241 or b0929 or b2215
2369,LALADGLUtpp,L-alanyl-D-glutamate transport in via proton symport (periplasm),Inner Membrane,"Transport, Inner Membrane",53055.0,53055.0,53055.0,22.0,b0709 or b1634 or b3496 or b4130
2370,I2FE2SS,ISC [2Fe-2S] Synthesis,Cytoplasmic,Cofactor and Prosthetic Group Biosynthesis,58939.0,0.0,0.0,0.5,b2530 and b2529
2371,I2FE2ST,ISC [2Fe-2S] Transfer,Cytoplasmic,Cofactor and Prosthetic Group Biosynthesis,25405.0,0.0,0.0,22.0,b2529 and b2528
2372,I2FE2SS2,ISC [2Fe-2S] Synthesis II,Cytoplasmic,Cofactor and Prosthetic Group Biosynthesis,58939.0,0.0,0.0,0.5,b2530 and b2529
2373,I4FE4ST,ISC [4Fe-4S] Transfer,Cytoplasmic,Cofactor and Prosthetic Group Biosynthesis,25405.0,0.0,0.0,22.0,b2529 and b2528
2374,S4FE4ST,SUF [4Fe-4S] Transfer,Cytoplasmic,Cofactor and Prosthetic Group Biosynthesis,142450.0,0.0,0.0,22.0,b1682 and b1681 and b1684 and b1683
2375,S2FE2SS2,SUF [2Fe-2S] Synthesis II,Cytoplasmic,Cofactor and Prosthetic Group Biosynthesis,189384.0,0.0,0.0,0.425,b1680 and b1683 and b1681 and b1682 and b1679
2376,BTS5,Biotin synthase,Cytoplasmic,Cofactor and Prosthetic Group Biosynthesis,38648.0,0.0,0.0,13.9,b0775
2377,5MTRtex_f,5-Methylthio-D-ribose transport via proton diffusion (extracellular to periplasm),Cytoplasmic,"Transport, Outer Membrane Porin",38922.0,0.0,0.0,100000000.0,b1377 or b0929 or b2215 or b0241
2378,LALADGLUtex_f,L-alanyl-D-glutamate transport via diffusion (extracellular to periplasm),Cytoplasmic,"Transport, Outer Membrane Porin",38922.0,0.0,0.0,100000000.0,b2215 or b1377 or b0241 or b0929
2379,LALALGLUtpp,L-alanyl-L-glutamate transport in via proton symport (periplasm),Inner Membrane,"Transport, Inner Membrane",53055.0,53055.0,53055.0,22.0,b1634 or b3496 or b4130 or b0709
2380,3AMACHYD,3-aminoacrylate hydrolase,Cytoplasmic,Nucleotide Salvage Pathway,28898.0,0.0,0.0,111.8694444,b1009
2381,3HPPtex_f,3-hydroxypropionate transport via diffusion (extracellular to periplasm),Cytoplasmic,"Transport, Outer Membrane Porin",38922.0,0.0,0.0,100000000.0,b1377 or b0929 or b2215 or b0241
2382,EX_LalaDglu_e_f,L-alanine-D-glutamate exchange,Exchange,Extracellular exchange,0.0,0.0,0.0,100000000.0,
2383,CCGS,7-cyano-7-carbaguanine synthase,Cytoplasmic,Cofactor and Prosthetic Group Biosynthesis,25514.0,0.0,0.0,5.289444444,b0444
2384,CDGR,7-cyano-7-deazaguanine reductase,Cytoplasmic,Cofactor and Prosthetic Group Biosynthesis,32588.0,0.0,0.0,0.06515,b2794
2385,CBMD,Carbamate deaminase,Cytoplasmic,Nucleotide Salvage Pathway,0.0,0.0,0.0,100000000.0,s0001
2386,MSAR,Malonic semialdehyde reductase,Cytoplasmic,Nucleotide Salvage Pathway,21570.0,0.0,0.0,115.0,b1008 or b1539
2387,EX_LalaLglu_e_f,L-alanine-L-glutamate exchange,Exchange,Extracellular exchange,0.0,0.0,0.0,100000000.0,
2388,ACPPAT120,Acyl-(acyl carrier protein):phosphate acyltransferase (C12:0),Cytoplasmic,Glycerophospholipid Metabolism,46854.0,0.0,0.0,1500.0,b1094 and b1090
2389,CPH4S,"6-carboxy-5,6,7,8-tetrahydropterin synthase",Cytoplasmic,Cofactor and Prosthetic Group Biosynthesis,13773.0,0.0,0.0,13.15414286,b2765
2390,SHCHCS3,"2-succinyl-6-hydroxy-2,4-cyclohexadiene 1-carboxylate synthase",Cytoplasmic,Cofactor and Prosthetic Group Biosynthesis,27682.0,0.0,0.0,8.5,b2263
2391,EX_ttrcyc_e_f,Tetracycline exchange,Exchange,Extracellular exchange,0.0,0.0,0.0,100000000.0,
2392,EX_mincyc_e_f,Minocycline exchange,Exchange,Extracellular exchange,0.0,0.0,0.0,100000000.0,
2393,DM_4crsol_c,Sink needed to allow p-Cresol to leave system,Cytoplasmic,Intracellular demand,0.0,0.0,0.0,100000000.0,
2394,URACPAH,Peroxyureidoacrylate hydrolase,Cytoplasmic,Nucleotide Salvage Pathway,25209.0,0.0,0.0,111.8694444,b1011
2395,POAACR,Peroxyaminoacrylate reductase,Cytoplasmic,Nucleotide Salvage Pathway,13763.0,0.0,0.0,93.55647875,b1010
2396,ACPPAT160,Acyl-(acyl carrier protein):phosphate acyltransferase (C16:0),Cytoplasmic,Glycerophospholipid Metabolism,46854.0,0.0,0.0,1500.0,b1094 and b1090
2397,ACPPAT181,Acyl-(acyl carrier protein):phosphate acyltransferase (C18:1),Cytoplasmic,Glycerophospholipid Metabolism,46854.0,0.0,0.0,1500.0,b1094 and b1090
2398,APH141,Acylphosphatase (C14:1),Cytoplasmic,Glycerophospholipid Metabolism,10300.0,0.0,0.0,1.55e-06,b0968
2399,APH161,Acylphosphatase (C16:1),Cytoplasmic,Glycerophospholipid Metabolism,10300.0,0.0,0.0,1.55e-06,b0968
2400,APH180,Acylphosphatase (C18:0),Cytoplasmic,Glycerophospholipid Metabolism,10300.0,0.0,0.0,1.55e-06,b0968
2401,APH181,Acylphosphatase (C18:1),Cytoplasmic,Glycerophospholipid Metabolism,10300.0,0.0,0.0,1.55e-06,b0968
2402,GTHPi,Glutathione peridoxase,Cytoplasmic,Unassigned,20470.0,0.0,0.0,241.6128571,b1710
2403,SEPHCHCS,2-succinyl-5-enolpyruvyl-6-hydroxy-3-cyclohexene-1-carboxylate synthase,Cytoplasmic,Cofactor and Prosthetic Group Biosynthesis,61367.0,0.0,0.0,0.0625,b2264
2404,DHNCOAS,"1,4-dihydroxy-2-napthoyl-CoA synthase",Cytoplasmic,Cofactor and Prosthetic Group Biosynthesis,31633.0,0.0,0.0,0.062,b2262
2405,DHNCOAT,"1,4-dihydroxy-2-napthoyl-CoA thioesterase",Cytoplasmic,Cofactor and Prosthetic Group Biosynthesis,14945.0,0.0,0.0,3.165,b1686
2406,FESD1s,"Iron-sulfur cluster damage (peroxide, spontaneous)",Cytoplasmic,Cofactor and Prosthetic Group Biosynthesis,0.0,0.0,0.0,100000000.0,s0001
2407,EX_doxrbcn_e_f,Doxorubicin exchange,Exchange,Extracellular exchange,0.0,0.0,0.0,100000000.0,
2408,EX_fusa_e_f,Fusidic acid exchange,Exchange,Extracellular exchange,0.0,0.0,0.0,100000000.0,
2409,EX_cm_e_f,Chloramphenicol exchange,Exchange,Extracellular exchange,0.0,0.0,0.0,100000000.0,
2410,EX_novbcn_e_f,Novobiocin exchange,Exchange,Extracellular exchange,0.0,0.0,0.0,100000000.0,
2411,I2FE2SR,ISC [2Fe-2S] regeneration,Cytoplasmic,Cofactor and Prosthetic Group Biosynthesis,58939.0,0.0,0.0,0.5,b2529 and b2530
2412,TYRL,Tyrosine lyase,Cytoplasmic,Cofactor and Prosthetic Group Biosynthesis,7311.0,0.0,0.0,85.46666667,b3991
2413,THZPSN3,Thiazole phosphate synthesis,Inner Membrane,Cofactor and Prosthetic Group Biosynthesis,177664.0,177664.0,26970.0,0.5,b0423 and b3990 and b2530 and b3992 and b4407
2414,APG3PAT120,Acyl-phosphate:glycerol-3-phosphate acyltransferase (C12:0),Inner Membrane,Glycerophospholipid Metabolism,22193.0,22193.0,22193.0,166.8,b3059
2415,APH120,Acylphosphatase (C12:0),Cytoplasmic,Glycerophospholipid Metabolism,10300.0,0.0,0.0,1.55e-06,b0968
2416,MOCDS,Molybdopterin cytidine dinucleotide synthase,Cytoplasmic,Cofactor and Prosthetic Group Biosynthesis,21514.0,0.0,0.0,0.0046,b2877
2417,FUSAtex_f,Fusidic acid transport via diffusion (extracellular to periplasm),Cytoplasmic,"Transport, Outer Membrane Porin",38922.0,0.0,0.0,100000000.0,b2215 or b0929 or b1377 or b0241
2418,NOVBCNtex_f,Novobiocin transport via diffusion (extracellular to periplasm),Cytoplasmic,"Transport, Outer Membrane",0.0,0.0,0.0,100000000.0,s0001
2419,EX_rfamp_e_f,Rifampin exchange,Exchange,Extracellular exchange,0.0,0.0,0.0,100000000.0,
2420,QUIN2tex_f,Quinate transport via diffusion (extracellular to periplasm),Cytoplasmic,"Transport, Outer Membrane Porin",38922.0,0.0,0.0,100000000.0,b2215 or b1377 or b0241 or b0929
2421,EX_quin_e_f,Quinate exchange,Exchange,Extracellular exchange,0.0,0.0,0.0,100000000.0,
2422,FORCT_f,Formyl-CoA Transferase,Cytoplasmic,Alternate Carbon Metabolism,45828.0,0.0,0.0,4.75,b2374
2423,DHPTDCs2,"4,5-dihydroxy-2,3-pentanedione cyclization (spontaneous)",Cytoplasmic,Methionine Metabolism,0.0,0.0,0.0,100000000.0,s0001
2424,EX_3hpp_e_f,3-Hydroxypropanoate exchange,Exchange,Extracellular exchange,0.0,0.0,0.0,100000000.0,
2425,PACCOAE,"Ring 1,2-phenylacetyl-CoA epoxidase (NADPH)",Cytoplasmic,Alternate Carbon Metabolism,134919.0,0.0,0.0,6.470507937,b1391 and b1388 and b1392 and b1389 and b1390
2426,OXDHCOAT,"3-oxo-5,6-dehydrosuberyl-CoA thiolase",Cytoplasmic,Alternate Carbon Metabolism,70682.0,0.0,0.0,7.8,b1397 and b1394
2427,HADPCOADH3_f,3-hydroxyadipyl-CoA dehydrogenase (NAD+),Cytoplasmic,Alternate Carbon Metabolism,51733.0,0.0,0.0,76.08846667,b1395
2428,O16A4COLIPAabctex,O16 antigen (x4) core oligosaccharide lipid A transport via ABC system (periplasm to extracellular),Inner Membrane,Lipopolysaccharide Biosynthesis / Recycling,259636.0,259636.0,101680.0,95.19583333,b4262 and b4261 and b3199 and b3201 and b3200 and b0054 and b0641
2429,COLIPAabctex,Core oligosaccharide lipid A transport via ABC system (periplasm to extracellular),Inner Membrane,Lipopolysaccharide Biosynthesis / Recycling,259636.0,259636.0,101680.0,95.19583333,b0641 and b3200 and b4262 and b3201 and b3199 and b0054 and b4261
2430,ENLIPAabctex,Phosphoethanolamine lipid A transport via ABC system (periplasm to extracellular),Inner Membrane,Lipopolysaccharide Biosynthesis / Recycling,259636.0,259636.0,101680.0,95.19583333,b4262 and b4261 and b3199 and b3201 and b3200 and b0054 and b0641
2431,DM_mththf_c,"Sink needed to allow (2R,4S)-2-methyl-2,3,3,4-tetrahydroxytetrahydrofuran to leave system",Cytoplasmic,Intracellular demand,0.0,0.0,0.0,100000000.0,
2432,PYROX,Pyrimidine oxygenase,Cytoplasmic,Nucleotide Salvage Pathway,59968.0,0.0,0.0,15.5,b1007 and b1012
2433,BMOGDS1,Bis-molybdopterin guanine dinucleotide synthase (single GDP),Cytoplasmic,Cofactor and Prosthetic Group Biosynthesis,21643.0,0.0,0.0,0.0048,b3857 or (b3857 and b3856)
2434,MPTS,Molybdopterin synthase,Cytoplasmic,Cofactor and Prosthetic Group Biosynthesis,25739.0,0.0,0.0,85.46666667,b0785 and b0784
2435,MOCOS,Molybdenum cofactor synthase,Cytoplasmic,Cofactor and Prosthetic Group Biosynthesis,44067.0,0.0,0.0,1.375,b0827
2436,BMOGDS2,Bis-molybdopterin guanine dinucleotide synthase,Cytoplasmic,Cofactor and Prosthetic Group Biosynthesis,21643.0,0.0,0.0,0.0048,(b3857 and b3856) or b3857
2437,FESD2s,"Iron-sulfur cluster damage (nitrous oxide, spontaneous)",Cytoplasmic,Cofactor and Prosthetic Group Biosynthesis,0.0,0.0,0.0,100000000.0,s0001
2438,S2FE2SR,SUF [2Fe-2S] regeneration,Cytoplasmic,Cofactor and Prosthetic Group Biosynthesis,189384.0,0.0,0.0,0.425,b1680 and b1679 and b1682 and b1681 and b1683
2439,ACACT8r_f,"Acetyl-CoA acyltransferase (hexadecanoyl-CoA), (r)",Cytoplasmic,Membrane Lipid Metabolism,26242.0,0.0,0.0,1.4,b2342 or b3845
2440,CTECOAI7_f,3-cis-2-trans-enoyl-CoA isomerase,Cytoplasmic,Membrane Lipid Metabolism,79594.0,0.0,0.0,63.0,b3846
2441,CLIPAabctex,Cold lipid A transport via ABC system (periplasm to extracellular),Inner Membrane,Lipopolysaccharide Biosynthesis / Recycling,259636.0,259636.0,101680.0,95.19583333,b4262 and b4261 and b3199 and b3201 and b3200 and b0054 and b0641
2442,K2L4Aabctex,KDO(2)-lipid IV A transport via ABC system (periplasm to extracellular),Inner Membrane,Lipopolysaccharide Biosynthesis / Recycling,259636.0,259636.0,101680.0,95.19583333,b4262 and b4261 and b3199 and b3201 and b3200 and b0054 and b0641
2443,FDH4pp,Formate dehydrogenase (quinone-8) (periplasm),Inner Membrane,Oxidative Phosphorylation,170255.0,170255.0,24606.0,36.1,(b3893 and b3894 and b3892) or (b1474 and b1476 and b1475)
2444,FDH5pp,Formate Dehydrogenase (menaquinone-8) (periplasm),Inner Membrane,Oxidative Phosphorylation,170255.0,170255.0,24606.0,36.1,(b1474 and b1476 and b1475) or (b3893 and b3894 and b3892)
2445,ACPPAT140,Acyl-(acyl carrier protein):phosphate acyltransferase (C14:0),Cytoplasmic,Glycerophospholipid Metabolism,46854.0,0.0,0.0,1500.0,b1094 and b1090
2446,APG3PAT140,Acyl-phosphate:glycerol-3-phosphate acyltransferase (C14:0),Inner Membrane,Glycerophospholipid Metabolism,22193.0,22193.0,22193.0,166.8,b3059
2447,APG3PAT141,Acyl-phosphate:glycerol-3-phosphate acyltransferase (C14:1),Inner Membrane,Glycerophospholipid Metabolism,22193.0,22193.0,22193.0,166.8,b3059
2448,APG3PAT181,Acyl-phosphate:glycerol-3-phosphate acyltransferase (C18:1),Inner Membrane,Glycerophospholipid Metabolism,22193.0,22193.0,22193.0,166.8,b3059
2449,APH140,Acylphosphatase (C14:0),Cytoplasmic,Glycerophospholipid Metabolism,10300.0,0.0,0.0,1.55e-06,b0968
2450,APH160,Acylphosphatase (C16:0),Cytoplasmic,Glycerophospholipid Metabolism,10300.0,0.0,0.0,1.55e-06,b0968
2451,OPMEACPD,3-Oxo-pimeloyl-[ACP] methyl ester dehydratase,Cytoplasmic,Cofactor and Prosthetic Group Biosynthesis,17033.0,0.0,0.0,368.4865,b0180
2452,EPMEACPR,Enoylpimeloyl-[ACP] methyl ester reductase,Cytoplasmic,Cofactor and Prosthetic Group Biosynthesis,27864.0,0.0,0.0,5.3,b1288
2453,AOXSr2,8-amino-7-oxononanoate synthase,Cytoplasmic,Cofactor and Prosthetic Group Biosynthesis,41594.0,0.0,0.0,0.028,b0776
2454,MEOHtrpp_f,Methanol reversible transport via diffusion (periplasm),Inner Membrane,"Transport, Inner Membrane",0.0,0.0,0.0,100000000.0,s0001
2455,SCYSDS,SUF Cysteine desulfuration,Cytoplasmic,Cofactor and Prosthetic Group Biosynthesis,60234.0,0.0,0.0,0.5,b1680 and b1679
2456,S2FE2SS,SUF [2Fe-2S] Synthesis,Cytoplasmic,Cofactor and Prosthetic Group Biosynthesis,189384.0,0.0,0.0,0.425,b1680 and b1683 and b1681 and b1682 and b1679
2457,S4FE4SR,SUF [4Fe-4S] Reduction,Cytoplasmic,Cofactor and Prosthetic Group Biosynthesis,129150.0,0.0,0.0,22.0,b1682 and b1681 and b1683
2458,SELtex_f,Selenate transport via diffusion (extracellular to periplasm),Cytoplasmic,"Transport, Outer Membrane Porin",38922.0,0.0,0.0,100000000.0,b1377 or b0929 or b2215 or b0241
2459,SELR,Selenate reductase,Inner Membrane,Inorganic Ion Transport and Metabolism,233043.0,233043.0,233043.0,227.5,b1589 and b1590 and b1588 and b1587
2460,OGMEACPD,3-Oxo-glutaryl-[ACP] methyl ester dehydratase,Cytoplasmic,Cofactor and Prosthetic Group Biosynthesis,17033.0,0.0,0.0,368.4865,b0180
2461,EGMEACPR,Enoylglutaryl-[ACP] methyl ester reductase,Cytoplasmic,Cofactor and Prosthetic Group Biosynthesis,27864.0,0.0,0.0,5.3,b1288
2462,OPMEACPR,3-Oxo-pimeloyl-[ACP] methyl ester reductase,Cytoplasmic,Cofactor and Prosthetic Group Biosynthesis,25560.0,0.0,0.0,0.59,b1093
2463,PMEACPE,Pimeloyl-[ACP] methyl ester esterase,Cytoplasmic,Cofactor and Prosthetic Group Biosynthesis,28505.0,0.0,0.0,18.5,b3412
2464,MEOHtex_f,Methanol transport via diffusion (extracellular to periplasm),Cytoplasmic,"Transport, Outer Membrane Porin",38922.0,0.0,0.0,100000000.0,b0929 or b1377 or b2215 or b0241
2465,EX_5mtr_e_f,5-Methylthio-D-ribose exchange,Exchange,Extracellular exchange,0.0,0.0,0.0,100000000.0,
2466,MECDPDH5,"2C-methyl-D-erythritol 2,4 cyclodiphosphate dehydratase",Cytoplasmic,Cofactor and Prosthetic Group Biosynthesis,60384.0,0.0,0.0,3.7,(b2515 and b2895) or (b2515 and b0684)
2467,RNTR1c2,Ribonucleoside-triphosphate reductase (ATP) (flavodoxin),Cytoplasmic,Nucleotide Salvage Pathway,99723.0,0.0,0.0,34.15,(b3924 and b0684 and b4238 and b4237) or (b3924 and b2895 and b4238 and b4237) or (b0684 and b4238) or (b2895 and b4238)
2468,RNTR2c2,Ribonucleoside-triphosphate reductase (GTP) (flavodoxin),Cytoplasmic,Nucleotide Salvage Pathway,99723.0,0.0,0.0,34.15,(b3924 and b2895 and b4238 and b4237) or (b2895 and b4238) or (b3924 and b0684 and b4238 and b4237) or (b0684 and b4238)
2469,RNTR3c2,Ribonucleoside-triphosphate reductase (CTP) (flavodoxin),Cytoplasmic,Nucleotide Salvage Pathway,99723.0,0.0,0.0,34.15,(b3924 and b0684 and b4238 and b4237) or (b3924 and b2895 and b4238 and b4237) or (b2895 and b4238) or (b0684 and b4238)
2470,RNTR4c2,Ribonucleoside-triphosphate reductase (UTP) (flavodoxin),Cytoplasmic,Nucleotide Salvage Pathway,99723.0,0.0,0.0,34.15,(b3924 and b0684 and b4238 and b4237) or (b3924 and b2895 and b4238 and b4237) or (b0684 and b4238) or (b2895 and b4238)
2471,FLDR2,Flavodoxin reductase (NADPH),Cytoplasmic,Unassigned,47451.0,0.0,0.0,21.925,(b3924 and b2895) or (b3924 and b0684)
2472,CDGS,7-deaza-7-carboxyguanine synthase,Cytoplasmic,Cofactor and Prosthetic Group Biosynthesis,0.0,0.0,0.0,100000000.0,
2473,5MTRtpp,5-Methylthio-D-ribose transport via proton symport (periplasm),Inner Membrane,"Transport, Inner Membrane",0.0,0.0,0.0,100000000.0,
2474,TTRCYCtex_f,Tetracycline transport via diffusion (extracellular to periplasm),Cytoplasmic,"Transport, Outer Membrane Porin",38922.0,0.0,0.0,100000000.0,b0929 or b0241 or b1377 or b2215
2475,TTRCYCtpp,Tetracycline transport via TolC system,Inner Membrane,"Transport, Outer Membrane",208985.0,208985.0,155244.0,22.0,(b0463 and b3035 and b2470) or (b0463 and b3035 and b0462)
2476,FESR,Iron-sulfur cluster repair,Cytoplasmic,Cofactor and Prosthetic Group Biosynthesis,24883.0,0.0,0.0,22.0,b4209
2477,OXCOAHDH,"Oxepin-CoA hydrolase/ 3-oxo-5,6-dehydrosuberyl-CoA semialdehyde dehydrogenase (NADP+)",Cytoplasmic,Alternate Carbon Metabolism,73003.0,0.0,0.0,39.0,b1387
2478,DHACOAH_f,"2,3-dehydroadipyl-CoA hydratase",Cytoplasmic,Alternate Carbon Metabolism,27237.0,0.0,0.0,15.0,b1393
2479,THFAT,Tetrahydrofolate aminomethyltransferase,Cytoplasmic,Folate Metabolism,45317.0,0.0,0.0,12.285,b2551
2480,FOMETRi,Aminomethyltransferase,Cytoplasmic,Folate Metabolism,23303.0,0.0,0.0,1.515,b2912
2481,SLNTtex_f,Selenite transport via diffusion (extracellular to periplasm),Cytoplasmic,"Transport, Outer Membrane Porin",38922.0,0.0,0.0,100000000.0,b1377 or b0929 or b2215 or b0241
2482,SELGTHR2,Selenate glutathione reductase II,Inner Membrane,Inorganic Ion Transport and Metabolism,0.0,0.0,0.0,100000000.0,
2483,GDPTPDP,Guanosine 3'-diphosphate 5'-triphosphate 3'-diphosphatase,Cytoplasmic,Cofactor and Prosthetic Group Biosynthesis,79342.0,0.0,0.0,2.985,b3650
2484,COLIPAKpp,Lipid A core kinase (periplasm),Inner Membrane,Lipopolysaccharide Biosynthesis / Recycling,26759.0,26759.0,26759.0,96.06077778,b2174
2485,3HPPtpp,3-hydroxypropionate transport via proton symport (periplasm),Inner Membrane,"Transport, Inner Membrane",0.0,0.0,0.0,100000000.0,
2486,MPTSS,Molybdopterin synthase sulfurylase,Cytoplasmic,Cofactor and Prosthetic Group Biosynthesis,26719.0,0.0,0.0,370.0,b0826
2487,CPMPS,Cyclic pyranopterin monophosphate synthase,Cytoplasmic,Cofactor and Prosthetic Group Biosynthesis,54813.0,0.0,0.0,0.0007,b0783 and b0781
2488,LIPOCT,Lipoyl(octanoyl) transferase,Cytoplasmic,Cofactor and Prosthetic Group Biosynthesis,23883.0,0.0,0.0,0.2,b0630
2489,LIPOS,Lipoate synthase,Cytoplasmic,Cofactor and Prosthetic Group Biosynthesis,36072.0,0.0,0.0,85.46666667,b0628
2490,OCTNLL,Octanoate non-lipoylated apo domain ligase,Cytoplasmic,Cofactor and Prosthetic Group Biosynthesis,37926.0,0.0,0.0,0.133,b4386
2491,LIPATPT,Lipoate-ATP adenylate transferase,Cytoplasmic,Cofactor and Prosthetic Group Biosynthesis,37926.0,0.0,0.0,0.176,b4386
2492,LIPAMPL,Lipoyl-adenylate protein ligase,Cytoplasmic,Cofactor and Prosthetic Group Biosynthesis,37926.0,0.0,0.0,0.133,b4386
2493,ALDD19xr_f,"Aldehyde dehydrogenase (phenylacetaldehyde, NAD)",Cytoplasmic,Alternate Carbon Metabolism,53699.0,0.0,0.0,40.15666667,b1385
2494,MMM,Methylmalonyl-CoA mutase,Cytoplasmic,Alternate Carbon Metabolism,77871.0,0.0,0.0,48.0,b2917
2495,MOGDS,Molybdopterin guanine dinucleotide synthase,Cytoplasmic,Cofactor and Prosthetic Group Biosynthesis,21643.0,0.0,0.0,0.0048,(b3857 and b3856) or b3857
2496,WCOS,Tungsten pterin cofactor synthase,Cytoplasmic,Cofactor and Prosthetic Group Biosynthesis,44067.0,0.0,0.0,1.375,b0827
2497,RFAMPtpp,Rifampin transport via TolC system,Inner Membrane,"Transport, Outer Membrane",208985.0,208985.0,155244.0,22.0,(b0463 and b3035 and b0462) or (b0463 and b3035 and b2470)
2498,VPAMTr_f,Valine-pyruvate aminotransferase,Cytoplasmic,"Valine, Leucine, and Isoleucine Metabolism",46711.0,0.0,0.0,13.67,b3572
2499,ACOLIPAabctex,Arabinose modified core oligosaccharide lipid A transport via ABC system (periplasm to extracellular),Inner Membrane,Lipopolysaccharide Biosynthesis / Recycling,259636.0,259636.0,101680.0,95.19583333,b4262 and b4261 and b3199 and b3201 and b3200 and b0054 and b0641
2500,ECA4COLIPAabctex,Enterobacterial common antigen (x4) core oligosaccharide lipid A transport via ABC system (periplasm to extracellular),Inner Membrane,Lipopolysaccharide Biosynthesis / Recycling,259636.0,259636.0,101680.0,95.19583333,b4262 and b4261 and b3199 and b3201 and b3200 and b0054 and b0641
2501,COLIPAPabctex,Core oligosaccharide lipid A diphosphate transport via ABC system (periplasm to extracellular),Inner Membrane,Lipopolysaccharide Biosynthesis / Recycling,259636.0,259636.0,101680.0,95.19583333,b4262 and b4261 and b3199 and b3201 and b3200 and b0054 and b0641
2502,CH4tex_f,Methane Transport(extracellular via diffusion),Cytoplasmic,"Transport, Outer Membrane",0.0,0.0,0.0,100000000.0,
2503,TARTRDtex_f,D-tartrate transport via diffusion (extracellular to periplasm),Cytoplasmic,"Transport, Outer Membrane Porin",38922.0,0.0,0.0,100000000.0,b1377 or b2215 or b0241 or b0929
2504,3OXCOAT,3-oxoadipyl-CoA thiolase,Cytoplasmic,Alternate Carbon Metabolism,42277.0,0.0,0.0,7.8,b1397
2505,BTNt2ipp,Biotin transport via proton symport (periplasm),Inner Membrane,"Transport, Inner Membrane",0.0,0.0,0.0,100000000.0,
2506,BTNtex_f,Biotin transport via diffusion (extracellular to periplasm),Cytoplasmic,"Transport, Outer Membrane Porin",38922.0,0.0,0.0,100000000.0,b2215 or b1377 or b0241 or b0929
2507,2DGULRGx,2-Dehydro-L-gulonate reductase to gluconate (NADH),Cytoplasmic,Alternate Carbon Metabolism,35396.0,0.0,0.0,60503.775,b3553
2508,2DGULRGy,2-Dehydro-L-gulonate reductase to gluconate (NADPH),Cytoplasmic,Alternate Carbon Metabolism,35396.0,0.0,0.0,6.725,b3553
2509,AP4AS,Ap4A synthetase,Cytoplasmic,Nucleotide Salvage Pathway,57827.0,0.0,0.0,3.4,b4129
2510,ARBTptspp,Arbutin transport via PEP:Pyr PTS (periplasm),Inner Membrane,"Transport, Inner Membrane",123707.0,123707.0,123707.0,3204.0,(b3722 and b2416 and b2415) or (b2715 and b2416 and b2415)
2511,ARBTtex,Arbutin transport via diffusion (extracellular to periplasm),Cytoplasmic,"Transport, Outer Membrane Porin",38922.0,0.0,0.0,100000000.0,b2215 or b0929 or b1377 or b0241
2512,EX_arbt_e_f,Arbutin exchange,Exchange,Extracellular exchange,0.0,0.0,0.0,100000000.0,
2513,DMSOtpp_f,Dimethyl sulfoxide transport via diffusion (periplasm),Inner Membrane,"Transport, Inner Membrane",0.0,0.0,0.0,100000000.0,s0001
2514,PYDXtex_f,Pyridoxal transport via diffusion (extracellular),Cytoplasmic,"Transport, Outer Membrane Porin",38922.0,0.0,0.0,100000000.0,b2215 or b0929 or b1377 or b0241
2515,PYDXtpp,Pyridoxal import,Inner Membrane,"Transport, Inner Membrane",0.0,0.0,0.0,100000000.0,
2516,SUCASPtpp_f,Succinate:aspartate antiporter (periplasm),Inner Membrane,"Transport, Inner Membrane",45751.0,45751.0,45751.0,22.0,b4138 or b4123 or b0621
2517,SUCMALtpp_f,Succinate:malate antiporter (periplasm),Inner Membrane,"Transport, Inner Membrane",45751.0,45751.0,45751.0,22.0,b4138 or b4123 or b0621
2518,PYDXNtex_f,Pyridoxine transport via diffusion (extracellular),Cytoplasmic,"Transport, Outer Membrane Porin",38922.0,0.0,0.0,100000000.0,b2215 or b0929 or b1377 or b0241
2519,PYDXNtpp,Pyridoxine import,Inner Membrane,"Transport, Inner Membrane",0.0,0.0,0.0,100000000.0,
2520,PYDAMtex_f,Pyridoxamine transport via diffusion (extracellular),Cytoplasmic,"Transport, Outer Membrane Porin",38922.0,0.0,0.0,100000000.0,b2215 or b0929 or b1377 or b0241
2521,PYDAMtpp,Pyridoxamine import,Inner Membrane,"Transport, Inner Membrane",0.0,0.0,0.0,100000000.0,
2522,13PPDH2_f,"1,3-propanediol dehydrogenase",Cytoplasmic,Alternate Carbon Metabolism,42097.0,0.0,0.0,7.3275,b3011
2523,TARTt2_3pp,D-tartrate transport via proton symport (3 H) (periplasm),Inner Membrane,"Transport, Inner Membrane",47935.0,47935.0,47935.0,22.0,b4123
2524,SUCTARTtpp_f,Succinate:D-tartrate antiporter (periplasm),Inner Membrane,"Transport, Inner Membrane",47935.0,47935.0,47935.0,22.0,b4123
2525,APCS,Aminopropylcadaverine synthase,Cytoplasmic,Arginine and Proline Metabolism,32321.0,0.0,0.0,0.14,b0121
2526,CHTBSptspp,Chitobiose transport via PEP:Pyr PTS (periplasm),Inner Membrane,"Transport, Inner Membrane",145188.0,145188.0,145188.0,3204.0,(b1738 and b1737 and b1736) and b2415 and b2416
2527,CHTBStex_f,Chitobiose transport via diffusion (extracellular to periplasm),Cytoplasmic,"Transport, Outer Membrane Porin",38922.0,0.0,0.0,100000000.0,b2215 or b0929 or b1377 or b0241 or b0681
2528,TRPtipp,L-tryptophan transport out (periplasm),Inner Membrane,"Transport, Inner Membrane",31539.0,31539.0,31539.0,22.0,b1473
2529,TYRtipp,L-tyrosine transport out (periplasm),Inner Membrane,"Transport, Inner Membrane",31539.0,31539.0,31539.0,22.0,b1473
2530,ThDPAT,ThDP adenylyl transferase,Cytoplasmic,Cofactor and Prosthetic Group Biosynthesis,0.0,0.0,0.0,100000000.0,
2531,GHBDHx_f,Gamma-hydroxybutyrate dehydrogenase (NADH),Cytoplasmic,Arginine and Proline Metabolism,31158.0,0.0,0.0,213.4339433,b3882
2532,APPLDHr_f,Aminopropanol dehydrogenase reversible,Cytoplasmic,Threonine and Lysine Metabolism,38712.0,0.0,0.0,3.3,b3945
2533,SPMDt3pp,Spermidine transport out via proton antiport (periplasm),Inner Membrane,"Transport, Inner Membrane",24835.0,24835.0,24835.0,22.0,b1600 and b1599
2534,PHEtipp,L-phenylalanine transport out (periplasm),Inner Membrane,"Transport, Inner Membrane",31539.0,31539.0,31539.0,22.0,b1473
2535,G2PP,Glycerol-2-phosphate phosphatase,Cytoplasmic,Alternate Carbon Metabolism,29172.0,0.0,0.0,4.6,b2533
2536,MALt3pp,L-malate transport out via proton antiport (periplasm),Inner Membrane,"Transport, Inner Membrane",0.0,0.0,0.0,100000000.0,
2537,CITt3pp,Citrate transport out via proton antiport (periplasm),Inner Membrane,"Transport, Inner Membrane",0.0,0.0,0.0,100000000.0,
2538,DHNPA2r_f,Dihydroneopterin aldolase reversible,Cytoplasmic,Cofactor and Prosthetic Group Biosynthesis,13620.0,0.0,0.0,0.089,b3058
2539,QUIN2tpp_f,Quinate transport (periplasm),Inner Membrane,"Transport, Inner Membrane",0.0,0.0,0.0,100000000.0,
2540,GLYC2Pabcpp,Sn-Glycerol 2-phosphate transport via ABC system (periplasm),Inner Membrane,"Transport, Inner Membrane",152737.0,152737.0,152737.0,95.19583333,b3450 and b3453 and b3451 and b3452
2541,CRNDtex_f,D-carnitine transport via diffusion (extracellular to periplasm),Cytoplasmic,"Transport, Outer Membrane Porin",38922.0,0.0,0.0,100000000.0,b1377 or b2215 or b0241 or b0929
2542,SHGO,S-2-hydroxyglutarate oxidase,Cytoplasmic,Glycine and Serine Metabolism,46082.0,0.0,0.0,4.7,b2660
2543,NADHXD,NADHX dehydratase,Cytoplasmic,Metabolite Repair,54650.0,0.0,0.0,0.33,b4167
2544,NADPHHR,NADPH hydratase,Cytoplasmic,Metabolite Repair,0.0,0.0,0.0,73.56,s0001 or b1779
2545,NADPHHS,NADPH hydratase,Cytoplasmic,Metabolite Repair,0.0,0.0,0.0,73.56,b1779 or s0001
2546,NADHHS,NADH hydratase,Cytoplasmic,Metabolite Repair,0.0,0.0,0.0,73.6,s0001 or b1779
2547,NADHXE_f,NADHX epimerase,Cytoplasmic,Metabolite Repair,54650.0,0.0,0.0,0.33,b4167
2548,SELabcpp,Selenatenate transport via ABC system (periplasm),Inner Membrane,Inorganic Ion Transport and Metabolism,140548.0,140548.0,140548.0,95.19583333,(b2423 and b2422 and b2425 and b2424) or (b2423 and b2422 and b3917 and b2424)
2549,PYK2,Pyruvate kinase(2),Cytoplasmic,Nucleotide Salvage Pathway,51357.0,0.0,0.0,3204.0,b1854
2550,PYK3,Pyruvate kinase(3),Cytoplasmic,Nucleotide Salvage Pathway,51357.0,0.0,0.0,110.0,b1854
2551,PYK4,Pyruvate kinase(4),Cytoplasmic,Nucleotide Salvage Pathway,51357.0,0.0,0.0,3204.0,b1854
2552,NADPHXD,NADPHX dehydratase,Cytoplasmic,Metabolite Repair,54650.0,0.0,0.0,0.33,b4167
2553,NADHHR,NADH hydratase,Cytoplasmic,Metabolite Repair,0.0,0.0,0.0,73.6,s0001 or b1779
2554,NADPHXE_f,NADPHX epimerase,Cytoplasmic,Metabolite Repair,54650.0,0.0,0.0,0.33,b4167
2555,ALAtpp,L-alanine export via facilited diffusion,Inner Membrane,"Transport, Inner Membrane",16949.0,16949.0,16949.0,100000000.0,b2670
2556,DHBSZ3FEabcpp,23dhbsz3 Fe III transport via ABC system periplasm,Inner Membrane,Inorganic Ion Transport and Metabolism,132848.0,132848.0,132848.0,95.19583333,b0588 and b0589 and b0590 and b0592
2557,FE3DHBZS3R,"Fe(III)-(2,3-dihydroxybenzoylserine)3 reductase via NADPH",Inner Membrane,Inorganic Ion Transport and Metabolism,28872.0,28872.0,28872.0,1.475,b3070
2558,DXYLONtpp_f,D-xylonate reversible tranposrt (periplasm),Inner Membrane,"Transport, Inner Membrane",0.0,0.0,0.0,100000000.0,
2559,DXYLTD_f,D-xylonate dehydratase,Cytoplasmic,Alternate Carbon Metabolism,69399.0,0.0,0.0,368.4865,b0269 or b4297
2560,2DDARAA_f,2-dehydro-3-deoxy-D-arabinonate Aldolase,Cytoplasmic,Alternate Carbon Metabolism,32530.0,0.0,0.0,13.15414286,b4298 or b0268
2561,2DGLCptspp,2-Deoxy-D-glucose transport via PEP:Pyr PTS (periplasm),Inner Membrane,"Transport, Inner Membrane",166320.0,166320.0,166320.0,1618.85,b2415 and b1817 and b1819 and b2416 and b1818
2562,GNP,Phosphogluconate phosphatase,Cytoplasmic,Alternate Carbon Metabolism,20780.0,0.0,0.0,749.8136875,b3715 or b2690
2563,ALLTAMH2,Allantoate amidinohydrolase,Cytoplasmic,Nitrogen Metabolism,45694.0,0.0,0.0,18.0,b0516
2564,UGCIAMH,Ureidoglycine aminohydrolase,Cytoplasmic,Nitrogen Metabolism,28730.0,0.0,0.0,761.0,b0515
2565,METGLCUR,1-O-Methyl-Beta-D-glucuronidase,Cytoplasmic,Alternate Carbon Metabolism,68447.0,0.0,0.0,0.001,b1617
2566,ACOAD1fr,Acyl-CoA dehydrogenase (butanoyl-CoA),Cytoplasmic,Membrane Lipid Metabolism,43002.0,0.0,0.0,11.5,b1695
2567,23DOGULNt4pp,"Na+/ 2,3-Dioxo-L-gulonate symport (periplasm)",Inner Membrane,"Transport, Inner Membrane",98854.0,98854.0,98854.0,22.0,b3577 and b3579 and b3578
2568,FE3DCITexs,Dicitrate Fe(III) binding (spontaneous),Inner Membrane,Inorganic Ion Transport and Metabolism,0.0,0.0,0.0,100000000.0,s0001
2569,FEENTERES,Enterochelin Esterase (Fe containing),Inner Membrane,Inorganic Ion Transport and Metabolism,45652.0,45652.0,45652.0,22.0,b0585
2570,FEENTERR4,Fe-enterobactin reduction via nadph,Inner Membrane,Inorganic Ion Transport and Metabolism,28872.0,28872.0,28872.0,1.475,b3070
2571,DXYLONtex_f,D-xylonate transport via diffusion (extracellular),Cytoplasmic,"Transport, Outer Membrane Porin",39333.0,0.0,0.0,100000000.0,b1377 or b0929 or b2215
2572,PSURItex_f,Pseudouridine transport via diffusion (extracellular to periplasm),Cytoplasmic,"Transport, Outer Membrane Porin",38922.0,0.0,0.0,100000000.0,b0929 or b1377 or b2215 or b0241
2573,ALR2x,Aldose reductase (methylglyoxal) (nadh),Cytoplasmic,Methylglyoxal Metabolism,36329.0,0.0,0.0,171.5562908,b1771
2574,OMPHHXy,2-octaprenyl-6-methoxyphenol hydroxylase (NADPH),Cytoplasmic,Cofactor and Prosthetic Group Biosynthesis,42288.0,0.0,0.0,6.470507937,b2907
2575,CHLt3pp,Choline transport via proton antiport (periplasm),Inner Membrane,"Transport, Inner Membrane",11958.0,11958.0,11958.0,22.0,b0543
2576,GLYBt3pp,Glycine betaine transport via proton antiport (periplasm),Inner Membrane,"Transport, Inner Membrane",11958.0,11958.0,11958.0,22.0,b0543
2577,AI2tpp,Quorum signal AI-2 exporter,Inner Membrane,"Transport, Inner Membrane",37543.0,37543.0,37543.0,22.0,b1601
2578,Ftpp,F- efflux transport,Inner Membrane,"Transport, Inner Membrane",13777.0,13777.0,13777.0,22.0,b0624
2579,SQVOSI,Sulfoquinovose isomerase,Cytoplasmic,Alternate Carbon Metabolism,47433.0,0.0,0.0,1265.461667,b3880
2580,6D6SPA,6-deoxy-6-sulfofructose-1-phosphate aldolase,Cytoplasmic,Alternate Carbon Metabolism,31983.0,0.0,0.0,13.15414286,b3881
2581,DHPStr,"2,3-dihydroxypropane 1-sulfonate transporter",Inner Membrane,"Transport, Inner Membrane",50982.0,50982.0,50982.0,22.0,b3877
2582,SQtr,Sulfoquinovose transporter,Inner Membrane,"Transport, Inner Membrane",51574.0,51574.0,51574.0,22.0,b3876
2583,DHPStex_f,"2,3-dihydroxypropane 1-sulfonate transport via diffusion",Cytoplasmic,"Transport, Outer Membrane",27200.0,0.0,0.0,100000000.0,b3875
2584,FMNtex_f,"FMN transport, outer membrane",Cytoplasmic,"Transport, Outer Membrane",38922.0,0.0,0.0,22.0,b0929 or b0241 or b2215 or b1377
2585,EX_dxylnt_e_f,D-Xylonate exchange,Exchange,Extracellular exchange,0.0,0.0,0.0,100000000.0,
2586,AI2K,Autoinducer-2 kinase,Cytoplasmic,Methionine Metabolism,57545.0,0.0,0.0,7.6,b1511
2587,CLBtex_f,Cellobiose transport transport via diffusion extracellular to periplasm ,Cytoplasmic,"Transport, Outer Membrane",38922.0,0.0,0.0,100000000.0,b0241 or b1377 or b0929 or b2215
2588,ACOXT_f,Acetyl-CoA:oxalate CoA-transferase,Cytoplasmic,Membrane Lipid Metabolism,41671.0,0.0,0.0,13.0,b2371
2589,EX_mththf_e_f,"(2R,4S)-2-methyl-2,3,3,4-tetrahydroxytetrahydrofuran exchange",Exchange,Extracellular exchange,0.0,0.0,0.0,100000000.0,
2590,2HESR,2-hydroxyethyldisulfide reductase,Cytoplasmic,Alternate Carbon Metabolism,24516.0,0.0,0.0,8.4,b2989 or b2302
2591,CHOLID,7-?-hydroxysteroid dehydrogenase,Cytoplasmic,Alternate Carbon Metabolism,26779.0,0.0,0.0,107.15,b1619
2592,CHOLATEtpp,Cholate transport via proton antiport,Inner Membrane,"Transport, Inner Membrane",44688.0,44688.0,44688.0,22.0,b4337
2593,4ABZGLUH_f,P-aminobenzoyl-glutamate hydrolase,Cytoplasmic,Cofactor and Prosthetic Group Biosynthesis,98782.0,0.0,0.0,14.75,b1337 and b1338
2594,4ABZGLUtr_f,P-aminobenzoyl glutamate:H+ symporter,Inner Membrane,"Transport, Inner Membrane",54886.0,54886.0,54886.0,22.0,b1336
2595,PHDA,Phenylhydantoinase,Cytoplasmic,Alternate Carbon Metabolism,51025.0,0.0,0.0,94.65,b2873
2596,TEO2M,Tellurite methyltransferase,Cytoplasmic,Unassigned,22531.0,0.0,0.0,0.0524684,b1430
2597,PACOAT,Phenylacetyl-CoA thioesterase,Cytoplasmic,Alternate Carbon Metabolism,14851.0,0.0,0.0,4.905,b1396
2598,CYSItpp,Cystine efflux transport,Inner Membrane,"Transport, Inner Membrane",32866.0,32866.0,32866.0,22.0,b3943
2599,DHPTDNR,Dihydropteridine reductase,Cytoplasmic,Alternate Carbon Metabolism,23905.0,0.0,0.0,20.0,b0578
2600,DHPTDNRN,Dihydropteridine reductase (NADH),Cytoplasmic,Alternate Carbon Metabolism,23905.0,0.0,0.0,152.75,b0578
2601,PCNO_f,Propanoyl-CoA:NADP+ 2-oxidoreductase,Cytoplasmic,Alternate Carbon Metabolism,34724.0,0.0,0.0,45.0,b3253
2602,HPACOAT,Hydroxyphenylacetyl-CoA thioesterase,Cytoplasmic,Alternate Carbon Metabolism,14851.0,0.0,0.0,100.0,b1396
2603,PUACGAMtr,"Transport of poly-?-1,6-N-acetyl-D-glucosamine (poly-?-1,6-N-acetyl-D-glucosamine synthase)",Inner Membrane,"Transport, Inner Membrane",66848.0,66848.0,66848.0,18.3185,b1021 and b1022
2604,DC6PDA,Chito-oligosaccharide mono-deacetylase,Cytoplasmic,Alternate Carbon Metabolism,27774.0,0.0,0.0,29.5,b1733
2605,5DGLCNR,5-dehydro-D-gluconate reductase,Cytoplasmic,Alternate Carbon Metabolism,27563.0,0.0,0.0,7.3275,b4266
2606,PIt2rpp,Phosphate reversible transport via symport (periplasm),Inner Membrane,Inorganic Ion Transport and Metabolism,53389.0,53389.0,53389.0,22.0,b3493 or b2987
2607,LEUt2rpp,L-leucine reversible transport via proton symport (periplasm),Inner Membrane,"Transport, Inner Membrane",46209.0,46209.0,46209.0,22.0,b0401
2608,LCTStpp,Lactose transport via proton symport (periplasm),Inner Membrane,"Transport, Inner Membrane",46503.0,46503.0,46503.0,22.0,b0343
2609,ILEt3pp,L-isoleucine transport out via proton antiport (periplasm),Inner Membrane,"Transport, Inner Membrane",44778.0,44778.0,44778.0,22.0,b4141
2610,METt3pp,L-methionine tranport out via proton antiport (periplasm),Inner Membrane,"Transport, Inner Membrane",23201.0,23201.0,23201.0,22.0,b1798 or b4141
2611,GSNt3pp,Guanosine transport out via proton antiport (periplasm),Inner Membrane,"Transport, Inner Membrane",41842.0,41842.0,41842.0,22.0,b3662
2612,CLtipp,Chloride ion transport in via diffusion (periplasm),Inner Membrane,Inorganic Ion Transport and Metabolism,44153.0,44153.0,44153.0,100000000.0,b1592
2613,5DKGR_f,5-keto-D-gluconate 5-reductase,Cytoplasmic,Alternate Carbon Metabolism,27070.0,0.0,0.0,0.024,b2842 or b4266
2614,PItpp,Phosphate export via facillated diffusion (periplasm),Inner Membrane,Inorganic Ion Transport and Metabolism,59467.0,59467.0,59467.0,100000000.0,b4020
2615,LEUt3pp,L-leucine transport out via proton antiport (periplasm),Inner Membrane,"Transport, Inner Membrane",23201.0,23201.0,23201.0,22.0,b1798 or b4141
2616,INSt3pp,Inosine transport out via proton antiport (perisplasm),Inner Membrane,"Transport, Inner Membrane",41842.0,41842.0,41842.0,22.0,b3662
2617,INDOLEt2rpp,"Indole transport via proton symport, reversible (periplasm)",Inner Membrane,"Transport, Inner Membrane",44333.0,44333.0,44333.0,22.0,b3161
2618,ILEt2rpp,L-isoleucine reversible transport via proton symport (periplasm),Inner Membrane,"Transport, Inner Membrane",46209.0,46209.0,46209.0,22.0,b0401
2619,GLYtpp_f,Glycine transport via facillitated diffusion,Inner Membrane,"Transport, Inner Membrane",29780.0,29780.0,29780.0,100000000.0,b3927
2620,PYK6,RE2954,Cytoplasmic,Nucleotide Salvage Pathway,51357.0,0.0,0.0,3204.0,b1854
2621,FADt,"FAD transporter, periplasm",Inner Membrane,"Transport, Inner Membrane",60061.0,60061.0,60061.0,22.0,b1985
2622,FADtex_f,"FAD transport, outer membrane",Cytoplasmic,"Transport, Outer Membrane",38922.0,0.0,0.0,22.0,b0241 or b2215 or b1377 or b0929
2623,AI2abcpp,Autoinducer-2 ABC transporter,Inner Membrane,"Transport, Inner Membrane",163357.0,163357.0,163357.0,95.19583333,b1516 and b1513 and b1515 and b1514
2624,PAI2I,Phospho-AI-2 isomerase,Cytoplasmic,Methionine Metabolism,11255.0,0.0,0.0,1265.461667,b1518
2625,4HBZt3pp,4-hydroxybenzoate transport out via antiporter,Inner Membrane,"Transport, Inner Membrane",108366.0,108366.0,108366.0,22.0,b3240 and b3241
2626,CURR,NADPH-dependent curcumin reductase,Cytoplasmic,Alternate Carbon Metabolism,37610.0,0.0,0.0,9.5,b1449
2627,LKDRA_f,2-keto-3-deoxy-L-rhamnonate aldolase,Cytoplasmic,Alternate Carbon Metabolism,28916.0,0.0,0.0,0.35,b2245
2628,METNA_f,L-amino acid N-acyltransferase,Cytoplasmic,Methionine Metabolism,19248.0,0.0,0.0,32.4876,b1448
2629,XYHDL,?-D-xyloside xylohydrolase,Cytoplasmic,Cell Envelope Biosynthesis,88079.0,0.0,0.0,51.3,b3656
2630,2DGLCtex_f,2-Deoxy-D-glucose transport via diffusion (extracellular),Cytoplasmic,"Transport, Outer Membrane",38922.0,0.0,0.0,100000000.0,b1377 or b0241 or b2215 or b0929
2631,E4PP,Erythrose-4-phosphate phosphatase,Cytoplasmic,Alternate Carbon Metabolism,20780.0,0.0,0.0,0.766,b0822 or b2293 or b2690 or b3826 or b1727
2632,PUACGAMS_f,"Poly-?-1,6-N-acetyl-D-glucosamine synthase",Inner Membrane,Cell Envelope Biosynthesis,66848.0,66848.0,66848.0,35.875,b1021 and b1022
2633,RU5PP,Ribulose-5-Phosphate Phosphatase,Cytoplasmic,Alternate Carbon Metabolism,23008.0,0.0,0.0,0.012,b2293
2634,6D6SFK,6-deoxy-6-sulfofructose kinase,Cytoplasmic,Alternate Carbon Metabolism,31728.0,0.0,0.0,14.80483333,b3883
2635,3SLAR,3-sulfolactaldehyde reductase,Cytoplasmic,Alternate Carbon Metabolism,31158.0,0.0,0.0,213.4339433,b3882
2636,SQtex_f,Sulphoquinovose transport via diffusion,Cytoplasmic,"Transport, Outer Membrane",27200.0,0.0,0.0,100000000.0,b3875
2637,EX_dhps_e_f,"2,3-Dihydroxypropane-1-sulfonate exchange",Exchange,Extracellular exchange,0.0,0.0,0.0,100000000.0,
2638,MOX,Malate oxidase,Cytoplasmic,Citric Acid Cycle,0.0,0.0,0.0,100000000.0,
2639,URATEtex_f,Uric acid transport,Cytoplasmic,"Transport, Outer Membrane Porin",38922.0,0.0,0.0,22.0,b2215 or b0241 or b0929 or b1377
2640,EX_cs1_e_f,Cesium ion exchange,Exchange,Extracellular exchange,0.0,0.0,0.0,100000000.0,
2641,CBL1tonex,Cob(1)alamin transport via ton system (extermal),Inner Membrane,"Transport, Outer Membrane",136315.0,136315.0,67908.0,22.0,(b1252 and b3005 and b3006) and b3966
2642,CBItonex,Cobinamide transport via ton system (extermal),Inner Membrane,"Transport, Outer Membrane",136315.0,136315.0,67908.0,22.0,(b1252 and b3005 and b3006) and b3966
2643,ARHGDx_f,(R)-alpha-hydroxyglutarate dehydrogenase,Cytoplasmic,Glycine and Serine Metabolism,44176.0,0.0,0.0,110.6,b2913
2644,CPL,Carbon-phosphorous lyase,Cytoplasmic,Alternate Carbon Metabolism,31845.0,0.0,0.0,126.7850538,b4098
2645,EX_mepn_e_f,Methylphosphonic acid exchange,Exchange,Extracellular exchange,0.0,0.0,0.0,100000000.0,
2646,CH4t2pp,Methane Transport(periplasm),Inner Membrane,"Transport, Inner Membrane",0.0,0.0,0.0,100000000.0,
2647,INOSTO_f,Myo-Inositol:oxygen oxidoreductase,Cytoplasmic,Alternate Carbon Metabolism,61164.0,0.0,0.0,3.7015,b3488
2648,HPYRP,3-phosphohydroxypyruvate phosphatase,Cytoplasmic,Alternate Carbon Metabolism,21436.0,0.0,0.0,90.13177273,b1813
2649,PSURIK,Pseudouridine kinase,Cytoplasmic,Purine and Pyrimidine Biosynthesis,33573.0,0.0,0.0,14.80483333,b2166
2650,Ftex_f,Fluoride transport via diffusion,Cytoplasmic,"Transport, Outer Membrane Porin",38922.0,0.0,0.0,100000000.0,b0241 or b0929 or b2215 or b1377
2651,CYSItex_f,L cystine transport via diffusion extracellular to periplasm ,Cytoplasmic,"Transport, Outer Membrane Porin",38922.0,0.0,0.0,100000000.0,b0929 or b0241 or b1377 or b2215
2652,SERtpp,L-serine export via facilitated transport,Inner Membrane,"Transport, Inner Membrane",32324.0,32324.0,32324.0,22.0,b1533
2653,QUINDHyi,Quinate dehydrogenase (NADP),Cytoplasmic,"Tyrosine, Tryptophan, and Phenylalanine Metabolism",31228.0,0.0,0.0,0.0825,b1692
2654,DHGLYH,Dehydroglycine Hydratase,Cytoplasmic,Glyoxylate Metabolism,0.0,0.0,0.0,100000000.0,s0001
2655,PNSPA,Purine Nucleoside Phorphoramidase,Cytoplasmic,Purine and Pyrimidine Biosynthesis,13241.0,0.0,0.0,1.12,b1103
2656,4HTHRK,4-Hydroxy-L-threonine kinase,Cytoplasmic,Glycine and Serine Metabolism,33624.0,0.0,0.0,14.2,b0003
2657,EX_sq_e_f,Sulphoquinovose exchange,Exchange,Extracellular exchange,0.0,0.0,0.0,100000000.0,
2658,URATEtpp,Uric acid transporter,Inner Membrane,"Transport, Inner Membrane",51758.0,51758.0,51758.0,22.0,b2888
2659,CS1tex_f,Cesium transport via diffusion,Cytoplasmic,"Transport, Outer Membrane",38922.0,0.0,0.0,100000000.0,b0929 or b2215 or b0241 or b1377
2660,ADOCBLtonex,Adenosylcobalimin transport via ton system (extermal),Inner Membrane,"Transport, Outer Membrane",136315.0,136315.0,67908.0,22.0,(b1252 and b3005 and b3006) and b3966
2661,PETNT181pp,Phosphoethanolamine transferase (c-C16:1),Inner Membrane,Lipopolysaccharide Biosynthesis / Recycling,63804.0,63804.0,63804.0,1.0,b3546
2662,ARMEPNS,?-D-ribose 1-methylphosphonate 5-triphosphate synthase,Cytoplasmic,Alternate Carbon Metabolism,101125.0,0.0,0.0,1.0,b4096 and b4100 and b4099 and b4101
2663,RPNTPH,RPnTP hydrolase,Cytoplasmic,Alternate Carbon Metabolism,42010.0,0.0,0.0,90.13177273,b4095
2664,PRCPD,"5-phospho-?-D-ribosyl 1,2-cyclic phosphate phosphodiesterase",Cytoplasmic,Alternate Carbon Metabolism,27848.0,0.0,0.0,1.71,b4092
2665,MEPNtex_f,Methylphosphonic acid transport via diffusion (extracellular to periplasm),Cytoplasmic,"Transport, Outer Membrane",38922.0,0.0,0.0,100000000.0,b0929 or b0241 or b2215 or b1377
2666,UDPGPT_f,Undecaprenyl-phosphate glucose phosphotransferase,Inner Membrane,Cell Envelope Biosynthesis,52408.0,52408.0,52408.0,5.315,b2047
2667,MEPNabcpp,Methylpshophonic acid abc transporter,Inner Membrane,"Transport, Inner Membrane",80137.0,80137.0,80137.0,95.19583333,b4104 and b4105 and b4106
2668,OMMBLHXy,"2-Octaprenyl-3-methyl-6-methoxy-1,4-benzoquinol hydroxylase (NADPHl)",Cytoplasmic,Cofactor and Prosthetic Group Biosynthesis,42953.0,0.0,0.0,6.470507937,b0662
2669,OPHHXy,2-Octaprenylphenol hydroxylase (NADPH),Cytoplasmic,Cofactor and Prosthetic Group Biosynthesis,44245.0,0.0,0.0,6.470507937,b2906
2670,PROD3,Proline dehydrogenase (q8),Cytoplasmic,Arginine and Proline Metabolism,143815.0,0.0,0.0,20.0,b1014
2671,F1PP,D-fructose 1-phosphate phosphatase,Cytoplasmic,Alternate Carbon Metabolism,20780.0,0.0,0.0,0.012,b2690 or b2293 or b0822 or b3697
2672,ACP1p,Acid phosphatase (FMN),Cytoplasmic,Cofactor and Prosthetic Group Biosynthesis,49439.0,0.0,0.0,33.0,b0383
2673,EX_4abzglu_e_f,4-aminobenzoyl-glutamate exchange,Exchange,Extracellular exchange,0.0,0.0,0.0,100000000.0,
2674,3HPADHi,3-Hydroxypropanal Dehydrogenase,Cytoplasmic,Alternate Carbon Metabolism,53419.0,0.0,0.0,0.0017,b1300
2675,4ABZGLUtex_f,P-aminobenzoyl glutamate transport via diffusion (extracellular to periplasm),Cytoplasmic,"Transport, Outer Membrane",38922.0,0.0,0.0,100000000.0,b0241 or b1377 or b2215 or b0929
2676,2HPTCOAT,"2-hydroxycyclohepta-1,4,6-triene-1-carboxyl-CoA thioesterase",Cytoplasmic,Alternate Carbon Metabolism,21325.0,0.0,0.0,22.0,b1400
2677,EX_metglcur_e_f,1-O-methyl-Beta-D-glucuronate exchange,Exchange,Extracellular exchange,0.0,0.0,0.0,100000000.0,
2678,MC6PH,Monoacetylchitobiose-6-phosphate hydrolase,Cytoplasmic,Alternate Carbon Metabolism,50513.0,0.0,0.0,2.0,b1734
2679,SLNTabcpp,Selenite ABC transporter (periplasm),Inner Membrane,Inorganic Ion Transport and Metabolism,140548.0,140548.0,140548.0,95.19583333,(b2423 and b2422 and b2425 and b2424) or (b2423 and b2422 and b3917 and b2424)
2680,VALt2rpp,L-valine reversible transport via proton symport (periplasm),Inner Membrane,"Transport, Inner Membrane",46209.0,46209.0,46209.0,22.0,b0401
2681,VALt3pp,L-valine transport out via proton antiport (periplasm),Inner Membrane,"Transport, Inner Membrane",38132.0,38132.0,38132.0,22.0,(b2683 and b2682) or b4141
2682,MN2tipp,Manganese transport in via permease (no H+),Inner Membrane,"Transport, Inner Membrane",20117.0,20117.0,20117.0,22.0,b1821
2683,PSURItpp,Pseudouridine transport via permease,Inner Membrane,"Transport, Inner Membrane",43432.0,43432.0,43432.0,22.0,b2164
2684,CYSTA,Cysteine transaminase,Cytoplasmic,Cysteine Metabolism,43573.0,0.0,0.0,27.0,b0928
2685,FE3DCITR5,Ferric-dicitrate reductase via nadph,Inner Membrane,Inorganic Ion Transport and Metabolism,28872.0,28872.0,28872.0,1.475,b3070
2686,4HTHRA_f,4-hydroxy-L-threonine aldolase,Cytoplasmic,Glycine and Serine Metabolism,36495.0,0.0,0.0,1.44,b0870
2687,GAPP,Glyceraldehyde-3-phosphate phosphatase,Cytoplasmic,Alternate Carbon Metabolism,24330.0,0.0,0.0,0.012,b1727
2688,METGLCURt2pp,1-O-methyl-Beta-D-glucuronate transport via proton symport (periplasm),Inner Membrane,"Transport, Inner Membrane",49908.0,49908.0,49908.0,22.0,b1616
2689,METGLCURtex_f,1-O-methyl-Beta-D-glucuronate via diffusion (extracellular),Cytoplasmic,"Transport, Outer Membrane",38922.0,0.0,0.0,100000000.0,b1377 or b0241 or b2215 or b0929
2690,FMNt,"FMN transporter, periplasm",Inner Membrane,"Transport, Inner Membrane",60061.0,60061.0,60061.0,22.0,b1985
2691,AI2tex_f,"Ai2 transport, outer membrane",Cytoplasmic,"Transport, Outer Membrane",38922.0,0.0,0.0,22.0,b2215 or b0929 or b0241 or b1377
2692,PAI2T,"3-hydroxy-2,4-pentadione 5-phosphate thiolase",Cytoplasmic,Methionine Metabolism,31893.0,0.0,0.0,109.4666667,b1517
2693,CUt2pp,Copper transport out via permease (no H+),Inner Membrane,"Transport, Inner Membrane",14957.0,14957.0,14957.0,22.0,b3291 or b0465 or b1330 or b0577 or b4159 or b2924 or b0808
2694,DHCURR,NADPH-dependent dihydrocurcumin reductase,Cytoplasmic,Alternate Carbon Metabolism,37610.0,0.0,0.0,9.5,b1449
2695,RHMND_f,L-rhamnonate dehydratase,Cytoplasmic,Alternate Carbon Metabolism,44226.0,0.0,0.0,3.2,b2247
2696,3HBZCT,3-hydroxybenzoyl-CoA thioesterase,Cytoplasmic,Lipopolysaccharide Biosynthesis / Recycling,14970.0,0.0,0.0,10.3,b0597
2697,CXSAMS,Carboxy-S-adenosyl-L-methionine synthase,Cytoplasmic,Cofactor and Prosthetic Group Biosynthesis,27777.0,0.0,0.0,417.0,b1870
2698,EX_2dglc_e_f,2-Deoxy-D-glucose exchange,Exchange,Extracellular exchange,0.0,0.0,0.0,100000000.0,
2699,THRt2rpp,L-threonine reversible transport via proton symport (periplasm),Inner Membrane,"Transport, Inner Membrane",48879.0,48879.0,48879.0,22.0,b3116
2700,SERt2rpp,L-serine reversible transport via proton symport (periplasm),Inner Membrane,"Transport, Inner Membrane",46906.0,46906.0,46906.0,22.0,b2796 or b3116
2701,ACOAD1f,Acyl-CoA dehydrogenase (butanoyl-CoA),Inner Membrane,Membrane Lipid Metabolism,89224.0,89224.0,89224.0,8.01,b0221
2702,AMPNTAT,Aminoalkylphosphonate N-acetyltransferase,Inner Membrane,Inorganic Ion Transport and Metabolism,16570.0,16570.0,16570.0,32.4876,b4093
2703,SQGH,Sulfoquinovosidase,Cytoplasmic,Alternate Carbon Metabolism,77275.0,0.0,0.0,14.3,b3878
2704,URAtpp,Uracil export via facillitated diffusion (periplasm),Inner Membrane,"Transport, Inner Membrane",0.0,0.0,0.0,100000000.0,
2705,ASPtpp_f,L-aspartate uptake via facillitated diffusion,Inner Membrane,"Transport, Inner Membrane",59429.0,59429.0,59429.0,100000000.0,b1206
2706,FUMt1pp_f,Fumarate transport via diffusion in (periplasm),Inner Membrane,"Transport, Inner Membrane",59429.0,59429.0,59429.0,100000000.0,b1206
2707,SUCCt1pp_f,Succinate transport via diffusion in (periplasm),Inner Membrane,"Transport, Inner Membrane",59429.0,59429.0,59429.0,100000000.0,b1206
2708,QUINDH,Quinate dehydrogenase,Cytoplasmic,"Tyrosine, Tryptophan, and Phenylalanine Metabolism",31228.0,0.0,0.0,0.092,b1692
2709,LCARSyi,"Lacaldehyde reductase (S-propane-1,2-diol forming)",Cytoplasmic,Alternate Carbon Metabolism,37978.0,0.0,0.0,38.1,b0325
2710,BIOMASS_Ec_iML1515_core_75p37M,E. coli biomass objective function (iML1515) - core - with 75.37 GAM estimate,Cytoplasmic,Biomass and maintenance functions,0.0,0.0,0.0,100000000.0,
2711,BIOMASS_Ec_iML1515_WT_75p37M,E. coli biomass objective function (iML1515) - WT - with 75.37 GAM estimate,Cytoplasmic,Biomass and maintenance functions,0.0,0.0,0.0,100000000.0,
2712,GTHOr_b,Glutathione oxidoreductase,Cytoplasmic,Cofactor and Prosthetic Group Biosynthesis,48773.0,0.0,0.0,733.3,b3500
2713,EX_acgam_e_b,N-Acetyl-D-glucosamine exchange,Exchange,Extracellular exchange,0.0,0.0,0.0,100000000.0,
2714,EX_cellb_e_b,Cellobiose exchange,Exchange,Extracellular exchange,0.0,0.0,0.0,100000000.0,
2715,EX_chol_e_b,Choline exchange,Exchange,Extracellular exchange,0.0,0.0,0.0,100000000.0,
2716,SHK3Dr_b,Shikimate dehydrogenase,Cytoplasmic,"Tyrosine, Tryptophan, and Phenylalanine Metabolism",29414.0,0.0,0.0,118.5425,b3281 or b1692
2717,MAN6PI_b,Mannose-6-phosphate isomerase,Cytoplasmic,Alternate Carbon Metabolism,42850.0,0.0,0.0,141.0,b1613
2718,EX_pi_e_b,Phosphate exchange,Exchange,Extracellular exchange,0.0,0.0,0.0,100000000.0,
2719,EX_h_e_b,H+ exchange,Exchange,Extracellular exchange,0.0,0.0,0.0,100000000.0,
2720,TMDPP_b,Thymidine phosphorylase,Cytoplasmic,Nucleotide Salvage Pathway,47207.0,0.0,0.0,0.275,b4382
2721,EX_ade_e_b,Adenine exchange,Exchange,Extracellular exchange,0.0,0.0,0.0,100000000.0,
2722,EX_4abut_e_b,4-Aminobutanoate exchange,Exchange,Extracellular exchange,0.0,0.0,0.0,100000000.0,
2723,EX_ac_e_b,Acetate exchange,Exchange,Extracellular exchange,0.0,0.0,0.0,100000000.0,
2724,EX_akg_e_b,2-Oxoglutarate exchange,Exchange,Extracellular exchange,0.0,0.0,0.0,100000000.0,
2725,EX_ala__L_e_b,L-Alanine exchange,Exchange,Extracellular exchange,0.0,0.0,0.0,100000000.0,
2726,EX_arg__L_e_b,L-Arginine exchange,Exchange,Extracellular exchange,0.0,0.0,0.0,100000000.0,
2727,EX_asp__L_e_b,L-Aspartate exchange,Exchange,Extracellular exchange,0.0,0.0,0.0,100000000.0,
2728,EX_cytd_e_b,Cytidine exchange,Exchange,Extracellular exchange,0.0,0.0,0.0,100000000.0,
2729,EX_dcyt_e_b,Deoxycytidine exchange,Exchange,Extracellular exchange,0.0,0.0,0.0,100000000.0,
2730,EX_fum_e_b,Fumarate exchange,Exchange,Extracellular exchange,0.0,0.0,0.0,100000000.0,
2731,EX_glu__L_e_b,L-Glutamate exchange,Exchange,Extracellular exchange,0.0,0.0,0.0,100000000.0,
2732,EX_gua_e_b,Guanine exchange,Exchange,Extracellular exchange,0.0,0.0,0.0,100000000.0,
2733,HCO3E_b,HCO3 equilibration reaction,Cytoplasmic,Unassigned,23764.0,0.0,0.0,46000.0,b0126 or b0339
2734,IMPC_b,IMP cyclohydrolase,Cytoplasmic,Purine and Pyrimidine Biosynthesis,57329.0,0.0,0.0,8.6,b4006
2735,ECOAH4_b,3-hydroxyacyl-CoA dehydratase (3-hydroxydecanoyl-CoA),Cytoplasmic,Membrane Lipid Metabolism,77072.0,0.0,0.0,7.5465,b2341 or b3846
2736,NDPK5_b,Nucleoside-diphosphate kinase (ATP:dGDP),Cytoplasmic,Nucleotide Salvage Pathway,15463.0,0.0,0.0,783.0,b0474 or b2518
2737,DHORTS_b,Dihydroorotase,Cytoplasmic,Purine and Pyrimidine Biosynthesis,38827.0,0.0,0.0,181.1,b1062
2738,ICDHyr_b,Isocitrate dehydrogenase (NADP),Cytoplasmic,Citric Acid Cycle,45757.0,0.0,0.0,88.1,b1136
2739,ACALD_b,Acetaldehyde dehydrogenase (acetylating),Cytoplasmic,Pyruvate Metabolism,33442.0,0.0,0.0,15.7,b0351 or b1241
2740,ALAR_b,Alanine racemase,Cytoplasmic,Alanine and Aspartate Metabolism,38845.0,0.0,0.0,2.0,b1190 or b4053
2741,ALATA_L_b,L-alanine transaminase,Cytoplasmic,Alanine and Aspartate Metabolism,45517.0,0.0,0.0,131.85,b2290 or b2379
2742,PPM_b,Phosphopentomutase,Cytoplasmic,Alternate Carbon Metabolism,44370.0,0.0,0.0,173.0,b4383
2743,ASPTA_b,Aspartate transaminase,Cytoplasmic,Alanine and Aspartate Metabolism,43538.0,0.0,0.0,585.0,b0928 or b4054
2744,A5PISO_b,Arabinose-5-phosphate isomerase,Cytoplasmic,Alternate Carbon Metabolism,34031.0,0.0,0.0,16.8,b3197 or b2708
2745,EX_met__L_e_b,L-Methionine exchange,Exchange,Extracellular exchange,0.0,0.0,0.0,100000000.0,
2746,EX_metsox_S__L_e_b,L-Methionine S-oxide exchange,Exchange,Extracellular exchange,0.0,0.0,0.0,100000000.0,
2747,IPPMIb_b,2-isopropylmalate hydratase,Cytoplasmic,"Valine, Leucine, and Isoleucine Metabolism",72369.0,0.0,0.0,368.4865,b0071 and b0072
2748,PSCVT_b,3-phosphoshikimate 1-carboxyvinyltransferase,Cytoplasmic,"Tyrosine, Tryptophan, and Phenylalanine Metabolism",46096.0,0.0,0.0,1.2e-05,b0908
2749,EX_crn_e_b,L-Carnitine exchange,Exchange,Extracellular exchange,0.0,0.0,0.0,100000000.0,
2750,EX_fe3_e_b,Fe3+ exchange,Exchange,Extracellular exchange,0.0,0.0,0.0,100000000.0,
2751,EX_glcn_e_b,D-Gluconate exchange,Exchange,Extracellular exchange,0.0,0.0,0.0,100000000.0,
2752,EX_gln__L_e_b,L-Glutamine exchange,Exchange,Extracellular exchange,0.0,0.0,0.0,100000000.0,
2753,EX_glyc_e_b,Glycerol exchange,Exchange,Extracellular exchange,0.0,0.0,0.0,100000000.0,
2754,EX_man_e_b,D-Mannose exchange,Exchange,Extracellular exchange,0.0,0.0,0.0,100000000.0,
2755,EX_mn2_e_b,Mn2+ exchange,Exchange,Extracellular exchange,0.0,0.0,0.0,100000000.0,
2756,EX_rib__D_e_b,D-Ribose exchange,Exchange,Extracellular exchange,0.0,0.0,0.0,100000000.0,
2757,EX_sbt__D_e_b,D-Sorbitol exchange,Exchange,Extracellular exchange,0.0,0.0,0.0,100000000.0,
2758,ECOAH6_b,3-hydroxyacyl-CoA dehydratase (3-hydroxytetradecanoyl-CoA),Cytoplasmic,Membrane Lipid Metabolism,77072.0,0.0,0.0,7.5465,b2341 or b3846
2759,ENO_b,Enolase,Cytoplasmic,Glycolysis/Gluconeogenesis,45655.0,0.0,0.0,34.07,b2779
2760,FBA_b,Fructose-bisphosphate aldolase,Cytoplasmic,Glycolysis/Gluconeogenesis,38109.0,0.0,0.0,2.6,b2925 or b2097
2761,PGI_b,Glucose-6-phosphate isomerase,Cytoplasmic,Glycolysis/Gluconeogenesis,61530.0,0.0,0.0,5.0,b4025
2762,PGK_b,Phosphoglycerate kinase,Cytoplasmic,Glycolysis/Gluconeogenesis,41118.0,0.0,0.0,2633.0,b2926
2763,RPE_b,Ribulose 5-phosphate 3-epimerase,Cytoplasmic,Pentose Phosphate Pathway,24554.0,0.0,0.0,1300.0,b3386
2764,TALA_b,Transaldolase,Cytoplasmic,Pentose Phosphate Pathway,35219.0,0.0,0.0,53.0,b0008 or b2464
2765,TKT1_b,Transketolase,Cytoplasmic,Pentose Phosphate Pathway,72212.0,0.0,0.0,73.5,b2935 or b2465
2766,ALCD2x_b,Alcohol dehydrogenase (ethanol),Cytoplasmic,Pyruvate Metabolism,35380.0,0.0,0.0,0.3,b1241 or b1478
2767,RMI_b,L-rhamnose isomerase,Cytoplasmic,Alternate Carbon Metabolism,47199.0,0.0,0.0,1717.0,b3903
2768,EX_ura_e_b,Uracil exchange,Exchange,Extracellular exchange,0.0,0.0,0.0,100000000.0,
2769,EX_val__L_e_b,L-Valine exchange,Exchange,Extracellular exchange,0.0,0.0,0.0,100000000.0,
2770,EX_xan_e_b,Xanthine exchange,Exchange,Extracellular exchange,0.0,0.0,0.0,100000000.0,
2771,NDPK6_b,Nucleoside-diphosphate kinase (ATP:dUDP),Cytoplasmic,Nucleotide Salvage Pathway,15463.0,0.0,0.0,783.0,b0474 or b2518
2772,NDPK8_b,Nucleoside-diphosphate kinase (ATP:dADP),Cytoplasmic,Nucleotide Salvage Pathway,15463.0,0.0,0.0,783.0,b0474 or b2518
2773,PYNP2r_b,Pyrimidine-nucleoside phosphorylase (uracil),Cytoplasmic,Nucleotide Salvage Pathway,27159.0,0.0,0.0,56.0,b3831
2774,DURIPP_b,Deoxyuridine phosphorylase,Cytoplasmic,Nucleotide Salvage Pathway,25950.0,0.0,0.0,1.5225,b4382 or b4384
2775,TRPAS2_b,Tryptophanase (L-tryptophan),Cytoplasmic,"Tyrosine, Tryptophan, and Phenylalanine Metabolism",52773.0,0.0,0.0,5.4,b3708
2776,EX_co2_e_b,CO2 exchange,Exchange,Extracellular exchange,0.0,0.0,0.0,100000000.0,
2777,ILETA_b,Isoleucine transaminase,Cytoplasmic,"Valine, Leucine, and Isoleucine Metabolism",34094.0,0.0,0.0,18.375,b3770
2778,VALTA_b,Valine transaminase,Cytoplasmic,"Valine, Leucine, and Isoleucine Metabolism",34094.0,0.0,0.0,13.67,b3770
2779,ORPT_b,Orotate phosphoribosyltransferase,Cytoplasmic,Purine and Pyrimidine Biosynthesis,23567.0,0.0,0.0,5.433333333,b3642
2780,PTAr_b,Phosphotransacetylase,Cytoplasmic,Pyruvate Metabolism,36067.0,0.0,0.0,415.0,b2297 or b2458
2781,ACKr_b,Acetate kinase,Cytoplasmic,Pyruvate Metabolism,42434.0,0.0,0.0,3557.5,b2296 or b1849 or b3115
2782,EX_hxan_e_b,Hypoxanthine exchange,Exchange,Extracellular exchange,0.0,0.0,0.0,100000000.0,
2783,EX_ile__L_e_b,L-Isoleucine exchange,Exchange,Extracellular exchange,0.0,0.0,0.0,100000000.0,
2784,EX_lac__L_e_b,L-Lactate exchange,Exchange,Extracellular exchange,0.0,0.0,0.0,100000000.0,
2785,EX_leu__L_e_b,L-Leucine exchange,Exchange,Extracellular exchange,0.0,0.0,0.0,100000000.0,
2786,EX_no3_e_b,Nitrate exchange,Exchange,Extracellular exchange,0.0,0.0,0.0,100000000.0,
2787,EX_orn_e_b,Ornithine exchange,Exchange,Extracellular exchange,0.0,0.0,0.0,100000000.0,
2788,EX_pro__L_e_b,L-Proline exchange,Exchange,Extracellular exchange,0.0,0.0,0.0,100000000.0,
2789,EX_pyr_e_b,Pyruvate exchange,Exchange,Extracellular exchange,0.0,0.0,0.0,100000000.0,
2790,EX_succ_e_b,Succinate exchange,Exchange,Extracellular exchange,0.0,0.0,0.0,100000000.0,
2791,EX_thymd_e_b,Thymidine exchange,Exchange,Extracellular exchange,0.0,0.0,0.0,100000000.0,
2792,EX_tyr__L_e_b,L-Tyrosine exchange,Exchange,Extracellular exchange,0.0,0.0,0.0,100000000.0,
2793,EX_btn_e_b,Biotin exchange,Exchange,Extracellular exchange,0.0,0.0,0.0,100000000.0,
2794,EX_ptrc_e_b,Putrescine exchange,Exchange,Extracellular exchange,0.0,0.0,0.0,100000000.0,
2795,EX_spmd_e_b,Spermidine exchange,Exchange,Extracellular exchange,0.0,0.0,0.0,100000000.0,
2796,EX_thym_e_b,Thymine exchange,Exchange,Extracellular exchange,0.0,0.0,0.0,100000000.0,
2797,EX_xtsn_e_b,Xanthosine exchange,Exchange,Extracellular exchange,0.0,0.0,0.0,100000000.0,
2798,AIRC3_b,Phosphoribosylaminoimidazole carboxylase (mutase rxn),Cytoplasmic,Purine and Pyrimidine Biosynthesis,17780.0,0.0,0.0,15.5,b0523
2799,ADSL2r_b,Adenylosuccinate lyase,Cytoplasmic,Purine and Pyrimidine Biosynthesis,51543.0,0.0,0.0,2.9,b1131
2800,EX_fe2_e_b,Fe2+ exchange,Exchange,Extracellular exchange,0.0,0.0,0.0,100000000.0,
2801,PUNP5_b,Purine-nucleoside phosphorylase (Inosine),Cytoplasmic,Nucleotide Salvage Pathway,25950.0,0.0,0.0,111.6666667,b2407 or b4384
2802,PUNP6_b,Purine-nucleoside phosphorylase (Deoxyinosine),Cytoplasmic,Nucleotide Salvage Pathway,25950.0,0.0,0.0,112.5,b4384 or b2407
2803,PUNP7_b,Purine-nucleoside phosphorylase (Xanthosine),Cytoplasmic,Nucleotide Salvage Pathway,29835.0,0.0,0.0,110.0,b2407
2804,EX_glc__D_e_b,D-Glucose exchange,Exchange,Extracellular exchange,0.0,0.0,0.0,100000000.0,
2805,PUNP1_b,Purine-nucleoside phosphorylase (Adenosine),Cytoplasmic,Nucleotide Salvage Pathway,25950.0,0.0,0.0,110.0,b4384
2806,PUNP2_b,Purine-nucleoside phosphorylase (Deoxyadenosine),Cytoplasmic,Nucleotide Salvage Pathway,25950.0,0.0,0.0,2.77,b4384
2807,PUNP3_b,Purine-nucleoside phosphorylase (Guanosine),Cytoplasmic,Nucleotide Salvage Pathway,25950.0,0.0,0.0,110.6,b2407 or b4384
2808,LYSAM_b,"Lysine 2,3-aminomutase",Cytoplasmic,Threonine and Lysine Metabolism,38750.0,0.0,0.0,0.083,b4146
2809,IPPMIa_b,3-isopropylmalate dehydratase,Cytoplasmic,"Valine, Leucine, and Isoleucine Metabolism",72369.0,0.0,0.0,10.0,b0071 and b0072
2810,EX_alltn_e_b,Allantoin exchange,Exchange,Extracellular exchange,0.0,0.0,0.0,100000000.0,
2811,MDH_b,Malate dehydrogenase,Cytoplasmic,Citric Acid Cycle,32337.0,0.0,0.0,1108.0,b3236
2812,FUM_b,Fumarase,Cytoplasmic,Citric Acid Cycle,50489.0,0.0,0.0,129.0,b1612 or b4122 or b1611
2813,OHPBAT_b,O-Phospho-4-hydroxy-L-threonine:2-oxoglutarate aminotransferase,Cytoplasmic,Cofactor and Prosthetic Group Biosynthesis,39783.0,0.0,0.0,0.115,b0907
2814,EX_dgsn_e_b,Deoxyguanosine exchange,Exchange,Extracellular exchange,0.0,0.0,0.0,100000000.0,
2815,EX_arab__L_e_b,L-Arabinose exchange,Exchange,Extracellular exchange,0.0,0.0,0.0,100000000.0,
2816,EX_fru_e_b,D-Fructose exchange,Exchange,Extracellular exchange,0.0,0.0,0.0,100000000.0,
2817,EX_gal_e_b,D-Galactose exchange,Exchange,Extracellular exchange,0.0,0.0,0.0,100000000.0,
2818,EX_xyl__D_e_b,D-Xylose exchange,Exchange,Extracellular exchange,0.0,0.0,0.0,100000000.0,
2819,EX_duri_e_b,Deoxyuridine exchange,Exchange,Extracellular exchange,0.0,0.0,0.0,100000000.0,
2820,EX_for_e_b,Formate exchange,Exchange,Extracellular exchange,0.0,0.0,0.0,100000000.0,
2821,EX_gly_e_b,Glycine exchange,Exchange,Extracellular exchange,0.0,0.0,0.0,100000000.0,
2822,EX_h2_e_b,H2 exchange,Exchange,Extracellular exchange,0.0,0.0,0.0,100000000.0,
2823,EX_lys__L_e_b,L-Lysine exchange,Exchange,Extracellular exchange,0.0,0.0,0.0,100000000.0,
2824,EX_ser__L_e_b,L-Serine exchange,Exchange,Extracellular exchange,0.0,0.0,0.0,100000000.0,
2825,EX_thm_e_b,Thiamin exchange,Exchange,Extracellular exchange,0.0,0.0,0.0,100000000.0,
2826,EX_trp__L_e_b,L-Tryptophan exchange,Exchange,Extracellular exchange,0.0,0.0,0.0,100000000.0,
2827,EX_din_e_b,Deoxyinosine exchange,Exchange,Extracellular exchange,0.0,0.0,0.0,100000000.0,
2828,EX_fmn_e_b,FMN exchange,Exchange,Extracellular exchange,0.0,0.0,0.0,100000000.0,
2829,EX_gthox_e_b,Oxidized glutathione exchange,Exchange,Extracellular exchange,0.0,0.0,0.0,100000000.0,
2830,AGPR_b,N-acetyl-g-glutamyl-phosphate reductase,Cytoplasmic,Arginine and Proline Metabolism,35952.0,0.0,0.0,176.8525,b3958
2831,G1SAT_b,Glutamate-1-semialdehyde aminotransferase,Cytoplasmic,Cofactor and Prosthetic Group Biosynthesis,45366.0,0.0,0.0,0.51,b0154
2832,GUI1_b,Glucuronate isomerase (D-glucuronate),Cytoplasmic,Alternate Carbon Metabolism,53987.0,0.0,0.0,196.0,b3092
2833,PGAMT_b,Phosphoglucosamine mutase,Cytoplasmic,Cell Envelope Biosynthesis,47544.0,0.0,0.0,5.16,b3176
2834,GLUR_b,Glutamate racemase,Cytoplasmic,Cell Envelope Biosynthesis,31002.0,0.0,0.0,6.285,b3967
2835,UAG2E_b,UDP-N-acetylglucosamine 2-epimerase,Cytoplasmic,Cell Envelope Biosynthesis,42245.0,0.0,0.0,3.625,b3786
2836,EX_acald_e_b,Acetaldehyde exchange,Exchange,Extracellular exchange,0.0,0.0,0.0,100000000.0,
2837,EX_melib_e_b,Melibiose exchange,Exchange,Extracellular exchange,0.0,0.0,0.0,100000000.0,
2838,EX_sucr_e_b,Sucrose exchange,Exchange,Extracellular exchange,0.0,0.0,0.0,100000000.0,
2839,EX_tre_e_b,Trehalose exchange,Exchange,Extracellular exchange,0.0,0.0,0.0,100000000.0,
2840,EX_zn2_e_b,Zinc exchange,Exchange,Extracellular exchange,0.0,0.0,0.0,100000000.0,
2841,HACD5_b,3-hydroxyacyl-CoA dehydrogenase (3-oxododecanoyl-CoA),Cytoplasmic,Membrane Lipid Metabolism,77072.0,0.0,0.0,0.004,b3846 or b2341
2842,GHMT2r_b,"Glycine hydroxymethyltransferase, reversible",Cytoplasmic,Glycine and Serine Metabolism,45317.0,0.0,0.0,5.0,b2551
2843,ADK4_b,Adentylate kinase (ITP),Cytoplasmic,Nucleotide Salvage Pathway,23586.0,0.0,0.0,783.0,b0474
2844,KARA1_b,"Ketol-acid reductoisomerase (2,3-dihydroxy-3-methylbutanoate)",Cytoplasmic,"Valine, Leucine, and Isoleucine Metabolism",54069.0,0.0,0.0,0.96,b3774
2845,KARA2_b,Ketol-acid reductoisomerase (2-Acetolactate),Cytoplasmic,"Valine, Leucine, and Isoleucine Metabolism",54069.0,0.0,0.0,0.00417,b3774
2846,ICHORS_copy2_b,Isochorismate synthase,Cytoplasmic,Cofactor and Prosthetic Group Biosynthesis,48765.0,0.0,0.0,1.8,b2265
2847,DHBD_b,"2,3-dihydro-2,3-dihydroxybenzoate dehydrogenase",Cytoplasmic,Cofactor and Prosthetic Group Biosynthesis,26250.0,0.0,0.0,25.3,b0596
2848,RBP4E_b,L-ribulose-phosphate 4-epimerase,Cytoplasmic,Alternate Carbon Metabolism,25278.0,0.0,0.0,15.825,b0061 or b4198 or b3583
2849,HACD6_b,3-hydroxyacyl-CoA dehydrogenase (3-oxotetradecanoyl-CoA),Cytoplasmic,Membrane Lipid Metabolism,77072.0,0.0,0.0,0.004,b3846 or b2341
2850,ECOAH1_b,3-hydroxyacyl-CoA dehydratase (3-hydroxybutanoyl-CoA),Cytoplasmic,Membrane Lipid Metabolism,77072.0,0.0,0.0,971.0,b2341 or b3846
2851,ECOAH2_b,3-hydroxyacyl-CoA dehydratase (3-hydroxyhexanoyl-CoA),Cytoplasmic,Membrane Lipid Metabolism,77072.0,0.0,0.0,7.5465,b2341 or b3846
2852,ECOAH3_b,3-hydroxyacyl-CoA dehydratase (3-hydroxyoctanoyl-CoA),Cytoplasmic,Membrane Lipid Metabolism,77072.0,0.0,0.0,7.5465,b2341 or b3846
2853,UGLT_b,UDPglucose--hexose-1-phosphate uridylyltransferase,Cytoplasmic,Alternate Carbon Metabolism,39646.0,0.0,0.0,283.0,b0758
2854,XYLI2_b,Xylose isomerase,Cytoplasmic,Alternate Carbon Metabolism,49742.0,0.0,0.0,1.67,b3565
2855,PMANM_b,Phosphomannomutase,Cytoplasmic,Alternate Carbon Metabolism,50463.0,0.0,0.0,82.93,b2048
2856,UDPG4E_b,UDPglucose 4-epimerase,Cytoplasmic,Alternate Carbon Metabolism,37265.0,0.0,0.0,20.15,b0759
2857,XYLI1_b,Xylose isomerase,Cytoplasmic,Alternate Carbon Metabolism,49742.0,0.0,0.0,7.7,b3565
2858,LCARS_b,"Lacaldehyde reductase (S-propane-1,2-diol forming)",Cytoplasmic,Alternate Carbon Metabolism,40513.0,0.0,0.0,76.08846667,b2799
2859,ALCD19_b,Alcohol dehydrogenase (glycerol),Cytoplasmic,Alternate Carbon Metabolism,35380.0,0.0,0.0,1.0,b1478 or b1241
2860,RMPA_b,Rhamnulose-1-phosphate aldolase,Cytoplasmic,Alternate Carbon Metabolism,30145.0,0.0,0.0,9.1,b3902
2861,SBTPD_b,Sorbitol-6-phosphate dehydrogenase,Cytoplasmic,Alternate Carbon Metabolism,27858.0,0.0,0.0,213.4339433,b2705
2862,GLTPD_b,Galactitol-1-phosphate dehydrogenase,Cytoplasmic,Alternate Carbon Metabolism,37390.0,0.0,0.0,213.4339433,b2091
2863,TGBPA_b,Tagatose-bisphosphate aldolase,Cytoplasmic,Alternate Carbon Metabolism,77921.0,0.0,0.0,5.38,(b3132 and b3137) or (b2095 and b2096)
2864,MANAO_b,Mannonate oxidoreductase,Cytoplasmic,Alternate Carbon Metabolism,53580.0,0.0,0.0,213.4339433,b4323
2865,TAGURr_b,Tagaturonate reductase,Cytoplasmic,Alternate Carbon Metabolism,54808.0,0.0,0.0,213.4339433,b1521
2866,EX_tmao_e_b,Trimethylamine N-oxide exchange,Exchange,Extracellular exchange,0.0,0.0,0.0,100000000.0,
2867,HACD4_b,3-hydroxyacyl-CoA dehydrogenase (3-oxodecanoyl-CoA),Cytoplasmic,Membrane Lipid Metabolism,77072.0,0.0,0.0,0.004,b3846 or b2341
2868,HACD7_b,3-hydroxyacyl-CoA dehydrogenase (3-oxohexadecanoyl-CoA),Cytoplasmic,Membrane Lipid Metabolism,77072.0,0.0,0.0,0.004,b2341 or b3846
2869,ADK1_b,Adenylate kinase,Cytoplasmic,Nucleotide Salvage Pathway,23586.0,0.0,0.0,783.0,b0474
2870,EX_26dap__M_e_b,"Meso-2,6-Diaminoheptanedioate exchange",Exchange,Extracellular exchange,0.0,0.0,0.0,100000000.0,
2871,EX_acnam_e_b,N-Acetylneuraminate exchange,Exchange,Extracellular exchange,0.0,0.0,0.0,100000000.0,
2872,EX_amp_e_b,AMP exchange,Exchange,Extracellular exchange,0.0,0.0,0.0,100000000.0,
2873,EX_dha_e_b,Dihydroxyacetone exchange,Exchange,Extracellular exchange,0.0,0.0,0.0,100000000.0,
2874,EX_fuc__L_e_b,L-Fucose exchange,Exchange,Extracellular exchange,0.0,0.0,0.0,100000000.0,
2875,EX_glyald_e_b,D-Glyceraldehyde exchange,Exchange,Extracellular exchange,0.0,0.0,0.0,100000000.0,
2876,EX_rmn_e_b,L-Rhamnose exchange,Exchange,Extracellular exchange,0.0,0.0,0.0,100000000.0,
2877,EX_ttdca_e_b,Tetradecanoate (n-C14:0) exchange,Exchange,Extracellular exchange,0.0,0.0,0.0,100000000.0,
2878,EX_glyclt_e_b,Glycolate exchange,Exchange,Extracellular exchange,0.0,0.0,0.0,100000000.0,
2879,EX_g6p_e_b,D-Glucose 6-phosphate exchange,Exchange,Extracellular exchange,0.0,0.0,0.0,100000000.0,
2880,EX_2ddglcn_e_b,2-Dehydro-3-deoxy-D-gluconate exchange,Exchange,Extracellular exchange,0.0,0.0,0.0,100000000.0,
2881,EX_galct__D_e_b,D-Galactarate exchange,Exchange,Extracellular exchange,0.0,0.0,0.0,100000000.0,
2882,EX_idon__L_e_b,L-Idonate exchange,Exchange,Extracellular exchange,0.0,0.0,0.0,100000000.0,
2883,EX_indole_e_b,Indole exchange,Exchange,Extracellular exchange,0.0,0.0,0.0,100000000.0,
2884,EX_3hcinnm_e_b,3-hydroxycinnamic acid exchange,Exchange,Extracellular exchange,0.0,0.0,0.0,100000000.0,
2885,EX_acmana_e_b,N-Acetyl-D-mannosamine exchange,Exchange,Extracellular exchange,0.0,0.0,0.0,100000000.0,
2886,EX_galur_e_b,D-Galacturonate exchange,Exchange,Extracellular exchange,0.0,0.0,0.0,100000000.0,
2887,EX_but_e_b,Butyrate (n-C4:0) exchange,Exchange,Extracellular exchange,0.0,0.0,0.0,100000000.0,
2888,EX_cbl1_e_b,Cob(I)alamin exchange,Exchange,Extracellular exchange,0.0,0.0,0.0,100000000.0,
2889,SERASr_b,(L-seryl)adenylate synthase,Cytoplasmic,Cofactor and Prosthetic Group Biosynthesis,141991.0,0.0,0.0,2.133333333,b0586
2890,MLTP2_b,Maltodextrin phosphorylase (maltohexaose),Inner Membrane,Alternate Carbon Metabolism,90522.0,90522.0,90522.0,0.001,b3417
2891,EX_gbbtn_e_b,Gamma-butyrobetaine exchange,Exchange,Extracellular exchange,0.0,0.0,0.0,100000000.0,
2892,EX_tma_e_b,Trimethylamine exchange,Exchange,Extracellular exchange,0.0,0.0,0.0,100000000.0,
2893,EX_malttr_e_b,Maltotriose exchange,Exchange,Extracellular exchange,0.0,0.0,0.0,100000000.0,
2894,CYTK1_b,Cytidylate kinase (CMP),Cytoplasmic,Nucleotide Salvage Pathway,24746.0,0.0,0.0,68.68233333,b0910
2895,CYTK2_b,Cytidylate kinase (dCMP),Cytoplasmic,Nucleotide Salvage Pathway,24746.0,0.0,0.0,68.68233333,b0910
2896,GK1_b,Guanylate kinase (GMP:ATP),Cytoplasmic,Nucleotide Salvage Pathway,23593.0,0.0,0.0,209.0,b3648
2897,HACD1_b,3-hydroxyacyl-CoA dehydrogenase (acetoacetyl-CoA),Cytoplasmic,Membrane Lipid Metabolism,77072.0,0.0,0.0,7.504,b3846 or b2341
2898,HACD2_b,3-hydroxyacyl-CoA dehydrogenase (3-oxohexanoyl-CoA),Cytoplasmic,Membrane Lipid Metabolism,77072.0,0.0,0.0,0.004,b3846 or b2341
2899,EX_hdcea_e_b,Hexadecenoate (n-C16:1) exchange,Exchange,Extracellular exchange,0.0,0.0,0.0,100000000.0,
2900,NDPK7_b,Nucleoside-diphosphate kinase (ATP:dCDP),Cytoplasmic,Nucleotide Salvage Pathway,15463.0,0.0,0.0,783.0,b0474 or b2518
2901,GLYAT_b,Glycine C-acetyltransferase,Cytoplasmic,Glycine and Serine Metabolism,43117.0,0.0,0.0,109.4666667,b3617
2902,CRNBTCT_b,Gamma-butyrobetainyl-CoA: carnitine CoA transferase,Cytoplasmic,Oxidative Phosphorylation,45127.0,0.0,0.0,76.1108,b0038
2903,CRNCBCT_b,Crotonobetainyl-CoA: carnitine CoA transferase,Cytoplasmic,Oxidative Phosphorylation,45127.0,0.0,0.0,76.1108,b0038
2904,CRNCDH_b,Carnityl-CoA dehydratse,Cytoplasmic,Oxidative Phosphorylation,28190.0,0.0,0.0,10.0,b0036
2905,NDPK2_b,Nucleoside-diphosphate kinase (ATP:UDP),Cytoplasmic,Nucleotide Salvage Pathway,15463.0,0.0,0.0,783.0,b0474 or b2518
2906,NDPK3_b,Nucleoside-diphosphate kinase (ATP:CDP),Cytoplasmic,Nucleotide Salvage Pathway,15463.0,0.0,0.0,458.7,b2518 or b0474
2907,NDPK4_b,Nucleoside-diphosphate kinase (ATP:dTDP),Cytoplasmic,Nucleotide Salvage Pathway,15463.0,0.0,0.0,783.0,b0474 or b2518
2908,DGK1_b,Deoxyguanylate kinase (dGMP:ATP),Cytoplasmic,Nucleotide Salvage Pathway,23593.0,0.0,0.0,209.0,b3648
2909,DTMPK_b,DTMP kinase,Cytoplasmic,Nucleotide Salvage Pathway,23783.0,0.0,0.0,0.86,b1098
2910,NDPK1_b,Nucleoside-diphosphate kinase (ATP:GDP),Cytoplasmic,Nucleotide Salvage Pathway,15463.0,0.0,0.0,407.3333333,b0474 or b2518
2911,PGMT_b,Phosphoglucomutase,Cytoplasmic,Alternate Carbon Metabolism,20780.0,0.0,0.0,48.895,b2690 or b0688 or b1317
2912,EX_nmn_e_b,NMN exchange,Exchange,Extracellular exchange,0.0,0.0,0.0,100000000.0,
2913,EX_urea_e_b,Urea exchange,Exchange,Extracellular exchange,0.0,0.0,0.0,100000000.0,
2914,EX_f6p_e_b,D-fructose 6-phosphate exchange,Exchange,Extracellular exchange,0.0,0.0,0.0,100000000.0,
2915,EX_lac__D_e_b,D-lactate exchange,Exchange,Extracellular exchange,0.0,0.0,0.0,100000000.0,
2916,UMPK_b,UMP kinase,Cytoplasmic,Nucleotide Salvage Pathway,24746.0,0.0,0.0,68.68233333,b0910 or b0171
2917,DDPGALA_b,2-dehydro-3-deoxy-6-phosphogalactonate aldolase,Cytoplasmic,Alternate Carbon Metabolism,21391.0,0.0,0.0,0.94,b4477
2918,EX_ttdcea_e_b,Tetradecenoate (n-C14:1) exchange,Exchange,Extracellular exchange,0.0,0.0,0.0,100000000.0,
2919,F6PA_b,Fructose 6-phosphate aldolase,Cytoplasmic,Glycolysis/Gluconeogenesis,22997.0,0.0,0.0,0.002,b0825 or b3946
2920,EX_h2s_e_b,Hydrogen sulfide exchange,Exchange,Extracellular exchange,0.0,0.0,0.0,100000000.0,
2921,EX_gthrd_e_b,Reduced glutathione exchange,Exchange,Extracellular exchange,0.0,0.0,0.0,100000000.0,
2922,IDOND_b,L-idonate 5-dehydrogenase,Cytoplasmic,Alternate Carbon Metabolism,37147.0,0.0,0.0,76.08846667,b4267
2923,MCOATA_b,Malonyl-CoA-ACP transacylase,Cytoplasmic,Membrane Lipid Metabolism,41057.0,0.0,0.0,9.1,b1094 and b1092
2924,DAPE_b,Diaminopimelate epimerase,Cytoplasmic,Threonine and Lysine Metabolism,30209.0,0.0,0.0,67.0,b3809
2925,SDPTA_b,Succinyldiaminopimelate transaminase,Cytoplasmic,Threonine and Lysine Metabolism,39783.0,0.0,0.0,0.67,b3359 or b1302 or b1748 or b2662 or b0907
2926,EX_met__D_e_b,D-Methionine exchange,Exchange,Extracellular exchange,0.0,0.0,0.0,100000000.0,
2927,EX_tartr__L_e_b,L-tartrate exchange,Exchange,Extracellular exchange,0.0,0.0,0.0,100000000.0,
2928,EX_taur_e_b,Taurine exchange,Exchange,Extracellular exchange,0.0,0.0,0.0,100000000.0,
2929,EX_maltpt_e_b,Maltopentaose exchange,Exchange,Extracellular exchange,0.0,0.0,0.0,100000000.0,
2930,EX_glcur_e_b,D-Glucuronate exchange,Exchange,Extracellular exchange,0.0,0.0,0.0,100000000.0,
2931,ARAI_b,L-arabinose isomerase,Cytoplasmic,Alternate Carbon Metabolism,56074.0,0.0,0.0,241.7,b0062
2932,M1PD_b,Mannitol-1-phosphate 5-dehydrogenase,Cytoplasmic,Alternate Carbon Metabolism,41139.0,0.0,0.0,125.0,b3600
2933,G3PD2_b,Glycerol-3-phosphate dehydrogenase (NADP),Cytoplasmic,Alternate Carbon Metabolism,36362.0,0.0,0.0,7.3275,b3608
2934,FCI_b,L-fucose isomerase,Cytoplasmic,Alternate Carbon Metabolism,64977.0,0.0,0.0,0.0287,b2802
2935,FCLPA_b,L-fuculose 1-phosphate aldolase,Cytoplasmic,Alternate Carbon Metabolism,23222.0,0.0,0.0,9.83,b2738 or b2800
2936,UAGAAT_b,UDP-N-acetylglucosamine acyltransferase,Cytoplasmic,Lipopolysaccharide Biosynthesis / Recycling,36720.0,0.0,0.0,9.166666667,b1094 and b0181
2937,PRPPS_b,Phosphoribosylpyrophosphate synthetase,Cytoplasmic,Histidine Metabolism,34218.0,0.0,0.0,0.66,b1207
2938,PRMICI_b,1-(5-phosphoribosyl)-5-[(5-phosphoribosylamino)methylideneamino)imidazole-4-carboxamide isomerase,Cytoplasmic,Histidine Metabolism,26033.0,0.0,0.0,14.3,b2024
2939,SERAT_b,Serine O-acetyltransferase,Cytoplasmic,Cysteine Metabolism,29317.0,0.0,0.0,0.068,b3607
2940,ASPK_b,Aspartate kinase,Cytoplasmic,Threonine and Lysine Metabolism,48532.0,0.0,0.0,22.13,b0002 or b3940 or b4024
2941,ASAD_b,Aspartate-semialdehyde dehydrogenase,Cytoplasmic,Threonine and Lysine Metabolism,40018.0,0.0,0.0,15.6,b3433
2942,EX_mmet_e_b,S-Methyl-L-methionine exchange,Exchange,Extracellular exchange,0.0,0.0,0.0,100000000.0,
2943,CBMKr_b,Carbamate kinase,Cytoplasmic,Nitrogen Metabolism,31644.0,0.0,0.0,319.0,b0521
2944,AMANAPEr_b,N-acetylmannosamine 6-phosphate epimerase,Cytoplasmic,Alternate Carbon Metabolism,24074.0,0.0,0.0,9201.8125,b3223
2945,NNATr_b,Nicotinate-nucleotide adenylyltransferase,Cytoplasmic,Nucleotide Salvage Pathway,24528.0,0.0,0.0,5.5,b0639
2946,GAPD_b,Glyceraldehyde-3-phosphate dehydrogenase,Cytoplasmic,Glycolysis/Gluconeogenesis,35532.0,0.0,0.0,73.56,b1779
2947,ARGSL_b,Argininosuccinate lyase,Cytoplasmic,Arginine and Proline Metabolism,50318.0,0.0,0.0,34.5,b3960
2948,EX_mg2_e_b,Mg exchange,Exchange,Extracellular exchange,0.0,0.0,0.0,100000000.0,
2949,ACOATA_b,Acetyl-CoA ACP transacylase,Cytoplasmic,Membrane Lipid Metabolism,42155.0,0.0,0.0,0.46,b1094 and b1091
2950,MLTP3_b,Maltodextrin phosphorylase (maltoheptaose),Inner Membrane,Alternate Carbon Metabolism,90522.0,90522.0,90522.0,0.001,b3417
2951,OCBT_b,Ornithine carbamoyltransferase,Cytoplasmic,Arginine and Proline Metabolism,36827.0,0.0,0.0,8.0,b4254 or b0273
2952,GARFT_b,Phosphoribosylglycinamide formyltransferase,Cytoplasmic,Purine and Pyrimidine Biosynthesis,23238.0,0.0,0.0,13.5,b2500
2953,PHETA1_b,Phenylalanine transaminase,Cytoplasmic,"Tyrosine, Tryptophan, and Phenylalanine Metabolism",34094.0,0.0,0.0,670.0,b4054 or b0928 or b3770
2954,MCITL2_b,Methylisocitrate lyase,Inner Membrane,Alternate Carbon Metabolism,32135.0,32135.0,32135.0,19.0,b0331
2955,ACOTA_b,Acetylornithine transaminase,Cytoplasmic,Arginine and Proline Metabolism,43665.0,0.0,0.0,25.45,b1748 or b3359 or b2662 or b1302
2956,PRAGSr_b,Phosphoribosylglycinamide synthase,Cytoplasmic,Purine and Pyrimidine Biosynthesis,45940.0,0.0,0.0,2.3,b4005
2957,EX_acac_e_b,Acetoacetate exchange,Exchange,Extracellular exchange,0.0,0.0,0.0,100000000.0,
2958,PPAKr_b,Propionate kinase,Cytoplasmic,Alternate Carbon Metabolism,43384.0,0.0,0.0,114.0,b3115
2959,PPM2_b,Phosphopentomutase 2 (deoxyribose),Cytoplasmic,Alternate Carbon Metabolism,44370.0,0.0,0.0,173.0,b4383
2960,EX_adn_e_b,Adenosine exchange,Exchange,Extracellular exchange,0.0,0.0,0.0,100000000.0,
2961,EX_ins_e_b,Inosine exchange,Exchange,Extracellular exchange,0.0,0.0,0.0,100000000.0,
2962,G6PDH2r_b,Glucose 6-phosphate dehydrogenase,Cytoplasmic,Pentose Phosphate Pathway,55704.0,0.0,0.0,288.0,b1852
2963,EX_glyc3p_e_b,Glycerol 3-phosphate exchange,Exchange,Extracellular exchange,0.0,0.0,0.0,100000000.0,
2964,EX_lcts_e_b,Lactose exchange,Exchange,Extracellular exchange,0.0,0.0,0.0,100000000.0,
2965,EX_nac_e_b,Nicotinate exchange,Exchange,Extracellular exchange,0.0,0.0,0.0,100000000.0,
2966,EX_ocdca_e_b,Octadecanoate (n-C18:0) exchange,Exchange,Extracellular exchange,0.0,0.0,0.0,100000000.0,
2967,FBA3_b,"Sedoheptulose 1,7-bisphosphate D-glyceraldehyde-3-phosphate-lyase",Cytoplasmic,Pentose Phosphate Pathway,39147.0,0.0,0.0,0.002,b2925
2968,ADK3_b,Adentylate kinase (GTP),Cytoplasmic,Nucleotide Salvage Pathway,23586.0,0.0,0.0,783.0,b0474
2969,HSDy_b,Homoserine dehydrogenase (NADPH),Cytoplasmic,Threonine and Lysine Metabolism,88888.0,0.0,0.0,156.7,b3940 or b0002
2970,EX_dad_2_e_b,Deoxyadenosine exchange,Exchange,Extracellular exchange,0.0,0.0,0.0,100000000.0,
2971,EX_ser__D_e_b,D-Serine exchange,Exchange,Extracellular exchange,0.0,0.0,0.0,100000000.0,
2972,EX_gam6p_e_b,D-Glucosamine 6-phosphate exchange,Exchange,Extracellular exchange,0.0,0.0,0.0,100000000.0,
2973,EX_15dap_e_b,"1,5-Diaminopentane exchange",Exchange,Extracellular exchange,0.0,0.0,0.0,100000000.0,
2974,EX_ocdcea_e_b,Octadecenoate (n-C18:1) exchange,Exchange,Extracellular exchange,0.0,0.0,0.0,100000000.0,
2975,EX_cynt_e_b,Cyanate exchange,Exchange,Extracellular exchange,0.0,0.0,0.0,100000000.0,
2976,EX_galctn__D_e_b,D-Galactonate exchange,Exchange,Extracellular exchange,0.0,0.0,0.0,100000000.0,
2977,EX_glyb_e_b,Glycine betaine exchange,Exchange,Extracellular exchange,0.0,0.0,0.0,100000000.0,
2978,GLUtex_b,L-glutamate transport via diffusion (extracellular to periplasm),Cytoplasmic,"Transport, Outer Membrane Porin",38922.0,0.0,0.0,100000000.0,b0241 or b0929 or b1377 or b2215
2979,GLYtex_b,Glycine transport via diffusion (extracellular to periplasm),Cytoplasmic,"Transport, Outer Membrane Porin",38922.0,0.0,0.0,100000000.0,b0241 or b0929 or b1377 or b2215
2980,GLYALDtex_b,Glyceraldehyde transport via diffusion (extracellular to periplasm),Cytoplasmic,"Transport, Outer Membrane Porin",38922.0,0.0,0.0,100000000.0,b0241 or b0929 or b1377 or b2215
2981,GLYBtex_b,Glycine betaine transport via diffusion (extracellular to periplasm),Cytoplasmic,"Transport, Outer Membrane Porin",38922.0,0.0,0.0,100000000.0,b0241 or b0929 or b1377 or b2215
2982,GLYCtex_b,Glycerol transport via diffusion (extracellular to periplasm),Cytoplasmic,"Transport, Outer Membrane Porin",38922.0,0.0,0.0,100000000.0,b0241 or b0929 or b1377 or b2215
2983,GLYC3Ptex_b,Glycerol-3-phosphate transport via diffusion (extracellular to periplasm),Cytoplasmic,"Transport, Outer Membrane Porin",38922.0,0.0,0.0,100000000.0,b0241 or b0929 or b1377 or b2215
2984,GLYCLTtex_b,Glycolate transport via diffusion (extracellular to periplasm),Cytoplasmic,"Transport, Outer Membrane Porin",38922.0,0.0,0.0,100000000.0,b0241 or b0929 or b1377 or b2215
2985,GTPtex_b,GTP transport via diffusion (extracellular to periplasm),Cytoplasmic,"Transport, Outer Membrane Porin",38922.0,0.0,0.0,100000000.0,b1377 or b2215 or b0241 or b0929
2986,GUAtex_b,Guanine transport via diffusion (extracellular to periplasm),Cytoplasmic,"Transport, Outer Membrane",33589.0,0.0,0.0,100000000.0,b0411
2987,Htex_b,Proton transport via diffusion (extracellular to periplasm),Cytoplasmic,"Transport, Outer Membrane Porin",38922.0,0.0,0.0,100000000.0,b0241 or b0929 or b1377 or b2215
2988,H2tex_b,Hydrogen transport via diffusion (extracellular to periplasm),Cytoplasmic,"Transport, Outer Membrane Porin",38922.0,0.0,0.0,100000000.0,b0241 or b0929 or b1377 or b2215
2989,H2Otex_b,H2O transport via diffusion (extracellular to periplasm),Cytoplasmic,"Transport, Outer Membrane Porin",0.0,0.0,0.0,100000000.0,b3875 or s0001 or b1319 or b0957 or b2215 or b0241 or b1377 or b0929
2990,O2tpp_b,O2 transport via diffusion (periplasm),Inner Membrane,Inorganic Ion Transport and Metabolism,0.0,0.0,0.0,100000000.0,s0001
2991,PYRt2rpp_b,Pyruvate reversible transport via proton symport (periplasm),Inner Membrane,"Transport, Inner Membrane",0.0,0.0,0.0,100000000.0,
2992,XANtpp_b,Xanthine reversible transport (periplasm),Inner Membrane,"Transport, Inner Membrane",0.0,0.0,0.0,100000000.0,
2993,DAPtex_b,"1,5-Diaminopentane transport via diffusion (extracellular to periplasm)",Cytoplasmic,"Transport, Outer Membrane Porin",38922.0,0.0,0.0,100000000.0,b0241 or b0929 or b1377 or b2215
2994,12PPDStex_b,"(S)-Propane-1,2-diol transport via diffusion (extracellular to periplasm)",Cytoplasmic,"Transport, Outer Membrane Porin",38922.0,0.0,0.0,100000000.0,b0241 or b0929 or b1377 or b2215
2995,DDGLCNtex_b,2-dehydro-3-deoxy-D-gluconate transport via diffusion (extracellular to periplasm),Cytoplasmic,"Transport, Outer Membrane Porin",38922.0,0.0,0.0,100000000.0,b0241 or b0929 or b1377 or b2215
2996,26DAHtex_b,"Meso-2,6-Diaminoheptanedioate transport via diffusion (extracellular to periplasm)",Cytoplasmic,"Transport, Outer Membrane Porin",38922.0,0.0,0.0,100000000.0,b0241 or b0929 or b1377 or b2215
2997,HCINNMtex_b,3-hydroxycinnamic acid transport via diffusion (extracellular to periplasm),Cytoplasmic,"Transport, Outer Membrane Porin",38922.0,0.0,0.0,100000000.0,b0241 or b0929 or b1377 or b2215
2998,HPPPNtex_b,3-(3-hydroxyphenyl)propionate transport via diffusion (extracellular to periplasm),Cytoplasmic,"Transport, Outer Membrane Porin",38922.0,0.0,0.0,100000000.0,b0929 or b1377 or b2215 or b0241
2999,ACtex_b,Acetate transport via diffusion (extracellular to periplasm),Cytoplasmic,"Transport, Outer Membrane Porin",38922.0,0.0,0.0,100000000.0,b0241 or b0929 or b1377 or b2215
3000,ACALDtex_b,Acetaldehyde transport via diffusion (extracellular to periplasm),Cytoplasmic,"Transport, Outer Membrane Porin",38922.0,0.0,0.0,100000000.0,b0241 or b0929 or b1377 or b2215
3001,ACMANAtex_b,N-acetyl-D-mannosamine transport via diffusion (extracellular to periplasm),Cytoplasmic,"Transport, Outer Membrane Porin",38922.0,0.0,0.0,100000000.0,b2215 or b0241 or b0929 or b1377
3002,ACACT7r_b,Acetyl-CoA C-acyltransferase (tetradecanoyl-CoA) (r),Cytoplasmic,Membrane Lipid Metabolism,26242.0,0.0,0.0,14.8,b2342 or b3845
3003,ACACT2r_b,Acetyl-CoA C-acyltransferase (butanoyl-CoA) (r),Cytoplasmic,Membrane Lipid Metabolism,26242.0,0.0,0.0,14.8,b2342 or b3845
3004,ACACT3r_b,Acetyl-CoA C-acyltransferase (hexanoyl-CoA) (r),Cytoplasmic,Membrane Lipid Metabolism,26242.0,0.0,0.0,14.8,b2342 or b3845
3005,ACACT4r_b,Acetyl-CoA C-acyltransferase (octanoyl-CoA) (r),Cytoplasmic,Membrane Lipid Metabolism,26242.0,0.0,0.0,14.8,b2342 or b3845
3006,SUCFUMtpp_b,Succinate:fumarate antiporter (periplasm),Inner Membrane,"Transport, Inner Membrane",45751.0,45751.0,45751.0,22.0,b4123 or b0621 or b4138
3007,TARTRt7pp_b,Tartrate/succinate antiporter (periplasm),Inner Membrane,"Transport, Inner Membrane",52906.0,52906.0,52906.0,22.0,b3063
3008,AHGDx_b,(S)-alpha-hydroxyglutarate dehydrogenase,Cytoplasmic,Glycine and Serine Metabolism,44176.0,0.0,0.0,16.82075,b2913
3009,EX_ca2_e_b,Calcium exchange,Exchange,Extracellular exchange,0.0,0.0,0.0,100000000.0,
3010,EX_so3_e_b,Sulfite exchange,Exchange,Extracellular exchange,0.0,0.0,0.0,100000000.0,
3011,AKGt2rpp_b,2-oxoglutarate reversible transport via symport (periplasm),Inner Membrane,"Transport, Inner Membrane",47052.0,47052.0,47052.0,22.0,b2587
3012,EX_ascb__L_e_b,L-Ascorbate exchange,Exchange,Extracellular exchange,0.0,0.0,0.0,100000000.0,
3013,EX_ala_B_e_b,Beta-Alanine exchange,Exchange,Extracellular exchange,0.0,0.0,0.0,100000000.0,
3014,EX_agm_e_b,Agmatine exchange,Exchange,Extracellular exchange,0.0,0.0,0.0,100000000.0,
3015,EX_minohp_e_b,Myo-Inositol hexakisphosphate exchange,Exchange,Extracellular exchange,0.0,0.0,0.0,100000000.0,
3016,EX_ppt_e_b,Phosphonate exchange,Exchange,Extracellular exchange,0.0,0.0,0.0,100000000.0,
3017,EX_hxa_e_b,Hexanoate (n-C6:0) exchange,Exchange,Extracellular exchange,0.0,0.0,0.0,100000000.0,
3018,EX_lyx__L_e_b,L-Lyxose exchange,Exchange,Extracellular exchange,0.0,0.0,0.0,100000000.0,
3019,EX_acmum_e_b,N-Acetylmuramate exchange,Exchange,Extracellular exchange,0.0,0.0,0.0,100000000.0,
3020,EX_dca_e_b,Decanoate (n-C10:0) exchange,Exchange,Extracellular exchange,0.0,0.0,0.0,100000000.0,
3021,EX_all__D_e_b,D-Allose exchange,Exchange,Extracellular exchange,0.0,0.0,0.0,100000000.0,
3022,EX_octa_e_b,Octanoate (n-C8:0) exchange,Exchange,Extracellular exchange,0.0,0.0,0.0,100000000.0,
3023,EX_xylu__L_e_b,L-Xylulose exchange,Exchange,Extracellular exchange,0.0,0.0,0.0,100000000.0,
3024,EX_gdp_e_b,GDP exchange,Exchange,Extracellular exchange,0.0,0.0,0.0,100000000.0,
3025,EX_gtp_e_b,GTP exchange,Exchange,Extracellular exchange,0.0,0.0,0.0,100000000.0,
3026,THMDt2pp_copy2_b,Thymidine transport in via proton symport (periplasm),Inner Membrane,"Transport, Inner Membrane",46140.0,46140.0,46140.0,22.0,b2406
3027,TRPt2rpp_b,L-tryptophan reversible transport via proton symport (periplasm),Inner Membrane,"Transport, Inner Membrane",44333.0,44333.0,44333.0,22.0,b3161 or b3709 or b0112
3028,TYRt2rpp_b,L-tyrosine reversible transport via proton symport (periplasm),Inner Membrane,"Transport, Inner Membrane",42819.0,42819.0,42819.0,22.0,b1907 or b0112
3029,URIt2pp_copy2_b,Uridine transport in via proton symport (periplasm),Inner Membrane,"Transport, Inner Membrane",46140.0,46140.0,46140.0,22.0,b2406
3030,XTSNt2rpp_b,Xanthosine transport via proton symport (periplasm),Inner Membrane,"Transport, Inner Membrane",46140.0,46140.0,46140.0,22.0,b2406
3031,EX_fruur_e_b,D-Fructuronate exchange,Exchange,Extracellular exchange,0.0,0.0,0.0,100000000.0,
3032,GALtex_b,D-galactose transport via diffusion (extracellular to periplasm),Cytoplasmic,"Transport, Outer Membrane Porin",38922.0,0.0,0.0,100000000.0,b0241 or b0929 or b1377 or b2215
3033,GALCTtex_b,D-galactarte transport via diffusion (extracellular to periplasm),Cytoplasmic,"Transport, Outer Membrane Porin",38922.0,0.0,0.0,100000000.0,b0241 or b0929 or b1377 or b2215
3034,GALCTNtex_b,D-galactonate transport via diffusion (extracellular to periplasm),Cytoplasmic,"Transport, Outer Membrane Porin",38922.0,0.0,0.0,100000000.0,b0241 or b0929 or b1377 or b2215
3035,GALTtex_b,Galactitol transport via diffusion (extracellular to periplasm),Cytoplasmic,"Transport, Outer Membrane Porin",38922.0,0.0,0.0,100000000.0,b0241 or b0929 or b1377 or b2215
3036,GALURtex_b,D-galacturonate transport via diffusion (extracellular to periplasm),Cytoplasmic,"Transport, Outer Membrane Porin",38922.0,0.0,0.0,100000000.0,b0241 or b0929 or b1377 or b2215
3037,ACACt2pp_b,Acetoacetate transport via proton symport  (periplasm),Inner Membrane,"Transport, Inner Membrane",47528.0,47528.0,47528.0,22.0,b2223
3038,TKT2_b,Transketolase,Cytoplasmic,Pentose Phosphate Pathway,72212.0,0.0,0.0,85.25,b2935 or b2465
3039,EX_ch4_e_b,EX ch4 LPAREN e RPAREN ,Exchange,Extracellular exchange,0.0,0.0,0.0,100000000.0,
3040,GAMtex_b,D-glucosamine transport via diffusion (extracellular to periplasm),Cytoplasmic,"Transport, Outer Membrane Porin",38922.0,0.0,0.0,100000000.0,b0241 or b0929 or b1377 or b2215
3041,GBBTNtex_b,Gamma-butyrobetaine transport via diffusion (extracellular to periplasm),Cytoplasmic,"Transport, Outer Membrane Porin",38922.0,0.0,0.0,100000000.0,b0241 or b0929 or b1377 or b2215
3042,ARBt2rpp_b,L-arabinose transport via proton symport (periplasm),Inner Membrane,"Transport, Inner Membrane",51684.0,51684.0,51684.0,22.0,b2841
3043,CO2tpp_b,CO2 transporter via diffusion (periplasm),Inner Membrane,"Transport, Inner Membrane",0.0,0.0,0.0,100000000.0,s0001
3044,DHAtpp_b,Dihydroxyacetone transport via facilitated diffusion (periplasm),Inner Membrane,"Transport, Inner Membrane",0.0,0.0,0.0,100000000.0,
3045,ARGAGMt7pp_b,Arginine/agmatine antiport (periplasm),Inner Membrane,"Transport, Inner Membrane",46843.0,46843.0,46843.0,22.0,b4115
3046,ASNt2rpp_b,L-asparagine reversible transport via proton symport (periplasm),Inner Membrane,"Transport, Inner Membrane",54233.0,54233.0,54233.0,22.0,b1453
3047,HIStex_b,L-histidine transport via diffusion (extracellular to periplasm),Cytoplasmic,"Transport, Outer Membrane Porin",38922.0,0.0,0.0,100000000.0,b0241 or b0929 or b1377 or b2215
3048,HXAtex_b,Hexanoate transport via diffusion (extracellular to periplasm),Cytoplasmic,"Transport, Outer Membrane Porin",38922.0,0.0,0.0,100000000.0,b0241 or b0929 or b1377 or b2215
3049,HYXNtex_b,Hypoxanthine transport via diffusion (extracellular to periplasm),Cytoplasmic,"Transport, Outer Membrane Porin",38922.0,0.0,0.0,100000000.0,b2215 or b0241 or b0929 or b1377
3050,IDONtex_b,L-idonate transport via diffusion (extracellular to periplasm),Cytoplasmic,"Transport, Outer Membrane Porin",38922.0,0.0,0.0,100000000.0,b0241 or b0929 or b1377 or b2215
3051,ILEtex_b,L-isoleucine transport via diffusion (extracellular to periplasm),Cytoplasmic,"Transport, Outer Membrane Porin",38922.0,0.0,0.0,100000000.0,b0241 or b0929 or b1377 or b2215
3052,INSTtex_b,Inositol transport via diffusion (extracellular to periplasm),Cytoplasmic,"Transport, Outer Membrane Porin",38922.0,0.0,0.0,100000000.0,b0241 or b0929 or b1377 or b2215
3053,INStex_b,Inosine transport via diffusion (extracellular to periplasm),Cytoplasmic,"Transport, Outer Membrane",33589.0,0.0,0.0,100000000.0,b0411
3054,Ktex_b,Potassium transport via diffusion (extracellular to periplasm),Cytoplasmic,"Transport, Outer Membrane Porin",38922.0,0.0,0.0,100000000.0,b0241 or b0929 or b1377 or b2215
3055,D_LACtex_b,D-lactate transport via diffusion (extracellular to periplasm),Cytoplasmic,"Transport, Outer Membrane Porin",38922.0,0.0,0.0,100000000.0,b0241 or b0929 or b1377 or b2215
3056,FRULYStex_b,Fructoselysine transporter via diffusion (extracellular),Cytoplasmic,"Transport, Outer Membrane Porin",38922.0,0.0,0.0,100000000.0,b0241 or b0929 or b1377 or b2215
3057,EX_fad_e_b,Exchange of Flavin adenine dinucleotide oxidized,Exchange,Extracellular exchange,0.0,0.0,0.0,100000000.0,
3058,GALCTt2rpp_b,"D-galactarte transport via proton symport, reversible (periplasm)",Inner Membrane,"Transport, Inner Membrane",49009.0,49009.0,49009.0,22.0,b2789 or b3127
3059,ASPtex_b,L-aspartate transport via diffusion (extracellular to periplasm),Cytoplasmic,"Transport, Outer Membrane Porin",38922.0,0.0,0.0,100000000.0,b0241 or b0929 or b1377 or b2215
3060,ACALDtpp_b,Acetaldehyde reversible transport (periplasm),Inner Membrane,"Transport, Inner Membrane",0.0,0.0,0.0,100000000.0,s0001
3061,ACt2rpp_b,Acetate reversible transport via proton symport (periplasm),Inner Membrane,"Transport, Inner Membrane",20071.0,20071.0,20071.0,22.0,b0010
3062,EX_fe3dcit_e_b,Fe(III)dicitrate exchange,Exchange,Extracellular exchange,0.0,0.0,0.0,100000000.0,
3063,EX_fe3hox_e_b,Fe(III)hydroxamate exchange,Exchange,Extracellular exchange,0.0,0.0,0.0,100000000.0,
3064,EX_fecrm_e_b,Ferrichrome exchange,Exchange,Extracellular exchange,0.0,0.0,0.0,100000000.0,
3065,EX_feenter_e_b,Fe-enterobactin exchange,Exchange,Extracellular exchange,0.0,0.0,0.0,100000000.0,
3066,EX_feoxam_e_b,Ferroxamine exchange,Exchange,Extracellular exchange,0.0,0.0,0.0,100000000.0,
3067,EX_cbi_e_b,Cobinamide exchange,Exchange,Extracellular exchange,0.0,0.0,0.0,100000000.0,
3068,EX_arbtn_fe3_e_b,Aerobactin exchange,Exchange,Extracellular exchange,0.0,0.0,0.0,100000000.0,
3069,EX_cpgn_e_b,Coprogen exchange,Exchange,Extracellular exchange,0.0,0.0,0.0,100000000.0,
3070,EX_adocbl_e_b,Adenosylcobalamin exchange,Exchange,Extracellular exchange,0.0,0.0,0.0,100000000.0,
3071,ATPS4rpp_b,ATP synthase (four protons for one ATP) (periplasm),Inner Membrane,Oxidative Phosphorylation,227347.0,227347.0,55823.0,285.0,(b3739 and (b3731 and b3733 and b3735 and b3734 and b3732) and (b3738 and b3736 and b3737)) or ((b3731 and b3733 and b3735 and b3734 and b3732) and (b3738 and b3736 and b3737))
3072,INDOLEtex_b,Indole transport via diffusion (extracellular to periplasm),Cytoplasmic,"Transport, Outer Membrane Porin",38922.0,0.0,0.0,100000000.0,b0241 or b0929 or b1377 or b2215
3073,L_LACtex_b,L-lactate transport via diffusion (extracellular to periplasm),Cytoplasmic,"Transport, Outer Membrane Porin",38922.0,0.0,0.0,100000000.0,b0929 or b1377 or b2215 or b0241
3074,ADEt2rpp_b,Adenine transport via proton symport (reversible) (periplasm),Inner Membrane,"Transport, Inner Membrane",46866.0,46866.0,46866.0,22.0,b3654 or b3714 or b3664
3075,ADNt2pp_copy2_b,Adenosine transport in via proton symport (periplasm),Inner Membrane,"Transport, Inner Membrane",46140.0,46140.0,46140.0,22.0,b2406
3076,ALLTNt2rpp_b,Allantoin transport in via proton symport (periplasm),Inner Membrane,"Transport, Inner Membrane",52456.0,52456.0,52456.0,22.0,b0511
3077,ECOAH8_b,3-hydroxyacyl-CoA dehydratase (3-hydroxyoctadecanoyl-CoA),Cytoplasmic,Membrane Lipid Metabolism,77072.0,0.0,0.0,7.5465,b2341 or b3846
3078,GUAtpp_b,Guanine transport via diffusion (periplasm),Inner Membrane,"Transport, Inner Membrane",45711.0,45711.0,45711.0,100000000.0,b4464 or b4064
3079,HYXNtpp_b,Hypoxanthine transport (periplasm),Inner Membrane,"Transport, Inner Membrane",45711.0,45711.0,45711.0,22.0,b4064 or b4464
3080,GLCRtex_b,D-glucarate transport via diffusion (extracellular to periplasm),Cytoplasmic,"Transport, Outer Membrane Porin",38922.0,0.0,0.0,100000000.0,b0241 or b0929 or b1377 or b2215
3081,GLCNtex_b,D-gluconate transport via diffusion (extracellular to periplasm),Cytoplasmic,"Transport, Outer Membrane Porin",38922.0,0.0,0.0,100000000.0,b0241 or b0929 or b1377 or b2215
3082,GLCURtex_b,D-glucuronat transport via diffusion (extracellular to periplasm),Cytoplasmic,"Transport, Outer Membrane Porin",38922.0,0.0,0.0,100000000.0,b0241 or b0929 or b1377 or b2215
3083,GLNtex_b,L-glutamine transport via diffusion (extracellular to periplasm),Cytoplasmic,"Transport, Outer Membrane Porin",38922.0,0.0,0.0,100000000.0,b0929 or b1377 or b2215 or b0241
3084,O2tex_b,Oxygen transport via diffusion (extracellular to periplasm),Cytoplasmic,"Transport, Outer Membrane Porin",38922.0,0.0,0.0,100000000.0,b0241 or b0929 or b1377 or b2215
3085,EX_ppa_e_b,Propionate exchange,Exchange,Extracellular exchange,0.0,0.0,0.0,100000000.0,
3086,OCTAtex_b,Octanoate transport via diffusion (extracellular to periplasm),Cytoplasmic,"Transport, Outer Membrane Porin",38922.0,0.0,0.0,100000000.0,b0241 or b0929 or b1377 or b2215
3087,ORNtex_b,Ornithine transport via diffusion (extracellular to periplasm),Cytoplasmic,"Transport, Outer Membrane Porin",38922.0,0.0,0.0,100000000.0,b0241 or b0929 or b1377 or b2215
3088,ECOAH5_b,3-hydroxyacyl-CoA dehydratase (3-hydroxydodecanoyl-CoA),Cytoplasmic,Membrane Lipid Metabolism,77072.0,0.0,0.0,7.5465,b2341 or b3846
3089,EX_ni2_e_b,Ni2+ exchange,Exchange,Extracellular exchange,0.0,0.0,0.0,100000000.0,
3090,EX_no_e_b,Nitric oxide exchange,Exchange,Extracellular exchange,0.0,0.0,0.0,100000000.0,
3091,FUCtpp_b,L-fucose transport via proton symport (periplasm),Inner Membrane,"Transport, Inner Membrane",47545.0,47545.0,47545.0,22.0,b2801
3092,CYTDt2pp_copy2_b,Cytidine transport in via proton symport (periplasm),Inner Membrane,"Transport, Inner Membrane",46140.0,46140.0,46140.0,22.0,b2406
3093,DDGLCNt2rpp_b,"2-dehydro-3-deoxy-D-gluconate transport via proton symport, reversible (periplasm)",Inner Membrane,"Transport, Inner Membrane",33669.0,33669.0,33669.0,22.0,b3909
3094,RMNtex_b,L-rhamnose transport via diffusion (extracellular to periplasm),Cytoplasmic,"Transport, Outer Membrane Porin",38922.0,0.0,0.0,100000000.0,b0241 or b2215 or b0929 or b1377
3095,EX_meoh_e_b,Methanol exchange,Exchange,Extracellular exchange,0.0,0.0,0.0,100000000.0,
3096,PHEtex_b,L-phenylalanine transport via diffusion (extracellular to periplasm),Cytoplasmic,"Transport, Outer Membrane Porin",38922.0,0.0,0.0,100000000.0,b0241 or b0929 or b1377 or b2215
3097,PItex_b,Phosphate transport via diffusion (extracellular to periplasm),Cytoplasmic,"Transport, Outer Membrane Porin",38922.0,0.0,0.0,100000000.0,b0241 or b0929 or b1377 or b2215
3098,EX_cu2_e_b,Cu2+ exchange,Exchange,Extracellular exchange,0.0,0.0,0.0,100000000.0,
3099,TRSARr_b,Tartronate semialdehyde reductase,Cytoplasmic,Alternate Carbon Metabolism,30427.0,0.0,0.0,243.0,b0509 or b3125
3100,EX_pheme_e_b,Protoheme exchange,Exchange,Extracellular exchange,0.0,0.0,0.0,100000000.0,
3101,PNTOtex_b,Pantothenate transport via diffusion (extracellular to periplasm),Cytoplasmic,"Transport, Outer Membrane Porin",38922.0,0.0,0.0,100000000.0,b0241 or b0929 or b1377 or b2215
3102,PPPNtex_b,3-phenylpropionate transport via diffusion (extracellular to periplasm),Cytoplasmic,"Transport, Outer Membrane Porin",38922.0,0.0,0.0,100000000.0,b0241 or b0929 or b1377 or b2215
3103,PPTtex_b,Phosphonate transport via diffusion (extracellular to periplasm),Cytoplasmic,"Transport, Outer Membrane Porin",38922.0,0.0,0.0,100000000.0,b0241 or b0929 or b1377 or b2215
3104,PTRCtex_b,Putrescine transport via diffusion (extracellular to periplasm),Cytoplasmic,"Transport, Outer Membrane Porin",38922.0,0.0,0.0,100000000.0,b0241 or b0929 or b1377 or b2215
3105,PYRtex_b,Pyruvate transport via diffusion (extracellular to periplasm),Cytoplasmic,"Transport, Outer Membrane Porin",38922.0,0.0,0.0,100000000.0,b0241 or b0929 or b1377 or b2215
3106,DSERtex_b,D-serine transport via diffusion (extracellular to periplasm),Cytoplasmic,"Transport, Outer Membrane Porin",38922.0,0.0,0.0,100000000.0,b0241 or b0929 or b1377 or b2215
3107,SERtex_b,L-serine transport via diffusion (extracellular to periplasm),Cytoplasmic,"Transport, Outer Membrane Porin",38922.0,0.0,0.0,100000000.0,b0241 or b0929 or b1377 or b2215
3108,SO4tex_b,Sulfate transport via diffusion (extracellular to periplasm),Cytoplasmic,"Transport, Outer Membrane Porin",38922.0,0.0,0.0,100000000.0,b0241 or b0929 or b1377 or b2215
3109,SPMDtex_b,Spermidine transport via diffusion (extracellular to periplasm),Cytoplasmic,"Transport, Outer Membrane Porin",38922.0,0.0,0.0,100000000.0,b2215 or b0241 or b0929 or b1377
3110,SUCCtex_b,Succinate transport via diffusion (extracellular to periplasm),Cytoplasmic,"Transport, Outer Membrane Porin",38922.0,0.0,0.0,100000000.0,b0241 or b0929 or b1377 or b2215
3111,SUCRtex_b,Sucrose transport transport via diffusion (extracellular to periplasm),Cytoplasmic,"Transport, Outer Membrane Porin",38922.0,0.0,0.0,100000000.0,b0241 or b0929 or b1377 or b2215
3112,TARTRtex_b,Tartrate transport via diffusion (extracellular to periplasm),Cytoplasmic,"Transport, Outer Membrane Porin",38922.0,0.0,0.0,100000000.0,b0241 or b0929 or b1377 or b2215
3113,TAURtex_b,Taurine transport via diffusion (extracellular to periplasm),Cytoplasmic,"Transport, Outer Membrane Porin",38922.0,0.0,0.0,100000000.0,b0241 or b0929 or b1377 or b2215
3114,THRtex_b,L-threonine transport via diffusion (extracellular to periplasm),Cytoplasmic,"Transport, Outer Membrane Porin",38922.0,0.0,0.0,100000000.0,b0241 or b0929 or b1377 or b2215
3115,THMDtex_b,Thymidine transport via diffusion (extracellular to periplasm),Cytoplasmic,"Transport, Outer Membrane Porin",38922.0,0.0,0.0,100000000.0,b0241 or b0929 or b1377 or b2215
3116,METDtex_b,D-methionine transport via diffusion (extracellular to periplasm),Cytoplasmic,"Transport, Outer Membrane Porin",38922.0,0.0,0.0,100000000.0,b0241 or b0929 or b1377 or b2215
3117,METtex_b,L-methionine transport via diffusion (extracellular to periplasm),Cytoplasmic,"Transport, Outer Membrane Porin",38922.0,0.0,0.0,100000000.0,b0241 or b0929 or b1377 or b2215
3118,MNLtex_b,Mannitol transport via diffusion (extracellular to periplasm),Cytoplasmic,"Transport, Outer Membrane Porin",38922.0,0.0,0.0,100000000.0,b1377 or b2215 or b0241 or b0929
3119,NAtex_b,Sodium transport via diffusion (extracellular to periplasm),Cytoplasmic,"Transport, Outer Membrane Porin",38922.0,0.0,0.0,100000000.0,b0241 or b0929 or b1377 or b2215
3120,NACtex_b,Nicotinic acid transport via diffusion (extracellular to periplasm),Cytoplasmic,"Transport, Outer Membrane Porin",38922.0,0.0,0.0,100000000.0,b0241 or b0929 or b1377 or b2215
3121,NH4tex_b,Ammonia transport via diffusion (extracellular to periplasm),Cytoplasmic,"Transport, Outer Membrane Porin",38922.0,0.0,0.0,100000000.0,b1377 or b2215 or b0241 or b0929
3122,BUTtex_b,Butyrate transport via diffusion (extracellular to periplasm),Cytoplasmic,"Transport, Outer Membrane Porin",38922.0,0.0,0.0,100000000.0,b0241 or b0929 or b1377 or b2215
3123,CHLtex_b,Choline transport via diffusion (extracellular to periplasm),Cytoplasmic,"Transport, Outer Membrane Porin",38922.0,0.0,0.0,100000000.0,b0241 or b0929 or b1377 or b2215
3124,CO2tex_b,CO2 transport via diffusion (extracellular to periplasm),Cytoplasmic,"Transport, Outer Membrane Porin",38922.0,0.0,0.0,100000000.0,b0241 or b0929 or b1377 or b2215
3125,CRNtex_b,L-carnitine transport via diffusion (extracellular to periplasm),Cytoplasmic,"Transport, Outer Membrane Porin",38922.0,0.0,0.0,100000000.0,b0241 or b0929 or b1377 or b2215
3126,DINStex_b,Deoxyinosine transport via diffusion (extracellular to periplasm),Cytoplasmic,"Transport, Outer Membrane Porin",38922.0,0.0,0.0,100000000.0,b0241 or b0929 or b1377 or b2215
3127,DMStex_b,Dimethyl sulfide transport via diffusion (extracellular to periplasm),Cytoplasmic,"Transport, Outer Membrane Porin",38922.0,0.0,0.0,100000000.0,b0241 or b0929 or b1377 or b2215
3128,CSNtex_b,Cytosine transport via diffusion (extracellular to periplasm),Cytoplasmic,"Transport, Outer Membrane Porin",38922.0,0.0,0.0,100000000.0,b0241 or b0929 or b1377 or b2215
3129,CYNTtex_b,Cyanate transport via diffusion (extracellular to periplasm),Cytoplasmic,"Transport, Outer Membrane Porin",38922.0,0.0,0.0,100000000.0,b2215 or b0241 or b0929 or b1377
3130,CYStex_b,L-cysteine transport via diffusion (extracellular to periplasm),Cytoplasmic,"Transport, Outer Membrane Porin",38922.0,0.0,0.0,100000000.0,b0241 or b0929 or b1377 or b2215
3131,CYTDtex_b,Cytidine transport via diffusion (extracellular to periplasm),Cytoplasmic,"Transport, Outer Membrane Porin",38922.0,0.0,0.0,100000000.0,b0241 or b0929 or b1377 or b2215
3132,DCAtex_b,Decanoate transport via diffusion (extracellular to periplasm),Cytoplasmic,"Transport, Outer Membrane Porin",38922.0,0.0,0.0,100000000.0,b0241 or b0929 or b1377 or b2215
3133,DCYTtex_b,Deoxycytidine transport via diffusion (extracellular to periplasm),Cytoplasmic,"Transport, Outer Membrane",33589.0,0.0,0.0,100000000.0,b0411
3134,DGSNtex_b,Deoxyguanosine transport via diffusion (extracellular to periplasm),Cytoplasmic,"Transport, Outer Membrane Porin",38922.0,0.0,0.0,100000000.0,b0241 or b0929 or b1377 or b2215
3135,LCTStex_b,Lactose transport via diffusion (extracellular to periplasm),Cytoplasmic,"Transport, Outer Membrane Porin",38922.0,0.0,0.0,100000000.0,b0241 or b0929 or b1377 or b2215
3136,LEUtex_b,L-leucine transport via diffusion (extracellular to periplasm),Cytoplasmic,"Transport, Outer Membrane Porin",38922.0,0.0,0.0,100000000.0,b0241 or b0929 or b1377 or b2215
3137,LYStex_b,L-lysine transport via diffusion (extracellular to periplasm),Cytoplasmic,"Transport, Outer Membrane Porin",38922.0,0.0,0.0,100000000.0,b0241 or b0929 or b1377 or b2215
3138,LYXtex_b,L-Lyxose transport via diffusion (extracellular to periplasm),Cytoplasmic,"Transport, Outer Membrane Porin",38922.0,0.0,0.0,100000000.0,b0241 or b0929 or b1377 or b2215
3139,MANtex_b,D-mannose transport via diffusion (extracellular to periplasm),Cytoplasmic,"Transport, Outer Membrane Porin",38922.0,0.0,0.0,100000000.0,b0241 or b0929 or b1377 or b2215
3140,MAN6Ptex_b,Mannose 6-phosphate transport via diffusion (extracellular to periplasm),Cytoplasmic,"Transport, Outer Membrane Porin",38922.0,0.0,0.0,100000000.0,b2215 or b0241 or b0929 or b1377
3141,MELIBtex_b,Melibiose transport via diffusion (extracellular to periplasm),Cytoplasmic,"Transport, Outer Membrane Porin",38922.0,0.0,0.0,100000000.0,b0241 or b0929 or b1377 or b2215
3142,DMSOtex_b,Dimethyl sulfoxide transport via diffusion (extracellular to periplasm),Cytoplasmic,"Transport, Outer Membrane Porin",38922.0,0.0,0.0,100000000.0,b0241 or b0929 or b1377 or b2215
3143,DURItex_b,Deoxyuridine transport via diffusion (extracellular to periplasm),Cytoplasmic,"Transport, Outer Membrane",33589.0,0.0,0.0,100000000.0,b0411
3144,EX_mal__D_e_b,D-Malate exchange,Exchange,Extracellular exchange,0.0,0.0,0.0,100000000.0,
3145,FRUtex_b,D-fructose transport via diffusion (extracellular to periplasm),Cytoplasmic,"Transport, Outer Membrane Porin",38922.0,0.0,0.0,100000000.0,b0241 or b0929 or b1377 or b2215
3146,FUCtex_b,L-fucose transport via diffusion (extracellular to periplasm),Cytoplasmic,"Transport, Outer Membrane Porin",38922.0,0.0,0.0,100000000.0,b0241 or b0929 or b1377 or b2215
3147,FUMtex_b,Fumarate transport via diffusion (extracellular to periplasm),Cytoplasmic,"Transport, Outer Membrane Porin",38922.0,0.0,0.0,100000000.0,b0241 or b0929 or b1377 or b2215
3148,ACACT5r_b,Acetyl-CoA C-acyltransferase (decanoyl-CoA) (r),Cytoplasmic,Membrane Lipid Metabolism,26242.0,0.0,0.0,14.8,b3845 or b2342
3149,FE2tex_b,Iron (II) transport via diffusion (extracellular to periplasm),Cytoplasmic,"Transport, Outer Membrane Porin",38922.0,0.0,0.0,100000000.0,b1377 or b2215 or b0241 or b0929
3150,NMNtex_b,NMN transport via diffusion (extracellular to periplasm),Cytoplasmic,"Transport, Outer Membrane Porin",38922.0,0.0,0.0,100000000.0,b0241 or b0929 or b1377 or b2215
3151,NO2tex_b,Nitrite transport via diffusion (extracellular to periplasm),Cytoplasmic,"Transport, Outer Membrane Porin",38922.0,0.0,0.0,100000000.0,b0241 or b0929 or b1377 or b2215
3152,MTHFC_b,Methenyltetrahydrofolate cyclohydrolase,Cytoplasmic,Folate Metabolism,31044.0,0.0,0.0,134.0,b0529
3153,MTHFD_b,Methylenetetrahydrofolate dehydrogenase (NADP),Cytoplasmic,Folate Metabolism,31044.0,0.0,0.0,14.0,b0529
3154,BUTt2rpp_b,"Butyrate transport via proton symport, reversible (periplasm)",Inner Membrane,"Transport, Inner Membrane",47528.0,47528.0,47528.0,22.0,b2223
3155,GDPtex_b,GDP transport via diffusion (extracellular to periplasm),Cytoplasmic,"Transport, Outer Membrane Porin",38922.0,0.0,0.0,100000000.0,b0929 or b1377 or b2215 or b0241
3156,EX_cobalt2_e_b,Co2+ exchange,Exchange,Extracellular exchange,0.0,0.0,0.0,100000000.0,
3157,TMAtex_b,Trimethylamine transport via diffusion (extracellular to periplasm),Cytoplasmic,"Transport, Outer Membrane Porin",38922.0,0.0,0.0,100000000.0,b0241 or b0929 or b1377 or b2215
3158,TMAOtex_b,Trimethylamine N-oxide transport via diffusion (extracellular to periplasm),Cytoplasmic,"Transport, Outer Membrane Porin",38922.0,0.0,0.0,100000000.0,b0241 or b0929 or b1377 or b2215
3159,TREtex_b,Trehalose transport via diffusion (extracellular to periplasm),Cytoplasmic,"Transport, Outer Membrane Porin",38922.0,0.0,0.0,100000000.0,b0241 or b0929 or b1377 or b2215
3160,ACACT6r_b,Acetyl-CoA C-acyltransferase (dodecanoyl-CoA) (r),Cytoplasmic,Membrane Lipid Metabolism,26242.0,0.0,0.0,14.8,b2342 or b3845
3161,TRPtex_b,L-tryptophan transport via diffusion (extracellular to periplasm),Cytoplasmic,"Transport, Outer Membrane Porin",38922.0,0.0,0.0,100000000.0,b0241 or b0929 or b1377 or b2215
3162,TSULtex_b,Thiosulfate transport via diffusion (extracellular to periplasm),Cytoplasmic,"Transport, Outer Membrane Porin",38922.0,0.0,0.0,100000000.0,b0241 or b0929 or b1377 or b2215
3163,TYRtex_b,L-tyrosine transport via diffusion (extracellular to periplasm),Cytoplasmic,"Transport, Outer Membrane Porin",38922.0,0.0,0.0,100000000.0,b0241 or b0929 or b1377 or b2215
3164,URAtex_b,Uracil transport via diffusion (extracellular to periplasm),Cytoplasmic,"Transport, Outer Membrane Porin",38922.0,0.0,0.0,100000000.0,b0241 or b0929 or b1377 or b2215
3165,UREAtex_b,Urea transport via diffusion (extracellular to periplasm),Cytoplasmic,"Transport, Outer Membrane Porin",38922.0,0.0,0.0,100000000.0,b0241 or b0929 or b1377 or b2215
3166,URItex_b,Uridine transport via diffusion (extracellular to periplasm),Cytoplasmic,"Transport, Outer Membrane",33589.0,0.0,0.0,100000000.0,b0411
3167,VALtex_b,L-valine transport via diffusion (extracellular to periplasm),Cytoplasmic,"Transport, Outer Membrane Porin",38922.0,0.0,0.0,100000000.0,b0241 or b0929 or b1377 or b2215
3168,XANtex_b,Xanthine transport via diffusion (extracellular to periplasm),Cytoplasmic,"Transport, Outer Membrane Porin",38922.0,0.0,0.0,100000000.0,b0241 or b0929 or b1377 or b2215
3169,XYLtex_b,D-xylose transport via diffusion (extracellular to periplasm),Cytoplasmic,"Transport, Outer Membrane Porin",38922.0,0.0,0.0,100000000.0,b0241 or b0929 or b1377 or b2215
3170,ABUTtex_b,4-aminobutyrate transport via diffusion (extracellular to periplasm),Cytoplasmic,"Transport, Outer Membrane Porin",38922.0,0.0,0.0,100000000.0,b0241 or b0929 or b1377 or b2215
3171,GGGABADr_b,Gamma-glutamyl-gamma aminobutyric acid dehydrogenase,Cytoplasmic,Alternate Carbon Metabolism,53419.0,0.0,0.0,26.1,b1300
3172,EX_mso3_e_b,Methanesulfonate exchange,Exchange,Extracellular exchange,0.0,0.0,0.0,100000000.0,
3173,EX_23camp_e_b,"2',3'-Cyclic AMP exchange",Exchange,Extracellular exchange,0.0,0.0,0.0,100000000.0,
3174,EX_23cgmp_e_b,"2',3'-Cyclic GMP exchange",Exchange,Extracellular exchange,0.0,0.0,0.0,100000000.0,
3175,EX_23cump_e_b,"2',3'-Cyclic UMP exchange",Exchange,Extracellular exchange,0.0,0.0,0.0,100000000.0,
3176,EX_3amp_e_b,3'-AMP exchange,Exchange,Extracellular exchange,0.0,0.0,0.0,100000000.0,
3177,EX_3gmp_e_b,3'-GMP exchange,Exchange,Extracellular exchange,0.0,0.0,0.0,100000000.0,
3178,EX_3ump_e_b,3'-UMP exchange,Exchange,Extracellular exchange,0.0,0.0,0.0,100000000.0,
3179,EX_glyc__R_e_b,(R)-Glycerate exchange,Exchange,Extracellular exchange,0.0,0.0,0.0,100000000.0,
3180,EX_eca4colipa_e_b,(enterobacterial common antigen)x4 core oligosaccharide lipid A exchange,Exchange,Extracellular exchange,0.0,0.0,0.0,100000000.0,
3181,EX_sel_e_b,Selenate exchange,Exchange,Extracellular exchange,0.0,0.0,0.0,100000000.0,
3182,EX_hg2_e_b,Hg2+ exchange,Exchange,Extracellular exchange,0.0,0.0,0.0,100000000.0,
3183,MALTATr_b,Maltose O-acetyltransferase,Cytoplasmic,Alternate Carbon Metabolism,20096.0,0.0,0.0,109.4666667,b0459
3184,23CAMPtex_b,23cAMP transport via diffusion (extracellular to periplasm),Cytoplasmic,"Transport, Outer Membrane Porin",38922.0,0.0,0.0,100000000.0,b0241 or b0929 or b1377 or b2215
3185,23CCMPtex_b,23cCMP transport via diffusion (extracellular to periplasm),Cytoplasmic,"Transport, Outer Membrane Porin",38922.0,0.0,0.0,100000000.0,b0241 or b0929 or b1377 or b2215
3186,23CUMPtex_b,23cUMP transport via diffusion (extracellular to periplasm),Cytoplasmic,"Transport, Outer Membrane Porin",38922.0,0.0,0.0,100000000.0,b0241 or b0929 or b1377 or b2215
3187,23CGMPtex_b,23cGMP transport via diffusion (extracellular to periplasm),Cytoplasmic,"Transport, Outer Membrane Porin",38922.0,0.0,0.0,100000000.0,b0241 or b0929 or b1377 or b2215
3188,3AMPtex_b,3AMP transport via diffusion (extracellular to periplasm),Cytoplasmic,"Transport, Outer Membrane Porin",38922.0,0.0,0.0,100000000.0,b0241 or b0929 or b1377 or b2215
3189,3CMPtex_b,3CMP transport via diffusion (extracellular to periplasm),Cytoplasmic,"Transport, Outer Membrane Porin",38922.0,0.0,0.0,100000000.0,b0241 or b0929 or b1377 or b2215
3190,ALAGLUE_b,L-alanyl-gamma-glutamate epimerase,Cytoplasmic,Murein Recycling,34674.0,0.0,0.0,17.0,b1325
3191,ETHSO3tex_b,Ethanesulfonate transport via diffusion (extracellular to periplasm),Cytoplasmic,"Transport, Outer Membrane Porin",38922.0,0.0,0.0,100000000.0,b0241 or b0929 or b1377 or b2215
3192,BUTSO3tex_b,Butanesulfonate transport via diffusion (extracellular to periplasm),Cytoplasmic,"Transport, Outer Membrane Porin",38922.0,0.0,0.0,100000000.0,b0241 or b0929 or b1377 or b2215
3193,LIPOtex_b,Lipoate transport via diffusion (extracellular to periplasm),Cytoplasmic,"Transport, Outer Membrane Porin",38922.0,0.0,0.0,100000000.0,b1377 or b2215 or b0929 or b0241
3194,GALBDtex_b,Beta D-galactose transport via diffusion (extracellular to periplasm),Cytoplasmic,"Transport, Outer Membrane Porin",38922.0,0.0,0.0,100000000.0,b2215 or b0241 or b0929 or b1377
3195,SULFACtex_b,Sulfoaceate transport via diffusion (extracellular to periplasm),Cytoplasmic,"Transport, Outer Membrane Porin",38922.0,0.0,0.0,100000000.0,b1377 or b2215 or b0241 or b0929
3196,EX_sulfac_e_b,Sulfoacetate exchange,Exchange,Extracellular exchange,0.0,0.0,0.0,100000000.0,
3197,EX_butso3_e_b,Butanesulfonate exchange,Exchange,Extracellular exchange,0.0,0.0,0.0,100000000.0,
3198,EX_ethso3_e_b,Ethanesulfonate exchange,Exchange,Extracellular exchange,0.0,0.0,0.0,100000000.0,
3199,NOtex_b,Nitric oxide transport via diffusion (extracellular to periplasm),Cytoplasmic,"Transport, Outer Membrane Porin",38922.0,0.0,0.0,100000000.0,b0241 or b0929 or b1377 or b2215
3200,NOtpp_b,NO transport (diffusion),Inner Membrane,Inorganic Ion Transport and Metabolism,0.0,0.0,0.0,100000000.0,s0001
3201,N2Otpp_b,Nitrious oxide transport (diffusion),Inner Membrane,Inorganic Ion Transport and Metabolism,0.0,0.0,0.0,100000000.0,s0001
3202,N2Otex_b,Nitrious oxide transport via diffusion (extracellular to periplasm),Cytoplasmic,"Transport, Outer Membrane Porin",38922.0,0.0,0.0,100000000.0,b0241 or b0929 or b1377 or b2215
3203,CRNt2rpp_b,L-carnitine outward transport (H+ antiport),Inner Membrane,"Transport, Inner Membrane",54846.0,54846.0,54846.0,22.0,b4111
3204,CRNDt2rpp_b,D-carnitine outward transport (H+ antiport),Inner Membrane,"Transport, Inner Membrane",54846.0,54846.0,54846.0,22.0,b4111
3205,CTBTt2rpp_b,Cronobetaine outward transport (H+ antiport),Inner Membrane,"Transport, Inner Membrane",54846.0,54846.0,54846.0,22.0,b4111
3206,PACALDt2rpp_b,Phenylacetaldehyde reversible transport via proton symport (periplasm),Inner Membrane,"Transport, Inner Membrane",0.0,0.0,0.0,100000000.0,
3207,PEAMNtex_b,Phenethylamine transport via diffusion (extracellular to periplasm),Cytoplasmic,"Transport, Outer Membrane Porin",38922.0,0.0,0.0,100000000.0,b0241 or b0929 or b1377 or b2215
3208,PACALDtex_b,Phenethylacetaldehyde transport via diffusion (extracellular to periplasm),Cytoplasmic,"Transport, Outer Membrane Porin",38922.0,0.0,0.0,100000000.0,b0241 or b0929 or b1377 or b2215
3209,CYANtex_b,Cyanide transport via diffusion (extracellular to periplasm),Cytoplasmic,"Transport, Outer Membrane Porin",38922.0,0.0,0.0,100000000.0,b0241 or b0929 or b1377 or b2215
3210,SO3tex_b,Sulfite transport via diffusion (extracellular to periplasm),Cytoplasmic,"Transport, Outer Membrane Porin",38922.0,0.0,0.0,100000000.0,b0241 or b0929 or b1377 or b2215
3211,TCYNTtex_b,Thiocyanate transport via diffusion (extracellular to periplasm),Cytoplasmic,"Transport, Outer Membrane Porin",38922.0,0.0,0.0,100000000.0,b0241 or b0929 or b1377 or b2215
3212,METSOX1tex_b,L-methionine S-oxide diffusion (extracellular),Cytoplasmic,"Transport, Outer Membrane Porin",38922.0,0.0,0.0,100000000.0,b0241 or b0929 or b1377 or b2215
3213,METSOX2tex_b,L-methionine R-oxide diffusion (extracellular),Cytoplasmic,"Transport, Outer Membrane Porin",38922.0,0.0,0.0,100000000.0,b0241 or b0929 or b1377 or b2215
3214,3UMPtex_b,3UMP transport via diffusion (extracellular to periplasm),Cytoplasmic,"Transport, Outer Membrane Porin",38922.0,0.0,0.0,100000000.0,b0241 or b0929 or b1377 or b2215
3215,3GMPtex_b,3GMP transport via diffusion (extracellular to periplasm),Cytoplasmic,"Transport, Outer Membrane Porin",38922.0,0.0,0.0,100000000.0,b0241 or b0929 or b1377 or b2215
3216,FALDtpp_b,Formaldehyde transport via diffusion (periplasm),Inner Membrane,"Transport, Inner Membrane",0.0,0.0,0.0,100000000.0,s0001
3217,EX_tym_e_b,Tyramine exchange,Exchange,Extracellular exchange,0.0,0.0,0.0,100000000.0,
3218,EX_imp_e_b,IMP exchange,Exchange,Extracellular exchange,0.0,0.0,0.0,100000000.0,
3219,DOPAtex_b,Dopamine transport via diffusion (extracellular to periplasm),Cytoplasmic,"Transport, Outer Membrane Porin",38922.0,0.0,0.0,100000000.0,b0241 or b0929 or b1377 or b2215
3220,4HOXPACDtex_b,4-hydroxyphenylacetaldehyde transport via diffusion (extracellular to periplasm),Cytoplasmic,"Transport, Outer Membrane Porin",38922.0,0.0,0.0,100000000.0,b0241 or b0929 or b1377 or b2215
3221,ETHAtex_b,Ethanolamine transport via diffusion (extracellular),Cytoplasmic,"Transport, Outer Membrane Porin",38922.0,0.0,0.0,100000000.0,b0241 or b0929 or b1377 or b2215
3222,G3PStex_b,Glycerophosphserine transport via diffusion (extracellular to periplasm),Cytoplasmic,"Transport, Outer Membrane Porin",38922.0,0.0,0.0,100000000.0,b0241 or b0929 or b1377 or b2215
3223,ACGAL1Ptex_b,N-acetyl-D-galactosamine 1-phosphate transport via diffusion (extracellular to periplasm),Cytoplasmic,"Transport, Outer Membrane Porin",38922.0,0.0,0.0,100000000.0,b0241 or b0929 or b1377 or b2215
3224,ACGALtex_b,N-acetyl-D-galactosamine transport via diffusion (extracellular to periplasm),Cytoplasmic,"Transport, Outer Membrane Porin",38922.0,0.0,0.0,100000000.0,b0241 or b0929 or b1377 or b2215
3225,GLCUR1Ptex_b,D-glucuronate 1-phosphate transport via diffusion (extracellular to periplasm),Cytoplasmic,"Transport, Outer Membrane Porin",38922.0,0.0,0.0,100000000.0,b0241 or b0929 or b1377 or b2215
3226,UDPGLCURtex_b,UDP-D-glucuronate transport via diffusion (extracellular to periplasm),Cytoplasmic,"Transport, Outer Membrane Porin",38922.0,0.0,0.0,100000000.0,b0241 or b0929 or b1377 or b2215
3227,ISETACtex_b,Isethionate transport via diffusion (extracellular to periplasm),Cytoplasmic,"Transport, Outer Membrane Porin",38922.0,0.0,0.0,100000000.0,b0241 or b0929 or b1377 or b2215
3228,UDPGtex_b,UDPglucose transport via diffusion (extracellular to periplasm),Cytoplasmic,"Transport, Outer Membrane Porin",38922.0,0.0,0.0,100000000.0,b0241 or b0929 or b1377 or b2215
3229,UDPGALtex_b,UDPgalactose transport via diffusion (extracellular to periplasm),Cytoplasmic,"Transport, Outer Membrane Porin",38922.0,0.0,0.0,100000000.0,b0929 or b1377 or b2215 or b0241
3230,ACGAM1Ptex_b,N-acetyl-D-glucosamine 1-phosphate transport via diffusion (extracellular to periplasm),Cytoplasmic,"Transport, Outer Membrane Porin",38922.0,0.0,0.0,100000000.0,b0241 or b0929 or b1377 or b2215
3231,UACGAMtex_b,UDP-N-acetyl-D-glucosamine transport via diffusion (extracellular to periplasm),Cytoplasmic,"Transport, Outer Membrane Porin",38922.0,0.0,0.0,100000000.0,b0241 or b0929 or b1377 or b2215
3232,UDPACGALtex_b,UDP-N-acetyl-D-galactosamine transport via diffusion (extracellular to periplasm),Cytoplasmic,"Transport, Outer Membrane Porin",38922.0,0.0,0.0,100000000.0,b0241 or b0929 or b1377 or b2215
3233,CBLAT_b,Cob(I)alamin adenosyltransferase,Cytoplasmic,Cofactor and Prosthetic Group Biosynthesis,21999.0,0.0,0.0,0.11,b1270
3234,MSO3tex_b,Methanesulfonate transport via diffusion (extracellular to periplasm),Cytoplasmic,"Transport, Outer Membrane Porin",38922.0,0.0,0.0,100000000.0,b0241 or b0929 or b1377 or b2215
3235,ARABDI_b,L-fucose isomerase,Cytoplasmic,Alternate Carbon Metabolism,64977.0,0.0,0.0,0.0287,b2802
3236,GLYC2Ptex_b,Glycerol-2-phosphate transport via diffusion (extracellular to periplasm),Cytoplasmic,"Transport, Outer Membrane Porin",38922.0,0.0,0.0,100000000.0,b0241 or b0929 or b1377 or b2215
3237,PSERtex_b,Phospho-L-serine transport via diffusion (extracellular to periplasm),Cytoplasmic,"Transport, Outer Membrane Porin",38922.0,0.0,0.0,100000000.0,b0241 or b0929 or b1377 or b2215
3238,R5Ptex_b,Ribose 5-phosphate transport via diffusion (extracellular to periplasm),Cytoplasmic,"Transport, Outer Membrane Porin",38922.0,0.0,0.0,100000000.0,b0241 or b0929 or b1377 or b2215
3239,THRPtex_b,Phospho-L-threonine transport via diffusion (extracellular to periplasm),Cytoplasmic,"Transport, Outer Membrane Porin",38922.0,0.0,0.0,100000000.0,b0241 or b0929 or b1377 or b2215
3240,TYRPtex_b,Phopho-L-tyrosine transport via diffusion (extracellular to periplasm),Cytoplasmic,"Transport, Outer Membrane Porin",38922.0,0.0,0.0,100000000.0,b0241 or b0929 or b1377 or b2215
3241,CITtex_b,Citrate transport via diffusion (extracellular to periplasm),Cytoplasmic,"Transport, Outer Membrane Porin",38922.0,0.0,0.0,100000000.0,b0241 or b0929 or b1377 or b2215
3242,ACGAtex_b,N-Acetyl-D-glucosamine transport via diffusion (extracellular to periplasm),Cytoplasmic,"Transport, Outer Membrane Porin",38922.0,0.0,0.0,100000000.0,b0241 or b0929 or b1377 or b2215
3243,EX_cd2_e_b,Cadmium exchange,Exchange,Extracellular exchange,0.0,0.0,0.0,100000000.0,
3244,IDONt2rpp_b,"L-idonate transport via proton symport, reversible (periplasm)",Inner Membrane,"Transport, Inner Membrane",46041.0,46041.0,46041.0,59.36758824,b4265
3245,G6Ptex_b,Glucose 6-phosphate transport via diffusion (extracellular to periplasm),Cytoplasmic,"Transport, Outer Membrane Porin",38922.0,0.0,0.0,100000000.0,b0241 or b0929 or b1377 or b2215
3246,MOBDtex_b,Molybdate transport via diffusion (extracellular to periplasm),Cytoplasmic,"Transport, Outer Membrane Porin",38922.0,0.0,0.0,100000000.0,b0241 or b0929 or b1377 or b2215
3247,NI2tex_b,Nickel transport via diffusion (extracellular to periplasm),Cytoplasmic,"Transport, Outer Membrane Porin",38922.0,0.0,0.0,100000000.0,b0241 or b0929 or b1377 or b2215
3248,L_LACt2rpp_b,L-lactate reversible transport via proton symport (periplasm),Inner Membrane,"Transport, Inner Membrane",50677.0,50677.0,50677.0,22.0,b3603 or b2975
3249,EX_fe3hox_un_e_b,"Fe(III)hydoxamate, unloaded exchange",Exchange,Extracellular exchange,0.0,0.0,0.0,100000000.0,
3250,EX_23dappa_e_b,"2,3-diaminopropionate exchange",Exchange,Extracellular exchange,0.0,0.0,0.0,100000000.0,
3251,NH4tpp_b,Ammonia reversible transport (periplasm),Inner Membrane,Inorganic Ion Transport and Metabolism,0.0,0.0,0.0,22.0,s0001 or b0451
3252,NO2t2rpp_b,"Nitrite transport in via proton symport, reversible (periplasm)",Inner Membrane,Inorganic Ion Transport and Metabolism,28563.0,28563.0,28563.0,22.0,b1223 or b3367
3253,FRULYSDG_b,Fructoselysine phosphate deglycase,Cytoplasmic,Alternate Carbon Metabolism,38569.0,0.0,0.0,0.254816667,b3371
3254,PROt2rpp_b,L-proline reversible transport via proton symport (periplasm),Inner Membrane,"Transport, Inner Membrane",50216.0,50216.0,50216.0,22.0,b4111 or b0402
3255,EX_enter_e_b,Enterochelin exchange,Exchange,Extracellular exchange,0.0,0.0,0.0,100000000.0,
3256,EX_fecrm_un_e_b,Ferrichrome minus Fe(III) exchange,Exchange,Extracellular exchange,0.0,0.0,0.0,100000000.0,
3257,EX_cgly_e_b,Cys-Gly exchange,Exchange,Extracellular exchange,0.0,0.0,0.0,100000000.0,
3258,EX_chtbs_e_b,Chitobiose exchange,Exchange,Extracellular exchange,0.0,0.0,0.0,100000000.0,
3259,EX_gmp_e_b,GMP exchange,Exchange,Extracellular exchange,0.0,0.0,0.0,100000000.0,
3260,EX_h2o2_e_b,Hydrogen peroxide exchange,Exchange,Extracellular exchange,0.0,0.0,0.0,100000000.0,
3261,EX_ump_e_b,UMP exchange,Exchange,Extracellular exchange,0.0,0.0,0.0,100000000.0,
3262,EX_pydam_e_b,Pyridoxamine exchange,Exchange,Extracellular exchange,0.0,0.0,0.0,100000000.0,
3263,H2O2tex_b,Hydrogen peroxide transport via diffusion (external),Cytoplasmic,"Transport, Outer Membrane Porin",38922.0,0.0,0.0,100000000.0,b0241 or b0929 or b1377 or b2215
3264,ALLPI_b,Allose 6-phosphate isomerase,Cytoplasmic,Alternate Carbon Metabolism,16073.0,0.0,0.0,2100.0,b4090
3265,ALLULPE_b,Allulose 6-phosphate epimerase,Cytoplasmic,Alternate Carbon Metabolism,26109.0,0.0,0.0,9201.8125,b4085
3266,ADEtex_b,Adenine transport via diffusion (extracellular to periplasm),Cytoplasmic,"Transport, Outer Membrane Porin",38922.0,0.0,0.0,100000000.0,b0241 or b0929 or b1377 or b2215
3267,ADNtex_b,Adenosine transport via diffusion (extracellular to periplasm),Cytoplasmic,"Transport, Outer Membrane",33589.0,0.0,0.0,100000000.0,b0411
3268,AGMtex_b,Agmatine transport via diffusion (extracellular to periplasm),Cytoplasmic,"Transport, Outer Membrane Porin",38922.0,0.0,0.0,100000000.0,b0241 or b0929 or b1377 or b2215
3269,ALAtex_b,L-alanine transport via diffusion (extracellular to periplasm),Cytoplasmic,"Transport, Outer Membrane Porin",38922.0,0.0,0.0,100000000.0,b0241 or b1377 or b2215 or b0929
3270,BALAtex_b,Beta-alanine transport via diffusion (extracellular to periplasm),Cytoplasmic,"Transport, Outer Membrane Porin",38922.0,0.0,0.0,100000000.0,b0241 or b0929 or b1377 or b2215
3271,DALAtex_b,D-Alanine transport via diffusion (extracellular to periplasm),Cytoplasmic,"Transport, Outer Membrane Porin",38922.0,0.0,0.0,100000000.0,b0241 or b0929 or b1377 or b2215
3272,AMPtex_b,AMP transport via diffusion (extracellular to periplasm),Cytoplasmic,"Transport, Outer Membrane Porin",38922.0,0.0,0.0,100000000.0,b2215 or b0241 or b0929 or b1377
3273,ARBtex_b,L-arabinose transport via diffusion (extracellular to periplasm),Cytoplasmic,"Transport, Outer Membrane Porin",38922.0,0.0,0.0,100000000.0,b0241 or b0929 or b1377 or b2215
3274,ARGtex_b,L-arginine transport via diffusion (extracellular to periplasm),Cytoplasmic,"Transport, Outer Membrane Porin",38922.0,0.0,0.0,100000000.0,b0241 or b0929 or b1377 or b2215
3275,ASCBtex_b,L-ascorbate transport via diffusion (extracellular to periplasm),Cytoplasmic,"Transport, Outer Membrane Porin",38922.0,0.0,0.0,100000000.0,b0241 or b0929 or b1377 or b2215
3276,MMETtex_b,S-methyl-L-methionine transport via diffusion (extracellular to periplasm),Cytoplasmic,"Transport, Outer Membrane Porin",38922.0,0.0,0.0,100000000.0,b0241 or b0929 or b1377 or b2215
3277,FE3tex_b,Iron (III) transport via diffusion (extracellular to periplasm),Cytoplasmic,"Transport, Outer Membrane Porin",38922.0,0.0,0.0,100000000.0,b0241 or b0929 or b1377 or b2215
3278,MG2tex_b,Magnesium (Mg+2) transport via diffusion (extracellular to periplasm),Cytoplasmic,"Transport, Outer Membrane Porin",38922.0,0.0,0.0,100000000.0,b0241 or b0929 or b1377 or b2215
3279,Zn2tex_b,Zinc (Zn+2) transport via diffusion (extracellular to periplasm),Cytoplasmic,"Transport, Outer Membrane Porin",38922.0,0.0,0.0,100000000.0,b0241 or b0929 or b1377 or b2215
3280,CD2tex_b,Cadmium (Cd+2) transport via diffusion (extracellular to periplasm),Cytoplasmic,"Transport, Outer Membrane Porin",38922.0,0.0,0.0,100000000.0,b0241 or b0929 or b1377 or b2215
3281,GLUABUTt7pp_b,4-aminobutyrate/glutamate antiport (periplasm),Inner Membrane,"Transport, Inner Membrane",55077.0,55077.0,55077.0,22.0,b1492
3282,GLUt2rpp_b,"L-glutamate transport via proton symport, reversible (periplasm)",Inner Membrane,"Transport, Inner Membrane",47159.0,47159.0,47159.0,22.0,b4077
3283,GLYALDtpp_b,Glyceraldehyde facilitated diffusion (periplasm),Inner Membrane,"Transport, Inner Membrane",29780.0,29780.0,29780.0,100000000.0,b3927
3284,EX_etha_e_b,Ethanolamine exchange,Exchange,Extracellular exchange,0.0,0.0,0.0,100000000.0,
3285,DHPTPE_b,Dihydroneopterin triphosphate 2'-epimerase,Cytoplasmic,Cofactor and Prosthetic Group Biosynthesis,14082.0,0.0,0.0,933.676,b2303
3286,ASO3tex_b,Arsenite transport via diffusion (extracellular to periplasm),Cytoplasmic,"Transport, Outer Membrane Porin",38922.0,0.0,0.0,100000000.0,b0241 or b0929 or b1377 or b2215
3287,MANGLYCtex_b,2-O-alpha-mannosyl-D-glycerate transport via diffusion (extracellular to periplasm),Cytoplasmic,"Transport, Outer Membrane Porin",38922.0,0.0,0.0,100000000.0,b0241 or b0929 or b1377 or b2215
3288,EX_frulys_e_b,Fructoselysine exchange,Exchange,Extracellular exchange,0.0,0.0,0.0,100000000.0,
3289,FRUURt2rpp_b,"D-fructuronate transport via proton symport, reversible (periplasm)",Inner Membrane,"Transport, Inner Membrane",47138.0,47138.0,47138.0,22.0,b4321
3290,FRUURtex_b,D-fructuronate transport via diffusion (extracellular),Cytoplasmic,"Transport, Outer Membrane Porin",38922.0,0.0,0.0,100000000.0,b0241 or b0929 or b1377 or b2215
3291,GLYCAt2rpp_b,"D-glycerate transport via proton symport, reversible (periplasm)",Inner Membrane,"Transport, Inner Membrane",49009.0,49009.0,49009.0,22.0,b3127 or b2789
3292,GLYCAtex_b,D-glycerate transport via diffusion (extracellular to periplasm),Cytoplasmic,"Transport, Outer Membrane Porin",38922.0,0.0,0.0,100000000.0,b0241 or b0929 or b1377 or b2215
3293,EX_enlipa_e_b,Phosphoethanolamine KDO(2)-lipid (A) exchange,Exchange,Extracellular exchange,0.0,0.0,0.0,100000000.0,
3294,EX_hacolipa_e_b,Hepta-acylated core oligosaccharide lipid A (E. coli) exchange,Exchange,Extracellular exchange,0.0,0.0,0.0,100000000.0,
3295,FALDH2_b,Formaldehyde dehydrogenase,Cytoplasmic,Cofactor and Prosthetic Group Biosynthesis,39359.0,0.0,0.0,93.75,b0356
3296,GLYCtpp_b,Glycerol transport via channel (periplasm),Inner Membrane,"Transport, Inner Membrane",0.0,0.0,0.0,22.0,s0001 or b3927
3297,H2Otpp_b,H2O transport via diffusion (periplasm),Inner Membrane,"Transport, Inner Membrane",0.0,0.0,0.0,100000000.0,s0001 or b0875
3298,HCINNMt2rpp_b,"3-hydroxycinnamic acid transport via proton symport, reversible (periplasm)",Inner Membrane,"Transport, Inner Membrane",41551.0,41551.0,41551.0,22.0,b0353
3299,HISt2rpp_b,L-histidine reversible transport via proton symport (periplasm),Inner Membrane,"Transport, Inner Membrane",49690.0,49690.0,49690.0,22.0,b0112
3300,CBIAT_b,Cobinamide adenyltransferase,Cytoplasmic,Cofactor and Prosthetic Group Biosynthesis,21999.0,0.0,0.0,0.11,b1270
3301,COBALT2tex_b,Cobalt (Co+2) transport via diffusion (extracellular to periplasm),Cytoplasmic,"Transport, Outer Membrane Porin",38922.0,0.0,0.0,100000000.0,b0241 or b0929 or b1377 or b2215
3302,FALGTHLs_b,Formaldehyde glutathione ligase (spontaneous),Cytoplasmic,Cofactor and Prosthetic Group Biosynthesis,0.0,0.0,0.0,100000000.0,s0001
3303,DIMPtex_b,DIMP transport via diffusion (extracellular to periplasm),Cytoplasmic,"Transport, Outer Membrane Porin",38922.0,0.0,0.0,100000000.0,b0241 or b0929 or b1377 or b2215
3304,GALURt2rpp_b,"D-galacturonate transport via proton symport, reversible (periplasm)",Inner Membrane,"Transport, Inner Membrane",46892.0,46892.0,46892.0,22.0,b3093
3305,GLCNt2rpp_b,"D-gluconate transport via proton symport, reversible (periplasm)",Inner Membrane,"Transport, Inner Membrane",45967.0,45967.0,45967.0,22.0,b4321 or b4476 or b3415 or b4265
3306,GLCRt2rpp_b,"D-glucarate transport via proton symport, reversible (periplasm)",Inner Membrane,"Transport, Inner Membrane",49009.0,49009.0,49009.0,22.0,b3127 or b2789
3307,GLCURt2rpp_b,"D-glucuronate transport via proton symport, reversible (periplasm)",Inner Membrane,"Transport, Inner Membrane",33669.0,33669.0,33669.0,22.0,b3909 or b3093
3308,EX_h2o_e_b,H2O exchange,Exchange,Extracellular exchange,0.0,0.0,0.0,100000000.0,
3309,EX_ala__D_e_b,D-Alanine exchange,Exchange,Extracellular exchange,0.0,0.0,0.0,100000000.0,
3310,XTSNtex_b,Xanthosine transport via diffusion (extracellular to periplasm),Cytoplasmic,"Transport, Outer Membrane Porin",38922.0,0.0,0.0,100000000.0,b0241 or b0929 or b1377 or b2215
3311,EX_hdca_e_b,Hexadecanoate (n-C16:0) exchange,Exchange,Extracellular exchange,0.0,0.0,0.0,100000000.0,
3312,EX_glcr_e_b,D-Glucarate exchange,Exchange,Extracellular exchange,0.0,0.0,0.0,100000000.0,
3313,GLUDy_b,Glutamate dehydrogenase (NADP),Cytoplasmic,Glutamate Metabolism,48581.0,0.0,0.0,190.0,b1761 or (b3213 and b3212)
3314,UREAtpp_b,Urea transport via facilitate diffusion (periplasm),Inner Membrane,"Transport, Inner Membrane",29780.0,29780.0,29780.0,100000000.0,b3927
3315,PPPNt2rpp_b,"3-phenylpropionate transport via proton symport, reversible (periplasm)",Inner Membrane,"Transport, Inner Membrane",41593.0,41593.0,41593.0,22.0,b2536
3316,PTRCORNt7pp_b,Putrescine/ornithine antiporter (periplasm),Inner Membrane,"Transport, Inner Membrane",46495.0,46495.0,46495.0,22.0,b0692
3317,HG2tex_b,Mercury (Hg+2) transport via diffusion (extracellular to periplasm),Cytoplasmic,"Transport, Outer Membrane Porin",38922.0,0.0,0.0,100000000.0,b0241 or b0929 or b1377 or b2215
3318,EX_mnl_e_b,D-Mannitol exchange,Exchange,Extracellular exchange,0.0,0.0,0.0,100000000.0,
3319,DADNtex_b,Deoxyadenosine transport via diffusion (extracellular to periplasm),Cytoplasmic,"Transport, Outer Membrane",33589.0,0.0,0.0,100000000.0,b0411
3320,DHAtex_b,Dihydroxyacetone transport via diffusion (extracellular to periplasm),Cytoplasmic,"Transport, Outer Membrane Porin",38922.0,0.0,0.0,100000000.0,b0241 or b0929 or b1377 or b2215
3321,ETOHtex_b,Ethanol transport via diffusion (extracellular to periplasm),Cytoplasmic,"Transport, Outer Membrane Porin",38922.0,0.0,0.0,100000000.0,b0241 or b0929 or b1377 or b2215
3322,EX_asn__L_e_b,L-Asparagine exchange,Exchange,Extracellular exchange,0.0,0.0,0.0,100000000.0,
3323,EX_mal__L_e_b,L-Malate exchange,Exchange,Extracellular exchange,0.0,0.0,0.0,100000000.0,
3324,EX_no2_e_b,Nitrite exchange,Exchange,Extracellular exchange,0.0,0.0,0.0,100000000.0,
3325,HACD3_b,3-hydroxyacyl-CoA dehydrogenase (3-oxooctanoyl-CoA),Cytoplasmic,Membrane Lipid Metabolism,77072.0,0.0,0.0,0.004,b3846 or b2341
3326,ACACtex_b,Acetoacetate transport via diffusion (extracellular to periplasm),Cytoplasmic,"Transport, Outer Membrane Porin",38922.0,0.0,0.0,100000000.0,b0241 or b0929 or b1377 or b2215
3327,ACNAMtex_b,N-acetylneuraminate transport via diffusion (extracellular to periplasm),Cytoplasmic,"Transport, Outer Membrane",27888.0,0.0,0.0,100000000.0,b4311 or b0929 or b2215
3328,H2Stex_b,H2s transport via diffusion (extracellular to periplasm),Cytoplasmic,"Transport, Outer Membrane Porin",38922.0,0.0,0.0,100000000.0,b1377 or b2215 or b0241 or b0929
3329,E4PD_b,Erythrose 4-phosphate dehydrogenase,Cytoplasmic,Cofactor and Prosthetic Group Biosynthesis,35532.0,0.0,0.0,73.6,b2927 or b1779
3330,EX_nh4_e_b,Ammonia exchange,Exchange,Extracellular exchange,0.0,0.0,0.0,100000000.0,
3331,DADK_b,Deoxyadenylate kinase,Cytoplasmic,Nucleotide Salvage Pathway,23586.0,0.0,0.0,783.0,b0474
3332,EX_ddca_e_b,Dodecanoate (n-C12:0) exchange,Exchange,Extracellular exchange,0.0,0.0,0.0,100000000.0,
3333,EX_r5p_e_b,Alpha-D-Ribose 5-phosphate exchange,Exchange,Extracellular exchange,0.0,0.0,0.0,100000000.0,
3334,EX_glyc2p_e_b,Glycerol 2-phosphate exchange,Exchange,Extracellular exchange,0.0,0.0,0.0,100000000.0,
3335,EX_malt_e_b,Maltose exchange,Exchange,Extracellular exchange,0.0,0.0,0.0,100000000.0,
3336,4PEPTtex_b,LalaDgluMdapDala (pentapeptide) transport via diffusion (extracellular to periplasm),Cytoplasmic,"Transport, Outer Membrane Porin",38922.0,0.0,0.0,100000000.0,b0241 or b0929 or b1377 or b2215
3337,EX_pnto__R_e_b,(R)-Pantothenate exchange,Exchange,Extracellular exchange,0.0,0.0,0.0,100000000.0,
3338,CRNCAR_b,Carnitine-CoA racemase,Cytoplasmic,Oxidative Phosphorylation,28190.0,0.0,0.0,368.4865,b0036
3339,GLYCLTt2rpp_b,"Glycolate transport via proton symport, reversible (periplasm)",Inner Membrane,"Transport, Inner Membrane",50677.0,50677.0,50677.0,22.0,b3603 or b2975
3340,HPPPNt2rpp_b,"3-(3-hydroxyphenyl)propionate transport via proton symport, reversible (periplasm)",Inner Membrane,"Transport, Inner Membrane",41551.0,41551.0,41551.0,22.0,b0353
3341,DHFR_b,Dihydrofolate reductase,Cytoplasmic,Cofactor and Prosthetic Group Biosynthesis,17999.0,0.0,0.0,22.6,b1606 or b0048
3342,EX_cit_e_b,Citrate exchange,Exchange,Extracellular exchange,0.0,0.0,0.0,100000000.0,
3343,TYRTA_b,Tyrosine transaminase,Cytoplasmic,"Tyrosine, Tryptophan, and Phenylalanine Metabolism",34094.0,0.0,0.0,670.0,b4054 or b0928 or b3770
3344,EX_gam_e_b,D-Glucosamine exchange,Exchange,Extracellular exchange,0.0,0.0,0.0,100000000.0,
3345,EX_inost_e_b,Myo-Inositol exchange,Exchange,Extracellular exchange,0.0,0.0,0.0,100000000.0,
3346,EX_mobd_e_b,Molybdate exchange,Exchange,Extracellular exchange,0.0,0.0,0.0,100000000.0,
3347,EX_so4_e_b,Sulfate exchange,Exchange,Extracellular exchange,0.0,0.0,0.0,100000000.0,
3348,EX_phe__L_e_b,L-Phenylalanine exchange,Exchange,Extracellular exchange,0.0,0.0,0.0,100000000.0,
3349,EX_thr__L_e_b,L-Threonine exchange,Exchange,Extracellular exchange,0.0,0.0,0.0,100000000.0,
3350,EX_uri_e_b,Uridine exchange,Exchange,Extracellular exchange,0.0,0.0,0.0,100000000.0,
3351,EX_halipa_e_b,Hepta-acylated KDO(2)-lipid (A) exchange,Exchange,Extracellular exchange,0.0,0.0,0.0,100000000.0,
3352,EX_cmp_e_b,CMP exchange,Exchange,Extracellular exchange,0.0,0.0,0.0,100000000.0,
3353,EX_malthx_e_b,Maltohexaose exchange,Exchange,Extracellular exchange,0.0,0.0,0.0,100000000.0,
3354,PUNP4_b,Purine-nucleoside phosphorylase (Deoxyguanosine),Cytoplasmic,Nucleotide Salvage Pathway,25950.0,0.0,0.0,111.0,b2407 or b4384
3355,AMAOTr_b,Adenosylmethionine-8-amino-7-oxononanoate transaminase,Cytoplasmic,Cofactor and Prosthetic Group Biosynthesis,47336.0,0.0,0.0,0.283,b0774
3356,EX_csn_e_b,Cytosine exchange,Exchange,Extracellular exchange,0.0,0.0,0.0,100000000.0,
3357,EX_etoh_e_b,Ethanol exchange,Exchange,Extracellular exchange,0.0,0.0,0.0,100000000.0,
3358,EX_his__L_e_b,L-Histidine exchange,Exchange,Extracellular exchange,0.0,0.0,0.0,100000000.0,
3359,EX_k_e_b,K+ exchange,Exchange,Extracellular exchange,0.0,0.0,0.0,100000000.0,
3360,EX_na1_e_b,Sodium exchange,Exchange,Extracellular exchange,0.0,0.0,0.0,100000000.0,
3361,ARGORNt7pp_b,Arginine/ornithine antiporter (periplasm),Inner Membrane,"Transport, Inner Membrane",49501.0,49501.0,49501.0,22.0,b1605
3362,EX_dmso_e_b,Dimethyl sulfoxide exchange,Exchange,Extracellular exchange,0.0,0.0,0.0,100000000.0,
3363,EX_12ppd__S_e_b,"(S)-Propane-1,2-diol exchange",Exchange,Extracellular exchange,0.0,0.0,0.0,100000000.0,
3364,EX_pppn_e_b,Phenylpropanoate exchange,Exchange,Extracellular exchange,0.0,0.0,0.0,100000000.0,
3365,EX_acgam1p_e_b,N-Acetyl-D-glucosamine 1-phosphate exchange,Exchange,Extracellular exchange,0.0,0.0,0.0,100000000.0,
3366,EX_galt_e_b,Galactitol exchange,Exchange,Extracellular exchange,0.0,0.0,0.0,100000000.0,
3367,CU2tex_b,Copper (Cu+2) transport via diffusion (extracellular to periplasm),Cytoplasmic,"Transport, Outer Membrane Porin",38922.0,0.0,0.0,100000000.0,b1377 or b2215 or b0241 or b0929
3368,GLCATr_b,D-glucose O-acetyltransferase,Cytoplasmic,Alternate Carbon Metabolism,20096.0,0.0,0.0,109.4666667,b0459
3369,ALAALAr_b,D-alanine-D-alanine ligase (reversible),Cytoplasmic,Cell Envelope Biosynthesis,32840.0,0.0,0.0,14.7,b0381 or b0092
3370,CLtex_b,Chloride (Cl-1) transport via diffusion (extracellular to periplasm),Cytoplasmic,"Transport, Outer Membrane Porin",38922.0,0.0,0.0,100000000.0,b0241 or b0929 or b1377 or b2215
3371,ACACT1r_b,Acetyl-CoA C-acetyltransferase,Cytoplasmic,Membrane Lipid Metabolism,26242.0,0.0,0.0,47.4,b2224 or b2342 or b3845
3372,EX_glcur1p_e_b,D-Glucuronate 1-phosphate exchange,Exchange,Extracellular exchange,0.0,0.0,0.0,100000000.0,
3373,EX_thrp_e_b,L-Threonine O-3-phosphate exchange,Exchange,Extracellular exchange,0.0,0.0,0.0,100000000.0,
3374,EX_pydxn_e_b,Pyridoxine exchange,Exchange,Extracellular exchange,0.0,0.0,0.0,100000000.0,
3375,SUCOAS_b,Succinyl-CoA synthetase (ADP-forming),Cytoplasmic,Citric Acid Cycle,71170.0,0.0,0.0,201.0,b0729 and b0728
3376,GALKr_b,Galactokinase,Cytoplasmic,Alternate Carbon Metabolism,41442.0,0.0,0.0,0.195,b0757
3377,YUMPS_b,YUMP synthetase,Cytoplasmic,Purine and Pyrimidine Biosynthesis,32910.0,0.0,0.0,0.00833,b2165
3378,EX_cys__L_e_b,L-Cysteine exchange,Exchange,Extracellular exchange,0.0,0.0,0.0,100000000.0,
3379,EX_gsn_e_b,Guanosine exchange,Exchange,Extracellular exchange,0.0,0.0,0.0,100000000.0,
3380,EX_orot_e_b,Orotate exchange,Exchange,Extracellular exchange,0.0,0.0,0.0,100000000.0,
3381,ADSL1r_b,Adenylsuccinate lyase,Cytoplasmic,Purine and Pyrimidine Biosynthesis,51543.0,0.0,0.0,2.9,b1131
3382,AICART_b,Phosphoribosylaminoimidazolecarboxamide formyltransferase,Cytoplasmic,Purine and Pyrimidine Biosynthesis,57329.0,0.0,0.0,5.0,b4006
3383,PROtex_b,L-proline transport via diffusion (extracellular to periplasm),Cytoplasmic,"Transport, Outer Membrane Porin",38922.0,0.0,0.0,100000000.0,b1377 or b2215 or b0241 or b0929
3384,SBTtex_b,D-sorbitol transport via diffusion (extracellular to periplasm),Cytoplasmic,"Transport, Outer Membrane Porin",38922.0,0.0,0.0,100000000.0,b0241 or b0929 or b1377 or b2215
3385,PGM_b,Phosphoglycerate mutase,Cytoplasmic,Glycolysis/Gluconeogenesis,28556.0,0.0,0.0,275.0,b0755 or b3612
3386,TPI_b,Triose-phosphate isomerase,Cytoplasmic,Glycolysis/Gluconeogenesis,26972.0,0.0,0.0,9000.0,b3919
3387,RPI_b,Ribose-5-phosphate isomerase,Cytoplasmic,Pentose Phosphate Pathway,16073.0,0.0,0.0,8.0,b2914 or b4090
3388,PERD_b,Erythronate 4-phosphate (4per) dehydrogenase,Cytoplasmic,Cofactor and Prosthetic Group Biosynthesis,41368.0,0.0,0.0,1.0,b2320
3389,AKGtex_b,Alpha-ketoglutarate transport via diffusion (extracellular to periplasm),Cytoplasmic,"Transport, Outer Membrane Porin",38922.0,0.0,0.0,100000000.0,b0241 or b0929 or b1377 or b2215
3390,ALLTNtex_b,Allantoin transport via diffusion (extracellular to periplasm),Cytoplasmic,"Transport, Outer Membrane Porin",38922.0,0.0,0.0,100000000.0,b0241 or b0929 or b1377 or b2215
3391,ASNtex_b,L-asparagine transport via diffusion (extracellular to periplasm),Cytoplasmic,"Transport, Outer Membrane Porin",38922.0,0.0,0.0,100000000.0,b0241 or b0929 or b1377 or b2215
3392,EX_o2_e_b,O2 exchange,Exchange,Extracellular exchange,0.0,0.0,0.0,100000000.0,
3393,EX_gal_bD_e_b,Beta D-Galactose exchange,Exchange,Extracellular exchange,0.0,0.0,0.0,100000000.0,
3394,EX_dump_e_b,DUMP exchange,Exchange,Extracellular exchange,0.0,0.0,0.0,100000000.0,
3395,EX_o2s_e_b,Superoxide anion exchange,Exchange,Extracellular exchange,0.0,0.0,0.0,100000000.0,
3396,EX_gal1p_e_b,Alpha-D-Galactose 1-phosphate exchange,Exchange,Extracellular exchange,0.0,0.0,0.0,100000000.0,
3397,EX_dcmp_e_b,DCMP exchange,Exchange,Extracellular exchange,0.0,0.0,0.0,100000000.0,
3398,EX_23ccmp_e_b,"2',3'-Cyclic CMP exchange",Exchange,Extracellular exchange,0.0,0.0,0.0,100000000.0,
3399,EX_3cmp_e_b,3'-cmp exchange,Exchange,Extracellular exchange,0.0,0.0,0.0,100000000.0,
3400,ATHRDHr_b,L-allo-threonine dehydrogenase,Cytoplasmic,Threonine and Lysine Metabolism,27249.0,0.0,0.0,3.78,b1539
3401,LSERDHr_b,L-serine dehydrogenase,Cytoplasmic,Glycine and Serine Metabolism,27249.0,0.0,0.0,3.78,b1539
3402,DSERDHr_b,D-serine dehydrogenase,Cytoplasmic,Glycine and Serine Metabolism,27249.0,0.0,0.0,3.78,b1539
3403,EX_skm_e_b,Shikimate exchange,Exchange,Extracellular exchange,0.0,0.0,0.0,100000000.0,
3404,EX_ag_e_b,Silver exchange,Exchange,Extracellular exchange,0.0,0.0,0.0,100000000.0,
3405,EX_cys__D_e_b,D-Cysteine exchange,Exchange,Extracellular exchange,0.0,0.0,0.0,100000000.0,
3406,EX_acser_e_b,O-Acetyl-L-serine exchange,Exchange,Extracellular exchange,0.0,0.0,0.0,100000000.0,
3407,EX_cu_e_b,Cu+ exchange,Exchange,Extracellular exchange,0.0,0.0,0.0,100000000.0,
3408,EX_arbtn_e_b,Aerobactin minus Fe3 exchange,Exchange,Extracellular exchange,0.0,0.0,0.0,100000000.0,
3409,EX_dopa_e_b,Dopamine exchange,Exchange,Extracellular exchange,0.0,0.0,0.0,100000000.0,
3410,EX_hom__L_e_b,L-Homoserine exchange,Exchange,Extracellular exchange,0.0,0.0,0.0,100000000.0,
3411,EX_LalaDgluMdapDala_e_b,"L-alanine-D-glutamate-meso-2,6-diaminoheptanedioate-D-alanine exchange",Exchange,Extracellular exchange,0.0,0.0,0.0,100000000.0,
3412,EX_LalaDgluMdap_e_b,"L-alanine-D-glutamate-meso-2,6-diaminoheptanedioate exchange",Exchange,Extracellular exchange,0.0,0.0,0.0,100000000.0,
3413,EX_anhgm_e_b,N-Acetyl-D-glucosamine(anhydrous)N-Acetylmuramic acid exchange,Exchange,Extracellular exchange,0.0,0.0,0.0,100000000.0,
3414,EX_fald_e_b,Formaldehyde exchange,Exchange,Extracellular exchange,0.0,0.0,0.0,100000000.0,
3415,TYMtex_b,Tyramine transport via diffusion (extracellular to periplasm),Cytoplasmic,"Transport, Outer Membrane Porin",38922.0,0.0,0.0,100000000.0,b0241 or b0929 or b1377 or b2215
3416,EX_g3pe_e_b,Sn-Glycero-3-phosphoethanolamine exchange,Exchange,Extracellular exchange,0.0,0.0,0.0,100000000.0,
3417,EX_pacald_e_b,Phenylacetaldehyde exchange,Exchange,Extracellular exchange,0.0,0.0,0.0,100000000.0,
3418,CMPtex_b,CMP transport via diffusion (extracellular to periplasm),Cytoplasmic,"Transport, Outer Membrane Porin",38922.0,0.0,0.0,100000000.0,b0241 or b0929 or b1377 or b2215
3419,DUMPtex_b,DUMP transport via diffusion (extracellular to periplasm),Cytoplasmic,"Transport, Outer Membrane Porin",38922.0,0.0,0.0,100000000.0,b0241 or b0929 or b1377 or b2215
3420,XMPtex_b,XMP transport via diffusion (extracellular to periplasm),Cytoplasmic,"Transport, Outer Membrane Porin",38922.0,0.0,0.0,100000000.0,b0241 or b0929 or b1377 or b2215
3421,3PEPTtex_b,LalaDgluMdap (tripeptide) transport via diffusion (extracellular to periplasm),Cytoplasmic,"Transport, Outer Membrane Porin",38922.0,0.0,0.0,100000000.0,b0241 or b0929 or b1377 or b2215
3422,ANHGMtex_b,GlcNAc-anhMurNAc transport via diffusion (extracellular to periplasm),Cytoplasmic,"Transport, Outer Membrane Porin",38922.0,0.0,0.0,100000000.0,b0241 or b0929 or b1377 or b2215
3423,UDPKAAT_b,UDP-4''-ketopentose:UDP-4-amino-4-deoxy-L-arabinose aminotransferase,Cytoplasmic,Lipopolysaccharide Biosynthesis / Recycling,42238.0,0.0,0.0,278.0,b2253
3424,FALDtex_b,Formaldehyde transport via diffusion (extracellular to periplasm),Cytoplasmic,"Transport, Outer Membrane Porin",38922.0,0.0,0.0,100000000.0,b0241 or b0929 or b1377 or b2215
3425,MLTP1_b,Maltodextrin phosphorylase (maltopentaose),Inner Membrane,Alternate Carbon Metabolism,90522.0,90522.0,90522.0,0.001,b3417
3426,CYSDtex_b,D-cysteine transport via diffusion (extracellular to periplasm),Cytoplasmic,"Transport, Outer Membrane Porin",38922.0,0.0,0.0,100000000.0,b0241 or b0929 or b1377 or b2215
3427,EX_acgal_e_b,N-Acetyl-D-galactosamine exchange,Exchange,Extracellular exchange,0.0,0.0,0.0,100000000.0,
3428,EX_so2_e_b,Sulfur dioxide exchange,Exchange,Extracellular exchange,0.0,0.0,0.0,100000000.0,
3429,EX_dms_e_b,Dimethyl sulfide exchange,Exchange,Extracellular exchange,0.0,0.0,0.0,100000000.0,
3430,G3PItex_b,Glycero-3-phospho-1-inositol transport via diffusion (extracellular to periplasm),Cytoplasmic,"Transport, Outer Membrane Porin",38922.0,0.0,0.0,100000000.0,b0241 or b0929 or b1377 or b2215
3431,G3PGtex_b,Glycerophoglycerol transport via diffusion (extracellular to periplasm),Cytoplasmic,"Transport, Outer Membrane Porin",38922.0,0.0,0.0,100000000.0,b0241 or b0929 or b1377 or b2215
3432,G3PEtex_b,Glycero-3-phosphoethanolamine transport via diffusion (extracellular to periplasm),Cytoplasmic,"Transport, Outer Membrane Porin",38922.0,0.0,0.0,100000000.0,b0929 or b1377 or b2215 or b0241
3433,G3PCtex_b,Glycero-3-phosphocholine transport via diffusion (extracellular to periplasm),Cytoplasmic,"Transport, Outer Membrane Porin",38922.0,0.0,0.0,100000000.0,b0241 or b0929 or b1377 or b2215
3434,EX_acgal1p_e_b,N-Acetyl-D-galactosamine 1-phosphate exchange,Exchange,Extracellular exchange,0.0,0.0,0.0,100000000.0,
3435,EX_cyan_e_b,Hydrogen cyanide exchange,Exchange,Extracellular exchange,0.0,0.0,0.0,100000000.0,
3436,EX_tyrp_e_b,Phosphotyrosine exchange,Exchange,Extracellular exchange,0.0,0.0,0.0,100000000.0,
3437,EX_uacgam_e_b,UDP-N-acetyl-D-glucosamine exchange,Exchange,Extracellular exchange,0.0,0.0,0.0,100000000.0,
3438,EX_udpacgal_e_b,UDP-N-acetyl-D-galactosamine exchange,Exchange,Extracellular exchange,0.0,0.0,0.0,100000000.0,
3439,EX_udpg_e_b,UDPglucose exchange,Exchange,Extracellular exchange,0.0,0.0,0.0,100000000.0,
3440,EX_udpgal_e_b,UDPgalactose exchange,Exchange,Extracellular exchange,0.0,0.0,0.0,100000000.0,
3441,EX_udpglcur_e_b,UDP-D-glucuronate exchange,Exchange,Extracellular exchange,0.0,0.0,0.0,100000000.0,
3442,EX_14glucan_e_b,"1,4-alpha-D-glucan exchange",Exchange,Extracellular exchange,0.0,0.0,0.0,100000000.0,
3443,EX_pser__L_e_b,O-Phospho-L-serine exchange,Exchange,Extracellular exchange,0.0,0.0,0.0,100000000.0,
3444,EX_aso3_e_b,Arsenite exchange,Exchange,Extracellular exchange,0.0,0.0,0.0,100000000.0,
3445,EX_tcynt_e_b,Thiocyanate exchange,Exchange,Extracellular exchange,0.0,0.0,0.0,100000000.0,
3446,EX_fe3dhbzs_e_b,"Ferric 2,3-dihydroxybenzoylserine exchange",Exchange,Extracellular exchange,0.0,0.0,0.0,100000000.0,
3447,EX_feoxam_un_e_b,Ferroxamine minus Fe(3) exchange,Exchange,Extracellular exchange,0.0,0.0,0.0,100000000.0,
3448,EX_g3pc_e_b,Sn-Glycero-3-phosphocholine exchange,Exchange,Extracellular exchange,0.0,0.0,0.0,100000000.0,
3449,EX_g3pg_e_b,Glycerophosphoglycerol exchange,Exchange,Extracellular exchange,0.0,0.0,0.0,100000000.0,
3450,EX_g3pi_e_b,Sn-Glycero-3-phospho-1-inositol exchange,Exchange,Extracellular exchange,0.0,0.0,0.0,100000000.0,
3451,EX_g3ps_e_b,Glycerophosphoserine exchange,Exchange,Extracellular exchange,0.0,0.0,0.0,100000000.0,
3452,EX_peamn_e_b,Phenethylamine exchange,Exchange,Extracellular exchange,0.0,0.0,0.0,100000000.0,
3453,EX_34dhpac_e_b,"3,4-Dihydroxyphenylacetaldehyde exchange",Exchange,Extracellular exchange,0.0,0.0,0.0,100000000.0,
3454,DAMPtex_b,DAMP transport via diffusion (extracellular to periplasm),Cytoplasmic,"Transport, Outer Membrane Porin",38922.0,0.0,0.0,100000000.0,b0241 or b0929 or b1377 or b2215
3455,DCMPtex_b,DCMP transport via diffusion (extracellular to periplasm),Cytoplasmic,"Transport, Outer Membrane Porin",38922.0,0.0,0.0,100000000.0,b0241 or b0929 or b1377 or b2215
3456,DGMPtex_b,DGMP transport via diffusion (extracellular to periplasm),Cytoplasmic,"Transport, Outer Membrane Porin",38922.0,0.0,0.0,100000000.0,b0241 or b0929 or b1377 or b2215
3457,DTMPtex_b,DTMP transport via diffusion (extracellular to periplasm),Cytoplasmic,"Transport, Outer Membrane Porin",38922.0,0.0,0.0,100000000.0,b0241 or b0929 or b1377 or b2215
3458,GMPtex_b,GMP transport via diffusion (extracellular to periplasm),Cytoplasmic,"Transport, Outer Membrane Porin",38922.0,0.0,0.0,100000000.0,b2215 or b0241 or b0929 or b1377
3459,IMPtex_b,IMP transport via diffusion (extracellular to periplasm),Cytoplasmic,"Transport, Outer Membrane Porin",38922.0,0.0,0.0,100000000.0,b0241 or b0929 or b1377 or b2215
3460,UMPtex_b,UMP transport via diffusion (extracellular to periplasm),Cytoplasmic,"Transport, Outer Membrane Porin",38922.0,0.0,0.0,100000000.0,b0929 or b1377 or b2215 or b0241
3461,G1Ptex_b,D-glucose 1-phosphate transport via diffusion,Cytoplasmic,"Transport, Outer Membrane Porin",38922.0,0.0,0.0,100000000.0,b0241 or b0929 or b1377 or b2215
3462,SKMtex_b,Shikimate transport via diffusion (extracellular to periplasm),Cytoplasmic,"Transport, Outer Membrane Porin",38922.0,0.0,0.0,100000000.0,b0241 or b0929 or b1377 or b2215
3463,MNtex_b,Manganese (Mn+2) transport via diffusion (extracellular to periplasm),Cytoplasmic,"Transport, Outer Membrane Porin",38922.0,0.0,0.0,100000000.0,b0241 or b0929 or b1377 or b2215
3464,GAL1Ptex_b,D-galactose 1-phosphate transport via diffusion (extracellular to periplasm),Cytoplasmic,"Transport, Outer Membrane Porin",38922.0,0.0,0.0,100000000.0,b0241 or b0929 or b1377 or b2215
3465,O2Stex_b,Superoxide anion transport via diffusion (extracellular to periplasm),Cytoplasmic,"Transport, Outer Membrane Porin",38922.0,0.0,0.0,100000000.0,b1377 or b2215 or b0241 or b0929
3466,EX_xmp_e_b,Xanthosine 5'-phosphate exchange,Exchange,Extracellular exchange,0.0,0.0,0.0,100000000.0,
3467,EX_damp_e_b,DAMP exchange,Exchange,Extracellular exchange,0.0,0.0,0.0,100000000.0,
3468,EX_dimp_e_b,DIMP exchange,Exchange,Extracellular exchange,0.0,0.0,0.0,100000000.0,
3469,EX_isetac_e_b,Isethionic acid exchange,Exchange,Extracellular exchange,0.0,0.0,0.0,100000000.0,
3470,HOMtex_b,L-homoserine transport via diffusion (extracellular to periplasm),Cytoplasmic,"Transport, Outer Membrane Porin",38922.0,0.0,0.0,100000000.0,b0241 or b0929 or b1377 or b2215
3471,SO2tex_b,SO2 transport via diffusion (extracellular to periplasm),Cytoplasmic,"Transport, Outer Membrane Porin",38922.0,0.0,0.0,100000000.0,b0241 or b0929 or b1377 or b2215
3472,SO2tpp_b,SO2 transport via diffusion (periplasm),Inner Membrane,Inorganic Ion Transport and Metabolism,0.0,0.0,0.0,100000000.0,s0001
3473,ACSERtex_b,O-Acetyl-L-serine transport via diffusion (extracellular to periplasm),Cytoplasmic,"Transport, Outer Membrane Porin",38922.0,0.0,0.0,100000000.0,b1377 or b2215 or b0241 or b0929
3474,IPDDI_b,Isopentenyl-diphosphate D-isomerase,Cytoplasmic,Cofactor and Prosthetic Group Biosynthesis,20508.0,0.0,0.0,4.80625,b2889
3475,DURADx_b,Dihydrouracil dehydrogenase (NAD),Cytoplasmic,Nucleotide Salvage Pathway,89398.0,0.0,0.0,0.64,b2147 and b2146
3476,ECOAH7_b,3-hydroxyacyl-CoA dehydratase (3-hydroxyhexadecanoyl-CoA),Cytoplasmic,Membrane Lipid Metabolism,77072.0,0.0,0.0,7.5465,b2341 or b3846
3477,LDH_D_b,D-lactate dehydrogenase,Cytoplasmic,Pyruvate Metabolism,36535.0,0.0,0.0,525.0,b1380
3478,ALAALAtex_b,D-alanyl-D-alanine (DalaDala) transport via diffusion (extracellular to periplasm),Cytoplasmic,"Transport, Outer Membrane Porin",38922.0,0.0,0.0,100000000.0,b0241 or b0929 or b1377 or b2215
3479,T2DECAI_b,Trans-2-decenoyl-ACP isomerase,Cytoplasmic,Cell Envelope Biosynthesis,18969.0,0.0,0.0,15.0,b0954
3480,MALtex_b,Malate transport via diffusion (extracellular to periplasm),Cytoplasmic,"Transport, Outer Membrane Porin",38922.0,0.0,0.0,100000000.0,b0241 or b0929 or b1377 or b2215
3481,NO3tex_b,Nitrate transport via diffusion (extracellular to periplasm),Cytoplasmic,"Transport, Outer Membrane Porin",38922.0,0.0,0.0,100000000.0,b1377 or b0241 or b0929 or b2215
3482,HEXt2rpp_b,"Hexanoate transport via proton symport, reversible (periplasm)",Inner Membrane,"Transport, Inner Membrane",47528.0,47528.0,47528.0,22.0,b2223
3483,CLPNS180pp_b,"Cardiolipin synthase (periplasmic, n-C18:0)",Inner Membrane,Glycerophospholipid Metabolism,54822.0,54822.0,54822.0,0.025375,b1249 or b0789
3484,CLPNS181pp_b,"Cardiolipin synthase (periplasmic, n-C18:1)",Inner Membrane,Glycerophospholipid Metabolism,54822.0,54822.0,54822.0,0.025375,b1249 or b0789
3485,CLPNS120pp_b,"Cardiolipin synthase (periplasmic, n-C12:0)",Inner Membrane,Glycerophospholipid Metabolism,54822.0,54822.0,54822.0,0.025375,b0789 or b1249
3486,CLPNS160pp_b,"Cardiolipin synthase (periplasmic, n-C16:0)",Inner Membrane,Glycerophospholipid Metabolism,54822.0,54822.0,54822.0,0.025375,b0789 or b1249
3487,CLPNS161pp_b,"Cardiolipin synthase (periplasmic, n-C16:1)",Inner Membrane,Glycerophospholipid Metabolism,54822.0,54822.0,54822.0,0.025375,b1249 or b0789
3488,HPYRI_b,Hydroxypyruvate isomerase,Cytoplasmic,Alternate Carbon Metabolism,29377.0,0.0,0.0,1265.461667,b0508
3489,EX_dgmp_e_b,DGMP exchange,Exchange,Extracellular exchange,0.0,0.0,0.0,100000000.0,
3490,EX_4hoxpacd_e_b,4-Hydroxyphenylacetaldehyde exchange,Exchange,Extracellular exchange,0.0,0.0,0.0,100000000.0,
3491,GSNtex_b,Guanosine transport via diffusion (extracellular to periplasm),Cytoplasmic,"Transport, Outer Membrane Porin",38922.0,0.0,0.0,100000000.0,b0241 or b0929 or b1377 or b2215
3492,FORtex_b,Formate transport via diffusion (extracellular to periplasm),Cytoplasmic,"Transport, Outer Membrane Porin",38922.0,0.0,0.0,100000000.0,b0241 or b0929 or b1377 or b2215
3493,D_LACt2pp_b,D-lactate transport via proton symport (periplasm),Inner Membrane,"Transport, Inner Membrane",50677.0,50677.0,50677.0,22.0,b3603 or b2975
3494,RIBtex_b,Ribose transport via diffusion (extracellular to periplasm),Cytoplasmic,"Transport, Outer Membrane Porin",38922.0,0.0,0.0,100000000.0,b0241 or b0929 or b1377 or b2215
3495,THMtex_b,Thiamine transport via diffusion (extracellular to periplasm),Cytoplasmic,"Transport, Outer Membrane Porin",38922.0,0.0,0.0,100000000.0,b0241 or b0929 or b1377 or b2215
3496,XYLUtex_b,L-xylulose transport via diffusion (extracellular to periplasm),Cytoplasmic,"Transport, Outer Membrane Porin",38922.0,0.0,0.0,100000000.0,b0241 or b0929 or b1377 or b2215
3497,EX_manglyc_e_b,2(alpha-D-Mannosyl)-D-glycerate exchange,Exchange,Extracellular exchange,0.0,0.0,0.0,100000000.0,
3498,ALLtex_b,Allose transport via diffusion (extracellular to periplasm),Cytoplasmic,"Transport, Outer Membrane Porin",38922.0,0.0,0.0,100000000.0,b0929 or b0241 or b1377 or b2215
3499,EX_metsox_R__L_e_b,L-methionine-R-sulfoxide exchange,Exchange,Extracellular exchange,0.0,0.0,0.0,100000000.0,
3500,34dhpactex_b,Dihydroxyphenylacetaldehyde transport via diffusion (extracellular to periplasm),Cytoplasmic,"Transport, Outer Membrane Porin",38922.0,0.0,0.0,100000000.0,b0241 or b0929 or b1377 or b2215
3501,12PPDStpp_b,"(S)-Propane-1,2-diol facilitated transport (periplasm)",Inner Membrane,"Transport, Inner Membrane",0.0,0.0,0.0,100000000.0,
3502,EX_cl_e_b,Chloride exchange,Exchange,Extracellular exchange,0.0,0.0,0.0,100000000.0,
3503,H2tpp_b,Hydrogen transport diffusion (periplasm),Inner Membrane,"Transport, Inner Membrane",0.0,0.0,0.0,100000000.0,s0001
3504,23DAPPAtex_b,"2,3-diaminopropionate transport via diffusion",Cytoplasmic,"Transport, Outer Membrane Porin",38922.0,0.0,0.0,100000000.0,b0241 or b0929 or b1377 or b2215
3505,EX_3hpppn_e_b,3-(3-hydroxy-phenyl)propionate exchange,Exchange,Extracellular exchange,0.0,0.0,0.0,100000000.0,
3506,EX_man6p_e_b,D-Mannose 6-phosphate exchange,Exchange,Extracellular exchange,0.0,0.0,0.0,100000000.0,
3507,EX_tsul_e_b,Thiosulfate exchange,Exchange,Extracellular exchange,0.0,0.0,0.0,100000000.0,
3508,PHEt2rpp_b,L-phenylalanine reversible transport via proton symport (periplasm),Inner Membrane,"Transport, Inner Membrane",49690.0,49690.0,49690.0,22.0,b0576 or b0112
3509,EX_n2o_e_b,Nitrous oxide exchange,Exchange,Extracellular exchange,0.0,0.0,0.0,100000000.0,
3510,GUI2_b,Glucuronate isomerase (D-galacturonate),Cytoplasmic,Alternate Carbon Metabolism,53987.0,0.0,0.0,196.0,b3092
3511,EX_maltttr_e_b,Maltotetraose exchange,Exchange,Extracellular exchange,0.0,0.0,0.0,100000000.0,
3512,EX_lipoate_e_b,Lipoate exchange,Exchange,Extracellular exchange,0.0,0.0,0.0,100000000.0,
3513,EX_pydx_e_b,Pyridoxal exchange,Exchange,Extracellular exchange,0.0,0.0,0.0,100000000.0,
3514,EX_g1p_e_b,D-Glucose 1-phosphate exchange,Exchange,Extracellular exchange,0.0,0.0,0.0,100000000.0,
3515,GLCtex_copy2_b,Glucose transport via diffusion (extracellular to periplasm),Cytoplasmic,"Transport, Outer Membrane Porin",38922.0,0.0,0.0,100000000.0,b0241 or b0929 or b1377 or b2215
3516,EX_alaala_e_b,D-Alanyl-D-alanine exchange,Exchange,Extracellular exchange,0.0,0.0,0.0,100000000.0,
3517,EX_dtmp_e_b,DTMP exchange,Exchange,Extracellular exchange,0.0,0.0,0.0,100000000.0,
3518,12PPDRtpp_b,"(R)-Propane-1,2-diol facilitated transport (periplasm)",Inner Membrane,"Transport, Inner Membrane",0.0,0.0,0.0,100000000.0,
3519,3OAR120_b,3-oxoacyl-[acyl-carrier-protein] reductase (n-C12:0),Cytoplasmic,Cell Envelope Biosynthesis,25560.0,0.0,0.0,0.59,b1093
3520,PPALtex_b,Propanal transport via diffusion (extracellular to periplasm),Cytoplasmic,"Transport, Outer Membrane Porin",38922.0,0.0,0.0,100000000.0,b0241 or b0929 or b1377 or b2215
3521,CA2tex_b,Calcium (Ca+2) transport via diffusion (extracellular to periplasm),Cytoplasmic,"Transport, Outer Membrane Porin",38922.0,0.0,0.0,100000000.0,b0241 or b0929 or b1377 or b2215
3522,CUtex_b,Copper (Cu+1) transport via diffusion (extracellular to periplasm),Cytoplasmic,"Transport, Outer Membrane Porin",38922.0,0.0,0.0,100000000.0,b0241 or b0929 or b1377 or b2215
3523,12PPDRtex_b,"(R)-Propane-1,2-diol transport via diffusion (extracellular to periplasm)",Cytoplasmic,"Transport, Outer Membrane Porin",38922.0,0.0,0.0,100000000.0,b0241 or b0929 or b1377 or b2215
3524,F6Ptex_b,Fructose 6-phosphate transport via diffusion (extracellular to periplasm),Cytoplasmic,"Transport, Outer Membrane Porin",38922.0,0.0,0.0,100000000.0,b0241 or b0929 or b1377 or b2215
3525,GAMAN6Ptex_b,D-glucosamine 6-phosphate transport via diffusion (extracellular to periplasm),Cytoplasmic,"Transport, Outer Membrane Porin",38922.0,0.0,0.0,100000000.0,b0241 or b0929 or b1377 or b2215
3526,ACONIs_b,Aconitate isomerase (spontaneous),Cytoplasmic,Unassigned,0.0,0.0,0.0,100000000.0,s0001
3527,ACONTb_b,"Aconitase (half-reaction B, Isocitrate hydro-lyase)",Cytoplasmic,Citric Acid Cycle,93498.0,0.0,0.0,1.1,b0118 or b1276
3528,PPALtpp_b,Propanal transport via channel (periplasm),Inner Membrane,"Transport, Inner Membrane",0.0,0.0,0.0,100000000.0,
3529,PROGLYtex_b,L-Prolinylglycine transport via diffusion (extracellular to periplasm),Cytoplasmic,"Transport, Outer Membrane Porin",38922.0,0.0,0.0,100000000.0,b0241 or b0929 or b1377 or b2215
3530,EX_progly_e_b,L-Prolinylglycine exchange,Exchange,Extracellular exchange,0.0,0.0,0.0,100000000.0,
3531,MICITDr_b,2-methylisocitrate dehydratase,Cytoplasmic,Alternate Carbon Metabolism,93498.0,0.0,0.0,368.4865,b0118
3532,ACONTa_b,"Aconitase (half-reaction A, Citrate hydro-lyase)",Cytoplasmic,Citric Acid Cycle,93498.0,0.0,0.0,5.2,b0118 or b1276
3533,EX_12ppd__R_e_b,"(R)-Propane-1,2-diol exchange",Exchange,Extracellular exchange,0.0,0.0,0.0,100000000.0,
3534,3OAR140_b,3-oxoacyl-[acyl-carrier-protein] reductase (n-C14:0),Cytoplasmic,Cell Envelope Biosynthesis,25560.0,0.0,0.0,0.59,b1093
3535,3OAR160_b,3-oxoacyl-[acyl-carrier-protein] reductase (n-C16:0),Cytoplasmic,Cell Envelope Biosynthesis,25560.0,0.0,0.0,0.59,b1093
3536,CLPNS140pp_b,"Cardiolipin synthase (periplasmic, n-C14:0)",Inner Membrane,Glycerophospholipid Metabolism,54822.0,54822.0,54822.0,0.025375,b1249 or b0789
3537,CLPNS141pp_b,"Cardiolipin synthase (periplasmic, n-C14:1)",Inner Membrane,Glycerophospholipid Metabolism,54822.0,54822.0,54822.0,0.025375,b1249 or b0789
3538,CGLYtex_b,L-Cysteinylglycine transport via diffusion (extracellular to periplasm),Cytoplasmic,"Transport, Outer Membrane Porin",38922.0,0.0,0.0,100000000.0,b0241 or b0929 or b1377 or b2215
3539,3OAR60_b,3-oxoacyl-[acyl-carrier-protein] reductase (n-C6:0),Cytoplasmic,Cell Envelope Biosynthesis,25560.0,0.0,0.0,0.59,b1093
3540,3OAR80_b,3-oxoacyl-[acyl-carrier-protein] reductase (n-C8:0),Cytoplasmic,Cell Envelope Biosynthesis,25560.0,0.0,0.0,0.59,b1093
3541,EX_urate_e_b,Urate exchange,Exchange,Extracellular exchange,0.0,0.0,0.0,100000000.0,
3542,GTHOXtex_b,Glutathione (ox) transport via diffusion (extracellular to periplasm),Cytoplasmic,"Transport, Outer Membrane Porin",38922.0,0.0,0.0,100000000.0,b0241 or b0929 or b1377 or b2215
3543,3OAR40_b,3-oxoacyl-[acyl-carrier-protein] reductase (n-C4:0),Cytoplasmic,Cell Envelope Biosynthesis,25560.0,0.0,0.0,0.59,b1093
3544,3OAR100_b,3-oxoacyl-[acyl-carrier-protein] reductase (n-C10:0),Cytoplasmic,Cell Envelope Biosynthesis,25560.0,0.0,0.0,0.59,b1093
3545,EX_cpgn_un_e_b,Coprogen unloaded (no Fe(III)) exchange,Exchange,Extracellular exchange,0.0,0.0,0.0,100000000.0,
3546,3OAR180_b,3-oxoacyl-[acyl-carrier-protein] reductase (n-C18:0),Cytoplasmic,Cell Envelope Biosynthesis,25560.0,0.0,0.0,0.59,b1093
3547,GTHRDtex_b,Glutathione transport via diffusion (extracellular to periplasm),Cytoplasmic,"Transport, Outer Membrane Porin",38922.0,0.0,0.0,100000000.0,b0241 or b0929 or b1377 or b2215
3548,ACOAD7f_b,Acyl-CoA dehydrogenase (hexadecanoyl-CoA),Inner Membrane,Membrane Lipid Metabolism,89224.0,89224.0,89224.0,2.33,b0221
3549,ACOAD8f_b,Acyl-CoA dehydrogenase (octadecanoyl-CoA),Inner Membrane,Membrane Lipid Metabolism,89224.0,89224.0,89224.0,5.13,b0221
3550,ACOAD5f_b,Acyl-CoA dehydrogenase (dodecanoyl-CoA),Inner Membrane,Membrane Lipid Metabolism,89224.0,89224.0,89224.0,9.17,b0221
3551,ACOAD3f_b,Acyl-CoA dehydrogenase (octanoyl-CoA),Inner Membrane,Membrane Lipid Metabolism,89224.0,89224.0,89224.0,35.0,b0221
3552,ACOAD2f_b,Acyl-CoA dehydrogenase (hexanoyl-CoA),Inner Membrane,Membrane Lipid Metabolism,89224.0,89224.0,89224.0,782.8622222,b0221
3553,ACOAD4f_b,Acyl-CoA dehydrogenase (decanoyl-CoA),Inner Membrane,Membrane Lipid Metabolism,89224.0,89224.0,89224.0,782.8622222,b0221
3554,ACOAD6f_b,Acyl-CoA dehydrogenase (tetradecanoyl-CoA),Inner Membrane,Membrane Lipid Metabolism,89224.0,89224.0,89224.0,6.0,b0221
3555,EX_tartr__D_e_b,D-tartrate exchange,Exchange,Extracellular exchange,0.0,0.0,0.0,100000000.0,
3556,EX_tungs_e_b,Tungstate exchange,Exchange,Extracellular exchange,0.0,0.0,0.0,100000000.0,
3557,EX_crn__D_e_b,D-carnitine exchange,Exchange,Extracellular exchange,0.0,0.0,0.0,100000000.0,
3558,FRULYSE_b,Fructoselysine 3-epimerase,Cytoplasmic,Alternate Carbon Metabolism,30999.0,0.0,0.0,9201.8125,b4474
3559,EX_psclys_e_b,Psicoselysine exchange,Exchange,Extracellular exchange,0.0,0.0,0.0,100000000.0,
3560,TUNGStex_b,Tungstate transport via diffusion (extracellular to periplasm),Cytoplasmic,"Transport, Outer Membrane Porin",38922.0,0.0,0.0,100000000.0,b0929 or b2215 or b1377 or b0241
3561,CAt6pp_b,Calcium / sodium antiporter (1:1),Inner Membrane,Inorganic Ion Transport and Metabolism,34741.0,34741.0,34741.0,22.0,b3196
3562,5DGLCNt2rpp_b,"5-Dehydro-D-gluconate transport via proton symport, reversible (periplasm)",Inner Membrane,"Transport, Inner Membrane",46041.0,46041.0,46041.0,22.0,b4265
3563,GALCTNLtex_b,L-galactonate transport via diffusion (extracellular to periplasm),Cytoplasmic,"Transport, Outer Membrane Porin",38922.0,0.0,0.0,100000000.0,b2215 or b1377 or b0929 or b0241
3564,EX_galctn__L_e_b,L-Galactonate exchange,Exchange,Extracellular exchange,0.0,0.0,0.0,100000000.0,
3565,MALDtex_b,D-Malate transport via diffusion (extracellular to periplasm),Cytoplasmic,"Transport, Outer Membrane Porin",38922.0,0.0,0.0,100000000.0,b1377 or b2215 or b0241 or b0929
3566,OROTtex_b,Orotate transport via diffusion (extracellular to periplasm),Cytoplasmic,"Transport, Outer Membrane Porin",38922.0,0.0,0.0,100000000.0,b1377 or b0929 or b2215 or b0241
3567,5DGLCNtex_b,5-Dehydro-D-gluconate transport via diffusion (extracellular to periplasm),Cytoplasmic,"Transport, Outer Membrane Porin",38922.0,0.0,0.0,100000000.0,b1377 or b0241 or b0929 or b2215
3568,EX_5dglcn_e_b,5-Dehydro-D-gluconate exchange,Exchange,Extracellular exchange,0.0,0.0,0.0,100000000.0,
3569,PPAtex_b,Propionate transport via diffusion,Cytoplasmic,"Transport, Outer Membrane Porin",38922.0,0.0,0.0,100000000.0,b0241 or b1377 or b0929 or b2215
3570,PSCLYStex_b,Psicoselysine transporter via diffusion (extracellular),Cytoplasmic,"Transport, Outer Membrane Porin",38922.0,0.0,0.0,100000000.0,b0929 or b2215 or b1377 or b0241
3571,THYMtex_b,Thymine transport via diffusion (extracellular to periplasm),Cytoplasmic,"Transport, Outer Membrane Porin",38922.0,0.0,0.0,100000000.0,b0241 or b1377 or b2215 or b0929
3572,MG2t3_2pp_b,Magnesium (Mg+2) transport in/out via proton antiport (periplasm),Inner Membrane,Inorganic Ion Transport and Metabolism,0.0,0.0,0.0,100000000.0,
3573,EX_ppal_e_b,Propanal exchange,Exchange,Extracellular exchange,0.0,0.0,0.0,100000000.0,
3574,POR5_b,Pyruvate synthase,Cytoplasmic,Pyruvate Metabolism,148468.0,0.0,0.0,362.7222222,(b1378 and b0684) or (b1378 and b2895)
3575,HACD8_b,"3-hydroxyacyl-CoA dehydrogenase (3-oxooctadecanoyl-CoA), peroxisomal",Cytoplasmic,Membrane Lipid Metabolism,77072.0,0.0,0.0,0.004,b3846 or b2341
3576,CTECOAI8_b,3-cis-2-trans-enoyl-CoA isomerase,Cytoplasmic,Membrane Lipid Metabolism,79594.0,0.0,0.0,63.0,b3846
3577,CTECOAI6_b,3-cis-2-trans-enoyl-CoA isomerase,Cytoplasmic,Membrane Lipid Metabolism,79594.0,0.0,0.0,63.0,b3846
3578,EX_slnt_e_b,Selenite exchange,Exchange,Extracellular exchange,0.0,0.0,0.0,100000000.0,
3579,RFAMPtex_b,Rifampin transport via diffusion (extracellular to periplasm),Cytoplasmic,"Transport, Outer Membrane",0.0,0.0,0.0,100000000.0,s0001
3580,MINCYCtex_b,Minocycline transport via diffusion (extracellular to periplasm),Cytoplasmic,"Transport, Outer Membrane Porin",38922.0,0.0,0.0,100000000.0,b1377 or b0241 or b0929 or b2215
3581,DOXRBCNtex_b,Doxorubicin transport via diffusion (extracellular to periplasm),Cytoplasmic,"Transport, Outer Membrane Porin",38922.0,0.0,0.0,100000000.0,b0929 or b2215 or b1377 or b0241
3582,ETOHtrpp_b,Ethanol reversible transport via diffusion (periplasm),Inner Membrane,"Transport, Inner Membrane",0.0,0.0,0.0,100000000.0,s0001
3583,REPHACCOAI_b,"Ring 1,2-epoxyphenylacetyl-CoA isomerase (oxepin-CoA forming)",Cytoplasmic,Alternate Carbon Metabolism,28405.0,0.0,0.0,63.0,b1394
3584,DHNPTE_b,Dihydroneopterin epimerase,Cytoplasmic,Cofactor and Prosthetic Group Biosynthesis,13620.0,0.0,0.0,0.089,b3058
3585,CMtex_b,Chloramphenicol transport via diffusion (extracellular to periplasm),Cytoplasmic,"Transport, Outer Membrane Porin",38922.0,0.0,0.0,100000000.0,b2215 or b0929 or b1377 or b0241
3586,LALALGLUtex_b,L-alanyl-L-glutamate transport via diffusion (extracellular to periplasm),Cytoplasmic,"Transport, Outer Membrane Porin",38922.0,0.0,0.0,100000000.0,b1377 or b0241 or b0929 or b2215
3587,5MTRtex_b,5-Methylthio-D-ribose transport via proton diffusion (extracellular to periplasm),Cytoplasmic,"Transport, Outer Membrane Porin",38922.0,0.0,0.0,100000000.0,b1377 or b0929 or b2215 or b0241
3588,LALADGLUtex_b,L-alanyl-D-glutamate transport via diffusion (extracellular to periplasm),Cytoplasmic,"Transport, Outer Membrane Porin",38922.0,0.0,0.0,100000000.0,b2215 or b1377 or b0241 or b0929
3589,3HPPtex_b,3-hydroxypropionate transport via diffusion (extracellular to periplasm),Cytoplasmic,"Transport, Outer Membrane Porin",38922.0,0.0,0.0,100000000.0,b1377 or b0929 or b2215 or b0241
3590,EX_LalaDglu_e_b,L-alanine-D-glutamate exchange,Exchange,Extracellular exchange,0.0,0.0,0.0,100000000.0,
3591,EX_LalaLglu_e_b,L-alanine-L-glutamate exchange,Exchange,Extracellular exchange,0.0,0.0,0.0,100000000.0,
3592,EX_ttrcyc_e_b,Tetracycline exchange,Exchange,Extracellular exchange,0.0,0.0,0.0,100000000.0,
3593,EX_mincyc_e_b,Minocycline exchange,Exchange,Extracellular exchange,0.0,0.0,0.0,100000000.0,
3594,EX_doxrbcn_e_b,Doxorubicin exchange,Exchange,Extracellular exchange,0.0,0.0,0.0,100000000.0,
3595,EX_fusa_e_b,Fusidic acid exchange,Exchange,Extracellular exchange,0.0,0.0,0.0,100000000.0,
3596,EX_cm_e_b,Chloramphenicol exchange,Exchange,Extracellular exchange,0.0,0.0,0.0,100000000.0,
3597,EX_novbcn_e_b,Novobiocin exchange,Exchange,Extracellular exchange,0.0,0.0,0.0,100000000.0,
3598,FUSAtex_b,Fusidic acid transport via diffusion (extracellular to periplasm),Cytoplasmic,"Transport, Outer Membrane Porin",38922.0,0.0,0.0,100000000.0,b2215 or b0929 or b1377 or b0241
3599,NOVBCNtex_b,Novobiocin transport via diffusion (extracellular to periplasm),Cytoplasmic,"Transport, Outer Membrane",0.0,0.0,0.0,100000000.0,s0001
3600,EX_rfamp_e_b,Rifampin exchange,Exchange,Extracellular exchange,0.0,0.0,0.0,100000000.0,
3601,QUIN2tex_b,Quinate transport via diffusion (extracellular to periplasm),Cytoplasmic,"Transport, Outer Membrane Porin",38922.0,0.0,0.0,100000000.0,b2215 or b1377 or b0241 or b0929
3602,EX_quin_e_b,Quinate exchange,Exchange,Extracellular exchange,0.0,0.0,0.0,100000000.0,
3603,FORCT_b,Formyl-CoA Transferase,Cytoplasmic,Alternate Carbon Metabolism,45828.0,0.0,0.0,4.5,b2374
3604,EX_3hpp_e_b,3-Hydroxypropanoate exchange,Exchange,Extracellular exchange,0.0,0.0,0.0,100000000.0,
3605,HADPCOADH3_b,3-hydroxyadipyl-CoA dehydrogenase (NAD+),Cytoplasmic,Alternate Carbon Metabolism,51733.0,0.0,0.0,213.4339433,b1395
3606,ACACT8r_b,"Acetyl-CoA acyltransferase (hexadecanoyl-CoA), (r)",Cytoplasmic,Membrane Lipid Metabolism,26242.0,0.0,0.0,1.4,b2342 or b3845
3607,CTECOAI7_b,3-cis-2-trans-enoyl-CoA isomerase,Cytoplasmic,Membrane Lipid Metabolism,79594.0,0.0,0.0,63.0,b3846
3608,MEOHtrpp_b,Methanol reversible transport via diffusion (periplasm),Inner Membrane,"Transport, Inner Membrane",0.0,0.0,0.0,100000000.0,s0001
3609,SELtex_b,Selenate transport via diffusion (extracellular to periplasm),Cytoplasmic,"Transport, Outer Membrane Porin",38922.0,0.0,0.0,100000000.0,b1377 or b0929 or b2215 or b0241
3610,MEOHtex_b,Methanol transport via diffusion (extracellular to periplasm),Cytoplasmic,"Transport, Outer Membrane Porin",38922.0,0.0,0.0,100000000.0,b0929 or b1377 or b2215 or b0241
3611,EX_5mtr_e_b,5-Methylthio-D-ribose exchange,Exchange,Extracellular exchange,0.0,0.0,0.0,100000000.0,
3612,TTRCYCtex_b,Tetracycline transport via diffusion (extracellular to periplasm),Cytoplasmic,"Transport, Outer Membrane Porin",38922.0,0.0,0.0,100000000.0,b0929 or b0241 or b1377 or b2215
3613,DHACOAH_b,"2,3-dehydroadipyl-CoA hydratase",Cytoplasmic,Alternate Carbon Metabolism,27237.0,0.0,0.0,15.0,b1393
3614,SLNTtex_b,Selenite transport via diffusion (extracellular to periplasm),Cytoplasmic,"Transport, Outer Membrane Porin",38922.0,0.0,0.0,100000000.0,b1377 or b0929 or b2215 or b0241
3615,ALDD19xr_b,"Aldehyde dehydrogenase (phenylacetaldehyde, NAD)",Cytoplasmic,Alternate Carbon Metabolism,53699.0,0.0,0.0,26.7,b1385
3616,VPAMTr_b,Valine-pyruvate aminotransferase,Cytoplasmic,"Valine, Leucine, and Isoleucine Metabolism",46711.0,0.0,0.0,19.0,b3572
3617,CH4tex_b,Methane Transport(extracellular via diffusion),Cytoplasmic,"Transport, Outer Membrane",0.0,0.0,0.0,100000000.0,
3618,TARTRDtex_b,D-tartrate transport via diffusion (extracellular to periplasm),Cytoplasmic,"Transport, Outer Membrane Porin",38922.0,0.0,0.0,100000000.0,b1377 or b2215 or b0241 or b0929
3619,BTNtex_b,Biotin transport via diffusion (extracellular to periplasm),Cytoplasmic,"Transport, Outer Membrane Porin",38922.0,0.0,0.0,100000000.0,b2215 or b1377 or b0241 or b0929
3620,EX_arbt_e_b,Arbutin exchange,Exchange,Extracellular exchange,0.0,0.0,0.0,100000000.0,
3621,DMSOtpp_b,Dimethyl sulfoxide transport via diffusion (periplasm),Inner Membrane,"Transport, Inner Membrane",0.0,0.0,0.0,100000000.0,s0001
3622,PYDXtex_b,Pyridoxal transport via diffusion (extracellular),Cytoplasmic,"Transport, Outer Membrane Porin",38922.0,0.0,0.0,100000000.0,b2215 or b0929 or b1377 or b0241
3623,SUCASPtpp_b,Succinate:aspartate antiporter (periplasm),Inner Membrane,"Transport, Inner Membrane",45751.0,45751.0,45751.0,22.0,b4138 or b4123 or b0621
3624,SUCMALtpp_b,Succinate:malate antiporter (periplasm),Inner Membrane,"Transport, Inner Membrane",45751.0,45751.0,45751.0,22.0,b4138 or b4123 or b0621
3625,PYDXNtex_b,Pyridoxine transport via diffusion (extracellular),Cytoplasmic,"Transport, Outer Membrane Porin",38922.0,0.0,0.0,100000000.0,b2215 or b0929 or b1377 or b0241
3626,PYDAMtex_b,Pyridoxamine transport via diffusion (extracellular),Cytoplasmic,"Transport, Outer Membrane Porin",38922.0,0.0,0.0,100000000.0,b2215 or b0929 or b1377 or b0241
3627,13PPDH2_b,"1,3-propanediol dehydrogenase",Cytoplasmic,Alternate Carbon Metabolism,42097.0,0.0,0.0,113.1567,b3011
3628,SUCTARTtpp_b,Succinate:D-tartrate antiporter (periplasm),Inner Membrane,"Transport, Inner Membrane",47935.0,47935.0,47935.0,22.0,b4123
3629,CHTBStex_b,Chitobiose transport via diffusion (extracellular to periplasm),Cytoplasmic,"Transport, Outer Membrane Porin",38922.0,0.0,0.0,100000000.0,b2215 or b0929 or b1377 or b0241 or b0681
3630,GHBDHx_b,Gamma-hydroxybutyrate dehydrogenase (NADH),Cytoplasmic,Arginine and Proline Metabolism,31158.0,0.0,0.0,76.08846667,b3882
3631,APPLDHr_b,Aminopropanol dehydrogenase reversible,Cytoplasmic,Threonine and Lysine Metabolism,38712.0,0.0,0.0,3.3,b3945
3632,DHNPA2r_b,Dihydroneopterin aldolase reversible,Cytoplasmic,Cofactor and Prosthetic Group Biosynthesis,13620.0,0.0,0.0,0.089,b3058
3633,QUIN2tpp_b,Quinate transport (periplasm),Inner Membrane,"Transport, Inner Membrane",0.0,0.0,0.0,100000000.0,
3634,CRNDtex_b,D-carnitine transport via diffusion (extracellular to periplasm),Cytoplasmic,"Transport, Outer Membrane Porin",38922.0,0.0,0.0,100000000.0,b1377 or b2215 or b0241 or b0929
3635,NADHXE_b,NADHX epimerase,Cytoplasmic,Metabolite Repair,54650.0,0.0,0.0,0.33,b4167
3636,NADPHXE_b,NADPHX epimerase,Cytoplasmic,Metabolite Repair,54650.0,0.0,0.0,0.33,b4167
3637,DXYLONtpp_b,D-xylonate reversible tranposrt (periplasm),Inner Membrane,"Transport, Inner Membrane",0.0,0.0,0.0,100000000.0,
3638,DXYLTD_b,D-xylonate dehydratase,Cytoplasmic,Alternate Carbon Metabolism,69399.0,0.0,0.0,10.0,b0269 or b4297
3639,2DDARAA_b,2-dehydro-3-deoxy-D-arabinonate Aldolase,Cytoplasmic,Alternate Carbon Metabolism,32530.0,0.0,0.0,0.0121,b4298 or b0268
3640,DXYLONtex_b,D-xylonate transport via diffusion (extracellular),Cytoplasmic,"Transport, Outer Membrane Porin",39333.0,0.0,0.0,100000000.0,b1377 or b0929 or b2215
3641,PSURItex_b,Pseudouridine transport via diffusion (extracellular to periplasm),Cytoplasmic,"Transport, Outer Membrane Porin",38922.0,0.0,0.0,100000000.0,b0929 or b1377 or b2215 or b0241
3642,DHPStex_b,"2,3-dihydroxypropane 1-sulfonate transport via diffusion",Cytoplasmic,"Transport, Outer Membrane",27200.0,0.0,0.0,100000000.0,b3875
3643,FMNtex_b,"FMN transport, outer membrane",Cytoplasmic,"Transport, Outer Membrane",38922.0,0.0,0.0,22.0,b0929 or b0241 or b2215 or b1377
3644,EX_dxylnt_e_b,D-Xylonate exchange,Exchange,Extracellular exchange,0.0,0.0,0.0,100000000.0,
3645,CLBtex_b,Cellobiose transport transport via diffusion extracellular to periplasm ,Cytoplasmic,"Transport, Outer Membrane",38922.0,0.0,0.0,100000000.0,b0241 or b1377 or b0929 or b2215
3646,ACOXT_b,Acetyl-CoA:oxalate CoA-transferase,Cytoplasmic,Membrane Lipid Metabolism,41671.0,0.0,0.0,11.0,b2371
3647,EX_mththf_e_b,"(2R,4S)-2-methyl-2,3,3,4-tetrahydroxytetrahydrofuran exchange",Exchange,Extracellular exchange,0.0,0.0,0.0,100000000.0,
3648,4ABZGLUH_b,P-aminobenzoyl-glutamate hydrolase,Cytoplasmic,Cofactor and Prosthetic Group Biosynthesis,98782.0,0.0,0.0,1515.25,b1337 and b1338
3649,4ABZGLUtr_b,P-aminobenzoyl glutamate:H+ symporter,Inner Membrane,"Transport, Inner Membrane",54886.0,54886.0,54886.0,22.0,b1336
3650,PCNO_b,Propanoyl-CoA:NADP+ 2-oxidoreductase,Cytoplasmic,Alternate Carbon Metabolism,34724.0,0.0,0.0,45.0,b3253
3651,5DKGR_b,5-keto-D-gluconate 5-reductase,Cytoplasmic,Alternate Carbon Metabolism,27070.0,0.0,0.0,0.024,b2842 or b4266
3652,GLYtpp_b,Glycine transport via facillitated diffusion,Inner Membrane,"Transport, Inner Membrane",29780.0,29780.0,29780.0,100000000.0,b3927
3653,FADtex_b,"FAD transport, outer membrane",Cytoplasmic,"Transport, Outer Membrane",38922.0,0.0,0.0,22.0,b0241 or b2215 or b1377 or b0929
3654,LKDRA_b,2-keto-3-deoxy-L-rhamnonate aldolase,Cytoplasmic,Alternate Carbon Metabolism,28916.0,0.0,0.0,0.3,b2245
3655,METNA_b,L-amino acid N-acyltransferase,Cytoplasmic,Methionine Metabolism,19248.0,0.0,0.0,109.4666667,b1448
3656,2DGLCtex_b,2-Deoxy-D-glucose transport via diffusion (extracellular),Cytoplasmic,"Transport, Outer Membrane",38922.0,0.0,0.0,100000000.0,b1377 or b0241 or b2215 or b0929
3657,PUACGAMS_b,"Poly-?-1,6-N-acetyl-D-glucosamine synthase",Inner Membrane,Cell Envelope Biosynthesis,66848.0,66848.0,66848.0,0.338783333,b1021 and b1022
3658,SQtex_b,Sulphoquinovose transport via diffusion,Cytoplasmic,"Transport, Outer Membrane",27200.0,0.0,0.0,100000000.0,b3875
3659,EX_dhps_e_b,"2,3-Dihydroxypropane-1-sulfonate exchange",Exchange,Extracellular exchange,0.0,0.0,0.0,100000000.0,
3660,URATEtex_b,Uric acid transport,Cytoplasmic,"Transport, Outer Membrane Porin",38922.0,0.0,0.0,22.0,b2215 or b0241 or b0929 or b1377
3661,EX_cs1_e_b,Cesium ion exchange,Exchange,Extracellular exchange,0.0,0.0,0.0,100000000.0,
3662,ARHGDx_b,(R)-alpha-hydroxyglutarate dehydrogenase,Cytoplasmic,Glycine and Serine Metabolism,44176.0,0.0,0.0,16.82075,b2913
3663,EX_mepn_e_b,Methylphosphonic acid exchange,Exchange,Extracellular exchange,0.0,0.0,0.0,100000000.0,
3664,INOSTO_b,Myo-Inositol:oxygen oxidoreductase,Cytoplasmic,Alternate Carbon Metabolism,61164.0,0.0,0.0,3.7015,b3488
3665,Ftex_b,Fluoride transport via diffusion,Cytoplasmic,"Transport, Outer Membrane Porin",38922.0,0.0,0.0,100000000.0,b0241 or b0929 or b2215 or b1377
3666,CYSItex_b,L cystine transport via diffusion extracellular to periplasm ,Cytoplasmic,"Transport, Outer Membrane Porin",38922.0,0.0,0.0,100000000.0,b0929 or b0241 or b1377 or b2215
3667,EX_sq_e_b,Sulphoquinovose exchange,Exchange,Extracellular exchange,0.0,0.0,0.0,100000000.0,
3668,CS1tex_b,Cesium transport via diffusion,Cytoplasmic,"Transport, Outer Membrane",38922.0,0.0,0.0,100000000.0,b0929 or b2215 or b0241 or b1377
3669,MEPNtex_b,Methylphosphonic acid transport via diffusion (extracellular to periplasm),Cytoplasmic,"Transport, Outer Membrane",38922.0,0.0,0.0,100000000.0,b0929 or b0241 or b2215 or b1377
3670,UDPGPT_b,Undecaprenyl-phosphate glucose phosphotransferase,Inner Membrane,Cell Envelope Biosynthesis,52408.0,52408.0,52408.0,1.0,b2047
3671,EX_4abzglu_e_b,4-aminobenzoyl-glutamate exchange,Exchange,Extracellular exchange,0.0,0.0,0.0,100000000.0,
3672,4ABZGLUtex_b,P-aminobenzoyl glutamate transport via diffusion (extracellular to periplasm),Cytoplasmic,"Transport, Outer Membrane",38922.0,0.0,0.0,100000000.0,b0241 or b1377 or b2215 or b0929
3673,EX_metglcur_e_b,1-O-methyl-Beta-D-glucuronate exchange,Exchange,Extracellular exchange,0.0,0.0,0.0,100000000.0,
3674,4HTHRA_b,4-hydroxy-L-threonine aldolase,Cytoplasmic,Glycine and Serine Metabolism,36495.0,0.0,0.0,1.44,b0870
3675,METGLCURtex_b,1-O-methyl-Beta-D-glucuronate via diffusion (extracellular),Cytoplasmic,"Transport, Outer Membrane",38922.0,0.0,0.0,100000000.0,b1377 or b0241 or b2215 or b0929
3676,AI2tex_b,"Ai2 transport, outer membrane",Cytoplasmic,"Transport, Outer Membrane",38922.0,0.0,0.0,22.0,b2215 or b0929 or b0241 or b1377
3677,RHMND_b,L-rhamnonate dehydratase,Cytoplasmic,Alternate Carbon Metabolism,44226.0,0.0,0.0,0.02,b2247
3678,EX_2dglc_e_b,2-Deoxy-D-glucose exchange,Exchange,Extracellular exchange,0.0,0.0,0.0,100000000.0,
3679,ASPtpp_b,L-aspartate uptake via facillitated diffusion,Inner Membrane,"Transport, Inner Membrane",59429.0,59429.0,59429.0,100000000.0,b1206
3680,FUMt1pp_b,Fumarate transport via diffusion in (periplasm),Inner Membrane,"Transport, Inner Membrane",59429.0,59429.0,59429.0,100000000.0,b1206
3681,SUCCt1pp_b,Succinate transport via diffusion in (periplasm),Inner Membrane,"Transport, Inner Membrane",59429.0,59429.0,59429.0,100000000.0,b1206
