iteration,gamma,acetate_threshold,max_growth_rate
1,1.0,0.7038322245510787,0.9664737801193765
2,1.0,0.7112180497615692,0.9947474867209889
3,1.0,0.7052984816401134,0.9416951092303952
4,1.0,0.7428026036810687,0.8689024445457091
5,1.0,0.6114813719424695,0.9040186002904316
6,1.0,0.4009646382867687,0.8462231419247643
7,1.0,0.7102136050548941,0.8780710845091653
8,1.0,0.7420987348172043,0.9614149120876582
9,1.0,0.7468284210602281,1.0852503403272376
10,1.0,0.6272717124134897,0.8975943300130672
11,1.0,0.7448885136316457,1.0190914982921941
12,1.0,0.38902637569639553,0.9637929927590307
13,1.0,0.6784381277522248,0.9539034521087525
14,1.0,0.6455857306399502,0.9373785049369093
15,1.0,0.7492369427990863,1.0020437961661637
16,1.0,0.5229467502386604,0.9019964603527736
17,1.0,0.7476896215174845,0.9841327158257439
18,1.0,0.7517521546612689,0.989713020267532
19,1.0,0.5604206081067971,0.9074479860862423
20,1.0,0.7401446192571263,0.9466946357599056
21,1.0,0.7020795381642585,0.8735170388461494
22,1.0,0.684661783215955,0.9218128216093755
23,1.0,0.4002620908954045,0.8712750070175663
24,1.0,0.7399139807130302,0.9791522025168498
25,1.0,0.7340057641232648,0.925475989392653
26,1.0,0.3365029352189534,0.8192255747050423
27,1.0,0.7337587000902926,0.9007172540719924
28,1.0,0.4695581876152017,0.8808905755321571
29,1.0,0.5678887907581737,0.8491737164276387
30,1.0,0.7496138557934249,0.9822724697621653
31,1.0,0.7470179729210462,0.98057069268875
32,1.0,0.6437788772104985,0.9841822322781599
33,1.0,0.7480438147200471,0.9232584956322623
34,1.0,0.554795748764632,0.8934088411245479
35,1.0,0.6937292847173763,0.9291898840917406
36,1.0,0.33930422664945503,0.8792595440660566
37,1.0,0.7025936293135703,0.9459966997745134
38,1.0,0.7363679728948234,0.9459723374197408
39,1.0,0.642051458672596,0.9046387372924589
40,1.0,0.5860130688829609,0.8582505600635529
41,1.0,0.6911057124834507,0.8923421507928638
42,1.0,0.5171279598808745,0.879587310228622
43,1.0,0.745254316689442,0.9522403919837553
44,1.0,0.5464178107837856,0.9189200962772132
45,1.0,0.6088882177289356,0.91943523227017
46,1.0,0.7420357237262858,0.9531550179736963
47,1.0,0.5565072797593905,0.9887409245649399
48,1.0,0.4348353556931891,0.9311460429765142
49,1.0,0.61853810129802,0.9689968999651748
50,1.0,0.7495970330834767,0.9968682114536636
51,1.0,0.7106580527507125,0.9937203820309747
52,1.0,0.5750004173629615,0.8791802879498003
53,1.0,0.6590776399462616,0.8403390190389959
54,1.0,0.7407752150563722,0.994612864909774
55,1.0,0.6172109701903706,0.9088234627367651
56,1.0,0.7440680660510673,1.048751772933142
57,1.0,0.7350425166557436,1.0262378554464753
58,1.0,0.7560837413367038,1.0776998655432963
59,1.0,0.6620370664551739,0.8055681654616247
60,1.0,0.7455975394778097,0.8836400461541593
61,1.0,0.6612331435773375,0.8683648922031756
62,1.0,0.7513686771707216,0.9982006097543794
63,1.0,0.7105224954828143,0.8994664747724267
64,1.0,0.7523052521261047,1.0723939723983131
65,1.0,0.6615068903420214,0.9110239168292723
66,1.0,0.3358621521986669,0.9582236789652951
67,1.0,0.6293911298898007,0.9890361131266302
68,1.0,0.709507790442252,0.8989264693652222
69,1.0,0.3853256834259919,0.8841755529182647
70,1.0,0.7553257133160092,1.093891437949724
71,1.0,0.7457461216337242,1.0179054975960826
72,1.0,0.7517135337716052,1.017425266723233
73,1.0,0.683058661424612,0.9462893554920294
74,1.0,0.7520885590816868,1.0021046492337784
75,1.0,0.6970852686709837,0.9585764279232261
76,1.0,0.7400560132347015,1.0483487960502187
77,1.0,0.7521905669648064,1.0840347050865193
78,1.0,0.7419067511077618,1.0407300582813535
79,1.0,0.6610463099459014,0.8357862984816278
80,1.0,0.5157355776954534,0.9623401714044041
81,1.0,0.55795426261521,0.9158107349468176
82,1.0,0.753797907904255,1.035967433928742
83,1.0,0.6745999404564142,0.8674455124860111
84,1.0,0.7042028572658877,0.9326946290875401
85,1.0,0.6735525981790903,0.9428795467102882
86,1.0,0.7516197563513671,1.01240627419173
87,1.0,0.6629922389797026,0.9275651147611224
88,1.0,0.5938662368362345,0.9487157329251553
89,1.0,0.434339835079414,0.987157591526977
90,1.0,0.7521994462370245,1.069862788320889
91,1.0,0.5074815057326277,0.899673840758669
92,1.0,0.7489019199249708,1.0293232271562267
93,1.0,0.6311588843369385,0.9380205973510268
94,1.0,0.6266720598149645,0.8731074476778811
95,1.0,0.5705508224264809,0.8343008442495977
96,1.0,0.7443188321796728,0.9611913608751324
97,1.0,0.5136837690238568,0.8960624901986306
98,1.0,0.667172996237509,0.9224968689721673
99,1.0,0.6883972757768969,0.9401729191857467
100,1.0,0.6178170929895225,0.8808888882127661
101,1.0,0.6117916652421843,0.9318720992452616
102,1.0,0.6820022051758164,0.968315055507332
103,1.0,0.5961616428113796,0.9416640176034076
104,1.0,0.750757909559629,1.0136352511537576
105,1.0,0.7450266714886196,0.9505352278570245
106,1.0,0.45443082729576567,0.8878684840078819
107,1.0,0.7517216852309776,1.0137495688071556
108,1.0,0.4458712475409708,0.8446764389359754
109,1.0,0.5947662330064875,0.7380818804018626
110,1.0,0.4966520808105773,0.913305431357007
111,1.0,0.27686515533478173,0.9050028898585266
112,1.0,0.6063467978506951,0.7787395817501422
113,1.0,0.5828923300955228,0.8831114014279843
114,1.0,0.7516972885226966,1.0239299339482573
115,1.0,0.7105423866703523,1.0137339880009437
116,1.0,0.7112771619660723,0.9313489577286771
117,1.0,0.7484830573983265,1.0820426698485102
118,1.0,0.7349212354311075,0.9765573887672618
119,1.0,0.7472004370570646,1.0264745010834027
120,1.0,0.7512676732530624,1.0035773893245714
121,1.0,0.4334433969706162,0.7806832237708562
122,1.0,0.741226493345516,0.9745524619015237
123,1.0,0.6082681038431971,0.9146820433358941
124,1.0,0.657625709128133,0.7946992083798652
125,1.0,0.6569564381460289,0.9080623009007669
126,1.0,0.7427353550951111,0.8628827240368592
127,1.0,0.6749225061742344,0.9331802897783382
128,1.0,0.45358820282426254,0.8526415283474208
129,1.0,0.6191695609246156,0.8307234913494789
130,1.0,0.6798699510603361,0.9308157782095996
131,1.0,0.7476464615532623,0.9420325274687875
132,1.0,0.5831098234046053,0.9441431323980713
133,1.0,0.5803769154521482,0.8919440384487867
134,1.0,0.741421476577174,0.9373692273864139
135,1.0,0.70018508759008,0.9633893850504247
136,1.0,0.28590325330766936,0.9201865490661312
137,1.0,0.5663640571109101,0.8856330716859776
138,1.0,0.7412431859093316,0.9876704971386251
139,1.0,0.7426445521273268,1.0202838497963924
140,1.0,0.6992565693383888,0.9380217070190688
141,1.0,0.748844942656678,0.9727657162344746
142,1.0,0.4508725350085384,0.7909867727486335
143,1.0,0.6250278329833758,0.8098429279183819
144,1.0,0.744011337613606,0.9862105751663103
145,1.0,0.6057551256437547,0.9214940257922208
146,1.0,0.564111007809947,0.846995457165922
147,1.0,0.1411994995453142,0.968856947616843
148,1.0,0.6069446596983971,0.9289512274222187
149,1.0,0.6016509649618323,0.9090240009949793
150,1.0,0.6399500845022597,0.9546223623924585
151,1.0,0.7437055527392427,1.0485518206588724
152,1.0,0.7405893921934752,1.017157610530491
153,1.0,0.5498427295463046,0.8933251444869463
154,1.0,0.7374857985569788,0.9501966984325512
155,1.0,0.6419733131395635,0.8736075427955754
156,1.0,0.745824885635995,0.9380418588906422
157,1.0,0.7453975583920086,0.9687086704501958
158,1.0,0.5183823943036661,0.9234173333105454
159,1.0,0.6076748965837612,0.7418267674826045
160,1.0,0.582989092925116,0.8265066886983935
161,1.0,0.7026998689332822,1.0261217093838988
162,1.0,0.628720395888226,0.7789032354623817
163,1.0,0.7469684224304359,0.9361339560772127
164,1.0,0.5689037357196892,0.8341655187563255
165,1.0,0.7479989422251326,0.990816760317933
166,1.0,0.7438781771364273,1.0174202599720577
167,1.0,0.7020507929316462,0.8947234500880058
168,1.0,0.6752205415178011,0.9638708567514392
169,1.0,0.4415536329909599,0.8823842716490667
170,1.0,0.7461928171407584,1.0100046331946837
171,1.0,0.7438509271860657,1.024711741341534
172,1.0,0.48718871245706313,0.9103326431488349
173,1.0,0.7412510227519632,1.036836810636891
174,1.0,0.7414697266463629,0.999050070648176
175,1.0,0.7363411512987241,0.9500816650328069
176,1.0,0.4432844958825246,0.9292436242051586
177,1.0,0.6708870298503735,0.9871721824323987
178,1.0,0.7489516814041541,1.029925348889595
179,1.0,0.5956455027001265,0.9296307858419801
180,1.0,0.7478536224338249,0.9767401810966717
181,1.0,0.7500269280891353,0.9922686653068251
182,1.0,0.6781305532519675,0.8463607497733722
183,1.0,0.7457690621514353,0.9563034571727405
184,1.0,0.5282989175257585,0.8756072904072006
185,1.0,0.7476409224161894,0.9639138850215616
186,1.0,0.6842983438212239,0.8438226123629848
187,1.0,0.7456977242490549,1.033264960811206
188,1.0,0.5691736304363367,0.8180766265738495
189,1.0,0.7459757982392765,0.9485390586792671
190,1.0,0.5561030700153096,0.9656282447493276
191,1.0,0.740248860816556,0.9963746604095621
192,1.0,0.6377365372342243,0.9092482111065635
193,1.0,0.6656863211893681,0.8215620844658966
194,1.0,0.6268746703359237,0.9501270068102309
195,1.0,0.5015770931008162,0.9045473376314774
196,1.0,0.7467532586556765,0.9605760953053922
197,1.0,0.7538592470745394,1.078601355513244
198,1.0,0.733309597310876,0.8616487082220766
199,1.0,0.7407687955487574,0.9578978788236374
200,1.0,0.7419501212673693,0.9169051727619902
201,1.0,0.6323941238927617,0.9675613575474471
202,1.0,0.6306664732213295,0.8635959166486155
203,1.0,0.7478832814539341,0.9369920030555946
204,1.0,0.6631428447616504,0.8803788280032094
205,1.0,0.5637832670947057,0.7998691097736885
206,1.0,0.620078757884017,0.9028869773317301
207,1.0,0.5047246234084859,0.9207793695778081
208,1.0,0.5857678737518862,0.9589082139090382
209,1.0,0.6625046456234808,0.8948486535198558
210,1.0,0.7456748352305584,0.9562242019465134
211,1.0,0.6568240309454733,0.9645922027048338
212,1.0,0.69411721630905,0.8268905668770336
213,1.0,0.7534833640434612,1.049677235533877
214,1.0,0.6307880262954639,0.8669700770098709
215,1.0,0.744545854308673,1.0160970002567242
216,1.0,0.7421349021262174,1.0175380031722479
217,1.0,0.7459746250070054,0.9580707740362763
218,1.0,0.6827242826762525,0.9225998263040812
219,1.0,0.634089226936621,0.9467194036967754
220,1.0,0.6827126140369996,0.8539890063426987
221,1.0,0.2554568992340946,0.8802131929493044
222,1.0,0.6991209408658317,0.9866387543774949
223,1.0,0.2200443813769121,0.8282982097542653
224,1.0,0.6050293914719634,0.7635338404759852
225,1.0,0.3325584763865537,0.8408257294237023
226,1.0,0.7546214165813284,1.0691204779302108
227,1.0,0.7475126666554232,1.034654564685651
228,1.0,0.5678621314711447,0.8977638129699591
229,1.0,0.7368056486252714,0.8917044883423265
230,1.0,0.7453563927893336,1.0003952583098872
231,1.0,0.5468266977824318,0.7863007117965053
232,1.0,0.75617541677389,1.0166829271013924
233,1.0,0.6599873660276571,0.7570534723417514
234,1.0,0.614779793732043,0.8843666012666924
235,1.0,0.4640698588798876,0.9041868154269436
236,1.0,0.6964798619673707,0.9285078311672078
237,1.0,0.5810928703322141,0.9467464749140329
238,1.0,0.446360684540101,0.8792442768305431
239,1.0,0.56882440679268,0.9366692139783162
240,1.0,0.743001105057508,0.9941138553171484
241,1.0,0.5198535983417689,0.7816050057768771
242,1.0,0.6757402969253369,0.8528315298274619
243,1.0,0.5840797817052058,0.8628660020343394
244,1.0,0.7470311349332736,0.9466132517456459
245,1.0,0.7533355471889627,1.0155329257360646
246,1.0,0.518339934856615,0.809128291657393
247,1.0,0.7397832455634668,0.9655523030058963
248,1.0,0.5726544806073955,0.8879564295436503
249,1.0,0.631725124534205,0.8449861454020634
250,1.0,0.5635591695257018,0.9123813981925846
251,1.0,0.7465208085630147,1.0263788468689172
252,1.0,0.2687259885379733,0.9277564435270701
253,1.0,0.6628847452728975,0.7654833321932283
254,1.0,0.753563018210765,0.9773039791559277
255,1.0,0.7007908444787342,0.8356137432069152
256,1.0,0.7399814785192911,0.9450809291911791
257,1.0,0.6691930501630768,0.9203809891978015
258,1.0,0.3811968394608476,0.9074260443860662
259,1.0,0.7486592789273236,0.9866026244963163
260,1.0,0.5677599505469595,0.9141984078754203
261,1.0,0.7422091524713031,0.9427608393686032
262,1.0,0.6712528950546581,0.8789138971399699
263,1.0,0.7105875757435663,0.9947681681019133
264,1.0,0.7012556570548264,0.85381470884179
265,1.0,0.6463389893325983,0.9195865627337542
266,1.0,0.6857803774037613,0.8668663011084103
267,1.0,0.7381376811538919,0.9201998330037247
268,1.0,0.6554586520256699,0.8292700343619496
269,1.0,0.3812970946600459,0.92272718765446
270,1.0,0.7506811288793456,0.9872965235755543
271,1.0,0.7445364261962439,1.036688966270654
272,1.0,0.7485934219339171,0.999456037046624
273,1.0,0.6581762617203087,0.932252337638131
274,1.0,0.6995334989024342,0.9280749321493724
275,1.0,0.4942251656052417,0.909027323028792
276,1.0,0.7503019093284718,1.02818814232754
277,1.0,0.6992180867490912,0.8906979236086945
278,1.0,0.7453550134046772,0.9528941634624086
279,1.0,0.7443454707446165,0.9871035415023265
280,1.0,0.6323684943871248,0.9040438881155525
281,1.0,0.5620189177548661,0.9366661611649219
282,1.0,0.6910916973026314,0.9694438843848237
283,1.0,0.6811084459068752,0.8281201946586197
284,1.0,0.6933383226421648,0.9534742480957087
285,1.0,0.7418582611749645,0.927542094887857
286,1.0,0.6422117820980356,0.9403328488165601
287,1.0,0.6345172453976547,0.8341529954322797
288,1.0,0.4776692435506308,0.8640848971441918
289,1.0,0.5897964318380965,0.9240614411590827
290,1.0,0.44935396507430053,0.9327291847615004
291,1.0,0.6711790316732442,0.8078499041579693
292,1.0,0.38223891823345907,0.8917308504653951
293,1.0,0.6393922259494101,0.9747900539542445
294,1.0,0.7479464254441649,0.9988855794480206
295,1.0,0.7408934714835939,1.0043288645143034
296,1.0,0.6646092575725943,0.9073254080653281
297,1.0,0.6049781274692126,0.825670939168208
298,1.0,0.7448645292629813,1.045458428361465
299,1.0,0.7069581183533084,0.870960579915319
300,1.0,0.7470977808590964,1.0470552588067972
301,1.0,0.6908474514954346,0.9785418162635282
302,1.0,0.7476337131674489,1.019066558116477
303,1.0,0.7323028015705618,0.8641086991850155
304,1.0,0.6881287705704764,0.9088468947278381
305,1.0,0.506934411618811,0.8819590159522991
306,1.0,0.7544585187225632,1.1470715493341326
307,1.0,0.7557594129659222,0.987965597511141
308,1.0,0.6291225080450249,0.9507378670593094
309,1.0,0.6462531994687366,0.9013623392996631
310,1.0,0.44108492031393476,0.9210698366912975
311,1.0,0.6668102040838951,0.9581710887902847
312,1.0,0.6967760525902574,0.9795269277306012
313,1.0,0.741881609563141,1.0100010149972083
314,1.0,0.7538879113592684,1.107549580344144
315,1.0,0.5705939523833826,0.8351230064471722
316,1.0,0.7361299841879616,0.9342831066498266
317,1.0,0.7429269092747476,0.9749282926261134
318,1.0,0.7112402912370249,0.8920605589335148
319,1.0,0.642996531276683,0.783616685546417
320,1.0,0.7414060112430043,1.0014428366865118
321,1.0,0.7408655151152752,0.8476230453424825
322,1.0,0.576055760418274,0.8661489491209676
323,1.0,0.6123040863514649,0.9267833081538378
324,1.0,0.625100124387945,0.8540778356163035
325,1.0,0.689904833411201,0.8669420450881173
326,1.0,0.6651857795318992,0.7657450236814898
327,1.0,0.6678488004903511,0.9471022674343664
328,1.0,0.7053455915349764,0.9918130590121006
329,1.0,0.7547684766205447,1.0575759661406607
330,1.0,0.5017230433241174,0.8807944663075377
331,1.0,0.740073650147622,1.0105223295413581
332,1.0,0.7036975335533601,1.0176170853703534
333,1.0,0.6802939160600678,0.9937813863846804
334,1.0,0.5898671885180602,0.8036572865573863
335,1.0,0.7069027146021735,0.8418820252196605
336,1.0,0.6704656333019248,0.9538123064323543
337,1.0,0.619634267697659,0.8172068575963806
338,1.0,0.7413407840468753,0.9185858010967364
339,1.0,0.6208833898841685,0.9402854742541491
340,1.0,0.6975952328001331,0.982154451289342
341,1.0,0.6243849216894156,0.7706117499933564
342,1.0,0.7545418682532785,1.0368777318235054
343,1.0,0.6759771655674305,0.9603824931490376
344,1.0,0.7417947506374025,0.9290365119505216
345,1.0,0.7423526007652755,0.9503856407155123
346,1.0,0.709830752633477,0.9542202901733453
347,1.0,0.5735381870385843,0.9393191450491041
348,1.0,0.75138689721937,1.0488066173426542
349,1.0,0.742564640592845,0.9961991575460798
350,1.0,0.44742359272818866,0.9210023928234451
351,1.0,0.460174489326127,0.8490147902098854
352,1.0,0.6682262055780045,0.8960127643584418
353,1.0,0.5257675739304976,0.9244337856000442
354,1.0,0.6408789181703399,0.7890261305606057
355,1.0,0.7466815915949948,1.001496225446686
356,1.0,0.5140643042348272,0.8321107069668473
357,1.0,0.6864597462166001,0.9276125158081917
358,1.0,0.7071845441447012,0.963854781077145
359,1.0,0.500843099855168,0.8860669652938146
360,1.0,0.7439098502637256,0.9915371809822313
361,1.0,0.5453692635002727,0.78287213213669
362,1.0,0.5672595952444109,0.9382895833297579
363,1.0,0.6616988531941649,0.8763988918289389
364,1.0,0.739576898492483,1.0122919743712055
365,1.0,0.7465265732902472,0.995984946703866
366,1.0,0.672279940667537,0.9101398211008025
367,1.0,0.49842478771642174,0.903056481102367
368,1.0,0.45084884144033394,0.8309171108816809
369,1.0,0.6440644230155127,0.868231473541217
370,1.0,0.6859798894343206,0.9073743370354422
371,1.0,0.39816769761329995,0.8983292875202873
372,1.0,0.37985083111268597,0.9167248496603367
373,1.0,0.7395854613147657,0.9716083689814587
374,1.0,0.7480600758059246,0.9408995450395726
375,1.0,0.7512199301726109,0.9928944440106575
376,1.0,0.5083928554044795,0.9212020398015444
377,1.0,0.7435816933800137,0.9672685383597099
378,1.0,0.6969162579260795,0.952099259266851
379,1.0,0.7554736482514957,1.0285487094506662
380,1.0,0.7466362252346208,0.9971585643609439
381,1.0,0.7408799145774456,0.9657097782339508
382,1.0,0.6217858417580023,0.8772486904086118
383,1.0,0.6945641096037496,0.9388291035654449
384,1.0,0.6045049015820124,0.9517120606862179
385,1.0,0.6423939919242496,0.9716554176020513
386,1.0,0.7427305744892757,0.9054458593699622
387,1.0,0.7412507036866026,0.9899755594653384
388,1.0,0.6295894049704837,0.9664219426683976
389,1.0,0.622198540845968,0.9829282642222563
390,1.0,0.7394049800171104,1.0075351327089421
391,1.0,0.7485029789734282,0.9957172443607587
392,1.0,0.6744465533705333,0.9522538764267086
393,1.0,0.7449344519815677,0.9904537935626266
394,1.0,0.7527019637813276,1.051676952007341
395,1.0,0.5842009021569756,0.8819128511401283
396,1.0,0.6393040603155279,0.9289212176177748
397,1.0,0.5470679520270811,0.8785049423073842
398,1.0,0.7449863167646652,1.0378471800747835
399,1.0,0.34077369383012024,0.9002790943085234
400,1.0,0.7475635073080714,1.077751932395493
401,1.0,0.7389896303943215,0.905299395391337
402,1.0,0.48936847815444523,0.8997647009819171
403,1.0,0.6447141126113052,0.8141598774957598
404,1.0,0.6843640267157513,0.8947881204324085
405,1.0,0.6149661240087377,0.9235064272387277
406,1.0,0.7366782586432175,0.965934423277723
407,1.0,0.7496549338924614,1.0374503815905984
408,1.0,0.7111731472476313,0.9423917842424507
409,1.0,0.44607697690243275,0.9651190427423418
410,1.0,0.6968196590878069,0.9288933495710544
411,1.0,0.7006956440602501,0.9467451435999354
412,1.0,0.5791748345053932,0.7242524583028495
413,1.0,0.4980390783326792,0.9015924462394053
414,1.0,0.6196404479232811,0.8164299830227922
415,1.0,0.5720618946164899,0.8911504841616549
416,1.0,0.5490849153296319,0.8681044200664355
417,1.0,0.7522884295716448,1.0643369460904382
418,1.0,0.6625731463876088,0.9110559187698288
419,1.0,0.5549153151715406,0.8111121235767582
420,1.0,0.4434907354959547,0.9093907501978644
421,1.0,0.43983979929969175,0.9535015871615478
422,1.0,0.6909537037631344,0.8828772389579647
423,1.0,0.6566068730865124,0.9687242396112026
424,1.0,0.7337615649153508,0.9023963738138461
425,1.0,0.5239707528210638,0.9023737616125748
426,1.0,0.587754349320046,0.872868460216852
427,1.0,0.7410824108624762,1.0029709912329534
428,1.0,0.7504093643627254,0.9972628526869938
429,1.0,0.7465008213419869,1.0366507858115994
430,1.0,0.6964112194015304,0.9773419308971178
431,1.0,0.7418419364420038,0.9951850546997728
432,1.0,0.734886740609649,0.8651328507490049
433,1.0,0.7419621128183191,0.9875057169396663
434,1.0,0.7382599433521421,0.9718856403490274
435,1.0,0.7425942529656847,0.9996483915025575
436,1.0,0.6950343121644159,0.9328293029229693
437,1.0,0.47235649921891565,0.8977794670877546
438,1.0,0.7499905805104498,0.9841834987697164
439,1.0,0.7034422686242386,0.9304669603535783
440,1.0,0.647333363589413,0.8788456139130527
441,1.0,0.6223064101557244,0.9022122018676151
442,1.0,0.7408252896867203,0.8534026718651969
443,1.0,0.7489717192126615,0.9979493286842118
444,1.0,0.5478745413641445,0.9129971361901003
445,1.0,0.6225867052035883,0.9559823063890549
446,1.0,0.6833526448866676,0.9695118060409429
447,1.0,0.7407563591113917,0.9585854510617595
448,1.0,0.7473570967915664,0.9635383712340668
449,1.0,0.624623592897349,0.9379069628501916
450,1.0,0.543895432283049,0.8926574410384261
451,1.0,0.7486444723031759,1.0156839486952667
452,1.0,0.5215471317914422,0.9638007771521172
453,1.0,0.7379981354023801,0.9732443130513964
454,1.0,0.567826031314896,0.9446439931710197
455,1.0,0.7540323503216535,1.0032677217378603
456,1.0,0.6405281708222991,0.9365158333076065
457,1.0,0.7379170383305402,0.987535647367851
458,1.0,0.4614222245921888,0.8697293106512637
459,1.0,0.5222655447190029,0.9486621088829352
460,1.0,0.6214849375142857,0.9123712136464065
461,1.0,0.6680932140072547,0.8727670618892978
462,1.0,0.4394708818094619,0.8950250338724596
463,1.0,0.6887160894807011,0.8319226336018976
464,1.0,0.7400413643696163,0.9551844449685114
465,1.0,0.6759056510675384,0.9728413251486654
466,1.0,0.6225270682891443,0.8282033561847195
467,1.0,0.7485345287468645,1.029570386701494
468,1.0,0.688081223875305,0.9224866588557388
469,1.0,0.750093252576758,0.992994438553202
470,1.0,0.7511393318197532,1.0207373360936918
471,1.0,0.7023581128912634,0.9955689916752858
472,1.0,0.6976615700241371,0.961453601002629
473,1.0,0.6412359568497016,0.7831388138994577
474,1.0,0.742780005424478,0.9883350962942012
475,1.0,0.5623926196675935,0.8699328690189102
476,1.0,0.7478026423102945,1.0152001499834882
477,1.0,0.6779359323463724,0.8831495359491227
478,1.0,0.750921861648499,1.0727622095340277
479,1.0,0.6120540560101264,0.8615004955869302
480,1.0,0.6709842286403718,0.8653471637805452
481,1.0,0.6711513270311112,0.8567893921806952
482,1.0,0.3811802173948058,0.7843527202624584
483,1.0,0.7513721931752145,1.0141975283520623
484,1.0,0.7399682051511826,0.924713727352665
485,1.0,0.740230178229834,1.0107980358906465
486,1.0,0.6862242787601279,0.9180787141895265
487,1.0,0.6957112117189644,0.7925334972661598
488,1.0,0.7437265991341295,1.0433259441831721
489,1.0,0.7433383698580588,0.999288705529638
490,1.0,0.6907946169410679,0.8709391424983541
491,1.0,0.5194676404214614,0.9076588478506155
492,1.0,0.7073174875889067,0.8418829768256968
493,1.0,0.6944468499924854,0.9866751115637639
494,1.0,0.7109745135249557,0.8024587329734231
495,1.0,0.5756763391809158,0.9419387996452178
496,1.0,0.7106491427212724,0.9726713982559657
497,1.0,0.6299657560094163,0.9784258301514878
498,1.0,0.27015567521448525,0.9281534193030101
499,1.0,0.740758010049362,0.8905359564734688
500,1.0,0.6936120889973881,0.8994431741991835
1,0.35,0.7509219009436093,1.0237037371363922
2,0.35,0.7046640780565673,0.8818404724572501
3,0.35,0.7111649989485154,0.9529299082936343
4,0.35,0.3793892210816939,0.8922540031356477
5,0.35,0.45096487629714316,0.9441605544096721
6,0.35,0.6928487492304544,0.9848006270572419
7,0.35,0.6690927292191378,0.9404189967101547
8,0.35,0.3964437430826413,0.8448832221524254
9,0.35,0.7439717740561441,1.0294022402250782
10,0.35,0.7490247553729382,1.0335904509374736
11,0.35,0.57008685642722,0.9573204773885391
12,0.35,0.6736258635622477,0.8117362048454573
13,0.35,0.520523474984207,0.9355558585476155
14,0.35,0.7387722039205791,1.0186107738862469
15,0.35,0.6298857265070754,0.9777309941652194
16,0.35,0.33042228514539645,0.9046420030287634
17,0.35,0.7440794340762009,0.9230588386308778
18,0.35,0.741933959714104,0.9834657127078921
19,0.35,0.6414087885746149,0.8696058313596658
20,0.35,0.710647132046343,0.9430843935034743
21,0.35,0.523146336681253,0.7771091346337067
22,0.35,0.6297708650996804,0.8940230179687929
23,0.35,0.74748027374494,1.0089604271498098
24,0.35,0.4941322760342213,0.8498936730638978
25,0.35,0.45462017032089186,0.8667830700022323
26,0.35,0.7374831377037134,0.8938940261289033
27,0.35,0.48748334096275153,0.8982061921119103
28,0.35,0.74965053869352,1.0285865306694542
29,0.35,0.3786759243024829,0.9040756327447352
30,0.35,0.6367269707622228,0.8113157371214035
31,0.35,0.7474894294474866,1.030665754788719
32,0.35,0.6149336623752129,0.9241898384784369
33,0.35,0.7417951243017431,0.8895763566816854
34,0.35,0.34917424898998306,0.9271292390110462
35,0.35,0.5061749486720395,0.8494340882112125
36,0.35,0.7435132078617237,0.9520460457835929
37,0.35,0.6281496215452522,0.9465414964031137
38,0.35,0.7389710344201816,0.9431584950082347
39,0.35,0.6851732540220706,0.8365196560907164
40,0.35,0.5738885015284982,0.8438491613320661
41,0.35,0.5496506560991073,0.9293789433281083
42,0.35,0.7524727316009068,1.0527855344250359
43,0.35,0.31866383105834956,0.8381408102648629
44,0.35,0.7528078390235802,1.0730102178703995
45,0.35,0.4009948432920792,0.8765552640552509
46,0.35,0.4415407161760996,0.8189811820229367
47,0.35,0.5737414309172211,0.9191862354342151
48,0.35,0.7115173445648285,0.9579732686205324
49,0.35,0.7453714436045462,1.050703647976359
50,0.35,0.6785526551547508,0.9282560163247394
51,0.35,0.6916738838991999,0.9289294912220069
52,0.35,0.6935377809018706,0.9061301720262526
53,0.35,0.6965308408002041,0.9850988805951513
54,0.35,0.6780401730157724,0.9575402023984843
55,0.35,0.6184382759522065,0.8396932097040892
56,0.35,0.39203550140125076,0.9061262902545556
57,0.35,0.6626633532059693,0.9683176732719628
58,0.35,0.6841800584870852,0.8177710622809511
59,0.35,0.7351448299999721,0.923956601584104
60,0.35,0.5050614093469827,0.8997776578239643
61,0.35,0.6385077971591788,0.9695893268726427
62,0.35,0.7409706725855643,0.8946786897188558
63,0.35,0.6687917262280684,0.9136075213285546
64,0.35,0.5152410399356525,0.8975447885946445
65,0.35,0.6170817666387555,0.9236531424140118
66,0.35,0.732572676807408,0.862470675746619
67,0.35,0.7472527892587002,0.9004220843553364
68,0.35,0.4321465848540839,0.8731391682883746
69,0.35,0.7425983386906307,0.9749058320159364
70,0.35,0.7423321821180311,0.9968308767956021
71,0.35,0.7446300069242916,1.020812643964583
72,0.35,0.6948489672314406,0.9354766432710063
73,0.35,0.7025910779092718,0.9117592294679862
74,0.35,0.7072394420673448,0.9092298619081094
75,0.35,0.5173125508170987,0.8707956587725139
76,0.35,0.2752023314444547,0.9225289057574446
77,0.35,0.752258186024633,0.9984192115112672
78,0.35,0.7036860534444986,1.0142192879228533
79,0.35,0.5896649384191094,0.9416268051396025
80,0.35,0.674617403701617,0.7754451318865452
81,0.35,0.6111444036346854,0.9210776082572769
82,0.35,0.7439383630065158,0.9939066996735534
83,0.35,0.7484123170748508,0.9177383538552223
84,0.35,0.6641808381370455,0.86157560927365
85,0.35,0.40414341258872594,0.9569556961568566
86,0.35,0.6186199757868052,0.7473973174311548
87,0.35,0.7474462283943127,0.9564823993344815
88,0.35,0.627186160436046,0.9582731773764125
89,0.35,0.5014699943243393,0.933979841433884
90,0.35,0.7502964230980901,1.0525799377729559
91,0.35,0.7449560617885634,0.9426034415235495
92,0.35,0.7102745720054616,0.9450113894684404
93,0.35,0.7545553436108373,1.050626914855841
94,0.35,0.6553636358846161,0.9525392774912383
95,0.35,0.7447951694614506,0.9718300481636439
96,0.35,0.6791744762419629,0.9282645880042691
97,0.35,0.7476329129808983,1.0135450313092056
98,0.35,0.679856239511967,0.8938765299087766
99,0.35,0.6479509015968534,0.8701459911628308
100,0.35,0.7485296506427076,1.0362851326043814
101,0.35,0.6070134946691675,0.8030144188753409
102,0.35,0.6117302364875057,0.8180170410958667
103,0.35,0.631249181872307,0.9322099617540927
104,0.35,0.6087158549618156,0.8225102284448751
105,0.35,0.5481756435963815,0.9225375081972297
106,0.35,0.582134553699479,0.9534739259737519
107,0.35,0.6062141926961196,0.8529423976407032
108,0.35,0.5294350258541666,0.8689868759807181
109,0.35,0.6321395521213223,0.9189371140037614
110,0.35,0.620512455012479,0.8379585654460618
111,0.35,0.758731447891195,1.0969948161132204
112,0.35,0.6930877566476209,0.929569589153665
113,0.35,0.6573280712228232,0.8833322189932419
114,0.35,0.6560164579143896,0.815644267547587
115,0.35,0.4459210308181785,0.9088672247122666
116,0.35,0.6722479991457847,0.9252833771791745
117,0.35,0.751046232010392,1.0084530207948414
118,0.35,0.684018519661242,0.9447986789540661
119,0.35,0.7427432780594615,0.9827725189922215
120,0.35,0.48919961920190375,0.889802902964805
121,0.35,0.740815490232013,0.9562792865475003
122,0.35,0.5670568540246026,0.8033426088720285
123,0.35,0.6451055983980756,0.9591792891655951
124,0.35,0.5290577408967522,0.917107159525441
125,0.35,0.6121336613228245,0.8969504150256028
126,0.35,0.6942568815226048,0.9443772847941457
127,0.35,0.6122550756658748,0.8123280934930108
128,0.35,0.7073585696195211,0.9726554705333778
129,0.35,0.7112160405950587,0.8063846784935679
130,0.35,0.7112343999873011,0.9837276830416839
131,0.35,0.7422988624143056,0.9711468949406046
132,0.35,0.6344920415032969,0.862888820087308
133,0.35,0.7353703479738046,0.9053364404163186
134,0.35,0.7110365824794423,0.9462953495846911
135,0.35,0.747894054222188,0.9948945949295919
136,0.35,0.518978655219356,0.8831464730238922
137,0.35,0.7445926923068631,0.98383433530124
138,0.35,0.7489013597983695,0.9778903631927794
139,0.35,0.7502525772202938,1.007199025802011
140,0.35,0.7466106883486872,1.0216999603753867
141,0.35,0.742289477849974,0.907587652024754
142,0.35,0.5043469703081677,0.9256404782663441
143,0.35,0.7000162898472887,0.9058747680027524
144,0.35,0.7334866213507851,0.9240728002124875
145,0.35,0.7441359427510039,0.942813213346088
146,0.35,0.6242510207450617,0.8804032729278678
147,0.35,0.5025559600275293,0.9250263331345366
148,0.35,0.6057508882314503,0.8060054293949375
149,0.35,0.6796120358049011,0.9578894600748371
150,0.35,0.7399067558299947,0.9741978440655031
151,0.35,0.7340606340790055,0.9494205919938762
152,0.35,0.13861681870552942,0.8080754261192703
153,0.35,0.5744143918529543,0.9133715183368137
154,0.35,0.744712782007048,1.017875359300026
155,0.35,0.6227082193679025,0.944463094910313
156,0.35,0.7114376486983699,0.938924015287611
157,0.35,0.7073409580170245,0.959790633347219
158,0.35,0.6959338189707108,0.9075221324907381
159,0.35,0.5730060335321228,0.8505244745574908
160,0.35,0.7033038290119127,0.9286426576737098
161,0.35,0.6474992523678623,0.9332857702849786
162,0.35,0.5652437586461458,0.8852059782542707
163,0.35,0.7081757635366491,0.9689465587599565
164,0.35,0.6748295874043005,0.9557449298833409
165,0.35,0.7107807992216651,0.8823033185455291
166,0.35,0.31984441453151213,0.8892687004146308
167,0.35,0.7450418161742801,0.9755937165994896
168,0.35,0.5106606714464189,0.9781837036693641
169,0.35,0.6917540900763764,0.9344481819629599
170,0.35,0.5790852636843056,0.9433421335612027
171,0.35,0.6492229757669892,0.8531806787315366
172,0.35,0.7492234093452621,0.9692980315006371
173,0.35,0.6105183864833639,0.9123060171461015
174,0.35,0.7442366118864866,1.0381697552266964
175,0.35,0.7456611941280966,1.031174687555256
176,0.35,0.750281506527174,0.9730698840311052
177,0.35,0.7050964118735247,0.953289129768242
178,0.35,0.7449163718171059,0.9271493397479413
179,0.35,0.7453015713479967,1.0033679435143068
180,0.35,0.2818338480804294,0.8383545776931172
181,0.35,0.7432812011856498,0.9422724110792733
182,0.35,0.45799010549194785,0.9263170808859007
183,0.35,0.693531593214291,0.9539480389399888
184,0.35,0.6262939138409225,0.7920673004603035
185,0.35,0.49407948776154564,0.9177889481151176
186,0.35,0.6317885842383956,0.8921869257555723
187,0.35,0.7432536928890486,0.9202715976959148
188,0.35,0.49641504760259464,0.8833455314234233
189,0.35,0.6851140085722801,0.9338415501854433
190,0.35,0.7497869849645159,0.9841856531337035
191,0.35,0.5500813705995022,0.9038434017505768
192,0.35,0.7406043339456285,0.9809816655447057
193,0.35,0.5865343330021556,0.9660683173175448
194,0.35,0.7365191829428047,0.9258469093099179
195,0.35,0.7547262989539747,0.9721680753140929
196,0.35,0.7393267091232681,0.9782120532319577
197,0.35,0.7113583201172851,0.9603368994821048
198,0.35,0.5233018773347355,0.9270201558964123
199,0.35,0.695851760604582,0.8644286346992709
200,0.35,0.6268704141399158,0.8916390531277159
201,0.35,0.7415058502681556,0.8584521493187828
202,0.35,0.5113858942078366,0.9175013981192458
203,0.35,0.6694145526506399,0.8527677614152022
204,0.35,0.5989713737632383,0.8090238950936552
205,0.35,0.5263000354103207,0.9228368418510079
206,0.35,0.7519749255370906,1.0339174042764747
207,0.35,0.7438660104331349,0.9625298349350145
208,0.35,0.7047997311454381,0.950307821762865
209,0.35,0.6664579645077296,0.9628192075221784
210,0.35,0.5550042764658384,0.8783890161617837
211,0.35,0.6097528377815248,0.9366369962000463
212,0.35,0.7436986945324804,1.0033453873478437
213,0.35,0.44578951432518715,0.9071446822734087
214,0.35,0.6716680712517915,0.8732619020465271
215,0.35,0.7422502139969015,1.0131934109583858
216,0.35,0.6390596751622666,0.8114527109078203
217,0.35,0.6884710092599255,0.8827491682492526
218,0.35,0.7433340877899628,0.9717481772464825
219,0.35,0.7411724618448262,0.9375870832997535
220,0.35,0.7105026937853053,0.9383163402510923
221,0.35,0.5819793173967548,0.9505864318826149
222,0.35,0.7412321810399606,0.9589543689949251
223,0.35,0.7455014487243627,0.954047996022004
224,0.35,0.5261807309129417,0.9763116009729336
225,0.35,0.527339064165023,0.9174799235350347
226,0.35,0.7043419818271224,0.9931239552963065
227,0.35,0.7414490310350094,1.0040652947749917
228,0.35,0.6930923413220125,0.9041016830238231
229,0.35,0.7489402345697074,1.000932665249428
230,0.35,0.7400766488896923,1.0496831536725333
231,0.35,0.6762154824678493,0.9807291296118156
232,0.35,0.7108238441713544,0.9863769711869903
233,0.35,0.6463437705083103,0.9658355356379649
234,0.35,0.6268699663246913,0.8883216095019226
235,0.35,0.7518576770434607,1.0418952556412264
236,0.35,0.7435154643456401,0.9664986146465628
237,0.35,0.7398563348412448,0.94984314274318
238,0.35,0.7487596259500526,0.9976618105876393
239,0.35,0.6593988038442558,0.9570590544033262
240,0.35,0.25343515326368,0.9402809711631942
241,0.35,0.746237822953143,0.9718959817848376
242,0.35,0.7391574404078769,0.9980944592010275
243,0.35,0.7483983320704416,1.0275535735237733
244,0.35,0.6668788250861325,0.8252204682931493
245,0.35,0.6464437666515012,0.9558901814212627
246,0.35,0.7426169213814903,0.9838257671721466
247,0.35,0.6857481817202207,0.9273656211667671
248,0.35,0.6867402865499015,0.916825950631131
249,0.35,0.6613617313973232,0.8540574821724303
250,0.35,0.5287196922558712,0.9247242380563758
251,0.35,0.7498906112098643,1.0065819339774893
252,0.35,0.7436653474328515,0.9956659178010588
253,0.35,0.7064498176754254,0.9286624996704674
254,0.35,0.6175113828797444,0.873822211860887
255,0.35,0.42292422643184613,0.8173468057311699
256,0.35,0.5796183694145837,0.9196948283725856
257,0.35,0.7091719224446039,0.8981728085449859
258,0.35,0.7020482513555505,0.9302263294003835
259,0.35,0.7090856889962863,1.0084438042971764
260,0.35,0.6844487089196313,0.912328381000536
261,0.35,0.7108157488416751,0.9564638338299768
262,0.35,0.7415971688028624,0.959097576400539
263,0.35,0.7103197641361929,0.9484503414294277
264,0.35,0.7413930741770172,0.9307108877467547
265,0.35,0.3392166187129972,0.8910322122928782
266,0.35,0.6742929683952855,0.9881087482275782
267,0.35,0.6046835999813384,0.9274790267582694
268,0.35,0.5083063550261415,0.8823410576833699
269,0.35,0.39276672766564785,0.9249575343014302
270,0.35,0.6776242166356906,0.9036915564208898
271,0.35,0.7511201951492257,1.0145896779741779
272,0.35,0.6789131006030601,0.9255433699635667
273,0.35,0.7056790372661713,0.9920189755080163
274,0.35,0.4324885679775937,0.8753385665416153
275,0.35,0.5152836852305572,0.876976206421209
276,0.35,0.7356495569094387,0.9808813399039878
277,0.35,0.7517622960215367,1.0320991605710166
278,0.35,0.7005278581540101,0.9429835487845439
279,0.35,0.6332137124347288,0.9334697721469192
280,0.35,0.7100283309490978,0.8893351790163925
281,0.35,0.15791408153097963,0.9059341335673704
282,0.35,0.7529793956824751,1.0434210924539387
283,0.35,0.6719558265911095,0.9749569199226292
284,0.35,0.6647822806375245,0.8869579514388403
285,0.35,0.49174986652143216,0.8922067105707071
286,0.35,0.44062673042387424,0.947783142124458
287,0.35,0.5790761194103312,0.9195898270519527
288,0.35,0.7435788946350746,0.8825087552106285
289,0.35,0.45412905433410616,0.8965534953386544
290,0.35,0.7432696687028645,0.9352008536734008
291,0.35,0.7506396814844891,0.9976739115306791
292,0.35,0.3148225673362432,0.8013091675239477
293,0.35,0.6085013986243859,0.8747642370638758
294,0.35,0.6730314573708682,0.9771562084594214
295,0.35,0.7022431195009597,0.940219444848038
296,0.35,0.4532851562618938,0.8906624134683983
297,0.35,0.7457411917068228,0.9603200109680011
298,0.35,0.7106269725811943,0.9013195541488872
299,0.35,0.6898292511452995,0.8790069707122129
300,0.35,0.6556335563847336,0.9763014933846629
301,0.35,0.7468413479706704,1.026863013114791
302,0.35,0.7525074532418615,1.003621490747076
303,0.35,0.7444516634686575,0.9849809353971938
304,0.35,0.6185606103343825,0.9279902238573562
305,0.35,0.6477882149680694,0.9279624459139988
306,0.35,0.265026576251826,0.9555786630470684
307,0.35,0.6611008188129804,0.8555819379043821
308,0.35,0.7448984214305677,0.9846222967996483
309,0.35,0.7386855293502752,0.9223120977361262
310,0.35,0.5206109567919271,0.8805916246508695
311,0.35,0.6707628674707602,0.9466945628130234
312,0.35,0.7474217624512635,0.9429566009608182
313,0.35,0.7353415132911137,0.9410226454020567
314,0.35,0.7378332684190164,0.9180301940346325
315,0.35,0.7553057787790026,1.045694120315543
316,0.35,0.5721802456556914,0.953077013218974
317,0.35,0.6324345069499665,0.8684025114494782
318,0.35,0.7377763804254742,0.8608915101164851
319,0.35,0.7004675043655885,0.9159390952140621
320,0.35,0.5759408690044701,0.860548818033245
321,0.35,0.5334610809685281,0.9078247760915452
322,0.35,0.7115980499650295,0.9991286073606587
323,0.35,0.7529002230937262,1.0060507503382747
324,0.35,0.6074758472183304,0.9160478385641606
325,0.35,0.5759382948637504,0.8112077748813161
326,0.35,0.7411905306599599,1.0172309057657982
327,0.35,0.7423140744331571,0.9840380374074988
328,0.35,0.7392328478415264,0.9713669167104009
329,0.35,0.7533472833275274,1.0428120220822876
330,0.35,0.7436755389270441,1.016433808321581
331,0.35,0.5751195392281145,0.9409212272877145
332,0.35,0.7418173868593405,0.9517255316757655
333,0.35,0.7465344647241305,0.9048855478609823
334,0.35,0.6458515071214378,0.8840570433792928
335,0.35,0.6124200288736833,0.9180137963796872
336,0.35,0.7111415462991888,0.9426347346263362
337,0.35,0.6118740428060827,0.9323566009575569
338,0.35,0.28237914338659714,0.9409302057001304
339,0.35,0.6463178166733389,0.7875658302981127
340,0.35,0.7410589790114627,1.0025399667437316
341,0.35,0.3274751439590374,0.90870920787992
342,0.35,0.6803453518564859,0.8539889540765027
343,0.35,0.6397100809852742,0.9433251637489237
344,0.35,0.7404124545474566,0.8940546563632751
345,0.35,0.7516264855060492,1.0318542782411821
346,0.35,0.7389695485790087,0.9520271756842706
347,0.35,0.7060397306587671,0.8644750995086942
348,0.35,0.7421461751550529,0.9462385567763116
349,0.35,0.7421338076247717,0.9252253344502982
350,0.35,0.6254493958371166,0.8377377916299285
351,0.35,0.7427657020163855,1.0462297951328148
352,0.35,0.6608697074811296,0.9379975324154023
353,0.35,0.6785090403856981,0.9319423918529116
354,0.35,0.5958034120454534,0.8153792009245813
355,0.35,0.6771594859684998,0.864646429422249
356,0.35,0.7559244053744875,1.0873586742799033
357,0.35,0.7385601663835939,0.9796877167835655
358,0.35,0.740205388332057,0.9122717561995051
359,0.35,0.2895463005478428,0.878883687913622
360,0.35,0.6201274501545263,0.9153684382914521
361,0.35,0.6879050017244533,0.8788388131599533
362,0.35,0.6205790879765952,0.8504203753956284
363,0.35,0.7399707137873839,0.9887392615116471
364,0.35,0.7428258633564433,0.9969110829073642
365,0.35,0.7421443939310884,1.0426146772662674
366,0.35,0.7029900030469517,0.924665078444539
367,0.35,0.4347330606477027,0.9329847428232597
368,0.35,0.22850673024162407,0.9277605223038985
369,0.35,0.6852984693629929,0.8091660214750412
370,0.35,0.5958011624498842,0.8934696281233346
371,0.35,0.6617774358815999,0.8938461499375688
372,0.35,0.5538424235968964,0.8101642207811485
373,0.35,0.5468942424746095,0.8903945276975733
374,0.35,0.6227036794572035,0.8513007631877436
375,0.35,0.5640750987631286,0.9176432759529143
376,0.35,0.6119618151400734,0.8784731183888733
377,0.35,0.6341701730852725,0.9487021783120001
378,0.35,0.7468554205694875,0.9504809598147383
379,0.35,0.678405953408446,0.9556690347408758
380,0.35,0.7459713783987659,0.9339370790889097
381,0.35,0.6219862611308151,0.9211552870837234
382,0.35,0.7407127101761183,0.9388810197346216
383,0.35,0.7010984365631001,0.9083835347173734
384,0.35,0.7392864031078118,0.8820418981378069
385,0.35,0.5844136883716824,0.9996522854250179
386,0.35,0.7468982156179981,1.0289844273319426
387,0.35,0.513501807521918,0.9226854989648272
388,0.35,0.7037895001346602,0.8595336192412255
389,0.35,0.6734883039118355,0.865059875515381
390,0.35,0.703781313041191,0.9406007652477009
391,0.35,0.7364653065428548,0.885776981746056
392,0.35,0.6160665827258003,0.8729063612618545
393,0.35,0.6499205154959865,0.9153730580057818
394,0.35,0.66791217779268,0.8961439219039724
395,0.35,0.6824960338444571,0.9148952617684728
396,0.35,0.6963406672672806,0.9497428452998647
397,0.35,0.58123070499007,0.9212553975009077
398,0.35,0.7396268426460512,0.8811039843793381
399,0.35,0.7540637928540777,0.993348221406031
400,0.35,0.6546534307607352,0.8031669626091631
401,0.35,0.7488795965663722,1.0259342589008715
402,0.35,0.7487339491953011,1.0446242222528546
403,0.35,0.7110105300624562,0.8016764262155973
404,0.35,0.6850482306518975,0.9756634739474387
405,0.35,0.6387155516265931,0.9674494232169226
406,0.35,0.5707484137422166,0.9533293088821989
407,0.35,0.7100838192591408,0.8386800707139989
408,0.35,0.7527910906745815,1.0080769116349526
409,0.35,0.6674505287931368,0.8903833756110767
410,0.35,0.5029339534146511,0.8821903045922668
411,0.35,0.6902705348925926,0.972496921286748
412,0.35,0.5832227107727231,0.9120232464593011
413,0.35,0.691063591207385,0.9911191882292226
414,0.35,0.4590232142598492,0.9389976205332635
415,0.35,0.6499599273415568,0.8447452422214426
416,0.35,0.564050889147633,0.8858959337738354
417,0.35,0.6306360391248682,0.9089000034386491
418,0.35,0.7088703279480258,1.0283212822548202
419,0.35,0.5023573245051961,0.8650417396016076
420,0.35,0.7466290416887496,1.0617338254850082
421,0.35,0.4606761256533812,0.9233891691015681
422,0.35,0.7429402729269908,0.9803907435615457
423,0.35,0.749206294332186,0.9491779513014232
424,0.35,0.6854966169506348,0.912360492277449
425,0.35,0.5191326826922639,0.9081355245599472
426,0.35,0.743002750778083,0.9204620625091915
427,0.35,0.7504516397221156,1.0228602960490503
428,0.35,0.7495270340733325,1.0616545085256603
429,0.35,0.5719598762599558,0.8295704159638388
430,0.35,0.6282887505217642,0.8730012211343666
431,0.35,0.744377578283053,0.9216133577744319
432,0.35,0.6706123890784228,0.8954443362415508
433,0.35,0.7064540319993946,1.0218222635608187
434,0.35,0.3792916556976313,0.9086205363276071
435,0.35,0.16416679703040252,0.9481733225716215
436,0.35,0.7432162024330635,0.8886513599898659
437,0.35,0.7473796643858489,0.996350976530179
438,0.35,0.7410958687887157,0.9444488821555351
439,0.35,0.7107976320834807,0.8572525411721057
440,0.35,0.7471885862846914,0.9463417053121606
441,0.35,0.6834482983529653,0.8393580194434606
442,0.35,0.7468331822665669,1.0161234550378682
443,0.35,0.7091078052349261,0.8427446092405378
444,0.35,0.7338449310922549,0.986854927002532
445,0.35,0.34045005745270657,0.9215725490531212
446,0.35,0.7108714963385171,0.9738873212759098
447,0.35,0.3964884628165123,0.8636887963795309
448,0.35,0.4290253042462889,0.9038161175629075
449,0.35,0.7415259067464933,0.9937278929511304
450,0.35,0.2542831238826251,0.8757034852211472
451,0.35,0.6409547607263225,0.9421853093964304
452,0.35,0.6446896080990885,0.9057672047572856
453,0.35,0.7384024223294055,0.9934203413457695
454,0.35,0.6828653736828423,0.9256307609085721
455,0.35,0.7449648253413671,0.978126995693077
456,0.35,0.6849255980237448,0.9221575867545048
457,0.35,0.5781575641965074,0.7641040965344169
458,0.35,0.43744116172367253,0.9086541268834502
459,0.35,0.6412731184888356,0.9489211310697185
460,0.35,0.6272476086990985,0.9126359972554087
461,0.35,0.6082993693565661,0.9750208272788659
462,0.35,0.7419198494825473,0.9700490557834286
463,0.35,0.7442120981373102,0.9027881581331001
464,0.35,0.618757190414593,0.9790159405329653
465,0.35,0.6065714784952145,0.8744373431898327
466,0.35,0.7015178577743603,0.9588018048059269
467,0.35,0.7498103844880739,0.9571863712609258
468,0.35,0.7360762919099038,0.8919316496714271
469,0.35,0.6339642538470469,0.8667273239627485
470,0.35,0.7103365634464417,0.9417165922097369
471,0.35,0.6976123902833913,0.9214733759010275
472,0.35,0.5467372277820131,0.908736161222427
473,0.35,0.4927867284518514,0.7279633258246265
474,0.35,0.5793456643853273,0.9615857387329327
475,0.35,0.690914551960173,0.9351655324542039
476,0.35,0.753688570938618,1.0907310108173947
477,0.35,0.7005688183576383,0.9670321843768387
478,0.35,0.6942425831625374,0.8930547661636906
479,0.35,0.7375678209252704,0.9356114735127703
480,0.35,0.7443218397930823,0.9807532189232058
481,0.35,0.7097928778491025,0.8741585605608444
482,0.35,0.5281140821130437,0.8079887843387309
483,0.35,0.552180335129732,0.969194713988017
484,0.35,0.7466756663710452,0.910597219704163
485,0.35,0.5070336579438478,0.9125936204583304
486,0.35,0.62434809970892,0.9427200312393571
487,0.35,0.6261487396345772,0.8922497110290429
488,0.35,0.7380370753728606,0.9900715581082606
489,0.35,0.6375448688479046,0.9534652799535279
490,0.35,0.7020332192071236,0.948684987602302
491,0.35,0.6983611995792728,0.9140929819985629
492,0.35,0.6911268194483899,0.9430352178331357
493,0.35,0.4345043027904557,0.8910466354648533
494,0.35,0.7436280015359997,1.0245151239808699
495,0.35,0.7447827057384502,0.967367579321384
496,0.35,0.751210882352616,1.0402574982421329
497,0.35,0.5649667411372966,0.8958151575310621
498,0.35,0.7394498529614959,0.945421111778344
499,0.35,0.6951185877661825,1.007011314465546
500,0.35,0.6313424782237078,0.9279945142584979
1,0.3,0.6967833553976455,0.9629004921869665
2,0.3,0.7431359159469384,0.966945491135617
3,0.3,0.3262195594355553,0.8838064661197914
4,0.3,0.6650920245028676,1.001819183216198
5,0.3,0.5278957755049878,0.7974112136030688
6,0.3,0.5102815548709274,0.8870302064592607
7,0.3,0.7408795415938711,0.9291793686564442
8,0.3,0.7451935320624246,0.9984872547482796
9,0.3,0.6877448840685331,0.9381348186734692
10,0.3,0.7535467509176186,0.9858700997096488
11,0.3,0.6146616586694933,0.8971091375587303
12,0.3,0.733792874450665,0.9318778386268682
13,0.3,0.7461996239696577,1.0017135505493255
14,0.3,0.7527495343506664,0.9784191981621433
15,0.3,0.6704468374112754,0.956008345263417
16,0.3,0.739006287738099,0.9905866471765556
17,0.3,0.5528140089216474,0.7691513902396399
18,0.3,0.7046182598565479,0.9289685390852408
19,0.3,0.6963915691230569,0.8872925763934296
20,0.3,0.7451446425493311,0.9258074407006011
21,0.3,0.703739929504825,0.9697949086685131
22,0.3,0.5157545705206683,0.9406842446763113
23,0.3,0.6377376577995907,0.941443723992091
24,0.3,0.7463675793050953,0.9980833436497079
25,0.3,0.7518678128406888,1.023541018238913
26,0.3,0.7444233516673648,0.9855972105348282
27,0.3,0.7067097636496587,0.9779450713061968
28,0.3,0.7326166189866471,0.8848526012305101
29,0.3,0.7398090456211222,0.9760072178637318
30,0.3,0.6713913978665601,0.9451143228673182
31,0.3,0.7542417556070175,1.016562195980363
32,0.3,0.7436498856504957,1.0074216376624783
33,0.3,0.7441535125216571,1.039958578183463
34,0.3,0.6797456660719561,0.9133319989003925
35,0.3,0.6172231350583012,0.8895248599522882
36,0.3,0.4985485072703378,0.9500979171854442
37,0.3,0.7433419999013945,0.9185294462840145
38,0.3,0.6139896223564699,0.943336764287231
39,0.3,0.6596847840004854,0.940172922723432
40,0.3,0.6812405306346747,0.9243314482207514
41,0.3,0.7428910190185981,1.0074084681864528
42,0.3,0.6884905716032202,0.8594682185379561
43,0.3,0.6079441264060871,0.8927449317800397
44,0.3,0.689613040036901,1.0116312412292177
45,0.3,0.44377247200827225,0.9066314454621641
46,0.3,0.6776196319344558,0.9272994703641544
47,0.3,0.5615436587627453,0.9212075774602249
48,0.3,0.6361685079264819,0.8975888240727086
49,0.3,0.6914372332286415,0.8878655689183376
50,0.3,0.7403089399400038,0.9572473795299365
51,0.3,0.705138987889547,0.9951994916429912
52,0.3,0.7488952116445309,0.9344212567220314
53,0.3,0.7424187664826304,0.9175277165612595
54,0.3,0.7441391762477478,1.0047524594091661
55,0.3,0.6904226590825449,0.9561612839622935
56,0.3,0.6748628929494022,1.027213595110943
57,0.3,0.7415509149855999,0.9764241324820278
58,0.3,0.7420199970617284,0.9450004519830637
59,0.3,0.6294823086965499,0.9455940353781825
60,0.3,0.3416541557561572,0.9148724210521048
61,0.3,0.7335816192259705,0.9776621527721969
62,0.3,0.7500759313333281,0.9842300894839311
63,0.3,0.5930791009578862,0.8475238736410169
64,0.3,0.41023319601449854,0.9346342940474661
65,0.3,0.6242760106329229,0.7721982117435131
66,0.3,0.480562760377521,0.7204737953983915
67,0.3,0.318233250096495,0.8872952801454027
68,0.3,0.6461338253300989,0.8527154639470435
69,0.3,0.7480422650279619,0.9556578688541755
70,0.3,0.5573770771963997,0.8534929391172443
71,0.3,0.7014967701526834,0.9025522307904523
72,0.3,0.7400572479174146,0.9588703393771532
73,0.3,0.7580094480104951,1.122084059855762
74,0.3,0.6937938079374847,0.9460257137326527
75,0.3,0.48285774065903236,0.9219081220234497
76,0.3,0.7395020418658221,0.9079729510242961
77,0.3,0.7443905111668705,0.9720616779785032
78,0.3,0.6128362040771994,0.8794795895364375
79,0.3,0.5581001050139733,0.8916733318213115
80,0.3,0.6098437389824821,0.8871031665058392
81,0.3,0.745484497057907,1.0315512773703785
82,0.3,0.6887780273837252,0.8527222104667924
83,0.3,0.7420469210734909,0.9271270341469114
84,0.3,0.7409855544509941,0.9948135849108852
85,0.3,0.742890049419212,0.9855408842217043
86,0.3,0.7455161684853278,0.91515539683084
87,0.3,0.749221800840992,0.998019367124274
88,0.3,0.7306802114258738,0.8734689294713328
89,0.3,0.3970425018578514,0.852641235870556
90,0.3,0.6305376593774696,0.9476789723266114
91,0.3,0.28604381975141113,0.8399211379513566
92,0.3,0.2138328959911633,0.9183174538751758
93,0.3,0.6119064472874679,0.876448933691877
94,0.3,0.7414477290453076,0.9629678300883671
95,0.3,0.6919453469630774,0.9264195858323266
96,0.3,0.7483415566699142,1.0420137895626558
97,0.3,0.7429120184567273,0.8943611987996551
98,0.3,0.6114075817267762,0.835213357710237
99,0.3,0.7478146569481967,1.023747674105233
100,0.3,0.4307936750875723,0.835069262264961
101,0.3,0.6039872315189023,0.9127987502357503
102,0.3,0.6703452389922097,0.9307472545969585
103,0.3,0.6508810674799748,0.9869303087548897
104,0.3,0.5170265379210948,0.7368551422592872
105,0.3,0.7101596647228337,0.9840764264217887
106,0.3,0.7333891848095375,0.9949317587493226
107,0.3,0.6921111220353428,0.9022382286377275
108,0.3,0.7377832585123616,0.9501498321581119
109,0.3,0.5726864115410845,0.9257337551588086
110,0.3,0.742059001016521,0.9814268965861183
111,0.3,0.20982351006522668,0.9017672703769458
112,0.3,0.6963609969669764,0.9457983799273666
113,0.3,0.7060567165689094,0.9494066919139815
114,0.3,0.604174363405641,0.9186706735812444
115,0.3,0.7484062602536672,0.9384046350235261
116,0.3,0.7048529983548981,0.8648200513432156
117,0.3,0.7412383884976466,1.0250574719499022
118,0.3,0.7442338264976108,0.997868736649227
119,0.3,0.6724662858747289,0.9375328719926589
120,0.3,0.3963874539987481,0.8852406608254617
121,0.3,0.7397061220903168,1.0144148123340329
122,0.3,0.4973931986245344,0.8955482232847292
123,0.3,0.5586878001497838,0.8552124360743547
124,0.3,0.5765465747680063,0.9422250353632279
125,0.3,0.45233922777851726,0.8753802784383592
126,0.3,0.6261535064077807,0.9305274247714177
127,0.3,0.7499123599020764,1.0420588590057493
128,0.3,0.5134448507920987,0.9035910446766392
129,0.3,0.7045878133209907,0.9141204738048515
130,0.3,0.6854198709034945,0.8723950568404344
131,0.3,0.7486760050799668,0.9978499690505664
132,0.3,0.743162526916481,0.867266809239741
133,0.3,0.6349307111999354,0.9401245915314221
134,0.3,0.6019923281024938,0.8891776651219414
135,0.3,0.6166503044751954,0.8425183302449473
136,0.3,0.576826747921236,0.9063851038788007
137,0.3,0.37656907352263924,0.8948888984607093
138,0.3,0.5883188714810064,0.8753663634792992
139,0.3,0.38427414724784664,0.9528014274369528
140,0.3,0.5049964312166982,0.8831863339129653
141,0.3,0.5529594654600553,0.8870903362432961
142,0.3,0.6812169286922103,0.9110325123565963
143,0.3,0.6879654121121112,0.9396214245311508
144,0.3,0.7400974382458011,0.934885171259632
145,0.3,0.6657306379333151,0.8950167366464319
146,0.3,0.7020399694900697,0.9202833216328081
147,0.3,0.6441279088273405,0.9577989329446696
148,0.3,0.4915766761257215,0.8857854846328233
149,0.3,0.7365119056264964,0.9693242465875561
150,0.3,0.7449593701416302,0.9600323579438894
151,0.3,0.5060244513241757,0.8026234676501415
152,0.3,0.4928402939211375,0.9066015462839497
153,0.3,0.6643991570216529,0.9414945371102548
154,0.3,0.7518389474273297,1.0472016814215577
155,0.3,0.7446927937317722,0.9323504896727549
156,0.3,0.677830832025946,0.823586156353785
157,0.3,0.39529226142079393,0.9046852686069854
158,0.3,0.6097862924663578,0.9451789754691088
159,0.3,0.6718702185217684,0.9216631106996497
160,0.3,0.6316954958411284,0.9261732798609974
161,0.3,0.6189923417243838,0.8248101015124149
162,0.3,0.739439605519805,0.8715314737498854
163,0.3,0.7390346087142121,1.0523026200114238
164,0.3,0.7049381777874172,0.9699403849536208
165,0.3,0.7470300631742002,1.0377061468122608
166,0.3,0.7019912762918258,0.8994578308850943
167,0.3,0.5061901082625944,0.7243333276228281
168,0.3,0.704415412553152,0.9042678247062578
169,0.3,0.7421340676334174,0.9197174335563214
170,0.3,0.6878962677943372,0.9592178274129329
171,0.3,0.6988088052960896,0.9219000854967377
172,0.3,0.6595225805254448,0.8320714697121637
173,0.3,0.747361689738544,0.9716635288700954
174,0.3,0.7562028172185471,1.1100007026288021
175,0.3,0.6338668142500723,0.9338464423815098
176,0.3,0.6709818261925518,0.9236973768221085
177,0.3,0.32291587092457236,0.9226183642819596
178,0.3,0.6783425086030443,0.9350518664228088
179,0.3,0.6799215732212107,0.9297953296803104
180,0.3,0.690422299914947,1.0454140960136733
181,0.3,0.48234763421619203,0.7126899748066972
182,0.3,0.5755817065156347,0.7818245650823059
183,0.3,0.7408844155579264,1.0059070485178838
184,0.3,0.6488133911191423,0.9530863918927724
185,0.3,0.654136758479791,0.9793912612877884
186,0.3,0.5560349574815593,0.9641620188303803
187,0.3,0.745701143595137,0.9597280635726385
188,0.3,0.4449164883072428,0.9025937336503134
189,0.3,0.738048962103858,0.9011595573525062
190,0.3,0.6820351209898392,0.9674763707366044
191,0.3,0.7450799670165748,0.9644141431010959
192,0.3,0.7112502904378563,0.960936951724366
193,0.3,0.7481654010403362,0.9493133631016819
194,0.3,0.6753335539261086,0.8803844042538482
195,0.3,0.7435831610933166,0.9739747995020266
196,0.3,0.6335399206422415,0.9362450749835272
197,0.3,0.631632480046125,0.8471802084084098
198,0.3,0.31880665849441026,0.8821631912762048
199,0.3,0.7550390984010747,1.0396757211234102
200,0.3,0.3137277063802724,0.9053585211944676
201,0.3,0.6427029445134247,0.8821157822754531
202,0.3,0.4292750793628962,0.8510612073791648
203,0.3,0.6769596921115699,0.9773200389729007
204,0.3,0.0,0.8750114709550622
205,0.3,0.7480321827567072,1.0701757560427054
206,0.3,0.7529155517018712,1.0640422329313073
207,0.3,0.7389551473558986,0.9892493520742959
208,0.3,0.37574011502857485,0.9103801655284499
209,0.3,0.2032845205941439,0.9086050696057326
210,0.3,0.7522620020769498,0.9862455692229143
211,0.3,0.6723424786079601,0.9147249256963773
212,0.3,0.7490057431682853,0.9602995501382644
213,0.3,0.7444447045006469,0.8948592107309014
214,0.3,0.6423560473982597,0.9150766670299859
215,0.3,0.6181737994450163,0.9288291838972065
216,0.3,0.6327904188846759,0.875189201217506
217,0.3,0.5430712468394907,0.7956076263103746
218,0.3,0.6360020018660043,0.9381696090520213
219,0.3,0.6858981953332418,0.8936362434754839
220,0.3,0.7411430022508052,0.8669252156963198
221,0.3,0.7426258534774343,1.0120384743748638
222,0.3,0.7513610176498666,0.9941103891169446
223,0.3,0.7419714481652273,0.9928145157943368
224,0.3,0.5708764676439186,0.9805133887425094
225,0.3,0.5842959205407934,0.9463383102555317
226,0.3,0.7477457458294854,0.9322988036393397
227,0.3,0.4570798138830248,0.9168630595761003
228,0.3,0.7386361433067321,0.9691716257898316
229,0.3,0.7486188460623568,1.042571076054787
230,0.3,0.6767736668477489,0.8484878800418908
231,0.3,0.626947437401566,0.8946616132203422
232,0.3,0.5913349479482158,0.9137523146516663
233,0.3,0.5788470803901771,0.9000182034809394
234,0.3,0.34747487368258706,0.7320957571406145
235,0.3,0.7435618681303721,1.029720903144599
236,0.3,0.7025157500849942,0.9638234161994806
237,0.3,0.7530657267280109,1.0912339417676356
238,0.3,0.7420285738450352,0.9790589736436396
239,0.3,0.514465484547019,0.8909037014193961
240,0.3,0.7390821130361407,0.9855394375932036
241,0.3,0.5435619655899998,0.9049765851036283
242,0.3,0.6689899754443608,0.8636844236008749
243,0.3,0.6308053249925342,0.878386099904228
244,0.3,0.6069780564211502,0.9195764384313752
245,0.3,0.7542361679280214,1.0554574327653183
246,0.3,0.6964353422055239,0.9417951449904336
247,0.3,0.6686855868536336,0.9349756227219286
248,0.3,0.6764147841300084,0.9478815743513845
249,0.3,0.685787602501945,0.9280152705930843
250,0.3,0.6290195037735422,0.7141383523144846
251,0.3,0.7486338544582626,0.9756394522451158
252,0.3,0.7471370859593621,1.0155885748890439
253,0.3,0.6997039811432838,0.9824866419664298
254,0.3,0.6623702401133461,0.874388471405017
255,0.3,0.523395175714921,0.856999384425988
256,0.3,0.43312775443609275,0.9205781849152217
257,0.3,0.3224424213322193,0.8660236176950433
258,0.3,0.6813716769730472,0.9137693869887054
259,0.3,0.7115643221589159,1.048860807303112
260,0.3,0.6474659233495647,0.922555570281309
261,0.3,0.4902422277751673,0.8971288396117741
262,0.3,0.6978690455703435,0.8599187763917154
263,0.3,0.2811867151170424,0.936198418781038
264,0.3,0.55612909126556,0.9582107310096352
265,0.3,0.7067988046294622,0.9684152613569327
266,0.3,0.6918460341999647,0.9807804338923651
267,0.3,0.7401995867484881,0.9799759678139724
268,0.3,0.5592843939203896,0.9027590168421434
269,0.3,0.7419871826900875,0.9949265970258424
270,0.3,0.7106813325254943,0.9832289330181843
271,0.3,0.6310151516858539,0.8445925279848396
272,0.3,0.46323500071423085,0.8629051420017128
273,0.3,0.49142088403035156,0.828147078657906
274,0.3,0.4328538930875605,0.8699723788738823
275,0.3,0.7108642057799434,0.8902635709452965
276,0.3,0.7116103972278804,0.9548222687461991
277,0.3,0.7471041275570166,0.9799713529356453
278,0.3,0.5802838634724232,0.9106495409527295
279,0.3,0.6098025406339013,0.9257394664160478
280,0.3,0.7107579095493329,0.8410806821730472
281,0.3,0.6712732198994878,0.934179230761431
282,0.3,0.738018342998084,0.8977705758432855
283,0.3,0.3919615746551695,0.8674510482070058
284,0.3,0.6141739849055616,0.7986098920172572
285,0.3,0.6120021493269892,0.869486129771897
286,0.3,0.6242633212122977,0.8357820989205229
287,0.3,0.6847591970350645,0.7997262288588067
288,0.3,0.625398977131574,0.8836746035273553
289,0.3,0.7483825728513838,0.9745694602377405
290,0.3,0.6138573631813041,0.9121623464210282
291,0.3,0.63204058899051,0.9001352711033377
292,0.3,0.5146536167441794,0.8500809878148791
293,0.3,0.7448291355643757,0.9024777562253026
294,0.3,0.5568398219577624,0.8599321639042994
295,0.3,0.7418032142785645,0.9652370190169652
296,0.3,0.6716583880009993,0.8655343293868771
297,0.3,0.7115678373726909,0.9401115664477084
298,0.3,0.7090273050692862,0.9654111519751919
299,0.3,0.6368736771489093,0.8718001552730982
300,0.3,0.6720843314541071,0.9096272486417808
301,0.3,0.5706028951119909,0.9406500776707392
302,0.3,0.738748291526033,0.8988296306896383
303,0.3,0.7401554351798871,0.9097667249313599
304,0.3,0.749413842095486,1.0068220477580558
305,0.3,0.6625120732860291,0.9291888681376137
306,0.3,0.6609266327508578,0.8891236649832596
307,0.3,0.6790928522414738,0.8869117094221084
308,0.3,0.5448119868938881,0.9146392906045684
309,0.3,0.6085784717413179,0.809044151365939
310,0.3,0.38193267259894637,0.8737857778499524
311,0.3,0.7454852327665115,0.9288510741455294
312,0.3,0.45602243032104833,0.9048470974109535
313,0.3,0.7514930081100802,1.002230679947995
314,0.3,0.7471234815387334,0.9538460960578042
315,0.3,0.7537857976556077,1.037118460494341
316,0.3,0.480771533360729,0.8256101692225414
317,0.3,0.6171752417502563,0.9594952054898935
318,0.3,0.7384383453426647,0.9087125372572074
319,0.3,0.7106372261810981,1.0181318325752737
320,0.3,0.7394698936394888,0.9832484470803466
321,0.3,0.5448297517438321,0.7527027411506624
322,0.3,0.681171225955841,0.912402032053439
323,0.3,0.7519795486238947,1.0206644725767453
324,0.3,0.47379774554089865,0.9028482164291206
325,0.3,0.7492602533691542,1.0074245439896767
326,0.3,0.7383903842284415,0.9548010288332112
327,0.3,0.613068273942385,0.86216121596774
328,0.3,0.6957206492480801,0.9373027298824704
329,0.3,0.5895280820942571,0.8534393545083725
330,0.3,0.7399783088056291,0.9914388692358568
331,0.3,0.5402993191976129,0.9555725286286747
332,0.3,0.732190965058448,0.9119558299778465
333,0.3,0.4339652707752248,0.9052215887373423
334,0.3,0.6736984082083526,1.0433872609003847
335,0.3,0.5685689064975412,0.7658832389785586
336,0.3,0.6643375075037787,0.8653978904628842
337,0.3,0.7497618907310302,0.9916585190320084
338,0.3,0.5580045758772455,0.8821378447494567
339,0.3,0.6908634096969476,0.8854203973471917
340,0.3,0.5901292098800462,0.9182286762799902
341,0.3,0.3856224529394852,0.940589959596948
342,0.3,0.7439264295839338,0.9479798390805235
343,0.3,0.7109816605779576,0.9748200258739455
344,0.3,0.5855068003095624,0.8564059773688181
345,0.3,0.7018958278465965,0.8772645627623921
346,0.3,0.6889677810850988,0.9012410467555085
347,0.3,0.5679352644515387,0.9381046175394754
348,0.3,0.6629930621203869,0.8967118215774074
349,0.3,0.7450474923785827,0.9582606966982794
350,0.3,0.6591848941927235,0.9553382932380539
351,0.3,0.582440443080532,0.9441048715600135
352,0.3,0.5720117264679103,0.9067534685086291
353,0.3,0.32978789743440745,0.955135618957878
354,0.3,0.6246333278444285,0.9295578179989377
355,0.3,0.5755924279293665,0.7937188085095779
356,0.3,0.6002796656718252,0.8834365799660084
357,0.3,0.6673232812023824,0.8221035927273621
358,0.3,0.5881093605787289,0.9455718749575215
359,0.3,0.7420535938486549,0.9522017671909222
360,0.3,0.6554319721853088,0.8262344354560175
361,0.3,0.4599074390430313,0.8192023646746392
362,0.3,0.5239868833260781,0.9813634599215573
363,0.3,0.6283085585028424,0.7854820130393236
364,0.3,0.3834628322098443,0.9046262283386208
365,0.3,0.5507889349061375,0.9211280449602451
366,0.3,0.7426436598144088,0.9391580053374226
367,0.3,0.7406568697121549,0.8916723922892196
368,0.3,0.4891478895478422,0.85419140653769
369,0.3,0.7482774672044783,0.968882879520497
370,0.3,0.6154740890869789,0.9253971300454215
371,0.3,0.7416870614891585,0.9193104386967945
372,0.3,0.752219366296818,1.0067995938493866
373,0.3,0.6779556493936635,0.9172114911674127
374,0.3,0.699813664985829,0.8652756882447631
375,0.3,0.5139999673409833,0.8964081439835593
376,0.3,0.7346891455461382,0.9113643042623906
377,0.3,0.45691309198758595,0.8746083261971545
378,0.3,0.463126539960534,0.7978476443533438
379,0.3,0.6820493869372,0.8400585846442011
380,0.3,0.6554840303435319,0.9370410522578023
381,0.3,0.6051021715999861,0.9281703087538188
382,0.3,0.2055031818092793,0.7460950782680653
383,0.3,0.5711071997390575,0.8467237857208009
384,0.3,0.5726816515602217,0.916215419278348
385,0.3,0.7025938617386119,1.0016264327506976
386,0.3,0.39962362189853046,0.8906831133852422
387,0.3,0.7499750615429744,1.0284951881889053
388,0.3,0.6205006714905991,0.8217929088570152
389,0.3,0.7339362046047644,0.9015838640100619
390,0.3,0.6229816524169117,0.9071624175510661
391,0.3,0.7457196981248352,0.9888793582026407
392,0.3,0.6706944655981567,0.8676139868567176
393,0.3,0.6331505512857224,0.8766300509825881
394,0.3,0.33825018569189436,0.9792563960495791
395,0.3,0.7082168072316423,0.9473967621720601
396,0.3,0.7415222947883159,0.9868673075724701
397,0.3,0.7555073915123792,1.0306043512559384
398,0.3,0.6866263252904249,0.922049852748512
399,0.3,0.7508068437951088,1.0122784806637204
400,0.3,0.7522382764560835,1.0244896081846668
401,0.3,0.19778268241939126,0.9465318808315645
402,0.3,0.6487946114741717,0.8715312455641645
403,0.3,0.507443360796185,0.8497829944669967
404,0.3,0.6858367467570927,0.9811571213720433
405,0.3,0.6403999358005098,0.8802836568198996
406,0.3,0.48126931215070945,0.9592598736078249
407,0.3,0.7500498504555106,0.9827553901873957
408,0.3,0.7447405862900607,1.0580593770536069
409,0.3,0.5993775675845133,0.8720455264619877
410,0.3,0.5564510847646735,0.9055399532549235
411,0.3,0.6884582550738513,0.9464149319804837
412,0.3,0.5003440307597806,0.8748483856969314
413,0.3,0.7468724387053218,0.9685463896419265
414,0.3,0.4606872609867446,0.9344326428216464
415,0.3,0.6052727598106883,0.9355412499524554
416,0.3,0.7458881955223864,1.0434747455401685
417,0.3,0.7007540056073355,0.9613899239434048
418,0.3,0.6910440401539222,0.9661322856528654
419,0.3,0.7491312511189814,0.9903785315001087
420,0.3,0.6084094433802822,0.9180452498862027
421,0.3,0.55897666606593,0.9653270170709926
422,0.3,0.7399924444207974,0.981683627860337
423,0.3,0.6871355496343111,0.9984506846804871
424,0.3,0.32467530143898526,0.9324837119527777
425,0.3,0.7101700079474649,0.885255656067732
426,0.3,0.7554624966601444,1.1014359288209643
427,0.3,0.5807513119516934,0.9546500625016925
428,0.3,0.49926803892619126,0.8281430240294283
429,0.3,0.5174775142041671,0.9300552837842184
430,0.3,0.6833615446774364,0.9910186146258675
431,0.3,0.557691747698064,0.8519724234972147
432,0.3,0.7101795646849648,0.9876514859362588
433,0.3,0.5689947908811167,0.9247759997266868
434,0.3,0.5062575464058114,0.8993906029236025
435,0.3,0.5899428965439878,0.9307781562135523
436,0.3,0.7050557414961064,0.9314313909095502
437,0.3,0.6653512105054573,0.8715636509398815
438,0.3,0.5746002653228035,0.9663255647964785
439,0.3,0.0,0.8364968861833395
440,0.3,0.6194655527248869,0.8758011857827391
441,0.3,0.7489349068578143,1.0557678258531114
442,0.3,0.6880252437122468,0.924183596068349
443,0.3,0.6931504631422419,0.9944951050884081
444,0.3,0.7088360543018051,0.8842037860633852
445,0.3,0.7449803571309042,0.9984621734347748
446,0.3,0.6171411226553464,0.851983857200734
447,0.3,0.7397708396289646,0.9184918585430621
448,0.3,0.7050919617610316,0.9526591202880645
449,0.3,0.5825657191055421,0.8969893451059128
450,0.3,0.7527338520002197,1.0758609115705813
451,0.3,0.7111562073257613,0.9325560164531246
452,0.3,0.6179380160451384,0.9308818411937249
453,0.3,0.748775114995918,1.0165262381516051
454,0.3,0.7567061190276417,1.082005825788478
455,0.3,0.6675390554261204,0.9323777863483633
456,0.3,0.7480337267161724,1.0206898337197405
457,0.3,0.44159090276938373,0.9364693837196513
458,0.3,0.7096907692876836,0.827282090487467
459,0.3,0.34675312229669425,0.7469336502973077
460,0.3,0.6335561680065971,0.9260196149756176
461,0.3,0.708195364292865,0.9553028660920355
462,0.3,0.3234783348653815,0.8634625898255822
463,0.3,0.6314542109170597,0.8525551895320262
464,0.3,0.7030165926665207,0.8445084569639227
465,0.3,0.5652258367888879,0.9464649255743041
466,0.3,0.7428311994640328,0.9746964584297629
467,0.3,0.7085131200058716,0.9806164280161963
468,0.3,0.6913420294769779,0.9538251673485932
469,0.3,0.5266801039414867,0.8496092156030343
470,0.3,0.6279208675950595,0.9478276802893872
471,0.3,0.7493908578121129,0.9797888156995312
472,0.3,0.5735860724088946,0.8957125626229323
473,0.3,0.7464495269995511,1.0414461395249515
474,0.3,0.5941314050457053,0.9550701129298332
475,0.3,0.6697986087519148,0.9070716586032616
476,0.3,0.5524691290223755,0.8618578487963479
477,0.3,0.6745506277286002,0.9165047783383024
478,0.3,0.5723240211238085,0.8357695178419318
479,0.3,0.7489311399123413,0.9732262850185607
480,0.3,0.6365785255699218,0.9272453904525045
481,0.3,0.7485195406685679,0.9931753478455922
482,0.3,0.636277267101291,0.879144247886454
483,0.3,0.6975688671204249,0.8883127676391578
484,0.3,0.7394937881156758,0.9212380361010721
485,0.3,0.7511694199391868,1.0613879971001743
486,0.3,0.7468116684750479,0.9930227749997036
487,0.3,0.6631579693517143,0.8594270487402585
488,0.3,0.7475194691857824,0.9517061156336888
489,0.3,0.6811442995989735,0.918148892821559
490,0.3,0.7485568366131202,1.0259431669352863
491,0.3,0.704910399601502,0.9392797832249021
492,0.3,0.5499031625382906,0.7257520148010632
493,0.3,0.7416533729141338,0.9383924968493009
494,0.3,0.5833998347177607,0.8953428717541304
495,0.3,0.5743458592967035,0.8969996645743338
496,0.3,0.7498621485994962,1.0452418191195694
497,0.3,0.7518446721074352,1.0893369923630025
498,0.3,0.6365353235638926,0.8751053226970662
499,0.3,0.7352357089436963,1.009636863790897
500,0.3,0.5553353817367643,0.9474610615837642
1,0.25,0.7399508260859237,0.9565090245743963
2,0.25,0.5709614091077077,0.7153562941094262
3,0.25,0.7544602674424551,1.0998523494848582
4,0.25,0.38465860439570954,0.8889033549136239
5,0.25,0.6296129609688956,0.951853030501531
6,0.25,0.7048906416943395,0.9047848175274346
7,0.25,0.711295164339051,0.9787163070403939
8,0.25,0.6858005363361138,0.9019889349532885
9,0.25,0.6965246333045381,0.8324216671954326
10,0.25,0.6932492498623639,0.9562046461646511
11,0.25,0.6730043873816832,0.9485038768274721
12,0.25,0.7472008581198611,0.9061725170569936
13,0.25,0.6446362069378937,0.934958720113285
14,0.25,0.5769572003805028,0.7503967888104762
15,0.25,0.6205753048852353,0.8684641200971104
16,0.25,0.6682984374362086,0.8795536225102353
17,0.25,0.5767817237132989,0.9545661221230636
18,0.25,0.5763702070502043,0.8637242746796973
19,0.25,0.6598843132211576,0.8438235511411745
20,0.25,0.7405052335304306,0.8936750153228388
21,0.25,0.32960118235498065,0.7852392437771641
22,0.25,0.7518121000067814,1.0212163342633471
23,0.25,0.7505255786523995,0.9708304896270376
24,0.25,0.7404896504204656,0.9016147805729491
25,0.25,0.6875674524487098,0.9374402592009106
26,0.25,0.5005396004020988,0.7440616644860854
27,0.25,0.6910715239506691,0.8367506003240801
28,0.25,0.7098042306044225,1.0005639037353922
29,0.25,0.6853584706036019,1.0048345633251354
30,0.25,0.700579318181663,0.886680569940225
31,0.25,0.7409823390665499,0.9131442763334995
32,0.25,0.7411462157519996,0.8809138843691507
33,0.25,0.5661877121148711,0.9315797289876483
34,0.25,0.39675024864719144,0.7885222019465924
35,0.25,0.7095312142797013,0.9321645442632854
36,0.25,0.5546393568887631,0.9059149972044943
37,0.25,0.7430355910598448,0.9948838845539528
38,0.25,0.46571860976963897,0.9134491178216527
39,0.25,0.7474252410671476,1.0426236346159816
40,0.25,0.4300483181836355,0.9075342348467498
41,0.25,0.7109516216777735,0.8496863370578939
42,0.25,0.6010895787932186,0.9053962719666379
43,0.25,0.6967349396461348,0.9751029200702805
44,0.25,0.5747704390017607,0.8877203766951719
45,0.25,0.641820865634029,0.9216409792958021
46,0.25,0.7416688997602748,1.0591276528571825
47,0.25,0.7433064574762338,0.9973156271794321
48,0.25,0.7442863163086347,0.9440959279672186
49,0.25,0.5616041658990253,0.8506772443563443
50,0.25,0.5514595365056891,0.9191329871014563
51,0.25,0.5500664224288919,0.8818721232405431
52,0.25,0.6721685022833789,0.9122922217355381
53,0.25,0.7505062915864205,0.9685863349037597
54,0.25,0.7380883437761042,1.0204220214063227
55,0.25,0.5315385598312306,0.9132285996654286
56,0.25,0.7528012390620074,1.019466454752912
57,0.25,0.6966268016195565,0.9378156112319673
58,0.25,0.7493423567937275,0.9285151258152536
59,0.25,0.7423096292666375,0.9881427474025415
60,0.25,0.7458087165743601,1.0284070840779895
61,0.25,0.451371420957384,0.9125082353430602
62,0.25,0.4891254180617245,0.7901432838855006
63,0.25,0.71116058986821,0.9480924583024987
64,0.25,0.7402991986009712,0.8682935259617266
65,0.25,0.6314987310987495,0.8814824046722669
66,0.25,0.5539097827995736,0.8874329156141467
67,0.25,0.43874011559664566,0.9576747660817267
68,0.25,0.7485569592654822,0.9330813051889433
69,0.25,0.6895661774968853,0.9366514109550528
70,0.25,0.6796343887333423,0.8615072098555473
71,0.25,0.742833642925477,0.9607033441919439
72,0.25,0.6964932480956825,0.9820906450599975
73,0.25,0.6295480605136784,0.9168478312944723
74,0.25,0.7490418047635876,1.0533101222946775
75,0.25,0.6312027165385021,0.8659798349568792
76,0.25,0.7491168544369221,1.0275367207272532
77,0.25,0.6743823266552516,0.9055183866277953
78,0.25,0.6280725052108145,0.9196050395973256
79,0.25,0.7432609194020573,1.0145577873593004
80,0.25,0.7517268515908889,1.0634111056446747
81,0.25,0.7482908287369232,0.8861898159936398
82,0.25,0.7502058895610064,0.9735305651577911
83,0.25,0.7102965328802358,0.8656784034299025
84,0.25,0.6047748161083041,0.7398234385678504
85,0.25,0.5860338892212316,0.8590670589830207
86,0.25,0.4667358249890124,0.876714463376001
87,0.25,0.7538073983600984,1.0204725615119337
88,0.25,0.38954709705943524,0.7926426655871617
89,0.25,0.6676618997102991,0.9301731472875434
90,0.25,0.7451711263361582,0.9922924940345865
91,0.25,0.6989244931422879,0.9944484456074879
92,0.25,0.6838897284288445,0.9261098971167978
93,0.25,0.6927059713352715,0.8756623480704141
94,0.25,0.6251029759183269,0.9572741019396143
95,0.25,0.6575849168614293,0.9364459115928339
96,0.25,0.4485567412039097,0.8080846427389602
97,0.25,0.6991736471499183,0.9036892390547271
98,0.25,0.5848154755812532,0.7259617888630173
99,0.25,0.7423005520364663,0.8729606721648722
100,0.25,0.7108555721229829,0.8778599158855126
101,0.25,0.5755489026227697,0.8912884225349352
102,0.25,0.7443228499472136,1.0419376663042892
103,0.25,0.6154742265972369,0.9258280075986123
104,0.25,0.7386092125932097,1.0180709848552287
105,0.25,0.6471688539845505,0.9080072127408156
106,0.25,0.7000575607865066,0.9173044387316142
107,0.25,0.7463226235717021,0.9784615270308028
108,0.25,0.6740547699368331,0.8337192548326059
109,0.25,0.6938371877051759,0.9595232696480845
110,0.25,0.6983455157086561,0.893431447591917
111,0.25,0.7384414565651748,0.9198896615008217
112,0.25,0.7112456009783175,0.8615989296063588
113,0.25,0.5431687583343103,0.7788718410621973
114,0.25,0.7421429154251705,0.8940103776253491
115,0.25,0.5688557732691703,0.8301563011727283
116,0.25,0.5826478457678719,0.9163246933978767
117,0.25,0.6831159923162484,0.9696337475748976
118,0.25,0.7537410401649863,1.0612210789683492
119,0.25,0.6996379460495465,0.9129066852330766
120,0.25,0.7528022528128442,1.0853473951626942
121,0.25,0.6024353888197014,0.8625941309971727
122,0.25,0.7456992438974601,1.040520776745525
123,0.25,0.6083885181633033,0.9025175282646262
124,0.25,0.71006780778993,0.9103425253824089
125,0.25,0.2281830085875443,0.9324015484918293
126,0.25,0.672595811590525,0.8735145735505663
127,0.25,0.5643560341233245,0.9156493505127222
128,0.25,0.5109631521277173,0.8171801198825739
129,0.25,0.7404504026841692,1.0102601347915838
130,0.25,0.7492881421850816,0.948855710587854
131,0.25,0.7496736597933216,1.0089104398131155
132,0.25,0.7022634013620457,0.9893413018254891
133,0.25,0.7347910115388012,0.892736517064771
134,0.25,0.7400801500868918,0.9626370600155372
135,0.25,0.3810062943304402,0.945821529350576
136,0.25,0.7323201067740972,0.9213926812751766
137,0.25,0.7089282154522426,0.933382628854046
138,0.25,0.7550852190931128,1.0152856282715195
139,0.25,0.7392210597479258,0.9562401462300664
140,0.25,0.5354268928830669,0.7763003833556176
141,0.25,0.7523712354489419,1.0580278861256653
142,0.25,0.7041973529740924,0.9666059491989566
143,0.25,0.5719355396809145,0.9178915412627618
144,0.25,0.5813130020322412,0.7823730062639604
145,0.25,0.7474374330226723,1.0013075100322126
146,0.25,0.37720645923826995,0.9101772971879535
147,0.25,0.7466461134575174,0.960243020245975
148,0.25,0.7396925115510424,0.9729931571622283
149,0.25,0.7413738366062519,0.9579459646526864
150,0.25,0.7502135377493013,1.0059015997414087
151,0.25,0.6003531629307559,0.901612096560975
152,0.25,0.6752710410534645,0.8922931403499891
153,0.25,0.627719369700402,0.9459313039467747
154,0.25,0.7058331582133242,0.9461374909181456
155,0.25,0.4022155442961181,0.9750311994565646
156,0.25,0.7092566289969247,0.9814608426436148
157,0.25,0.708611040160401,0.8280316847137029
158,0.25,0.5743660319502997,0.8914429472830413
159,0.25,0.6990935772799238,0.9869574507677047
160,0.25,0.6108271483222252,0.9381431809697526
161,0.25,0.39311390927618983,0.8938040709232953
162,0.25,0.6753111106722952,0.8897903514746861
163,0.25,0.6605333068473902,0.783407756247975
164,0.25,0.22894319254474504,0.8539209619063112
165,0.25,0.6926515121976966,0.9399321637780224
166,0.25,0.5142526000048292,0.8096657772446206
167,0.25,0.6427653047529176,0.9631885743930148
168,0.25,0.34163659636404053,0.8412952691843105
169,0.25,0.588749576052922,0.9395588184489851
170,0.25,0.6786743172054981,0.9264630460731265
171,0.25,0.7470317889280391,1.0104448082895667
172,0.25,0.7422640478865026,0.9035971446632735
173,0.25,0.6599419739181831,0.8839572343913934
174,0.25,0.6695302484068895,0.7925212002248995
175,0.25,0.7535226035798451,1.0536925597546503
176,0.25,0.7487510459543162,0.906693562937351
177,0.25,0.7434821015789774,0.9132264062981521
178,0.25,0.7360776720997606,0.9423495113631718
179,0.25,0.7062494248971017,0.9633960769986777
180,0.25,0.7113866865473949,1.0199985302225625
181,0.25,0.7353059540502969,0.9939835606154587
182,0.25,0.5759799009719552,0.897244215408648
183,0.25,0.7429081415231777,0.9040479509079181
184,0.25,0.7480048149687504,1.0463866215885242
185,0.25,0.7106359002429319,0.9551454172280214
186,0.25,0.7396095892817964,0.9853299723311975
187,0.25,0.7345134649148732,0.9307742235984076
188,0.25,0.6415755178999729,0.9362447805857331
189,0.25,0.28618731311073653,0.8734022434657714
190,0.25,0.6177413566357618,0.9157061554204783
191,0.25,0.6671071323379825,0.9068165812615026
192,0.25,0.5487542101978709,0.9322008085233434
193,0.25,0.19377919415562286,0.9419018999693278
194,0.25,0.4371651102073215,0.8893417676967712
195,0.25,0.6097772734048721,0.9528916512324801
196,0.25,0.6936392224476258,0.8320662197779174
197,0.25,0.7485900007216668,1.0167436569149175
198,0.25,0.7045663945493016,0.9251425876944289
199,0.25,0.6095313181674821,0.9155448326148939
200,0.25,0.7480327496125609,0.9066382922090996
201,0.25,0.7393767225854916,0.9195527995845277
202,0.25,0.7397419367989018,0.8609403342652242
203,0.25,0.7524783876717642,1.0249004693906598
204,0.25,0.749692015207817,0.9868311571925952
205,0.25,0.742046919958178,0.8824026227909223
206,0.25,0.5694463773376147,0.946270605055715
207,0.25,0.5129977217524141,0.9266302652412903
208,0.25,0.6851114711536483,0.8589194319205806
209,0.25,0.5780071976922503,0.9612841908687892
210,0.25,0.7377651043016019,0.9813206911355744
211,0.25,0.6275959294431314,1.0025162396197174
212,0.25,0.5149154562476245,0.9314703743408195
213,0.25,0.5834797391123372,0.9102690351297615
214,0.25,0.6654864299706147,0.9335986435626842
215,0.25,0.5442744758090793,0.9691075636182278
216,0.25,0.6470982030506547,0.7948558448449254
217,0.25,0.7070599136206948,0.9484410673406638
218,0.25,0.6993356589776616,0.967479795191934
219,0.25,0.7354195708966456,0.9429955103763951
220,0.25,0.6225256102232647,0.9046718891115095
221,0.25,0.4292358518919647,0.9453518752105553
222,0.25,0.5284335480935446,0.9377594685582786
223,0.25,0.6546866406109715,0.7621062519636861
224,0.25,0.7421973046857574,0.9776003551720175
225,0.25,0.6851249785290944,0.9079480056437396
226,0.25,0.39769340022554617,0.8939646194554125
227,0.25,0.7412178118146533,0.8659058084797522
228,0.25,0.746068228061575,0.8918178082783469
229,0.25,0.7462937497975112,1.0276770696184183
230,0.25,0.7395798357908487,0.8995421128719019
231,0.25,0.6651874877868444,0.8974752306367032
232,0.25,0.67385970293179,0.9506100947566524
233,0.25,0.7496507891453253,1.0311562427661487
234,0.25,0.7415773603938837,0.9885205725692302
235,0.25,0.5014790447817697,0.922344592825397
236,0.25,0.479850410172294,0.7602628860725679
237,0.25,0.5078779510970367,0.8071886302175246
238,0.25,0.73551494866465,1.0042464027453677
239,0.25,0.7457239586889394,0.9157189695332252
240,0.25,0.6071629381241301,0.8961744336368276
241,0.25,0.7491757469450606,1.0243404490143826
242,0.25,0.5569689116474547,0.8458097595828525
243,0.25,0.7456937088965684,0.964362279516503
244,0.25,0.7000385272143353,0.9126710811791973
245,0.25,0.384285240789451,0.8170868878448427
246,0.25,0.7433158125355389,1.0100664747161652
247,0.25,0.7102520220523445,0.9186901647729121
248,0.25,0.6188474272651548,0.8787364231780466
249,0.25,0.6700955914359378,0.9098427016672945
250,0.25,0.4590299361299166,0.7296357948979308
251,0.25,0.6980996727800437,0.8952318268273172
252,0.25,0.6258633818148532,0.9401102793488763
253,0.25,0.7406382084337523,0.9725528537798112
254,0.25,0.616609486015843,0.8420782596264923
255,0.25,0.6640018396960298,0.9197528886319468
256,0.25,0.648109610384375,0.8871029653688561
257,0.25,0.5558457679298106,0.8948065580918979
258,0.25,0.7107787795469589,1.03025398213718
259,0.25,0.745919439648419,0.8961958880245486
260,0.25,0.7470622153932772,0.9243655485487259
261,0.25,0.6816425111427337,0.7997579496413613
262,0.25,0.7544837904727658,1.0076069004193169
263,0.25,0.7521129433849428,1.0036931727066019
264,0.25,0.328163158842755,0.848278528048726
265,0.25,0.39419547718322007,0.8689954220205943
266,0.25,0.6497471414486643,0.9107425306780756
267,0.25,0.4948707639776393,0.8060301103429096
268,0.25,0.5460133135048411,0.8904711805550611
269,0.25,0.5018306316446058,0.8245393605913502
270,0.25,0.6084109026377332,0.926413089680704
271,0.25,0.7519998602238145,0.9644433937467911
272,0.25,0.5416579444454509,0.7725885986140965
273,0.25,0.7493738783397433,1.0332365612157233
274,0.25,0.7411384516326858,0.9993067710883236
275,0.25,0.5944933087043519,0.9452561358625579
276,0.25,0.7408977333786675,1.001660406575197
277,0.25,0.5860290551914488,0.9154402675729165
278,0.25,0.4882372988801812,0.8775685836724506
279,0.25,0.7531134272561265,1.0513659688679828
280,0.25,0.6894230915988101,0.935926744169406
281,0.25,0.7410886610158566,0.8907765521448077
282,0.25,0.5588001648926637,0.8904202377735657
283,0.25,0.6829596806000438,0.9344020606329058
284,0.25,0.6161809405995116,0.9277366836065581
285,0.25,0.5553598261230136,0.756848421282687
286,0.25,0.6980096941523589,0.9491337793147367
287,0.25,0.70331077806145,0.9102429646411828
288,0.25,0.7436356038429459,0.9184066028633767
289,0.25,0.6718032193723632,0.9553503348411847
290,0.25,0.7012757276863728,0.9914426177923286
291,0.25,0.7453108141503808,0.9224221324168422
292,0.25,0.6020713358918123,0.8208047881254068
293,0.25,0.6117082550934683,0.9489046988382138
294,0.25,0.6309250847382978,0.8175175698868666
295,0.25,0.7432648833065884,1.0169673380822235
296,0.25,0.5255757915968634,0.9045171084764736
297,0.25,0.6730926348415905,0.9425041383808153
298,0.25,0.7411207690246533,1.037578300935668
299,0.25,0.44377179111597703,0.9486729144680633
300,0.25,0.34059059011194787,0.9277872888276977
301,0.25,0.6532796231659675,0.9643105743057857
302,0.25,0.742600139616586,0.9957198299479584
303,0.25,0.613997300497841,0.9507304438956483
304,0.25,0.741702710787826,0.9876046846600602
305,0.25,0.7364812096615154,0.9714907914517769
306,0.25,0.6084142661586268,0.8968020767696188
307,0.25,0.7486468748093122,0.9489631882817593
308,0.25,0.6222466330036771,0.8919188106283453
309,0.25,0.5734016379828621,0.885560403390196
310,0.25,0.7538931753017368,1.0571492374590319
311,0.25,0.7113439565103338,0.8945152461235074
312,0.25,0.6591733181083649,0.927230680373712
313,0.25,0.5970519317231487,0.8223307754301378
314,0.25,0.6957699319923819,0.9549293900261688
315,0.25,0.6142409619553901,0.9085618473110869
316,0.25,0.7483382791542342,1.0245014565457282
317,0.25,0.6964663296596854,0.9507342677027245
318,0.25,0.3779718101143785,0.7742899397051333
319,0.25,0.4591615322305055,0.8333054301106921
320,0.25,0.7084052811696575,0.9969567358876524
321,0.25,0.5942614030216534,0.9429352108827417
322,0.25,0.6724638991246501,0.9863131686681669
323,0.25,0.743358039109714,1.0048453336561358
324,0.25,0.3345084265958207,0.8730652719413292
325,0.25,0.7494074094185869,1.0563793714527256
326,0.25,0.7521303567893464,1.0414326806987322
327,0.25,0.6010503345471666,0.9404795770585767
328,0.25,0.5667134929461297,0.751120208658575
329,0.25,0.6318176962587808,0.8985705245164939
330,0.25,0.7495282791294686,0.9956203226205145
331,0.25,0.7439288374584083,0.8840893917173295
332,0.25,0.6837107216028062,0.94267597536813
333,0.25,0.7407348893852365,0.8344744114895374
334,0.25,0.6221566793931953,0.8715284781740118
335,0.25,0.6372648697980035,0.93950984142864
336,0.25,0.4791522368664933,0.8099233255214733
337,0.25,0.7382524481624543,1.0038548530084974
338,0.25,0.7411821870504246,0.9411776823968845
339,0.25,0.6692464741627046,0.9765806111957984
340,0.25,0.6321365349006101,0.8864746727935507
341,0.25,0.7478308529330525,0.9440596929127268
342,0.25,0.7456658986133833,0.9011143682663474
343,0.25,0.6341775256993912,0.9615003672540873
344,0.25,0.5572248992010308,0.9163062384913219
345,0.25,0.603683345330338,0.9558731781590157
346,0.25,0.6716873264628807,0.9103624913241464
347,0.25,0.7032377500693154,0.9197453995783619
348,0.25,0.7100325752056414,0.8657501190179209
349,0.25,0.71132586145751,1.0215906856598753
350,0.25,0.7453870642157877,1.0367551051372756
351,0.25,0.7114788248242739,0.8930959630831692
352,0.25,0.7300592728852965,0.8474477607920113
353,0.25,0.7068960684082365,0.9617980575845828
354,0.25,0.6365033742351953,0.907508200492661
355,0.25,0.502883264622073,0.7979531807788477
356,0.25,0.7413929219624956,0.9042997172480722
357,0.25,0.5895840835430756,0.9082313757128011
358,0.25,0.750064450347752,1.014007006027762
359,0.25,0.7500836917617757,0.9728053776421742
360,0.25,0.7455599450179939,1.0274303299884018
361,0.25,0.6702696588376681,0.8926147305961177
362,0.25,0.6956490033715088,0.943208398930897
363,0.25,0.6140676920855985,0.8409680846220636
364,0.25,0.7413670835803972,0.8961074906479871
365,0.25,0.43137501845039034,0.7126497444570309
366,0.25,0.7360525822978572,0.9573542370555251
367,0.25,0.45557585269874884,0.8986844274456802
368,0.25,0.7427609517962596,0.9534260364452778
369,0.25,0.5681330230020271,0.9221420751080773
370,0.25,0.6319323561159389,0.8638291679393949
371,0.25,0.7399246957400406,0.9073615902056925
372,0.25,0.6124767962314928,0.8278007740374391
373,0.25,0.5521919912868994,0.9332168381564507
374,0.25,0.7423413832011251,0.961082496439036
375,0.25,0.6939808529764101,0.8775926102219155
376,0.25,0.7463402495640963,0.9830344625847367
377,0.25,0.6478933364599648,0.9085712902464899
378,0.25,0.6486891925591071,0.9825998112120581
379,0.25,0.6171672078146608,0.8685504192107353
380,0.25,0.6388757774688896,0.8842342914166685
381,0.25,0.6322742772172133,0.8719270859475536
382,0.25,0.4331142272180567,0.8293700062794322
383,0.25,0.7488188654652344,0.8944767719185691
384,0.25,0.7080591347474734,0.989448225502299
385,0.25,0.7432511202253624,1.0172748931717612
386,0.25,0.7403958782544142,0.9430088639596513
387,0.25,0.6975150829953054,0.9633688317774811
388,0.25,0.5469274307148644,0.8090398247317987
389,0.25,0.5454280258220655,0.7910210653206456
390,0.25,0.6973275745603165,0.9048162586967547
391,0.25,0.6362030765734084,0.7854780575179838
392,0.25,0.7103747949483227,1.0038941920253996
393,0.25,0.39070398313224913,0.8319066850314109
394,0.25,0.742571212633789,0.9727610739927147
395,0.25,0.5854240832443264,0.9336483534427513
396,0.25,0.5724665303652507,0.8825848054541722
397,0.25,0.46358556849137555,0.8751387029234693
398,0.25,0.7105996033835635,0.9102154137302532
399,0.25,0.6129894511528968,0.9604249357932348
400,0.25,0.7056217792527959,0.8875571094379751
401,0.25,0.5130735333105404,0.9153209033147125
402,0.25,0.4320885640433029,0.8933742083068964
403,0.25,0.6217072829418181,0.9770114851598904
404,0.25,0.7069137241448487,0.9800184041009596
405,0.25,0.4982680702923596,0.8863145946861076
406,0.25,0.7517166262593485,0.9915184619465743
407,0.25,0.7069605382345666,0.949869186629656
408,0.25,0.6712832171357175,0.9133469091606721
409,0.25,0.7113909058307873,1.0039510388699753
410,0.25,0.7411496433363918,0.9596339344920191
411,0.25,0.7033079503769127,0.8853054141657026
412,0.25,0.7011735205606239,0.9446381488919866
413,0.25,0.6133175741479494,0.9329294325303815
414,0.25,0.49374586680644494,0.894370678475172
415,0.25,0.7014937765306853,0.9733684410025129
416,0.25,0.7411969588790567,0.8889422916383608
417,0.25,0.49960442706796143,0.9344200027944553
418,0.25,0.7087642638898239,0.990948007842366
419,0.25,0.7498768599232982,1.0654029837232715
420,0.25,0.7406459730056341,0.9472072877040225
421,0.25,0.5487588896130574,0.9039747573219947
422,0.25,0.6932165125399254,0.9294811607238821
423,0.25,0.7405904033832766,0.9576246564860832
424,0.25,0.7362437106106808,0.972372767868786
425,0.25,0.5343269341098805,0.9069776263798006
426,0.25,0.6334491565842624,0.9482557769089708
427,0.25,0.6962003953134743,0.9347160073007408
428,0.25,0.7101324660241762,0.972400565659099
429,0.25,0.7020631658947237,1.0032705309512888
430,0.25,0.6663132053054048,0.817142334115507
431,0.25,0.475482114774945,0.8642320077766628
432,0.25,0.524983915188779,0.9262256977406474
433,0.25,0.710978521734218,0.9640203570569987
434,0.25,0.7405040886156413,1.045201283612549
435,0.25,0.7420174817870974,0.9667781962214245
436,0.25,0.21698276129066502,0.8381448719435938
437,0.25,0.5117252858750397,0.8978718518612046
438,0.25,0.6025259046578841,0.6828819949337446
439,0.25,0.7098799167112246,0.9345923774703263
440,0.25,0.708351168449858,0.9716257113210209
441,0.25,0.7106415520637789,0.9600309862675326
442,0.25,0.73473190713013,0.9677765978987679
443,0.25,0.7016895347005483,0.904077682543709
444,0.25,0.2632758496137649,0.8792767772688908
445,0.25,0.7390518205427519,0.832033320039977
446,0.25,0.46796380830759865,0.896209021888328
447,0.25,0.5097410136791618,0.9044917780308673
448,0.25,0.4939373619168098,0.9317306854389221
449,0.25,0.5618991428636017,0.9366199701578918
450,0.25,0.7541222681686711,1.0165282416716903
451,0.25,0.4571740925128944,0.9524223190744247
452,0.25,0.5598806111255125,0.978884947956373
453,0.25,0.4079974129693455,0.9006338398464127
454,0.25,0.6995382233273653,1.003667640130286
455,0.25,0.6583374077178908,0.9047847668612565
456,0.25,0.704832793037811,0.9521391134354567
457,0.25,0.7466782670681702,0.9915345660388419
458,0.25,0.7436908701415267,1.0199333794831624
459,0.25,0.42993827239575216,0.8386067861407941
460,0.25,0.6183765172192136,0.9537658700604359
461,0.25,0.6118556609544303,0.8670712995737714
462,0.25,0.7085390561023007,0.9476192164816241
463,0.25,0.6296574335734989,0.883626649028255
464,0.25,0.6404537833349464,0.9834526038120286
465,0.25,0.4418026145542281,0.9070871002650477
466,0.25,0.7386470735580264,0.8625394502464415
467,0.25,0.6513000819027538,0.9772383164444504
468,0.25,0.7454076066507912,0.995481660052476
469,0.25,0.6622512036030332,0.9351727582425519
470,0.25,0.7563851079872628,1.111206956947489
471,0.25,0.6781492397684217,0.9398870573271216
472,0.25,0.6646211247558153,0.9440724214811951
473,0.25,0.7358835352787908,0.938819887249309
474,0.25,0.6814205768910903,0.9428828332489184
475,0.25,0.7463214143385,0.9603335242069332
476,0.25,0.5670912684967602,0.8244238396997905
477,0.25,0.7396146109300988,0.8848176017223227
478,0.25,0.6651746806427942,0.8632601842225467
479,0.25,0.6829076714068278,0.8736080888246145
480,0.25,0.3980730236463796,0.8966519462064028
481,0.25,0.7470613081897977,1.0025149210751791
482,0.25,0.6088390075222455,0.8096620534491572
483,0.25,0.6162839772076252,0.9003395549353775
484,0.25,0.624487220051842,0.8462566752727253
485,0.25,0.745600048689922,1.0250635808671047
486,0.25,0.7501204794484658,0.9851308284465584
487,0.25,0.6139410964377746,0.8887550633823483
488,0.25,0.5839287541011665,0.9637010452353654
489,0.25,0.6107419391696471,0.8405031794795321
490,0.25,0.7048063024245711,0.8801570498763733
491,0.25,0.5688133240972801,0.9344556164767075
492,0.25,0.7073675557519565,0.9730992106559341
493,0.25,0.68005929087933,0.8866680850278836
494,0.25,0.7100214245949065,0.8576661150922522
495,0.25,0.7514037652464954,0.9352631830930462
496,0.25,0.7381774554454673,0.9421254802079388
497,0.25,0.6781758256203089,0.9285929718076811
498,0.25,0.2737587589864992,0.8591145410499361
499,0.25,0.6747469718729264,0.9230998027804093
500,0.25,0.3125932993858923,0.9018854248475011
1,0.2,0.6180289278608678,0.7367256443019151
2,0.2,0.6227539332041557,0.9132483132724499
3,0.2,0.618963411934004,0.9603755003064789
4,0.2,0.5514255548963353,0.9079430095257709
5,0.2,0.6337224840026373,1.0068849109779887
6,0.2,0.6152236463917847,0.8058371829980095
7,0.2,0.6230015176079952,0.9536827310053806
8,0.2,0.5628217042800756,0.9156392851309281
9,0.2,0.6277702026963683,0.9911313705088636
10,0.2,0.5097322850601286,0.9112334436711171
11,0.2,0.610550470169505,0.8675923108271111
12,0.2,0.6154415807643393,0.8631815289550263
13,0.2,0.6357470133479458,0.9555284326570473
14,0.2,0.6341577198216541,1.0059414111839815
15,0.2,0.6333527880148278,0.9483044625339654
16,0.2,0.49321193335647673,0.8819789760694027
17,0.2,0.627595052668727,0.9767400549282549
18,0.2,0.6125257862487208,0.9255252097411258
19,0.2,0.6324692648438083,0.8553226056568871
20,0.2,0.6301460474709325,1.0015697529795344
21,0.2,0.437093091780675,0.8844280941894231
22,0.2,0.6176038013509191,0.9340321251205576
23,0.2,0.6224161139629895,0.9405257836184124
24,0.2,0.626513032225359,0.9597904003024227
25,0.2,0.6203901483910632,0.8840385919084954
26,0.2,0.6225599427561653,0.9256049752207183
27,0.2,0.6360007157951764,1.0200232145620383
28,0.2,0.6208220212694346,0.8891477541392876
29,0.2,0.6266909999167976,0.9789039430568058
30,0.2,0.6136232604581666,0.9418739322204338
31,0.2,0.631917994762993,0.8916819843034682
32,0.2,0.6328766449649998,0.9538714553777002
33,0.2,0.5610653081469049,0.9393454983904522
34,0.2,0.635749508531204,1.0090119226182297
35,0.2,0.5281981323100944,0.8495924616866436
36,0.2,0.6254175013165765,0.9417930842993565
37,0.2,0.5490283086271248,0.7972483287592065
38,0.2,0.6140744105664414,0.81012281120392
39,0.2,0.6185901095522988,0.9486048512926654
40,0.2,0.609989533482867,0.9345246120486144
41,0.2,0.6135151464227092,0.8500577372977239
42,0.2,0.6286030219890312,0.9700624077329929
43,0.2,0.6264110202461705,0.9136847547262311
44,0.2,0.630212629580443,0.9847884098531421
45,0.2,0.516491229479468,0.8373099772279056
46,0.2,0.6180844223776999,0.996771724016476
47,0.2,0.6142296814418539,0.9110076339813726
48,0.2,0.5109398677163995,0.9578048098917099
49,0.2,0.6323079745657852,0.8871973731575424
50,0.2,0.6273046430746047,0.9664626839295049
51,0.2,0.6300405111655072,0.8238111807419434
52,0.2,0.6256545051618748,0.9733001335204882
53,0.2,0.6232692557958082,0.8416599425794232
54,0.2,0.6262103104665525,0.9124933721118784
55,0.2,0.4032723330035389,0.9265860312031505
56,0.2,0.6211092211561134,1.0054500057368099
57,0.2,0.6241150957629891,0.9894765365240525
58,0.2,0.6258065062243072,0.9211705510475002
59,0.2,0.6311988501584948,1.0074216017052229
60,0.2,0.5451868501591086,0.8199651220836015
61,0.2,0.6186218123305071,0.8201222444512851
62,0.2,0.6275980200273944,1.016755211392823
63,0.2,0.612852255544877,0.9693152365531504
64,0.2,0.565045790384529,0.8945382975154562
65,0.2,0.6248721300022909,0.9450813737453316
66,0.2,0.6188201750048766,0.930408913126004
67,0.2,0.6326431452564769,0.934371820308482
68,0.2,0.6106827082687677,0.8907397328208111
69,0.2,0.4156881592990355,0.9556105553283623
70,0.2,0.6287647198323024,0.820304866690864
71,0.2,0.6275325846467132,0.8577320794323924
72,0.2,0.3873436333887176,0.8651776076177278
73,0.2,0.6128534166877703,0.88421192374662
74,0.2,0.6284824994631428,0.9178256812794277
75,0.2,0.629378233113776,0.9973108488189113
76,0.2,0.6287269121341543,0.9427179610086599
77,0.2,0.5619592403917528,0.7861848456219123
78,0.2,0.6195817630571289,0.9933922012861909
79,0.2,0.6245116590729134,1.0037021579312966
80,0.2,0.6204602255031653,0.9465085967954749
81,0.2,0.5697259789842294,0.926332306334722
82,0.2,0.617654414195964,0.9983906434700265
83,0.2,0.6362492278963495,1.0344536300417941
84,0.2,0.4356362703500456,0.9094695909950652
85,0.2,0.6260379729324269,0.9632193941529086
86,0.2,0.6323389712318042,0.9699531927973157
87,0.2,0.6201596128143966,0.9060346581382831
88,0.2,0.6334409695918719,0.9372102280465762
89,0.2,0.5607636325942033,0.9862303438887012
90,0.2,0.6342910018872048,1.0295959037681537
91,0.2,0.6170577071545124,0.9586931589863092
92,0.2,0.6200235462500859,0.942348600575786
93,0.2,0.5610324844542453,0.8622384986814959
94,0.2,0.5798550590573988,0.9074682031123468
95,0.2,0.6352895256780526,0.9858843135939729
96,0.2,0.6186771516389507,0.8552447034358952
97,0.2,0.6348620651575038,0.9694241947018729
98,0.2,0.5789578587895775,0.8357269832695131
99,0.2,0.5476189782393859,0.8733601185465497
100,0.2,0.6321468910604313,0.9574070899036049
101,0.2,0.5835457836532258,0.7986253610718337
102,0.2,0.5883207653386536,0.9631445916897436
103,0.2,0.6345869105916404,0.9864146720822937
104,0.2,0.5023997025589695,0.883662200136821
105,0.2,0.6165226517416511,0.9648549450986773
106,0.2,0.6354563115990931,1.0098692030157708
107,0.2,0.6245540328597688,0.9814327924219081
108,0.2,0.45137885410763473,0.9393333588346595
109,0.2,0.6148243199699518,0.9530594772129657
110,0.2,0.6314495492100509,0.9784200599991312
111,0.2,0.6338639281249382,0.9658565401597607
112,0.2,0.6298379693375703,0.8679517707599141
113,0.2,0.6161738865375803,0.9118491431295114
114,0.2,0.5173518293523374,0.8174874255863067
115,0.2,0.5884128014639138,0.9336137055318332
116,0.2,0.6169402168622716,0.9355683311885972
117,0.2,0.6358617201683027,0.9916045562594459
118,0.2,0.6091518625272775,0.8739014379431743
119,0.2,0.6212360497400026,0.906072767366504
120,0.2,0.6130380821277187,0.9328294178390683
121,0.2,0.5616402341183804,0.8939401319630855
122,0.2,0.40959179055123673,0.9227653992551059
123,0.2,0.6252849356082477,0.997938489814235
124,0.2,0.6117174986271501,0.9236899018952733
125,0.2,0.5990137843673594,0.9529810354738709
126,0.2,0.6218000186695578,0.8400446974240906
127,0.2,0.6126639865868568,0.9179920536519567
128,0.2,0.602230854752111,0.8300928618809659
129,0.2,0.6246986746904748,0.8860587169910566
130,0.2,0.5218954217021698,0.8907435851038902
131,0.2,0.6197560939930056,0.9167304006564126
132,0.2,0.6298867615785144,0.8808978204619765
133,0.2,0.4837457209785156,0.9317144365608262
134,0.2,0.6131354539327105,0.9323471132967347
135,0.2,0.5432568775671857,0.9169523940825862
136,0.2,0.6210943934955853,0.9164487265620825
137,0.2,0.6030618662854184,0.9015899844834057
138,0.2,0.6335024569537647,0.9376035595845575
139,0.2,0.6361858804408366,1.0345917532228859
140,0.2,0.49653402118317413,0.848472241653471
141,0.2,0.6289483932237219,0.9112256842274817
142,0.2,0.3776200300364431,0.9249066791033336
143,0.2,0.6161233089652626,0.9625739089247992
144,0.2,0.6291907822815141,0.8709946782446623
145,0.2,0.3930846609564617,0.8671247684961311
146,0.2,0.612072364859489,0.853058746179338
147,0.2,0.6157442921306899,0.8841296168870858
148,0.2,0.6196765649796934,0.932734539216095
149,0.2,0.46178430109002366,0.7539014373997013
150,0.2,0.6333058178347419,0.9039048219225745
151,0.2,0.566894547326938,0.8589883335178498
152,0.2,0.6228107027705884,0.8310691077589517
153,0.2,0.6179212052218314,0.9491593835017959
154,0.2,0.6364771691368251,1.0183368391070797
155,0.2,0.6103384259003979,0.9429524759135313
156,0.2,0.6150030939755882,0.7863749506530904
157,0.2,0.6263992293094668,0.9498416834054745
158,0.2,0.6208983046321012,0.9609460244569082
159,0.2,0.6145310960539924,0.9122548732185924
160,0.2,0.6183170508347154,0.9150397420730095
161,0.2,0.5614957123261075,0.8773711468861681
162,0.2,0.4073121229120544,0.9462532210281147
163,0.2,0.5451106075925111,0.9036215446034007
164,0.2,0.44572918456270305,0.716584871979468
165,0.2,0.6295036571437388,0.9437823870656253
166,0.2,0.6253267722312909,0.9813214948408796
167,0.2,0.6114282699330549,0.8972990242836184
168,0.2,0.6318996911955067,0.9931895087759541
169,0.2,0.6285580872882292,1.0034507682797817
170,0.2,0.6306805602127845,1.0157554211365023
171,0.2,0.6313079250764028,0.94318128502921
172,0.2,0.5572844229124598,0.9181813070498384
173,0.2,0.6132086857170146,0.909735748360958
174,0.2,0.6163538189952537,0.9846063586044508
175,0.2,0.527572028307015,0.8518361064165064
176,0.2,0.611034776994112,0.7731029206676991
177,0.2,0.5066929796113897,0.9142419868976885
178,0.2,0.6155518796831739,0.8923280200863764
179,0.2,0.5526280684421543,0.9177720745181807
180,0.2,0.6358467662662604,0.8937520972497681
181,0.2,0.6240461235816854,1.0298807047960268
182,0.2,0.6298815410807312,0.9895030298393636
183,0.2,0.6247708689406319,0.9724466500081833
184,0.2,0.6190442432665025,0.9146770590946307
185,0.2,0.6121996574352212,0.9473729989567575
186,0.2,0.6363087112886833,1.0563668376859987
187,0.2,0.624986803234872,0.9648824806543556
188,0.2,0.5674215899638186,0.8402889309574215
189,0.2,0.6271870746564712,0.9296156075732104
190,0.2,0.5419828604701754,0.739613666311997
191,0.2,0.6342986756401974,0.9854385540865571
192,0.2,0.6113807058672845,0.8895387455032405
193,0.2,0.5791101231892892,0.9294656016529452
194,0.2,0.6336668926499183,0.9867498122680419
195,0.2,0.5278785265800715,0.9383574426702199
196,0.2,0.6315028976292766,0.9164743016487817
197,0.2,0.5256183636631762,0.7698341514617015
198,0.2,0.46494580085315507,0.7946233219123304
199,0.2,0.6262995294002391,0.9791464691901401
200,0.2,0.6147671518974641,0.9382198378538058
201,0.2,0.5901684969301217,0.9187746548962196
202,0.2,0.5772136313621278,0.9544214954898569
203,0.2,0.27978414833604076,0.9332119401963451
204,0.2,0.51963264234308,0.8343319910784333
205,0.2,0.5888370172844167,0.9118001059486037
206,0.2,0.6111965233328368,0.868792839550653
207,0.2,0.632303571486391,0.9981977819569212
208,0.2,0.6340507579624234,1.0010423324154853
209,0.2,0.6179267910805777,0.9416047587058128
210,0.2,0.6032736999213094,0.8581669884297435
211,0.2,0.6366070206090139,1.0534046044618122
212,0.2,0.5673306739370793,0.8132905070668395
213,0.2,0.6286179936876525,0.9007036089879253
214,0.2,0.39276662066059026,0.8415284909001309
215,0.2,0.6369312013355506,1.0518887678742412
216,0.2,0.6212073713934433,0.8878956379792952
217,0.2,0.4394658044739997,0.9297654777692104
218,0.2,0.6110283963692442,0.919852660271089
219,0.2,0.6152653828897726,0.9593867605120006
220,0.2,0.6334901952455227,0.9041740801702478
221,0.2,0.6203467151103473,0.906067316750988
222,0.2,0.6260510971998634,0.9613778744293514
223,0.2,0.6130593184765734,0.9694276139583463
224,0.2,0.6345058789619521,0.9484068441705736
225,0.2,0.6348458294496068,0.9733552933834628
226,0.2,0.6345371407102057,0.9640782592835847
227,0.2,0.630922356385724,0.9576853812169511
228,0.2,0.6142571640639527,0.923049926500103
229,0.2,0.6269924474828276,0.9709006586775587
230,0.2,0.5717395180071828,0.9026870926737421
231,0.2,0.6294855334354102,1.0112583252292946
232,0.2,0.6321416310693989,0.9915228577217969
233,0.2,0.6315765917279091,0.9530623008226466
234,0.2,0.6311030567971693,1.0179394084710887
235,0.2,0.6211326037085273,0.7697929441174789
236,0.2,0.6230940861589345,0.9973297126739485
237,0.2,0.4687296142848485,0.9261331058067921
238,0.2,0.6348460561231852,0.9903655978073175
239,0.2,0.5464902737263743,0.9229926873954843
240,0.2,0.5598526129949973,0.9321413518185453
241,0.2,0.6212836316171232,0.8407595089079096
242,0.2,0.6259988312817917,0.9384403371314399
243,0.2,0.6184157321736475,0.8983021368221427
244,0.2,0.5891184258701082,0.892090099684465
245,0.2,0.634299963274734,1.0059656019055225
246,0.2,0.25739497337030737,0.8913199892086324
247,0.2,0.62065116419889,0.969988465272266
248,0.2,0.6321425834164693,0.9571142446759665
249,0.2,0.6287047516375305,0.9488162394844166
250,0.2,0.6219245015468827,1.003247464353422
251,0.2,0.516660859363515,0.9106305388072923
252,0.2,0.6327543811832054,0.8781912942508749
253,0.2,0.6338172213082433,1.0087226935343503
254,0.2,0.6287558951420569,0.9637526511363019
255,0.2,0.6151706236932631,0.9268522420897757
256,0.2,0.6270371048315463,0.9025666781491135
257,0.2,0.6180447433455674,0.9270861471725469
258,0.2,0.6305708509470593,1.0204697609362396
259,0.2,0.5806584176421232,0.8531498989208808
260,0.2,0.6320427289292281,1.0394948643860427
261,0.2,0.31658117919628365,0.871441432285034
262,0.2,0.2082022832427706,0.8980272037428658
263,0.2,0.633858406912222,0.9734707377055647
264,0.2,0.3485138371434048,0.896684459983834
265,0.2,0.6113957316042291,0.9230544736018982
266,0.2,0.6256543542802737,0.9317407253786736
267,0.2,0.5890670521029313,0.9739515087408898
268,0.2,0.5203425411805082,0.8751627942502402
269,0.2,0.6378051533140568,1.043852262066773
270,0.2,0.6169846494812357,0.9794607836455212
271,0.2,0.5406343547556619,0.9367046358493184
272,0.2,0.633811423302043,1.028286614797585
273,0.2,0.2871501105339876,0.9389813057328037
274,0.2,0.6118558476616645,0.7967567004389686
275,0.2,0.63102293575233,0.9618028646533923
276,0.2,0.49283209009905465,0.9249988430845696
277,0.2,0.6103190715982102,0.9017453613239508
278,0.2,0.6112729995229459,0.8594145288873947
279,0.2,0.6332369615728508,0.9913439953750826
280,0.2,0.44242610718001835,0.8934010382902864
281,0.2,0.6086536720836869,0.9218557298573696
282,0.2,0.6115505188263153,0.8508578865596784
283,0.2,0.6285520227478918,1.0169673830934804
284,0.2,0.6344966482181189,0.9337814879618945
285,0.2,0.6137314586806077,0.84226698609936
286,0.2,0.6255595479552346,0.9442307987273862
287,0.2,0.5226133427563836,0.9459865296780778
288,0.2,0.33240216556002605,0.807538722163038
289,0.2,0.6169762588301587,0.9572058828044278
290,0.2,0.6368999293900882,1.0534723950918716
291,0.2,0.630342338129239,1.0373045874559967
292,0.2,0.6343328249261656,1.0292482376733185
293,0.2,0.616382159659132,0.9353362154127793
294,0.2,0.4403729614854847,0.9551902732469425
295,0.2,0.6203021427573497,0.8571385707951258
296,0.2,0.6155231207194419,0.8893530016580821
297,0.2,0.6340137333529793,0.9906362718301739
298,0.2,0.6346192927003265,0.9176240768590929
299,0.2,0.6280931878202535,0.9927247341135891
300,0.2,0.6226908121799903,0.9807053888549092
301,0.2,0.6195700727190939,0.9274821351625587
302,0.2,0.4465282927348559,0.8474837714756044
303,0.2,0.5447709359388898,0.9053493543789943
304,0.2,0.6346061095487253,0.9865701151327945
305,0.2,0.6272079301072317,1.0164434417298023
306,0.2,0.6223231135435436,0.9204544264155128
307,0.2,0.617161023811389,0.930757169883571
308,0.2,0.6260544404955481,0.8640699627272045
309,0.2,0.6356126122304387,0.9310281711827036
310,0.2,0.6339148128453513,0.960758211720585
311,0.2,0.6101471211239132,0.8374125286551694
312,0.2,0.5114007587135961,0.8901577611243008
313,0.2,0.5711095495226169,0.9274674947611767
314,0.2,0.6258076648518827,0.9819744715545579
315,0.2,0.3998759693975669,0.9035283994828067
316,0.2,0.6201430941523077,0.9465686992264057
317,0.2,0.6306918895686555,0.9888581445855716
318,0.2,0.5736955110201997,0.9122523849893825
319,0.2,0.6214712841744239,0.9226827757294406
320,0.2,0.46119479849047246,0.7885161596520159
321,0.2,0.27539381596050383,0.9527561518650272
322,0.2,0.632629371408826,0.9864695167210452
323,0.2,0.3941189716274224,0.8738111876403908
324,0.2,0.634155524926928,0.8656017349245552
325,0.2,0.5617788494917165,0.8567580874030456
326,0.2,0.6237826387564542,0.979449148573694
327,0.2,0.6270822369379985,0.9214799391866227
328,0.2,0.5292290256263823,0.8908225291513588
329,0.2,0.5089924574497134,0.937314568604281
330,0.2,0.6236217631775252,0.939200271921218
331,0.2,0.5902001488054911,0.9527505484078074
332,0.2,0.63339205385037,0.8855504228489118
333,0.2,0.6239035170545801,0.9928881665410418
334,0.2,0.6125251190016218,0.9012071274169979
335,0.2,0.630081937967556,0.8996289736170465
336,0.2,0.6332042785430789,1.049433168351465
337,0.2,0.6217757046494944,0.9196152569571858
338,0.2,0.13992436177188236,0.8072778362046701
339,0.2,0.5877833577143724,0.900257301267739
340,0.2,0.562961018627568,0.7572875329961125
341,0.2,0.46809647389431036,0.7208592270371712
342,0.2,0.6285338724705329,0.8844356453677902
343,0.2,0.6368984909348246,1.014047133889533
344,0.2,0.5070458726849876,0.8586550128744523
345,0.2,0.4475434780876336,0.8460774116350822
346,0.2,0.5623782267937799,0.9116161907439227
347,0.2,0.6145864142810727,0.9185079805825928
348,0.2,0.5608077969231768,0.9451152115863627
349,0.2,0.6316720021484534,1.0032205586663587
350,0.2,0.6147733577782909,0.9696784422194942
351,0.2,0.5499066460987673,0.9148759536759082
352,0.2,0.5861755296420414,0.952652421412126
353,0.2,0.6252968101828764,0.9603096076367131
354,0.2,0.6264127243383548,1.0026991320596792
355,0.2,0.6332513347286737,0.9344758639615468
356,0.2,0.5989162752330585,0.9278662078707326
357,0.2,0.5842897402921481,0.7667476650824835
358,0.2,0.4411285202367343,0.8393471160478019
359,0.2,0.5668012266798055,0.8670008582238801
360,0.2,0.6348599801960928,1.0215068769996287
361,0.2,0.5870400253963567,0.9376179520170074
362,0.2,0.5676641541913023,0.9067327507807722
363,0.2,0.39784937151719835,0.8353694642704238
364,0.2,0.5787353459155483,0.9379447117911751
365,0.2,0.6341169205776324,1.014744525286511
366,0.2,0.575639728279244,0.9408632051297555
367,0.2,0.5870798563486848,0.7557086800462438
368,0.2,0.635246648801372,0.9816558570589288
369,0.2,0.6152720157065836,0.9744089421511269
370,0.2,0.6160683035089419,0.9390682115259842
371,0.2,0.34621703259304143,0.9006458733305459
372,0.2,0.5711475096738271,0.9106765278006738
373,0.2,0.622644087664662,0.941862590766432
374,0.2,0.6316743784879494,1.0198246617345983
375,0.2,0.26823949228835203,0.9451781746978867
376,0.2,0.6212765949840954,0.9333777284184501
377,0.2,0.6263271750864261,0.9592926768057842
378,0.2,0.585001107258512,0.7668688323958537
379,0.2,0.5807307318821746,0.9496081535673538
380,0.2,0.6121203792825677,0.9348508465763067
381,0.2,0.6316750129603382,0.8086668683427221
382,0.2,0.6325857372419178,0.9634321833238916
383,0.2,0.5667827058862307,0.7991861353729925
384,0.2,0.6163410196204544,0.8901047123713326
385,0.2,0.6345713199542748,0.9236023416846092
386,0.2,0.6238671405759012,0.8939985028881646
387,0.2,0.6084878447323571,0.8365071060905918
388,0.2,0.6232926318111616,0.9179415032321248
389,0.2,0.6166930962930021,0.8906200807384302
390,0.2,0.633639765000399,0.9377926241661962
391,0.2,0.6288249585864404,0.9653235622313588
392,0.2,0.6352065956921786,1.028510189200725
393,0.2,0.580443093188691,0.8294255761346838
394,0.2,0.6244808885610643,0.9931160813886052
395,0.2,0.6302223584398989,0.9463882347019905
396,0.2,0.6103883909648634,0.7747413270854159
397,0.2,0.6143189799008035,0.8866057977855184
398,0.2,0.5830406683657222,0.9343940218130735
399,0.2,0.6153050969151047,0.7874900198587296
400,0.2,0.6288974130674726,0.9782041908292289
401,0.2,0.6243128154031966,0.9853185845230988
402,0.2,0.575927592435063,0.9677260375519777
403,0.2,0.6293749985954902,0.8829723918535574
404,0.2,0.6322068879664541,0.9699910632066276
405,0.2,0.6235407440338068,0.9547605226697926
406,0.2,0.5578643104927072,0.9194373853948365
407,0.2,0.6344199453447666,0.9671907134670257
408,0.2,0.6174341438184073,0.9624309970678315
409,0.2,0.4380216350431457,0.8724159912848524
410,0.2,0.633235850018168,0.9909376967247567
411,0.2,0.613434482613574,0.8411446259244116
412,0.2,0.631097668913059,0.8544994924374467
413,0.2,0.5436717268790109,0.9259022982487324
414,0.2,0.5810248341105918,0.9589661381360417
415,0.2,0.3973131971418479,0.8760994784538556
416,0.2,0.6326473142838926,0.9967471319356646
417,0.2,0.6142235576220951,0.9847240371338364
418,0.2,0.6229934616175063,0.8501927532854175
419,0.2,0.6336364655795971,0.9251222963553537
420,0.2,0.6283582489146204,0.9165018226950432
421,0.2,0.6282651130580559,0.9777360708278704
422,0.2,0.427177429253446,0.6695571976333167
423,0.2,0.5753363101952338,0.902750932305787
424,0.2,0.5200164858670582,0.9097160166223974
425,0.2,0.6272769812353319,0.9438643037215232
426,0.2,0.5589997177631169,0.852774557860279
427,0.2,0.6303161125308251,0.9652700778721292
428,0.2,0.3645885451063446,0.9139216632352182
429,0.2,0.618379570525211,0.9731072742744656
430,0.2,0.38889125961257126,0.9204355017797096
431,0.2,0.634058767945117,0.9808121712179297
432,0.2,0.6162012861866495,0.9375643638806005
433,0.2,0.6218598441981236,0.955643307879668
434,0.2,0.6250213927641365,1.0106926480059397
435,0.2,0.6342643143777205,1.0287192805064864
436,0.2,0.6145658201159997,0.7776838748754508
437,0.2,0.5889104374895288,0.7619160493520797
438,0.2,0.6224409215512413,0.8985555928478397
439,0.2,0.633290153681418,0.9912294790588028
440,0.2,0.6089901168222429,0.9768381461759849
441,0.2,0.6245105712326899,0.9440067111434571
442,0.2,0.6236225074129104,0.8973659473400155
443,0.2,0.6339570712784875,0.9141912471684748
444,0.2,0.6274542062545903,0.8185142830076003
445,0.2,0.6270348691582762,0.9504992900267447
446,0.2,0.6282792013860885,0.8038538431915918
447,0.2,0.4935798390638746,0.7704181353712374
448,0.2,0.3807913938541351,0.9115526026970628
449,0.2,0.39177017434561845,0.958236926675111
450,0.2,0.6336721956383383,1.005862888237876
451,0.2,0.6215535507090814,0.8573849185303922
452,0.2,0.5128433366505856,0.8123527677390611
453,0.2,0.6166340144880412,0.9108266282046895
454,0.2,0.4612352493027389,0.9171397192092202
455,0.2,0.3818325583286448,0.9804675114085749
456,0.2,0.6176342331823093,0.9000643421665343
457,0.2,0.6270396915833882,0.9864596800367653
458,0.2,0.6139260009615239,0.9549190459215784
459,0.2,0.6367286955142779,1.047225155825098
460,0.2,0.545221643794698,0.8787997060491769
461,0.2,0.614797587442515,0.904158103973422
462,0.2,0.6138169911296256,0.9154815913377613
463,0.2,0.6206715647330212,0.9273329767639925
464,0.2,0.610950627620697,0.9139389963027007
465,0.2,0.5769171868559999,0.8376161367996702
466,0.2,0.6165994085581111,0.8957550407659078
467,0.2,0.6221732257673043,0.9038949880943348
468,0.2,0.6337262671069209,0.9684503692418965
469,0.2,0.45369850890361135,0.9237611595818898
470,0.2,0.633982906045957,0.9991296463047507
471,0.2,0.38507569738662095,0.893433147093546
472,0.2,0.5684694444323248,0.9206850465109381
473,0.2,0.6331460904896482,1.021899161181382
474,0.2,0.4290562581947289,0.9159897563345615
475,0.2,0.6321369599614856,0.9183295043368144
476,0.2,0.6353030899729332,1.017417938949343
477,0.2,0.6153624716325762,0.8369971624879269
478,0.2,0.43844791647464787,0.9199232672305563
479,0.2,0.6249508171478285,0.9582335635380314
480,0.2,0.6125338392899282,0.9443332346426113
481,0.2,0.6311000509354956,1.0392645820925352
482,0.2,0.33865725525586293,0.9322760097330366
483,0.2,0.6212000686897571,0.956972876601319
484,0.2,0.48314479958285456,0.946116993835128
485,0.2,0.6095688667302186,0.9405779796746521
486,0.2,0.6181383733783185,0.8807952215072804
487,0.2,0.5881002816009268,0.9127719855111889
488,0.2,0.6161074909416023,0.7704391173938321
489,0.2,0.5190331647046793,0.9615667352289381
490,0.2,0.6306641283795854,1.0137999203986134
491,0.2,0.6255976181366567,0.8606530552754964
492,0.2,0.5495412043926444,0.8494519090412064
493,0.2,0.32966242346203756,0.902203008140077
494,0.2,0.5146238622546903,0.9275773359043352
495,0.2,0.4992898013794641,0.7867311458372769
496,0.2,0.612637553822799,0.9451069460429409
497,0.2,0.602940245853962,0.7823096019143548
498,0.2,0.6170520068202128,0.9819570869112223
499,0.2,0.5195474263425063,0.9285986902142284
500,0.2,0.5707463514524795,0.9649227401551667
1,0.15,0.46725625719260433,0.9316235359884099
2,0.15,0.468691968813978,0.8539606877089008
3,0.15,0.4572737729270347,0.8497650979488801
4,0.15,0.4632109343341406,0.7757491835278484
5,0.15,0.46807153319346584,0.9252197574242639
6,0.15,0.4613486026419546,0.9566391531840299
7,0.15,0.4609202606477451,0.9408907765680787
8,0.15,0.46117789973323364,0.8906334898219784
9,0.15,0.3915371041092022,0.9231362074402133
10,0.15,0.46859953024951595,0.9164114516778704
11,0.15,0.462386654926953,0.8982103382839731
12,0.15,0.41959122548668815,0.9140377858854498
13,0.15,0.46407963302453425,0.9409157256348827
14,0.15,0.4661714244791068,0.8984625584303676
15,0.15,0.46618806021612796,0.8946124585757833
16,0.15,0.4657026639242481,0.8242942413996397
17,0.15,0.4687925024029359,0.8681653828497924
18,0.15,0.46898741552898965,0.9255812096694187
19,0.15,0.4496422475152449,0.9051142081749638
20,0.15,0.4621200655417137,0.8776553679905862
21,0.15,0.33221582042614245,0.8933451937152593
22,0.15,0.46497152845046397,0.9124529276088437
23,0.15,0.4627840768858052,0.8822053026557204
24,0.15,0.45621633147672364,0.7656476092117753
25,0.15,0.4680137856284431,0.7836859579947891
26,0.15,0.46110054721758154,0.8747536481754139
27,0.15,0.46669494823092206,0.8881017721712533
28,0.15,0.4634269895033604,0.8698811131504385
29,0.15,0.4667974388000325,0.9052726458937825
30,0.15,0.4661339299780458,0.927565887712149
31,0.15,0.21675228313353997,0.7694299366491605
32,0.15,0.4680471938484213,0.9033457859623919
33,0.15,0.4667758384263655,0.8777097389495815
34,0.15,0.46406664425714017,0.9146261410214847
35,0.15,0.45277944219703087,0.7560817033151699
36,0.15,0.463283282099935,0.9228249388236927
37,0.15,0.46789327158920235,0.9137576459634615
38,0.15,0.46529919207752435,0.7987182666816418
39,0.15,0.46736257838793244,0.9218120287818417
40,0.15,0.47008790389765504,0.9167719261378638
41,0.15,0.4638146666724671,0.9343899613235979
42,0.15,0.44250179077940066,0.8846591594829756
43,0.15,0.44892475941218535,0.9043915325106718
44,0.15,0.46459292740033403,0.897250593139106
45,0.15,0.4658832201320224,0.9534953751494741
46,0.15,0.4687046780972804,0.9018904852269296
47,0.15,0.4650171951697462,0.9020193789576124
48,0.15,0.4589005370101581,0.9295540959846156
49,0.15,0.4545466397339925,0.913576423179446
50,0.15,0.46528373826566355,0.9241254555595662
51,0.15,0.4611341978867968,0.8941606816833253
52,0.15,0.4075913329718959,0.8268008469148838
53,0.15,0.4675513990308786,0.8742774948347835
54,0.15,0.46867124856916687,0.9500329827569042
55,0.15,0.45935850306481624,0.8793020951204852
56,0.15,0.46012651145163735,0.8985885405520846
57,0.15,0.4610550314800502,0.947782733062554
58,0.15,0.46838853506057476,0.9321582478639665
59,0.15,0.46003448977004147,0.9022875814174385
60,0.15,0.46890477074316494,0.9219132287655732
61,0.15,0.4655937308780664,0.9016833311117706
62,0.15,0.4601618319991453,0.8221729740471476
63,0.15,0.44199861585009426,0.9268793824321696
64,0.15,0.4696860463516489,0.9043771782058918
65,0.15,0.46188077366549524,0.9225106775282069
66,0.15,0.46934190535137477,0.9180521106869335
67,0.15,0.46358242508287034,0.87561415579146
68,0.15,0.4684336019231963,0.9263403026874695
69,0.15,0.46440508423736865,0.916870060921073
70,0.15,0.46360418413456245,0.9044322431957422
71,0.15,0.46636888328190845,0.9587131106801958
72,0.15,0.45709141137836073,0.9189148150841491
73,0.15,0.450328324323974,0.7270004336073407
74,0.15,0.4674852954789418,0.8736543621737265
75,0.15,0.4637774577883416,0.9179898610741677
76,0.15,0.457854261195327,0.8669198692669853
77,0.15,0.46860878901000197,0.948212855801682
78,0.15,0.45924150216502885,0.919029497511037
79,0.15,0.44868897698397603,0.9069592726441307
80,0.15,0.46091215248073414,0.8473238379532051
81,0.15,0.4648890638770048,0.9543050170105961
82,0.15,0.4680676930983438,0.9222258901566571
83,0.15,0.46479925954993956,0.8811413186333703
84,0.15,0.46810337688790143,0.8970733280937611
85,0.15,0.20396794852644784,0.8904731042636899
86,0.15,0.4366230033202848,0.9201248460817174
87,0.15,0.46178855637074057,0.9164688522609747
88,0.15,0.46857664350775935,0.9164234948788703
89,0.15,0.4674090801299576,0.913327961600963
90,0.15,0.4622832001640345,0.8642420279566527
91,0.15,0.4029256476395649,0.9178137126834287
92,0.15,0.46496415169707683,0.8977776444041516
93,0.15,0.4638841787705821,0.9661653526023013
94,0.15,0.4640443954007113,0.8736736170017523
95,0.15,0.4682096674693292,0.9360914602135177
96,0.15,0.4679715922041391,0.9017734197367515
97,0.15,0.46813009684194695,0.9171406396326505
98,0.15,0.4692499822078968,0.9100800192270487
99,0.15,0.4671825666319791,0.7574120786005115
100,0.15,0.460768708731257,0.9449401293503892
101,0.15,0.3472936685524565,0.9582681888455222
102,0.15,0.462863879653259,0.8828692061829654
103,0.15,0.4671597689390988,0.9317658431979681
104,0.15,0.4692808400181653,0.8534937482189489
105,0.15,0.44844791235247045,0.8732532105743014
106,0.15,0.45886926989960863,0.9286178065865193
107,0.15,0.46756047595318595,0.8494279740603985
108,0.15,0.46573911517354843,0.9056720586000364
109,0.15,0.46695087603713176,0.963347722397411
110,0.15,0.4543908121370565,0.8840755404479297
111,0.15,0.46884979021687895,0.9320192484036934
112,0.15,0.46617491212818746,0.9320090296552541
113,0.15,0.46967886879147125,0.9202947474130125
114,0.15,0.32011576834911026,0.7875637964935337
115,0.15,0.4571402967350131,0.7143796414122182
116,0.15,0.46461867648689836,0.9518608106457358
117,0.15,0.46849822042588884,0.8742414161635205
118,0.15,0.4618818429386695,0.9174605892571037
119,0.15,0.46982800255603224,0.9301788615141019
120,0.15,0.4697535194915217,0.9334506544451798
121,0.15,0.4472977282173629,0.9235094889285745
122,0.15,0.46867576671568856,0.962182901112649
123,0.15,0.4630940515681421,0.9305155460463044
124,0.15,0.4612011928213992,0.8197952063261406
125,0.15,0.45770156380744226,0.8865284154420802
126,0.15,0.4682879721670365,0.8371068320799294
127,0.15,0.46853355428653487,0.9585993321261222
128,0.15,0.46781087030374896,0.8726661380383052
129,0.15,0.4680627411564068,0.9585421592706207
130,0.15,0.4662585039257152,0.9518890994048531
131,0.15,0.4580290020202272,0.9029384268459344
132,0.15,0.44477294544347395,0.9510519999385875
133,0.15,0.464142937412401,0.9259622543448035
134,0.15,0.466161534282348,0.8963154746672518
135,0.15,0.46753242861538974,0.9361778657874111
136,0.15,0.4632178429590163,0.8407270632065837
137,0.15,0.46141139717323176,0.9235393251268348
138,0.15,0.44880726539716725,0.8799165713044321
139,0.15,0.4504945291682558,0.8863047984304664
140,0.15,0.46466995871355965,0.9217511628851905
141,0.15,0.46560234193688277,0.7652932994915521
142,0.15,0.46220655501285535,0.8877813361745481
143,0.15,0.4623925877343318,0.8501241259756919
144,0.15,0.45879708100121386,0.9150627803383734
145,0.15,0.4613600806787124,0.9407521442153627
146,0.15,0.4613014200912246,0.8696787448598247
147,0.15,0.4634756428634976,0.8239342767125906
148,0.15,0.46338908948725327,0.756431350051114
149,0.15,0.46457222404217036,0.9039529007357889
150,0.15,0.4669556964385593,0.8029233715049467
151,0.15,0.4625515176947357,0.9081842156017508
152,0.15,0.45426382326700043,0.938460721572701
153,0.15,0.4640462672416153,0.8626074250643752
154,0.15,0.4574539101205698,0.920627600797475
155,0.15,0.46750067565229925,0.9228675111744904
156,0.15,0.4416699978272394,0.790236228460129
157,0.15,0.4408090534243079,0.9237188423654666
158,0.15,0.46555812576176986,0.9158759034322632
159,0.15,0.46674539376899177,0.9680219444310445
160,0.15,0.46771437247210235,0.9493391745553154
161,0.15,0.4704903019083988,0.9601249955260727
162,0.15,0.46822065139102415,0.930758586760327
163,0.15,0.4542786983850803,0.8536133174532978
164,0.15,0.4682159721832962,0.9183692998870383
165,0.15,0.4613399154114682,0.9001189664733581
166,0.15,0.462191324218028,0.8958525411133994
167,0.15,0.45992964654039326,0.9458378279873172
168,0.15,0.4622001819640173,0.9201675972927946
169,0.15,0.4655345782161254,0.73286678880794
170,0.15,0.46657356515642834,0.9072696714547764
171,0.15,0.3974727259685917,0.9329345632552336
172,0.15,0.46597891217179394,0.9196948533121576
173,0.15,0.46919952493056327,0.9427980258865214
174,0.15,0.4661687339908684,0.8447044679587555
175,0.15,0.4682180726930643,0.9278860341499217
176,0.15,0.4640751309035064,0.9382533118227874
177,0.15,0.46204477492396984,0.7690938285785212
178,0.15,0.4674499071055717,0.9519938195000119
179,0.15,0.4221258830120445,0.6853532320876029
180,0.15,0.4676980718567476,0.7478937509058514
181,0.15,0.4601662845937697,0.9506079011163054
182,0.15,0.46581612604079276,0.8413409113204297
183,0.15,0.4695684740901867,0.9413707805517969
184,0.15,0.4651279121188615,0.8322879749049358
185,0.15,0.45806772735192897,0.9087913095308687
186,0.15,0.46904341115027864,0.8665801392942781
187,0.15,0.4642110817042072,0.8926966088196465
188,0.15,0.4629608530961163,0.9176892963531957
189,0.15,0.4556022015165431,0.901855929639572
190,0.15,0.4640082422402697,0.8946331686471268
191,0.15,0.46839716249676006,0.9707217439716118
192,0.15,0.46737948760406695,0.8948493661169546
193,0.15,0.4681645023987774,0.8859900962393458
194,0.15,0.46969192808177074,0.8769474706343211
195,0.15,0.46287446689255624,0.8129840216769779
196,0.15,0.4691860408866112,0.9201951107583694
197,0.15,0.4958123464002878,0.9414355719374383
198,0.15,0.4616751924871649,0.9488248921093377
199,0.15,0.45401309814793217,0.9204399524446415
200,0.15,0.46487762198898136,0.9060078734382512
201,0.15,0.4628787094799397,0.8868135978985052
202,0.15,0.4668638067269405,0.8570112357553257
203,0.15,0.4673505694425055,0.9500651075999785
204,0.15,0.46512510474011276,0.891750200450115
205,0.15,0.4589266137585181,0.9000681688963097
206,0.15,0.4639024857875198,0.9507288300405592
207,0.15,0.4652895390311604,0.9061948625386806
208,0.15,0.46296033634957123,0.8741532265487693
209,0.15,0.4595324516181718,0.8799268201119719
210,0.15,0.393210715475097,0.9494236869745113
211,0.15,0.46106864468552056,0.9039713283780204
212,0.15,0.46891728430744617,0.944870090947768
213,0.15,0.46850986497614566,0.8296292158594459
214,0.15,0.4681445677538724,0.939921013984864
215,0.15,0.4669617940121058,0.9466903140636689
216,0.15,0.46734082847526975,0.8954644465359988
217,0.15,0.46815301393555747,0.8921352570538946
218,0.15,0.46552350540639686,0.9193376280185905
219,0.15,0.46668404698378557,0.8959255987640412
220,0.15,0.46615893105332334,0.8521176650542421
221,0.15,0.4653906195498299,0.8837656893107502
222,0.15,0.46969843503182135,0.9178928198999207
223,0.15,0.4646324078169316,0.9054618411991224
224,0.15,0.45340890930360567,0.8328145705832753
225,0.15,0.4606878877015004,0.7604471875574077
226,0.15,0.46749982461484085,0.9596346459403283
227,0.15,0.45293926700620957,0.8626295151996911
228,0.15,0.4624084665545152,0.9314740830159681
229,0.15,0.46810318053186983,0.9533431045884692
230,0.15,0.4684932383745344,0.9626271936227996
231,0.15,0.4575652579082808,0.8611366407885808
232,0.15,0.45064453173671787,0.9319015918502636
233,0.15,0.46989167628987316,0.9159612565772682
234,0.15,0.44769032793328245,0.8529572036317233
235,0.15,0.46719915411352925,0.8789568543273305
236,0.15,0.465453038654629,0.870400694220952
237,0.15,0.47073010779360025,0.8878173261665135
238,0.15,0.4690563560619406,0.8731542330301838
239,0.15,0.46551046044286926,0.912431591070388
240,0.15,0.4672791402416671,0.9075341485529105
241,0.15,0.47037686380982385,0.8848681010292998
242,0.15,0.4653181544358056,0.9505521294618899
243,0.15,0.45564433473622484,0.89573823664332
244,0.15,0.46774914287507474,0.9247057017407685
245,0.15,0.4223593503552326,0.8948317854283621
246,0.15,0.46413705943590366,0.8911909120447311
247,0.15,0.45777730129981886,0.9031678915737257
248,0.15,0.4707078164430092,0.9223381972708327
249,0.15,0.46758302239436583,0.7774772553422887
250,0.15,0.46248394614448823,0.9193407223659477
251,0.15,0.46427949885591696,0.9454620515536898
252,0.15,0.4635211692865394,0.9382759555346682
253,0.15,0.42599203396792357,0.8199852844358668
254,0.15,0.46345546574323176,0.8581176270031655
255,0.15,0.45877444637284626,0.8833126435812929
256,0.15,0.46635979806800165,0.9334184861107133
257,0.15,0.4617814241719539,0.8409535077965924
258,0.15,0.4338568225485004,0.9195873161865074
259,0.15,0.46426216715337404,0.8881975218966687
260,0.15,0.4612753407745732,0.7849874256831352
261,0.15,0.4633481833824298,0.9206731998445786
262,0.15,0.4658883286773216,0.8788014036217437
263,0.15,0.4637646678424193,0.9193115918833276
264,0.15,0.4639896674197907,0.9258545944149611
265,0.15,0.46383541219427504,0.8812410965381584
266,0.15,0.46741980784994985,0.9243242023935927
267,0.15,0.45731948615625717,0.8692380538309878
268,0.15,0.45739704559825434,0.9190539864988256
269,0.15,0.46949090875983507,0.9638593934737394
270,0.15,0.46742331468097714,0.9197392394410133
271,0.15,0.4625847730402744,0.8752128785396767
272,0.15,0.4675204117769074,0.9450857555221948
273,0.15,0.3751967337702332,0.8842424414689289
274,0.15,0.4688298331344173,0.9534945435056994
275,0.15,0.46547281435780896,0.9065353369378086
276,0.15,0.46830142417904763,0.8996913505871638
277,0.15,0.4470734582610363,0.8989355327499956
278,0.15,0.4696572890829968,0.9098374592271624
279,0.15,0.46341192057982816,0.8907852554485687
280,0.15,0.46701955360005404,0.8372533709558968
281,0.15,0.47012013346916703,0.8271018674447815
282,0.15,0.4513947999173568,0.8960609240005328
283,0.15,0.4662838654329141,0.9521087518037005
284,0.15,0.45840973035181526,0.902724556595642
285,0.15,0.4647283397962353,0.9099779875016408
286,0.15,0.4670545776758631,0.9211299464264604
287,0.15,0.4649707057939456,0.8574495867613506
288,0.15,0.4690760792426534,0.932373152020809
289,0.15,0.4583214889531496,0.7989801629069023
290,0.15,0.4680768118450254,0.9349542435477393
291,0.15,0.45287131321264157,0.8875330907236244
292,0.15,0.467037448139174,0.9330836131764422
293,0.15,0.46503700083709093,0.880017051586418
294,0.15,0.46693516716855704,0.9614975495681717
295,0.15,0.46556665557907595,0.9224108084392781
296,0.15,0.46287537422469754,0.9032261481508758
297,0.15,0.4446320768420745,0.913206961472143
298,0.15,0.46206649186094406,0.8595380013042706
299,0.15,0.4620249704404424,0.8960213734392442
300,0.15,0.4627875264358472,0.9466766276588578
301,0.15,0.45228039768959505,0.9182120408288081
302,0.15,0.4632929837400545,0.9103640410108068
303,0.15,0.45146657888161895,0.9153996466593198
304,0.15,0.467373505622116,0.9606299035970564
305,0.15,0.46371149436080206,0.9424882605289553
306,0.15,0.4601171442781232,0.8963481619876704
307,0.15,0.4682380947070862,0.9015935831503429
308,0.15,0.4646394596473887,0.9197897181807831
309,0.15,0.4690560291163556,0.8879052985999069
310,0.15,0.3983450622707513,0.9344841357371656
311,0.15,0.4589841999644158,0.888590167176138
312,0.15,0.4652842569288468,0.9236133611403203
313,0.15,0.4687952413953981,0.937187601463879
314,0.15,0.46239445259176143,0.9527487993819594
315,0.15,0.4677524392427858,0.8815144125632777
316,0.15,0.4474685119326056,0.8489306356396306
317,0.15,0.4466137064041351,0.8508875198819347
318,0.15,0.46922900634457093,0.780494476843484
319,0.15,0.3799866745614698,0.7972518627794406
320,0.15,0.46251648041625804,0.8809921241300194
321,0.15,0.46557251302806263,0.8643795046626258
322,0.15,0.4608802155778478,0.8824702453449829
323,0.15,0.46769918372774094,0.8079616901185291
324,0.15,0.4642834359679291,0.944526531399355
325,0.15,0.4658745192021171,0.8878770324018727
326,0.15,0.4662394080975968,0.8801633660235911
327,0.15,0.46254763875739285,0.9239101195106268
328,0.15,0.4669331532690444,0.9025390641603349
329,0.15,0.461079414974604,0.876642421429074
330,0.15,0.4705513576916671,0.9356538123133149
331,0.15,0.4561316904353486,0.8971460851333202
332,0.15,0.3501349563080833,0.9512930258871197
333,0.15,0.4467409367366232,0.9481388135203186
334,0.15,0.4482573192377799,0.7028888391734774
335,0.15,0.46516356620172006,0.9453128150984453
336,0.15,0.46797661833923326,0.9359188571202126
337,0.15,0.4659904464653529,0.9091653780144088
338,0.15,0.44687154636957105,0.7969204731153721
339,0.15,0.46643139301249575,0.8579359303473839
340,0.15,0.4689566335591678,0.8601690757190305
341,0.15,0.4522412051178148,0.9208413681987607
342,0.15,0.4597394985413582,0.9267880417978567
343,0.15,0.4616130701333874,0.8129716118163289
344,0.15,0.45953564021475135,0.7710768002478555
345,0.15,0.4658250384108595,0.9494017637200811
346,0.15,0.4589679163631142,0.9280919017341421
347,0.15,0.46755982230568743,0.912773229313841
348,0.15,0.4668907196713987,0.9524093009861768
349,0.15,0.46479733606066637,0.95601144631367
350,0.15,0.451301209302246,0.8850798385962589
351,0.15,0.4598525125400179,0.9269327180104516
352,0.15,0.4612234394866756,0.9000231890615793
353,0.15,0.3800433726764847,0.8782791944954346
354,0.15,0.458622114042334,0.84253010592615
355,0.15,0.4632769913564152,0.8831692715163006
356,0.15,0.46609876848615495,0.9559511780138178
357,0.15,0.459739886040375,0.8855838519353095
358,0.15,0.44357833199371227,0.9168312852627308
359,0.15,0.46869460920230394,0.8980069362709426
360,0.15,0.4624957876367109,0.9089586995826603
361,0.15,0.4686987773412524,0.8807998483609678
362,0.15,0.4644699422723618,0.9421645733125836
363,0.15,0.4537623391206472,0.9071016607810187
364,0.15,0.4648493400896849,0.8862130597909705
365,0.15,0.46918018836316855,0.9122938528336251
366,0.15,0.46953206615117343,0.9199423083707997
367,0.15,0.4579211018566943,0.839354266471379
368,0.15,0.4497170696277231,0.8898092455106994
369,0.15,0.4654792369727061,0.8889091521821522
370,0.15,0.46411113903507567,0.9375080228318583
371,0.15,0.468115614388487,0.947102609564349
372,0.15,0.46691443537732485,0.9290250798337436
373,0.15,0.4648823819053858,0.8939193777303523
374,0.15,0.4673341282026486,0.9170103330546052
375,0.15,0.4391395956789856,0.8021412653107529
376,0.15,0.46259783181531855,0.9112992862784987
377,0.15,0.46570755315047146,0.941470535993764
378,0.15,0.4691737059711639,0.9327974057076788
379,0.15,0.46896449625367936,0.9615251395736648
380,0.15,0.4606931777964083,0.9309711271645061
381,0.15,0.46452607026831,0.8743919887017039
382,0.15,0.4606386388367815,0.8934290290738369
383,0.15,0.3708410391574588,0.9087252756100495
384,0.15,0.44996559085034615,0.8938402353911439
385,0.15,0.46617386565318975,0.8683410077989229
386,0.15,0.45792499717379503,0.8966338712582659
387,0.15,0.46135025545657643,0.8115723916404858
388,0.15,0.4641611602874247,0.9481619045785442
389,0.15,0.46127646193470395,0.8841037142406737
390,0.15,0.4636604550799955,0.7686821151933615
391,0.15,0.4589583212978429,0.9327005007226696
392,0.15,0.44741469520968474,0.8096363555982002
393,0.15,0.462965634174578,0.9129484121603147
394,0.15,0.46634925789987286,0.8738888607539494
395,0.15,0.46765486779712395,0.8671171337565404
396,0.15,0.4582285936146065,0.9241462453888626
397,0.15,0.46912334124919325,0.9326109778172674
398,0.15,0.46830003476412374,0.9608268549109462
399,0.15,0.46620930497524343,0.8656877089381086
400,0.15,0.468366347221106,0.9095319203729001
401,0.15,0.46787185387262564,0.9242635037050209
402,0.15,0.46219942666592945,0.8841301894988941
403,0.15,0.46688164918128733,0.9288822810401021
404,0.15,0.4281989476698399,0.8965602592240948
405,0.15,0.4692360125202521,0.8941432728566386
406,0.15,0.46232399502040916,0.8946303686373636
407,0.15,0.46943994837762554,0.9647178279597685
408,0.15,0.46378248212509,0.9001097170975465
409,0.15,0.46022552453819643,0.8645789356611926
410,0.15,0.4639635850138939,0.7584455487475866
411,0.15,0.4645303025536058,0.9233157437791765
412,0.15,0.4680727571224297,0.9688232701446686
413,0.15,0.46272302560795114,0.8515093317102996
414,0.15,0.4679079989446332,0.8669654825973091
415,0.15,0.4631839129131956,0.8384377850440571
416,0.15,0.1422794843013243,0.8755613434472721
417,0.15,0.4626949916713075,0.9177966294349388
418,0.15,0.46372935295816176,0.9112495831296012
419,0.15,0.465882373647692,0.8736057464887423
420,0.15,0.4641569497146846,0.8195552574611012
421,0.15,0.46235358123917175,0.9069315132447809
422,0.15,0.4663236582468496,0.9055115334227163
423,0.15,0.469395412086122,0.9306397928938178
424,0.15,0.4563262077576834,0.8250612271851215
425,0.15,0.4677423461213066,0.9515538017595109
426,0.15,0.4588426596931384,0.9285143092315536
427,0.15,0.4674663183087433,0.823062219021803
428,0.15,0.4592160358274645,0.9282862966949984
429,0.15,0.46065311973153544,0.8903379228591739
430,0.15,0.4644022280199736,0.7749181219522359
431,0.15,0.4634741160213873,0.877978795940683
432,0.15,0.4536158039059839,0.9381447266756868
433,0.15,0.4660896707911648,0.8656980366184404
434,0.15,0.452815352296008,0.9065081724795013
435,0.15,0.4626044854769025,0.8537108577466661
436,0.15,0.4492351018014372,0.9282006713847502
437,0.15,0.46811436913232984,0.92058654155241
438,0.15,0.4640036534788086,0.8484723683482083
439,0.15,0.46741004208485093,0.8922630856182758
440,0.15,0.46709606370470663,0.9140343321836585
441,0.15,0.39537958149399727,0.9171364095017307
442,0.15,0.45879818105915016,0.967452126718091
443,0.15,0.46623043641692513,0.9216342470651712
444,0.15,0.4588520377566994,0.8240456647252582
445,0.15,0.4559371222550741,0.735080763853154
446,0.15,0.466521987446514,0.8074918675515597
447,0.15,0.46350950995037954,0.7627783850097097
448,0.15,0.4456757381179254,0.9137197978145348
449,0.15,0.4499669273429303,0.8303688828249852
450,0.15,0.46824675165145185,0.794504063406785
451,0.15,0.4632357332548298,0.8753775054668463
452,0.15,0.4457037517288522,0.9493849158178012
453,0.15,0.4663406909352211,0.9572279090342916
454,0.15,0.4589022315134667,0.8837069945919411
455,0.15,0.4669365764367041,0.9308080755759256
456,0.15,0.4613881448597269,0.9155589760466796
457,0.15,0.46999104718550666,0.9429946918624432
458,0.15,0.46722856046823485,0.9552772924857327
459,0.15,0.46682232994483236,0.8929462078782091
460,0.15,0.4623727255517059,0.846712824744077
461,0.15,0.46675490158915517,0.9198092045219264
462,0.15,0.4671935676692576,0.8999300695053406
463,0.15,0.46472022967125926,0.9312326170426355
464,0.15,0.4588866913443908,0.7552439674020399
465,0.15,0.46550160848804895,0.9068823164745076
466,0.15,0.38091867011962083,0.9464480719378141
467,0.15,0.46676973745104927,0.8880477787914707
468,0.15,0.4614945347208924,0.9293049626974071
469,0.15,0.4608623885218983,0.8880151824077441
470,0.15,0.4634285289340379,0.9067476481871757
471,0.15,0.4670266656392191,0.9162683033943637
472,0.15,0.4652037792255261,0.8477621826354669
473,0.15,0.466732988274488,0.9520881486678177
474,0.15,0.46540045462522267,0.9287526781178517
475,0.15,0.44942264319052116,0.8676591659745955
476,0.15,0.4652401037881688,0.9527939580728652
477,0.15,0.4640038594173027,0.9259370619327834
478,0.15,0.4618504819125435,0.9299683113571827
479,0.15,0.4598415535832316,0.7974474705196145
480,0.15,0.44017679668051346,0.9200071096732105
481,0.15,0.46716556567353795,0.8317893879774567
482,0.15,0.46778409952772904,0.9060001198633516
483,0.15,0.4619066766561697,0.9342510269169388
484,0.15,0.4675468749828917,0.8948980170842437
485,0.15,0.4689828755707585,0.9095747007990594
486,0.15,0.46931118977692693,0.7946059214189997
487,0.15,0.4632702969660252,0.9071322266055571
488,0.15,0.467028007598713,0.8466975805099726
489,0.15,0.4558873525762297,0.8111722518078572
490,0.15,0.4593940306118215,0.912769278970703
491,0.15,0.466968655751835,0.7854724857110161
492,0.15,0.4692086459419634,0.9366302395759881
493,0.15,0.46082803459011457,0.9197674661620826
494,0.15,0.4643843714865494,0.9158291548315902
495,0.15,0.3951247716614693,0.9007975931520459
496,0.15,0.4553503461465395,0.854164029257834
497,0.15,0.46817364352726104,0.8830117006655157
498,0.15,0.4684458780908181,0.85191651843317
499,0.15,0.4676686021490597,0.9115503342456177
500,0.15,0.4675867250687729,0.8380332018705645
