iteration,gamma,acetate_threshold,max_growth_rate
1,1.0,0.744937501064463,0.9949188426028566
2,1.0,0.7461992607628517,1.0096144924666688
3,1.0,0.7450116922903325,0.9966154573791982
4,1.0,0.7433388082803027,0.9876515558855967
5,1.0,0.7455541682022817,1.001798379131662
6,1.0,0.7439703754787503,1.000141633686677
7,1.0,0.7448759246160174,1.0037247409011374
8,1.0,0.7439300761251915,0.9977229545859386
9,1.0,0.7444220133103876,0.9913105591437066
10,1.0,0.7451337720128322,1.0013975746854205
11,1.0,0.7446620917407395,0.9990497600784306
12,1.0,0.7455967211654294,1.0033580980779846
13,1.0,0.7449345518238703,0.9979361483355799
14,1.0,0.7417278784627774,0.9889846850672642
15,1.0,0.7446557511453158,0.999659602199018
16,1.0,0.7453555311490168,1.0079694599066058
17,1.0,0.745834302065357,1.0041547493711318
18,1.0,0.7446235524288227,0.997243979545761
19,1.0,0.7449986791179367,0.9996092640797631
20,1.0,0.7442760904702783,0.9961462278219684
21,1.0,0.7443927918732114,0.9938146360272927
22,1.0,0.7470149066057259,1.0110140312478137
23,1.0,0.7443036523316308,0.9958639301062432
24,1.0,0.744498325520952,0.9905712535007689
25,1.0,0.7447103197890461,0.9979754822371648
26,1.0,0.7447298375333089,0.9983491620057802
27,1.0,0.7441606377921292,0.9953469299787197
28,1.0,0.7456084790171498,1.0078084419368931
29,1.0,0.745886921485863,0.9991492653521384
30,1.0,0.7453279819171093,0.9978298428444037
31,1.0,0.7454590402412246,0.9927847216880329
32,1.0,0.7454747833144449,1.0012263443506724
33,1.0,0.7461232938022474,1.0123856537114913
34,1.0,0.7445734570070168,0.9988586995933025
35,1.0,0.7450518129031564,1.0070789600948873
36,1.0,0.7437608844940119,0.9904809253044544
37,1.0,0.7449928597199305,1.00019370619807
38,1.0,0.744500828145466,0.9906217647489826
39,1.0,0.7444469345718557,1.0003349910826995
40,1.0,0.7451879984284878,1.0032217109591317
41,1.0,0.7444272457219785,1.0038394400678927
42,1.0,0.7444538154144931,0.9966903882295142
43,1.0,0.7460465525307295,1.0112640628364156
44,1.0,0.7450148843570619,0.9955750076785594
45,1.0,0.7438309733675393,0.9956970072847571
46,1.0,0.7441773471504939,0.9915838637565503
47,1.0,0.7444227999012528,0.9951454767714322
48,1.0,0.7430591736342993,0.9908627636797532
49,1.0,0.7443543573072925,0.991718667780615
50,1.0,0.742712777268862,0.9840178293307139
51,1.0,0.7452619471672605,1.008265607676948
52,1.0,0.7432602468089076,0.9949421473838478
53,1.0,0.7436130565930125,0.9937713316022885
54,1.0,0.7441258527083342,0.9939320044140115
55,1.0,0.7449050835612211,1.002553087797715
56,1.0,0.7444828600743216,0.9933803360332504
57,1.0,0.7452392771492586,0.9985479136541918
58,1.0,0.7451411934809866,1.008230147171783
59,1.0,0.745521718670433,1.0074757170070676
60,1.0,0.7457988709338775,1.0008721296843506
61,1.0,0.7446052343616364,0.9996223031728102
62,1.0,0.7445957864491373,0.9988822500462515
63,1.0,0.7446779116996243,0.9980386343312725
64,1.0,0.745235475584046,1.0048590328259033
65,1.0,0.7444284005067174,1.0011051755733698
66,1.0,0.7441978752026159,0.9946082353544803
67,1.0,0.7458853303128606,1.0063201999703413
68,1.0,0.7423748142365784,0.9881039209152257
69,1.0,0.7446932762165162,0.9994956582721031
70,1.0,0.7437384375915482,0.9984572581940849
71,1.0,0.7420093906665669,0.9886111594410428
72,1.0,0.7446621294151214,1.0055107749280658
73,1.0,0.7455676117573781,1.0066530277456807
74,1.0,0.7437070260005894,0.9892910881042128
75,1.0,0.74379787048254,0.997173712679212
76,1.0,0.7451735933919829,0.9997402945961396
77,1.0,0.7439173737874211,0.9969632860976466
78,1.0,0.7443050723226434,0.9927791845798826
79,1.0,0.741770222365908,0.9870532772779046
80,1.0,0.7440804327748368,0.9978028089345171
81,1.0,0.7452268317435732,1.0029818280040967
82,1.0,0.7448620298641992,0.9993083196528877
83,1.0,0.7455445478929044,1.0026372803799022
84,1.0,0.7437765468369348,0.9942675536442522
85,1.0,0.7433767747794343,0.9966327398619889
86,1.0,0.7450792646961831,0.9998188347669416
87,1.0,0.7437494757946852,0.9968684131267521
88,1.0,0.7447825283657981,1.0062239486810687
89,1.0,0.7440406564186545,0.9959995912605089
90,1.0,0.7437843101159383,0.9974959779458957
91,1.0,0.7457708457593387,1.001319113857293
92,1.0,0.7448817196455558,1.0019706819638938
93,1.0,0.7440046853678517,0.9949525386640707
94,1.0,0.7460604653959814,1.0142108370156504
95,1.0,0.7429680622723889,0.9905447377028318
96,1.0,0.7442149083519155,0.9994617483132111
97,1.0,0.7453261251470268,0.9966932166048097
98,1.0,0.7443468374945519,1.0068310466408428
99,1.0,0.7441665035148147,0.9984515213200134
100,1.0,0.7455664474907046,1.0089714982645608
101,1.0,0.744485583356349,0.999735152235289
102,1.0,0.7450718846211669,1.0022838494948456
103,1.0,0.7422064016839213,0.9817093186812577
104,1.0,0.7462787271788475,1.0038013310026401
105,1.0,0.7460788296155082,1.0026272387442863
106,1.0,0.7438367590086588,1.0072049111412174
107,1.0,0.7442728639478033,0.9987906137024861
108,1.0,0.7454316717647614,1.0029616306462108
109,1.0,0.7441211736138836,1.0014595112152687
110,1.0,0.7439920598109708,0.9936052968388146
111,1.0,0.7450006204882726,1.0002295814998647
112,1.0,0.7449973594642161,0.9967093183157935
113,1.0,0.7460286094895229,0.9957725152306043
114,1.0,0.7454093962236262,1.0025643617151812
115,1.0,0.7443227621789318,0.9954570068861827
116,1.0,0.7441751497834574,0.9971875487383365
117,1.0,0.7439182615472231,0.9972156777458646
118,1.0,0.745020900288187,1.005011068485577
119,1.0,0.7439784805370885,0.9955683344413763
120,1.0,0.7454277142365426,0.9930205563468381
121,1.0,0.7466748360619342,1.00860471692899
122,1.0,0.7453918146689265,1.0001572215044017
123,1.0,0.7442049503582655,0.992122571718936
124,1.0,0.7448015351775733,0.999185969192942
125,1.0,0.7447570275688696,0.9965870981373757
126,1.0,0.7449343815872114,0.9977765306647333
127,1.0,0.7457707976669766,1.0085993315128412
128,1.0,0.7448363797164936,0.9950401994144751
129,1.0,0.7436951548779499,1.0036575051635581
130,1.0,0.744420623741386,0.9967148849543764
131,1.0,0.7449754170823303,1.0030392532827541
132,1.0,0.7441874962539463,0.9927695328606402
133,1.0,0.7455673051954012,1.0028116196840173
134,1.0,0.7452200577183382,0.9958781118900902
135,1.0,0.7439635062371067,0.9895686745432923
136,1.0,0.7448879619164471,1.0021400029201972
137,1.0,0.7448503931904706,0.999073212462203
138,1.0,0.7447064770184428,0.9960813352867984
139,1.0,0.7437704601053037,0.9957709363155334
140,1.0,0.744605681029094,1.0016435448264855
141,1.0,0.7428285422399926,0.992576183470628
142,1.0,0.744095865771967,0.9970170211177035
143,1.0,0.7460114806048124,1.0059099552622184
144,1.0,0.7445582385265663,0.9972264456276755
145,1.0,0.7444757653432283,0.9943485903043362
146,1.0,0.7433710098846514,0.993321971255853
147,1.0,0.7451130222219383,1.006254781259803
148,1.0,0.7447525487548563,0.9973547891736377
149,1.0,0.7446270916026949,0.9960185490386789
150,1.0,0.7469281570847663,1.0162234233686946
151,1.0,0.7442250611183484,0.9987326993363266
152,1.0,0.7440045760371069,0.9973192925159667
153,1.0,0.745493890653957,0.9975377910529462
154,1.0,0.7424102056299575,0.9915228414762299
155,1.0,0.7444046853969324,1.003374002314297
156,1.0,0.7446740211858692,0.9926841756699069
157,1.0,0.7456230659783706,1.000469443464771
158,1.0,0.7422338308307449,0.9866030438710534
159,1.0,0.7434533159633113,0.9907418141523214
160,1.0,0.7446696708905238,1.0065025891631472
161,1.0,0.7442082011255148,0.9956906295951785
162,1.0,0.7449902969033341,0.9990239884468672
163,1.0,0.744158390211385,1.0046699896585882
164,1.0,0.7446699755560777,0.9975718342559747
165,1.0,0.7440128570364314,0.9930653909454807
166,1.0,0.7456701634435767,1.0000681682192758
167,1.0,0.7438700348244379,1.0008212349865435
168,1.0,0.7438367753915703,0.9946006569048959
169,1.0,0.7444777718284075,0.9980917968320129
170,1.0,0.7450637514087276,1.0018771059426796
171,1.0,0.7447734999768022,1.0025026457905435
172,1.0,0.7445618515410616,0.9971136874028148
173,1.0,0.7433406462904889,0.9895554510830578
174,1.0,0.7437955231069746,0.9876160172002649
175,1.0,0.7443952687801041,0.9990304061426715
176,1.0,0.7467084051143518,1.004469480083102
177,1.0,0.7429349237870192,0.9900053775546005
178,1.0,0.7448493476218585,0.9917153248064603
179,1.0,0.7443812304492954,0.9968610042364274
180,1.0,0.7441354690849689,0.9987179839807374
181,1.0,0.7440366251994694,1.00228933359538
182,1.0,0.7439325852829729,0.9910769949421786
183,1.0,0.7451821567165134,1.0060456425060165
184,1.0,0.7441823702947836,0.9959348357580432
185,1.0,0.7449220105212768,0.9923326332566834
186,1.0,0.7442902740025532,0.9963351921570699
187,1.0,0.7454883448797892,1.003264157524559
188,1.0,0.7451712788803831,1.001786706349291
189,1.0,0.7437534641247485,0.9931865121883149
190,1.0,0.7448681516108244,0.9951069453087207
191,1.0,0.7445641882870464,1.0006049423267338
192,1.0,0.7445522912721165,1.0023344353561088
193,1.0,0.7451393818549052,1.0023698401117334
194,1.0,0.7449828411516439,1.0018842279109594
195,1.0,0.7432540953870873,0.9932328497946111
196,1.0,0.7436324830952498,0.9958198345437778
197,1.0,0.7457223013679872,0.9968996764783924
198,1.0,0.7437422109522528,0.9859256073887593
199,1.0,0.7444475248231157,0.9917693371817144
200,1.0,0.7454112826273374,1.0026670015124357
201,1.0,0.7458341620852639,1.007272160044739
202,1.0,0.7465363752236298,1.0104434959393211
203,1.0,0.7445360712534634,0.9984304096712864
204,1.0,0.7443403378262916,1.0043109662807805
205,1.0,0.7459202332946383,1.0038283925380962
206,1.0,0.745414136975785,1.003951158042107
207,1.0,0.7433651793842511,0.9966925377603283
208,1.0,0.7452890855915442,0.9934498798438314
209,1.0,0.7447007153278973,1.0026286087427358
210,1.0,0.7456091441040128,1.0032670059003945
211,1.0,0.7447442717044885,0.9962208788011027
212,1.0,0.7449941623768441,0.9991245401538288
213,1.0,0.745472421122039,1.005232437339053
214,1.0,0.7460209308376202,1.0013969971992083
215,1.0,0.7461518569394655,1.0022515174076925
216,1.0,0.744582484222523,0.9945728682454856
217,1.0,0.7428627052654005,0.9891119603968025
218,1.0,0.7450821131104324,1.0013358898925644
219,1.0,0.7461942496396577,1.0085363436489148
220,1.0,0.7447097219333076,0.9958930732389575
221,1.0,0.7458540098703546,1.010188012716308
222,1.0,0.7434484035056698,0.9992962209119435
223,1.0,0.7463995781358709,1.0108267859892768
224,1.0,0.7448313916910122,0.9969512247585028
225,1.0,0.744706970640305,0.9949031634343573
226,1.0,0.744189727282917,0.9945232276898311
227,1.0,0.7442535635589754,0.998438122440129
228,1.0,0.7439034410007755,0.9898037860510274
229,1.0,0.7460652718147518,0.9989382009306034
230,1.0,0.7438740941494074,0.9924680427219591
231,1.0,0.7429750947572005,0.9915582093472644
232,1.0,0.7442294223742248,0.9928209696396586
233,1.0,0.7438274829252891,0.9934950939492025
234,1.0,0.7428197400568398,0.9893999086470517
235,1.0,0.7457469758000075,1.0032371360486
236,1.0,0.7449342532917858,1.0048929424766486
237,1.0,0.7446890074738372,0.991456797087611
238,1.0,0.7439105217391374,0.9944021146944159
239,1.0,0.7433259857345211,0.9954286116713807
240,1.0,0.744822783769585,0.9941487546217745
241,1.0,0.7448030548310045,0.9970605023986294
242,1.0,0.7454555034806309,1.0070131130567512
243,1.0,0.7456595003627141,1.0007413286469409
244,1.0,0.7459131918661281,1.0059106780123697
245,1.0,0.7453715069693951,1.0025073910863775
246,1.0,0.7435661035562738,0.9944533720280305
247,1.0,0.7454203778854194,0.9987437727254179
248,1.0,0.7461155076267152,0.9993171236126064
249,1.0,0.7450507279941835,0.9969280840579577
250,1.0,0.7453520239069563,1.0021958351734856
251,1.0,0.7438601079670043,0.9951559456193118
252,1.0,0.7440927608371196,0.9981103818826205
253,1.0,0.7453102769155119,1.0043007541440352
254,1.0,0.7451088194856161,0.9971671012035657
255,1.0,0.7454736319906604,1.0051646068660725
256,1.0,0.7440295142332569,0.9949271148170686
257,1.0,0.74440671254825,1.0065486192657123
258,1.0,0.7452235786772028,1.0016086618331665
259,1.0,0.7452884837099453,0.9968261523665445
260,1.0,0.7443495097171772,0.994005008737664
261,1.0,0.7446607700326343,0.9974610020964244
262,1.0,0.7443345003501697,0.9919112696409746
263,1.0,0.7445924916498627,0.9986216335476625
264,1.0,0.7460466144951318,1.0118973207324935
265,1.0,0.7454194271952664,1.0001779465981995
266,1.0,0.7436299943805721,0.9964824891274043
267,1.0,0.7444014983804897,0.9985576091740948
268,1.0,0.7453595947762455,1.0094018308036865
269,1.0,0.7454568242056437,1.0022957770636822
270,1.0,0.743274893235967,0.9936276964399086
271,1.0,0.7455526770139247,1.0026064523452254
272,1.0,0.7444075824333615,0.9936316360910225
273,1.0,0.7437015581736405,0.9968727785242687
274,1.0,0.7438513051259936,0.9920381836055387
275,1.0,0.7459816865336739,1.00503353260533
276,1.0,0.7462088746535187,1.0010540878297711
277,1.0,0.7434741032190033,0.9962567997448215
278,1.0,0.7438733154312818,0.9886655048164248
279,1.0,0.7460832379275383,1.0074363247030218
280,1.0,0.7451911148950584,1.0077482281297239
281,1.0,0.7431177116509324,0.9919242558384567
282,1.0,0.7455038960167386,1.0017695416456915
283,1.0,0.7459936520539442,1.005810041307909
284,1.0,0.7424680376309181,0.9922738964410707
285,1.0,0.7430179655417057,0.9954345502727332
286,1.0,0.7464591817908085,1.002482493452876
287,1.0,0.7453951853185617,1.003975645984544
288,1.0,0.7456760098086282,0.9995711744759295
289,1.0,0.7447459474544723,0.9987329021020479
290,1.0,0.7426853340850553,0.9919494153304325
291,1.0,0.7451530402686238,1.0020172941358858
292,1.0,0.7443959450240595,0.9946182855705832
293,1.0,0.7437036743521862,0.9942583748639652
294,1.0,0.7439495611010772,0.992705802015516
295,1.0,0.7430798626733242,0.9926995144802835
296,1.0,0.7451673395443815,0.9991651929932804
297,1.0,0.7459983226274051,0.9997048696282489
298,1.0,0.7446152096548906,0.9979782611710079
299,1.0,0.7446206905522131,0.9938248132499965
300,1.0,0.7450258258775593,1.0073985901877025
301,1.0,0.7460959643245533,1.0053323393498779
302,1.0,0.7439183697748557,0.9983353398683782
303,1.0,0.7447819309770418,0.9960031663962364
304,1.0,0.7446481295952074,1.0048182638522034
305,1.0,0.7433538745123698,0.9948868631060022
306,1.0,0.7446059375647541,0.9998317945069407
307,1.0,0.7444537857488068,0.9989210823942563
308,1.0,0.7426183891459471,0.9960275167003819
309,1.0,0.7441231455847531,0.999088742186941
310,1.0,0.7471092251205941,1.0082122777852172
311,1.0,0.7423189254292204,0.9937174839240264
312,1.0,0.7459424534056587,1.0048443031847767
313,1.0,0.7456831806288938,1.0060447595870603
314,1.0,0.7451703313013647,0.999555670263106
315,1.0,0.7454121373380527,0.9935651148343527
316,1.0,0.7424742861361235,0.990712104848298
317,1.0,0.7439903898102467,0.9961378201012332
318,1.0,0.7443298378156908,1.0007659874278076
319,1.0,0.7459692928153667,1.0124657209329635
320,1.0,0.7444138835789857,0.9970375222517798
321,1.0,0.7449899598294137,1.0022854616437034
322,1.0,0.7457371566072154,1.0045299186501933
323,1.0,0.7452947743539442,0.9937369554980271
324,1.0,0.7449289899052303,1.0067804340477164
325,1.0,0.745520705475793,1.0029054515734537
326,1.0,0.7437392870083989,0.992587490838898
327,1.0,0.7436111895330159,0.9922193350100148
328,1.0,0.7439328349919976,0.9919575978152991
329,1.0,0.7446686465447729,1.000252748454646
330,1.0,0.7449040376980569,1.0056087797476845
331,1.0,0.7447940341319684,0.9991784790692548
332,1.0,0.7453549987950907,0.9982661303487155
333,1.0,0.7458331834026675,0.9995410843086301
334,1.0,0.7437944521420176,0.9881230051636898
335,1.0,0.7432706215890824,0.9919898995802937
336,1.0,0.7450166183670522,0.9974228246315743
337,1.0,0.74377182123197,0.9912288748456413
338,1.0,0.744571231924911,1.0017140132814668
339,1.0,0.7444209489266954,0.9955666576615696
340,1.0,0.7442215222157508,1.000701418074436
341,1.0,0.7435655349437695,0.9968585300325353
342,1.0,0.7454815841021992,1.0056324696562016
343,1.0,0.7448977913236533,0.9940702745117084
344,1.0,0.7442822169143806,0.993791829137029
345,1.0,0.7448131662719004,0.9951243586575781
346,1.0,0.7437117672754734,0.9912338620653344
347,1.0,0.74381111572847,1.0024252056804555
348,1.0,0.7453812981208504,1.0012990697573247
349,1.0,0.7447042586568434,0.9955747012467162
350,1.0,0.7467995836378785,1.007336812050351
351,1.0,0.7445035073362004,1.0071131804359246
352,1.0,0.7446273679300124,1.002270947508067
353,1.0,0.7438113952252785,0.9950410932751134
354,1.0,0.7448007662764892,0.9978849758679527
355,1.0,0.7438513784584111,0.9974562683759649
356,1.0,0.7447185973718183,0.9983647423761982
357,1.0,0.7446247875095595,1.000534188266312
358,1.0,0.7449310829405787,0.9988148353876175
359,1.0,0.7451609856736079,1.0058739915425667
360,1.0,0.7449024607272392,1.0007814559102792
361,1.0,0.7460557289567176,1.009470574250777
362,1.0,0.7441858743106299,0.993156411024303
363,1.0,0.745699406414632,0.996042111944275
364,1.0,0.7454991305887663,1.0070737763472568
365,1.0,0.7447837739855353,0.9988989611452815
366,1.0,0.7445829835437946,0.9971107112516363
367,1.0,0.7463488922336352,1.001956667835204
368,1.0,0.743609146576722,0.9895889592958867
369,1.0,0.7436328013837602,0.9950807556944512
370,1.0,0.7460816036661191,1.007534836164785
371,1.0,0.7433960019641648,0.9959139354474404
372,1.0,0.7431492686889981,0.9912265321306898
373,1.0,0.7435678419514083,0.9914507638193648
374,1.0,0.7442168554106688,0.9867108381030686
375,1.0,0.7437328720856294,0.9990800688432028
376,1.0,0.7434601155839523,0.998221135831767
377,1.0,0.744454155879772,0.9969239841203241
378,1.0,0.7442759486096882,0.994521077269179
379,1.0,0.7452749001313228,0.9984621333640614
380,1.0,0.7449784894618839,0.9970922822138379
381,1.0,0.744065267268434,0.9824675585748707
382,1.0,0.7455575150249035,0.9972066877103258
383,1.0,0.7445345258277163,1.0010976213391705
384,1.0,0.7447342240186301,0.9993051787083597
385,1.0,0.7449807401184658,0.9975989296279105
386,1.0,0.7441580775586158,0.9990962527173187
387,1.0,0.7458131088193558,1.0032062046033992
388,1.0,0.7448257065737472,1.0076492265885613
389,1.0,0.7458281900476653,1.0008961721743141
390,1.0,0.7445585299827647,0.9903926890259416
391,1.0,0.7448478734433502,1.00261799817699
392,1.0,0.7459997412942418,1.009005782563587
393,1.0,0.7447393589664902,0.9954923273639544
394,1.0,0.7446997946183415,1.0027134101002968
395,1.0,0.7444591973267858,0.9973821766441728
396,1.0,0.7447939920579513,0.9979513454857032
397,1.0,0.7452719603073351,0.9974236280398275
398,1.0,0.74360834277859,0.9970319605263765
399,1.0,0.7450144903212733,1.0022865640132321
400,1.0,0.7432276114049341,0.9931546122523796
401,1.0,0.7437312379647825,0.9964387691062149
402,1.0,0.7459012730413697,1.0025689259957824
403,1.0,0.7453312174818648,1.0006608232866943
404,1.0,0.746479250611519,1.0097258354312293
405,1.0,0.743230363916403,0.9936950167127093
406,1.0,0.7431427477319897,0.9933913388506168
407,1.0,0.7437215149532168,0.9887855129970082
408,1.0,0.7443566523287176,0.9973888423769179
409,1.0,0.7451180077615128,1.0037929023732555
410,1.0,0.743673892670446,0.9910755738821044
411,1.0,0.7448288703208987,0.9931891359804782
412,1.0,0.7433024152776865,0.9927345016712659
413,1.0,0.7425439681328634,0.9862582094869952
414,1.0,0.7468109542464927,1.0133644885467987
415,1.0,0.7442426839187348,1.0001080313195638
416,1.0,0.7450923056127284,1.003866066838222
417,1.0,0.7453822715695264,0.9981311610907618
418,1.0,0.7439142212656734,1.0006584288016955
419,1.0,0.7449160301746742,0.9951859216967621
420,1.0,0.7461674053787232,1.0010396037869307
421,1.0,0.7444487876225722,0.9932975405230131
422,1.0,0.7444471208610507,0.9995817289747068
423,1.0,0.7472697857551847,1.0171253691936526
424,1.0,0.7455886213419753,1.0063265541609288
425,1.0,0.7442348708073795,0.9908530285772569
426,1.0,0.7462233883028709,1.010285635336457
427,1.0,0.7449591811622286,1.0047275319461582
428,1.0,0.7463162790156123,1.0131543717179856
429,1.0,0.7431882358094583,0.9918279189134888
430,1.0,0.7475643113491452,1.0064608495391825
431,1.0,0.7442253785196723,0.9969693908521182
432,1.0,0.7458795810228387,1.0078950540325073
433,1.0,0.7441843897200784,1.0044993619640483
434,1.0,0.7434202719989305,0.9900442170598435
435,1.0,0.7429337493418463,0.9892775818870794
436,1.0,0.7433824303829759,0.9881361971296306
437,1.0,0.7436524252249476,0.9890066788413726
438,1.0,0.7455491730899154,1.004704697963138
439,1.0,0.744240715740535,1.0008436774614025
440,1.0,0.7444962791987456,1.0046098266920482
441,1.0,0.744864532736373,0.9936849219113411
442,1.0,0.7449916966935053,0.9985855457432661
443,1.0,0.7447789326896206,1.0088918302046659
444,1.0,0.744417671161458,0.9959343002007647
445,1.0,0.7435414830602689,0.9943027627797938
446,1.0,0.7428715958896883,0.9935302178184763
447,1.0,0.7434852393737121,0.9924474558715275
448,1.0,0.7431241553245048,0.9940900258992998
449,1.0,0.7437759534917303,1.001542205195789
450,1.0,0.7430427062212859,0.9857793988614125
451,1.0,0.7457028495388912,1.0093071816823158
452,1.0,0.74552631493148,1.000918021325706
453,1.0,0.7437066149847812,1.0038249769454453
454,1.0,0.7450412526972134,0.999813598615838
455,1.0,0.7444604901859001,0.9964790934148997
456,1.0,0.7443020601008813,0.9994369443450096
457,1.0,0.743307295900103,0.9901245642099564
458,1.0,0.7456743170203135,1.002440209194159
459,1.0,0.7456272035821955,1.0067054630731058
460,1.0,0.7457729322369436,0.9964069282365287
461,1.0,0.7449563656001674,1.0024535573023647
462,1.0,0.7456535315775534,1.0069079928046487
463,1.0,0.7460962225084602,1.01058665602682
464,1.0,0.7436268644526385,0.9945491955476533
465,1.0,0.7446220641625189,0.9983807093802585
466,1.0,0.7454117331014967,1.002786051940811
467,1.0,0.7432765257756103,0.9880830329964171
468,1.0,0.7433444097907409,0.9912474022128738
469,1.0,0.7450689369072057,1.0035356780374667
470,1.0,0.7438448589334926,0.9935261741650413
471,1.0,0.7458181389350762,1.0049930753411298
472,1.0,0.7460981644067668,1.0044442888505714
473,1.0,0.7452225580307934,0.9979484820775509
474,1.0,0.7455477495307751,1.0010940198656548
475,1.0,0.7436865118946421,0.9960310811135398
476,1.0,0.7444990813630823,0.990784348797604
477,1.0,0.7448173644602079,1.0002954530393058
478,1.0,0.7436455824795583,0.9955219634305917
479,1.0,0.7447114783288941,1.0008956282822352
480,1.0,0.7459040742315071,0.9952852141399021
481,1.0,0.7445431075715245,1.0041260080437262
482,1.0,0.7444937917113305,1.005448806633478
483,1.0,0.7451955157321101,1.0040651158031975
484,1.0,0.7458210013710204,1.0037642802567384
485,1.0,0.7445610963862173,0.9997270004608105
486,1.0,0.7450218227404712,1.0008860688923393
487,1.0,0.7444766259248169,0.9973011606004799
488,1.0,0.744926568370088,0.9981169672919082
489,1.0,0.7454000449591526,1.0003979640310692
490,1.0,0.7449355306214956,0.9995282776250086
491,1.0,0.7432313307744076,0.9921499428862582
492,1.0,0.7452678012333441,1.0050300596176667
493,1.0,0.7449256478796553,1.0032580315652595
494,1.0,0.7440175260450614,0.994414937867054
495,1.0,0.7419092397291743,0.9899854837165093
496,1.0,0.7448978602268267,0.9973029635048019
497,1.0,0.7427706485868457,0.9867481075897276
498,1.0,0.7463879316399732,1.0011504202952215
499,1.0,0.7457276657009007,1.0013141852701206
500,1.0,0.7450024421827119,1.0001453668227878
1,0.25,0.7444457969836021,0.992221542206063
2,0.25,0.7444666514105923,1.000083872844108
3,0.25,0.7443207872473859,0.9973298254523421
4,0.25,0.7439932874047647,0.9914905314196685
5,0.25,0.7442495970159142,0.9868721940514394
6,0.25,0.7454158215984081,1.0031445318065093
7,0.25,0.7434968522173812,0.9964994181366693
8,0.25,0.746051114757001,1.0029294992864048
9,0.25,0.7417120771021752,0.9836385503685308
10,0.25,0.7437217172354513,0.998333449300728
11,0.25,0.7449309649841495,1.0033246883839695
12,0.25,0.7438990635685322,0.9927916066201593
13,0.25,0.7456353595081564,1.0006555475028502
14,0.25,0.7468547754804123,1.0113567543328084
15,0.25,0.7452044389324841,0.9995778606380664
16,0.25,0.7460916882239729,1.0051044274370198
17,0.25,0.7452667400457924,0.9976528775426432
18,0.25,0.7440759886224156,0.9869353147546471
19,0.25,0.7441461752958056,0.9967493897214981
20,0.25,0.744548936546325,0.9994676758627592
21,0.25,0.7453228718307655,1.0055753923192206
22,0.25,0.7448541306380774,0.9976000224621953
23,0.25,0.7447251911468843,1.004731937562301
24,0.25,0.7452356703392856,0.9973040753368566
25,0.25,0.7449820050012741,1.001510094240245
26,0.25,0.7439695899513541,0.9914162926096957
27,0.25,0.7445015067481036,1.0013948646980604
28,0.25,0.7441622011701393,0.9956214543441553
29,0.25,0.7450439226611602,0.9954857040316033
30,0.25,0.7444725844920342,0.9968862553165891
31,0.25,0.7449344134762663,0.9975053413518042
32,0.25,0.7428993564088047,0.9858583527321104
33,0.25,0.7456572759523686,1.0045138255400228
34,0.25,0.7441733782775979,0.9946748588347226
35,0.25,0.7452467851114969,1.0012484190748763
36,0.25,0.7439551113786312,0.9986926881906143
37,0.25,0.7439101221513188,1.0013181633535013
38,0.25,0.7432011500943059,0.9974120345910691
39,0.25,0.7434319012572952,0.9918790601453585
40,0.25,0.7439089410580753,0.99675422386511
41,0.25,0.7449459652410492,0.9978509774541889
42,0.25,0.7420900307597611,0.9899899031617934
43,0.25,0.7442793003684348,0.9941997222976952
44,0.25,0.7450251934571382,1.0017314053249318
45,0.25,0.7449910754951901,1.0054820444693817
46,0.25,0.7430232487160237,0.9928242189098673
47,0.25,0.7453675870499538,0.9968199601009549
48,0.25,0.7451380496477084,0.997655565001869
49,0.25,0.7443549036432292,1.0029196081630751
50,0.25,0.7441473263636664,0.9992557106864508
51,0.25,0.7455563751734174,1.0019248636366114
52,0.25,0.7444644220902576,1.0020514343701235
53,0.25,0.7457011682959428,1.0020937975250885
54,0.25,0.7434979268900128,0.9989268110705903
55,0.25,0.7455342604063514,0.9984670296264916
56,0.25,0.7460904500631814,0.9999492853451829
57,0.25,0.747624441498163,1.0151929539661682
58,0.25,0.7435464716489669,0.988968091996636
59,0.25,0.7443419852291568,1.0014252522911211
60,0.25,0.7466225465978835,1.0055970487915784
61,0.25,0.7457339970799577,1.0062270180425612
62,0.25,0.7443190641877002,0.9986869660015782
63,0.25,0.7440871463088012,1.001919986575631
64,0.25,0.7441528211621433,0.9953871505757541
65,0.25,0.7444344451659703,0.9884766898359767
66,0.25,0.7435037392266155,0.9986863482769447
67,0.25,0.7443413324522622,0.9997826006351576
68,0.25,0.7459764867831351,1.0020103130352538
69,0.25,0.7430066069811325,0.9942100322233337
70,0.25,0.7460599477401634,1.0025632553256116
71,0.25,0.7445663292426167,0.9995774914737422
72,0.25,0.743431666698238,0.9952575192128271
73,0.25,0.7444292076906074,0.9978640247626285
74,0.25,0.7455016838297929,0.9955597691190988
75,0.25,0.7459893482855834,0.9997747462055484
76,0.25,0.7456609565718938,1.0030986054624726
77,0.25,0.7448013600406416,1.001943175465062
78,0.25,0.7443409556743797,0.9956562234595715
79,0.25,0.745501745629904,1.0066420848801543
80,0.25,0.7447568862543438,0.9980540988146599
81,0.25,0.744203317053208,0.9908764883881248
82,0.25,0.7438712718635929,0.9969343562381141
83,0.25,0.7451467244437536,1.00072395624404
84,0.25,0.7448491871727638,1.0007584048388125
85,0.25,0.7442956108795533,0.9944419681362417
86,0.25,0.7443926475630871,0.9928450270893513
87,0.25,0.7439243787837964,0.9994620544508436
88,0.25,0.7445298114738561,0.9980953149111187
89,0.25,0.7451634710474101,0.9941154535738048
90,0.25,0.7464711418901065,1.006856143808896
91,0.25,0.7433132208811518,0.9937005644485811
92,0.25,0.7440900057899712,0.9940567387683539
93,0.25,0.7446582494774839,1.002593211967326
94,0.25,0.7454295597726736,1.001323619470643
95,0.25,0.7447736566482837,0.9967088106770475
96,0.25,0.7438973316745513,1.0057006805124047
97,0.25,0.744192863677815,0.9960242638672946
98,0.25,0.7435734418383629,0.9900432269198624
99,0.25,0.7452075230054263,1.000162621598632
100,0.25,0.74369901296696,0.9975345085604242
101,0.25,0.7450938064657566,0.995724200123903
102,0.25,0.7452762794621313,0.9990214280088346
103,0.25,0.7452297461970374,0.9936524802692146
104,0.25,0.7436498406212964,0.990823195803939
105,0.25,0.7439768002497255,0.9935879029830633
106,0.25,0.7449195164552864,1.0045976379632326
107,0.25,0.7448549045142531,0.9900377745027147
108,0.25,0.7447193186208699,0.9973708641872038
109,0.25,0.7465643674654773,1.014604619952444
110,0.25,0.7442852290642643,0.9975616457217606
111,0.25,0.7447302927426588,0.9909162035231218
112,0.25,0.7473363543444034,1.0073758992587785
113,0.25,0.7443589075212942,0.9972680074443656
114,0.25,0.7459806828896691,1.00662210934435
115,0.25,0.7456559086359545,0.9998257846086552
116,0.25,0.7435372452244908,0.9968193012429013
117,0.25,0.7460226939194314,1.006971835558067
118,0.25,0.7434308690453396,0.9920648289875544
119,0.25,0.7457332351351464,1.0054778432633418
120,0.25,0.7439201854180677,0.9892727814352008
121,0.25,0.7440515601654285,0.9983002229990035
122,0.25,0.7458098418334318,1.0075806247419932
123,0.25,0.7458645223700672,1.0111883454871742
124,0.25,0.7454528459892972,1.0004202719909585
125,0.25,0.7462094220096619,1.0063233726149596
126,0.25,0.7429277905878305,0.9890974264808046
127,0.25,0.7439523056459644,0.9960722602899906
128,0.25,0.7458133481852998,1.010436382196355
129,0.25,0.7432857530108449,0.9913660459598481
130,0.25,0.7449277295961702,0.9942805557232118
131,0.25,0.7430504808813908,0.9974371986613497
132,0.25,0.7438475269957768,0.9954467900941882
133,0.25,0.7434435214112195,0.9911641428554097
134,0.25,0.7446629372975132,0.9995826603828473
135,0.25,0.7446164620925517,0.9937152059540493
136,0.25,0.7458287917992318,1.0042860729219132
137,0.25,0.743588607387111,0.9962251050690731
138,0.25,0.7446509939055429,0.9925371537440981
139,0.25,0.7448586016040524,0.9983990786417075
140,0.25,0.7440847300965142,0.9973263607316721
141,0.25,0.7446067332329328,1.0039702477569097
142,0.25,0.7439973407222101,0.993567332265252
143,0.25,0.7451782332103779,1.0061245780223573
144,0.25,0.7458013189715633,1.0079286966926162
145,0.25,0.7443321520343404,0.9925078705964157
146,0.25,0.7458460932150571,1.004036674316029
147,0.25,0.7448992873427474,1.001832695875617
148,0.25,0.7445931604118162,0.9961644040128103
149,0.25,0.7455004939757881,1.0052044382762595
150,0.25,0.7462319034410418,1.0026831830021532
151,0.25,0.7441382711143273,0.9981365360947908
152,0.25,0.7430520351609847,0.9942040075222014
153,0.25,0.7432782035653721,0.9931933079166447
154,0.25,0.7446003173630104,0.9976968309224786
155,0.25,0.7448285811624186,1.0028923542777533
156,0.25,0.7450009756232678,0.9965272581939664
157,0.25,0.7451030269053567,1.0035621892417539
158,0.25,0.7449675923093007,1.0012176448248207
159,0.25,0.7446043649556308,0.9970416798115337
160,0.25,0.7439870178204305,0.9975229022936095
161,0.25,0.7432239005170159,0.9923003920520787
162,0.25,0.7434577509771652,0.9972771386920569
163,0.25,0.7442915976491211,1.0012534272145437
164,0.25,0.745049768508873,0.999547004815514
165,0.25,0.7446601010609372,0.9996639788842379
166,0.25,0.7438667792986333,0.998226964624027
167,0.25,0.7448168475672279,1.0009384441996398
168,0.25,0.7448504717477517,1.0002384265611688
169,0.25,0.7441348512992416,0.9952222225273922
170,0.25,0.7451075051117687,1.0020903585496317
171,0.25,0.7439501105100683,0.9935906067237706
172,0.25,0.7437551796460332,0.9936532854285982
173,0.25,0.7438154394505108,0.9916208741838403
174,0.25,0.7450174238051966,1.0025553816442754
175,0.25,0.7440721937045905,1.000141457217221
176,0.25,0.7443989626115048,1.000932325616585
177,0.25,0.7432981028515673,0.9971378406974138
178,0.25,0.7440911160565664,0.996990086701182
179,0.25,0.7424384902694288,0.9903153197868533
180,0.25,0.7441666602054339,1.0010715473092875
181,0.25,0.7449820590780493,1.0016207119574903
182,0.25,0.7443065836342306,0.9981964160528836
183,0.25,0.7451495446251274,1.0000644830629357
184,0.25,0.7446854816208515,0.9957465749194103
185,0.25,0.7452579798705675,1.0018094589398057
186,0.25,0.7451864295021573,1.0021133736494827
187,0.25,0.7424318798527875,0.9879721340089707
188,0.25,0.7445999154718326,0.9962828932857191
189,0.25,0.7454366784820862,0.9988840374489404
190,0.25,0.7449194700569587,0.9966500129887794
191,0.25,0.7458251541381162,1.0035787923193464
192,0.25,0.7440001140858757,0.9980097236848101
193,0.25,0.7410792161583764,0.9854929315949822
194,0.25,0.7434302871425118,0.9882957968110039
195,0.25,0.7438224164588552,0.9891483118479968
196,0.25,0.7446503428405408,1.0021544323660343
197,0.25,0.7455401531369437,0.999548962523471
198,0.25,0.7455287414763547,1.0076917270653112
199,0.25,0.7455408062099596,0.9958742730482741
200,0.25,0.7450957434283957,0.9953926507202338
201,0.25,0.745581854484857,1.0048718695206484
202,0.25,0.7427841323763908,0.9908700836219286
203,0.25,0.7449115132197042,1.0028514137613975
204,0.25,0.7445344413065043,1.0027476535031596
205,0.25,0.7458485902185191,1.0089532445062028
206,0.25,0.7432281636056215,0.9910044251479184
207,0.25,0.7448582288918846,0.9929036203876626
208,0.25,0.7440243928923648,1.001173314499872
209,0.25,0.7449790694685701,1.0069813529209006
210,0.25,0.7446882940376955,1.0007519816953985
211,0.25,0.7460400335562045,1.0000757102360367
212,0.25,0.7453941292605367,1.0106599273998156
213,0.25,0.7419877177515528,0.993379494485337
214,0.25,0.7448284436667518,0.9964475242862332
215,0.25,0.7452748770191744,1.0003707295247342
216,0.25,0.7448486366393288,0.9979226615495304
217,0.25,0.7437837122726054,0.9927166151284729
218,0.25,0.744267915709527,0.9941933616319754
219,0.25,0.7446335463346947,1.0017750830819698
220,0.25,0.7463467825983345,1.0132851931123013
221,0.25,0.7456110723556111,0.9976888773526548
222,0.25,0.7452225734652328,1.004856604303578
223,0.25,0.745403993940792,0.99490075243675
224,0.25,0.7447008415804218,0.9961905395847808
225,0.25,0.7446515444140985,0.9990502192599261
226,0.25,0.7438186683744225,0.9863994825614669
227,0.25,0.7453304507277543,1.0026761379649056
228,0.25,0.7436180909416986,0.9957754783883149
229,0.25,0.7439303322406738,0.9951001803952149
230,0.25,0.744697428660174,0.9998018648884159
231,0.25,0.7442864487158328,0.9905651679029162
232,0.25,0.7458190771558892,1.0053545986491328
233,0.25,0.7436345864795918,0.9955025198025267
234,0.25,0.7453637295979959,1.001168252201216
235,0.25,0.7460449960633128,1.0052979805816114
236,0.25,0.7462171834969117,1.0009798775391523
237,0.25,0.7436656606958659,0.9985379994968772
238,0.25,0.7430115997020179,0.9846998732920031
239,0.25,0.7457252359420299,1.0008000796249046
240,0.25,0.7452202935522552,1.0059234520944664
241,0.25,0.7442241566043117,0.9948228347931415
242,0.25,0.7451408162643728,1.0082511184416352
243,0.25,0.7433054418843577,0.9904570623988823
244,0.25,0.7447803691533856,1.0001788813475474
245,0.25,0.7448053253578165,0.9982158996374633
246,0.25,0.7451040929243359,0.9977901142230851
247,0.25,0.7441643441449188,0.9964332191972114
248,0.25,0.7443889275671286,0.9943155154427601
249,0.25,0.742986345153239,0.9890724815310155
250,0.25,0.7463593233307633,1.0068896693131786
251,0.25,0.7425973952400918,0.9874637062419159
252,0.25,0.7448270074037902,0.9997829820853952
253,0.25,0.7445964832387423,0.9941155022524819
254,0.25,0.7442632764928658,0.99586564811612
255,0.25,0.7443969960527924,0.9992427063448622
256,0.25,0.7427035537665949,0.988156321290463
257,0.25,0.7443864247146796,0.9939690812469708
258,0.25,0.7452357326670019,0.9956945076630629
259,0.25,0.7448025552504972,0.9926562989605098
260,0.25,0.7438865403740923,0.9988849613292252
261,0.25,0.7456050297091807,1.010499915196911
262,0.25,0.7466017994816054,1.0004664089987083
263,0.25,0.745538524452599,1.000167902626233
264,0.25,0.744486981527536,0.9922769495247449
265,0.25,0.7465497297085009,1.011821656291909
266,0.25,0.7449196646393645,1.0021741594363687
267,0.25,0.7447586405565922,0.9976330173605074
268,0.25,0.7427582953681399,0.9878074631065104
269,0.25,0.7442066916332616,1.001700346107735
270,0.25,0.7437172383704573,0.9973768997621856
271,0.25,0.744592641999076,1.0012747017414405
272,0.25,0.7443151655440774,0.9994923784086046
273,0.25,0.7450777091052068,1.0002095058340148
274,0.25,0.7444228833034978,0.9962899322920956
275,0.25,0.745280389522924,1.001308302248771
276,0.25,0.7449709418368251,0.9998687367929068
277,0.25,0.744469390251097,0.9948395981472586
278,0.25,0.7446290619149204,0.9974209722965279
279,0.25,0.7455177586917412,1.0011660544525762
280,0.25,0.7433250924757417,0.9943994371186347
281,0.25,0.7446778468413311,0.9989885042460115
282,0.25,0.7449464434751798,0.9957495480186461
283,0.25,0.7427884673474346,0.992198652906631
284,0.25,0.7456033324243682,0.9994988396426314
285,0.25,0.7456180874046953,1.004069685650503
286,0.25,0.745291810242413,1.0035472841844986
287,0.25,0.7445243285087034,1.0034607841420944
288,0.25,0.7446298524068341,1.000662946416335
289,0.25,0.7456190757744487,1.000984689798053
290,0.25,0.7444722180267399,0.9963321455937154
291,0.25,0.7458272777224958,1.0089519569347707
292,0.25,0.7447682736010323,0.9969163904928028
293,0.25,0.7438238070399473,0.9968729311889534
294,0.25,0.7445760862711048,0.9924978870802615
295,0.25,0.7440882422372291,0.9968265251819162
296,0.25,0.7454475699701729,1.0029232194474846
297,0.25,0.7464321144916822,1.0043101098693288
298,0.25,0.7447398285095581,1.005767280303653
299,0.25,0.7433685956955484,0.9959600810162996
300,0.25,0.7455038450349019,0.9996823161212073
301,0.25,0.7447053371961334,0.9963651185563369
302,0.25,0.7438007030035468,0.9894025791884117
303,0.25,0.7462055405563756,1.009244300647732
304,0.25,0.7465210978325946,1.0106435850975106
305,0.25,0.7456165858355681,1.0114266132214644
306,0.25,0.7446099121619766,0.9980165122824933
307,0.25,0.7447681406826944,0.9970734286434186
308,0.25,0.745192585010902,1.0046706516350024
309,0.25,0.7449489457357928,1.0019573051785762
310,0.25,0.7454086993031046,1.0117846513264703
311,0.25,0.743996402778933,0.9907393671481742
312,0.25,0.7451830551484141,0.9969465638135463
313,0.25,0.745690418864551,1.001870236013496
314,0.25,0.7452254836664206,0.9984671807114879
315,0.25,0.744381126772069,0.9929654345401769
316,0.25,0.7465893034071964,1.0063079348391435
317,0.25,0.7432225147772547,1.0002601902742714
318,0.25,0.7458526131841648,1.0024150743156168
319,0.25,0.7423979788780832,0.987870527116351
320,0.25,0.7434790758486642,0.9930304161848521
321,0.25,0.7460039742580277,1.0070450539706135
322,0.25,0.744137287328741,0.9981868640434779
323,0.25,0.7459251663481122,1.0015418157173066
324,0.25,0.745315886414806,1.0030442327717308
325,0.25,0.7451344257035915,1.007190035862508
326,0.25,0.745286497875348,0.9919640302058367
327,0.25,0.7427068922503303,0.9886457708033348
328,0.25,0.744985628700557,0.9960128569389816
329,0.25,0.7435518992637329,0.9964939815952997
330,0.25,0.7435252931895899,0.9955260675263251
331,0.25,0.7464143984458652,1.0044085286564164
332,0.25,0.7454714862622612,0.9967593317978449
333,0.25,0.7449610897388891,0.9984185195967602
334,0.25,0.745447980361392,1.001594300060529
335,0.25,0.7453403830076707,1.0029519754695397
336,0.25,0.7450236809827783,0.9995347776982237
337,0.25,0.7449513790361127,0.9987507903362414
338,0.25,0.7445670981075109,1.0014202209775451
339,0.25,0.7442244342969174,1.000800902797929
340,0.25,0.7444543032311585,1.0015504345963233
341,0.25,0.7429750963619778,0.9821450171413848
342,0.25,0.7455605156016674,1.001321009669578
343,0.25,0.7438895283777643,0.9957817651552843
344,0.25,0.7447531645238805,0.992427093785582
345,0.25,0.7452886091466983,1.0043637999320256
346,0.25,0.7446355951547527,0.9954262463123208
347,0.25,0.7453696917851174,1.003894159633868
348,0.25,0.7452704141250591,1.0005007120445975
349,0.25,0.7435029226849812,0.9945911497329936
350,0.25,0.7449525286926528,1.0044817928580734
351,0.25,0.7464759128936588,1.0128318984043212
352,0.25,0.7441966231711293,0.9998078230550401
353,0.25,0.7448586928026486,1.0000662472265742
354,0.25,0.7441637691109991,0.99341257507699
355,0.25,0.744439189424704,0.9967784468582671
356,0.25,0.7472450529872446,1.0134323732692185
357,0.25,0.7440707321547843,0.9930358793597079
358,0.25,0.7447786008957532,0.9946609949072645
359,0.25,0.7456643358301778,1.0044049172247274
360,0.25,0.7457617367460015,1.0031055256002677
361,0.25,0.744801668816893,1.0013375628111547
362,0.25,0.7445811221363261,0.9967505448104461
363,0.25,0.7447345174713987,1.000437607581421
364,0.25,0.7441377038154653,0.9980638380372108
365,0.25,0.7448199672089904,0.9958605566020253
366,0.25,0.7448384149641764,0.999634928615937
367,0.25,0.7441974140712866,1.0021034070029917
368,0.25,0.7451685288329523,1.0017720694484937
369,0.25,0.7451851462067042,0.9961076417756822
370,0.25,0.743410112017651,0.9922651581126591
371,0.25,0.7444337312447985,0.99445006597818
372,0.25,0.7446928594266641,1.0035088321419894
373,0.25,0.745623852561753,1.0033395397701728
374,0.25,0.7435713400166575,0.9915189480099926
375,0.25,0.7446569759959668,0.9930963243669677
376,0.25,0.7423994374090829,0.991286496698245
377,0.25,0.7446327882030911,0.9991009073770329
378,0.25,0.7442178110673591,1.0009225147711118
379,0.25,0.7436479142448631,0.998306328062178
380,0.25,0.7446077356399589,1.0003437144514271
381,0.25,0.7442529897597356,0.9980162633302258
382,0.25,0.7426050552616794,0.9894810309386743
383,0.25,0.7441634699606512,1.002130076502666
384,0.25,0.7445214899587734,0.9986809025089772
385,0.25,0.7460497393884977,1.0035385246062993
386,0.25,0.7440785480544364,0.9915157853157386
387,0.25,0.7466539547530465,1.0050284746996847
388,0.25,0.7449353466193002,1.0002451664303682
389,0.25,0.7440712670967218,1.0009979166905447
390,0.25,0.7431022204970257,0.9898380938757744
391,0.25,0.745980733536891,1.000303341020951
392,0.25,0.7447914820148123,0.9955613116667011
393,0.25,0.7445331066198987,1.0038795508777711
394,0.25,0.7416566046483511,0.9788955836284848
395,0.25,0.7445651919270885,0.9984752550879259
396,0.25,0.7430338240289075,0.9865853865988935
397,0.25,0.745495864850753,1.0038489523059924
398,0.25,0.7456981148592898,1.0026044339539868
399,0.25,0.7455093696623242,0.9977014624427467
400,0.25,0.7451078660516975,0.9950982033980404
401,0.25,0.7424722977724062,0.9933489994178178
402,0.25,0.7451537623564337,1.0013814141076833
403,0.25,0.7445413712831616,0.99515775999088
404,0.25,0.7433602775635746,0.9889969008080309
405,0.25,0.743672316846992,0.9982327359750959
406,0.25,0.7454476277165953,1.0048704890966875
407,0.25,0.7427177088771941,0.9918302435651812
408,0.25,0.7419476773911106,0.9798251898446072
409,0.25,0.7448756355634572,0.9971204893649007
410,0.25,0.744339536052674,0.9985163666923952
411,0.25,0.7448237863705828,1.003656790387728
412,0.25,0.7458318940520571,0.9982381649729024
413,0.25,0.7439908897022363,0.993595382898768
414,0.25,0.7436206678103936,0.9956918624997935
415,0.25,0.7455246519561298,0.9999733363156003
416,0.25,0.7447143133014604,1.0012133419813563
417,0.25,0.743900844730606,0.9929421374463183
418,0.25,0.7432193032050869,0.9964382275014643
419,0.25,0.7440752403145561,0.995850842830806
420,0.25,0.7434070091129362,0.9958984187778166
421,0.25,0.7459501504831239,1.0094697129158838
422,0.25,0.7447037525243605,1.0013985691347578
423,0.25,0.7436788578959188,0.9901136672659014
424,0.25,0.7453688044080624,1.0055230424849924
425,0.25,0.7462671650911957,1.002023960161234
426,0.25,0.7440806604111881,1.0015032222380047
427,0.25,0.7440671318759032,1.0013231391667141
428,0.25,0.745341030627353,0.9977245314596142
429,0.25,0.745502889564221,1.0067090690160632
430,0.25,0.7421088132027198,0.9876966312564485
431,0.25,0.7464082481066447,1.0028290055121905
432,0.25,0.743672564576047,0.9929823005854513
433,0.25,0.7436104757793034,0.9945308027766088
434,0.25,0.7432801359517937,0.9913869688058754
435,0.25,0.7453053801879584,0.995085825627084
436,0.25,0.7428796727042025,0.9977489813391234
437,0.25,0.7437998431207393,0.9993338050000224
438,0.25,0.7467300593089774,1.009891969985521
439,0.25,0.7451313851677575,1.0060734029511258
440,0.25,0.7437550925610381,0.9896728927128654
441,0.25,0.7455154192589698,1.0039521823088051
442,0.25,0.7442185702381602,0.9984748524916258
443,0.25,0.7443158248872013,0.9963342027642642
444,0.25,0.7444724566895095,0.9949782536806783
445,0.25,0.7454993670468706,0.9968453765389438
446,0.25,0.7439007531370243,0.9918307626328423
447,0.25,0.7430337626728645,0.9962592650607766
448,0.25,0.7464431493323213,1.004902542312932
449,0.25,0.7458924219853471,1.0014329564501172
450,0.25,0.7440093114735467,0.9903667091668201
451,0.25,0.7447009222993024,1.000454580516753
452,0.25,0.7445099190952845,0.9958205758205405
453,0.25,0.7448323392123525,1.0044490565123123
454,0.25,0.7446881524107287,0.9980793588280447
455,0.25,0.7444535179033297,1.0003188328222645
456,0.25,0.7449313581782799,1.0003193122568201
457,0.25,0.7446461049805743,0.998375766883953
458,0.25,0.7468271899509467,1.0036836528799267
459,0.25,0.7434528903454005,0.9909388649396764
460,0.25,0.7451004235677982,1.0051758095388594
461,0.25,0.7458529229469627,1.00982706312473
462,0.25,0.7434581460877734,0.9916380711447009
463,0.25,0.7464582977844232,1.0087066938847888
464,0.25,0.7460074474686577,1.0032978336271243
465,0.25,0.7445609753519313,1.000198230937736
466,0.25,0.7453514556429993,0.9965511470105956
467,0.25,0.7444200882538247,1.0050255739745906
468,0.25,0.7446959887226914,1.002665495772124
469,0.25,0.7457114870790881,1.0016616147160937
470,0.25,0.7434513359620758,0.9935653066183816
471,0.25,0.7448713569000682,1.0054713025759516
472,0.25,0.7446757799765025,0.9930691526309111
473,0.25,0.7451637606248297,1.0028399651435134
474,0.25,0.7438760396912547,0.9931382550910722
475,0.25,0.7446563857394792,0.9932664557499855
476,0.25,0.7449344847089284,0.9921222790773476
477,0.25,0.745578784547052,1.007208929406534
478,0.25,0.7449714595888243,1.0024626034095627
479,0.25,0.7452965352167155,1.0018956069988332
480,0.25,0.7443125166157536,1.0012661293206593
481,0.25,0.7445965021619626,1.0010239737214592
482,0.25,0.744662367105927,0.9942384691424254
483,0.25,0.7444860140945623,0.9924139815401303
484,0.25,0.7458282548279499,1.0101501908162367
485,0.25,0.7463972929543362,1.0053503258637995
486,0.25,0.74516513944297,1.0033835041851014
487,0.25,0.7437373467831185,1.0006118605213765
488,0.25,0.7431721773107514,0.9918398050203796
489,0.25,0.7446228387245978,1.0025785668063532
490,0.25,0.7449749237844043,1.0022008931716182
491,0.25,0.7448985387698894,0.9945068981595908
492,0.25,0.7417891638849724,0.9871430385528576
493,0.25,0.7450554382027388,1.002643142722594
494,0.25,0.7448709245895367,0.9998209779430232
495,0.25,0.7444037647311359,0.9935636004926538
496,0.25,0.7458809176025053,1.00495270134107
497,0.25,0.7440236416121611,0.9869912164834403
498,0.25,0.745036737870858,1.0017794952007917
499,0.25,0.7447932625037239,0.9951844894975302
500,0.25,0.7462485349610093,1.004914217081913
1,0.3,0.7452676037238566,0.9960918487358478
2,0.3,0.7456007197882707,1.000732360280742
3,0.3,0.744910870617171,1.013624958096246
4,0.3,0.7448593493001584,0.9983877461298204
5,0.3,0.7451213450960024,1.0017831410736067
6,0.3,0.7439874611936018,1.0029523826334843
7,0.3,0.7450452090178274,1.0049916583813674
8,0.3,0.7433189383996585,0.990666355355007
9,0.3,0.7475241850788812,1.000909955933156
10,0.3,0.744738050107364,1.0013145047889873
11,0.3,0.746389242724781,1.0027624471036483
12,0.3,0.7435791398428941,0.9883403538370713
13,0.3,0.7443922571737704,0.9996333923668476
14,0.3,0.745360542170783,0.9904775201981837
15,0.3,0.7427762039253131,0.9866230705289166
16,0.3,0.7453639335945774,1.0071474848962847
17,0.3,0.7445191236709667,0.9951404377912838
18,0.3,0.7447691229176866,1.0023352555025449
19,0.3,0.7449922518656555,1.0015299386882976
20,0.3,0.744024366539641,1.000117561740909
21,0.3,0.7427475846211606,0.9874443677168386
22,0.3,0.743798899856451,0.9924102718042326
23,0.3,0.7443382713057198,0.9976681578981067
24,0.3,0.7457565563833058,1.005529497584166
25,0.3,0.7445057749659867,0.9953096860614862
26,0.3,0.7464691370542904,1.0098963905284606
27,0.3,0.7443174446271383,0.998514086545328
28,0.3,0.7441839694639139,0.997633886765336
29,0.3,0.7454358716437198,1.0032667676368587
30,0.3,0.7445669387741118,0.9967597623343429
31,0.3,0.7432470639108149,0.9900845807166546
32,0.3,0.7436118816075057,0.9945716826037451
33,0.3,0.7442076319652371,0.9953496065687211
34,0.3,0.7446654157233723,1.0028069528805579
35,0.3,0.7427643174778532,0.9906868763145932
36,0.3,0.7434005957391128,0.9938225384316248
37,0.3,0.7446632607637976,0.9990618873051414
38,0.3,0.7454665273329607,1.005111101182363
39,0.3,0.7448649112585266,0.9989185746439236
40,0.3,0.7451780241218415,1.0030614036892533
41,0.3,0.7444448526239094,1.00064188593185
42,0.3,0.7438970062140423,0.9943282546811567
43,0.3,0.7444367388400065,0.9990444478132173
44,0.3,0.7456939938076779,1.002393480215276
45,0.3,0.746373131919931,1.0046843104511542
46,0.3,0.7462844287776906,1.0029104988258621
47,0.3,0.7449718107315756,0.9958299205107918
48,0.3,0.7441459410003368,0.9957128655960854
49,0.3,0.7458325786857941,1.0027878042102323
50,0.3,0.7440431894342511,0.992861716300746
51,0.3,0.7434027658933682,0.9940449999364039
52,0.3,0.746190343920126,1.0059086660281416
53,0.3,0.7457525421931223,1.0036712462470754
54,0.3,0.7443530183459013,0.9986310069841445
55,0.3,0.7432739835579456,0.9922174478388893
56,0.3,0.7453917996344296,1.0099219160116382
57,0.3,0.7435221137744726,0.9960105889123974
58,0.3,0.7470114525706039,1.0079112421174359
59,0.3,0.7433342695397916,0.9992443161781747
60,0.3,0.7446858950046578,1.0003848024758506
61,0.3,0.7445769565398526,1.0026827091105897
62,0.3,0.744413681376782,1.0056656751178061
63,0.3,0.7452694017585733,1.0018197031476455
64,0.3,0.7433836577828363,0.9996775209849131
65,0.3,0.7465717794005945,1.0061151582772994
66,0.3,0.7439205175553557,1.004240111704606
67,0.3,0.7429437338368395,0.9847849744788331
68,0.3,0.7452418417090388,0.9990716577802475
69,0.3,0.7458157767965935,1.0091072978225892
70,0.3,0.743956773695731,0.9973569984016082
71,0.3,0.7437754579993974,0.9940875012427077
72,0.3,0.7443831733127121,0.9956206815891495
73,0.3,0.745789165423073,1.0027873808678383
74,0.3,0.7434814992764744,0.9919853896601084
75,0.3,0.7440172184953158,0.9976048591555773
76,0.3,0.7451062275830692,1.004019794796835
77,0.3,0.744610645019556,0.9951973336878589
78,0.3,0.7453312097042567,0.9974665587443411
79,0.3,0.7440527654691742,0.9937320532235244
80,0.3,0.7434254584772049,0.988977497139912
81,0.3,0.7461261878155176,1.010548850678451
82,0.3,0.7450959556209206,1.0018675253894302
83,0.3,0.7433597948475897,0.9939675885457959
84,0.3,0.7443275314608448,0.9973483878150458
85,0.3,0.7456755996461495,0.9946962445457714
86,0.3,0.7445487205820036,0.9946893156891623
87,0.3,0.7448510311339334,0.9968140127747813
88,0.3,0.7431755868889154,0.9899649527857861
89,0.3,0.7438047231313559,0.9971258374810874
90,0.3,0.7432497000570311,1.001683235598452
91,0.3,0.7453959192263256,1.0016219456123592
92,0.3,0.744270424776941,0.995014849307576
93,0.3,0.744692584442393,1.0002854444046365
94,0.3,0.7465134029606716,1.0021972365367626
95,0.3,0.7453390376982838,1.0089328441213443
96,0.3,0.7435736194837564,0.9882177233723352
97,0.3,0.7441727051235334,0.9973007222181824
98,0.3,0.7436123291642938,0.9952089972602354
99,0.3,0.7442151112022071,0.9967867659201377
100,0.3,0.7448149813484743,0.9948213266180116
101,0.3,0.7441798091201689,0.9982171063953583
102,0.3,0.745121196867487,0.9983678009676304
103,0.3,0.7431917841812654,0.9971079508655887
104,0.3,0.7460599357413451,0.999506395306511
105,0.3,0.7444100165419285,1.0014804837236695
106,0.3,0.7441101712503073,1.0002313841201027
107,0.3,0.7453821379311496,1.0035384573992618
108,0.3,0.7452317281028215,1.00190081951454
109,0.3,0.7449225078227104,1.0004434869802952
110,0.3,0.7458910049402286,1.0042823341477398
111,0.3,0.7443261819033122,0.9929353528699546
112,0.3,0.7445401478900268,1.0036217850753673
113,0.3,0.7454202963968228,1.006085486088673
114,0.3,0.7431413584438383,0.9927679713844798
115,0.3,0.7452076329485307,0.9941524894287519
116,0.3,0.7449126443109749,0.9976088891690181
117,0.3,0.7445559150582545,0.9985493241274356
118,0.3,0.7447410951785973,1.004898466705169
119,0.3,0.744648722390522,0.9967100773846207
120,0.3,0.7446762121288106,0.99657680097045
121,0.3,0.7455986053561957,1.0012378100844979
122,0.3,0.7430712077019259,0.9923892332740112
123,0.3,0.7462186024833539,1.0054460555195408
124,0.3,0.7435036175781157,0.9922734165938948
125,0.3,0.7440310914172669,1.0023643981193404
126,0.3,0.7455254059347954,1.0052288124206659
127,0.3,0.7458792829142707,1.005537191489179
128,0.3,0.7444974819848029,1.0010572324837044
129,0.3,0.7459070370837804,1.0063365436205418
130,0.3,0.7446384634856272,1.000964254994505
131,0.3,0.742991960601401,0.9977250764311958
132,0.3,0.7436752541024707,0.9913156632260305
133,0.3,0.7468960559410747,1.005027981627973
134,0.3,0.7443015412757724,0.9980900559086054
135,0.3,0.7464189365570892,1.0071521748760337
136,0.3,0.7460816127275497,1.0026717830007355
137,0.3,0.7452033328034097,1.003134729800438
138,0.3,0.7445841485341688,0.995204288212976
139,0.3,0.7460736919845954,1.0043720061380934
140,0.3,0.7455698905078499,1.0033721890998926
141,0.3,0.7462255513816106,1.0029098700958254
142,0.3,0.7451089501875819,1.0048723943755544
143,0.3,0.745664745478793,1.0063552908239812
144,0.3,0.7456675541720753,0.9971102838960414
145,0.3,0.744793229062551,0.9992604260592949
146,0.3,0.7457972632438598,1.0051781987509236
147,0.3,0.7454444042434596,1.0032887331624727
148,0.3,0.7443291466231402,0.9964653897136077
149,0.3,0.7423140717895006,0.986737086098867
150,0.3,0.746077134084986,1.0017902430847818
151,0.3,0.742209001047316,0.9895763926991694
152,0.3,0.7452722588473927,0.9989912568439484
153,0.3,0.7448913202201664,0.9961298718095953
154,0.3,0.7451406079618845,0.9997959019998529
155,0.3,0.7468135562853858,1.0136112362677516
156,0.3,0.7441107383618237,0.9985764789605206
157,0.3,0.7437437224292283,0.9973785971356498
158,0.3,0.744103101665998,1.000696648029391
159,0.3,0.7445713588755184,0.9965293574780816
160,0.3,0.7481375636378462,1.0142120982920848
161,0.3,0.7460504629578039,0.9964100726928452
162,0.3,0.7456252783521704,1.0020753516942478
163,0.3,0.7456524379010475,1.0003597049260309
164,0.3,0.7446513863376735,0.998167570289887
165,0.3,0.7449996063542479,0.9970468425997245
166,0.3,0.7443986701890971,0.9928988547727194
167,0.3,0.7437559465910993,0.9947907342636624
168,0.3,0.7457977938694504,1.0043037049137826
169,0.3,0.7457054351787002,1.0116108932821324
170,0.3,0.7431221689776243,0.9964667930568304
171,0.3,0.7454049844524703,0.9992691778611128
172,0.3,0.7444294385102198,0.9970071067350026
173,0.3,0.7443573653855677,1.0009051782773262
174,0.3,0.7456279554139242,1.0005440367578842
175,0.3,0.7449447597265498,0.9946294767020176
176,0.3,0.7441559434376493,0.9960835861779521
177,0.3,0.7438604428392426,0.9964772867287903
178,0.3,0.7447625584635309,1.004187162741968
179,0.3,0.7434335127771161,0.9874241304554838
180,0.3,0.7452343383764136,1.0082342896040557
181,0.3,0.7440449781477801,1.0000432602575264
182,0.3,0.7441934093186696,0.9938751659729803
183,0.3,0.743567408122951,0.9900465019644368
184,0.3,0.7443367471650516,0.9968640595959564
185,0.3,0.7441538224081616,0.9962601743252274
186,0.3,0.746042520983473,0.9971659181365082
187,0.3,0.7451704111349633,0.996583425461874
188,0.3,0.7425585136271753,0.9889817843672527
189,0.3,0.7437043676822461,0.9917670595181841
190,0.3,0.7452577091900161,1.0018996759216465
191,0.3,0.7450195771455669,1.0006793065831188
192,0.3,0.7446361989793602,0.9980950339344941
193,0.3,0.7456268249122379,1.0036320420092077
194,0.3,0.7458618336409003,1.0087623257557594
195,0.3,0.7441555283465984,0.9981511849825864
196,0.3,0.7459345871708358,1.0108996308625304
197,0.3,0.7437938791508373,0.9924808991777329
198,0.3,0.7433772055198826,0.9921274717537767
199,0.3,0.7453822474713171,1.0003276416933762
200,0.3,0.7464273874036029,1.0122413421667134
201,0.3,0.7441905957381963,0.9876417075071251
202,0.3,0.7441784648639725,0.9970976232519337
203,0.3,0.744167888305193,0.9969839794716009
204,0.3,0.7439241126709357,0.9925327694711692
205,0.3,0.7445144626065086,0.9921092711440701
206,0.3,0.744368692628616,0.9968214926675585
207,0.3,0.7447498787022264,0.9980628394016894
208,0.3,0.7478930534314219,1.01136534199678
209,0.3,0.7447660063193171,0.9925774574295426
210,0.3,0.7450268344292672,0.9947931174120076
211,0.3,0.7442064974515912,0.9973309747754991
212,0.3,0.7456598215697199,1.003059249832033
213,0.3,0.7444619943220715,1.0035024798523307
214,0.3,0.7440314710521465,0.9918961844159602
215,0.3,0.7442246345297363,0.9979328857345898
216,0.3,0.746298810546681,1.0105406374148358
217,0.3,0.7451120549190485,0.9949372474931569
218,0.3,0.7457243139787667,1.0077065489810897
219,0.3,0.7443981559862809,0.9989763278483084
220,0.3,0.7456104196190454,1.009788528451122
221,0.3,0.7453553416457319,1.0071290515948035
222,0.3,0.7460869852790533,1.007139607339132
223,0.3,0.7447627554211407,1.0008690234993691
224,0.3,0.7455111057298439,1.0000998541707646
225,0.3,0.7437683760947797,0.9996819500660608
226,0.3,0.7430410537514864,0.9903436701165544
227,0.3,0.7446475808167873,0.9943356918117855
228,0.3,0.7450325785158824,1.0029966861871233
229,0.3,0.7455790692656543,1.0087682641113955
230,0.3,0.7460409893376492,1.0099395603124193
231,0.3,0.7442621272176011,0.9889129347111476
232,0.3,0.7445190375311622,0.9981177106671391
233,0.3,0.7447199737387885,0.9923410086542106
234,0.3,0.7442000012659313,0.9941899022889819
235,0.3,0.7445148030957088,1.0011342963384586
236,0.3,0.7449596353120003,1.0025105636538523
237,0.3,0.7430042520772304,0.9926771769896726
238,0.3,0.7454208008214886,1.002858379424378
239,0.3,0.7441938929077162,0.9998339517629548
240,0.3,0.7456424063796377,1.008868502619003
241,0.3,0.743592622807456,0.9965253123226391
242,0.3,0.7470121363218625,1.0090810996716777
243,0.3,0.7437859457837597,0.9924454477583583
244,0.3,0.7453046801067309,1.0074300850132325
245,0.3,0.7447070244274792,0.9952641395879193
246,0.3,0.7427894916215317,0.9854820527853859
247,0.3,0.7434981656603847,1.000447956222007
248,0.3,0.7443026586947317,0.9933377858238628
249,0.3,0.7447230128773904,0.9980743885493116
250,0.3,0.7443139082194036,0.997144547821778
251,0.3,0.7456341187001568,1.006949481419115
252,0.3,0.7455037506806226,1.007593531740794
253,0.3,0.7437618720759549,0.9895238703879606
254,0.3,0.7435966725238777,0.9973565903385022
255,0.3,0.7459480348084265,1.0033515085176317
256,0.3,0.7448701205735803,1.0013752406113499
257,0.3,0.7459603751881492,1.0010661594805101
258,0.3,0.7450250663732529,0.9994533335038389
259,0.3,0.7450144624049293,1.0017084411138506
260,0.3,0.7449739035843762,1.0008730571726794
261,0.3,0.7448613213160152,1.0044097254148536
262,0.3,0.7440125180985072,0.9946536796878561
263,0.3,0.7445254028673746,1.0019801436368738
264,0.3,0.7441442763816857,0.9901304587600689
265,0.3,0.745080008886255,0.9986407016596862
266,0.3,0.7464469968296324,1.0095635725156256
267,0.3,0.7456238299676532,1.0066986986836695
268,0.3,0.7433135765077009,0.9955638160012981
269,0.3,0.7454032080267636,1.0026234264534926
270,0.3,0.7434670887996188,0.9855177169183172
271,0.3,0.7439076466127987,0.991714199165812
272,0.3,0.7442358278924645,0.9939115825989627
273,0.3,0.7435846043270573,0.9958012689038506
274,0.3,0.7455557599768565,1.0038213783738963
275,0.3,0.7455643069794138,1.0039437936422249
276,0.3,0.7448401299377565,1.006203631269264
277,0.3,0.7445263509732684,0.9923587491027126
278,0.3,0.7447663771458608,0.996007994727971
279,0.3,0.745686007232355,1.004076016578438
280,0.3,0.7455598370804593,0.9943064299554906
281,0.3,0.747721073556006,1.0125389945211622
282,0.3,0.7456007665211277,1.0078388245788379
283,0.3,0.7437791303289712,0.9984572993559037
284,0.3,0.7461853613606667,1.0069650802063637
285,0.3,0.7444455218667191,0.9947347732201973
286,0.3,0.7463343312248258,1.0063611682084996
287,0.3,0.745598182468416,1.0011167442946174
288,0.3,0.7448958338869377,0.9989610372649697
289,0.3,0.7433574996331922,0.9871562985390993
290,0.3,0.7435583256113933,0.9936055654145931
291,0.3,0.7441614247251271,1.0033280071803063
292,0.3,0.746340006210829,1.0009547485853376
293,0.3,0.743884325871869,0.9974913972942032
294,0.3,0.7452216793258973,1.0028878765217948
295,0.3,0.7431864072305489,0.993301334273025
296,0.3,0.7429352367602409,0.9909453318245725
297,0.3,0.7448226526911967,1.0030425300489731
298,0.3,0.7450880839084427,1.0025905594002882
299,0.3,0.7435077584986846,0.9986343812825808
300,0.3,0.7449928346627126,0.9914753306465004
301,0.3,0.7450333208541183,0.9936557066342296
302,0.3,0.7449262270138816,1.0027257051504712
303,0.3,0.7444456309933815,0.9953301273818213
304,0.3,0.7455584021884565,0.9956408060493451
305,0.3,0.7458433942627931,1.0077851236267934
306,0.3,0.7468728579057832,1.0086754052632365
307,0.3,0.7471612096745741,1.0159439485728623
308,0.3,0.7445498205300124,0.9985587841851478
309,0.3,0.7450187019544269,1.001296531661137
310,0.3,0.7439503910423301,0.9984799326868146
311,0.3,0.7453142913705382,1.0009302302784635
312,0.3,0.7452559983147077,1.0010216024344702
313,0.3,0.7460517895997263,1.0014584031646847
314,0.3,0.743975801964145,0.9980928814000035
315,0.3,0.7447736513085964,1.0012633645251605
316,0.3,0.7447501267617985,1.0013658693057612
317,0.3,0.744780198602042,1.0001984677103815
318,0.3,0.7450785601117726,1.001393169520576
319,0.3,0.7454138276919762,1.0007218434293348
320,0.3,0.7446157009935734,0.9941996113982835
321,0.3,0.7446280108113383,0.9969003088747402
322,0.3,0.7428371683064059,0.9951685334989245
323,0.3,0.7437996152414909,0.9953247183362061
324,0.3,0.7437868699354099,0.99206376032849
325,0.3,0.745213803454412,0.9986050031675875
326,0.3,0.7437229111957739,0.9916196988085917
327,0.3,0.7449760699722267,1.001883802575657
328,0.3,0.7460722988531994,1.004139674874384
329,0.3,0.7466468191997819,1.007736923526252
330,0.3,0.744513475853287,1.002034180856806
331,0.3,0.7435689696720296,0.9979721170167356
332,0.3,0.7454251510493695,1.0039513597505885
333,0.3,0.7424028763277584,0.9894416499581068
334,0.3,0.7434710158666217,0.9935384641812506
335,0.3,0.7458240221428508,1.0117696803891942
336,0.3,0.7441131917011368,0.9971067489481839
337,0.3,0.744221774316991,0.9915218436231628
338,0.3,0.7431097978593512,0.9871630988050255
339,0.3,0.744215631931227,1.0024515990939047
340,0.3,0.7443325851389128,0.9956061780094188
341,0.3,0.7439403472363846,0.9982937249196666
342,0.3,0.7445883049536194,1.0010360817872956
343,0.3,0.7445206786912644,1.0006128415073208
344,0.3,0.7432151219287227,0.990169133936693
345,0.3,0.7434437739799372,0.9893402122540839
346,0.3,0.7444256755997024,0.9983910277972703
347,0.3,0.744312772516075,0.9957431841675211
348,0.3,0.7456341902073412,1.000309964777344
349,0.3,0.7457952696961397,1.0049347442089933
350,0.3,0.744023069523537,0.9949572357505209
351,0.3,0.7442650527800329,0.9956480961014815
352,0.3,0.7438968545948085,1.0035534710075915
353,0.3,0.7450129443213818,1.0017788759605102
354,0.3,0.7428764512039178,0.9877055096844599
355,0.3,0.7431486202042697,0.9895530497366126
356,0.3,0.7442037771936888,0.9982379383210213
357,0.3,0.7447609833793928,0.9955072942553014
358,0.3,0.7430458087869861,0.987023146756793
359,0.3,0.7446882800560375,0.9957645077746643
360,0.3,0.7452224320609332,1.0078286658984876
361,0.3,0.745642746368024,1.0081446518613575
362,0.3,0.7440827910228032,0.9894599855590769
363,0.3,0.7449370053678921,0.9954439445512708
364,0.3,0.7454390599215749,1.0037740431649462
365,0.3,0.7451390941761711,1.0056608035335222
366,0.3,0.7454588575660532,1.0035223391627532
367,0.3,0.7443624501233069,0.9972332865691089
368,0.3,0.7457322069803803,1.0067803519756118
369,0.3,0.7438264579750515,0.9909641626370562
370,0.3,0.745426672183753,0.9955252089470695
371,0.3,0.7471165270743065,1.0164070397855278
372,0.3,0.7444959612370086,0.9980031060610097
373,0.3,0.745518017135554,1.0069496298941953
374,0.3,0.744346334705086,0.9961636122609434
375,0.3,0.7445735844638,1.0012990726723132
376,0.3,0.7445357380969754,0.9990826736177945
377,0.3,0.7449667867399193,0.9951796834400569
378,0.3,0.7456157317516848,0.9953898160721121
379,0.3,0.7442319763627777,0.9881267752480798
380,0.3,0.744570074293486,0.9915408228912288
381,0.3,0.744481863013935,0.9986825134179875
382,0.3,0.7457284711030441,1.0063282924405428
383,0.3,0.7447335839022489,0.9960145154057776
384,0.3,0.7443261795025605,0.9934777266483512
385,0.3,0.74647159901997,1.0078287732915339
386,0.3,0.7451198459832679,1.0027032965529077
387,0.3,0.7445505624909343,0.9968483553501641
388,0.3,0.7447196033437187,1.0036243237147198
389,0.3,0.7448827727958368,0.9955573504004495
390,0.3,0.7435921654550663,0.9952521736258287
391,0.3,0.7444517010987213,0.9954367677280561
392,0.3,0.7441588623790459,0.9975655016798554
393,0.3,0.7452614827550199,1.0059277970470173
394,0.3,0.7437556917730056,0.9928936145942617
395,0.3,0.7444109442829459,0.9989627758904288
396,0.3,0.7445170955079677,0.9967860533564059
397,0.3,0.7445112221331209,0.9954762382243245
398,0.3,0.7463465619880565,1.0025903335418758
399,0.3,0.7455565159416759,1.0059501908627209
400,0.3,0.744305230980459,1.0001257148991778
401,0.3,0.7441702599389977,1.000259698371523
402,0.3,0.7444189177862877,1.0040012895758261
403,0.3,0.7446911480128426,0.9956618237632041
404,0.3,0.7441034967808716,0.9900057679190506
405,0.3,0.74464099352147,1.0005332840721748
406,0.3,0.7439979883433782,0.9987633238291281
407,0.3,0.7432448277152078,0.9952706711895924
408,0.3,0.7456614972912367,1.0041416856055791
409,0.3,0.7445343269167597,1.0017830932489094
410,0.3,0.7436786825629681,0.9990372090593015
411,0.3,0.7454276171243955,1.0050190515675816
412,0.3,0.7441842672432909,0.9901000239308847
413,0.3,0.7442485210303322,0.9952394486000344
414,0.3,0.7451262502464034,1.0043736928579616
415,0.3,0.7436779634037446,0.9847119688884511
416,0.3,0.7444564280543113,0.9991875056190362
417,0.3,0.7438766854442682,0.988907926941441
418,0.3,0.7440200489640579,0.9836534999453225
419,0.3,0.7429575996321214,0.9914054547691948
420,0.3,0.7449012012249545,1.0007396663449155
421,0.3,0.7458350767390887,1.0046839301721
422,0.3,0.7449653978188648,1.0048767489693902
423,0.3,0.7439212776238805,0.9932226829987285
424,0.3,0.7453023942044877,1.0033972248579763
425,0.3,0.7447589557522366,1.0035456363457655
426,0.3,0.7444579460544521,1.0023037758496463
427,0.3,0.7443355237972519,0.9965961375087955
428,0.3,0.7453895623936947,0.9976402423332456
429,0.3,0.7452204775345496,1.001720243045148
430,0.3,0.743818431195995,0.994567153550639
431,0.3,0.7444469132818676,1.0000724012465159
432,0.3,0.7454632103514015,1.0083406712250103
433,0.3,0.7439688216996341,0.9968845642778852
434,0.3,0.7450254571230885,0.9982702935094544
435,0.3,0.7433793540324051,0.9926241201576145
436,0.3,0.7452506614179342,1.0084299575898834
437,0.3,0.7435581557156902,0.9817410293840343
438,0.3,0.7426985237930229,0.9881552719261162
439,0.3,0.7460484875476258,0.9996203734583463
440,0.3,0.7432614765142129,0.9968218381857143
441,0.3,0.7449726235360736,1.004345854712503
442,0.3,0.7446536907070388,1.0064761188508078
443,0.3,0.745643161122586,0.997936180073475
444,0.3,0.7446045028253778,1.0091007450344882
445,0.3,0.7432521864164443,0.9872271268845393
446,0.3,0.7431793338549767,0.9905176474183632
447,0.3,0.7442628281671696,0.9992214707919774
448,0.3,0.7440099788441861,0.9906620970437641
449,0.3,0.7452828918751371,1.0021126813938381
450,0.3,0.7456334607667853,1.0036603742878805
451,0.3,0.7450651615024366,0.9965737042140778
452,0.3,0.7457860978631681,1.0088134462643366
453,0.3,0.7457170172397277,1.0108890476538301
454,0.3,0.7440572289449794,0.9978108339063008
455,0.3,0.7427821583537435,0.9881163254022588
456,0.3,0.7456595801414859,1.0048199176562944
457,0.3,0.7454555877973607,1.0048862875874844
458,0.3,0.7446110043548605,1.0100957041540581
459,0.3,0.7444487688611181,0.9940600208424175
460,0.3,0.744396832462865,1.0026711739140886
461,0.3,0.7446949623543737,0.999690608544191
462,0.3,0.7452463925676084,0.9967564423235172
463,0.3,0.7420512168108327,0.9936244324927325
464,0.3,0.7451644433038537,1.0050599389978532
465,0.3,0.7453251064040816,0.9997487005618416
466,0.3,0.7457815578251974,1.005572975696287
467,0.3,0.7434877630292748,0.9961349527180149
468,0.3,0.7451888773278573,1.0008167437247446
469,0.3,0.7463715026869655,1.0041042465026842
470,0.3,0.7462612536007264,1.0003794113679827
471,0.3,0.7447370332891464,1.0051768438333306
472,0.3,0.7438618208729538,0.9897013001782593
473,0.3,0.7446095190996814,1.002181334978862
474,0.3,0.7424927150969635,0.9875795990516751
475,0.3,0.7421946556708421,0.9909574915939384
476,0.3,0.7443677678979832,0.999040123027583
477,0.3,0.7444534980203494,0.9938284126624206
478,0.3,0.7445150836167155,0.9991258760570522
479,0.3,0.7438838808236607,0.9928716730149669
480,0.3,0.7438031075991381,0.992199393155999
481,0.3,0.7460608788024019,1.00531378042801
482,0.3,0.7454826438142167,1.0069722379891275
483,0.3,0.7462381580547746,1.0059552906056513
484,0.3,0.7459323399492266,0.9959946600662927
485,0.3,0.7440471993627324,0.9955453642505895
486,0.3,0.7447077879073003,1.00667656443222
487,0.3,0.7444536797847131,0.9913701015073804
488,0.3,0.744856293085776,0.9963678930908973
489,0.3,0.7444332024221388,0.991995072826544
490,0.3,0.7430967670661661,0.9873100613761792
491,0.3,0.7445541161287511,0.9952829630600477
492,0.3,0.7437060257035455,0.9932538045791333
493,0.3,0.7453390342996661,1.003187175365142
494,0.3,0.7445645551738368,1.000214290615568
495,0.3,0.7449518100698483,1.0002037908421715
496,0.3,0.7452868859674706,0.9960214531745951
497,0.3,0.7439108200148038,0.9932789599941946
498,0.3,0.7448356632374488,0.9937449153925831
499,0.3,0.7438229599140116,0.995502311746003
500,0.3,0.7437223598089531,0.9875694636561201
1,0.35,0.74533238283251,1.001303868392472
2,0.35,0.7444208469430346,0.9997498249009363
3,0.35,0.7444026341880586,0.9948040989665992
4,0.35,0.7451168649339985,0.9943743637254709
5,0.35,0.7447677120964953,0.9987095492180686
6,0.35,0.7439135115627581,0.9971931638236506
7,0.35,0.745780367118146,1.0095336689419367
8,0.35,0.7467542834151514,1.0092048760840306
9,0.35,0.7447396031906088,1.0032244181435315
10,0.35,0.7449070207448865,0.9994154239802793
11,0.35,0.7437978445477208,0.9955346957437059
12,0.35,0.7436400836905083,0.9976098593829994
13,0.35,0.7454547536007613,0.9995276923265208
14,0.35,0.7447367057811023,0.9915149971268373
15,0.35,0.7465051794430817,1.0114457192608883
16,0.35,0.7437427861138268,0.9921155292903432
17,0.35,0.7437692979908155,0.9979489099193058
18,0.35,0.7452428127050432,1.000834854372175
19,0.35,0.7448829166448038,0.9947622354678873
20,0.35,0.7443905398357054,0.999927624764418
21,0.35,0.74544367059212,1.0056557626695655
22,0.35,0.7432053309845819,0.9895678582982568
23,0.35,0.7454064336035039,0.9989011001567016
24,0.35,0.7439272971067844,0.9904029165703504
25,0.35,0.7448318341046221,0.9913256637693301
26,0.35,0.7436965979321644,0.9921917410599764
27,0.35,0.7456978397446021,0.9939748694852846
28,0.35,0.7438266504578563,0.9931218662339965
29,0.35,0.7443569147751198,0.9971841297031198
30,0.35,0.7452422077421915,1.0023295963474304
31,0.35,0.744867000698479,1.0039047751216514
32,0.35,0.7437257772609879,0.9955210601221628
33,0.35,0.7441862169257027,0.9935485347045266
34,0.35,0.7443507411031877,0.9895632910144238
35,0.35,0.7448244590117699,0.9953068216219252
36,0.35,0.74456852461495,0.9947706063738146
37,0.35,0.7445954849553854,0.9957628335089496
38,0.35,0.7442021452399616,0.9940284622201757
39,0.35,0.7441081993257165,0.9949756136372852
40,0.35,0.7437898354654325,0.9942315001966572
41,0.35,0.7439650763620569,0.9922350786796381
42,0.35,0.7437944476658995,0.9880493770096159
43,0.35,0.7444559503687675,0.9947117748231996
44,0.35,0.7445837904552103,1.00054596153265
45,0.35,0.7447698356435202,0.9984815198828049
46,0.35,0.7436398384134087,0.9927985732505407
47,0.35,0.7446173914573319,0.9938172182020645
48,0.35,0.7454353422827462,0.9970142067708198
49,0.35,0.7455700783847241,1.0022386470183902
50,0.35,0.7439740538963842,0.9929087459351922
51,0.35,0.7448863510773296,0.9978084680011392
52,0.35,0.7444680239392172,0.996543979099853
53,0.35,0.7457249318147036,1.012063420628087
54,0.35,0.7437988043533467,0.9985026043557605
55,0.35,0.7471966539713595,1.0049974200755185
56,0.35,0.7433719579011604,0.9955752993099872
57,0.35,0.7454250857520862,1.0047660286988505
58,0.35,0.7433202608525719,0.9932098342232917
59,0.35,0.7452409048451967,1.002040089984807
60,0.35,0.7449074938057687,0.9962542683694319
61,0.35,0.7440002383899258,0.9942127888075345
62,0.35,0.7457088046579224,1.001675804745635
63,0.35,0.7438804242745004,0.9915989195656352
64,0.35,0.7448390925605987,1.0034880084186986
65,0.35,0.7445123886448978,1.007338135627447
66,0.35,0.7448271781913403,0.9982407508277695
67,0.35,0.7446193444361253,0.9944320910735573
68,0.35,0.7445116330391227,0.9985937250936
69,0.35,0.744916088138781,1.0002999408424658
70,0.35,0.7457065820809944,1.006788974793105
71,0.35,0.7450175999149038,1.0030396585450172
72,0.35,0.744446215205687,0.9940846098435359
73,0.35,0.7459653792828086,1.0109449353936928
74,0.35,0.744014499976982,0.9983482194956333
75,0.35,0.7451134254686176,1.0019841518781236
76,0.35,0.7437222888411722,1.0012051423372959
77,0.35,0.7463552729724603,1.0032111166310929
78,0.35,0.7453578002045078,1.005709527734933
79,0.35,0.7455256890455522,1.0037395726542573
80,0.35,0.7449234532163759,0.9989578148191354
81,0.35,0.7448763938122325,0.99933338196747
82,0.35,0.7453564716269289,1.0004509473925174
83,0.35,0.7451819246115173,1.0001710933660368
84,0.35,0.7440240784700678,0.9949429301229208
85,0.35,0.7434080027323907,0.9943805314511833
86,0.35,0.7460642571850631,1.0023153672241218
87,0.35,0.7436097381286014,0.9933640854189577
88,0.35,0.7443329042648631,0.9992446370260655
89,0.35,0.7451616439596906,1.0050039886956557
90,0.35,0.7448460596620068,1.0001757089715113
91,0.35,0.7430973583234651,0.984174945771383
92,0.35,0.7446200832345503,1.0027227653746773
93,0.35,0.7451958234413367,1.0099184644041659
94,0.35,0.7449724315540412,1.0021856843019725
95,0.35,0.744875713810446,0.9992437305123576
96,0.35,0.7453337740051599,1.0008729905741842
97,0.35,0.7443818274237399,0.9918219046411689
98,0.35,0.7443616339068905,0.9995763816629949
99,0.35,0.7462298217185885,1.0064954883434154
100,0.35,0.7454384124251456,0.9959351058899348
101,0.35,0.7464092161064202,1.0069695911506173
102,0.35,0.7444413795724936,1.0000669151750463
103,0.35,0.7449222143100629,0.9984366369112447
104,0.35,0.7455239361799089,1.003424293442262
105,0.35,0.7443222986822905,0.994305022316629
106,0.35,0.7446264010035794,0.9975921494542681
107,0.35,0.7446546205697981,1.001248042352751
108,0.35,0.7461553536455252,1.0073704885677632
109,0.35,0.7446774579673926,0.9976709885891661
110,0.35,0.7452448689023845,1.0052262726963688
111,0.35,0.7451354772617252,1.00029297436663
112,0.35,0.7431584921422941,0.990542570549429
113,0.35,0.7438254426810739,0.9986717273299992
114,0.35,0.7441636246439856,0.9962045026948737
115,0.35,0.7454763040835972,1.0040210130492144
116,0.35,0.746172639406469,1.003180715753962
117,0.35,0.745159089629992,1.0015421125592396
118,0.35,0.7439293037044574,0.9951899843040369
119,0.35,0.7454180457473222,0.9986058214990867
120,0.35,0.7453438608214444,1.001086615013998
121,0.35,0.7462372342464867,1.0060611166924078
122,0.35,0.7451343403984272,1.0014861128078572
123,0.35,0.7448822540479011,1.000078179576255
124,0.35,0.7449462453526693,0.9942600255414905
125,0.35,0.7415294171384909,0.9884234237138677
126,0.35,0.7434505594853457,0.9977826705073171
127,0.35,0.7442819577231587,0.996639566184404
128,0.35,0.7434922346601607,0.9976344751572449
129,0.35,0.7450196034224216,0.9983598736799948
130,0.35,0.7454487946744098,1.0039008940246088
131,0.35,0.743204631259673,0.9905597927841331
132,0.35,0.7449993256379185,1.001232774510295
133,0.35,0.7443041619881693,0.9976688186254716
134,0.35,0.7452105651009135,1.0070693068383119
135,0.35,0.7436548748107584,0.9923295857822522
136,0.35,0.7439720956814192,0.9931526190769214
137,0.35,0.7449097065969366,0.9967406012766926
138,0.35,0.7445379033561446,0.9974835525344629
139,0.35,0.7440667802666098,0.9993466058022376
140,0.35,0.7457585613555718,1.0023330726235455
141,0.35,0.7439914048161962,1.0065205568609636
142,0.35,0.7432939452511048,0.9903184270744334
143,0.35,0.7473385731291582,1.0102088262549371
144,0.35,0.7447496613545874,0.9994892671673661
145,0.35,0.7464433793269032,1.0071841429691946
146,0.35,0.7443741162597945,0.9999033200572789
147,0.35,0.7447026505278247,0.9968226310402063
148,0.35,0.7446278270678524,0.9926470566176588
149,0.35,0.7437422904268061,0.9951223326461689
150,0.35,0.7457058290990264,0.999869878321881
151,0.35,0.7435782981038204,0.9928714166519115
152,0.35,0.7450674253448446,1.0007777244412503
153,0.35,0.7452976324161885,1.000471482737811
154,0.35,0.7448935409158585,1.0054935466663657
155,0.35,0.7445636885577129,0.9997155365524203
156,0.35,0.7432943421094899,0.987451372950914
157,0.35,0.7446563251875322,1.0014170627877959
158,0.35,0.7445847102537112,0.9999258066336318
159,0.35,0.7459852988319255,1.0030227134660878
160,0.35,0.744829078440073,0.998706791608477
161,0.35,0.7443354137277861,0.9968148921078613
162,0.35,0.7454344941872697,1.0006453612331736
163,0.35,0.7449018438848475,1.0022634565855333
164,0.35,0.7456743066592499,1.000238221674082
165,0.35,0.7456090882009272,1.0015174798312545
166,0.35,0.7442621348079607,0.9966356619390876
167,0.35,0.7444570904226402,0.9949242530198811
168,0.35,0.7434260539521026,0.9981254640731009
169,0.35,0.7465435904345924,1.0082280918305797
170,0.35,0.745110926700096,0.9979957150459066
171,0.35,0.7439693764897679,1.0036357561820146
172,0.35,0.7435651959552436,0.9935953984781427
173,0.35,0.745234072289532,1.0057709304365419
174,0.35,0.74392750399497,0.9964814412111838
175,0.35,0.7433052750966328,0.9910001388769275
176,0.35,0.7431991739303707,0.9931698685911301
177,0.35,0.745827587756122,1.0060434284078994
178,0.35,0.7441455687031295,0.9952906814822046
179,0.35,0.7430619191272799,0.9963188923528877
180,0.35,0.7463148676022648,1.0085450071838258
181,0.35,0.744607760715602,1.0107330117375297
182,0.35,0.7436157272209113,0.9914404953524021
183,0.35,0.7443642086875684,0.9950904204139128
184,0.35,0.745799113633008,1.0071575814458433
185,0.35,0.743490327852558,0.994799919632045
186,0.35,0.745595392372807,1.0011704595518474
187,0.35,0.7437005469549649,0.9899336612328663
188,0.35,0.7460066353729164,1.0064727719276894
189,0.35,0.7448442273450648,1.0004409631784075
190,0.35,0.745393086752585,1.0047531227807447
191,0.35,0.744307685162288,0.9968923468423947
192,0.35,0.7458853358421773,1.0094667215844642
193,0.35,0.7449273521996778,0.9983742316251647
194,0.35,0.7441918652776417,0.9944452628608432
195,0.35,0.7441265482579409,0.9993820497513783
196,0.35,0.7435000884714336,0.9998845470526166
197,0.35,0.7439685302648427,0.9940721054667786
198,0.35,0.7452283188651401,0.9980214429288323
199,0.35,0.7452881988217471,1.0048884495450747
200,0.35,0.744213565781524,0.9999961472338498
201,0.35,0.7444956211844337,0.993112079241158
202,0.35,0.7454312806878312,1.0136712933539835
203,0.35,0.7439067536695125,0.998174827313644
204,0.35,0.7470971678552233,1.0130979404395448
205,0.35,0.7451097867550264,0.9995320136783467
206,0.35,0.7447363836048243,0.9984749434453234
207,0.35,0.7449384396223778,0.996810054961215
208,0.35,0.7450788275848609,1.0009077796605759
209,0.35,0.7455669514647203,0.9951535675260299
210,0.35,0.7435030022587253,0.9930415617943025
211,0.35,0.745641935210226,1.0035718373949694
212,0.35,0.7446897965713962,0.9954431559013586
213,0.35,0.7432153631818454,0.993152796389318
214,0.35,0.7463028906916699,1.006948981858768
215,0.35,0.7470949998920725,1.0154462957026056
216,0.35,0.7455447699847766,1.0034056788808112
217,0.35,0.7433922240243193,0.9958391396636042
218,0.35,0.7438870133886171,0.9946676904261199
219,0.35,0.7455886976900244,1.0075067173625147
220,0.35,0.7452686687777548,0.9982908353371784
221,0.35,0.7428635109962214,0.999093580389747
222,0.35,0.7456514851503588,0.9999730509787089
223,0.35,0.7443681508952691,0.9970855160516591
224,0.35,0.7435241905128637,0.9931321890811777
225,0.35,0.7430204172404226,0.9977742730877274
226,0.35,0.7422273497468774,0.9859660415862204
227,0.35,0.7442711386959652,1.0011174681428334
228,0.35,0.7437591289743362,0.995465255577761
229,0.35,0.7438259765245547,0.9934782874003018
230,0.35,0.7455491719798278,0.999370751847524
231,0.35,0.7444793923762849,0.9995083488678308
232,0.35,0.7455917031161227,1.0039155035104437
233,0.35,0.7436901658573437,0.9905123838891103
234,0.35,0.7444615191004281,1.000870122189531
235,0.35,0.744716581544842,0.9996305661666376
236,0.35,0.7454758570577943,1.0019783507096727
237,0.35,0.7443142041734235,1.001337440782874
238,0.35,0.7441412244033032,1.0002752617985402
239,0.35,0.7434680032964532,0.9911187926999446
240,0.35,0.745593490855973,1.0036634436572074
241,0.35,0.7450796302045013,0.9962945184816575
242,0.35,0.7444440985616416,0.9955758932815111
243,0.35,0.7450927795932073,1.0030742914300128
244,0.35,0.7457854948598266,1.005655556163134
245,0.35,0.7453599642188665,1.0044728572217498
246,0.35,0.7441097659381806,1.0004921233390924
247,0.35,0.7464557382349332,1.0022213514574045
248,0.35,0.7445200351865221,0.9920713628412944
249,0.35,0.7449784674172566,1.0002262937996134
250,0.35,0.745116254469636,0.9992121640357337
251,0.35,0.7460481063344594,1.0087300142564066
252,0.35,0.7446889960065644,1.0043306697561825
253,0.35,0.7462445468374991,1.0067214277148
254,0.35,0.7432326255149659,0.9935816474236532
255,0.35,0.7452200344638801,0.998878076767966
256,0.35,0.7448495744762085,0.9986742617752072
257,0.35,0.745475917472136,1.0016703294107923
258,0.35,0.7460792654146063,1.0036673203117092
259,0.35,0.7446149042667041,0.9990894487366522
260,0.35,0.7448145696191463,1.002274562342241
261,0.35,0.7460786554788398,0.9966347757875493
262,0.35,0.7450299567841349,1.001906260120626
263,0.35,0.7454783969653643,1.002423010797135
264,0.35,0.7463744748959003,1.0094034227140491
265,0.35,0.7443296671415529,1.0085487041898893
266,0.35,0.7431484725958767,0.9956654562135266
267,0.35,0.7453879000470719,1.0081892964650616
268,0.35,0.7435277110624546,0.9952735532108863
269,0.35,0.745267427179918,1.000752714525493
270,0.35,0.7461041327496198,1.0096688820055466
271,0.35,0.743954317423107,0.9918480170636301
272,0.35,0.7454116419117567,0.9981280033079631
273,0.35,0.7424933504615991,0.990602353570428
274,0.35,0.7455162832674173,1.00470940701158
275,0.35,0.7451686502289266,1.0012254961585558
276,0.35,0.744794031361275,0.9939844289900656
277,0.35,0.7449216436998206,1.0013058117450973
278,0.35,0.7448243017276296,0.9965040842690347
279,0.35,0.7446024845374134,1.0020715045307327
280,0.35,0.7454901780634107,1.0085182089302267
281,0.35,0.7437966880091655,0.9948067719966229
282,0.35,0.7451200776624733,0.9972698517108368
283,0.35,0.7443528284936172,0.9933257952222765
284,0.35,0.745894169912572,1.002679168638954
285,0.35,0.7463104825193001,1.0057741420734414
286,0.35,0.7425627567016609,0.9916359427788648
287,0.35,0.7433084231091059,0.992338892687612
288,0.35,0.7449361202363677,1.0014513915222003
289,0.35,0.7450593562867547,1.0057226260081398
290,0.35,0.744391872048207,1.0027657282517037
291,0.35,0.742895419077971,0.9952866973070456
292,0.35,0.7432582683712005,0.9945055977260344
293,0.35,0.7439511760121214,0.9947897520853031
294,0.35,0.7450448946361463,1.001980881598346
295,0.35,0.7448752182269649,0.9988295333436225
296,0.35,0.7446547010087521,0.9986141039806875
297,0.35,0.7446094695632949,0.9995516446601247
298,0.35,0.7438038790799426,0.9991344090135718
299,0.35,0.7465341365540681,1.0009689859950095
300,0.35,0.7445205898564561,0.9954116433145802
301,0.35,0.7466978116761761,1.0024895769130093
302,0.35,0.7436101683484235,0.9972524590313109
303,0.35,0.7440697661475568,0.9944530052567624
304,0.35,0.744603250741096,0.9939208706334881
305,0.35,0.7441371327310037,0.9981118936099005
306,0.35,0.7451863483060991,1.0064017323773082
307,0.35,0.7448803241931767,0.9922260042261613
308,0.35,0.7458215709580011,0.9994152731311355
309,0.35,0.7446443892942255,1.002524382786645
310,0.35,0.7436022470833855,0.9970304356066039
311,0.35,0.7438464260388106,0.9969654126137463
312,0.35,0.7438462189467252,0.997216966761525
313,0.35,0.7445209521667803,1.0045610853396243
314,0.35,0.7446379518062665,0.9968725465021393
315,0.35,0.7450210613736314,0.9902642828474428
316,0.35,0.7451684720595243,1.0049126809408577
317,0.35,0.7461028589727472,1.0027451365297517
318,0.35,0.7428188531335826,0.9922658631309108
319,0.35,0.743178110718786,0.984185012958399
320,0.35,0.7442078064256155,0.9907964774146065
321,0.35,0.7437828995175764,0.989923307979726
322,0.35,0.7450303883612335,0.9985079813026663
323,0.35,0.7428617852180288,0.988455164913488
324,0.35,0.7445255716534915,0.9989543056254722
325,0.35,0.7429223302137677,0.9958082668623992
326,0.35,0.744087797463518,1.0008750292541597
327,0.35,0.7450610157786642,1.0014255757619268
328,0.35,0.743057159182927,0.9952512348027653
329,0.35,0.7444585365627997,0.9988514044018056
330,0.35,0.7454754028452678,0.9961241237064226
331,0.35,0.7424826726945523,0.9886156407362358
332,0.35,0.7468427768853451,1.0060421468701353
333,0.35,0.7436158959367126,0.9905723244145654
334,0.35,0.7446575880461611,1.001608829007582
335,0.35,0.7459750873872404,1.0062687010196507
336,0.35,0.7449807924669171,0.9952840299622252
337,0.35,0.7446176131073718,0.9953726725284597
338,0.35,0.7452282328061741,0.9956560310836488
339,0.35,0.7422892621214744,0.9896227406900558
340,0.35,0.7443295019144184,1.0021025627312985
341,0.35,0.7451656639030602,0.9986255803447377
342,0.35,0.7452532416604912,0.9954568740650201
343,0.35,0.7453559798996731,0.9968861363486998
344,0.35,0.7442346673718204,1.00411969461431
345,0.35,0.7444179310566358,1.0004536905245283
346,0.35,0.7446985877027116,0.9971650854565355
347,0.35,0.7455015268294827,1.0070265491249997
348,0.35,0.7461498390407992,1.0072929426293769
349,0.35,0.7453469792481083,1.0033154829976718
350,0.35,0.7446784207867235,1.0007261436465285
351,0.35,0.7434721415545614,0.9964287776909613
352,0.35,0.7434670977590442,0.9919723752560068
353,0.35,0.7444264142337902,0.9957915991183461
354,0.35,0.7457550704688111,0.9986860748153477
355,0.35,0.7441586641899082,0.9958650836086143
356,0.35,0.7447987626117865,0.9992339236193005
357,0.35,0.7440647615086963,0.9934675567078098
358,0.35,0.7442720202820639,0.9987137296268008
359,0.35,0.7462896993912844,1.0042985369975705
360,0.35,0.7443520675303807,0.9960866852117128
361,0.35,0.7433958103873037,0.9922022904512606
362,0.35,0.745708867533657,1.0057776654352528
363,0.35,0.7462115461548813,1.005274142930287
364,0.35,0.7434387855396798,0.9883618579404045
365,0.35,0.7448772232422513,0.9957186277022904
366,0.35,0.7444979371276954,1.0036578874292177
367,0.35,0.7439702722822071,0.9979793193506284
368,0.35,0.7469815590612644,1.0041948007687769
369,0.35,0.7435746457085701,0.9905986255747435
370,0.35,0.743580361555399,0.9908021587257088
371,0.35,0.7438856786905658,0.9982086140092759
372,0.35,0.7445208406435935,0.9953126909134694
373,0.35,0.7455576221735302,1.0071438925329879
374,0.35,0.7441610479952863,0.9894117952437783
375,0.35,0.7444816699058598,0.9921854379628232
376,0.35,0.7439208743638595,0.9948052413910696
377,0.35,0.7444203020014226,0.9961155004257154
378,0.35,0.7440511059915321,0.9980011489472483
379,0.35,0.7447119076977109,0.9996315095090483
380,0.35,0.7460013558136636,0.9961516355320413
381,0.35,0.7456151909154254,1.0043429332002904
382,0.35,0.7437416515345929,0.9920716268555771
383,0.35,0.7438746390310372,0.9938240658781706
384,0.35,0.7469435177672479,1.0078310113869102
385,0.35,0.7444926519937844,0.9984676636151588
386,0.35,0.7448612513856634,1.0016208418734318
387,0.35,0.744941818804724,0.9975353966779589
388,0.35,0.7451467257447663,1.0056603817815855
389,0.35,0.744350163331182,0.9916723927148069
390,0.35,0.7444251565962023,0.9955620485537675
391,0.35,0.7460494415782564,1.0067959379367728
392,0.35,0.7450180600100552,1.003027461830483
393,0.35,0.7444913079581681,0.9985734894972149
394,0.35,0.7452844788655153,1.0035143463049176
395,0.35,0.7441881797226906,0.9902073922827447
396,0.35,0.7449183359754701,1.006176188270758
397,0.35,0.7442133862668718,0.9929731314148831
398,0.35,0.7443434943358592,0.9948821290494971
399,0.35,0.7434813033272141,0.9858166230384418
400,0.35,0.7451184618176356,1.0025409780969268
401,0.35,0.7451882763314027,1.0015311175693835
402,0.35,0.7442798871973656,0.9963705794466942
403,0.35,0.7450631474630363,0.9990509024010314
404,0.35,0.7452333854346747,1.0066294488765022
405,0.35,0.7434667516139223,0.9983322653859784
406,0.35,0.7443488909038257,1.0022054272830707
407,0.35,0.7453239410554419,0.9979692895410494
408,0.35,0.7435831125075246,0.9910364034874948
409,0.35,0.7449349614928333,0.9975572107201813
410,0.35,0.7452793275489554,1.0050844924597013
411,0.35,0.7437945789110527,0.9981271380342646
412,0.35,0.743251015351382,0.9932139118589494
413,0.35,0.7441977003919367,0.9924797019858089
414,0.35,0.7443148882104734,0.9922604476937246
415,0.35,0.7457529873429323,1.0011282912207422
416,0.35,0.7433774614778575,0.9983829859380077
417,0.35,0.7453504210788746,1.0038551565285114
418,0.35,0.7454038533961553,1.0093933439993166
419,0.35,0.7431366661933518,0.9917332013278333
420,0.35,0.7450609764211488,1.0014972731941651
421,0.35,0.7450479199854637,0.9995417516670697
422,0.35,0.744959355189186,0.9963993202070637
423,0.35,0.7457528700737331,1.0081896209904297
424,0.35,0.7436110878812696,0.9911311916859701
425,0.35,0.7447076969352402,1.002044053499495
426,0.35,0.7448074171235465,0.9979353102644561
427,0.35,0.7438225799971172,0.9985050914410488
428,0.35,0.7458054514094917,1.0070177937474087
429,0.35,0.7456614491694104,1.0048955036916456
430,0.35,0.7435027841496272,0.9868051845300618
431,0.35,0.7467027068804962,1.0086552869977472
432,0.35,0.7438640605589713,0.9968406512137586
433,0.35,0.7458525309274033,1.0077266217411227
434,0.35,0.7440046366515927,0.9953495724710223
435,0.35,0.7436722785364163,0.9931676890807466
436,0.35,0.7437466160535262,0.9897874278356491
437,0.35,0.7440293528229358,0.9984074278035997
438,0.35,0.7454627046474125,1.0023423033868073
439,0.35,0.7440709968040179,1.0002759754400998
440,0.35,0.74583862905813,0.9964610444139663
441,0.35,0.7451771049807253,0.9967099751674863
442,0.35,0.7428097811791661,0.9915082306465586
443,0.35,0.7446475612246717,0.9951659311375083
444,0.35,0.7446146433818277,0.9880621690876346
445,0.35,0.7421920886784009,0.9926967776343298
446,0.35,0.7436447890469952,0.9970432011003678
447,0.35,0.7443018086078482,0.9934158549093136
448,0.35,0.744414049742493,0.9946705681712275
449,0.35,0.7435659966003556,0.9940639209629709
450,0.35,0.7454412696516677,0.9996835133865016
451,0.35,0.7435367432117871,0.9950642202417697
452,0.35,0.7433891575188363,0.9957810113308937
453,0.35,0.7433938885862836,0.9978729740814276
454,0.35,0.7440433460459444,0.9979435439409948
455,0.35,0.7447486329711409,1.0018254578644832
456,0.35,0.7451196981409886,0.9933930769899139
457,0.35,0.7449700446018204,0.9979494316093857
458,0.35,0.7435545359038255,0.9907820396916868
459,0.35,0.7458336315940802,1.0042366344999347
460,0.35,0.7449736655319009,0.9919780497893168
461,0.35,0.7434342398594121,0.9909122981842874
462,0.35,0.7440512361680706,1.0033116028329947
463,0.35,0.7447168412073363,0.998535790033376
464,0.35,0.7453283366434149,1.0076078360188132
465,0.35,0.7422549102058953,0.9840806475805121
466,0.35,0.7441994747271444,0.9989727092396141
467,0.35,0.7448753867120022,0.9992314428168869
468,0.35,0.7456205356540176,1.0096979230029022
469,0.35,0.7449888891084442,0.9961283439700216
470,0.35,0.744096136628419,0.994417886906802
471,0.35,0.7441880621012988,1.0021496798414429
472,0.35,0.7456669394478315,1.0035835692786719
473,0.35,0.7451020990929282,1.0011890565864634
474,0.35,0.744990032218624,1.0032726630150388
475,0.35,0.7452467184702801,1.0029108636363337
476,0.35,0.7433535098682312,0.9952012678378792
477,0.35,0.7440105457199323,0.9969375339947015
478,0.35,0.7443709295482946,1.0019110694912026
479,0.35,0.7462575479543144,1.0065191934661006
480,0.35,0.743228204597833,0.994058297658191
481,0.35,0.7451572880913291,1.0023416342869216
482,0.35,0.7434766011529984,0.9946760192035254
483,0.35,0.7437633763350562,0.9938061199333048
484,0.35,0.7445405670145308,0.9928544598639778
485,0.35,0.7463147633884232,1.0033945868100138
486,0.35,0.745573114552176,1.008565035670647
487,0.35,0.7464146840300575,1.0097472661297051
488,0.35,0.7462341257441947,1.0075536530838585
489,0.35,0.7440563844159105,0.9968976982781154
490,0.35,0.7454012720376898,1.0032726829430714
491,0.35,0.7449398627405819,1.0051549266279902
492,0.35,0.7433450454476374,0.9930272357747937
493,0.35,0.7438124591358218,0.9950319068153015
494,0.35,0.7432833095103535,0.9906199026845464
495,0.35,0.7452016512441583,0.9982977029403894
496,0.35,0.7457402202345267,1.0081255171328212
497,0.35,0.7441997989543928,0.9967823888663817
498,0.35,0.7436487551456724,0.9986295889525086
499,0.35,0.7456580296486428,0.999690646112395
500,0.35,0.7447507074634486,0.9982253805907343
1,0.15,0.46806606699495307,0.955176003625317
2,0.15,0.46768932369861255,0.9534888184793554
3,0.15,0.467594010783047,0.9536977865924735
4,0.15,0.4683329256441922,0.9541436481923906
5,0.15,0.4679889621606987,0.9536654789353489
6,0.15,0.4687551644284913,0.9546706262509234
7,0.15,0.4688670426737421,0.9584964475681083
8,0.15,0.46850375602027183,0.958093620936309
9,0.15,0.469350489340369,0.9558150102813432
10,0.15,0.4683106565859832,0.9565607365237109
11,0.15,0.46759651501045235,0.9524260714772874
12,0.15,0.4678943301441792,0.9551463142871122
13,0.15,0.46846879362005417,0.9545319784281007
14,0.15,0.4679881071452606,0.9527496017176058
15,0.15,0.4680432180420502,0.9538974369604752
16,0.15,0.4685406944063441,0.9529870270373204
17,0.15,0.4683077800118069,0.948601097481762
18,0.15,0.46727068408117306,0.9515844149779039
19,0.15,0.4690562901212552,0.9519717050927173
20,0.15,0.4682612842212201,0.954048125087457
21,0.15,0.46819020046947324,0.9517675081893101
22,0.15,0.4681849308489444,0.9548641308211657
23,0.15,0.4685211806487296,0.9516933985100805
24,0.15,0.4673525421391576,0.9502134693212548
25,0.15,0.4686234777118957,0.9521942942332214
26,0.15,0.4680272187375264,0.9563524805518606
27,0.15,0.468325060456045,0.9575761053492796
28,0.15,0.4683603781288258,0.9553218190165408
29,0.15,0.4684207886722984,0.9564299848043775
30,0.15,0.46839685761332267,0.9537160384949831
31,0.15,0.469053949335569,0.9541273662075613
32,0.15,0.4684697658914909,0.9532661906770117
33,0.15,0.46862931652511985,0.954593829692304
34,0.15,0.4681670998390509,0.9556259164485025
35,0.15,0.4679831883370109,0.9511873468949414
36,0.15,0.46780648236933814,0.9557205097525409
37,0.15,0.46886775835724404,0.9539769148500225
38,0.15,0.4678701255603991,0.9562265868370928
39,0.15,0.4683663407732824,0.9579787734555123
40,0.15,0.4684573684278314,0.9534480369421596
41,0.15,0.46803225103484797,0.9572071297825574
42,0.15,0.4679456890623215,0.9546498512926676
43,0.15,0.46743115598319335,0.951446922548411
44,0.15,0.46859495876752427,0.9522752296572352
45,0.15,0.46790046039606165,0.9478644221638586
46,0.15,0.46839752583972105,0.95834178204726
47,0.15,0.46849144887997646,0.9474039641871581
48,0.15,0.4682454238226891,0.9499578563811027
49,0.15,0.4683798531053749,0.9548837340495724
50,0.15,0.4682152251076365,0.9560165793924578
51,0.15,0.46852958212850165,0.9554900251629114
52,0.15,0.46837085500418507,0.9514570715800084
53,0.15,0.46788397485834377,0.949326979260047
54,0.15,0.46834018706127134,0.9559571724871649
55,0.15,0.4677441442521124,0.9521394799204704
56,0.15,0.46922668645495114,0.9561129905546759
57,0.15,0.46816689684771395,0.9533985148689779
58,0.15,0.46867550415745235,0.953697517722715
59,0.15,0.46812399973456426,0.9534833656634325
60,0.15,0.4674067955239007,0.9524918095354702
61,0.15,0.4691923169271485,0.9542181918679798
62,0.15,0.46735516989165926,0.9553494306332113
63,0.15,0.46905349426375,0.9532278649899325
64,0.15,0.46842089278187343,0.9533698492373783
65,0.15,0.46855888812462654,0.9506934053690869
66,0.15,0.46845469431348763,0.9531956411712466
67,0.15,0.46830228848413025,0.957917877232
68,0.15,0.46866265252693107,0.9556902652067412
69,0.15,0.46901211328077225,0.9512228656100823
70,0.15,0.46910096471216217,0.9519516058477308
71,0.15,0.4695064537064575,0.954005622173299
72,0.15,0.46727973740222983,0.952234956416261
73,0.15,0.46822609431832024,0.9511570755980104
74,0.15,0.46759490707330775,0.95124602472688
75,0.15,0.46902039466457757,0.9493432984370158
76,0.15,0.46824766425517467,0.9529060979365256
77,0.15,0.46882795846694475,0.9534961693780203
78,0.15,0.46842644378856124,0.9540820633865718
79,0.15,0.468200118310523,0.9538257481139452
80,0.15,0.46853212991286725,0.9536188311087636
81,0.15,0.4680095319605192,0.9546667340302974
82,0.15,0.4679871957467163,0.9516695857893956
83,0.15,0.46809573867475107,0.9536107708814227
84,0.15,0.4687485313512693,0.9552801795430096
85,0.15,0.4678446406401676,0.9557222685697292
86,0.15,0.46878311501754394,0.9555153798991524
87,0.15,0.4687698136874859,0.9552897576581257
88,0.15,0.4672607477716981,0.9539356935180303
89,0.15,0.4684909157111158,0.9525766219196046
90,0.15,0.4684601892011922,0.951469016678469
91,0.15,0.467321042796156,0.9559100857840458
92,0.15,0.4681337083340153,0.9539628031755377
93,0.15,0.4682439776415732,0.9493186968795606
94,0.15,0.46745131010630825,0.9506540356565437
95,0.15,0.4670996179663926,0.9542475912364151
96,0.15,0.46813594722150126,0.9513252740063403
97,0.15,0.4683857492139438,0.9561822252915307
98,0.15,0.4674689513373297,0.957618269603157
99,0.15,0.46900151697241216,0.9526016831781334
100,0.15,0.46787797533713094,0.9483196133281161
101,0.15,0.4684487651538434,0.9488882059285184
102,0.15,0.4680403829386646,0.9536585197299258
103,0.15,0.4682077956862797,0.9499091033448024
104,0.15,0.46834483406031824,0.9562921830627575
105,0.15,0.4685099295286444,0.9559046735647311
106,0.15,0.46832589390796836,0.9491727802886631
107,0.15,0.46818145459235994,0.9551048598646299
108,0.15,0.46873178977271596,0.9529134654899711
109,0.15,0.4688523571693076,0.9553388347662164
110,0.15,0.4677373315084607,0.9518642497112149
111,0.15,0.4682129814530085,0.9527128785787863
112,0.15,0.46881555462182384,0.9502920130733339
113,0.15,0.4689120213809762,0.9543727858011034
114,0.15,0.46884994854340717,0.947267191812235
115,0.15,0.4681852650549406,0.9553833464044681
116,0.15,0.4685339577766799,0.9517166955973374
117,0.15,0.46810646766092967,0.9552026837540659
118,0.15,0.46887386598385244,0.9528805696790537
119,0.15,0.4683615864279627,0.9526526416530556
120,0.15,0.468060659813939,0.9505644442417208
121,0.15,0.46791727673925987,0.9523601930349198
122,0.15,0.4690725155404969,0.9575862030837905
123,0.15,0.4679757664357256,0.9525091625948136
124,0.15,0.4674915524106159,0.9506430258722026
125,0.15,0.4685882450384135,0.949349897551785
126,0.15,0.46808656331174475,0.9571214727810827
127,0.15,0.46760572115469623,0.9557255401839032
128,0.15,0.4682885290066458,0.9519484175809607
129,0.15,0.4682157671430107,0.9519912069371256
130,0.15,0.46824566735924106,0.9565103086353705
131,0.15,0.46776811351761255,0.9499696745958831
132,0.15,0.46881113182026607,0.9518240812924773
133,0.15,0.4677055022000215,0.9519229043394006
134,0.15,0.4677485211697453,0.9541996507288857
135,0.15,0.4685035473817393,0.954459087843939
136,0.15,0.4683059752396392,0.9489039108479836
137,0.15,0.46826623961358865,0.9516835865317878
138,0.15,0.46802962153462535,0.9524923905929675
139,0.15,0.46792184111501156,0.9471111975514376
140,0.15,0.4690342606191229,0.9553407400954487
141,0.15,0.4685723386100386,0.9540408114021371
142,0.15,0.4678504252684117,0.9539391169530879
143,0.15,0.46708773542684595,0.9523235347136555
144,0.15,0.4694248150333322,0.9538366217092435
145,0.15,0.4687236516195005,0.9545280500647749
146,0.15,0.46889597998626825,0.9495735735850866
147,0.15,0.46791036269999314,0.9453447778519436
148,0.15,0.4685591689818372,0.9537116888010315
149,0.15,0.46791664645477243,0.9559643093209865
150,0.15,0.4678180283188817,0.9522296792789076
151,0.15,0.4678593381236517,0.953840913719969
152,0.15,0.4688299984430009,0.952373115687023
153,0.15,0.4680331290039085,0.9503464121295576
154,0.15,0.468314481026382,0.9542018510999721
155,0.15,0.46918764911396554,0.9547190814140032
156,0.15,0.4687481658148039,0.9528979170800348
157,0.15,0.4686986241678582,0.9514439107709894
158,0.15,0.46813446222504124,0.9517657823282053
159,0.15,0.46823030628298995,0.9580467984735765
160,0.15,0.46819409587974675,0.9519632683506336
161,0.15,0.46803290418183385,0.9508389761893922
162,0.15,0.468183449017961,0.9498039440398334
163,0.15,0.46858207116410394,0.9541687627555498
164,0.15,0.46689617317744697,0.9526453148207298
165,0.15,0.4694138985296142,0.9573061340413321
166,0.15,0.46801475276356724,0.9527065507127327
167,0.15,0.467163147721492,0.9523395606338747
168,0.15,0.46875820750213415,0.9559198986292378
169,0.15,0.46901181187423535,0.9553595511987456
170,0.15,0.468460274736681,0.9539824461539176
171,0.15,0.4689150560504086,0.9552395461066818
172,0.15,0.468218234757238,0.9548790393945255
173,0.15,0.46800053914238987,0.9507599352623206
174,0.15,0.4677748518221913,0.951779730591879
175,0.15,0.4681923950307896,0.9551256282710241
176,0.15,0.4686416164942834,0.9562610375755888
177,0.15,0.46810689969336683,0.9540476420562134
178,0.15,0.4676255362002658,0.9552890959689626
179,0.15,0.4686040007577877,0.9493348799696507
180,0.15,0.4686282136283758,0.9550577248427569
181,0.15,0.46826449347841836,0.9530964190123086
182,0.15,0.46797174546527087,0.9484661576262894
183,0.15,0.4682900353413537,0.956723268385969
184,0.15,0.46835143055842615,0.9522992274126421
185,0.15,0.4687580102408579,0.9565015355498887
186,0.15,0.4686286264852457,0.9570982826419286
187,0.15,0.4679503716545531,0.9518143909637731
188,0.15,0.468714751851542,0.9553784298460972
189,0.15,0.46842205831391426,0.951517825499486
190,0.15,0.46843684674394065,0.9546944083903862
191,0.15,0.46949658234003155,0.9558845677111126
192,0.15,0.46775810036261734,0.9559540382259005
193,0.15,0.4681107353200415,0.9524901353573865
194,0.15,0.46845640666916516,0.9554757072415706
195,0.15,0.4688336981018172,0.9501426402698387
196,0.15,0.4688428124686172,0.955078165576855
197,0.15,0.468691432385849,0.9562770042935118
198,0.15,0.46787578359030374,0.9490921803525498
199,0.15,0.468533178867299,0.9489705614086691
200,0.15,0.4680858132446016,0.9507961902057477
201,0.15,0.468662255676884,0.9566074704895773
202,0.15,0.467436040493314,0.9507349692446363
203,0.15,0.4677283569353183,0.9521278341310343
204,0.15,0.46788674975832717,0.9516328002194271
205,0.15,0.46766076725769745,0.9563237088067762
206,0.15,0.46902575953112613,0.9533523584608637
207,0.15,0.46880168022790886,0.9524702339348127
208,0.15,0.4689892397158634,0.9520506487157018
209,0.15,0.4679344073587623,0.9524769051308506
210,0.15,0.46705078257980814,0.9499793736642647
211,0.15,0.4685067629854216,0.9545309396563804
212,0.15,0.468467508588449,0.954014538678655
213,0.15,0.4677623538037067,0.9532741297648507
214,0.15,0.4672884533846938,0.9541627373276306
215,0.15,0.46871609088864324,0.9505978585900761
216,0.15,0.46810429860634056,0.9536676974811726
217,0.15,0.4680679864084943,0.9523416798336178
218,0.15,0.4685688938078114,0.9538356405173896
219,0.15,0.4686308402854629,0.9511934586681474
220,0.15,0.4670095579511514,0.9496226626777965
221,0.15,0.4683947780461086,0.9554488806530689
222,0.15,0.46830287053204267,0.9555673516805124
223,0.15,0.4683761441579818,0.9495976320235003
224,0.15,0.4688528376806012,0.9559483161581769
225,0.15,0.46790981228395223,0.9560920800817118
226,0.15,0.469746801396281,0.9535963898936319
227,0.15,0.4687457974669376,0.9491386509787904
228,0.15,0.46822935292255546,0.9526509444905851
229,0.15,0.4684266041651285,0.9492765096918736
230,0.15,0.46776391138005297,0.9522226783342745
231,0.15,0.4677700884548685,0.9500508837366621
232,0.15,0.46953389458731193,0.9577116315622534
233,0.15,0.46796274465683535,0.9532525883106684
234,0.15,0.46805962510755217,0.9528410094147254
235,0.15,0.468411130082199,0.9534899616670485
236,0.15,0.4688685831210511,0.9498027897866681
237,0.15,0.46910660919287533,0.9543646759502098
238,0.15,0.46824107720576486,0.9509569001857885
239,0.15,0.46822932358385083,0.9568916974294498
240,0.15,0.46888730077299856,0.9509611902455664
241,0.15,0.4675998480174136,0.9533314144763313
242,0.15,0.46722240176551083,0.9479812117678119
243,0.15,0.4691710732113066,0.9558783042993196
244,0.15,0.4678956699744516,0.9563716491710031
245,0.15,0.4690078217812751,0.953792298848902
246,0.15,0.46842440141467584,0.9490132694803891
247,0.15,0.4692854456780298,0.9551118020252443
248,0.15,0.4682370685821644,0.9539792173481901
249,0.15,0.4672739527271661,0.9546049849035502
250,0.15,0.4687832863541087,0.9511533524452316
251,0.15,0.46844111115798065,0.9530923666943949
252,0.15,0.4687437877978365,0.9569883481266106
253,0.15,0.467841256647937,0.9475423304978693
254,0.15,0.4678937991788011,0.9516288904437172
255,0.15,0.46741557811010725,0.952112154746667
256,0.15,0.4693001774711075,0.9570374187329526
257,0.15,0.4674143087755609,0.9562910894697854
258,0.15,0.46969916725070027,0.954947295860345
259,0.15,0.4683155733992938,0.9567458652741767
260,0.15,0.46819394341706283,0.9515989555593248
261,0.15,0.4688694649250785,0.954510848456473
262,0.15,0.46817839652995946,0.9558684182566363
263,0.15,0.4682238081650225,0.9495676305868669
264,0.15,0.4683197911441284,0.9543727307334106
265,0.15,0.46756379416560484,0.9545687868878971
266,0.15,0.46825226373599854,0.951723736124342
267,0.15,0.4677113702533872,0.9495555147242424
268,0.15,0.4687700747060039,0.9497167616732343
269,0.15,0.4671722651771058,0.9538967597776917
270,0.15,0.4687621280343403,0.9548338330176126
271,0.15,0.46810388942548914,0.9511712470381207
272,0.15,0.46830269828657517,0.9491966351811226
273,0.15,0.4683965811478763,0.9507987256068753
274,0.15,0.46803932521488784,0.9491722816196427
275,0.15,0.4688647397189728,0.9513937209844712
276,0.15,0.4679600178223649,0.9515145033530521
277,0.15,0.46839755633092517,0.9559460563941193
278,0.15,0.46820366758625037,0.9521520938321395
279,0.15,0.4696877063366807,0.9520562137124824
280,0.15,0.46772467248514377,0.9554574234646531
281,0.15,0.46729580505519824,0.9517744642986755
282,0.15,0.46788017473751686,0.9552059220048044
283,0.15,0.4683018898459769,0.953001815689642
284,0.15,0.4685916748215699,0.9572418686445586
285,0.15,0.4683346807673036,0.9523806030962725
286,0.15,0.46867643558834354,0.9539585052742474
287,0.15,0.4691642511443112,0.9582199594962907
288,0.15,0.46831731620844824,0.9514631347578169
289,0.15,0.46724783634398265,0.955571034245681
290,0.15,0.4689177632422128,0.9554978872169788
291,0.15,0.4681260863557812,0.9536530395148853
292,0.15,0.46805833477736175,0.9575777815162873
293,0.15,0.46827582478057356,0.9560582806731542
294,0.15,0.46797516414194673,0.955323953472007
295,0.15,0.46807565557010933,0.9526882648573735
296,0.15,0.4684932054920501,0.9559860168665525
297,0.15,0.4683682792168252,0.9541625189544666
298,0.15,0.4684639991906028,0.955396426548922
299,0.15,0.46796800284329726,0.9537782931491539
300,0.15,0.4676897001536429,0.9564179876868676
301,0.15,0.46833448074526923,0.951079537307166
302,0.15,0.4679238672989257,0.952520144249712
303,0.15,0.46868120233462,0.9542042120356055
304,0.15,0.46812621562358164,0.9585979611252139
305,0.15,0.4678173939213647,0.9524347488878795
306,0.15,0.4680708987611585,0.9540487394452072
307,0.15,0.46802150536588316,0.9511627083391869
308,0.15,0.4683801163229175,0.9515609602263537
309,0.15,0.46688663648306916,0.9518308808710675
310,0.15,0.46858005628555116,0.9499544040561734
311,0.15,0.46812172726251905,0.9512817803547036
312,0.15,0.4674474793516472,0.952798714270074
313,0.15,0.4679477248792658,0.9531466291671411
314,0.15,0.46703515444920907,0.9506751253622654
315,0.15,0.46785080268367,0.9495543365097087
316,0.15,0.4681751697410676,0.9538283710917079
317,0.15,0.46772053378589784,0.9546260317727819
318,0.15,0.4681329152819838,0.9529845760798419
319,0.15,0.46833386025743345,0.9531733819043221
320,0.15,0.4680482162727737,0.9534589151585191
321,0.15,0.46915125766450577,0.9540369339539012
322,0.15,0.46812056332899576,0.9554611900608189
323,0.15,0.46828632166206885,0.9550383768574231
324,0.15,0.4668971223377132,0.9554588571524666
325,0.15,0.4689638039972776,0.9563563254796038
326,0.15,0.46847522199617075,0.9527118735628549
327,0.15,0.4683969031432627,0.9549562074294543
328,0.15,0.46782221281935005,0.9567433706076905
329,0.15,0.46801606701850734,0.9517844363256464
330,0.15,0.46805052502915556,0.9505461288157603
331,0.15,0.46897359606750666,0.9567824514571653
332,0.15,0.4684204153316218,0.9517523041348074
333,0.15,0.4679223351117643,0.9512797783858501
334,0.15,0.4681395066179762,0.9528594765988188
335,0.15,0.4688017454226771,0.954746152133783
336,0.15,0.46742047705871126,0.9485787487189601
337,0.15,0.46775251184606287,0.9528981562705999
338,0.15,0.46857011597491083,0.9554829086139418
339,0.15,0.4686658439773165,0.9540098054031817
340,0.15,0.4687597156206365,0.9517165600849062
341,0.15,0.4673336488775775,0.9501871320216491
342,0.15,0.46812835436297795,0.953952767326024
343,0.15,0.46827081334931364,0.9495715640348805
344,0.15,0.46815342689849326,0.9527246757188271
345,0.15,0.46833452528362934,0.9566164246833987
346,0.15,0.4678066789561471,0.949314664120038
347,0.15,0.46862955242716403,0.9498378537218637
348,0.15,0.4686302908117476,0.9528150982759971
349,0.15,0.46844061080107646,0.9524041125840217
350,0.15,0.4683329653044325,0.9551272183432796
351,0.15,0.46859953730048537,0.9533082239876984
352,0.15,0.46878677126117885,0.9556371700715562
353,0.15,0.4675279180593039,0.9546650001282518
354,0.15,0.46926686305996623,0.9496057213633309
355,0.15,0.46838342294554974,0.9543435346764598
356,0.15,0.46819293217286645,0.9488562336457645
357,0.15,0.46868881543032775,0.950419836233863
358,0.15,0.4675718729324982,0.9532637322918032
359,0.15,0.46753650235420463,0.9521194951833102
360,0.15,0.4688853439387426,0.9521664013382694
361,0.15,0.46882998107521234,0.9468598392059994
362,0.15,0.4679203779447885,0.9559946824092274
363,0.15,0.4680885209153731,0.9503705801833735
364,0.15,0.4679924342298948,0.9541037035411363
365,0.15,0.4688390169390689,0.9557309589338738
366,0.15,0.46822593968811205,0.9556711717522095
367,0.15,0.46827462104082956,0.9484355253186052
368,0.15,0.4684988330657138,0.9531754813044384
369,0.15,0.46783808733831,0.9531887826441532
370,0.15,0.4682294051001444,0.9508051696469456
371,0.15,0.4678019249421467,0.9549030574634605
372,0.15,0.46774164688294523,0.9499141821486149
373,0.15,0.46795820629419804,0.9551348994330845
374,0.15,0.4692663318268804,0.9584945958788479
375,0.15,0.4675458278319502,0.9503854514898693
376,0.15,0.46806331089145475,0.956747503492535
377,0.15,0.4684615117191304,0.9569992744656017
378,0.15,0.46852432745788286,0.9552887712667243
379,0.15,0.46904745822055643,0.9544377964411186
380,0.15,0.46844179023226606,0.9541212029982696
381,0.15,0.4686090534513126,0.9571220204220423
382,0.15,0.4683794069666066,0.9537711015762516
383,0.15,0.46883459780873876,0.956585950811515
384,0.15,0.46827363778998987,0.9517916061895295
385,0.15,0.46804366713358697,0.9565038196329244
386,0.15,0.46730743689279075,0.9514203186831276
387,0.15,0.4673391800229746,0.9532740445518951
388,0.15,0.46822993529890866,0.9568096096056031
389,0.15,0.4684560960242754,0.951079056344307
390,0.15,0.4676325613346832,0.9523696980826099
391,0.15,0.467935928094026,0.9544696241862939
392,0.15,0.4687166962691312,0.9562624499085473
393,0.15,0.4684144188513641,0.9536515536525678
394,0.15,0.4696215971303423,0.9545189213745443
395,0.15,0.4689108834522017,0.954457638793454
396,0.15,0.46797115551313584,0.954225252756275
397,0.15,0.46838267938418643,0.9524747995002523
398,0.15,0.4677046442166995,0.9577146884865556
399,0.15,0.46850058875197675,0.9490994268445613
400,0.15,0.4686826217204796,0.9558001593792778
401,0.15,0.4682640738141159,0.9490421851875737
402,0.15,0.46838289008702,0.9542867071262897
403,0.15,0.4680886294765814,0.9561550715289323
404,0.15,0.46864770091900476,0.9494415418199136
405,0.15,0.46792823192695876,0.9501542850556274
406,0.15,0.468600783930486,0.9580928127839001
407,0.15,0.4682467437357817,0.9543705732011386
408,0.15,0.4700399343996318,0.9499291969177854
409,0.15,0.4673869316938538,0.9518255346577026
410,0.15,0.4672246593621172,0.9535695967808895
411,0.15,0.4679127872089431,0.9553295916910893
412,0.15,0.46814132100248984,0.9531882136986972
413,0.15,0.4685753524656508,0.9549785598291973
414,0.15,0.4685311951314752,0.9499311200973498
415,0.15,0.46799137941219554,0.9465224927823457
416,0.15,0.4683089803982091,0.9525709904851263
417,0.15,0.46839804789917566,0.9467697810426419
418,0.15,0.4676993097612029,0.9497149184743949
419,0.15,0.4682706007898753,0.9545901280194731
420,0.15,0.4684146308467234,0.9496456642057892
421,0.15,0.4687437839724221,0.9517262356117479
422,0.15,0.4667981848244265,0.9513466170169784
423,0.15,0.46853734709532907,0.9552560729920198
424,0.15,0.46832651211904175,0.9530199761960673
425,0.15,0.46743716335363505,0.9551780558430213
426,0.15,0.4681807975949293,0.9559315534042939
427,0.15,0.46779198990006354,0.950570086329313
428,0.15,0.46867723000272976,0.9541057011023241
429,0.15,0.4678882381342907,0.954612534920429
430,0.15,0.46787562708035585,0.9550196880116528
431,0.15,0.46841722971922367,0.9512928694156387
432,0.15,0.4685062105471813,0.9505642460544271
433,0.15,0.46856585420336133,0.9522394920085043
434,0.15,0.46853710372666757,0.9566742616735916
435,0.15,0.4675012456894001,0.9540264062773122
436,0.15,0.4685862927294886,0.9530221186234196
437,0.15,0.46925422278283546,0.9583093624616981
438,0.15,0.4677219823754598,0.9572217894672255
439,0.15,0.46759605520811565,0.9505854135526535
440,0.15,0.4672760146735954,0.9548957326605023
441,0.15,0.46873836407152863,0.9532543478273716
442,0.15,0.46816829768346124,0.9547680988273873
443,0.15,0.4683774640128361,0.9538331527309205
444,0.15,0.468314881565886,0.9517538916826628
445,0.15,0.4683073717057834,0.9580817340647388
446,0.15,0.46799470101244456,0.9537328609745406
447,0.15,0.46790686210559135,0.9507924242745376
448,0.15,0.46711479569556796,0.9573504083926234
449,0.15,0.46912199264721927,0.9526327524018687
450,0.15,0.46738655599875606,0.9558463218805349
451,0.15,0.46834316695085093,0.9548249405415982
452,0.15,0.4679075754661562,0.9502624981902745
453,0.15,0.4683559647649168,0.9585620924590547
454,0.15,0.46783126005069575,0.9568319441399592
455,0.15,0.4676756134045174,0.9499887712115795
456,0.15,0.4680753512902625,0.9550800435338405
457,0.15,0.46851891311795224,0.9501624813938788
458,0.15,0.4676767576675723,0.9519891707873002
459,0.15,0.4681674725267448,0.952099796374837
460,0.15,0.4677812725488777,0.9523896299739488
461,0.15,0.4680479173626885,0.9523041688561511
462,0.15,0.46746008710925063,0.9555124625684088
463,0.15,0.4682517757007004,0.9554703923948374
464,0.15,0.46862559697994444,0.9534764186457892
465,0.15,0.4683471196448789,0.9555748218844795
466,0.15,0.4681479647456819,0.9549207267539499
467,0.15,0.46829548006920924,0.9565553329656229
468,0.15,0.46744329119312017,0.9536320085039756
469,0.15,0.4692087364812031,0.9557043805281842
470,0.15,0.469925425853659,0.9502894059993207
471,0.15,0.46714939724992016,0.9500857208952536
472,0.15,0.46798483704038696,0.9528551864347766
473,0.15,0.4680167661841759,0.9555895503137428
474,0.15,0.4683547781446277,0.9538170913923862
475,0.15,0.4683320305910364,0.9540824711435393
476,0.15,0.4677824195553624,0.9452853757839638
477,0.15,0.46805568805424935,0.9534609868414228
478,0.15,0.4690443421152202,0.9499746436919939
479,0.15,0.46826621782957456,0.9477579225147572
480,0.15,0.4685806666775492,0.9553146793940243
481,0.15,0.468017701577642,0.9553319245150512
482,0.15,0.46901878002690633,0.9509259627510842
483,0.15,0.4677823367222009,0.953629137938108
484,0.15,0.468866467438887,0.9493105139115796
485,0.15,0.46745445521009255,0.9516835257508688
486,0.15,0.46883954521180554,0.9498160785371511
487,0.15,0.4680802148399166,0.9491875601892765
488,0.15,0.46812518236586376,0.9482410438246203
489,0.15,0.46933858230254694,0.9525149752817771
490,0.15,0.46880259762886367,0.9534880433723346
491,0.15,0.4685426312948372,0.9548952832879626
492,0.15,0.46835027484109915,0.9503186518082707
493,0.15,0.4680327869188169,0.9482360167547051
494,0.15,0.46909328580489984,0.9518418712199651
495,0.15,0.4669113210372901,0.9538491396190417
496,0.15,0.46800902796319593,0.9495815888725403
497,0.15,0.46913809887488395,0.9551675345350434
498,0.15,0.4682529692539842,0.9534686186988929
499,0.15,0.4679991830724146,0.9556487587888941
500,0.15,0.46853351948473604,0.9541096205602316
