iteration,gamma,acetate_threshold,max_growth_rate
1,1.0,0.7499303650694678,0.9985312992843378
2,1.0,0.7458488324433914,0.9722611008068541
3,1.0,0.7454991182485525,1.0011883195967186
4,1.0,0.7490734446842541,0.9979026387092969
5,1.0,0.706645478177255,0.9552103784875144
6,1.0,0.741093028535083,0.9748654082609048
7,1.0,0.7428048617189073,1.0278229717224887
8,1.0,0.7411122414089513,0.9851133486339905
9,1.0,0.736479150434024,0.9411376542999353
10,1.0,0.7428118057565635,1.0177645765177747
11,1.0,0.7395812997155725,0.9718540939656233
12,1.0,0.7435502094136381,1.0135065267760486
13,1.0,0.7400362717230403,0.9729245125641318
14,1.0,0.7382404996969064,0.9823319290247818
15,1.0,0.7454535729232511,1.0013790283208326
16,1.0,0.7437882132734486,0.9730211242307406
17,1.0,0.7402760805072445,0.9624342291617953
18,1.0,0.7454253260858485,1.0070206121945324
19,1.0,0.7424863077527412,0.9793560250618683
20,1.0,0.7448675819492877,1.0123591786619734
21,1.0,0.740353430336018,0.9816800903256478
22,1.0,0.6984688285278484,0.9645642573407214
23,1.0,0.740676101616271,0.96585757836104
24,1.0,0.7430539651780891,0.9820223186102954
25,1.0,0.7113498972163129,0.9636618347692353
26,1.0,0.7358350718206949,0.9568059435822697
27,1.0,0.7432211135369898,0.9586298726492525
28,1.0,0.7437378244460205,0.9544982251838303
29,1.0,0.7368022330639548,0.9596769261396829
30,1.0,0.7336335178407599,0.9633386090160443
31,1.0,0.743412598189149,0.9812940387917104
32,1.0,0.7470909008924583,1.0164406238191896
33,1.0,0.7014358416222098,0.9465606355361548
34,1.0,0.7425319262046585,0.9983083020849133
35,1.0,0.7478953757868411,0.9901220311674093
36,1.0,0.7422025704365428,0.9692224712479985
37,1.0,0.7485137882091175,1.0192569576758523
38,1.0,0.7519250272080078,1.0191597806068402
39,1.0,0.6939356696982771,0.9628002166816291
40,1.0,0.7402961641346144,0.9516079087849918
41,1.0,0.7424720324094939,0.9997411812037629
42,1.0,0.7466245997318026,1.0059402352486138
43,1.0,0.7394995556660405,0.9938089544617629
44,1.0,0.748920778708962,1.0513526923036811
45,1.0,0.7470645257919694,1.023130293905412
46,1.0,0.7400377919084958,0.9525782326929058
47,1.0,0.7392654932978394,0.9386095178965055
48,1.0,0.7069600997883455,0.9353368990573824
49,1.0,0.7477842467393876,1.010803250542481
50,1.0,0.7348389310572465,0.944760874393907
51,1.0,0.7405131626229263,0.9457006371996517
52,1.0,0.7473678845607566,0.9906074273311446
53,1.0,0.74149586206121,0.9935572868915239
54,1.0,0.7419024339431216,0.9826432921087386
55,1.0,0.7432440970543902,0.9921635925818346
56,1.0,0.7114327352712179,0.9436456284858942
57,1.0,0.74189268372735,0.9597080723681188
58,1.0,0.7398637864980052,0.97233294133479
59,1.0,0.7111943342667477,0.9638414776484551
60,1.0,0.7103151757336593,0.9513170082705669
61,1.0,0.7420084344497602,0.9749026647343947
62,1.0,0.7451140243483295,1.0224522371881728
63,1.0,0.7113349055920407,0.964822907513006
64,1.0,0.7395131080010636,0.9899361484754394
65,1.0,0.7452388467683078,1.0034138224057447
66,1.0,0.7424994326025068,0.9918797756335005
67,1.0,0.7412523694724961,0.9933695466251847
68,1.0,0.7474870561340502,0.9888943391717553
69,1.0,0.7423701763247114,0.967881894416322
70,1.0,0.7412516222929076,0.9992799630255649
71,1.0,0.7066855669039118,0.9669578590491357
72,1.0,0.7416014335776747,0.9718199085441497
73,1.0,0.7390562719167107,0.9810081571638517
74,1.0,0.711027298976272,0.9807926812181481
75,1.0,0.745484390107026,0.9883287718042267
76,1.0,0.7396481356759272,0.9815633048520449
77,1.0,0.7426624748906706,0.9773987198170515
78,1.0,0.7111261139946868,0.9650813697945217
79,1.0,0.7062284131743921,0.9605403202605546
80,1.0,0.7406265803232734,0.9823429265390449
81,1.0,0.7111140317478659,0.9636228807311475
82,1.0,0.7426734003384697,0.996538069454439
83,1.0,0.7429614463865901,0.9747733906039803
84,1.0,0.7441449912442184,0.9959081248818081
85,1.0,0.7112735019487934,0.9558508707517823
86,1.0,0.7411883439080944,0.9791010827937486
87,1.0,0.7403914334659993,0.9482393717069056
88,1.0,0.7402399299659503,0.943231601461078
89,1.0,0.7471245132674514,0.9879548543991838
90,1.0,0.7429086702008688,0.9783109742593937
91,1.0,0.7107607241529239,0.9336546203193752
92,1.0,0.7471619153670014,0.998068673753759
93,1.0,0.7460853842162034,0.9929358915154632
94,1.0,0.745176259791292,0.9854100780674527
95,1.0,0.7397694170421372,0.9736100777580412
96,1.0,0.7415913310790582,0.9849935232823442
97,1.0,0.7455771418769354,1.0022995410547824
98,1.0,0.7428385528061072,0.9805882006584403
99,1.0,0.6966115866801844,0.972687818793742
100,1.0,0.7428177047332427,0.9790395636673827
101,1.0,0.7447756926050761,0.9683044267502267
102,1.0,0.7408813155618715,0.9662396929769891
103,1.0,0.6835574020962981,0.9528080136394927
104,1.0,0.7438254623844938,0.9868659082440183
105,1.0,0.7396956594452317,0.9790204010387121
106,1.0,0.7438866030999857,1.0005492992383325
107,1.0,0.7409758586677868,0.95811223292964
108,1.0,0.7505851892199031,1.041830926286345
109,1.0,0.7404584754258136,0.9734185304118573
110,1.0,0.7428952265762617,0.9888091369617564
111,1.0,0.7416866039272061,0.9848933835020669
112,1.0,0.7432742859363576,0.9846986373229873
113,1.0,0.7451125058928769,0.9877474945247404
114,1.0,0.7062726686583364,0.9565737092219406
115,1.0,0.7413518436367061,1.0040673563519302
116,1.0,0.6995254613489603,0.929109093067065
117,1.0,0.748223526424025,1.0082583554793274
118,1.0,0.7433687486715425,0.9877987443993863
119,1.0,0.745109325630492,0.9922528400702454
120,1.0,0.7419217470203586,0.9992212419917722
121,1.0,0.7103564498155627,0.938343646936798
122,1.0,0.7450716978372506,0.986135515498829
123,1.0,0.7405602044165903,0.9783598208450871
124,1.0,0.746914976580792,1.0027072633181104
125,1.0,0.7409972048055736,0.9783982944073123
126,1.0,0.7109018253721743,0.9488657973674584
127,1.0,0.7109281977875458,0.942303655111538
128,1.0,0.7474291105542179,0.9927388372422941
129,1.0,0.745358253706514,1.0115269955381254
130,1.0,0.7412036335601676,0.9651979235252368
131,1.0,0.7452475720768837,1.0006095097881744
132,1.0,0.7461774449995098,0.9760953879126509
133,1.0,0.7380025445342124,0.9634711111251409
134,1.0,0.7492825446733729,1.017876626071084
135,1.0,0.7104334316453523,0.9571955336606611
136,1.0,0.7404658458629704,0.9829470090692097
137,1.0,0.7420186223832829,0.9809711923215622
138,1.0,0.709303100070189,0.9655376924405412
139,1.0,0.7391757909567179,0.984692133091205
140,1.0,0.7423290246458057,0.9869095561695256
141,1.0,0.7403132115174071,0.9498323894100478
142,1.0,0.7403204740761438,0.9701931188961405
143,1.0,0.7450093486106848,1.0153729576649115
144,1.0,0.7454130836535695,0.9978759266801286
145,1.0,0.7397114505786974,0.9801670274658766
146,1.0,0.7437007170106397,0.9980144237707353
147,1.0,0.7459974290640901,0.9948526362044534
148,1.0,0.7403641779398006,0.9670869561796702
149,1.0,0.7430155474981446,0.9757687654972094
150,1.0,0.7370400191421869,0.9609476209390031
151,1.0,0.7459739795694234,1.0028820952017943
152,1.0,0.7464916968201744,0.9658148481584512
153,1.0,0.7425684256523382,0.988256746651225
154,1.0,0.745168237608397,0.9750224944454722
155,1.0,0.7488523557077871,1.0077514864663932
156,1.0,0.7435193034872273,0.9933008617932075
157,1.0,0.7075936036729671,0.9923353754389052
158,1.0,0.7416855352267526,0.9636053765350218
159,1.0,0.7420001804324308,0.9774921899752326
160,1.0,0.7456835530231068,1.0071916957120899
161,1.0,0.7461795568560631,0.9775609792318617
162,1.0,0.7493287038072413,1.011928215576883
163,1.0,0.7396760088315268,0.9294995891815585
164,1.0,0.7466873457958854,0.9899574464294264
165,1.0,0.7433317840378993,0.9901255954138
166,1.0,0.7410972172227301,0.9776749545288711
167,1.0,0.7520849153765354,1.0402138665773883
168,1.0,0.7028240068384037,0.9415090375996923
169,1.0,0.7435174458672501,0.988262992519507
170,1.0,0.7401822839654969,0.9605186403970325
171,1.0,0.7430530449409186,1.0061078516492552
172,1.0,0.743741958502735,0.9718947675229024
173,1.0,0.741208501426803,0.9814039443614639
174,1.0,0.7431713464235924,0.9710365615930806
175,1.0,0.7114078350261821,0.9586923691370731
176,1.0,0.7452729217868066,1.0068337091722295
177,1.0,0.7444351486933212,1.0056590352519394
178,1.0,0.7115948050359415,1.0022173352572918
179,1.0,0.7064026113053758,0.9430406889812678
180,1.0,0.7471422324589448,1.0142190674524758
181,1.0,0.7435057954116983,0.970613794879857
182,1.0,0.7394687523724698,0.9864150214375721
183,1.0,0.7105003554047241,0.9457854126095633
184,1.0,0.7462792256397566,0.9736898247814577
185,1.0,0.7452101307146577,0.9778299909759061
186,1.0,0.7457277147313824,0.9892599100888867
187,1.0,0.7418000027106421,0.9586332206381284
188,1.0,0.7516745169800043,1.0245616145501169
189,1.0,0.7478467524746685,1.0046688689469987
190,1.0,0.7392533430539767,0.9701009327951133
191,1.0,0.7412018243341812,0.9457244952866156
192,1.0,0.746586145821767,0.9878751198116634
193,1.0,0.7430131398783099,0.9790536655868158
194,1.0,0.7024544957476373,0.9321466036981279
195,1.0,0.7412636279701273,0.9789866635675982
196,1.0,0.7418573261830358,0.996012286808286
197,1.0,0.7419952384019706,0.9830213157327857
198,1.0,0.7396123636404264,0.9507050500897832
199,1.0,0.7473427723244376,1.0238920908787104
200,1.0,0.7427511389013244,0.9963289723194765
201,1.0,0.7415570577166898,0.9746088762735579
202,1.0,0.7430978402775605,0.9944918041945392
203,1.0,0.7462466401902556,1.0114588278302443
204,1.0,0.742484389012168,0.9832561716186118
205,1.0,0.7404095033718152,0.9865986628772676
206,1.0,0.7426818473328414,0.9901363881261289
207,1.0,0.7440870762037952,1.0072265353689547
208,1.0,0.7472386155432801,1.0053478192127927
209,1.0,0.7407224308822683,0.9906431753616274
210,1.0,0.7068928128326848,0.9363234455601616
211,1.0,0.7410432781443436,0.9702046528857383
212,1.0,0.7418970256846561,0.9914514035724084
213,1.0,0.7112717267480779,0.9610332544353455
214,1.0,0.7461565260495509,1.0036973180248436
215,1.0,0.7467839716357125,0.9880162867975353
216,1.0,0.7431412167754022,1.0130377220247417
217,1.0,0.7448317682015795,0.9978995792997026
218,1.0,0.7423163053630747,0.982645881950933
219,1.0,0.7435679683331463,0.9912727158385601
220,1.0,0.7364269063852764,0.9682416963720519
221,1.0,0.7454879999472301,0.9921499343044554
222,1.0,0.6890966421811416,0.9291107617071265
223,1.0,0.7404787286650557,0.9675291615095694
224,1.0,0.745670357663762,0.9890886296296117
225,1.0,0.7400479400005211,0.9849760197780152
226,1.0,0.7446880759156379,0.9956322766849184
227,1.0,0.7090276411554739,0.9498799203324574
228,1.0,0.738316082994944,0.9617573607915391
229,1.0,0.7421585292718349,1.0020683270503976
230,1.0,0.7432997805222861,0.9902505579847446
231,1.0,0.7468603246160441,0.9954899608816405
232,1.0,0.7429360049908407,0.9906572327962786
233,1.0,0.7438964309598634,1.0118515171776952
234,1.0,0.749905323261349,1.0126663275908754
235,1.0,0.7428069901002448,0.9993860453243371
236,1.0,0.7461358509204384,1.0067449602110883
237,1.0,0.7456671598359618,1.0087332364908603
238,1.0,0.7075087843940138,0.9538224615056404
239,1.0,0.7416349997472729,0.9937451428113927
240,1.0,0.7105428599330491,0.9412317240664116
241,1.0,0.7393998021213519,0.9874643574426194
242,1.0,0.7440223150058741,0.987417776972152
243,1.0,0.7445111113936307,0.976104869749414
244,1.0,0.7413833917948994,0.9744741131451762
245,1.0,0.7411343730059808,0.9799288792601067
246,1.0,0.7401146905730411,0.977736668017454
247,1.0,0.7105359860833336,0.937014025412513
248,1.0,0.7389969437970773,0.9826071814542993
249,1.0,0.7465423029021755,0.975120577076707
250,1.0,0.7456199018422518,1.0222865835778492
251,1.0,0.7438844884989098,0.997076120251063
252,1.0,0.7089482091033145,0.9608107289574814
253,1.0,0.7464776847512707,1.0295194277924384
254,1.0,0.7008028494201238,0.9474441959394726
255,1.0,0.741285000394666,0.9863047352783967
256,1.0,0.7088596668936044,0.955633900943895
257,1.0,0.7433222471546934,0.9794077120668815
258,1.0,0.741059637437999,0.9637947040217867
259,1.0,0.7427295204435588,1.0029953529934865
260,1.0,0.7479748140114443,1.0199009951141218
261,1.0,0.7003923871229155,0.9491793916413587
262,1.0,0.7465375276741975,0.9814002283965151
263,1.0,0.7402695252480672,0.9844180947209944
264,1.0,0.741909917823352,0.9437283230757678
265,1.0,0.7055764067124046,0.9267895466090527
266,1.0,0.7103076583932807,0.9514583841306924
267,1.0,0.7034414789076867,0.9536654028819401
268,1.0,0.7425956494601773,0.9901817447657443
269,1.0,0.7410498651305347,0.9751814288500814
270,1.0,0.7413920144962828,0.9893191606390492
271,1.0,0.7429484673084732,0.9619888249311863
272,1.0,0.7470693938142342,1.0183864651035273
273,1.0,0.7457137450229734,0.9953813584729193
274,1.0,0.7500259724092968,1.0375641483349185
275,1.0,0.7343222195480145,0.9463890297677056
276,1.0,0.7465834835627349,0.9858774639915104
277,1.0,0.7438658765761212,0.9895896926979575
278,1.0,0.7382543255533006,0.9881006369040461
279,1.0,0.6882740108392091,0.9720171286832756
280,1.0,0.7465497502875684,0.9976475367756896
281,1.0,0.7087965038361888,0.9388013741341983
282,1.0,0.7085049712284539,0.979175878661431
283,1.0,0.7413240488859406,0.984140034074967
284,1.0,0.7106191867844703,0.9764136826086965
285,1.0,0.7447799147248637,0.9803438339266276
286,1.0,0.7372999080156711,0.9827413414527713
287,1.0,0.6956032620115259,0.9586556947966881
288,1.0,0.7445565346898785,0.9924521322978713
289,1.0,0.7401843910884497,0.9678430561768364
290,1.0,0.7434588235982961,0.9894839673052356
291,1.0,0.7464885613132498,0.9894094514530128
292,1.0,0.6988411677094737,0.9548204119467836
293,1.0,0.7429612281530845,0.968090915742629
294,1.0,0.748952346069917,1.0020244004644485
295,1.0,0.738402589027948,0.9637074329206409
296,1.0,0.7410398343011092,0.9580805817997426
297,1.0,0.7443003993278109,1.001552538277711
298,1.0,0.7399789960462537,0.9507423644253171
299,1.0,0.7432391470656498,0.9921138028747245
300,1.0,0.7116033616780647,0.9579909360835649
301,1.0,0.7400985129445325,0.9586382448822401
302,1.0,0.7419764550352624,0.9772210288372997
303,1.0,0.7419223391559747,1.0184176241326917
304,1.0,0.7489202263982152,0.9958758056147002
305,1.0,0.7467829653851386,1.036406680170922
306,1.0,0.74032450220209,0.9555717568670901
307,1.0,0.7450899937507012,1.0013742304430364
308,1.0,0.7478800065202049,1.0020106221149885
309,1.0,0.7418766384685271,0.9455366593520769
310,1.0,0.7104828678833239,0.972131756766398
311,1.0,0.7424288768294037,0.9746691475308377
312,1.0,0.743485101516504,0.9886113693780821
313,1.0,0.7499755205538118,0.9965504415972551
314,1.0,0.7487176427354861,1.0260045117796808
315,1.0,0.7376184267274266,0.9592580032875153
316,1.0,0.711390948195299,0.9626795020752579
317,1.0,0.7087492914240856,0.9401578901503848
318,1.0,0.7476904961810218,1.0281112907461092
319,1.0,0.7400306304701377,0.964840902741251
320,1.0,0.7452177916526964,1.0030776651585482
321,1.0,0.743106371076655,0.9825404190279999
322,1.0,0.7438561902278542,0.9814587247605221
323,1.0,0.7463439572323922,1.014131005642182
324,1.0,0.7394355832288095,0.9809204815474535
325,1.0,0.7431691538440611,0.9988830456848949
326,1.0,0.7434709799424565,1.0015854176110397
327,1.0,0.7407630381076553,0.9610514587761563
328,1.0,0.7457074002516889,1.0121615172558407
329,1.0,0.7401162659265763,0.9666931543102021
330,1.0,0.7110930683856853,0.9844347910914821
331,1.0,0.7391290749424724,0.9338657771585372
332,1.0,0.74646369069142,1.0320120175582248
333,1.0,0.7441221595532462,1.0000353214383508
334,1.0,0.7438746971431328,0.9666358746768137
335,1.0,0.748180890866739,1.017530661804245
336,1.0,0.7395230241315807,0.9865150837633296
337,1.0,0.6965929460680349,0.930025459748646
338,1.0,0.7397117726566758,0.9603900000967175
339,1.0,0.748423788135742,1.0077928685206494
340,1.0,0.7444710123687702,0.9951056999943495
341,1.0,0.7017461112484918,0.9519076160393234
342,1.0,0.7477710831132177,0.993949231958125
343,1.0,0.7425336094292754,0.9664516919263556
344,1.0,0.7380149522446395,0.97424706526481
345,1.0,0.7099532324716843,0.9657461135469037
346,1.0,0.7476630402631766,0.9962688856209826
347,1.0,0.7411991247395641,0.9511448096255697
348,1.0,0.7508330115404338,1.0238100839374042
349,1.0,0.710841351520227,0.9647557386349959
350,1.0,0.7437273094098197,1.0007042150337675
351,1.0,0.7334116351593438,0.9521899050053876
352,1.0,0.6974096238204467,0.9102045587610438
353,1.0,0.74286742523461,0.9828618273607639
354,1.0,0.7409369809754647,0.9595334608605862
355,1.0,0.7434000015652888,0.9643534705256603
356,1.0,0.6902376142396492,0.9450967421302237
357,1.0,0.7414487156926032,0.980577491892379
358,1.0,0.7446858734631062,0.9816520915371704
359,1.0,0.7444540492406371,1.0093075273714212
360,1.0,0.7402718536241362,0.980674047200857
361,1.0,0.7464108601083908,0.9901809522292286
362,1.0,0.7104773594226549,0.9618356310338692
363,1.0,0.7431283439788018,0.9773104206731026
364,1.0,0.742035061310532,0.9706123181310321
365,1.0,0.7467856192467218,1.0169500218985361
366,1.0,0.7401728583563317,0.9709586372209454
367,1.0,0.7426539993108264,0.9748457238411439
368,1.0,0.7482159947874251,0.998203711017915
369,1.0,0.6959957298750813,0.9702640096562112
370,1.0,0.7429700101745048,0.9968296495817327
371,1.0,0.7429193595719193,0.9790036407509806
372,1.0,0.7445717590888372,0.9781342386428217
373,1.0,0.7490312911168564,1.0320869913934598
374,1.0,0.743049832280216,0.9890792442958434
375,1.0,0.7426713180819182,0.9970981502439872
376,1.0,0.7375759988361904,0.9554234730987323
377,1.0,0.7448869483951799,0.9938717003403652
378,1.0,0.7494424337060768,1.0090063546667258
379,1.0,0.745816579086659,1.012313548031016
380,1.0,0.7455417729017625,0.9937646487634718
381,1.0,0.7403278710864235,0.9533763615883943
382,1.0,0.7357314333183401,0.9474210758158896
383,1.0,0.7010663680225967,0.9590017648366101
384,1.0,0.747877815101226,1.0271644643157027
385,1.0,0.7500868996698093,0.9847850255102225
386,1.0,0.7113507477511317,0.9355828537046711
387,1.0,0.7503467803518286,1.0005822944643412
388,1.0,0.7092025884696089,0.9446121508916195
389,1.0,0.7406050087238006,0.9701562403797444
390,1.0,0.739731951037387,0.9564732886696572
391,1.0,0.7434562316504868,0.9557337287646616
392,1.0,0.7416530310813261,0.9739014867713692
393,1.0,0.7479479032267697,1.0251036772054862
394,1.0,0.7408869586568825,0.9774367488816362
395,1.0,0.7054038211869081,0.9534955595225594
396,1.0,0.7428625539975989,0.975933215400547
397,1.0,0.741550824509775,0.9561613282743814
398,1.0,0.7428653749682337,0.9825644346411337
399,1.0,0.6967505208267254,0.9694809539214742
400,1.0,0.7450997010504992,1.006258213875104
401,1.0,0.740919629141528,0.9571477088920172
402,1.0,0.7347179942245163,0.973428499260839
403,1.0,0.7427178332316272,0.9958517801369887
404,1.0,0.7474094028799487,0.9987690548082501
405,1.0,0.7442289645787642,1.0002130705897998
406,1.0,0.7437028302667803,0.9655289880135562
407,1.0,0.7351418205200926,0.9676235287154399
408,1.0,0.7427829452382697,0.9663842281125685
409,1.0,0.6839563000705178,0.9317043717305046
410,1.0,0.7544871022334971,1.0244679139827333
411,1.0,0.7398434211097407,0.9611326810302573
412,1.0,0.7420324698158873,1.0016023428127017
413,1.0,0.733565574196756,0.9448053120524725
414,1.0,0.7472356941780601,0.9935852032009221
415,1.0,0.705611619140272,0.9515576675171189
416,1.0,0.7468399315907442,1.0355880951661567
417,1.0,0.7447771520819859,1.006011626202977
418,1.0,0.7406881122047683,0.9772847073443894
419,1.0,0.7027153674650132,0.9451754057829952
420,1.0,0.7401756583326693,0.9809854826403168
421,1.0,0.738349620970905,0.9781660819750702
422,1.0,0.7418706161275224,0.9818021009775997
423,1.0,0.7105304287689468,0.956205136067307
424,1.0,0.7405797166330026,0.9730732252128753
425,1.0,0.7440054716550804,0.9986404185046492
426,1.0,0.7425529617973273,0.9550714719426486
427,1.0,0.730685406230329,0.9575905128081444
428,1.0,0.7501663564449661,1.0141385566416505
429,1.0,0.7103845193094089,0.9568492668922349
430,1.0,0.747835631697208,1.022044477342701
431,1.0,0.7437738938451531,0.9780332469893477
432,1.0,0.7428428885848116,0.9522090417623381
433,1.0,0.744531593081234,0.9858132783938769
434,1.0,0.739569722472653,0.9499053334010255
435,1.0,0.7433050346852358,0.9973243421307372
436,1.0,0.7419427227234945,0.963672440594395
437,1.0,0.7456366779920025,1.0035952066702285
438,1.0,0.7407840568421982,0.9928387535159947
439,1.0,0.7399582806131908,0.9768614933756689
440,1.0,0.7434529315123508,0.953045985284539
441,1.0,0.7410666820067262,0.9583702820436355
442,1.0,0.7375852702903306,0.9726619051129775
443,1.0,0.7479152800429811,1.0104231234796974
444,1.0,0.7432626991734722,0.9994391794143769
445,1.0,0.74326692584192,1.0006091327647109
446,1.0,0.7405729915001775,0.9868620648878247
447,1.0,0.7425802477917479,1.0031997918371953
448,1.0,0.746180136935618,1.0105273873202403
449,1.0,0.740854304024352,0.9758482455551146
450,1.0,0.7110965896660245,0.9627951458104818
451,1.0,0.7448490086458622,1.0022410796207255
452,1.0,0.7395291374672799,0.9646095495476472
453,1.0,0.7425110100365554,0.9862971000362488
454,1.0,0.7089782880087063,0.9867274817224121
455,1.0,0.7424466136373835,0.9677398117709178
456,1.0,0.7377406031653981,0.9779387826906777
457,1.0,0.7416637507960617,0.9443165939253526
458,1.0,0.7389136002640477,0.9653064285722124
459,1.0,0.7096166573124333,0.9692440852821539
460,1.0,0.7429030674481776,0.9881858675439681
461,1.0,0.7388699912848659,0.9289326298232823
462,1.0,0.7402562385432052,0.9882004697874308
463,1.0,0.7111954701561828,0.9624928630805112
464,1.0,0.7417586117131996,1.0038368071382322
465,1.0,0.7443163409201398,0.9839221282439755
466,1.0,0.7443321646038566,1.0065693062978396
467,1.0,0.7439170087308974,0.9927364701305301
468,1.0,0.7431626448810845,0.9824914657266327
469,1.0,0.7464985294786184,1.0116894493879678
470,1.0,0.7420360417869423,0.9906946308098673
471,1.0,0.7386322036042113,0.9652592862926552
472,1.0,0.7458911230839266,0.99197508837714
473,1.0,0.7420068758569325,0.9826819287931369
474,1.0,0.7115435294344129,0.9858378558790913
475,1.0,0.7499321064135578,1.0415132382819008
476,1.0,0.7485196680869673,1.0223221032648526
477,1.0,0.7463625207892359,1.0165200941413715
478,1.0,0.7394508454408139,0.9758828010857958
479,1.0,0.7415043078882414,0.9975501453234922
480,1.0,0.7393350265635663,0.96709938883744
481,1.0,0.738082934432744,0.9563704727003794
482,1.0,0.7423378790586268,0.9575937124302246
483,1.0,0.7393129631938506,0.9407683130175083
484,1.0,0.7457578013526754,1.0015419929680511
485,1.0,0.7112441448446467,0.9604585891728004
486,1.0,0.7434730434884206,0.9613351282107092
487,1.0,0.7462549799874494,1.0156871607381168
488,1.0,0.7435797600590875,0.9889388334702013
489,1.0,0.7465633082835841,0.99836639810971
490,1.0,0.7443395503086232,0.9872991627259687
491,1.0,0.7447736719348454,0.9928535057101252
492,1.0,0.699042231624181,0.9371346190610929
493,1.0,0.7497214104696153,0.9846393729960474
494,1.0,0.7104809219915863,0.9320842359313933
495,1.0,0.7439841035393713,0.9977824586848075
496,1.0,0.7425905498867695,1.0080363087716524
497,1.0,0.7429096337237319,0.9871843083050137
498,1.0,0.710680693772288,0.9435713934250943
499,1.0,0.7433244288178694,0.9927718322340661
500,1.0,0.7407267223303029,0.9650687186065029
1,0.25,0.7053190765664706,0.9324077448413474
2,0.25,0.7451583668910053,1.0034292269130443
3,0.25,0.7488635021246157,0.9808422789819083
4,0.25,0.7416008123247803,0.9883421644771916
5,0.25,0.6963673289401154,0.9396672042634827
6,0.25,0.7461829152379391,1.0235771225815595
7,0.25,0.7500890345131176,0.9783153323522435
8,0.25,0.7109218587732502,0.9347875828987381
9,0.25,0.745025788004531,0.9693260815362135
10,0.25,0.7472426060159492,0.984519982986485
11,0.25,0.7393923555990836,0.9693472002657603
12,0.25,0.7435322053912315,0.9977524761255863
13,0.25,0.7404645537829285,0.9695619237289365
14,0.25,0.7407143393728176,0.9414530146596414
15,0.25,0.739781477810124,0.971345659190528
16,0.25,0.7460660019484321,1.0043454800069067
17,0.25,0.7432801641763017,0.9799970707843147
18,0.25,0.7081164007990475,0.9655256095671154
19,0.25,0.7439050279783032,0.9905440391062915
20,0.25,0.7435757304853503,0.970603507385689
21,0.25,0.7455966534541746,1.0152250289993792
22,0.25,0.7403762820171388,0.968943200137835
23,0.25,0.74108497845103,0.9894673824895278
24,0.25,0.7476449586886321,0.9977671547178392
25,0.25,0.7459178792704262,0.9902140827609675
26,0.25,0.7428496484196269,1.002363659883506
27,0.25,0.7416431688631113,0.9665344211845112
28,0.25,0.7410557451493229,0.9782350997254713
29,0.25,0.7407811580141818,0.9816883191555223
30,0.25,0.7444125911918241,0.9855555281888665
31,0.25,0.741351106825405,0.980379911415938
32,0.25,0.7410690381598525,0.9641767609995215
33,0.25,0.7528658698281823,1.0455361844382283
34,0.25,0.6821941306112169,0.9265355122442349
35,0.25,0.6891454383731339,0.96077225983583
36,0.25,0.7462773234246329,1.00251865675035
37,0.25,0.7402062876072988,0.9714973794437269
38,0.25,0.7491846567964695,0.9928484088174578
39,0.25,0.745384568244951,1.0030697386745244
40,0.25,0.7439945823733491,0.9670794445130959
41,0.25,0.740726109134697,0.9690667524955262
42,0.25,0.7400489763931374,0.9439255636956342
43,0.25,0.7106431704428845,0.9895384848985427
44,0.25,0.7393137219656223,0.9580646401892844
45,0.25,0.7382195410318101,0.97433777579793
46,0.25,0.7396710669047449,0.9555305726203948
47,0.25,0.7373255384852246,0.9655453169412411
48,0.25,0.7481746634679677,1.0141546637514924
49,0.25,0.7424899492639153,0.981490168046457
50,0.25,0.7398628941833019,0.9624795703787884
51,0.25,0.7398590045329646,0.9601402379218263
52,0.25,0.7095370114367484,0.9513559960967518
53,0.25,0.739955416985818,0.9595107862064436
54,0.25,0.7422361647475489,0.9626318424085805
55,0.25,0.7330900964171736,0.9729282911018758
56,0.25,0.746077071511986,1.026969078215352
57,0.25,0.751628160750376,1.0106267966739009
58,0.25,0.7016645152439427,0.9414071734501304
59,0.25,0.7509128349144779,1.0083512956368668
60,0.25,0.7468520146850877,0.9911685920776032
61,0.25,0.7410181510340769,0.9504397222097383
62,0.25,0.7418449771909886,0.9634138599730886
63,0.25,0.7440719028501747,0.9874938575991231
64,0.25,0.7448603636802935,1.006061781751555
65,0.25,0.7495817653778704,1.002624227022065
66,0.25,0.7415826484580788,0.9929350407150624
67,0.25,0.7356879063012319,0.9601308121571787
68,0.25,0.7398181828254925,0.9751178126638951
69,0.25,0.7450660270794751,0.9673378663382198
70,0.25,0.7095762947317951,0.9358197256042866
71,0.25,0.6984291924119018,0.9303000004776995
72,0.25,0.7427241145128395,0.9900473847721588
73,0.25,0.7441312185144181,0.9920035054861662
74,0.25,0.7419950027931308,0.972507772675779
75,0.25,0.739947008848749,0.9305287387548663
76,0.25,0.748121337849315,1.0032409878452277
77,0.25,0.7018373562705572,0.9319811648420733
78,0.25,0.7409456493094063,0.9593192892828676
79,0.25,0.741713712438331,0.9690860158178123
80,0.25,0.7498829536710153,0.9997884246663487
81,0.25,0.7112295675046361,0.959802195700762
82,0.25,0.7443672497131647,1.012749527081299
83,0.25,0.7385387120125465,0.9702862417111218
84,0.25,0.7436045156413263,0.9824123580212855
85,0.25,0.7483105168616782,1.011445609359727
86,0.25,0.7420144965282314,0.9536205724925887
87,0.25,0.7454675463461471,1.0052674103292079
88,0.25,0.7446896636445955,0.9839752554799713
89,0.25,0.7373877930993998,0.9855942690982263
90,0.25,0.7404551018177844,0.9480491736097041
91,0.25,0.6683855178966005,0.9147220742039865
92,0.25,0.7391922841121908,0.9591255521258114
93,0.25,0.7439554191896257,0.979742321458186
94,0.25,0.7486960008571846,1.0238232231399576
95,0.25,0.7430518609525858,0.9765241605382498
96,0.25,0.7406186458067678,0.9838801141832688
97,0.25,0.7083458936840556,0.9370177014729446
98,0.25,0.7451790211694961,0.9993867281420031
99,0.25,0.7499790338859711,1.0325753028982425
100,0.25,0.7414720156051973,0.9841947563817722
101,0.25,0.7055867488856233,0.9608746159229159
102,0.25,0.7442725683306409,0.9953697322078098
103,0.25,0.7413572924823012,0.9746829092076112
104,0.25,0.7407148811375586,0.9665407416757847
105,0.25,0.7358992745846872,0.9513061413803119
106,0.25,0.7442592858380794,1.0023653778595514
107,0.25,0.7462204734315777,0.9645076394445452
108,0.25,0.7476967202331087,1.0201574929691906
109,0.25,0.7401539371077414,0.9517166603407112
110,0.25,0.746055400843541,0.9791860978233414
111,0.25,0.7384496525384281,0.9648322252530673
112,0.25,0.7487812564551998,1.0207387945172024
113,0.25,0.6794236195199023,0.9269314904840381
114,0.25,0.746034021938627,1.0171429412722885
115,0.25,0.7412357456845395,0.9697955496588135
116,0.25,0.7344800904238336,0.9549956539045971
117,0.25,0.6657438854940119,0.9187397985993468
118,0.25,0.7020920854242513,0.9517694594070399
119,0.25,0.7108187980121579,0.9657296313261495
120,0.25,0.7444600754257822,0.9915562362983061
121,0.25,0.6973615947943523,0.9503422266981588
122,0.25,0.7400811111282757,0.9672610663363364
123,0.25,0.744412141494699,0.9978492258589069
124,0.25,0.7412365868790087,0.965593518263983
125,0.25,0.7494214971920051,1.0218292821021604
126,0.25,0.7472743427877713,1.0040859480884712
127,0.25,0.7450579800325257,1.023783532170037
128,0.25,0.7456641808757822,0.9795512501486239
129,0.25,0.7457831097686332,1.0022999612464303
130,0.25,0.7410680909443389,0.9737568881732127
131,0.25,0.7343101664586852,0.9622862266431695
132,0.25,0.7410361165692683,0.9787155517254161
133,0.25,0.7464707637648821,0.9962827721521468
134,0.25,0.7443356302677583,1.0172502571551778
135,0.25,0.7469641878491806,0.9845390698669313
136,0.25,0.7383017904001337,0.9595867706635265
137,0.25,0.743917299435978,0.9922275844520013
138,0.25,0.7426857355691937,0.9763164151904572
139,0.25,0.7381592733944884,0.9635689588159936
140,0.25,0.7511526932103368,1.0306988363443264
141,0.25,0.7111998133448674,0.9566391770804312
142,0.25,0.7419748909188539,0.9647057688640154
143,0.25,0.7444329943086683,0.9952729465954506
144,0.25,0.745755007440742,1.002422702463062
145,0.25,0.7430086496484823,0.9900228953706827
146,0.25,0.7421735351064522,0.9779913038260125
147,0.25,0.744287715101105,0.9748663564365122
148,0.25,0.7557925327008477,1.0383434464673549
149,0.25,0.7455553825424078,1.016403922167907
150,0.25,0.7413127652981224,0.9731512338488486
151,0.25,0.7440902092071628,1.005254004884085
152,0.25,0.7467621804172359,0.9981064983825839
153,0.25,0.7113607249853456,0.9520066534227282
154,0.25,0.7409982229148506,0.9608262352408173
155,0.25,0.7403604006501052,0.9504070122176188
156,0.25,0.7382322720205459,0.9485456069535864
157,0.25,0.7110778902973667,0.9541791605353636
158,0.25,0.7482769766202495,1.0242525695457145
159,0.25,0.7430971814666204,0.9782768902668127
160,0.25,0.7427806975725935,0.9559083602134123
161,0.25,0.7498612976608532,1.0087756218546702
162,0.25,0.7467694715806066,1.0164734847688213
163,0.25,0.7509412183291958,1.0176759781241222
164,0.25,0.741207271355746,0.9455191270522646
165,0.25,0.7315595549571157,0.9449329712893142
166,0.25,0.733167693429104,0.9621982716803452
167,0.25,0.743552525757973,1.0082806147803514
168,0.25,0.737466144978982,0.9730160995080094
169,0.25,0.7358900526845662,0.9864588693962271
170,0.25,0.734085390266246,0.9775641668193208
171,0.25,0.7485084165524428,1.004361654490039
172,0.25,0.7440012232639145,0.9711302763519513
173,0.25,0.7443285234306872,0.9770761594328895
174,0.25,0.7423917368904244,0.9965235872205868
175,0.25,0.7388482152661842,0.9898760016435688
176,0.25,0.745344155308522,0.9788374127792303
177,0.25,0.7444732912690205,0.9838253335370585
178,0.25,0.7404901467370351,0.964530439847211
179,0.25,0.7420658895162789,1.0033172587646857
180,0.25,0.7113930683633833,0.9749342037642742
181,0.25,0.7432064509001745,0.9872824111311187
182,0.25,0.7463730578775253,0.982780179976866
183,0.25,0.705643031847878,0.9649064559599455
184,0.25,0.7429615304980014,0.9658812208631423
185,0.25,0.7434678927675663,0.9804347093382668
186,0.25,0.7430731832340646,0.9606867634692172
187,0.25,0.7398186446782609,0.9749438309781171
188,0.25,0.7409982261675586,0.9752871682834521
189,0.25,0.7429800704571511,0.9575807581081173
190,0.25,0.7446643164395411,0.9897514153943793
191,0.25,0.711375808092095,0.9651849601049065
192,0.25,0.7446351375430308,0.9870161086050678
193,0.25,0.7425711879996119,0.9738496828239726
194,0.25,0.7450328559859198,0.9927102771118654
195,0.25,0.6955997474954506,0.9199203781481837
196,0.25,0.7436083845944522,1.0057355399836359
197,0.25,0.7445088460783827,1.0026322746360696
198,0.25,0.7447296861884881,1.0003638123874863
199,0.25,0.7113901467016626,0.9834605403007829
200,0.25,0.7483259975618067,1.0135976652287306
201,0.25,0.7444931113305856,1.018001489336398
202,0.25,0.7449651424818673,0.9724253289731335
203,0.25,0.749489460946045,1.0230217138015925
204,0.25,0.7396801392120299,0.9852235357019373
205,0.25,0.7349669765442406,0.9520175913656652
206,0.25,0.7463944101590309,0.9971825483065718
207,0.25,0.7435473351383455,0.9839515153333825
208,0.25,0.7471981357082682,0.9993804364944346
209,0.25,0.710942776588061,0.9456143623843031
210,0.25,0.7398553101886212,0.9830057189172492
211,0.25,0.7417188632453422,0.9668417340814761
212,0.25,0.7480996101049623,0.9904090629521968
213,0.25,0.7405013946718907,0.9743818483855081
214,0.25,0.7414735360835685,0.9658140995143687
215,0.25,0.7497934431823063,1.0038341039817273
216,0.25,0.7401180800129248,0.9632053357763879
217,0.25,0.745736703899299,0.9841200388204665
218,0.25,0.7462543575222906,1.014263008569167
219,0.25,0.7455256977515468,0.9921630582923069
220,0.25,0.7394203819472507,0.9574361624751213
221,0.25,0.7430012024595098,0.9861807988479664
222,0.25,0.7452825063040053,1.0123107242630385
223,0.25,0.7493461731446489,1.0213017393379635
224,0.25,0.7412239592710257,0.9964793900130149
225,0.25,0.7441237467555127,0.974468616951727
226,0.25,0.7395446025364767,0.9587088849546442
227,0.25,0.7456638253306235,0.9743567880297331
228,0.25,0.7393536119612893,0.9791243608367101
229,0.25,0.7437874089332905,0.9990032812857603
230,0.25,0.7379429718678625,0.9867499308725621
231,0.25,0.7411465395028021,0.9709781696078342
232,0.25,0.742672042342415,0.988492849962199
233,0.25,0.7445878893729421,0.9825348757180807
234,0.25,0.7411528759167282,0.968212424493973
235,0.25,0.7495569285650617,1.017197823513203
236,0.25,0.7457640078440594,0.9862514698694329
237,0.25,0.7087350017502103,0.9630428766848861
238,0.25,0.7115271626487119,0.9771018996133729
239,0.25,0.7423857427731058,0.9604300527895672
240,0.25,0.7442132940781516,0.9917708982091819
241,0.25,0.7442285045046508,0.9957145725947683
242,0.25,0.7439210338909987,1.0063704410923846
243,0.25,0.7432287209818751,0.9899491985028286
244,0.25,0.7456966463826157,1.0046575835069016
245,0.25,0.7361582460391088,0.9925068020962138
246,0.25,0.7100984319835818,0.9498037437124922
247,0.25,0.7114609998230483,0.9633514167672024
248,0.25,0.7396399394119411,0.953863072529954
249,0.25,0.7384562407569488,0.9545904811281193
250,0.25,0.7412676729033368,1.0015573326735736
251,0.25,0.7403050587684381,0.9543188954950389
252,0.25,0.7365798828318016,0.9715378549456155
253,0.25,0.7436728855302038,0.9427556151393142
254,0.25,0.7544371750186816,1.0384575006830952
255,0.25,0.7413177834500263,0.9497804878032492
256,0.25,0.7104042011728787,0.9565651663454574
257,0.25,0.7406785126091889,0.9573933416392514
258,0.25,0.7370690620035532,0.9513066509478879
259,0.25,0.736500034140574,0.9948081857895439
260,0.25,0.7415583945698591,0.9873421582560585
261,0.25,0.7424414185607952,0.9680697629639856
262,0.25,0.7463495328452554,0.9840771892791516
263,0.25,0.7444633827680165,1.0068771481175576
264,0.25,0.7412135906103924,0.9608214789095785
265,0.25,0.7414244788823391,0.9883526041218011
266,0.25,0.7466046135202704,1.0111188139888234
267,0.25,0.7437064315589123,0.9521787493829332
268,0.25,0.7448026640751829,0.9798090491862739
269,0.25,0.7431352281675194,1.0056165390786713
270,0.25,0.7446899229206578,1.003521738086545
271,0.25,0.7452186619858153,1.0151606115501084
272,0.25,0.7390695120929969,0.953833291707697
273,0.25,0.7401862931252555,0.9683508158634684
274,0.25,0.7466465869603544,0.9790607636287583
275,0.25,0.732762561073224,0.9639438938206117
276,0.25,0.7419511082998662,0.9871640897975196
277,0.25,0.7404741221450998,0.9516010749895059
278,0.25,0.7385388180356233,0.9923580771030992
279,0.25,0.739492623184674,0.9847167556675105
280,0.25,0.7434127669290757,1.0038505596924823
281,0.25,0.7463680265791751,1.0201993404937435
282,0.25,0.7094880268054948,0.957825903869643
283,0.25,0.6700238082128698,0.9514526526455279
284,0.25,0.7382154769922964,0.9640384496939753
285,0.25,0.7471329478135261,1.0053404189333972
286,0.25,0.7435254500303121,1.0060447558568342
287,0.25,0.7495957781644988,0.997986072582942
288,0.25,0.7421855705772825,0.9643855000058882
289,0.25,0.7467027227416603,1.0021189424792953
290,0.25,0.7414868593417284,0.9777965539770374
291,0.25,0.7441529170845533,0.9883094866471699
292,0.25,0.7398161542259818,0.9597060262803999
293,0.25,0.7389549124204604,0.9538336945196448
294,0.25,0.7484055479153151,1.0084526289431062
295,0.25,0.7454166538480663,0.99920308038349
296,0.25,0.741983608638806,0.9896828969847669
297,0.25,0.7450166589091657,1.0108881432038999
298,0.25,0.7448101829393656,0.9848427408062432
299,0.25,0.7434085632164845,0.984983175643904
300,0.25,0.7455321875178949,1.0079896987707766
301,0.25,0.7449396112368537,0.9812991780732295
302,0.25,0.7449993130654964,0.9970158302563067
303,0.25,0.7405693445115251,0.9843246455395801
304,0.25,0.7398059081184317,0.9768227003410894
305,0.25,0.7431635089187072,0.9833616445302762
306,0.25,0.7459705055459322,0.972995193499562
307,0.25,0.7111341433504056,0.9687054146215666
308,0.25,0.7451497498496139,0.999087467568196
309,0.25,0.7449638633865228,1.0072690160649833
310,0.25,0.7081641615275167,0.9580543716527317
311,0.25,0.7414218387339971,0.9989409100120071
312,0.25,0.6871022234572145,0.9179625451271801
313,0.25,0.7343369978678955,0.9579209728715763
314,0.25,0.7420407892769839,0.9933462316919772
315,0.25,0.7107134962866535,0.9749273757340716
316,0.25,0.7381453687245358,0.9907992783113337
317,0.25,0.746173652047332,1.007624611049372
318,0.25,0.7362685796345046,0.9734328141975729
319,0.25,0.7407860638561872,0.99117007279976
320,0.25,0.7428475299636522,1.0002471749582147
321,0.25,0.7473478599759333,1.0008478278948771
322,0.25,0.7450186848242066,0.9960050150086914
323,0.25,0.7395098474798286,0.9653368959552476
324,0.25,0.7373595518342991,0.9509897309909695
325,0.25,0.7392356426279384,0.9746101789460475
326,0.25,0.7029313683741479,0.9820825893404805
327,0.25,0.7359699936074315,0.9792144258499388
328,0.25,0.7464073597752513,1.0077536060238015
329,0.25,0.7421405161769378,0.9829869684817276
330,0.25,0.7111168281586745,0.9629972788993957
331,0.25,0.7437592014452836,0.9837246114102928
332,0.25,0.7406900698262021,0.9622769348722638
333,0.25,0.7435443301621083,0.988523846070878
334,0.25,0.7451189961704007,0.9974786675190933
335,0.25,0.7447112661359376,0.9948090186545666
336,0.25,0.7450160686245794,1.022764270836382
337,0.25,0.700998219822669,0.9231387376400912
338,0.25,0.7111265926273735,0.914526673699707
339,0.25,0.7404651352508056,0.9626018743501418
340,0.25,0.7450405012719128,0.9754832348071225
341,0.25,0.7448880408355981,1.0096158150303476
342,0.25,0.7413497482616938,0.9765449440379113
343,0.25,0.7416598711379614,0.9788026122334722
344,0.25,0.7438537144612187,1.0048766394895667
345,0.25,0.7446441735247478,0.9962107653028816
346,0.25,0.7464186012646209,1.00599934674679
347,0.25,0.7419189233492502,0.9637761789673727
348,0.25,0.6807828035730771,0.9359690776124701
349,0.25,0.6991319038185796,0.9473239059050986
350,0.25,0.7457711094530054,1.0009916718345295
351,0.25,0.7405933494762355,1.0074943984144444
352,0.25,0.7406997869391243,0.9733159271624604
353,0.25,0.7445416052209599,1.0066254166536865
354,0.25,0.7470850118276742,0.9983343729125309
355,0.25,0.7425405676250755,0.9885964438405116
356,0.25,0.7099354737736853,0.9701435591703867
357,0.25,0.743750504082675,0.9636405872018162
358,0.25,0.7451699085432483,1.0102685480812277
359,0.25,0.7404540429081413,0.9659565079893546
360,0.25,0.7439208224577829,0.977499677255664
361,0.25,0.7420218372541281,0.9721767692766534
362,0.25,0.7485714624028844,1.0000375654672176
363,0.25,0.744572517653196,0.9990486837534559
364,0.25,0.7424183826662638,1.00121466129368
365,0.25,0.7422013478559837,0.9847148151166653
366,0.25,0.7452755690997783,0.9928765507672713
367,0.25,0.7428717290816452,0.9790099379313201
368,0.25,0.7433881467366714,0.9764076300913962
369,0.25,0.7408567447741583,0.9806872744749145
370,0.25,0.7407950964303994,0.9856824686289472
371,0.25,0.7469573721756184,0.9695635843228309
372,0.25,0.7402697171343766,0.9807655821923321
373,0.25,0.7436933266945062,0.9845705067437861
374,0.25,0.7446960763108147,0.9876146119093071
375,0.25,0.7450580157411694,0.9966073158870492
376,0.25,0.710492989925787,0.9682644818604101
377,0.25,0.6966647256976607,0.9358263136073866
378,0.25,0.7400280766395705,0.9896331947916007
379,0.25,0.7412250878014404,0.9660722422827209
380,0.25,0.7447153336345553,0.9860960104234437
381,0.25,0.7415583012755707,0.9632539144153763
382,0.25,0.7463624478470711,1.0313765443648644
383,0.25,0.6836630322659201,0.9354466496772678
384,0.25,0.7453699923937456,1.0160233253919846
385,0.25,0.7401070067804012,0.9916606598689937
386,0.25,0.7426592719380546,0.980953202033392
387,0.25,0.7461936174010014,1.0160595297662554
388,0.25,0.7325995221363572,0.9442541410726794
389,0.25,0.7457318882958514,1.0090241775836344
390,0.25,0.7446922259640052,1.001836734421406
391,0.25,0.7395628120220882,1.0059018893854608
392,0.25,0.7382219510165176,0.9916467126891645
393,0.25,0.7469056439196197,1.015351387286347
394,0.25,0.711539617225973,0.95757013181876
395,0.25,0.7337456611348964,0.9735342787011748
396,0.25,0.7047381544896597,0.930341722827189
397,0.25,0.7469372904619989,1.0054777142643527
398,0.25,0.7434075172292335,0.977213121026045
399,0.25,0.7415569105323468,0.9688207502177923
400,0.25,0.732840135654221,0.9903041337460536
401,0.25,0.7443295501594233,0.9636607676144291
402,0.25,0.7022521363303136,0.9513396996847573
403,0.25,0.7444396640660493,0.9893513310045884
404,0.25,0.7374111179868345,0.9668936276382311
405,0.25,0.7397489550549533,0.9670648420075046
406,0.25,0.744065549443086,1.01367634390865
407,0.25,0.7073962506719492,0.9423764624290742
408,0.25,0.6791761910961553,0.9601773310634939
409,0.25,0.742644005398965,0.986317668638402
410,0.25,0.7394009013699812,0.9703740181081497
411,0.25,0.7402297818555305,0.976859085431126
412,0.25,0.7469959066723615,1.0183176033816117
413,0.25,0.7433692388100096,0.9859685982261496
414,0.25,0.7460987326191331,1.0051116655780055
415,0.25,0.7416744824804918,0.9884218612246596
416,0.25,0.7364782369033881,0.9564246949833508
417,0.25,0.7090755330699605,0.9482920449537143
418,0.25,0.7420130669144678,0.9942874161105653
419,0.25,0.7436177226730191,0.9826347774358637
420,0.25,0.7434707227073863,0.9935312290323389
421,0.25,0.6834214949380475,0.9083314696839379
422,0.25,0.7461663676407527,1.000292410933419
423,0.25,0.7395820323206034,0.9684454154730067
424,0.25,0.7110090944977685,0.9546038732313626
425,0.25,0.7439123537510124,0.994390897008805
426,0.25,0.7490629613108459,0.9845205349979825
427,0.25,0.7413730085069844,0.9728988804760826
428,0.25,0.7426700307327626,0.9837210377558051
429,0.25,0.7452482490584246,0.9958114502320913
430,0.25,0.745207853547681,0.9876838081690485
431,0.25,0.7393630549152614,0.9785475241833269
432,0.25,0.7488556282722277,1.0093003232122797
433,0.25,0.7472780160266181,1.0442504899106728
434,0.25,0.739618105838862,0.9626076921489823
435,0.25,0.7427145657042625,0.9757444014336448
436,0.25,0.7445243680569915,0.9742798986230259
437,0.25,0.7464040836673722,0.9954654805742043
438,0.25,0.7400138709570646,0.9755093365459775
439,0.25,0.74817876610245,1.0083183903608732
440,0.25,0.711426150015483,0.9693575889324005
441,0.25,0.7428333656209818,0.9886803335082843
442,0.25,0.7450114193638766,0.9997800044392942
443,0.25,0.7395420970354971,0.9938824998534228
444,0.25,0.7366273122384787,0.9630631778379649
445,0.25,0.743574964479718,0.9786539258818526
446,0.25,0.7493538473693495,0.9818683002981959
447,0.25,0.7423310729307642,0.9825064787879225
448,0.25,0.7425226922074128,0.9972677326943953
449,0.25,0.7029194379577413,0.9669270747337501
450,0.25,0.7439813145956409,1.011874159039794
451,0.25,0.7394679285534924,0.9828962814894466
452,0.25,0.7393205204059736,0.9767608518418764
453,0.25,0.7421588235794092,0.97073139340337
454,0.25,0.7403479513671236,0.9933046839138768
455,0.25,0.7464197471438972,0.9995079989222057
456,0.25,0.746319499617432,0.9757319982743536
457,0.25,0.7408919394581398,0.9744211827659367
458,0.25,0.7429308205098883,0.995332808784844
459,0.25,0.744382417435379,0.9803069266805581
460,0.25,0.7417396005494654,0.9784397007532186
461,0.25,0.7391833142126363,0.9699805223656917
462,0.25,0.7082638125721399,0.9539561282745557
463,0.25,0.739387468739772,0.9589212593193466
464,0.25,0.7013600413408322,0.9512181141500894
465,0.25,0.7446901728158847,0.999237444767768
466,0.25,0.7411231854116103,0.9811785833962726
467,0.25,0.7493409846250368,1.0054328157035788
468,0.25,0.7402734640905343,0.9784557169028003
469,0.25,0.7374494116312497,0.965807143573862
470,0.25,0.7406682440673189,0.9902493752118025
471,0.25,0.7504523661960634,1.0379692618080165
472,0.25,0.7416258245675191,0.9809262039790463
473,0.25,0.709680722513332,0.9888392399225013
474,0.25,0.7436818693603175,0.9866006448914999
475,0.25,0.7440155709742018,1.0120014874933905
476,0.25,0.7090911472847837,0.9650299303063884
477,0.25,0.7438858677563868,0.9893841287802013
478,0.25,0.7481570449479402,0.9936145333679509
479,0.25,0.6909445768715575,0.9280399548301939
480,0.25,0.7393485425982969,0.9724028087020027
481,0.25,0.7451595894011543,0.9883153813984862
482,0.25,0.7417874113348909,0.9794281519500584
483,0.25,0.7448090293565803,0.9872996347633863
484,0.25,0.7439740431843477,0.9716820044902412
485,0.25,0.7358034073402349,0.9748107472775812
486,0.25,0.7461989442778691,1.0100414961404156
487,0.25,0.741425867586856,0.9715328715588568
488,0.25,0.7418176208376307,0.9883609568656149
489,0.25,0.7423594835716253,0.9917163873327484
490,0.25,0.7115351896749104,0.9831897235412
491,0.25,0.7407694781889917,0.9683148672591902
492,0.25,0.668244349928634,0.9480312936632209
493,0.25,0.7448806961265384,1.0142101891401063
494,0.25,0.743785838464645,0.9830048712301068
495,0.25,0.7402253734758372,0.9700843541564496
496,0.25,0.7427521089367726,0.984341639732015
497,0.25,0.7446116782210512,0.9983126782206678
498,0.25,0.7354292708042124,0.9733055142058485
499,0.25,0.741521952318757,0.9812862411176261
500,0.25,0.710219894082426,0.9399592944089612
1,0.3,0.7376100509991426,0.9719877664306198
2,0.3,0.7462478759158929,0.9643446752151268
3,0.3,0.7491841337814523,1.025231233869027
4,0.3,0.7398969341176781,0.9482384543417036
5,0.3,0.7437732092701889,1.01105777426925
6,0.3,0.7460197009120048,0.9969382510808978
7,0.3,0.7414092660444698,0.944735597325979
8,0.3,0.7436489035673024,0.9832947221699904
9,0.3,0.740803281655004,0.9603749598981984
10,0.3,0.7527150382986234,1.0496629134087705
11,0.3,0.7442246498387501,0.999396809739691
12,0.3,0.7496227794933021,1.012827681105342
13,0.3,0.7428123305083081,0.9603787231662823
14,0.3,0.7448485921426539,0.9734718661730636
15,0.3,0.7478632733723881,1.0167708088913656
16,0.3,0.7398608649447727,0.9589117812765805
17,0.3,0.7464347444287456,0.9889207702038421
18,0.3,0.7316790508544034,0.9602173125176843
19,0.3,0.7403125351154756,0.9806421278086987
20,0.3,0.7438551608175508,0.9953972788798413
21,0.3,0.7434406249898178,0.9679524360323997
22,0.3,0.7089634016416763,0.9609466740883146
23,0.3,0.741964785897385,0.9627909633537618
24,0.3,0.7387749031622294,0.9714165891079847
25,0.3,0.7487036634713459,0.9964209499645291
26,0.3,0.7436309036471966,1.0009847783383656
27,0.3,0.7458239931650403,0.9685302977403296
28,0.3,0.7447665750179446,0.9768166967812437
29,0.3,0.7449964148421109,1.0243318582028387
30,0.3,0.743714725534485,0.9860749464737593
31,0.3,0.7065024847473559,0.9719032933839689
32,0.3,0.7047919043540739,0.9404017853230348
33,0.3,0.7107823679095794,0.9711693744345449
34,0.3,0.7396132988650147,0.9814024241155394
35,0.3,0.7432763438771531,0.9325567293688568
36,0.3,0.7413803218840936,0.9418840429320058
37,0.3,0.740833227705611,0.964653218620253
38,0.3,0.7374140266323769,0.9631048554151831
39,0.3,0.7509331302274367,0.997503194397971
40,0.3,0.7040282057070257,0.9642135776492818
41,0.3,0.744763935248162,1.0290416276323027
42,0.3,0.7469784729275415,0.9848044092095491
43,0.3,0.7352580924723839,0.9681657643619408
44,0.3,0.70603729852751,0.9669172495743362
45,0.3,0.741412870834972,0.9746985253077275
46,0.3,0.7405836162703948,0.9650136229763847
47,0.3,0.7458812080768665,0.9942251781587536
48,0.3,0.7449670296503329,1.010172423155457
49,0.3,0.7410481141913245,0.9655357944349146
50,0.3,0.7464316193060265,1.03330202401326
51,0.3,0.7443697804797063,0.9809116846728431
52,0.3,0.7443890523068157,0.9727425667214191
53,0.3,0.7359697794954778,0.9664777576660035
54,0.3,0.7402614682934153,0.98324072276775
55,0.3,0.7474671547587153,1.0051191326534301
56,0.3,0.7453244419634478,0.9996550521197428
57,0.3,0.7330517483660003,0.9799795994931512
58,0.3,0.7446498558720231,0.9606064124346423
59,0.3,0.7472670189627499,1.0287553016383606
60,0.3,0.7436218958860048,0.9584767601137928
61,0.3,0.7006260327413433,0.9527506912881998
62,0.3,0.7459110469576499,0.9956729744433561
63,0.3,0.7357226058237738,0.9593321413172945
64,0.3,0.7390782395649442,0.951916123874992
65,0.3,0.741952470483394,0.9695668821434879
66,0.3,0.7107659103692567,0.9595986155495821
67,0.3,0.7452989428394707,0.9580109042944905
68,0.3,0.7421950920532244,0.9685378987438231
69,0.3,0.7448560786992957,0.9933042032963745
70,0.3,0.7447094709433049,0.9966801140375058
71,0.3,0.7444410393665045,0.9924484229330088
72,0.3,0.7403974620396854,0.9998890736209421
73,0.3,0.7094695326035886,0.9640108957619896
74,0.3,0.7398750088871168,0.9812175112885712
75,0.3,0.7450159630270141,0.9606662594208422
76,0.3,0.7397042445382835,0.9859656031161476
77,0.3,0.7114111131885524,0.9840081749631824
78,0.3,0.6946236249341242,0.9343521831798315
79,0.3,0.7422786234722581,0.9729951603277204
80,0.3,0.7394631110071623,0.9919470662131746
81,0.3,0.7344015647455201,0.9761991672309418
82,0.3,0.7424564589251443,0.9640235169839989
83,0.3,0.7449779483945185,0.980412403442417
84,0.3,0.7470331951593744,0.9726074713175465
85,0.3,0.7446216142119784,0.9697376377363658
86,0.3,0.7399124285363862,0.9375215727078837
87,0.3,0.7515732294415488,1.0490469634296937
88,0.3,0.7476263130185637,0.9931877328160731
89,0.3,0.756228415140748,1.000547348726407
90,0.3,0.7049045779753434,0.9545274758474144
91,0.3,0.7440140092093672,0.9742530218413065
92,0.3,0.7429398888772613,0.9986549848627554
93,0.3,0.7385350137938482,0.9650500637064836
94,0.3,0.7421784182478716,0.9506913671445039
95,0.3,0.7418238096929946,0.970777734592805
96,0.3,0.7410569029247882,1.0071549992211462
97,0.3,0.7409473094543304,0.9753789151073688
98,0.3,0.7407773875756056,0.9863653323600229
99,0.3,0.7460513684649386,0.9710430497342885
100,0.3,0.7437820125832171,0.9829048082034075
101,0.3,0.742504865398376,0.9826652471619239
102,0.3,0.745728116139558,1.0016488203688545
103,0.3,0.7380039381625171,0.9735376749982582
104,0.3,0.7431072547765741,0.9830074666352664
105,0.3,0.7521252926727555,1.0343235710339365
106,0.3,0.745875486028052,0.975465934228183
107,0.3,0.7422313412023419,0.9686368551118683
108,0.3,0.7408160276297012,0.9563234396245199
109,0.3,0.7453586719722156,0.996451010507863
110,0.3,0.746638595238774,0.9690771970305039
111,0.3,0.7492289355576872,0.9936084119886248
112,0.3,0.7414888363064467,0.9825657982961452
113,0.3,0.7438506548418341,1.0059117354632774
114,0.3,0.7056680979220854,0.944047761766862
115,0.3,0.7424722770701996,0.9894646574427906
116,0.3,0.7473000235848827,0.9761568776773201
117,0.3,0.7091688194592852,0.9554147850564774
118,0.3,0.7442002311282122,1.008598866711134
119,0.3,0.7411031678713218,0.9705718284505737
120,0.3,0.7464869402549421,0.9942245870500084
121,0.3,0.7459484727620624,0.9769750268096554
122,0.3,0.7420636554225792,0.9706295181093927
123,0.3,0.7420123820213818,0.9900433397932182
124,0.3,0.7392310807120162,0.9680434983474169
125,0.3,0.7093474898342645,0.9474428159376973
126,0.3,0.7348415440725868,0.9531742655292618
127,0.3,0.742804508955504,0.9628847837290864
128,0.3,0.7112152894216547,0.9467245416673615
129,0.3,0.7405473156853104,0.989750969991266
130,0.3,0.6978666253254502,0.9285389323979817
131,0.3,0.7427805810798621,0.9931814609485654
132,0.3,0.7430111562952414,0.9935866420893327
133,0.3,0.7441940235309586,0.985949480123041
134,0.3,0.709690554256032,0.9620490195332988
135,0.3,0.7423659906086104,0.9784070418466821
136,0.3,0.7429913650957063,0.986755867947933
137,0.3,0.7100786550005486,0.9473666100633602
138,0.3,0.745960323065386,1.0166877390572404
139,0.3,0.7428570483599043,1.0100292520433127
140,0.3,0.7383624717063201,0.9879902242171917
141,0.3,0.7433523869695093,0.9975750654676921
142,0.3,0.7392644091288253,0.9671706804664746
143,0.3,0.7440154278336548,0.9994109051756388
144,0.3,0.7451767588797924,1.0260504610419472
145,0.3,0.7026289044267306,0.9728209899475447
146,0.3,0.7457468365516281,0.9954022256625995
147,0.3,0.7397645856418609,0.9530557725432034
148,0.3,0.7470790206801082,1.0458834768676688
149,0.3,0.6966749218937743,0.9647329837393712
150,0.3,0.7403509542836982,0.9703809009940739
151,0.3,0.7445617555048859,0.9846139808621904
152,0.3,0.739242168869879,0.9730628998827026
153,0.3,0.6988310243747882,0.9514562156072833
154,0.3,0.747437790158597,1.0075668194999776
155,0.3,0.7398589336618145,0.9899123906399722
156,0.3,0.6843620709311377,0.9326326117226493
157,0.3,0.7396862845370077,0.9810191650540853
158,0.3,0.74339498028053,0.9678304165081341
159,0.3,0.7429285417711776,0.9951541774105498
160,0.3,0.743947426828838,1.023867814634897
161,0.3,0.6393530525769727,0.9272814467008952
162,0.3,0.7429413985795288,0.9840875255996805
163,0.3,0.7425492704450732,0.9639357327227802
164,0.3,0.7455250067627122,0.9700467447603356
165,0.3,0.7339524235267352,0.9191091616926991
166,0.3,0.7445892169476824,0.9653451764507734
167,0.3,0.7490713238716281,1.0409269940821637
168,0.3,0.7433623823158796,1.0069195947003609
169,0.3,0.711267022138461,0.9588011700455675
170,0.3,0.7396754104125176,0.9768477207531705
171,0.3,0.7431783366120382,0.9868979759251754
172,0.3,0.7372291005504908,0.9654928410006666
173,0.3,0.6883793901704675,0.954280216777523
174,0.3,0.7454569770990079,0.9945750133983736
175,0.3,0.7388392361815566,0.966031756313018
176,0.3,0.7427068580438815,0.9831954670100266
177,0.3,0.7466611698718679,1.0225253802250922
178,0.3,0.7399729056887445,0.9896655909324896
179,0.3,0.7404281880454985,0.9576285935013027
180,0.3,0.705217502772941,0.9436060579077532
181,0.3,0.7453212582195495,0.9932074280233336
182,0.3,0.7459988218183421,0.9993436857330349
183,0.3,0.743492876389762,0.9813993358550563
184,0.3,0.7063045772418421,0.9417905805494862
185,0.3,0.7442463641237325,0.9733265854185217
186,0.3,0.7404984232612977,0.9746078997986755
187,0.3,0.749780169168415,1.022188297007354
188,0.3,0.7429067565756705,1.004294871029232
189,0.3,0.7430855412792813,0.9931082117020381
190,0.3,0.7422580211431198,1.0093299598089984
191,0.3,0.7110384445534365,0.9934092792888619
192,0.3,0.7471063932680927,1.0100981206799913
193,0.3,0.7094968535173608,0.9665858649780275
194,0.3,0.739458418196298,0.9703385885534088
195,0.3,0.7100285940406303,0.9580220489421333
196,0.3,0.7443675940144397,0.9788819499029675
197,0.3,0.7429444223759094,1.001866492191732
198,0.3,0.7475139517117114,1.0068321409799212
199,0.3,0.7430590099849036,0.9937428383939015
200,0.3,0.7395240233194552,0.9838814602534687
201,0.3,0.7112456416015587,0.9555795167724713
202,0.3,0.7420135682694292,0.9499001434953729
203,0.3,0.739326850371262,0.9805785313715276
204,0.3,0.650799803543658,0.9305380553121634
205,0.3,0.7331706455024848,0.9420272869670845
206,0.3,0.7410069555641422,0.9547018383038828
207,0.3,0.7429155289259053,0.9752447328519417
208,0.3,0.7378905022646299,0.9602151906210582
209,0.3,0.7111349362598698,0.9584283046045592
210,0.3,0.7433025644728269,0.9842740027999436
211,0.3,0.7423421739875157,0.9742386324442772
212,0.3,0.7056612212822344,0.9870904336477857
213,0.3,0.7433053892938347,0.9841942735273261
214,0.3,0.742610223958924,0.9857944803351779
215,0.3,0.7397710279311037,0.9692027245282334
216,0.3,0.7422230636916315,0.9641657747628458
217,0.3,0.7449046945902291,0.96396430498362
218,0.3,0.7412886082430316,0.9670541511277738
219,0.3,0.7461264028556893,1.007213733121416
220,0.3,0.7463641492880765,1.0014580876965893
221,0.3,0.742272682954209,1.0049780949011344
222,0.3,0.7107236425811357,0.9458553824989946
223,0.3,0.7424542860715362,0.9879208218280773
224,0.3,0.7108687922793548,0.9719931643705036
225,0.3,0.7442359654979402,1.0094833082280925
226,0.3,0.740243441518559,0.9738399526100523
227,0.3,0.7432676044845358,0.9968759698313152
228,0.3,0.7437685229239756,0.9739206701255492
229,0.3,0.7397146111746958,0.9795463157876175
230,0.3,0.7096680262686139,0.978785067203123
231,0.3,0.7411173618597179,0.9595393718121833
232,0.3,0.7115623753558752,0.9642641952534994
233,0.3,0.7062658808152346,0.9465088642563392
234,0.3,0.6982293319088607,0.954741808211149
235,0.3,0.7105142622857765,0.9523841032244404
236,0.3,0.7445147706757362,0.9965836879901707
237,0.3,0.7444841779804982,1.001924924920008
238,0.3,0.6854345395273987,0.9463664956124062
239,0.3,0.7458252169920184,0.9864692672196673
240,0.3,0.7424171300436874,0.9832389964253008
241,0.3,0.741903520808128,0.9646671520921025
242,0.3,0.7432472911339719,0.9732672039116715
243,0.3,0.7432586105897404,0.9893147349941239
244,0.3,0.7451091508036459,0.9677197631429998
245,0.3,0.7403317570589564,0.9864638620981071
246,0.3,0.7404990019230481,0.973621249094234
247,0.3,0.7436544834134599,0.9980001266373393
248,0.3,0.7410297139966461,0.9881485957000491
249,0.3,0.74265036249512,0.9660170271867037
250,0.3,0.7427180710303197,0.970174917120507
251,0.3,0.748883223646907,0.9870321263867322
252,0.3,0.6841648741342601,0.9236225653799778
253,0.3,0.7419415749609815,0.9694993462612543
254,0.3,0.7414774183550291,0.9772972951888512
255,0.3,0.7493345668587453,1.013213676243874
256,0.3,0.7458892637384007,1.0213266957332814
257,0.3,0.7468389242351501,0.9987025315225061
258,0.3,0.7421519099629804,1.008158460028877
259,0.3,0.7446132315427634,1.000132175264322
260,0.3,0.742040981420605,0.974446253810776
261,0.3,0.7430323827185602,0.9877549305222193
262,0.3,0.7057763402092799,0.9330923930890139
263,0.3,0.7440389579312068,1.0163517419866572
264,0.3,0.700326737361078,0.971206930519022
265,0.3,0.7325328588506571,0.9595126199326699
266,0.3,0.7397494012673126,0.9685603964585539
267,0.3,0.7454543592558149,0.9740663404435356
268,0.3,0.7038434585532554,0.9508643186872315
269,0.3,0.7411078890642828,0.9764935851012982
270,0.3,0.7407330181108868,0.9803151330894537
271,0.3,0.6999309304890695,0.9703817739903308
272,0.3,0.7470097755987712,0.9974593780524917
273,0.3,0.7409167535629282,0.9735881066673124
274,0.3,0.6990668350512727,0.9579041586720544
275,0.3,0.7438405995644808,1.0196653650144198
276,0.3,0.7111727236188868,0.9586848771403471
277,0.3,0.7397376965186806,1.0052487946697308
278,0.3,0.7376806052337918,0.9614048101856925
279,0.3,0.7424508801226827,0.952210541973255
280,0.3,0.74436293225127,0.988291577783134
281,0.3,0.743224578790258,0.9961997094024527
282,0.3,0.7480987015962409,1.0199534432553996
283,0.3,0.7091377071091346,0.9333930789844557
284,0.3,0.7088257652504436,0.9867663455275899
285,0.3,0.7401621017752515,0.9859143680626103
286,0.3,0.7080309284722558,0.9901982953578242
287,0.3,0.7484859502081542,1.0125813565468411
288,0.3,0.7323980283925118,0.9447246772208929
289,0.3,0.7448666564520685,0.9838285296579435
290,0.3,0.7449195475892172,1.0094846248423366
291,0.3,0.7433402121240906,0.9872677892781212
292,0.3,0.7387626843422128,0.979638927286001
293,0.3,0.746390662550506,1.0051091250071253
294,0.3,0.741486352418214,0.9843301339964681
295,0.3,0.739549852609174,0.9484770797428265
296,0.3,0.7420870749530256,0.9480717549539366
297,0.3,0.7491290271835781,0.9763705692156976
298,0.3,0.743426477568668,1.0123771655826688
299,0.3,0.7458914316182,1.0208387612101395
300,0.3,0.7403750584254531,0.9635045606243975
301,0.3,0.7381204447432467,0.9646241181628865
302,0.3,0.7470096967275198,0.9970387673751464
303,0.3,0.7433279605445255,0.9637215406446373
304,0.3,0.740593974435519,0.9666714144883657
305,0.3,0.7046954364140522,0.9649590155945437
306,0.3,0.7103003500958545,0.9724293966597332
307,0.3,0.7381191812081224,0.967298500552886
308,0.3,0.7466738165131144,1.024552692830339
309,0.3,0.7437574283246133,1.0060183533156133
310,0.3,0.7404428465631775,0.9840204547499136
311,0.3,0.7462616797819945,0.9989076945574901
312,0.3,0.7411204124831376,0.992401896234766
313,0.3,0.7511924266970281,1.0043453877256434
314,0.3,0.7113049401068645,0.998238528379356
315,0.3,0.7410677140335749,0.9772516863616683
316,0.3,0.7109851709129854,0.9812256019905473
317,0.3,0.7407863738599292,0.9748264943697073
318,0.3,0.7423465460535307,0.9882720353388433
319,0.3,0.710892796864574,0.9739512741215909
320,0.3,0.7460611767369842,1.0152125785271575
321,0.3,0.7410642327971376,0.994636626615337
322,0.3,0.7115174845604171,0.9642385217849788
323,0.3,0.6930303100296694,0.9426527955053459
324,0.3,0.7002009392742851,0.9163795426618432
325,0.3,0.7418498062426493,0.9674198439953631
326,0.3,0.751035846200691,0.995618725838977
327,0.3,0.7429618553697572,0.9695319814009948
328,0.3,0.7401448872860588,0.9480113223493373
329,0.3,0.7494067881222259,1.004612002128346
330,0.3,0.7103032866341527,0.9624454739489416
331,0.3,0.7436994397962767,0.9876469140173507
332,0.3,0.7394817341029799,0.9587029190131445
333,0.3,0.7488542298440413,1.005746209838173
334,0.3,0.6847785844960493,0.9469551863626982
335,0.3,0.7413334554323733,0.9712522912546363
336,0.3,0.7109634755815757,0.9712268257383719
337,0.3,0.743610247172033,0.970545263183361
338,0.3,0.7343517356062335,0.9440496830327197
339,0.3,0.742824821392634,0.98628282583806
340,0.3,0.7464149163888453,0.9995066499365791
341,0.3,0.7443242453132637,1.015119138459129
342,0.3,0.7428586150472035,0.974634935949054
343,0.3,0.7412792654123349,0.9622334313176896
344,0.3,0.7442384967791059,0.9704281417964918
345,0.3,0.7431935232645865,0.9851213742616608
346,0.3,0.7406404114429163,0.980497447796833
347,0.3,0.7380266416687604,0.9635455423962794
348,0.3,0.7373729106795616,0.989146983067558
349,0.3,0.7082766929170959,0.9537969379062864
350,0.3,0.7096316515622445,0.9471298940383066
351,0.3,0.7427054741044354,0.9805879306401859
352,0.3,0.7110143950367136,0.9794396576492335
353,0.3,0.7436566757806041,0.9662753558619008
354,0.3,0.74992419580123,1.0091911788480976
355,0.3,0.7471985552490447,1.0081800075981886
356,0.3,0.7481924488791689,0.9751689145688335
357,0.3,0.7399336787152171,0.9767705600764612
358,0.3,0.7491043754226351,1.0158244821344824
359,0.3,0.7453750903779557,0.9863440728461939
360,0.3,0.7427769302592747,0.96522163470835
361,0.3,0.7424680496092291,0.9728048825701867
362,0.3,0.7439309289695626,1.0117016372240506
363,0.3,0.710873358309486,0.9530789792977646
364,0.3,0.7473843773543414,1.016950886974207
365,0.3,0.7403688628710793,0.9526433999700992
366,0.3,0.7533579067770634,1.0242174885757231
367,0.3,0.7333575178826407,0.9796881974833663
368,0.3,0.7470319152188653,1.0017725553448487
369,0.3,0.742951327526261,0.9824982237719518
370,0.3,0.7467300571638268,1.0122783353908615
371,0.3,0.7413216439837736,0.9667116180348105
372,0.3,0.742179276572795,0.9694639076091315
373,0.3,0.7432652039399577,1.006584125719083
374,0.3,0.7114708354770192,0.9363756988341324
375,0.3,0.7420427191890747,1.0102847207164394
376,0.3,0.7395803520873792,0.9735446522683902
377,0.3,0.7461493944464244,1.032448108762416
378,0.3,0.711503702002397,0.97106020509996
379,0.3,0.7432117832036242,0.9830813700733811
380,0.3,0.7398969649263901,0.9888143344764835
381,0.3,0.7110613913126965,0.9821328926891675
382,0.3,0.7459961516269621,1.0162565173755194
383,0.3,0.7466125775843795,0.9776978463167152
384,0.3,0.7493304420660493,1.0209408264049984
385,0.3,0.7420456322844029,0.9562442058351857
386,0.3,0.7452676035370452,1.0384418219483755
387,0.3,0.7454598026815488,0.9868714014992683
388,0.3,0.7438710293328511,0.9739222206731
389,0.3,0.739197868024187,0.95909272270667
390,0.3,0.7423368532961043,0.9727181581231437
391,0.3,0.7402207022522214,0.9479876894128954
392,0.3,0.7439403057806804,1.0065038110073194
393,0.3,0.7107966720430192,0.9480656425156662
394,0.3,0.7412996401812095,0.9927434226159636
395,0.3,0.7387280558051355,0.9680383830907033
396,0.3,0.7463251380508191,0.9845835757506097
397,0.3,0.7443903836865082,1.0201760744288648
398,0.3,0.7421902500115061,0.9805779249969121
399,0.3,0.7421609256413917,0.98570844479401
400,0.3,0.7396126045763387,0.9782159498810318
401,0.3,0.7477324807471385,1.0006694448389315
402,0.3,0.7396913373543258,0.9534850097156955
403,0.3,0.7460158150522288,1.0137307336430634
404,0.3,0.7405383034238046,0.9805449940756573
405,0.3,0.7425720672127687,0.9697709967021276
406,0.3,0.7103631507391864,0.9923368158908569
407,0.3,0.7405443537700791,0.9541620213082915
408,0.3,0.7445933946964682,0.9735697306412988
409,0.3,0.7449551314850528,0.9863533115488061
410,0.3,0.744663426198287,0.9850457194313144
411,0.3,0.7371808621575962,0.9555543261821948
412,0.3,0.7345391594703132,0.9516650903445053
413,0.3,0.7411430660076351,0.9616377714845427
414,0.3,0.7461781521008397,0.982556983735395
415,0.3,0.7446644739934314,0.9817166300902762
416,0.3,0.7401711585357158,0.9747087212400115
417,0.3,0.7439555456206068,1.0114147123681734
418,0.3,0.7095786290097935,0.977545149707192
419,0.3,0.7442202796202417,1.0018949586487953
420,0.3,0.7429193321652716,0.9812937545130437
421,0.3,0.749195411808284,0.9893346075224018
422,0.3,0.7113571538030798,0.9565614664424197
423,0.3,0.7525832633697732,1.016977443471037
424,0.3,0.7075005004863542,0.9696738061680457
425,0.3,0.7452330197514603,0.9999229917594231
426,0.3,0.7405319182984399,0.9694842621683933
427,0.3,0.7462174200789056,0.9961465607277102
428,0.3,0.7421282594904369,0.9848896841681191
429,0.3,0.7394668503899304,0.9386650752558849
430,0.3,0.7423018866485313,0.976051529951573
431,0.3,0.7493578708172718,0.9896443185933627
432,0.3,0.7414147112920801,0.9677532195919031
433,0.3,0.747449863201625,1.0082937126956864
434,0.3,0.7436485202620225,0.9891842529402091
435,0.3,0.7460955016018604,0.9760632643587113
436,0.3,0.7429872175024695,1.0137046624662471
437,0.3,0.7522627048512386,0.9970421122057889
438,0.3,0.7450634345487706,0.9646661880569556
439,0.3,0.7404109725761725,0.9822043659162486
440,0.3,0.7419946187670314,0.9658639977827665
441,0.3,0.7424021817309189,0.9420566884934211
442,0.3,0.743551377828378,0.9633662980031694
443,0.3,0.742045767627201,0.960161468382263
444,0.3,0.744966979283633,0.9766957754387348
445,0.3,0.734691659690483,0.9566461000969221
446,0.3,0.740847903840208,0.9662383893228408
447,0.3,0.7400537627041125,0.9883390217935302
448,0.3,0.7439462702648985,1.0018798117469734
449,0.3,0.6864057086457938,0.9401635001127154
450,0.3,0.7440951216594558,0.9784170505441944
451,0.3,0.739296764660138,0.9977836014724819
452,0.3,0.7396844827997316,0.9705825298585192
453,0.3,0.7405562370371719,0.9469443200691915
454,0.3,0.7432104027494514,1.0003592589539732
455,0.3,0.7380455563689643,0.9692548402525524
456,0.3,0.7425926377385343,0.9816515063087836
457,0.3,0.7477596336787621,1.0084321978352697
458,0.3,0.7461304297275297,1.0312706686167883
459,0.3,0.7483483473983116,0.9840901158132689
460,0.3,0.7384339329852309,0.9619932951545845
461,0.3,0.7463397464585098,1.0183532422945618
462,0.3,0.6915502634699894,0.931835600130988
463,0.3,0.7444253014161324,0.9820400666798932
464,0.3,0.7406680937504844,0.9465747948167644
465,0.3,0.7434560951596373,0.9706129311702277
466,0.3,0.7403912468862962,0.994448799812686
467,0.3,0.7407782933701901,0.9936231029937627
468,0.3,0.7090313463922474,0.9496680019794641
469,0.3,0.739861612726504,0.9739409573446042
470,0.3,0.7415155228388166,1.0029582029581323
471,0.3,0.7504733193744181,1.0081776400416638
472,0.3,0.7413938833749968,0.9747251741833485
473,0.3,0.7454295315099002,0.9863770325395084
474,0.3,0.7438419008811094,0.9817823385537819
475,0.3,0.7109553680254285,0.9662788783380835
476,0.3,0.745530905579175,0.9817850537046238
477,0.3,0.7114066102200534,0.9556293060176453
478,0.3,0.7424230716075464,0.9860024338949577
479,0.3,0.7475222083730477,0.9825468645277966
480,0.3,0.6805583634299033,0.9607160545601795
481,0.3,0.7490765825499399,1.009735775566537
482,0.3,0.7506751977973471,1.0061231095186431
483,0.3,0.7375544049120193,0.9570698596088164
484,0.3,0.7425405287852197,1.0029934239929348
485,0.3,0.7413612959393803,0.9655423331309901
486,0.3,0.6934815493198493,0.9373117460504798
487,0.3,0.7436296899018804,0.9718394299337472
488,0.3,0.7435031127304049,0.9875800588690197
489,0.3,0.7412582423578722,0.997360413889932
490,0.3,0.742931103792402,0.9831947697166245
491,0.3,0.74510110587934,0.9930725085817005
492,0.3,0.739989105354354,0.950208795466507
493,0.3,0.7477016522337642,0.9863869765358095
494,0.3,0.7417882750261892,0.9464400548804959
495,0.3,0.7115815383481232,0.9695438236287708
496,0.3,0.7402910404776696,0.9705239115821557
497,0.3,0.7109453347367132,0.9478955772856719
498,0.3,0.7412674686032401,0.9662595019139775
499,0.3,0.7111153925766224,0.9661685816770416
500,0.3,0.7484127696921589,0.9983397138714666
1,0.35,0.7445445337027685,0.9973902426651249
2,0.35,0.7425484717067989,0.9807885173738145
3,0.35,0.7441041776618937,0.9838471644636597
4,0.35,0.7106239099884908,0.9874832435099301
5,0.35,0.7372508593213184,0.9561728883484936
6,0.35,0.7388453350279313,0.9646111482630624
7,0.35,0.7445945027571154,0.9867021286756615
8,0.35,0.7396305586535508,0.9670283769131967
9,0.35,0.7435139899296251,0.9711333682571199
10,0.35,0.7389582908961473,0.9750720264571151
11,0.35,0.7407563675771176,0.9555596769509838
12,0.35,0.743358048432353,0.949959931580057
13,0.35,0.7395328811503418,0.9722242636483955
14,0.35,0.7008088178810091,0.9456611391348639
15,0.35,0.7449882035915852,1.0301059771864824
16,0.35,0.7409193008762384,0.9840012781074233
17,0.35,0.7425225878466987,0.990784959230451
18,0.35,0.739726671727068,0.9789520704175384
19,0.35,0.739224720044319,0.9804920508551581
20,0.35,0.740870161194499,0.951413018861674
21,0.35,0.7418033272407136,0.9830078273096582
22,0.35,0.7408302245180335,0.9715328064898241
23,0.35,0.7085167854824304,0.9532381003792149
24,0.35,0.7492121517387798,0.9965104744871912
25,0.35,0.7439365901261856,1.0089757130173547
26,0.35,0.7411721490297382,0.9809849819360462
27,0.35,0.743887820663271,0.9824948214525955
28,0.35,0.7444194816376848,0.963923436182103
29,0.35,0.7098205900180358,0.9333832861818138
30,0.35,0.7451698705797514,0.9938151136214768
31,0.35,0.7410676949559234,0.9903795988412826
32,0.35,0.7109540559800058,0.960543351051024
33,0.35,0.7407143125112807,0.9639622341544761
34,0.35,0.6988195249566659,0.9309966924336157
35,0.35,0.7421088618575823,0.986468756455087
36,0.35,0.7408716601710622,0.9631473368791962
37,0.35,0.7394944719341698,0.9589554841204475
38,0.35,0.7428345087423602,0.9641873609772155
39,0.35,0.7432838482815168,0.9946954520852342
40,0.35,0.6777836797860678,0.9316408229502904
41,0.35,0.7390240879899977,0.9502297412912714
42,0.35,0.7434076707890666,0.9850012034527349
43,0.35,0.7401955036990613,0.9698474142509014
44,0.35,0.7391728058678061,0.9659670212542941
45,0.35,0.7498057302790642,1.01676464304921
46,0.35,0.7465532130204159,0.9939622621643296
47,0.35,0.74431434900102,0.9884382521287961
48,0.35,0.7455332139242302,1.0068160941917847
49,0.35,0.744749035628448,0.9704846643939846
50,0.35,0.7400261619052669,0.9704003933943517
51,0.35,0.7462238300495235,1.0114019986793505
52,0.35,0.7010479224668801,0.9695840111045516
53,0.35,0.7447617521915093,0.9844688170293224
54,0.35,0.7460255663908832,0.9948007744878309
55,0.35,0.7483443544359074,0.9870895137486654
56,0.35,0.7443973770790844,1.0143687620457427
57,0.35,0.7493310732260436,0.9850954363503398
58,0.35,0.7429823256250223,0.977887333007974
59,0.35,0.742526408519386,1.0059602344727312
60,0.35,0.7428834875425457,0.9832178312866781
61,0.35,0.6979890115260129,0.9425434988502621
62,0.35,0.7392594082022195,0.9894140415610341
63,0.35,0.7095230978655732,0.978922031179026
64,0.35,0.7411829217459506,0.9811602516061673
65,0.35,0.7489214449968241,1.0059205067294181
66,0.35,0.7421789788816783,0.9842192989182037
67,0.35,0.7423844547169767,1.0000904250342453
68,0.35,0.7408578873345201,0.9853293148735661
69,0.35,0.7469155477615418,1.0437317351894841
70,0.35,0.710054476954155,0.9361064495596684
71,0.35,0.7434518161598233,0.9794470935525296
72,0.35,0.7483317458035296,1.0181066097634361
73,0.35,0.7446119838984545,1.001781945473555
74,0.35,0.7470737265597209,1.0044073655837877
75,0.35,0.7051520384969188,0.9376943751192752
76,0.35,0.7461464815843103,0.9828099111527192
77,0.35,0.7518183572477085,0.995073773211753
78,0.35,0.742895724608233,0.9770551100636881
79,0.35,0.7447868080028234,0.9895921421135966
80,0.35,0.7409995071608724,0.9923708493091715
81,0.35,0.7439750956672323,0.9869975941529765
82,0.35,0.7450012615779515,1.0164000290346706
83,0.35,0.753097791940802,1.0133258357278965
84,0.35,0.7422573814731297,0.9883181526385524
85,0.35,0.7449295911368746,0.9597651292902666
86,0.35,0.7429680649463882,0.9615993983981443
87,0.35,0.7447155909814243,0.9728774156804698
88,0.35,0.6974550395722592,0.9802381867443415
89,0.35,0.7035458316958642,0.9343965980440351
90,0.35,0.7393180646855664,0.9852344047276356
91,0.35,0.7446331421196626,1.0150247194243718
92,0.35,0.7433601681351433,0.988823560429885
93,0.35,0.7433396628246446,0.9927228702327733
94,0.35,0.7437755848434435,0.972355421047313
95,0.35,0.7415097845372322,0.9535353863346241
96,0.35,0.7446865017288542,0.9938147803405734
97,0.35,0.7434997979195382,0.9747187371058118
98,0.35,0.744837930422075,0.987216652581623
99,0.35,0.7407520598138609,0.9703099493198599
100,0.35,0.7462059933275342,1.0134557030797409
101,0.35,0.7410802457336262,0.9950880631043661
102,0.35,0.7425099199156027,0.9657640834408812
103,0.35,0.7393879553833239,0.9834654548210509
104,0.35,0.7104902286094079,0.9276625811476936
105,0.35,0.7418916864129819,0.9797889863269609
106,0.35,0.7433926550221117,0.9578222665329562
107,0.35,0.7399672520672657,0.9623095977607836
108,0.35,0.7442849863305975,0.9949720976655996
109,0.35,0.743123779685193,0.9783023632208995
110,0.35,0.6885991785363098,0.9727805415415746
111,0.35,0.7110714631817908,0.9411431418340006
112,0.35,0.7328673718165519,0.969018338464559
113,0.35,0.7420153301537936,0.9732076695776751
114,0.35,0.7384544904546789,0.9662785586181107
115,0.35,0.7096985568442022,0.9150843135964878
116,0.35,0.7435428270876705,0.9899435167726472
117,0.35,0.7488522808150755,0.999926403341849
118,0.35,0.7059213649987045,0.9222303464072258
119,0.35,0.7457489808966702,1.0205900451325294
120,0.35,0.741316722788641,0.9616498775113826
121,0.35,0.7416023221362978,0.9797835708723125
122,0.35,0.745920615587056,0.9771215357062915
123,0.35,0.7451458697755141,1.0087697903854733
124,0.35,0.7434825195211674,0.9911250513395307
125,0.35,0.7434911590694643,0.9799880119539115
126,0.35,0.7426131219648349,0.9625193306434325
127,0.35,0.746049129787103,0.9829930010443262
128,0.35,0.7395823587324879,0.9878914069878199
129,0.35,0.745917345537835,0.9852076602214459
130,0.35,0.7488105874434757,1.0182238538756652
131,0.35,0.7418331701428351,0.9718556740708882
132,0.35,0.7393763698991962,0.9397770725982365
133,0.35,0.6719090190362638,0.9427485744310252
134,0.35,0.7110819504979115,0.9724735388012421
135,0.35,0.7064020559385467,0.9620875078180359
136,0.35,0.7415895716693387,0.9802866830214697
137,0.35,0.7424904926453644,0.9859373391657257
138,0.35,0.7451977683584957,0.9844900571565747
139,0.35,0.6925772113770423,0.9258225056125813
140,0.35,0.7442783331103187,0.9757809481312611
141,0.35,0.7376885862810556,0.9553591351659189
142,0.35,0.7428851460072338,0.9748731553653749
143,0.35,0.7397134037845242,0.9639232232070953
144,0.35,0.7417511783425554,1.0043019312265955
145,0.35,0.7422683374301788,0.9770802556014567
146,0.35,0.7439517402305401,0.9988223183956806
147,0.35,0.7408831200122085,0.9661754669852839
148,0.35,0.7389132607118685,0.9847711222933881
149,0.35,0.7464151244443351,0.9895318351161404
150,0.35,0.7436172373810712,0.9791986145370599
151,0.35,0.7453449664319953,0.999711431644626
152,0.35,0.7482876011697728,0.9957413664081952
153,0.35,0.7416783522670343,0.9887276864178817
154,0.35,0.7480864808037867,1.0064254266888568
155,0.35,0.7509424022771839,0.9969522117470274
156,0.35,0.7414069231007558,0.9845473917331063
157,0.35,0.741001355017927,0.9637922777863553
158,0.35,0.7400341529367533,0.9851686824057878
159,0.35,0.7340697589639998,0.9630085430157641
160,0.35,0.7112719451214726,0.9744143926291904
161,0.35,0.7434789382972952,0.9793443824563465
162,0.35,0.711316949062764,0.9339604674040609
163,0.35,0.736478663922606,0.9709582463248192
164,0.35,0.7424640738378127,0.9795925821674208
165,0.35,0.7464211103949577,0.9656343423682009
166,0.35,0.7105303098934046,0.9609058319948697
167,0.35,0.7444045657254964,0.9913988876726467
168,0.35,0.7442361203590417,1.0044448344187407
169,0.35,0.7504166189315317,1.057962474819087
170,0.35,0.7115463017685923,0.9602306683075803
171,0.35,0.7458112897586198,1.0005927444978968
172,0.35,0.7475538579600082,1.0452579835105917
173,0.35,0.7421004869820069,0.976855374200517
174,0.35,0.7402544289901516,0.9499539014511387
175,0.35,0.7469827197026269,1.0223792883944387
176,0.35,0.741397663049112,0.945291120618752
177,0.35,0.7415716615600202,1.0041987911557748
178,0.35,0.7359250298774096,0.9704253971207957
179,0.35,0.7382831303445481,0.9654381722524106
180,0.35,0.7010281779035609,0.9502351897522215
181,0.35,0.7421653266439867,0.9822217056214341
182,0.35,0.7452433421036371,1.0269991465721586
183,0.35,0.7413194176225271,1.0003889824314829
184,0.35,0.7410063932120446,0.971906681215265
185,0.35,0.7401199172557344,0.9771285961505503
186,0.35,0.740277441436694,0.9860156113890861
187,0.35,0.7400957044241386,0.9896069131191401
188,0.35,0.7363828721346165,0.9179287397767417
189,0.35,0.7453895989772644,0.9773632257157758
190,0.35,0.7414480691805757,0.9628535130720185
191,0.35,0.7395987292334264,0.9669203096026996
192,0.35,0.7410603464666246,0.9687166385231121
193,0.35,0.7055783561720452,0.9620830149319958
194,0.35,0.7520483127835462,1.0065475713778775
195,0.35,0.7459863935600631,0.9981508654710901
196,0.35,0.74037415835617,0.9851356356758234
197,0.35,0.7504021829165113,1.0170021678460366
198,0.35,0.7436851982051176,1.0014150907532646
199,0.35,0.7418217997145654,0.99055738694969
200,0.35,0.7484692544792828,0.950307281776109
201,0.35,0.7401564668575045,0.985173163131153
202,0.35,0.7502029282744681,1.0125335788017304
203,0.35,0.7434368522032555,0.9786911818404704
204,0.35,0.674901092557892,0.9027734821976755
205,0.35,0.7438599532388017,0.9922627171675454
206,0.35,0.7425065252140194,0.9717648668964894
207,0.35,0.7399512955469338,0.976460205689849
208,0.35,0.7437928859880557,0.9915536422692826
209,0.35,0.7402233131844899,0.9878622452589275
210,0.35,0.7409853713194646,0.9746044300747565
211,0.35,0.7477366107966329,1.0259225329855413
212,0.35,0.7494676885836885,1.021399091967467
213,0.35,0.7411860989624536,0.958558280603433
214,0.35,0.7432071422991664,0.9973205833460606
215,0.35,0.7455646860349951,1.003508336061031
216,0.35,0.7374450151533242,0.9568729354616662
217,0.35,0.7475018097159828,0.9952098724833142
218,0.35,0.6952299507360558,0.9201368573275608
219,0.35,0.7438288388656228,0.9897597129749562
220,0.35,0.7327497154406821,0.9507903306121525
221,0.35,0.7414425901207906,0.9772562438222752
222,0.35,0.739865691076771,0.97363464156668
223,0.35,0.71155735032699,0.9945875390093755
224,0.35,0.7103611426918197,0.9623149845724591
225,0.35,0.747041708508469,0.9967525221203051
226,0.35,0.6963955344360895,0.9435414658574025
227,0.35,0.74341471816263,0.9761885750022186
228,0.35,0.7103707886601677,0.970834125218191
229,0.35,0.7420161678773661,0.9736517624424379
230,0.35,0.7425102941101324,0.9757038334166386
231,0.35,0.7473497099075069,1.0111100970994646
232,0.35,0.7498143733197743,1.0472590098466275
233,0.35,0.7485329554947948,1.0242135919417126
234,0.35,0.7480651143341828,1.023075302020515
235,0.35,0.7109867856322755,0.9662717792365331
236,0.35,0.7446450470722052,0.9798807710144132
237,0.35,0.7077480236451252,0.9489467285551715
238,0.35,0.7444121024903196,0.9778779325742513
239,0.35,0.7432856917493554,0.9795647056135514
240,0.35,0.7324061526870738,0.9414451092418562
241,0.35,0.7438347689105528,1.01079799028078
242,0.35,0.6925041458230232,0.9669387766643921
243,0.35,0.7403777738831093,0.9620090896460289
244,0.35,0.7419950315162986,1.004734614471133
245,0.35,0.746098012804665,0.9939509647389514
246,0.35,0.743667284479041,0.9790309679129393
247,0.35,0.7436286368774658,1.0135901345339822
248,0.35,0.7466924228723929,1.00447974368191
249,0.35,0.7434938777950542,1.0235274819709554
250,0.35,0.7435059359191482,1.0198655660792393
251,0.35,0.6976824558589966,0.9676532934714835
252,0.35,0.742022126091714,1.0014262955852895
253,0.35,0.7462330903822118,1.0355531903554964
254,0.35,0.7434916327362291,0.9882609376598398
255,0.35,0.74114449111738,0.934701496421074
256,0.35,0.7406898532980952,0.9742171870516855
257,0.35,0.7103046415859516,0.9795398085146638
258,0.35,0.7449468868435233,0.9945667792834698
259,0.35,0.7437353027165776,1.0120385132024003
260,0.35,0.7423832506560752,0.988841709508467
261,0.35,0.7401267611566202,0.9832153226747816
262,0.35,0.7496393418121062,1.0227959906717905
263,0.35,0.7427383378192842,0.9836199868637358
264,0.35,0.7414851732823899,0.964313235327991
265,0.35,0.7426546638173385,0.9769552884884711
266,0.35,0.743699137000914,0.9892421554588767
267,0.35,0.7402767511480538,0.9912509278790973
268,0.35,0.7419181090476716,0.9716434697250481
269,0.35,0.7410631208195527,0.9827478943329099
270,0.35,0.7417099890743188,0.9910165409205122
271,0.35,0.7440560062089057,0.9792679120595764
272,0.35,0.7415892561897176,1.0010726778319081
273,0.35,0.7115220213771589,0.9542804183322895
274,0.35,0.7474802170250223,1.0265327986022603
275,0.35,0.7409489881985658,0.9668629296694968
276,0.35,0.7442831164987334,1.0086020037704178
277,0.35,0.710962588525166,0.9370453681185734
278,0.35,0.7416278366687178,0.9826566224782732
279,0.35,0.7440410468120815,1.0102576337369094
280,0.35,0.7452728894800351,0.9900651480965926
281,0.35,0.7473969547526412,0.9905986859057212
282,0.35,0.6970637611169801,0.9475778624709652
283,0.35,0.7484464264244781,1.0216730253942097
284,0.35,0.7397892780674579,0.9481962060951261
285,0.35,0.7427975966702411,0.9877069036965761
286,0.35,0.7418157529460568,1.0174041890934973
287,0.35,0.7095745672883349,0.9649816124584892
288,0.35,0.7316297404137259,0.9528543903739529
289,0.35,0.7430686575618316,0.9895759772186997
290,0.35,0.7459846843619006,0.9899768106287058
291,0.35,0.7438421919514,1.0099025781677955
292,0.35,0.7486874404804392,1.004350752109948
293,0.35,0.7496672738792884,1.0340095093361068
294,0.35,0.7432978793701506,0.9908496388367087
295,0.35,0.7435118098804061,1.0103335829040638
296,0.35,0.7463496152928926,1.0323291783580404
297,0.35,0.6953073918078971,0.961110451342038
298,0.35,0.7441126600676073,0.9595288102557501
299,0.35,0.7496080425677951,0.9904807350464652
300,0.35,0.7402304598363905,0.9872577996935468
301,0.35,0.745193497148902,1.0055641558546515
302,0.35,0.7081464555803667,0.9558165280106489
303,0.35,0.7416863631170331,1.0020164583097648
304,0.35,0.735024733422985,0.973167026273473
305,0.35,0.7410372314981983,0.9785142434461371
306,0.35,0.7457007497682637,1.0137538469831642
307,0.35,0.7114877484659768,0.914704649566256
308,0.35,0.7468577664299351,1.0073186794066025
309,0.35,0.7418648630163278,0.9954795921706442
310,0.35,0.7472286747898464,0.9960185587202361
311,0.35,0.7355199279101006,0.9456539044873258
312,0.35,0.7397270119216097,0.9348388955496503
313,0.35,0.7444487133864927,0.9811789429991665
314,0.35,0.7474994214812563,1.0256860836251849
315,0.35,0.7401039529694445,0.9721317744304147
316,0.35,0.7450681121470367,1.0285751401376781
317,0.35,0.7391153018879676,0.9684620128822167
318,0.35,0.7448106198821361,1.0177990605079466
319,0.35,0.7447398244252122,0.981407968281911
320,0.35,0.7445942333500744,1.011323729786919
321,0.35,0.7501059760696374,1.0319329589516038
322,0.35,0.6798742823265846,0.9315555970104435
323,0.35,0.6960651188589203,0.9448021329066765
324,0.35,0.7397154638535667,1.0096420328889117
325,0.35,0.7419281353923134,0.9666475432056395
326,0.35,0.7048780719733859,0.9526349824625674
327,0.35,0.7419476719544279,1.0077427586753223
328,0.35,0.7428359299995174,0.9972371135611147
329,0.35,0.7409796478119133,0.9720952313284135
330,0.35,0.7492235966332265,0.9859402384195803
331,0.35,0.6682906363400098,0.9335799849820297
332,0.35,0.7481983075890379,1.0046145255834156
333,0.35,0.7352857617326791,0.9565979454147434
334,0.35,0.70388382444053,0.9402159457069752
335,0.35,0.7073621790388424,0.9373933039934358
336,0.35,0.7455611760150053,0.998585700496378
337,0.35,0.7395527292669464,0.9775632995945585
338,0.35,0.7112514300317078,0.9409798605649364
339,0.35,0.7410375189417823,0.9499825058387995
340,0.35,0.7417510575944654,0.9754477686804915
341,0.35,0.7427392925743909,0.9884443779629518
342,0.35,0.740547967501153,0.9659350561139869
343,0.35,0.7402483595739187,0.9917588173275035
344,0.35,0.6991932305016337,0.9460850768946097
345,0.35,0.7460796566822335,0.9949458598346066
346,0.35,0.7077983928976087,0.9752759430173504
347,0.35,0.7490191395878826,0.9489416965803363
348,0.35,0.739479478167958,0.9489400531476516
349,0.35,0.7417303840301788,0.9906670791436981
350,0.35,0.7447374915064312,1.0096641505947903
351,0.35,0.7109487390263262,0.9454105533330559
352,0.35,0.7353570974236001,0.9536104567014907
353,0.35,0.7408537000547539,1.011743510017982
354,0.35,0.7473459502815823,1.0258652477834962
355,0.35,0.7455429694446821,0.9998071429037468
356,0.35,0.7396349032205856,0.9445400947932063
357,0.35,0.7452410969738607,1.0095951795584668
358,0.35,0.7115084079915205,0.9601350152323185
359,0.35,0.7410780072887303,0.9696038638548622
360,0.35,0.7430257089414348,0.9875394054930184
361,0.35,0.7435049998499094,1.0153630930410837
362,0.35,0.7469708010732087,0.9809790348161795
363,0.35,0.7410809107002071,0.9932531265967519
364,0.35,0.7433231395199984,0.9953524050225137
365,0.35,0.7434492134047755,1.0073379182395983
366,0.35,0.7452084877064651,0.9879654797307974
367,0.35,0.7112623754585066,0.9696901310300039
368,0.35,0.7424348914823385,0.9766304378504207
369,0.35,0.7422310800502767,0.9798317198298717
370,0.35,0.7429331279521978,0.9562762913187857
371,0.35,0.7500479808859892,1.0366478025769688
372,0.35,0.7318031883757136,0.9489473304124013
373,0.35,0.7335871403572137,0.9541134325205897
374,0.35,0.7397409536957209,0.9474055376540921
375,0.35,0.7437685439016423,0.9993584683685576
376,0.35,0.7439150166054492,1.0025992388223228
377,0.35,0.7417204751073803,0.9302123526426296
378,0.35,0.7355887243846664,0.9806870586490269
379,0.35,0.7473555105736761,1.0083348461478752
380,0.35,0.7404049715270971,0.9750676181437258
381,0.35,0.7401454882783148,0.9596112920995369
382,0.35,0.7411931860903755,0.9719985333274863
383,0.35,0.7431708639724929,0.9833260395041247
384,0.35,0.7374137796471266,0.9480004512033909
385,0.35,0.7422417293294377,0.9653875057241915
386,0.35,0.7452784452450898,0.9858206317644916
387,0.35,0.7436960342912102,1.022141139907695
388,0.35,0.7456354166402711,0.971808458701664
389,0.35,0.7420415312729299,0.9785480863049254
390,0.35,0.7421448681168579,0.9791925340293681
391,0.35,0.7449528952445554,1.00106962429546
392,0.35,0.7435067205745326,0.9838007945425477
393,0.35,0.7453380760510288,1.0297222435714308
394,0.35,0.7482337116712878,1.0011428066992
395,0.35,0.7412900679341998,0.9955886189452725
396,0.35,0.741612945019382,1.0063105996141832
397,0.35,0.7111437470998512,0.9641548111977281
398,0.35,0.7419651167182556,0.9958148130061774
399,0.35,0.7459188316907742,1.0002820710355114
400,0.35,0.7441683778685009,1.002208337544494
401,0.35,0.7364460848440948,0.963662062474273
402,0.35,0.7453198577137062,1.0029219866620531
403,0.35,0.7428289331880402,0.9819331777134822
404,0.35,0.7410864269049138,0.9774840888474426
405,0.35,0.7390864771001685,0.9610161003160601
406,0.35,0.7416411483124022,0.9856376303179999
407,0.35,0.7463384259265108,0.9931570648796121
408,0.35,0.7475982440336866,0.9931845329174421
409,0.35,0.7474327271246093,0.9781814669008291
410,0.35,0.7463082840113515,1.02796076105113
411,0.35,0.7499209422888591,1.0008901751644337
412,0.35,0.7410986570046254,0.9479828507570451
413,0.35,0.7433034810849015,0.9960848581902029
414,0.35,0.7435234794941182,0.9865884947341447
415,0.35,0.7423046329848285,0.969693742199982
416,0.35,0.7413916862100345,0.9689561248338197
417,0.35,0.7441567673332669,0.9817799140240097
418,0.35,0.7421729350088232,0.9830103061732912
419,0.35,0.7398323459144202,0.9595638778346379
420,0.35,0.7350293073311042,0.9529350851016831
421,0.35,0.7408850058577946,0.9613270542965893
422,0.35,0.7488768678875037,0.9930163118608948
423,0.35,0.7415232460605665,0.978127173146429
424,0.35,0.7434042960464887,0.952847782189372
425,0.35,0.7481715566513983,0.9834228770246475
426,0.35,0.7443997531929797,1.00190924093937
427,0.35,0.7488597293881997,0.9980184626698823
428,0.35,0.7428720058392999,0.9712954953141226
429,0.35,0.7426997320250126,0.9916156941446649
430,0.35,0.7446855466434895,1.003766294924179
431,0.35,0.7434232890546518,0.9784745748475432
432,0.35,0.7405911367096605,0.9752336190033959
433,0.35,0.740413945639848,0.9461550221229977
434,0.35,0.7445756537112015,0.9713355902650421
435,0.35,0.7419803575337084,0.9864837954658249
436,0.35,0.7438655660607327,0.9847478055899259
437,0.35,0.7416866767431767,0.976638842177199
438,0.35,0.744916686056507,0.9831053513523232
439,0.35,0.7034827103663579,0.9703460311835966
440,0.35,0.7434739724444605,0.983575421814963
441,0.35,0.7441221117128126,0.9921661938663883
442,0.35,0.7457507296705996,0.9835756601671005
443,0.35,0.7413672440429089,0.9821348516408643
444,0.35,0.746441190227204,1.005011972561361
445,0.35,0.7390265208739331,0.9614294923423506
446,0.35,0.7455788660869739,0.9779993970167883
447,0.35,0.7487208071513903,1.0057205252896564
448,0.35,0.7374238258051339,0.955419572925781
449,0.35,0.7410203325509201,0.9948141721395808
450,0.35,0.7055876067634318,0.9579213089335739
451,0.35,0.743356853766352,1.0070546251304577
452,0.35,0.7093200300886199,0.9648567198322328
453,0.35,0.7418680312905177,0.9769146981435558
454,0.35,0.7411557897344028,0.9912036478205696
455,0.35,0.7400034498338148,0.9732344255931155
456,0.35,0.7441481355521127,1.0087611706852322
457,0.35,0.7449418105087173,0.9915284104046229
458,0.35,0.7112824656757837,0.9811961776530687
459,0.35,0.7412603401391433,0.9736896779400118
460,0.35,0.7425269286731263,0.9665848322441933
461,0.35,0.7416005582782925,0.9812505823790338
462,0.35,0.7420890072353574,0.9972372012734437
463,0.35,0.7487938904326021,1.0463551775055437
464,0.35,0.743426845644252,1.0068364767270452
465,0.35,0.7425450084925271,0.9859961639186982
466,0.35,0.7422387634072681,1.0020282362072117
467,0.35,0.7438807379812227,0.9770436384367315
468,0.35,0.734589329729401,0.9817178727966965
469,0.35,0.7104068634782373,0.958297690970705
470,0.35,0.738393917860397,0.9735665262650116
471,0.35,0.740075542758924,0.9684785472506999
472,0.35,0.733170449206437,0.9698443040996877
473,0.35,0.7439537603097881,0.9870225255618554
474,0.35,0.6971073389111271,0.9419305103560306
475,0.35,0.7462746193770303,1.0155334172378114
476,0.35,0.7421355507221882,0.9783917175285441
477,0.35,0.7435105844880087,0.9894274565663204
478,0.35,0.7467076853468076,1.0199346685129134
479,0.35,0.7452996275351862,0.9907442368016978
480,0.35,0.7455137307182109,0.9756794101231462
481,0.35,0.7375708318602129,0.9803952584005519
482,0.35,0.6974915644144923,0.9515711114949169
483,0.35,0.7315018050891801,0.9557188841107562
484,0.35,0.7415324276163117,0.9950576974180844
485,0.35,0.7106694580898919,0.9752631837870881
486,0.35,0.7046270035950664,0.9412677050840459
487,0.35,0.711155686041981,0.9400733230760525
488,0.35,0.7437288871437004,0.9764394676445528
489,0.35,0.7020331779243146,0.927420191435983
490,0.35,0.7469995618664628,0.9963536948264585
491,0.35,0.7410853447800598,0.9962883692668693
492,0.35,0.7446191812083639,0.9993945770813267
493,0.35,0.7454682741335948,0.9843458585347342
494,0.35,0.7393733951944041,0.9629215442211033
495,0.35,0.7111436828499247,0.9889165545898256
496,0.35,0.7436129628903031,0.9886827241379856
497,0.35,0.7412882644639719,0.9533356572457806
498,0.35,0.6997373574554385,0.9538220432336214
499,0.35,0.7429520575504951,0.999522813018573
500,0.35,0.7469415192856114,1.0168334111670754
1,0.15,0.46999015988472737,0.928485359232214
2,0.15,0.4693289138734543,0.9266177255365263
3,0.15,0.46701921757774106,0.924673626379937
4,0.15,0.4688160734612745,0.9479485798108879
5,0.15,0.4671198992635706,0.9332613761695561
6,0.15,0.4684599486392607,0.957235074861382
7,0.15,0.46805182615030316,0.9278183384094665
8,0.15,0.46494630403932524,0.9379178942990644
9,0.15,0.4682017141061171,0.9284621554849611
10,0.15,0.4657914957028968,0.95407390333257
11,0.15,0.4676363695904198,0.8872303913073862
12,0.15,0.4653964902898386,0.9260306781511223
13,0.15,0.4694674381910465,0.929413612204479
14,0.15,0.46703568500021325,0.9383005985658828
15,0.15,0.4661768128788801,0.9254756934666908
16,0.15,0.4678847269280128,0.9264462484261701
17,0.15,0.4671382682697299,0.9228548170905981
18,0.15,0.4684848691879608,0.9443782267636498
19,0.15,0.4659223425085279,0.9274483604881643
20,0.15,0.47024411489749035,0.9515034201536292
21,0.15,0.466103355544091,0.9478449637521018
22,0.15,0.46483376705030816,0.9305828034307136
23,0.15,0.4643087593381286,0.9336419410591869
24,0.15,0.467794295052888,0.9406673363826895
25,0.15,0.46977735090299266,0.9307755727969264
26,0.15,0.4651533915069884,0.9449338808233797
27,0.15,0.4683027986907519,0.956756791359788
28,0.15,0.4677069682678183,0.9537751081331484
29,0.15,0.46701392730537356,0.9564654298227456
30,0.15,0.4678976241456359,0.9372053209753776
31,0.15,0.46808697653234355,0.9534384681255349
32,0.15,0.46896364957539016,0.935799910634912
33,0.15,0.4650780833676421,0.9519257564972364
34,0.15,0.4639219396793427,0.9367469333529974
35,0.15,0.4707703571101517,0.9547660262123034
36,0.15,0.468600949358825,0.9334488270230792
37,0.15,0.46454051120441375,0.9372212620565524
38,0.15,0.4659021651021178,0.9435013765663663
39,0.15,0.4686948496440379,0.9085490472999841
40,0.15,0.4673320515225798,0.956621885508748
41,0.15,0.46313659502403426,0.930405880415574
42,0.15,0.4639299731462621,0.9036946946921293
43,0.15,0.46838164191984577,0.9443028827043433
44,0.15,0.46616212646831395,0.9347747446210901
45,0.15,0.4633665747564036,0.907150993332703
46,0.15,0.46571209197720836,0.932750666528631
47,0.15,0.46643922493397544,0.9399891301790373
48,0.15,0.46478917162518646,0.914526423353982
49,0.15,0.4683001890072687,0.9515610909430214
50,0.15,0.4641633085586859,0.9422616085773085
51,0.15,0.46747669890471105,0.945896819947955
52,0.15,0.46372503867939113,0.9187717083772013
53,0.15,0.46610560668326523,0.9265940363327221
54,0.15,0.4687403032969028,0.9392448218858205
55,0.15,0.47069450201302027,0.967758183810016
56,0.15,0.4661920248321475,0.9353022264660487
57,0.15,0.47082683371230155,0.9571585323353157
58,0.15,0.4678314758770826,0.952868032779943
59,0.15,0.46631925983283135,0.9267617002049763
60,0.15,0.4674545797679267,0.9479595393258915
61,0.15,0.4695104348314086,0.9486913186449645
62,0.15,0.46915908476082097,0.93399850186318
63,0.15,0.4638987843807188,0.937135613234971
64,0.15,0.46889224041091626,0.9489539304987403
65,0.15,0.4716770120338433,0.9350877416597841
66,0.15,0.4674474202547144,0.9506135463009332
67,0.15,0.46270869186225194,0.9428383514546684
68,0.15,0.468013028089452,0.9461713932283763
69,0.15,0.4718710896443996,0.9618492474551604
70,0.15,0.46699140435728076,0.9507572825549613
71,0.15,0.4707029913067742,0.9501134024133845
72,0.15,0.47086562881037436,0.9253737055214084
73,0.15,0.4680009913114717,0.9190741965165361
74,0.15,0.4653079207223594,0.9352444784089228
75,0.15,0.4691998085943222,0.9106238041980588
76,0.15,0.46948842583747263,0.9386359233125794
77,0.15,0.46725162093180506,0.956027396972298
78,0.15,0.4666242185893053,0.9427434151131651
79,0.15,0.4681095785084238,0.939425188194081
80,0.15,0.4648154601832249,0.9361562006798281
81,0.15,0.4717386730491296,0.9447182102168193
82,0.15,0.46634061915374053,0.922351823642631
83,0.15,0.46863419987428867,0.9527638479458717
84,0.15,0.46490836592861523,0.9072830079342036
85,0.15,0.46656782958415194,0.9097210904403684
86,0.15,0.46990108696075683,0.945657112038347
87,0.15,0.4681975825764729,0.9111938694248445
88,0.15,0.4689399951018862,0.9486954860035535
89,0.15,0.4678004662075737,0.946164751612801
90,0.15,0.46466672137886633,0.9356986079124578
91,0.15,0.4718759388558789,0.9436152473801032
92,0.15,0.468014139433852,0.9289343076844506
93,0.15,0.46824866709597857,0.9198581764511523
94,0.15,0.46469843841791286,0.9093494844453627
95,0.15,0.4691931380532618,0.9283287392940334
96,0.15,0.46968613077119387,0.9429979566165729
97,0.15,0.46976098337500044,0.9504878711457073
98,0.15,0.46975009763146935,0.9481865008309607
99,0.15,0.4648521968174375,0.9499291738859936
100,0.15,0.463548308482174,0.9055276957811638
101,0.15,0.4653057967264182,0.9526136095934492
102,0.15,0.4676443145247168,0.9183032536452366
103,0.15,0.4926751938340356,0.9574318888823428
104,0.15,0.46731363024792644,0.9477916974153008
105,0.15,0.4701073996789407,0.9275376881489769
106,0.15,0.4660443275187827,0.9010012521697983
107,0.15,0.4665151413190403,0.9304290152626834
108,0.15,0.4672601138241486,0.951767580633196
109,0.15,0.46652945985320515,0.9124011103989867
110,0.15,0.46916007324753517,0.9608851708003965
111,0.15,0.4675577139735743,0.9381061996280249
112,0.15,0.467209743554414,0.9439165031422366
113,0.15,0.4690326548960916,0.9254168268075479
114,0.15,0.46818705649253756,0.9365096638589171
115,0.15,0.46789573992236433,0.945425462903073
116,0.15,0.46987930327183103,0.961610427118645
117,0.15,0.4688447185763968,0.9319050574554474
118,0.15,0.4654170256863569,0.9165051284790494
119,0.15,0.4672537685966909,0.9504974905567395
120,0.15,0.4684971803178691,0.940021013469419
121,0.15,0.47223520803179114,0.9423477715224393
122,0.15,0.4693343460718689,0.9454834973965146
123,0.15,0.4701826932541842,0.9550795318392593
124,0.15,0.46671186408767246,0.9443867949595062
125,0.15,0.46656476187440277,0.9227705598123905
126,0.15,0.4693993673714894,0.9466008901712893
127,0.15,0.4653263397574721,0.9288541710679655
128,0.15,0.46928362389099165,0.9187992474501057
129,0.15,0.468127343978083,0.9616427351517024
130,0.15,0.4657471666402452,0.9302504328109679
131,0.15,0.4684521019797076,0.9313619386964626
132,0.15,0.46538709873489986,0.9515290863227177
133,0.15,0.4688093481838407,0.9382379730915891
134,0.15,0.47179319307555695,0.9501729436554383
135,0.15,0.46537990980640154,0.9498396472632274
136,0.15,0.4635467557028203,0.927308587427949
137,0.15,0.46662194524418704,0.9563848340553731
138,0.15,0.4639522067509256,0.9435668946489887
139,0.15,0.4665719106669198,0.931357886443936
140,0.15,0.4689933992225298,0.947721217603877
141,0.15,0.46504483456264456,0.9257900377723951
142,0.15,0.46935177527167254,0.9156193885001047
143,0.15,0.4651312732370833,0.9424830744759392
144,0.15,0.47015432299479304,0.933792193540263
145,0.15,0.46297800370529885,0.9611427504687834
146,0.15,0.46375697176071934,0.9331174985710117
147,0.15,0.46881636440633656,0.9299209966552374
148,0.15,0.46829479435047344,0.9119470004043241
149,0.15,0.47206431241450925,0.9624530133558432
150,0.15,0.4658176469183489,0.9211523496162703
151,0.15,0.46827972503587595,0.9306919636195982
152,0.15,0.46961706011967325,0.9123299276489577
153,0.15,0.4658514029932608,0.949460593567106
154,0.15,0.46328249713109676,0.9305765204576701
155,0.15,0.4694776494553206,0.9574372969017757
156,0.15,0.469460025456971,0.9412064208608226
157,0.15,0.4654303805031701,0.9555268113556398
158,0.15,0.47092635529941096,0.9443096300432343
159,0.15,0.4660597895343329,0.9472894886405542
160,0.15,0.4690175732822334,0.9070251925561515
161,0.15,0.4637059691613928,0.925108904764769
162,0.15,0.4658865355304645,0.9320721987387258
163,0.15,0.4680694688760002,0.9538918300730641
164,0.15,0.4686124961675771,0.9177558295208992
165,0.15,0.46712096537159914,0.9162778559700475
166,0.15,0.46664293786797023,0.9360204207552846
167,0.15,0.46939486572701994,0.9281317703792726
168,0.15,0.46767758167828155,0.9364834023582921
169,0.15,0.46749110957976314,0.9434871653403794
170,0.15,0.4645050455336445,0.927670755126603
171,0.15,0.46457008479428247,0.9515585715546997
172,0.15,0.46759484694135767,0.9562031509073655
173,0.15,0.4664048072968601,0.9581974335907834
174,0.15,0.4680024776267296,0.9575026108275353
175,0.15,0.46744263609822784,0.9395936481295549
176,0.15,0.46629368649815445,0.9317236309096567
177,0.15,0.4706566653467828,0.9418297394962871
178,0.15,0.4684739753592124,0.9501166414400903
179,0.15,0.46883751062053547,0.9217927622463253
180,0.15,0.4689863233173634,0.9402366553707685
181,0.15,0.4681193149822225,0.9155403761326905
182,0.15,0.4642882528317629,0.9461087990962898
183,0.15,0.46742515189263695,0.9354664859163906
184,0.15,0.471014137824795,0.9681239880262027
185,0.15,0.4677602503655306,0.9518002075960452
186,0.15,0.46644459586566644,0.9518015572530775
187,0.15,0.4681737199756249,0.9370099048838156
188,0.15,0.4655643776625032,0.9495654833144843
189,0.15,0.46300538635181765,0.9212851731724169
190,0.15,0.4683483535036162,0.9517474454594333
191,0.15,0.46800571290634996,0.9509498501787872
192,0.15,0.4663256660596491,0.9090752154105246
193,0.15,0.4645818082982915,0.949601143607196
194,0.15,0.4639652213570088,0.9264647034216583
195,0.15,0.49094030044231224,0.9411419906389058
196,0.15,0.46726533098180195,0.9575319746033206
197,0.15,0.4678659175340744,0.9290057058219168
198,0.15,0.46580061146700047,0.9100379909105716
199,0.15,0.4658607107990778,0.9432600134376621
200,0.15,0.46771054632721654,0.9478027070665361
201,0.15,0.4665997230822446,0.9410241482072415
202,0.15,0.4683446544231591,0.9572091621227885
203,0.15,0.46396848795168766,0.9309709986827686
204,0.15,0.46831900373107427,0.9357616689062239
205,0.15,0.4665225074788075,0.9594950912551378
206,0.15,0.46706982984276435,0.9387800129346006
207,0.15,0.4664475921356801,0.936340517363828
208,0.15,0.46843479136282756,0.9614846262593915
209,0.15,0.46761733929995586,0.9376094547506648
210,0.15,0.4647428374240635,0.898688772946739
211,0.15,0.4906315349352047,0.9346927126767042
212,0.15,0.4699396536752736,0.9509160268903915
213,0.15,0.4706699970302732,0.9577492563083718
214,0.15,0.4906634472530499,0.9357790708996443
215,0.15,0.4660438815841167,0.940555833511275
216,0.15,0.4658617699600723,0.9345437661105436
217,0.15,0.46974772528505065,0.95254702127885
218,0.15,0.4664172848848409,0.9232079534122234
219,0.15,0.4697812217646686,0.9476948365662394
220,0.15,0.4722340017311268,0.9449647636513588
221,0.15,0.46620440381221023,0.9481980462562599
222,0.15,0.46851776316303473,0.9334309933220255
223,0.15,0.46887373229649376,0.9598560335634708
224,0.15,0.4661121057744733,0.9363724844503367
225,0.15,0.46845111802998385,0.9494895343172879
226,0.15,0.4703567198612322,0.9520001096599872
227,0.15,0.4664991064604477,0.9229595887773567
228,0.15,0.46862621843439867,0.9267856747367536
229,0.15,0.4639103193183977,0.9244402666500844
230,0.15,0.4682364841740177,0.927483635225397
231,0.15,0.4651276039690341,0.9514081511862587
232,0.15,0.46758136010923057,0.9386543186264316
233,0.15,0.46887819431613037,0.9326958724466909
234,0.15,0.4656638275227034,0.9513332378771872
235,0.15,0.46973210571880725,0.9349592135643148
236,0.15,0.4717870416691928,0.9329456867035094
237,0.15,0.4713441765787643,0.9530865264859386
238,0.15,0.4678393300403248,0.9382214644960476
239,0.15,0.4665165709429858,0.9625798226715361
240,0.15,0.4709729987292712,0.9426718524328949
241,0.15,0.4666181682274685,0.9307456391225634
242,0.15,0.46997847004049953,0.9231083830350388
243,0.15,0.4666242554256929,0.945540439077439
244,0.15,0.46740114388671006,0.9380614754529362
245,0.15,0.46155447721892573,0.9494073509101185
246,0.15,0.4664188952258886,0.9464683514222668
247,0.15,0.46673571806940467,0.9193325753008462
248,0.15,0.4673182877716805,0.921748603462664
249,0.15,0.46721204188470683,0.936724098804192
250,0.15,0.46493735433545436,0.9193892709456194
251,0.15,0.46521073507165234,0.9416064273461731
252,0.15,0.46462271476375844,0.9393418324136428
253,0.15,0.4676439846713058,0.9438742860499018
254,0.15,0.4681567717010235,0.9341864331025937
255,0.15,0.4656582032193511,0.9399396199032719
256,0.15,0.46735272824198554,0.9290400913064979
257,0.15,0.47023105196940945,0.937052655290228
258,0.15,0.4694440535771328,0.9247143192386839
259,0.15,0.46780042258605453,0.946073953057349
260,0.15,0.46891734748477754,0.9410931746914913
261,0.15,0.46615238357810823,0.9478052218649285
262,0.15,0.464580985476514,0.92832421203795
263,0.15,0.46895439356925755,0.9470953312965259
264,0.15,0.4689167794159807,0.9342182671454494
265,0.15,0.4643508315926744,0.9559311016968803
266,0.15,0.49099779024734547,0.9404795233587072
267,0.15,0.4710037551165383,0.9289454491528372
268,0.15,0.46883163932946986,0.9418311153724426
269,0.15,0.4657567983684984,0.9295310488286149
270,0.15,0.4637830031454443,0.949930530646988
271,0.15,0.4657528902895489,0.9583984991758597
272,0.15,0.47050921992129296,0.9438744981386645
273,0.15,0.4698366906613019,0.9237163475758086
274,0.15,0.4662804602538834,0.9242020441078667
275,0.15,0.4713052513699667,0.9233455980768337
276,0.15,0.4628255049890467,0.9383160968011388
277,0.15,0.46483556704470674,0.9393387093738236
278,0.15,0.46976601124251427,0.9311472375326838
279,0.15,0.4685714277146356,0.9376521160240421
280,0.15,0.47024444782194397,0.9291253751491627
281,0.15,0.4695418887239429,0.9250077549122188
282,0.15,0.466276873530289,0.9370903787669881
283,0.15,0.45887018162417886,0.9427752943356409
284,0.15,0.4652287124228584,0.9431021498580396
285,0.15,0.46581104116111016,0.9228748163831759
286,0.15,0.4666579573998517,0.9662758716739817
287,0.15,0.4905649304267355,0.9552352958184978
288,0.15,0.4703856314833118,0.9259185589014206
289,0.15,0.4646853900238582,0.9476947132219389
290,0.15,0.4675898823274419,0.9573614655534679
291,0.15,0.4697082772381301,0.9251210597490308
292,0.15,0.4698573401378843,0.9424616146324799
293,0.15,0.46961702347710915,0.9552091506904249
294,0.15,0.46917570660483326,0.9591816660599554
295,0.15,0.4712160204767807,0.9619767522437302
296,0.15,0.46614935232058236,0.9127799417031306
297,0.15,0.46807238483326,0.9500053047795455
298,0.15,0.4689488342687346,0.9464194181816564
299,0.15,0.46823290756774066,0.9209248434278027
300,0.15,0.4655602195909069,0.9453844667897826
301,0.15,0.4653812521239418,0.9427096353352632
302,0.15,0.46544364151040124,0.9490786439935311
303,0.15,0.46549455541612317,0.9394791505218247
304,0.15,0.4622148896725562,0.9309559295287891
305,0.15,0.4651181189139011,0.9488705329065399
306,0.15,0.46874462348252505,0.9509476848454058
307,0.15,0.46753089445926965,0.9467833275211642
308,0.15,0.46392112348193393,0.9362543698230851
309,0.15,0.46819491278152453,0.9558097004981746
310,0.15,0.4636197565766089,0.9363459498526252
311,0.15,0.46660914167989687,0.9471330995023384
312,0.15,0.46846677328140884,0.9518498558087694
313,0.15,0.4674955726802268,0.9574953361327325
314,0.15,0.4672959315062427,0.9337103075312475
315,0.15,0.46574130886655307,0.9411542635529749
316,0.15,0.47094901706482295,0.935511528932771
317,0.15,0.4681300211470929,0.9369851256345326
318,0.15,0.46434485448872415,0.9477509690965046
319,0.15,0.46361483721151275,0.9411798032750853
320,0.15,0.46843339775240844,0.9440200953861486
321,0.15,0.46800287520916445,0.9485411996708293
322,0.15,0.46920472381984873,0.939046590358528
323,0.15,0.46760833700873405,0.948228988590822
324,0.15,0.47007983825770433,0.9371189857648475
325,0.15,0.4670209126446682,0.9297898977917383
326,0.15,0.4653774687063996,0.9240449316288688
327,0.15,0.4681249901479752,0.9472187810087306
328,0.15,0.4678098348953013,0.935881200181183
329,0.15,0.4909142051015155,0.9567503791825316
330,0.15,0.46923829535882183,0.928515086063803
331,0.15,0.46765249650701707,0.9388727259430836
332,0.15,0.46472474102446476,0.9389021215206321
333,0.15,0.4649063004421767,0.9383191229493684
334,0.15,0.46508081659123834,0.9276802922628732
335,0.15,0.46391555874453066,0.9441562235582761
336,0.15,0.46526749480602464,0.9526929962501981
337,0.15,0.4665704833663928,0.9440222587233881
338,0.15,0.46668665849939445,0.9265462465399895
339,0.15,0.4622572952982703,0.9209172816647508
340,0.15,0.466780545423746,0.9447622921856882
341,0.15,0.4663501768105024,0.9233793029887513
342,0.15,0.4658698602557606,0.9521618249294033
343,0.15,0.46572004520574145,0.9444499587685531
344,0.15,0.46631266323958204,0.9553457056187354
345,0.15,0.4681248576382322,0.9365552926198727
346,0.15,0.4680417139771712,0.935134401774405
347,0.15,0.46814393636696927,0.9227933156770279
348,0.15,0.46774537595036114,0.9235668611540193
349,0.15,0.46974788603762935,0.9311055485235943
350,0.15,0.4666189436306274,0.9303483599894979
351,0.15,0.4647091379311064,0.9495143751590783
352,0.15,0.4645417214292215,0.9215023425771637
353,0.15,0.4648005342530767,0.9354112308449993
354,0.15,0.46594854982305595,0.9482956647288906
355,0.15,0.4699000809083646,0.928512067112426
356,0.15,0.4675325011918893,0.9200601398042612
357,0.15,0.46840832560495343,0.9598193713996962
358,0.15,0.4656235889324551,0.9277210950953627
359,0.15,0.4659354505996008,0.9508568943766351
360,0.15,0.4682632773298032,0.9262403678683736
361,0.15,0.4681317819875777,0.9499550308048131
362,0.15,0.4680478352072536,0.9293163919281743
363,0.15,0.4716282278556676,0.9451667039303274
364,0.15,0.47048186404667197,0.9373256616123422
365,0.15,0.47198067751592504,0.9481186090971794
366,0.15,0.4655627287738441,0.952439156152695
367,0.15,0.4693918670192605,0.952278044646535
368,0.15,0.4683931599113522,0.9532905201220973
369,0.15,0.47020418946422654,0.9206225322250395
370,0.15,0.46394864291366905,0.9574524715966506
371,0.15,0.4681610948115485,0.9423466124224769
372,0.15,0.46850347997797887,0.9504234403094551
373,0.15,0.46621369476465613,0.9484268914325383
374,0.15,0.46636584265916087,0.9359981702908979
375,0.15,0.4655386556817878,0.9239940739331547
376,0.15,0.4643998271688619,0.9297576281522707
377,0.15,0.46734440489304185,0.9562625174762467
378,0.15,0.4659017099628641,0.9316803671717755
379,0.15,0.46485175994701344,0.9482686058058335
380,0.15,0.46814833647156884,0.9575058828827397
381,0.15,0.46796952079424986,0.9372050618242295
382,0.15,0.46810955099500084,0.9371147588598162
383,0.15,0.46768069083825514,0.9442948434958244
384,0.15,0.46619227590883,0.9302892084848349
385,0.15,0.46806335613059485,0.9369631274480051
386,0.15,0.46832392909354686,0.9379010405017105
387,0.15,0.4661815354477208,0.9368780370343145
388,0.15,0.4682386898355234,0.9521492757796552
389,0.15,0.46955114309990065,0.9336935016779965
390,0.15,0.4681910477178575,0.9553295144872063
391,0.15,0.4680445223256384,0.9372671906990148
392,0.15,0.4658844632441589,0.9491168915146109
393,0.15,0.4668796960355559,0.9620012961363928
394,0.15,0.46679547646891567,0.9502727301510975
395,0.15,0.4672711805957952,0.9364673245859616
396,0.15,0.4667283811636516,0.9122527599387152
397,0.15,0.46731440357139076,0.9416799615283974
398,0.15,0.4657888174913005,0.9285498250751801
399,0.15,0.4656031175095203,0.9545518277898059
400,0.15,0.46851598867287797,0.9410257381757854
401,0.15,0.4668208421879706,0.9276007279468856
402,0.15,0.46692549587662063,0.9474657505212285
403,0.15,0.470659385609494,0.9345192335529559
404,0.15,0.4648084804080064,0.9360840143944021
405,0.15,0.4670153685265055,0.9069071635176356
406,0.15,0.46597235995127445,0.9484384722881881
407,0.15,0.46866214026754066,0.9229320475628975
408,0.15,0.4678627382681198,0.9421983234416391
409,0.15,0.46822243878705716,0.9512137157090006
410,0.15,0.4646594089177055,0.9383227677373421
411,0.15,0.465427475337943,0.9425885836953408
412,0.15,0.4647265230707723,0.9401783283181633
413,0.15,0.4663102598747382,0.9363981378064423
414,0.15,0.4630122935246678,0.9422671068466419
415,0.15,0.46907389165135116,0.9373877023941999
416,0.15,0.46544157934017505,0.9349854228606267
417,0.15,0.4664165672471931,0.939814605370431
418,0.15,0.463793682090727,0.9490941257261609
419,0.15,0.4682432254865747,0.9438217121316925
420,0.15,0.4670475017609949,0.9531719515749388
421,0.15,0.46453596033861283,0.9473264496886522
422,0.15,0.46185863067343197,0.9309202597975045
423,0.15,0.4683144279420765,0.932679569276595
424,0.15,0.46760577109924156,0.9237384772906255
425,0.15,0.4680091259830778,0.9531160537588155
426,0.15,0.4660689638250625,0.9120845682816806
427,0.15,0.4680036796129624,0.946473797857543
428,0.15,0.4720667089781318,0.9072266848139156
429,0.15,0.4672085321555498,0.9217431810417166
430,0.15,0.46575979620999003,0.9571095420552986
431,0.15,0.4649752103368749,0.9156943650834558
432,0.15,0.4692212214266824,0.9582931113029793
433,0.15,0.46942016502447,0.9575422477044396
434,0.15,0.4683981330013265,0.9349933741950966
435,0.15,0.46628627365542463,0.9566041665165019
436,0.15,0.4659616355133493,0.9420737131718203
437,0.15,0.4685502914043042,0.9509571561119651
438,0.15,0.49077983361663247,0.9559947057924453
439,0.15,0.46989891534222944,0.939501837529643
440,0.15,0.4652729277184877,0.9595993413436446
441,0.15,0.49245791470776745,0.9336805472502387
442,0.15,0.4650413639361157,0.9519119768181616
443,0.15,0.4718934740264622,0.9407125559079077
444,0.15,0.467725197521719,0.962667176263426
445,0.15,0.49185026192268716,0.9389689247569512
446,0.15,0.46659442778378984,0.9127428776980613
447,0.15,0.46573841832493834,0.923606849977205
448,0.15,0.4647429264551552,0.8872199177030515
449,0.15,0.4693023706985817,0.9308956676394905
450,0.15,0.46297702559834736,0.9383437516960085
451,0.15,0.4670959015121407,0.9372452276012428
452,0.15,0.4667403263947819,0.919334651404752
453,0.15,0.4693164326553961,0.9292733636122835
454,0.15,0.46664674522183336,0.9473822293326236
455,0.15,0.4675647754482603,0.935079813369684
456,0.15,0.4673973601134233,0.9352824702000094
457,0.15,0.46885085242269114,0.9385826565552167
458,0.15,0.46408350364419754,0.9224571021948242
459,0.15,0.468029003065902,0.9616799403754142
460,0.15,0.4638519064688682,0.9412291872345446
461,0.15,0.4653160245845338,0.9503793241718352
462,0.15,0.46806680560409536,0.9476271142978364
463,0.15,0.4660338452395682,0.9466162878802621
464,0.15,0.467880464499316,0.9581972632763238
465,0.15,0.46364951696031215,0.92766213028622
466,0.15,0.46814464358309726,0.9407289023670752
467,0.15,0.4687272272992395,0.9277106477535811
468,0.15,0.4676905653342265,0.9468774181529828
469,0.15,0.46563488580284085,0.948914603299153
470,0.15,0.4651863400831284,0.92759399164156
471,0.15,0.46457272861803717,0.9318992315175781
472,0.15,0.46695355569510344,0.9137844431462327
473,0.15,0.4654743518970919,0.9433342182441538
474,0.15,0.46773364435612474,0.9291663667913448
475,0.15,0.47036678833206924,0.9473173474869966
476,0.15,0.46585804393352337,0.9659747617407174
477,0.15,0.4696163103668628,0.9428322988435012
478,0.15,0.4700569072581828,0.9378735510682262
479,0.15,0.4697268770423428,0.9331092592771434
480,0.15,0.4627399153921891,0.9243068772885795
481,0.15,0.46349300560820056,0.9327155708150774
482,0.15,0.4638234057885707,0.946515498760814
483,0.15,0.46563047334046326,0.8882691343767742
484,0.15,0.46685108197122127,0.9425218430380852
485,0.15,0.47178442192248343,0.9414090879626923
486,0.15,0.46917259993842414,0.9497210455990895
487,0.15,0.46750971378229744,0.9415780504119509
488,0.15,0.4677614006697847,0.9348211625845159
489,0.15,0.47017517811697346,0.932458309864785
490,0.15,0.46721159015540237,0.9381797836921062
491,0.15,0.46802377224698977,0.955612939791622
492,0.15,0.4634426035290042,0.935540032519814
493,0.15,0.4721800017102114,0.9468482181946806
494,0.15,0.46721540847132487,0.9620115324126998
495,0.15,0.46515157134039586,0.9535149049942598
496,0.15,0.4923590833431643,0.9309180459566408
497,0.15,0.46788632714338946,0.9257844568318482
498,0.15,0.46686979927255906,0.945658873481373
499,0.15,0.4692283307461229,0.9422191079017587
500,0.15,0.46946826405453196,0.9376511369829401
