iteration,gamma,acetate_threshold,max_growth_rate
1,1.0,0.742684590522272,0.9407956319153851
2,1.0,0.7464844939209383,0.953478540645734
3,1.0,0.739621616301678,0.8962789652828811
4,1.0,0.7052584608751937,0.8854748666606093
5,1.0,0.6895655417838931,0.9007451606351976
6,1.0,0.6947073658418471,0.9251248636100766
7,1.0,0.6041594507840176,0.8707730266023956
8,1.0,0.7115289659245064,0.9126109220771624
9,1.0,0.7032025866648237,0.9435733198324879
10,1.0,0.69115759732798,0.8120549477003003
11,1.0,0.7382630823846875,0.9409574253184175
12,1.0,0.6792470009868452,0.8945502931185698
13,1.0,0.5726233002678339,0.845624226914261
14,1.0,0.7068469995993255,0.8641080714656801
15,1.0,0.6085419018569466,0.802849227528826
16,1.0,0.7113655169200516,0.9106031694475301
17,1.0,0.6172243423126312,0.8850077534981062
18,1.0,0.5854368720019854,0.8495152930755154
19,1.0,0.7416322205324505,0.973519380101471
20,1.0,0.6520081220618552,0.8710868379066654
21,1.0,0.5650065460183604,0.8834275494525836
22,1.0,0.6890249385981075,0.9231343518370343
23,1.0,0.7383024411281132,0.9309582482974381
24,1.0,0.6770014759400891,0.9168893909746196
25,1.0,0.7098636558679081,0.9443515622087489
26,1.0,0.7098663969631803,0.9835277188035801
27,1.0,0.603026863606352,0.8020321704390484
28,1.0,0.7006056157115843,0.8940207837945998
29,1.0,0.7401223871922257,0.9582076543479086
30,1.0,0.6823564369459976,0.8968654249908729
31,1.0,0.7093686342127388,0.9433699727570883
32,1.0,0.7095452749855448,0.9004595272979478
33,1.0,0.7324253705223315,0.8905887413496186
34,1.0,0.5046136625694557,0.7893752988363663
35,1.0,0.7397376142888226,0.91721952512589
36,1.0,0.6713868494442756,0.9000524383334065
37,1.0,0.6550543870659816,0.9251959514980294
38,1.0,0.7101066109162713,0.9244881661131498
39,1.0,0.6165957733236148,0.8199858249847202
40,1.0,0.6226353239804236,0.8584001477047409
41,1.0,0.5711905438766691,0.8560914849963759
42,1.0,0.6866927964086609,0.9153295448235231
43,1.0,0.693262667667531,0.9113057208551016
44,1.0,0.7429200259332974,0.9295084052691204
45,1.0,0.7417406081273846,0.9005006307874254
46,1.0,0.7332636005119759,0.9830504156479815
47,1.0,0.698273204648448,0.9080218948093453
48,1.0,0.693463879243829,0.8540491601941412
49,1.0,0.6121369625794072,0.8722836832367828
50,1.0,0.6110255204619376,0.8533252326844113
51,1.0,0.6489119483553033,0.8737611372859401
52,1.0,0.7394821769635473,0.9259282084205143
53,1.0,0.7015321246549772,0.8487573422060413
54,1.0,0.6353433419441783,0.8904678686471453
55,1.0,0.7018241204418039,0.912282947798216
56,1.0,0.692818969106022,0.9411274726376374
57,1.0,0.6823999024485694,0.8454136776729494
58,1.0,0.6698555099838054,0.8607030273544505
59,1.0,0.743008199595735,1.0175009874100247
60,1.0,0.7110928970901211,0.8922108035584333
61,1.0,0.6632700683854247,0.8446025345578441
62,1.0,0.652352078052367,0.8991729154543963
63,1.0,0.7412992990841393,1.014785858099585
64,1.0,0.6398079661859224,0.9051126868625757
65,1.0,0.6204542363444184,0.8855254347773097
66,1.0,0.745450737630915,0.9509860098092744
67,1.0,0.7042414372297356,0.8614436643268485
68,1.0,0.6948365529559405,0.9369358715365912
69,1.0,0.7425114300223729,0.925390641316842
70,1.0,0.6811843179587167,0.8493959492685396
71,1.0,0.7112767573149132,0.9196551052072428
72,1.0,0.6943399236827038,0.9394088767001817
73,1.0,0.5627195354726033,0.8487125936448506
74,1.0,0.6785379469376303,0.9214288341976874
75,1.0,0.5583193824880845,0.8413050329694973
76,1.0,0.6936438595913835,0.8889298928005444
77,1.0,0.6377613562099536,0.8776229728067433
78,1.0,0.7393853488684992,0.9381906677779128
79,1.0,0.5889018565572728,0.8721948555860722
80,1.0,0.6415132714578837,0.8972928854184749
81,1.0,0.6221081960422582,0.9025216485340498
82,1.0,0.7457007442635025,0.9798387997777986
83,1.0,0.6654959277287422,0.9113308760991435
84,1.0,0.7422049139584759,0.915943938646732
85,1.0,0.7112228948052952,0.9383018004487379
86,1.0,0.7040299812826378,0.9381735417468776
87,1.0,0.6857606168694831,0.8481181587044658
88,1.0,0.6268679312469292,0.8183578075552616
89,1.0,0.7108181494211244,0.9036646301138198
90,1.0,0.7106857421721428,0.9469138965392491
91,1.0,0.6252228765789514,0.8746280728758129
92,1.0,0.7102818385096518,0.9595929130444729
93,1.0,0.6634104670768193,0.881424970038624
94,1.0,0.7466882338938323,1.0181190739053925
95,1.0,0.7465637745228944,0.9524203093010545
96,1.0,0.6688563690907957,0.8937323860971761
97,1.0,0.699172055745415,0.9501988786868034
98,1.0,0.5138371521660435,0.8579362516990744
99,1.0,0.5703425097246827,0.7981003280113225
100,1.0,0.6549785080984097,0.8867910168867903
101,1.0,0.7082739552886206,0.9362360010433656
102,1.0,0.5612291483542642,0.8571224763599987
103,1.0,0.7494575166821634,0.9565067826214115
104,1.0,0.7113875305497315,0.8960966901897407
105,1.0,0.702552442259799,0.974885223944577
106,1.0,0.6965777170819759,0.8960388624318557
107,1.0,0.6737351567379176,0.8647411968062486
108,1.0,0.7060593691089156,0.9000528115884291
109,1.0,0.6971713750235419,0.9079148107484383
110,1.0,0.6861469996327402,0.9114127126698084
111,1.0,0.581138826114526,0.8198896245325071
112,1.0,0.699462883522855,0.9546914969844582
113,1.0,0.6754373553428444,0.9365472962783642
114,1.0,0.6668443793492643,0.8953845521871188
115,1.0,0.7008356430871905,0.9748064600167924
116,1.0,0.6275897977049544,0.832634786142825
117,1.0,0.6958428817699784,0.8979397238997707
118,1.0,0.684382338414095,0.9277766930061834
119,1.0,0.7056465531433552,0.8480600017025226
120,1.0,0.6108883128818845,0.8762865695778137
121,1.0,0.7075483287679134,1.007552550493489
122,1.0,0.7105438751053068,0.9151245131911208
123,1.0,0.7438887827602593,0.943319459208044
124,1.0,0.710820328136158,0.9554159544186086
125,1.0,0.6824531257553254,0.8686140669604147
126,1.0,0.6155580729004511,0.8550277413575879
127,1.0,0.5909012764066628,0.8350877790801147
128,1.0,0.7401010411063615,0.9845890170260215
129,1.0,0.6157595552990293,0.9164076764423694
130,1.0,0.7392141288733465,0.9883030502732217
131,1.0,0.7397674212926373,0.8758855453576637
132,1.0,0.6562910675632186,0.9034593554494117
133,1.0,0.7103005921070332,0.9409274782767841
134,1.0,0.6113856300854852,0.885689300210517
135,1.0,0.5702613094974603,0.8219072109159126
136,1.0,0.6692837014698393,0.8613328192530129
137,1.0,0.574752709367449,0.8607083865405807
138,1.0,0.6932820394901179,0.9504017777117392
139,1.0,0.6948741610391597,0.9378841045040726
140,1.0,0.6927389535093094,0.8867414505220654
141,1.0,0.5489409194050558,0.8897183542841792
142,1.0,0.6966937254135086,0.8163226352807473
143,1.0,0.6973251372729119,0.9540485051300989
144,1.0,0.7401544572882474,0.9237428086167757
145,1.0,0.6859568550052862,0.9171785809164711
146,1.0,0.6194710704017232,0.8740702934346727
147,1.0,0.7441286939866564,0.9735321137823593
148,1.0,0.740551672797959,0.9099586418593759
149,1.0,0.6668974744307047,0.844292173728139
150,1.0,0.6406445113995215,0.8560606327912627
151,1.0,0.6785648426764757,0.874608648799724
152,1.0,0.6934451111034806,0.9310617561384235
153,1.0,0.7079342907368412,0.8873333763492556
154,1.0,0.6195533723903862,0.888584520908073
155,1.0,0.6135711567905945,0.8869832188997766
156,1.0,0.7499472734258064,0.9629293098915915
157,1.0,0.6113626667140096,0.8618723736521036
158,1.0,0.6711296015507007,0.9304661607264377
159,1.0,0.6884541014599536,0.9147450639004254
160,1.0,0.6076874875312636,0.8435647569109539
161,1.0,0.6712679900150238,0.8949775726351904
162,1.0,0.6848740019202539,0.9313154825467381
163,1.0,0.7405461156273497,0.9439779527955597
164,1.0,0.7101444145532477,0.9407679056557925
165,1.0,0.7025806780630232,0.9356617392341826
166,1.0,0.6953152934366505,0.9111099462012862
167,1.0,0.700067708723234,0.8684512668136255
168,1.0,0.6692261181274716,0.8861533657808446
169,1.0,0.6625848255652722,0.8813998106408969
170,1.0,0.6239250001160546,0.9616939127162433
171,1.0,0.6286193942074698,0.8404356182152785
172,1.0,0.6681508497919235,0.8913934794681178
173,1.0,0.6958092125053764,0.9091110512420243
174,1.0,0.6079417405958,0.8592804815694989
175,1.0,0.7452341909563193,0.986764530014776
176,1.0,0.7407795257190628,0.9806576711829117
177,1.0,0.6174288674275761,0.8406505784802504
178,1.0,0.6975712416439529,0.8604216245329334
179,1.0,0.710922991750956,0.9182521372583689
180,1.0,0.7474690213667292,0.9974965534755399
181,1.0,0.7107960274072437,0.9582733048454662
182,1.0,0.6263101920005846,0.8738723278616009
183,1.0,0.6923687594443538,0.917837883549571
184,1.0,0.6932984286178345,0.8684701998900884
185,1.0,0.6803938009881978,0.900135839148696
186,1.0,0.6197505136394981,0.8720646999816652
187,1.0,0.5192210962318748,0.8737671379136788
188,1.0,0.670414057353956,0.8585709095040841
189,1.0,0.7410925749311374,0.8936862059619616
190,1.0,0.5980888055611089,0.8471370806400186
191,1.0,0.6913318472912229,0.8451137252871371
192,1.0,0.7110543077717375,0.8576938277439334
193,1.0,0.6615901899516192,0.9287494527175149
194,1.0,0.6869598836482145,0.9255188538952037
195,1.0,0.7114319867623653,0.9600393702770057
196,1.0,0.6097141256473836,0.8793881378715176
197,1.0,0.7427043837718486,0.9381592461241065
198,1.0,0.7547506909074123,1.0143088779959033
199,1.0,0.5257267365905811,0.8619782856060887
200,1.0,0.6729925650295664,0.9288774487459388
201,1.0,0.680119344534966,0.8661074091154495
202,1.0,0.7109795417309672,0.9049063208279455
203,1.0,0.6954905242953492,0.8939364639796558
204,1.0,0.655405441651786,0.8296839365497635
205,1.0,0.6107388431436934,0.8751705307297836
206,1.0,0.621013923455217,0.8546932883254121
207,1.0,0.5782793842887364,0.850674761717088
208,1.0,0.6039519364600617,0.8804656569023717
209,1.0,0.7115471075459948,0.9502642449049002
210,1.0,0.7058634712880513,0.8944525146418633
211,1.0,0.6457112150013904,0.8692900321457155
212,1.0,0.7008396146843212,0.8917995402858566
213,1.0,0.7092639522831157,0.8277586404713506
214,1.0,0.6771238919387027,0.9099588300755707
215,1.0,0.7109490498424035,0.9124017953227003
216,1.0,0.5775591854947825,0.8809378680708047
217,1.0,0.6830368212290447,0.8656608255519775
218,1.0,0.6996999020244948,0.8683944735291665
219,1.0,0.6765347823957472,0.8906843358238998
220,1.0,0.7078588344392694,0.9473305722704333
221,1.0,0.7115660976585455,0.9128172863540425
222,1.0,0.6322487176053869,0.8727295787723676
223,1.0,0.6711164229597686,0.8699893217418843
224,1.0,0.6614411580641965,0.8736121696761173
225,1.0,0.612339754810488,0.8742486175875309
226,1.0,0.6604600311904042,0.8795466502568146
227,1.0,0.6946133536152761,0.9309816030336446
228,1.0,0.6960297397151151,0.8646973014745065
229,1.0,0.6344318861900933,0.8446083149249485
230,1.0,0.5860870258169243,0.8861520361393997
231,1.0,0.689626085135242,0.9370686221597355
232,1.0,0.7107606725603464,0.9443770309655518
233,1.0,0.6710033962595351,0.8867802532670197
234,1.0,0.6397106853275396,0.8223683909484609
235,1.0,0.7086963399606858,0.9674129121350177
236,1.0,0.6944702950018369,0.9404936213145427
237,1.0,0.7090955849443081,0.997921702626105
238,1.0,0.7058592114331953,0.8392310946895408
239,1.0,0.6804863802114826,0.8847191729843802
240,1.0,0.5225594766214328,0.8816562663363006
241,1.0,0.7313682134763524,0.935172771455483
242,1.0,0.7043269123785443,1.0039556836188135
243,1.0,0.6309091849683239,0.8784067794193302
244,1.0,0.6936424003724647,0.9033729051141163
245,1.0,0.6261862972944411,0.8496188517541313
246,1.0,0.6982608279375494,0.8899452726793851
247,1.0,0.5664351423633585,0.9017384788395534
248,1.0,0.6980877323822877,0.9000785501445986
249,1.0,0.6242213837315723,0.8639818526238968
250,1.0,0.7401737559547908,0.9461927395796897
251,1.0,0.6829706721293836,0.9042721732733551
252,1.0,0.6288483601937714,0.9214709998695024
253,1.0,0.7034545278114943,0.9732271934525816
254,1.0,0.670337264385866,0.7770257413497572
255,1.0,0.704338397076887,0.9038508773912073
256,1.0,0.7377166357525887,0.9995352416111423
257,1.0,0.6902281800493085,0.85181594110107
258,1.0,0.7412387178048442,0.9212694127107648
259,1.0,0.7024596953210508,0.9334661107111075
260,1.0,0.6059292481283796,0.8173725485179467
261,1.0,0.583407717426547,0.8651679832384797
262,1.0,0.6663710262244321,0.8587395165196628
263,1.0,0.5560457670952053,0.8688207189209683
264,1.0,0.6021247069162307,0.8588889363549028
265,1.0,0.6837683588596557,0.8909034619099863
266,1.0,0.44087414706250905,0.8058630882275494
267,1.0,0.7425709598867057,0.9434657621525756
268,1.0,0.6231618186977232,0.8571985565786635
269,1.0,0.7075539511362744,0.933517347814609
270,1.0,0.7051352876335347,0.8743469707830864
271,1.0,0.7397741515613662,0.9055746461323622
272,1.0,0.5693903572881368,0.7865402733306776
273,1.0,0.7334195346080823,0.901602062017292
274,1.0,0.5864687202292124,0.8685664948758511
275,1.0,0.5203498327402455,0.8799970621401461
276,1.0,0.6076734002087651,0.8705820356184631
277,1.0,0.6907710246091746,0.9099408404177781
278,1.0,0.5370268466799832,0.8351690846779356
279,1.0,0.6569832055483834,0.8777533446388426
280,1.0,0.6927948704243989,0.9679159212097973
281,1.0,0.6706053582350077,0.8557905631235139
282,1.0,0.6739216329959887,0.864185618835681
283,1.0,0.6960532498604791,0.8554169814974641
284,1.0,0.6966738898860365,0.8418750243567567
285,1.0,0.7016396145510195,0.934745770125016
286,1.0,0.746167655033048,0.974906352360523
287,1.0,0.68736153212123,0.9229418741985218
288,1.0,0.689181819043296,0.9047240287272578
289,1.0,0.7421499876442547,0.9829602544095979
290,1.0,0.6266147189477078,0.8184795088609924
291,1.0,0.4977516140078935,0.8339228896489429
292,1.0,0.661809756925585,0.8406882670326846
293,1.0,0.7409329296343371,0.9478010920534977
294,1.0,0.620252435191625,0.8510324465647922
295,1.0,0.6827776261098496,0.8776851936483009
296,1.0,0.6680509705530054,0.8259626126268318
297,1.0,0.6675013550679474,0.9227074239738665
298,1.0,0.5939363464374665,0.8059527881718429
299,1.0,0.7413483024018378,0.9126700380349763
300,1.0,0.6077711576192171,0.8717284252378065
301,1.0,0.7419562675554559,0.9227106859750231
302,1.0,0.6922753561152081,0.9007506155803715
303,1.0,0.684829742351419,0.8705076287700879
304,1.0,0.6584890487039159,0.893118715073575
305,1.0,0.7114498733453679,0.9442951088263198
306,1.0,0.6700278492024585,0.8879451045870613
307,1.0,0.7380170631092453,0.9088012640235337
308,1.0,0.7039573874266849,0.8915981456438637
309,1.0,0.6844947150668738,0.8533529010206946
310,1.0,0.5995513599996035,0.8636315790709262
311,1.0,0.7399610427087858,0.9021299791393794
312,1.0,0.6692606204920518,0.8827222674914789
313,1.0,0.6331217694954601,0.8011980264525868
314,1.0,0.6988384511838153,0.9127654139162358
315,1.0,0.6893532634123997,0.9294868347120884
316,1.0,0.6908625630754796,0.8838788543400319
317,1.0,0.6297424429576531,0.8630467910180781
318,1.0,0.6737253501103506,0.900968126146469
319,1.0,0.7407413812782102,0.9196625853922558
320,1.0,0.6693749649845263,0.8753167191657322
321,1.0,0.6183140292972752,0.852128951242505
322,1.0,0.7408257861271706,1.010996478172845
323,1.0,0.6668735428562929,0.8416552930688288
324,1.0,0.7394517150729951,0.996790185493307
325,1.0,0.6992309839924428,0.9304314415996173
326,1.0,0.5392848350865167,0.8990031099319317
327,1.0,0.6686840823281854,0.9026559087118959
328,1.0,0.7108764208356939,0.9719829849048436
329,1.0,0.6997583888927802,0.9421977990540743
330,1.0,0.7005500555735544,0.9149291987875056
331,1.0,0.5715286501289195,0.8903550732801865
332,1.0,0.7022964817822068,0.9081871555463418
333,1.0,0.7018233485523504,0.8996953388117123
334,1.0,0.6774991431191606,0.8566449553760703
335,1.0,0.7038967721491921,0.9175331794816813
336,1.0,0.6780737065934388,0.9139481474779216
337,1.0,0.6695502093798134,0.920171911067342
338,1.0,0.699383420163641,0.8788767992162132
339,1.0,0.5835438756782675,0.870915612396353
340,1.0,0.6850582990558994,0.8307577066456516
341,1.0,0.6876261034579118,0.9128151379331775
342,1.0,0.6821541951448222,0.8882105151744898
343,1.0,0.6698600688524555,0.8675936742864154
344,1.0,0.6551845630084324,0.8523930098427196
345,1.0,0.6346332480063188,0.8698575569415451
346,1.0,0.707325490944547,0.965373393597649
347,1.0,0.6709313483201136,0.9043742721956769
348,1.0,0.7491562743681667,0.977066909326813
349,1.0,0.7103836300767357,0.9451845925423262
350,1.0,0.5924146248544402,0.8688311525397772
351,1.0,0.4599154862324289,0.8337531447003833
352,1.0,0.7418533445213215,0.9415824601358163
353,1.0,0.6196594179460213,0.8297392433014289
354,1.0,0.6906288332759738,0.9146852502157339
355,1.0,0.5807024565512852,0.8892477267314267
356,1.0,0.7023216009616403,0.9036774363420246
357,1.0,0.6751241411998351,0.9264579444178418
358,1.0,0.567634615211306,0.8642006405676853
359,1.0,0.6867421738791161,0.9218965767231857
360,1.0,0.6597518844310511,0.8603936252311181
361,1.0,0.7384885451297528,0.8988326495325799
362,1.0,0.7068945536054103,0.8872966761968394
363,1.0,0.7022488501208192,0.9106878295185435
364,1.0,0.5899646552247308,0.8311170461548333
365,1.0,0.706373972428735,0.9283736557377973
366,1.0,0.6594088581126396,0.8711712746822128
367,1.0,0.6155620449959466,0.8666207921996956
368,1.0,0.7110917062830269,0.9591623463467294
369,1.0,0.7456386410010952,1.0067276622977668
370,1.0,0.7369311182713164,0.9606782061291369
371,1.0,0.7034486085534136,0.971322150198797
372,1.0,0.6911532606267422,0.8772135486680058
373,1.0,0.7435003296900188,0.9485883402640279
374,1.0,0.6421137603920786,0.8266781878686412
375,1.0,0.6786673020848034,0.8757286094756914
376,1.0,0.698569599308496,0.8759550852707988
377,1.0,0.6539838149460919,0.8437818687668227
378,1.0,0.7018966342826036,0.9093305335995382
379,1.0,0.6611604692359023,0.7840425381956295
380,1.0,0.7105573785821467,0.8943824700019289
381,1.0,0.6572309123974033,0.8908556069389446
382,1.0,0.7418851917018802,0.9315559339663814
383,1.0,0.6835112995872072,0.8970653570738684
384,1.0,0.5447377247428727,0.8741291151225598
385,1.0,0.6184618328251908,0.9044840666716052
386,1.0,0.6691392985259337,0.8900932270834234
387,1.0,0.7397918756396129,0.9426481787954434
388,1.0,0.5760674947905537,0.8920720067407394
389,1.0,0.6969498492249006,0.9264756246528819
390,1.0,0.6583666390926459,0.905806989763212
391,1.0,0.6783869483196832,0.9376058308529788
392,1.0,0.6114225285219732,0.811647112295804
393,1.0,0.6447969319727742,0.8624320734874982
394,1.0,0.7385646446261543,0.9051101384521548
395,1.0,0.7410443988084344,0.8934216869923669
396,1.0,0.7396035493673566,0.9280765578575982
397,1.0,0.6237782664232661,0.8513015199802987
398,1.0,0.6800743180274575,0.9117092153738431
399,1.0,0.6522172972841523,0.810920874383196
400,1.0,0.5834455418366272,0.8221600471925913
401,1.0,0.6334755729833865,0.8459015883903119
402,1.0,0.710319269885828,0.9063968240339029
403,1.0,0.6430223559142194,0.9496159459213726
404,1.0,0.6994205295355443,0.8956659943388137
405,1.0,0.7040105669467689,0.9531506093896833
406,1.0,0.580552771950829,0.8892617663403086
407,1.0,0.6206723614258988,0.8711117286496255
408,1.0,0.7396609902266182,0.8905112268278146
409,1.0,0.7399809906542177,0.9114981020752586
410,1.0,0.6659404432695021,0.8146908635624234
411,1.0,0.6931121654965446,0.8557873194880247
412,1.0,0.6266544414679438,0.8645506702559212
413,1.0,0.7042123361799879,0.9154324032082298
414,1.0,0.7110442160271727,0.926730861957626
415,1.0,0.6186348871543093,0.8375939434570943
416,1.0,0.6120011548984896,0.9027804743531838
417,1.0,0.6554771640124086,0.8708703288769357
418,1.0,0.6203769761914073,0.8645896059658956
419,1.0,0.7529161089829747,0.95438259322913
420,1.0,0.6933218527265429,0.9714150044070117
421,1.0,0.7106344810100491,0.8836731340170163
422,1.0,0.6847753521289449,0.9097722033283047
423,1.0,0.6721083431123129,0.9386725208105591
424,1.0,0.6278508505927624,0.8387105410970809
425,1.0,0.7395591656732013,0.9402645077738423
426,1.0,0.7451933277492482,1.024717639375054
427,1.0,0.6990595379274166,0.9555345529190451
428,1.0,0.6941704476784343,0.8777439176944766
429,1.0,0.687131200401078,0.902683063304664
430,1.0,0.6070714655219678,0.8273816825583085
431,1.0,0.7414976628379022,1.0141868431490069
432,1.0,0.7034328469978457,0.9142650085151026
433,1.0,0.676102807862275,0.9056793181716267
434,1.0,0.7049493684380512,0.8665976688383141
435,1.0,0.6831562991474348,0.9015647619812784
436,1.0,0.656104453209064,0.7842061279599244
437,1.0,0.6723180083495568,0.9025522294238986
438,1.0,0.6522675440134622,0.8775366303031992
439,1.0,0.7406662797673081,0.9269361697460192
440,1.0,0.7107747139717921,0.8900681571477612
441,1.0,0.7396726089487878,0.9411692103914843
442,1.0,0.690413293392619,0.9003079244811737
443,1.0,0.6981649294780643,0.8858623109584547
444,1.0,0.6665490207598488,0.857025185796463
445,1.0,0.7413017691129996,0.8948922798359576
446,1.0,0.5730101633047937,0.8276889970005924
447,1.0,0.6911463631148503,0.8330489499690417
448,1.0,0.6698756940445649,0.899816143121721
449,1.0,0.709591413113244,0.9251880980464776
450,1.0,0.579617264001359,0.8386228297751971
451,1.0,0.6615832496040431,0.85112494556436
452,1.0,0.676747126462659,0.9152894825092003
453,1.0,0.68606921912405,0.8899260762720562
454,1.0,0.6920776717790378,0.8779435021051175
455,1.0,0.7421497572820254,0.9669185959099722
456,1.0,0.7010583212992235,0.8867594620372568
457,1.0,0.7458876790447062,0.9560056263186656
458,1.0,0.6856853641826709,0.8504150938217365
459,1.0,0.7111327931479184,0.9325374592280895
460,1.0,0.6917594219058212,0.9341076605588832
461,1.0,0.5729403092368663,0.8909773173548019
462,1.0,0.7114906662901306,0.9377647654516389
463,1.0,0.6272096356002931,0.873478218109077
464,1.0,0.6733490986639121,0.8898303073299653
465,1.0,0.7421508866519299,0.9569401517641837
466,1.0,0.6865217722258049,0.8632020121414485
467,1.0,0.6989558980385573,0.9327770878677092
468,1.0,0.7020407332245087,0.8852742864218721
469,1.0,0.6627634983717934,0.8805299667147461
470,1.0,0.6966763613078014,0.840826496178389
471,1.0,0.6603761881097783,0.8969272909150238
472,1.0,0.7462883800280394,0.9407574975520292
473,1.0,0.5723156820301953,0.8905124269234311
474,1.0,0.6807785068336492,0.865220384428435
475,1.0,0.7331558041177559,0.9454378551631236
476,1.0,0.6690233442070338,0.8422538274178185
477,1.0,0.7408034395423119,0.8999890930023698
478,1.0,0.5686916983617893,0.7868392864693593
479,1.0,0.7042500264478162,0.8781005974498746
480,1.0,0.6274988605063696,0.8371967289816373
481,1.0,0.6691283509887456,0.8712361082626074
482,1.0,0.6992673474773895,0.9250095034096122
483,1.0,0.7402349852423373,0.9744930298285605
484,1.0,0.7095703273156065,0.9363966118636471
485,1.0,0.6857422293829099,0.8759416637744266
486,1.0,0.516098872788671,0.8859450202024262
487,1.0,0.7076434733685414,0.881139238286107
488,1.0,0.7411270958997382,0.9228388498662371
489,1.0,0.7106501872659895,0.9174840253326301
490,1.0,0.7015933559564247,0.9096846447540746
491,1.0,0.7334234163868476,0.9453487743618401
492,1.0,0.7353002336351067,0.9748277921702356
493,1.0,0.6992368923118807,0.8813106643089703
494,1.0,0.6687128987908251,0.8779715255743237
495,1.0,0.6868875503127062,0.9293595921435562
496,1.0,0.7447718146489277,0.9436604067277459
497,1.0,0.7098204808468837,0.8778625248946903
498,1.0,0.6583610735596687,0.929491655814375
499,1.0,0.710919992800108,0.9089989598441561
500,1.0,0.739320898619322,0.8993328949714887
1,0.25,0.7008946152508383,0.8703405297335137
2,0.25,0.7108560521948896,0.9613824941944582
3,0.25,0.6038061978034014,0.8517373087996127
4,0.25,0.6805386941910243,0.8922418239839064
5,0.25,0.66954630373374,0.860429672575136
6,0.25,0.5666584311717027,0.8614610118708405
7,0.25,0.651770514292396,0.8426777934048183
8,0.25,0.6830322831085671,0.9187747541352828
9,0.25,0.6868517328164077,0.9511532384292705
10,0.25,0.7094347112198838,0.940889354136117
11,0.25,0.5499675207257777,0.8371880967022783
12,0.25,0.6911465047118243,0.882248416820147
13,0.25,0.6229804516963946,0.8956556884165295
14,0.25,0.7380430114980366,0.9208482428889133
15,0.25,0.5833951429231452,0.9075476471905753
16,0.25,0.7448405209466546,0.9695715774618962
17,0.25,0.6598774032432864,0.8046992910720692
18,0.25,0.7398414240074249,0.8740592656755091
19,0.25,0.6812030085037448,0.9068735375712912
20,0.25,0.6756464686215398,0.8711854216494408
21,0.25,0.6881852095390857,0.9406384750525345
22,0.25,0.7389186804921283,0.9574666630774387
23,0.25,0.7080203643388162,0.9109939472813207
24,0.25,0.6467733527572319,0.8972649577619158
25,0.25,0.6145456824728049,0.870353039896975
26,0.25,0.7107859665468664,0.934000462385788
27,0.25,0.6213426590361207,0.8290972853318626
28,0.25,0.562459994114052,0.8791405716241989
29,0.25,0.745459223839987,0.9554080964464754
30,0.25,0.6891856689852663,0.8048545382364272
31,0.25,0.6801244205313111,0.8743869681289012
32,0.25,0.7394552813354865,0.8775231598047228
33,0.25,0.7065788217543296,0.9204801396743776
34,0.25,0.6621878590222405,0.8980619748896304
35,0.25,0.6937000593129714,0.8283294225732217
36,0.25,0.6586094248276328,0.8695225102523699
37,0.25,0.669851902501949,0.863594340458108
38,0.25,0.6682355692933649,0.90196688036194
39,0.25,0.7049736023390379,0.9390171027512115
40,0.25,0.6574838770397745,0.8791164520222341
41,0.25,0.6226804010323386,0.8687897416551077
42,0.25,0.6157918759650763,0.865559119296428
43,0.25,0.6334487643263218,0.8091305505604123
44,0.25,0.6769403635783797,0.9391066748963196
45,0.25,0.642866347723684,0.9296044470746903
46,0.25,0.6884358051023792,0.9446436117851168
47,0.25,0.7112908766081222,0.9168299572872824
48,0.25,0.7393377063861656,0.9115508993374731
49,0.25,0.6364008429876081,0.8207063860758966
50,0.25,0.6970273576251812,0.8945671119053342
51,0.25,0.6203448062344987,0.8470631784682712
52,0.25,0.6919841403284307,0.9220494031445512
53,0.25,0.7104880448584171,0.9949528241850064
54,0.25,0.6047221335399575,0.8340399744947511
55,0.25,0.7411824779351531,0.9537743062148342
56,0.25,0.7013383884881145,0.9453000236537422
57,0.25,0.5258356483083249,0.8873634008803484
58,0.25,0.5832247566054893,0.8664813470457361
59,0.25,0.6221880392401302,0.755314996862795
60,0.25,0.5484938153734334,0.8634105402255405
61,0.25,0.6429485696215759,0.801023523097021
62,0.25,0.7435614610856014,0.9498243132880284
63,0.25,0.6025194265786809,0.8220414955025763
64,0.25,0.7413171247520013,0.9947378146974454
65,0.25,0.6788324282548801,0.8307828628796833
66,0.25,0.5983114725160256,0.8701903033611087
67,0.25,0.739762949465676,0.949876250442186
68,0.25,0.7103237518663522,0.9516513808544795
69,0.25,0.6159405660089318,0.8154341345092543
70,0.25,0.7106422091324973,0.9805252241025851
71,0.25,0.6704348989221295,0.9567452997701783
72,0.25,0.6676467635207551,0.8018324262724976
73,0.25,0.7006359780542758,0.9458565810465341
74,0.25,0.6748490304453725,0.844578663317739
75,0.25,0.6808702997367054,0.9347315839190182
76,0.25,0.7407631580670566,0.9130851739851866
77,0.25,0.6734084955630514,0.9207929334753572
78,0.25,0.5725137890360313,0.8394742258200815
79,0.25,0.7424124317918284,0.9381876001805313
80,0.25,0.7404190188806441,1.013673841435342
81,0.25,0.6788218187351417,0.9370444388705094
82,0.25,0.6240102288683248,0.9153820737658062
83,0.25,0.6377739273345566,0.8599851485509271
84,0.25,0.7421022219341945,0.851366432922841
85,0.25,0.6244836054241567,0.80242666763299
86,0.25,0.6423187618373054,0.8735144555609186
87,0.25,0.6881520369189174,0.8731458411315237
88,0.25,0.6764966939681198,0.86902003293982
89,0.25,0.6841681968723019,0.9028145792313376
90,0.25,0.6481893952259375,0.8839545943593479
91,0.25,0.7444042673690616,0.9658951534440284
92,0.25,0.5861405325712807,0.8924713813065657
93,0.25,0.5107987390606639,0.8206325981238713
94,0.25,0.6813927249810371,0.9827652688488056
95,0.25,0.7393070212401268,0.987315354879171
96,0.25,0.697286987911943,0.8685556240692008
97,0.25,0.561305624415394,0.845840516991469
98,0.25,0.6518237168136787,0.8931211591481824
99,0.25,0.6856685949885416,0.8893126094929787
100,0.25,0.6227932525509897,0.8134730171602189
101,0.25,0.7110675054815414,0.8905249495995576
102,0.25,0.702046113630414,0.8303338369045391
103,0.25,0.664748536799245,0.8866568561228159
104,0.25,0.7032272178731327,0.9644277945979436
105,0.25,0.7335161883804497,0.9383610225902576
106,0.25,0.6925604269946507,0.9384999057530448
107,0.25,0.6937630815144079,0.8539169440874269
108,0.25,0.7111775173073853,0.9275221642716522
109,0.25,0.7435689014182545,0.9197863121880492
110,0.25,0.6205338631754134,0.837392853265879
111,0.25,0.5620451744511613,0.9273310614018608
112,0.25,0.7418450788025571,0.959890310117628
113,0.25,0.6703703398976179,0.9904811661906775
114,0.25,0.6821441936787161,0.8911795134553921
115,0.25,0.7028025816670926,0.8805954107139241
116,0.25,0.46632237935642795,0.7575494397973599
117,0.25,0.5844060316981524,0.8373529138060878
118,0.25,0.5132125551756206,0.8959194223433938
119,0.25,0.70794717979444,0.8998895942239202
120,0.25,0.7092844086364334,0.9431537225345159
121,0.25,0.7101569508316706,0.9108100333089476
122,0.25,0.6754668245346859,0.8356693098137672
123,0.25,0.6802388356799522,0.9109364450751808
124,0.25,0.6763251323161771,0.9565728314109244
125,0.25,0.64693497707761,0.8538707191395462
126,0.25,0.6825054414654526,0.8758464681522563
127,0.25,0.5996491153794149,0.8959972325977383
128,0.25,0.7394648202118218,0.9456435325835825
129,0.25,0.6879139843618295,0.944402028752748
130,0.25,0.5454747668977415,0.8562788257353382
131,0.25,0.7422191517793642,0.984386360653915
132,0.25,0.605236982249859,0.7597850831634012
133,0.25,0.618207237709521,0.8771392234266043
134,0.25,0.6613722292854262,0.8755224613796251
135,0.25,0.705838895026413,0.9114660188799165
136,0.25,0.690242724476544,0.8894274217315757
137,0.25,0.7481380418747988,0.9781884517783977
138,0.25,0.6331879930945862,0.9120420148131189
139,0.25,0.6920944922099505,0.897331696452293
140,0.25,0.7114732497537258,0.9191280316039682
141,0.25,0.6345283318437143,0.786862323362641
142,0.25,0.534880307283468,0.8511213216034557
143,0.25,0.7111653106344544,0.9397735846877117
144,0.25,0.7106762908471316,0.8665860879022648
145,0.25,0.6760963430246406,0.878871078069147
146,0.25,0.6672855753917025,0.9200175376046527
147,0.25,0.679969266247015,0.9087005101223302
148,0.25,0.7115229316227029,0.9049891031265462
149,0.25,0.6695535368557761,0.8786562223065851
150,0.25,0.7111150199663013,0.9549057798619666
151,0.25,0.4951502419847078,0.843887029401514
152,0.25,0.7098110404929364,0.8842583781487573
153,0.25,0.6823225581370337,0.9086592146497299
154,0.25,0.7104527149804019,0.8871712735379864
155,0.25,0.6515854519058738,0.8834993997880566
156,0.25,0.626745067362168,0.8652053030169251
157,0.25,0.675858342783368,0.8690384444821659
158,0.25,0.6959791541082471,0.9307266653045513
159,0.25,0.6940929392330066,0.9114760550544287
160,0.25,0.6660947968649303,0.8888762052447616
161,0.25,0.7027131551009625,0.893310028841112
162,0.25,0.7007985033238991,0.8637256148906873
163,0.25,0.6673174408349908,0.84302944546459
164,0.25,0.5838109699286679,0.8901582983076168
165,0.25,0.7460992154890097,0.9301152803425888
166,0.25,0.6889444381906106,0.9252996680123199
167,0.25,0.5738040622214795,0.8579785067039589
168,0.25,0.6899089561823226,0.9229847758782556
169,0.25,0.7007140520923565,0.9366389477513021
170,0.25,0.6991653853723362,0.8566580773931758
171,0.25,0.6920318281736153,0.836189999755702
172,0.25,0.6982489765635743,0.9789697915868111
173,0.25,0.5668027032285746,0.8749089370775622
174,0.25,0.6471055027613994,0.8473681004685751
175,0.25,0.7110086563723921,0.906356830541379
176,0.25,0.6291897566067238,0.8912326636343006
177,0.25,0.7403795253327804,0.9516941506560762
178,0.25,0.7401185497454561,0.9802984794929919
179,0.25,0.7099872303896136,0.9589089002547413
180,0.25,0.6811005421390087,0.9269793421134779
181,0.25,0.6724419037752146,0.9096859151474945
182,0.25,0.5121217110011405,0.8676819750296284
183,0.25,0.7044612263653204,0.9005716808771712
184,0.25,0.6683776474096637,0.8478100024949237
185,0.25,0.7408968927035153,0.9183123468634181
186,0.25,0.6842296875265498,0.8336712997018203
187,0.25,0.6421927705412369,0.9240767675217547
188,0.25,0.6732111043322588,0.8985652212015687
189,0.25,0.7433945899137794,0.9638308441733998
190,0.25,0.6785425773528468,0.8694525323823794
191,0.25,0.7057565097838333,0.9017853798159009
192,0.25,0.7106742252410548,0.919594825295807
193,0.25,0.7421975970246298,0.9616121071029572
194,0.25,0.5497357327964614,0.8292969537002609
195,0.25,0.5991050981239339,0.9004830325414906
196,0.25,0.6659948021228466,0.8816713503159355
197,0.25,0.6663094469282865,0.9074211852447729
198,0.25,0.6824217702507986,0.9994930594623643
199,0.25,0.6203119297580639,0.8631095965956185
200,0.25,0.74273486806254,0.9752162923242828
201,0.25,0.6982392978455803,0.9332788577878817
202,0.25,0.709065511254085,0.9217045661497126
203,0.25,0.6118779359649298,0.827678052157116
204,0.25,0.5562135095337201,0.8588506306352744
205,0.25,0.688381753987856,0.905424452583366
206,0.25,0.5137752372505725,0.9007550701875073
207,0.25,0.6108777017954367,0.8565175897768637
208,0.25,0.7379826530866401,0.9237246523623666
209,0.25,0.55279354244297,0.9016638643339344
210,0.25,0.6711770126149248,0.9105220092032908
211,0.25,0.6796710105554964,0.9265542689611671
212,0.25,0.7090835857127558,0.8086419613358138
213,0.25,0.6774421735329654,0.8740639160229118
214,0.25,0.6384246853562933,0.8799107694549534
215,0.25,0.6934789763163002,0.9190718041470807
216,0.25,0.7089082267214329,0.9806474339845216
217,0.25,0.6681275638326434,0.9170425045802901
218,0.25,0.742517843383414,0.9443809626356088
219,0.25,0.6459677437488682,0.9100758292119605
220,0.25,0.6619196612277101,0.9142215572018003
221,0.25,0.7072066230324978,0.9531709401385657
222,0.25,0.6756695653648987,0.9255129417741697
223,0.25,0.6886150989154157,0.8408489451610791
224,0.25,0.674995661011481,0.8733254981877697
225,0.25,0.7093501096343934,0.9160630124230436
226,0.25,0.5545796075551225,0.7920654611398333
227,0.25,0.6965920030687038,0.9065233705205201
228,0.25,0.7038969340574616,0.9533624796365082
229,0.25,0.6857878421429597,0.8874703469320145
230,0.25,0.677981355639284,0.9573589342771546
231,0.25,0.6892979249436294,0.955217040057105
232,0.25,0.6695516775183442,0.918627108136346
233,0.25,0.6347607462204349,0.9207784425785538
234,0.25,0.7092423674871989,0.8829681652389137
235,0.25,0.5493253135627142,0.8593805143933448
236,0.25,0.6332496248835061,0.9202846808682279
237,0.25,0.5468803993460725,0.8269173224098639
238,0.25,0.5642389074743338,0.8218413075183053
239,0.25,0.7440014878211239,0.9419850766954104
240,0.25,0.7077996043689493,0.947184378466417
241,0.25,0.7288393671933819,0.877010503562599
242,0.25,0.6910696047051187,0.9604498499464843
243,0.25,0.7083991005754289,0.9124713616277603
244,0.25,0.7105685042100635,0.8617349854258674
245,0.25,0.7046092324436435,0.9218191020826549
246,0.25,0.6734973780860386,0.8907646717922396
247,0.25,0.7435976912502444,1.0042963145518895
248,0.25,0.6852663498189173,0.912184627909791
249,0.25,0.6897144220578464,0.910075254180555
250,0.25,0.7487220069738807,0.9301153821067263
251,0.25,0.6064084585126212,0.8487334428814622
252,0.25,0.5855997355322694,0.8319453299127411
253,0.25,0.5602742081756541,0.9360708847592916
254,0.25,0.6780549540410344,0.8418443963826268
255,0.25,0.642766154349357,0.8483965921918417
256,0.25,0.6932900388750043,0.823473800404281
257,0.25,0.6871919559429417,0.9170308156650718
258,0.25,0.6700115953313394,0.86093941360779
259,0.25,0.6359038151929127,0.876116404653763
260,0.25,0.6823864481518548,0.8651729165023907
261,0.25,0.5615908333268015,0.9097475088566302
262,0.25,0.7107304284119027,0.9639501513686963
263,0.25,0.6130001104324422,0.8703100985232186
264,0.25,0.6413387026680637,0.8054477549606809
265,0.25,0.6704106338464355,0.8746176058201464
266,0.25,0.6739883903131099,0.8960320434165515
267,0.25,0.5794851042529531,0.8512788548289206
268,0.25,0.6928466624162962,0.8841770875142827
269,0.25,0.7401734714381241,0.8605483354263226
270,0.25,0.6168534715090725,0.8582376261842467
271,0.25,0.7087459726669685,0.9998594952742236
272,0.25,0.7297660259613443,0.8765780426377363
273,0.25,0.6306631653719346,0.8460518565825994
274,0.25,0.7035915542576084,0.9464847939443723
275,0.25,0.6289204676102684,0.8762794484785319
276,0.25,0.6149848248613342,0.8800748171470059
277,0.25,0.741692778939723,0.9217333721414812
278,0.25,0.6843130799150641,0.9279970749989515
279,0.25,0.6891738203231992,0.8557334608735956
280,0.25,0.6760613085881686,0.9070525282871734
281,0.25,0.6181694642579714,0.8595841582686199
282,0.25,0.6932518098936798,0.8913577068437708
283,0.25,0.654344816833527,0.8897107537565839
284,0.25,0.627893024880131,0.8118983490259953
285,0.25,0.7114425932037282,0.9063520264625576
286,0.25,0.6717923400104656,0.8741767546154516
287,0.25,0.6571344638284156,0.8349575118521173
288,0.25,0.5990322045672478,0.8813815084636647
289,0.25,0.6969455979484284,0.8521309914539457
290,0.25,0.6117049003331679,0.907746096518338
291,0.25,0.7023442286671265,0.8947683952061424
292,0.25,0.6795558609890565,0.8958334159870744
293,0.25,0.7080976019706409,0.929662790745396
294,0.25,0.6656867037232671,0.904290863595378
295,0.25,0.671288112017156,0.8344069126130836
296,0.25,0.6732412674481835,0.8524482503223907
297,0.25,0.6519863105840616,0.8567697286285657
298,0.25,0.6985092106345485,0.8878531082556362
299,0.25,0.743543958544066,0.9152427215897241
300,0.25,0.7000563993794267,0.9054650390869513
301,0.25,0.741162686962692,0.8653747647542548
302,0.25,0.6943393665600468,0.9029244358767565
303,0.25,0.5932730403926113,0.786100369957763
304,0.25,0.4489909121083065,0.9499539271800914
305,0.25,0.6804310366015504,0.9069509102378336
306,0.25,0.7029747443798311,0.8676434673400268
307,0.25,0.6261687675756331,0.9153479537791589
308,0.25,0.6984044801090792,0.8849352814642067
309,0.25,0.6717367362747,0.8524819508174757
310,0.25,0.7030305012890244,0.8951204740464455
311,0.25,0.7081844453003651,0.9090354835638719
312,0.25,0.6762764975911164,0.862970475017316
313,0.25,0.622330541826662,0.9056987621645696
314,0.25,0.64743955005757,0.863562009533064
315,0.25,0.6160264729690296,0.8742218500047372
316,0.25,0.6991129256657197,0.9103848787850239
317,0.25,0.6890955268054061,0.9295742931329112
318,0.25,0.7412806148759225,0.9202097530601998
319,0.25,0.7035932601249222,0.930153709613814
320,0.25,0.677080577682859,0.8041720929437601
321,0.25,0.7074973713356991,0.909462258082684
322,0.25,0.5972506857028389,0.8626839777938268
323,0.25,0.6064320573188778,0.8986111078139681
324,0.25,0.6975533457506304,0.8490727245477728
325,0.25,0.7561858060726394,0.9591843670891254
326,0.25,0.7457588845733507,0.9287512448927213
327,0.25,0.548659161129962,0.8460052630625324
328,0.25,0.4520177674138942,0.8453032504362957
329,0.25,0.7012676419444421,0.9356151570650455
330,0.25,0.6894202468660688,0.9146535086211594
331,0.25,0.6706457404569548,0.8541922668422981
332,0.25,0.6611905207297979,0.906482460923499
333,0.25,0.6928554351120324,0.8666789154653146
334,0.25,0.737780333881627,0.9110661237149779
335,0.25,0.6968897795161223,0.9164888123042081
336,0.25,0.6592330427562085,0.8688828353752658
337,0.25,0.6571231370946541,0.9011558846564565
338,0.25,0.7404619441817936,1.0043649991536976
339,0.25,0.6749700405157875,0.8810194414942234
340,0.25,0.7002066572653401,0.9430034972776653
341,0.25,0.6390162399561601,0.8768252642031226
342,0.25,0.7016614976999306,0.9524118738982483
343,0.25,0.6722306262011752,0.8766969690857273
344,0.25,0.7414729497487095,0.8519098410277487
345,0.25,0.7413062924111394,0.9018031680361159
346,0.25,0.5204575639191741,0.8674081208691209
347,0.25,0.6821182520304953,0.8676738469200823
348,0.25,0.7394461187929096,0.9258659081023953
349,0.25,0.6969294406066868,0.9327797161094645
350,0.25,0.6782977381230345,0.9080269608325745
351,0.25,0.6323218832272317,0.8632456516948902
352,0.25,0.6282522006507253,0.8934888911939177
353,0.25,0.7402813224508432,0.9230517566913372
354,0.25,0.6667129244859652,0.8393081030970644
355,0.25,0.5052339570397598,0.8667296149983547
356,0.25,0.6799468807893196,0.8752424967013706
357,0.25,0.736695567652277,0.9160977495974068
358,0.25,0.6387534193918131,0.8199818633767013
359,0.25,0.6100310403318143,0.8846589133773202
360,0.25,0.7466370887792401,0.9812017655257956
361,0.25,0.7343932803910906,0.9194617569392584
362,0.25,0.6831381007559083,0.8911351096070548
363,0.25,0.6769999667267627,0.7916178297722007
364,0.25,0.6716896726510824,0.8778712557346626
365,0.25,0.6616199336536586,0.8349363439771749
366,0.25,0.6699512570941358,0.8606639998246579
367,0.25,0.7100222930593145,0.9017417046923921
368,0.25,0.690759431929966,0.9216697381300905
369,0.25,0.5192761898699704,0.8372097017925638
370,0.25,0.4466134069073451,0.7803678366954323
371,0.25,0.5724957879558812,0.8333206527683935
372,0.25,0.6736628813792838,0.8513451360445162
373,0.25,0.6566977719270403,0.9321839081063005
374,0.25,0.6477482353902884,0.8679947552621112
375,0.25,0.7483509511517957,0.9568894874928193
376,0.25,0.7031741353872768,0.9260913021345459
377,0.25,0.711166504443124,0.9415137834018313
378,0.25,0.4346800195499671,0.9023668242686128
379,0.25,0.6767005573587631,0.8751059559575017
380,0.25,0.676201835565852,0.8407247751305106
381,0.25,0.6201302186734972,0.834316413506313
382,0.25,0.705378253585415,0.956180637524745
383,0.25,0.6097912273839703,0.8663924811842335
384,0.25,0.7112906081445797,0.9181560210327399
385,0.25,0.6199172813719098,0.8443782788616391
386,0.25,0.6285915104588736,0.9024132736778167
387,0.25,0.6415089071331607,0.8504089147857151
388,0.25,0.6974288262384499,0.9442039744757773
389,0.25,0.665788380708766,0.8926790456786845
390,0.25,0.5795339939906806,0.8497059865588047
391,0.25,0.5949751712749098,0.8127421015876684
392,0.25,0.5013261714726813,0.8402596403527988
393,0.25,0.6873700607756903,0.811108497394856
394,0.25,0.711322340983727,0.9081934648783749
395,0.25,0.706319224125557,0.9422513293915555
396,0.25,0.6414654376052508,0.8925267652386795
397,0.25,0.6695174348182453,0.8907621926217476
398,0.25,0.6745793258423831,0.9707095780023234
399,0.25,0.7433624701064897,0.9826268153528884
400,0.25,0.6877461369702559,0.9120930246753652
401,0.25,0.6766579574557832,0.8986704205007079
402,0.25,0.6943826546476765,0.9296236393665909
403,0.25,0.6713786432498565,0.8622905120530919
404,0.25,0.5645424759914077,0.8704329006561144
405,0.25,0.7392343478790422,0.9271640884500109
406,0.25,0.5542822298969757,0.8825005733876896
407,0.25,0.6976799270873035,0.9307136835608019
408,0.25,0.6597248829459401,0.8739130931732283
409,0.25,0.7448398908609122,1.0055690186702801
410,0.25,0.5472802480416704,0.7453532907564286
411,0.25,0.6625256709167817,0.8137459610734123
412,0.25,0.6244588217985226,0.8790563534526236
413,0.25,0.7099360915529415,0.9050438182275418
414,0.25,0.6258138877317446,0.8583505444787328
415,0.25,0.6918093264909689,0.9579964650535857
416,0.25,0.5745541823051827,0.7965939459000527
417,0.25,0.5523829000708734,0.8969465414001737
418,0.25,0.6580002035453585,0.8311887167938786
419,0.25,0.4423537501878772,0.7936490879922428
420,0.25,0.6888746475446523,0.9030745415781273
421,0.25,0.703846157888686,0.9028044633437912
422,0.25,0.6960197685353268,0.893829993121512
423,0.25,0.6792650672590903,0.8888177196562337
424,0.25,0.5785788181655265,0.8794838370705808
425,0.25,0.6154577180244886,0.8857119477032388
426,0.25,0.7394364372601386,0.9443559619031993
427,0.25,0.5661274282866174,0.8261770679955405
428,0.25,0.6894467636453753,0.89147660867115
429,0.25,0.5649999830259405,0.8333533970207271
430,0.25,0.6618999142930633,0.8689331396646781
431,0.25,0.6189549337667855,0.85163251428683
432,0.25,0.6930082553072575,0.8600769127604777
433,0.25,0.7103951983785639,0.9365394727676307
434,0.25,0.7384004710438099,0.9423758854497492
435,0.25,0.6837032039329665,0.941120155880349
436,0.25,0.6229347194074593,0.7687452086031537
437,0.25,0.7061065341079855,0.9177867568464918
438,0.25,0.6890191151237902,0.8371242629552096
439,0.25,0.6764466730045436,0.869029177023743
440,0.25,0.6810988752814607,0.9174892699543504
441,0.25,0.6930960525348214,0.9143117686136237
442,0.25,0.68626763855012,0.9487477512309624
443,0.25,0.7042921317518435,0.9624253795178777
444,0.25,0.6711038316008869,0.94228789044348
445,0.25,0.6673811963038911,0.8812603235210468
446,0.25,0.699993072076415,0.9093720644347816
447,0.25,0.7002759689140459,0.9188985895976889
448,0.25,0.74256001263722,0.9442422480821183
449,0.25,0.7038233228960744,0.8549539584750023
450,0.25,0.7044277289737022,0.845133818076265
451,0.25,0.6272406693512279,0.8550615476811696
452,0.25,0.7402838181755393,0.9366165084021374
453,0.25,0.7423017179605438,0.9426199495492608
454,0.25,0.7111776450756553,1.0189869244864607
455,0.25,0.7020392427361345,0.8953892133307785
456,0.25,0.6230895644114386,0.8781442110779993
457,0.25,0.630714947542267,0.8920991786369348
458,0.25,0.7031007894515021,0.9454413567502744
459,0.25,0.6417366652297356,0.9022978344937704
460,0.25,0.6692320550666175,0.8712643893776016
461,0.25,0.6721133208857487,0.8535429230492224
462,0.25,0.7437025540665572,1.025311377221811
463,0.25,0.5570975457617077,0.8014024959596137
464,0.25,0.6983423385570448,0.8872137687004159
465,0.25,0.6982762428320022,0.9173776527107557
466,0.25,0.6689470726355492,0.8529433809219621
467,0.25,0.7081736165140268,0.922286325400127
468,0.25,0.6049703754782515,0.8704758155505411
469,0.25,0.6231335365917643,0.8876365292902555
470,0.25,0.7109790166026911,0.9725568179437705
471,0.25,0.5207632066417682,0.8317110018787031
472,0.25,0.6720479103809138,0.9286780591780487
473,0.25,0.6966684466471471,0.9203204086510411
474,0.25,0.6087995402504875,0.8811212962063718
475,0.25,0.7103506586166707,0.9360512383126574
476,0.25,0.6909434050485523,0.8700312468320726
477,0.25,0.695688456092302,0.8673309765863939
478,0.25,0.7084035873142773,0.9035079640479907
479,0.25,0.6963631778543984,0.8552663263690827
480,0.25,0.5545022495238938,0.8630902871050021
481,0.25,0.7103318332144298,0.9042762515626979
482,0.25,0.7112047932911013,0.9566773419358434
483,0.25,0.5711163837019022,0.7830218884363657
484,0.25,0.5230832726764998,0.8279191915321444
485,0.25,0.6372927699774483,0.7946190395211505
486,0.25,0.7362975212166613,0.9197837187820711
487,0.25,0.7510313501549335,0.9910607268038638
488,0.25,0.6053381887324361,0.8568934717573734
489,0.25,0.6065549247729418,0.8459854291725284
490,0.25,0.7114785437699315,0.8994102184892121
491,0.25,0.5897031918020018,0.8415207886902236
492,0.25,0.6729332507055051,0.9157981841502614
493,0.25,0.6094285553104134,0.8426108337933675
494,0.25,0.6698325593313231,0.8546232717798887
495,0.25,0.7014383492833636,0.9629406554146418
496,0.25,0.730575266587929,0.8457753161271363
497,0.25,0.6938769363702452,0.9255663878772671
498,0.25,0.7064040936012751,0.9431257114490758
499,0.25,0.629718813373409,0.8619810976510115
500,0.25,0.620194942798771,0.8129153241421556
1,0.3,0.5695276212677498,0.8540685640837714
2,0.3,0.6740202423423695,0.9068287537648856
3,0.3,0.578396521673738,0.839022169357288
4,0.3,0.6958567169668276,0.8721580319579355
5,0.3,0.6795387067691213,0.8897318443800639
6,0.3,0.6313223045554017,0.8986696609670255
7,0.3,0.7048661008501129,0.9305934119445962
8,0.3,0.5781220254017866,0.8335379429109567
9,0.3,0.682527039900763,0.9445973098304291
10,0.3,0.7354292307731873,0.9566887589116775
11,0.3,0.6887142958489091,0.9516335853230546
12,0.3,0.652507074577735,0.8055428424013387
13,0.3,0.688834873081824,0.8761055822199281
14,0.3,0.5523752457133972,0.8109980206295271
15,0.3,0.698524444449583,0.9405003303717869
16,0.3,0.6795057110490217,0.9155868535567044
17,0.3,0.6811820697197227,0.8909897151461211
18,0.3,0.7109386115328918,0.9001015604780677
19,0.3,0.6990005394251351,0.8925158687917943
20,0.3,0.6503705086622212,0.8453857252059156
21,0.3,0.6313612121292876,0.8392625844249969
22,0.3,0.6863406248674477,0.9312492235648685
23,0.3,0.6200872691072528,0.813281159602338
24,0.3,0.6337242721049731,0.8491369421567703
25,0.3,0.6906338943641103,0.9438089552646076
26,0.3,0.7099724773452407,0.9003882759692178
27,0.3,0.5018676361120553,0.825321267131429
28,0.3,0.6736457297424767,0.9349633824873439
29,0.3,0.6137436624981646,0.8249484910183779
30,0.3,0.6793850581163589,0.936041239679309
31,0.3,0.6259821363901684,0.8492009221050554
32,0.3,0.6766571409357411,0.8644117336403349
33,0.3,0.6490500483345742,0.8483118311177997
34,0.3,0.6638385700137758,0.9109117585993332
35,0.3,0.7431445780406843,1.0001716142171144
36,0.3,0.7405506305775305,0.9452860599855951
37,0.3,0.6230384391252224,0.8169498101729602
38,0.3,0.7114584507401047,0.9641990628853997
39,0.3,0.7083523838620499,0.9075808740758499
40,0.3,0.6327923435576721,0.8886245644596267
41,0.3,0.6388005314574271,0.9317162141391009
42,0.3,0.7072815324852469,0.9078112339035144
43,0.3,0.6993837263333179,0.9366635444824623
44,0.3,0.6810572309037161,0.8115966405650109
45,0.3,0.6254840376768854,0.9135895348070606
46,0.3,0.637870080620336,0.9243223017784338
47,0.3,0.6781568578568286,0.8379411956555087
48,0.3,0.6171827170891003,0.823585092608044
49,0.3,0.6969947075271611,0.9198336335047742
50,0.3,0.7107041570112528,0.9364005742214951
51,0.3,0.6871125108417316,0.8741459885927231
52,0.3,0.745880369902903,0.9358314925239865
53,0.3,0.632124312548152,0.8375028145089933
54,0.3,0.6924286116315482,0.9420509377156241
55,0.3,0.7004310879719293,0.9029473663429579
56,0.3,0.7075203799005122,0.9558434375993179
57,0.3,0.6243883279560688,0.7969276020205616
58,0.3,0.7417135222014337,0.9017301413604203
59,0.3,0.649010676422009,0.8314996809142764
60,0.3,0.7361194305848966,0.9783913235214002
61,0.3,0.6774963962769501,0.8527415699174336
62,0.3,0.7432796847796252,0.9921587263116507
63,0.3,0.6659777376122947,0.903919960104242
64,0.3,0.7078169180299795,0.9339548322053277
65,0.3,0.6727964779325983,0.8964275518150386
66,0.3,0.6997198613010366,0.8628540142806185
67,0.3,0.6650147873277994,0.8635884575826722
68,0.3,0.6832860419192087,0.888732895694613
69,0.3,0.5875058163947344,0.86198185709628
70,0.3,0.6576040388725681,0.8350848438083028
71,0.3,0.7408518535111545,0.892815665583365
72,0.3,0.700961175249729,0.8304169459259907
73,0.3,0.7061285514150424,0.8815929876772146
74,0.3,0.6665891732555735,0.8044808038704356
75,0.3,0.6202667129189978,0.8046128933104072
76,0.3,0.6224750833866727,0.9153061356798792
77,0.3,0.6783704999024228,0.9018541768472731
78,0.3,0.6906688083826001,0.899717818565811
79,0.3,0.6368018252789907,0.9138153236831593
80,0.3,0.7393992789152053,0.8476106694969018
81,0.3,0.6796327813469967,0.9128393984666713
82,0.3,0.6184103570043212,0.7918473818677252
83,0.3,0.6554855492153224,0.8895698921305812
84,0.3,0.5716494465956388,0.8540144340023889
85,0.3,0.6949066168599763,0.8691130591329973
86,0.3,0.7099712654829732,0.9073673837648297
87,0.3,0.6619779283656039,0.8858685660340194
88,0.3,0.69050670787318,0.906245076424535
89,0.3,0.6761177827505336,0.8712105261915796
90,0.3,0.7110566339456117,0.8949553217237299
91,0.3,0.7495113790943054,0.9681304837522017
92,0.3,0.6760477311965006,0.8809297479301228
93,0.3,0.650293950838994,0.8670370828874864
94,0.3,0.6945958710180249,0.9022833554856142
95,0.3,0.625454480470757,0.8649586526507038
96,0.3,0.6971232095871266,0.8434152552774319
97,0.3,0.7422407248715854,0.9506300817427431
98,0.3,0.6205836886351734,0.8206376268817306
99,0.3,0.5823054400321379,0.8904420031668873
100,0.3,0.6969526158832714,0.9256963370882079
101,0.3,0.6388867622814729,0.8353796194354532
102,0.3,0.7396898627556994,0.9580899457797232
103,0.3,0.6910105686909699,0.8260840095526049
104,0.3,0.6693091309690964,0.8509604366571303
105,0.3,0.7339710258042105,0.8994587387744819
106,0.3,0.710433780113047,0.9381963332252655
107,0.3,0.6328347610488602,0.8833645841754183
108,0.3,0.7439051141164702,0.9083057525365197
109,0.3,0.43375228910203517,0.8461069119347393
110,0.3,0.6864258269203055,0.9161583096770296
111,0.3,0.6711011651265895,0.899637460577142
112,0.3,0.5701427281326801,0.8020989627085123
113,0.3,0.7033910622330033,0.9296851161322682
114,0.3,0.6737862942089545,0.9238929070023608
115,0.3,0.7091887190613475,0.884553641702716
116,0.3,0.7364962240230872,0.9790616421854021
117,0.3,0.6662663922380719,0.8040934907449436
118,0.3,0.705769543391102,0.9110517076469948
119,0.3,0.6982514456630142,0.9503504403693043
120,0.3,0.6781268629264541,0.8923769587791628
121,0.3,0.6008621190535408,0.8765778189116988
122,0.3,0.6641247635386459,0.8661279162265135
123,0.3,0.6743645814961449,0.8596334933458518
124,0.3,0.7363269037749834,0.9480660619873069
125,0.3,0.687962956436005,0.9075227414616324
126,0.3,0.6486531610077502,0.893031946548326
127,0.3,0.49120935748719374,0.8731029356453536
128,0.3,0.7048161237515369,0.9650242753063146
129,0.3,0.6870090915105131,0.9219912627621955
130,0.3,0.6722384796166146,0.8444415998433076
131,0.3,0.6857533119869899,0.8452626132409233
132,0.3,0.6723542882275252,0.9063202558253228
133,0.3,0.6446303858219962,0.865599064563781
134,0.3,0.6811833076019137,0.879374749997198
135,0.3,0.6417931120068029,0.8833062751657621
136,0.3,0.46379477304055744,0.8735556484234505
137,0.3,0.6935683381963272,0.8902398941192127
138,0.3,0.7408622503575469,0.9266241933439209
139,0.3,0.6847963592046714,0.8799878232161896
140,0.3,0.6999456270799316,0.9191642256339259
141,0.3,0.6539971021199592,0.8817734639500979
142,0.3,0.6341782774789272,0.8753583514296895
143,0.3,0.6751640234848634,0.9493663041929972
144,0.3,0.6456844616422384,0.8333478350647171
145,0.3,0.6969053966920963,0.8955595693802872
146,0.3,0.6152398779687409,0.9120558673619369
147,0.3,0.6737863496154548,0.8391688115900974
148,0.3,0.6734273105971433,0.8859528515031216
149,0.3,0.7381626174358397,0.9363949335643671
150,0.3,0.6920504403386198,0.9579670664666136
151,0.3,0.6345039836647615,0.8299079950756519
152,0.3,0.6067012077504957,0.8680143673270582
153,0.3,0.7420775197827616,0.9540752141398039
154,0.3,0.7103619863518732,0.865144436707801
155,0.3,0.7070555732878099,0.8981438071510613
156,0.3,0.7375709409926373,0.9221416856729268
157,0.3,0.741050486210356,0.8904754197370578
158,0.3,0.7033115818844945,0.9764619435427717
159,0.3,0.6338408502494091,0.8702859311162949
160,0.3,0.7046631245242783,0.9449847172184767
161,0.3,0.5553124576591938,0.8235579199120966
162,0.3,0.6988888083129359,0.9012226380679875
163,0.3,0.6103666990785845,0.8652131463316126
164,0.3,0.7485772849788713,0.8956810034816929
165,0.3,0.7070963985869139,0.87369135115292
166,0.3,0.6468462535753623,0.8846217402406364
167,0.3,0.710224658263621,0.9039979410888412
168,0.3,0.7104779898931334,0.9352025436894669
169,0.3,0.6810466143269378,0.8723283188321312
170,0.3,0.6770167250042173,0.880453193027606
171,0.3,0.638563181851429,0.9003426227803129
172,0.3,0.6861014340636761,0.8876724237452276
173,0.3,0.7108460162558542,0.9975522223753035
174,0.3,0.6892382043257141,0.8937156763577446
175,0.3,0.6860819642959729,0.9098729079332961
176,0.3,0.6487084922653906,0.8165202833673949
177,0.3,0.5594352799783113,0.8719624335698998
178,0.3,0.6877600882382428,0.8030710315414564
179,0.3,0.5075269578134796,0.8603974150547515
180,0.3,0.6818815109380514,0.8927360976092897
181,0.3,0.6770275763292773,0.8933698586566247
182,0.3,0.6548669245551694,0.9225091138238471
183,0.3,0.7372816160424306,0.9243370970014952
184,0.3,0.6302115279591468,0.8432777294871879
185,0.3,0.6701746675871453,0.8774318924359024
186,0.3,0.5960397812702373,0.848689185852803
187,0.3,0.6814684832313371,0.9068597990156707
188,0.3,0.6717973603743478,0.9582199611284787
189,0.3,0.6723892445925312,0.9232363183636729
190,0.3,0.6666301123566235,0.8879728072424133
191,0.3,0.7369350217082768,0.9727817683179112
192,0.3,0.740958575031362,0.9398791427358634
193,0.3,0.742833443030436,0.870969511387159
194,0.3,0.6750670337912685,0.8998386002394748
195,0.3,0.49850799947455854,0.8669894859477955
196,0.3,0.7400450019842532,0.9009783547148739
197,0.3,0.6178180940955117,0.8471668511844143
198,0.3,0.745910708070993,0.9226222302749528
199,0.3,0.7109396023455656,0.946619709450318
200,0.3,0.6434253379852459,0.9527681313438874
201,0.3,0.7052274249119822,0.9210755943546873
202,0.3,0.5723811307512829,0.8422405363411628
203,0.3,0.709454876545252,0.9351572561671117
204,0.3,0.6298249719348782,0.8379090910671515
205,0.3,0.7114190381920467,0.9160527033259266
206,0.3,0.6800110433529593,0.8455878180375589
207,0.3,0.5823431959948049,0.8867721558850662
208,0.3,0.7429918280656085,0.974933159688306
209,0.3,0.7439491727296594,0.9741166430303039
210,0.3,0.6836631788266477,0.9015236340136195
211,0.3,0.6717717984532698,0.87940775741648
212,0.3,0.7105072702607489,0.962777754526412
213,0.3,0.6725829046454379,0.8644987200250547
214,0.3,0.5458493989130507,0.8265772264582703
215,0.3,0.665366208365754,0.8064745995407492
216,0.3,0.643302892213746,0.8299895852950155
217,0.3,0.710829061015009,0.9248089906038023
218,0.3,0.6061713276809994,0.8379195346960658
219,0.3,0.680136479125325,0.9395350622614641
220,0.3,0.7443277258141545,0.9663416670978878
221,0.3,0.7058325602960285,0.9255524672279866
222,0.3,0.5622838174364161,0.8812737068444193
223,0.3,0.7075727425044241,0.9842822456718688
224,0.3,0.6318807158120587,0.8653271394505404
225,0.3,0.6837448089156604,0.871064483144265
226,0.3,0.6606075478459699,0.9162087603550163
227,0.3,0.7087041670270707,0.9637966794102449
228,0.3,0.7454753180402096,0.9228307930115228
229,0.3,0.7384775342363611,0.9405777295606422
230,0.3,0.7045497146123592,0.9447645130219798
231,0.3,0.6532802028196857,0.8991421220278831
232,0.3,0.7514267276778197,0.8797077362932746
233,0.3,0.6520146890997883,0.8839152954884669
234,0.3,0.6588757052230978,0.8266227109247086
235,0.3,0.6758977681182446,0.9486615258126031
236,0.3,0.6976387883257759,0.9670672235584684
237,0.3,0.6812219964327,0.9004808452810433
238,0.3,0.5013715041942126,0.8209768272677789
239,0.3,0.7433542390701384,0.945384076025858
240,0.3,0.7404241073036274,0.9120914325329501
241,0.3,0.6378254449047959,0.873199823902629
242,0.3,0.6331376416449166,0.857222334995268
243,0.3,0.7063263929738874,0.9029491011759092
244,0.3,0.6912832496712841,0.8975497716774282
245,0.3,0.695918286396022,0.9376668362485544
246,0.3,0.6084381785276607,0.8311717417154704
247,0.3,0.6779498901867153,0.9005198262123619
248,0.3,0.6625392464472158,0.8330165855009259
249,0.3,0.6949064221317311,0.8729432717008834
250,0.3,0.6606157018375994,0.8414664030416659
251,0.3,0.622647165904154,0.8223474896833224
252,0.3,0.7408654853497241,0.9459291839399112
253,0.3,0.6961228779241072,0.9117057450192056
254,0.3,0.7407709982385844,0.9608165927801388
255,0.3,0.6633233172890144,0.8923644637371114
256,0.3,0.677150799829399,0.8036969513469536
257,0.3,0.6460663713773868,0.9169184983303621
258,0.3,0.679792803590362,0.920526207065024
259,0.3,0.5573725305487567,0.8974961971764324
260,0.3,0.6388983956642093,0.8448557501228888
261,0.3,0.7005233395269445,0.9460087209609663
262,0.3,0.646789920490882,0.8949757835440516
263,0.3,0.7390580340269477,0.8940655423460735
264,0.3,0.6720118278614197,0.9093800648153282
265,0.3,0.6932630037267916,0.9562265993271121
266,0.3,0.6884422814753568,0.8647855855046794
267,0.3,0.6240838555114298,0.8558817787427871
268,0.3,0.7099506172126746,0.915787295815621
269,0.3,0.7104954438125581,0.8726231248039398
270,0.3,0.7107174058862124,0.8839384238055072
271,0.3,0.6467946486364488,0.8616141131316295
272,0.3,0.6212923222773845,0.8611801995550681
273,0.3,0.744451960549123,0.9758075620956745
274,0.3,0.7032686513413733,0.8324072998051039
275,0.3,0.7051870944606271,0.9179830634796169
276,0.3,0.6825154806685095,0.9063118011918234
277,0.3,0.7405782594280028,0.9547001346378637
278,0.3,0.6869329450531008,0.9454704332525082
279,0.3,0.6944452626940919,0.9077992273612434
280,0.3,0.6677268116228079,0.8848037478811909
281,0.3,0.6705181689904045,0.8994601095113817
282,0.3,0.6281216660738258,0.9452855393384838
283,0.3,0.7095850177132831,0.9177479945828092
284,0.3,0.6516139322459685,0.8903069633485223
285,0.3,0.666702453475729,0.8554206585414676
286,0.3,0.7034176381552828,0.9074368017980826
287,0.3,0.6694369063385701,0.8661111378621258
288,0.3,0.692509469767512,0.9496522655321302
289,0.3,0.7404022002838281,0.9450899529766688
290,0.3,0.5746273465867775,0.8232341648203386
291,0.3,0.6331141856610166,0.8593391834862383
292,0.3,0.6838187179784825,0.9212901412862065
293,0.3,0.6116468928800871,0.895205773045173
294,0.3,0.746953440659313,1.0532693849896908
295,0.3,0.7349333391066454,0.8957986240310102
296,0.3,0.664409353291087,0.8039709004419207
297,0.3,0.5302753162139793,0.8090562567111684
298,0.3,0.7469006498286253,0.9550935963578858
299,0.3,0.5697177002554887,0.8609332918850358
300,0.3,0.6130230754149796,0.8777137928289348
301,0.3,0.7111548430317878,0.9363987791237758
302,0.3,0.7031018315447989,0.8900112696171173
303,0.3,0.7004419583562442,0.92390725416136
304,0.3,0.7380348198815024,0.9456499848919876
305,0.3,0.6703931482308537,0.917841027218793
306,0.3,0.7099025094583132,0.8830606766716068
307,0.3,0.7096441662383678,0.9392904634433
308,0.3,0.6799014449679316,0.8755266861663498
309,0.3,0.6987235984418461,0.9402903147301346
310,0.3,0.6131523680982796,0.8100170141042176
311,0.3,0.6763264596012415,0.8913392247070463
312,0.3,0.6758895255283052,0.9852805600525976
313,0.3,0.6766731729291225,0.8893897244729817
314,0.3,0.743095807832138,0.9762157347046871
315,0.3,0.6750820078980483,0.9116886779089518
316,0.3,0.6989624018694361,0.9107176378893537
317,0.3,0.6997173415006518,0.890389315929997
318,0.3,0.6994878705740567,0.9283077911425172
319,0.3,0.7043508061157341,0.9064397309070944
320,0.3,0.6655489891234663,0.7826564761010117
321,0.3,0.6880181766200544,0.9019437530265475
322,0.3,0.6427322901384566,0.8834937222022187
323,0.3,0.7446710746047402,0.9732506212894789
324,0.3,0.45653777291058123,0.8750516810303435
325,0.3,0.7527551865497745,1.0164372876317822
326,0.3,0.6759398454173863,0.8576897319546095
327,0.3,0.698256534766234,0.8443146304841761
328,0.3,0.6732474457835351,0.8198475595854465
329,0.3,0.5601386738196373,0.7879100118543316
330,0.3,0.5676081532809938,0.8040406582287999
331,0.3,0.7050062473542558,0.9382137416213607
332,0.3,0.6669416301781266,0.9147927750767371
333,0.3,0.7105206429237307,0.9097369441125011
334,0.3,0.6821710018619029,0.9583577761063958
335,0.3,0.708345138497041,0.9165761544495532
336,0.3,0.7106211803990766,0.9665065770958661
337,0.3,0.6155529572144695,0.7772335328527418
338,0.3,0.690283394506091,0.8642502006596865
339,0.3,0.6333161155920952,0.839663921197764
340,0.3,0.7406009850170954,0.9566311574344174
341,0.3,0.5723081311834468,0.8716948049164227
342,0.3,0.7416087458871452,0.9360135728737916
343,0.3,0.6046241042348309,0.8665501137924967
344,0.3,0.6166962881027769,0.8575587666463166
345,0.3,0.7038372701460811,0.9756634667095666
346,0.3,0.7094180557003917,0.9464873828306933
347,0.3,0.6460412859991227,0.8641757483406675
348,0.3,0.7421129556139472,0.9814727127360773
349,0.3,0.7079976193206187,0.8891285460162144
350,0.3,0.7461686409415647,1.0296841165866488
351,0.3,0.7031599816514889,0.922116714131044
352,0.3,0.6114867404479717,0.8736310868255868
353,0.3,0.6048464778149987,0.8015143784983384
354,0.3,0.7374047219146315,0.919398934605154
355,0.3,0.6982025262507998,0.8387420529651108
356,0.3,0.7394250191689721,0.9061556293966948
357,0.3,0.6973501560719896,0.8992742819873989
358,0.3,0.6365073884176637,0.9092138015930188
359,0.3,0.6708422205786002,0.9081228432334656
360,0.3,0.74378785388386,0.9405783495686603
361,0.3,0.6760836197418555,0.8553355846932482
362,0.3,0.6360877500414741,0.9291865767587806
363,0.3,0.7105669311738608,0.9288909336886897
364,0.3,0.5637490892858265,0.8643296508040285
365,0.3,0.7011308689959362,0.9033510979736317
366,0.3,0.6194833725522136,0.8618740355869094
367,0.3,0.6884977832803508,0.906474302768204
368,0.3,0.7104053582687654,0.923893295136851
369,0.3,0.6814560897475929,0.9356156554229403
370,0.3,0.6097066847750745,0.9034374488325757
371,0.3,0.6974514865972232,0.9519227248269998
372,0.3,0.6553088664704905,0.9032672651509989
373,0.3,0.693879029627566,0.889120475097811
374,0.3,0.6760797096857836,0.8711291664630074
375,0.3,0.6329770083591492,0.9312090582020173
376,0.3,0.6734721716895818,0.7957004276683562
377,0.3,0.661319209827691,0.8659385102659917
378,0.3,0.6758410237467373,0.8877996504379996
379,0.3,0.6968356489213545,0.8613001727712187
380,0.3,0.7417203840073571,0.9068958593634958
381,0.3,0.693774893624875,0.9044244313283767
382,0.3,0.6883511760710351,0.9036763208195726
383,0.3,0.679795598524456,0.9208916726840428
384,0.3,0.6102307654199308,0.9119138515836138
385,0.3,0.697689481441833,0.8752629174693438
386,0.3,0.7420709743896157,0.9355927963067786
387,0.3,0.5556944112680571,0.8407808447943048
388,0.3,0.7108368770852157,0.8645147852913834
389,0.3,0.6438663980179548,0.8464627376745737
390,0.3,0.696039138737053,0.9195641097711675
391,0.3,0.6647960152181772,0.8689503470708295
392,0.3,0.7088908999360515,0.9133776749539527
393,0.3,0.6024318592180766,0.7909704729773813
394,0.3,0.740059512923659,0.9864749478423402
395,0.3,0.6862704161507436,0.8570605503298857
396,0.3,0.6636095576382588,0.9204964993106273
397,0.3,0.6323306129533038,0.8891691482429089
398,0.3,0.7378356661254641,0.9736073787492668
399,0.3,0.7471449960595725,0.9675356402787479
400,0.3,0.6759216438520839,0.8244074194400666
401,0.3,0.6939746904185284,0.8777897814848321
402,0.3,0.6184898212325426,0.8696584430265137
403,0.3,0.5513425919340349,0.8360956209405844
404,0.3,0.5993483107769654,0.7997352315975558
405,0.3,0.6278957264837246,0.8763391473148505
406,0.3,0.6171005836780504,0.8918095791007665
407,0.3,0.7112659903787707,0.924081328844512
408,0.3,0.6316560939098687,0.8723282625370642
409,0.3,0.631687616375453,0.862230595988043
410,0.3,0.7073104077916034,0.9446010559343468
411,0.3,0.7091346676700183,0.9311834329867859
412,0.3,0.6897055856280918,0.917069949709092
413,0.3,0.6917604138521682,0.9206714765769451
414,0.3,0.6420853176870642,0.8722477836496045
415,0.3,0.6933961814258226,0.9163564952926392
416,0.3,0.6822895598067158,0.8346343791631763
417,0.3,0.6456675113936852,0.8633620462136298
418,0.3,0.6743973703820589,0.8985041700465665
419,0.3,0.6108762318884126,0.8141893162945354
420,0.3,0.708522647698209,0.933629463010363
421,0.3,0.6919151710483873,0.9208816418003534
422,0.3,0.6823168797374255,0.9095715876832812
423,0.3,0.744548636478244,1.0371292321998316
424,0.3,0.6422506616681471,0.8414730193165
425,0.3,0.5352149793671336,0.8099111755431215
426,0.3,0.756204044027484,0.8840683352470933
427,0.3,0.6265869811939604,0.9113062820942301
428,0.3,0.7112888294977909,0.9316555717402283
429,0.3,0.6594112737100694,0.7726861322364285
430,0.3,0.7472821206610045,1.0249682570880516
431,0.3,0.7076342026998367,0.9159525959345937
432,0.3,0.45496832999864073,0.8505404732724338
433,0.3,0.7398705640005087,0.9447000919934931
434,0.3,0.7433416130646711,1.0009748281455655
435,0.3,0.6805957003163724,0.9060623081591641
436,0.3,0.6529270963434678,0.8449576374167438
437,0.3,0.6179624771291137,0.8373541172080445
438,0.3,0.690100207808104,0.9387174381638441
439,0.3,0.7393176349375559,0.9110386734236456
440,0.3,0.7094445715365733,0.8914570819420995
441,0.3,0.7389682412902733,0.8988280870798728
442,0.3,0.608301420119239,0.8819924925934935
443,0.3,0.613126038856832,0.7896436308102809
444,0.3,0.6187897454171184,0.8189096381907226
445,0.3,0.6077147258251606,0.8013723164693655
446,0.3,0.738851152838014,0.9162093916231513
447,0.3,0.7394872575587408,0.8993707968365404
448,0.3,0.6742802175137836,0.9496357881332306
449,0.3,0.6258628984301102,0.8454845187178811
450,0.3,0.7013618782448947,0.8922954080839061
451,0.3,0.6016373727634142,0.8326852539429995
452,0.3,0.7420337438189585,0.8991333335007426
453,0.3,0.708231772110377,0.9031515847032516
454,0.3,0.7104397562857374,0.941182027855865
455,0.3,0.710884796751912,0.9260287778533662
456,0.3,0.6333204878848555,0.9067832766896621
457,0.3,0.6718290092232672,0.906601637499931
458,0.3,0.7061007634575954,0.9265515104914055
459,0.3,0.7090522679159527,0.9181880429031638
460,0.3,0.6745935055702944,0.8731298936361656
461,0.3,0.6846799500663937,0.8415369605486126
462,0.3,0.6390525367007326,0.8570121338145611
463,0.3,0.7388112166247549,0.9596330509814155
464,0.3,0.6157510492105529,0.819559862246392
465,0.3,0.6140615696413784,0.8625659981348746
466,0.3,0.6474608883624668,0.8357328683751096
467,0.3,0.7082381332034456,0.9293422290905101
468,0.3,0.7092048976060533,0.9495555583996251
469,0.3,0.7405750167887815,0.9250638223736521
470,0.3,0.683666864181038,0.859854662781806
471,0.3,0.673582238527251,0.9140159410124785
472,0.3,0.626330611829556,0.8506408417274807
473,0.3,0.6971726053741092,0.9023253763981453
474,0.3,0.6505250382799025,0.8065530338069012
475,0.3,0.6828099856306593,0.8844272336154405
476,0.3,0.7112531696702376,0.9764975791694819
477,0.3,0.6772927858656206,0.8884253374181876
478,0.3,0.7087303269112585,0.8916304783086749
479,0.3,0.7008294291675911,0.8956653601790707
480,0.3,0.6977242891351827,0.8993983856606972
481,0.3,0.6762834542597954,0.9140811656013386
482,0.3,0.5880410020772151,0.8479559047860702
483,0.3,0.567152997862249,0.8817339188539522
484,0.3,0.6608827759879038,0.8013494528785582
485,0.3,0.6868955399370268,0.8689377323560277
486,0.3,0.7406975029282173,0.9058517674931784
487,0.3,0.6748420284702455,0.9164528394631751
488,0.3,0.709188151477944,0.9316465265779796
489,0.3,0.614721137549967,0.8622177970246065
490,0.3,0.7418870416848822,0.894485815766855
491,0.3,0.7456732813555498,1.0342139725767374
492,0.3,0.6755434067195342,0.9035641556211151
493,0.3,0.614291148348801,0.8495948353629592
494,0.3,0.6840504596545864,0.8393738635789979
495,0.3,0.7110642893962189,0.9304494902668966
496,0.3,0.7068198128999714,0.9408023747638337
497,0.3,0.6888638520956631,0.9034150205030267
498,0.3,0.7087432693466168,0.9431740468765354
499,0.3,0.5823341103984031,0.9016604097268593
500,0.3,0.519267990741348,0.8160459167708103
1,0.35,0.671994562955777,0.8831932621252977
2,0.35,0.6713406051234859,0.8332267283686605
3,0.35,0.6893927028770566,0.8870246913202021
4,0.35,0.7086013090638141,0.9141586214413353
5,0.35,0.6998983723725924,0.9658583445566965
6,0.35,0.6224155948099734,0.8469847004502093
7,0.35,0.6886111214187037,0.8303669312186458
8,0.35,0.7401046454993478,0.9172692573660011
9,0.35,0.6002087311979962,0.8539697572822336
10,0.35,0.7039219971909417,0.8244516727741666
11,0.35,0.6843789173429345,0.9214776699802961
12,0.35,0.6793082862415631,0.9399406394761085
13,0.35,0.6750458008057952,0.8143460020950347
14,0.35,0.7398416201468052,0.8973154113278343
15,0.35,0.7470798446839267,0.9424675904099786
16,0.35,0.6802223629924938,0.8619280152649167
17,0.35,0.7067636791867122,0.9418557951985632
18,0.35,0.7093489295524518,0.936557981946414
19,0.35,0.6021049407994806,0.8708218336748765
20,0.35,0.7103319236769217,0.916533337800123
21,0.35,0.6243753108427451,0.8159866778988419
22,0.35,0.739923609921953,0.9548178926710239
23,0.35,0.6803214258578867,0.9107754399537681
24,0.35,0.6878964923290668,0.9414465159716555
25,0.35,0.7095522297612707,0.8730978819760925
26,0.35,0.7412321134982208,0.9192955854979746
27,0.35,0.5829486055781034,0.821139517342927
28,0.35,0.6748385141075947,0.8568824724871781
29,0.35,0.6121889353602492,0.8098472734613389
30,0.35,0.6865234558250566,0.8976176558527599
31,0.35,0.7413064686739795,0.9762875117043933
32,0.35,0.5561251631178661,0.8450105163157549
33,0.35,0.6626996034757409,0.8055754785711571
34,0.35,0.6905597341521524,0.9414499923328352
35,0.35,0.6666658800856968,0.887758472241149
36,0.35,0.6649917781948536,0.8375686242496884
37,0.35,0.6784130969303642,0.8446929608484227
38,0.35,0.7428632424555534,0.9292345611829191
39,0.35,0.7075992031039502,0.854534237913708
40,0.35,0.7093851420692051,0.9734877628284906
41,0.35,0.6914179679203633,0.8675058763559896
42,0.35,0.6077249490548264,0.8330794078218882
43,0.35,0.6951256967293007,0.9015269463299675
44,0.35,0.6783942174484119,0.8847384173924565
45,0.35,0.6660171457506646,0.8562829193187679
46,0.35,0.7343300588608268,0.9599532446143528
47,0.35,0.6144897656244946,0.8355945946643693
48,0.35,0.6959187970700017,0.9020278817017979
49,0.35,0.6104945277015741,0.9007344982428791
50,0.35,0.705368548096825,0.9341096568126368
51,0.35,0.6631029925370034,0.9436969327677912
52,0.35,0.702400313134623,0.9632454091669608
53,0.35,0.6987587895312367,0.9160653645817379
54,0.35,0.7109235722183441,0.8663766319208889
55,0.35,0.710874429478234,0.9055845071438622
56,0.35,0.7425858977162253,0.9583116168583239
57,0.35,0.7103181756445168,0.9132106122780325
58,0.35,0.6522659585409502,0.8199515060030099
59,0.35,0.7108743547125609,0.9397362096336658
60,0.35,0.7073445072358802,0.95368793658897
61,0.35,0.6483291477910381,0.81194890440273
62,0.35,0.7403030280803832,0.9910234341257249
63,0.35,0.6821745901556905,0.8872432809270034
64,0.35,0.507758877489167,0.8120871187495884
65,0.35,0.6901080232837065,0.8934100186444157
66,0.35,0.6187322669390507,0.8536264161304086
67,0.35,0.6849031219937549,0.8506364504484238
68,0.35,0.6834279724136906,0.9098579076097802
69,0.35,0.6943677313929678,0.9705897514110735
70,0.35,0.7080548430566399,0.8914372800639029
71,0.35,0.6253049422667776,0.8779654344106079
72,0.35,0.6804576005792891,0.8945155650707618
73,0.35,0.6233498929875406,0.792870872714153
74,0.35,0.6282948669759603,0.85948094327098
75,0.35,0.6935100047207309,0.9148546978910875
76,0.35,0.6669485670175803,0.8170268238048564
77,0.35,0.7071825027123239,0.9091174891374912
78,0.35,0.7041681796866105,0.908711776800658
79,0.35,0.6908692911742637,0.850533964435351
80,0.35,0.5675933466228799,0.8207777739847489
81,0.35,0.7472876664218263,0.9505986392793518
82,0.35,0.7409149569924878,0.9839585026078158
83,0.35,0.6914024689237421,0.947896640588154
84,0.35,0.6989612179282227,0.9243460472297912
85,0.35,0.6971497296582464,0.9314509160712711
86,0.35,0.6624243133263773,0.816292628584263
87,0.35,0.6711333117144164,0.9264929434308913
88,0.35,0.6953573090099873,0.934094835458176
89,0.35,0.61295767227786,0.8472911573518473
90,0.35,0.580250017742596,0.8742949512984236
91,0.35,0.7480941660490894,0.9374881668362343
92,0.35,0.6852519045364803,0.8439944082809218
93,0.35,0.5887958886784798,0.8211527138869789
94,0.35,0.6775322166470878,0.8980957761302166
95,0.35,0.5771977707656603,0.9098419582238523
96,0.35,0.615421953333814,0.79633712772449
97,0.35,0.6263158539415553,0.8626316467403462
98,0.35,0.6707337235852839,0.9175946464006985
99,0.35,0.5700977056028459,0.8243964109877054
100,0.35,0.6535524808896086,0.8419116381967939
101,0.35,0.6460914797702969,0.8705177020141219
102,0.35,0.638287916643313,0.903500483332706
103,0.35,0.6448229215889226,0.8885076469482626
104,0.35,0.6617534922451596,0.804300418174013
105,0.35,0.7003912186826358,0.8734044337358251
106,0.35,0.6154679408093933,0.9000151637515563
107,0.35,0.69225273078094,0.8552843546303536
108,0.35,0.6846706613787013,0.9189080669930266
109,0.35,0.6153683150300342,0.86250731704906
110,0.35,0.733051148034677,0.9262728704840533
111,0.35,0.7000873283654141,0.9208157610118675
112,0.35,0.707655093774664,0.9413149948735585
113,0.35,0.6919909707849802,0.9189060011867815
114,0.35,0.6351912260012986,0.8862446557888064
115,0.35,0.6667629924029722,0.8955665990067061
116,0.35,0.6019793305829286,0.8208377004575849
117,0.35,0.6958372246781225,0.9298433751067027
118,0.35,0.7113225202577331,0.8702081623222947
119,0.35,0.6733533190485904,0.8841582846622835
120,0.35,0.6427374010924616,0.8467926522865372
121,0.35,0.5718547304475008,0.8822006915831384
122,0.35,0.5815350436087072,0.7986677906393628
123,0.35,0.6822441852951856,0.9265530520296258
124,0.35,0.7073232906395729,0.9092731845825238
125,0.35,0.6561392654454989,0.884612112299995
126,0.35,0.6820379658804233,0.8881498200470281
127,0.35,0.7115665770481817,0.8971015256522652
128,0.35,0.738301373171498,0.8866043608481258
129,0.35,0.7100194884921414,0.9493034947631769
130,0.35,0.7374163626601413,0.9652481076410765
131,0.35,0.6335958794221954,0.8728970814298149
132,0.35,0.6803971962691447,0.8850161014410179
133,0.35,0.673755840262641,0.9110645528118455
134,0.35,0.694190775842608,0.8909271647606863
135,0.35,0.5361768505012255,0.8534256600280019
136,0.35,0.7422695591717762,0.9010127818141866
137,0.35,0.6902399766178714,0.8629271723815768
138,0.35,0.7475125952897603,1.0410544602897356
139,0.35,0.708276409221478,0.98623514045291
140,0.35,0.661024570132605,0.8567914386840871
141,0.35,0.604388132762166,0.863191287687468
142,0.35,0.5642976301978551,0.7821676095861173
143,0.35,0.6694287065081692,0.9049051632226818
144,0.35,0.6467166561068416,0.7980960560339506
145,0.35,0.6851015580150908,0.9690040456977407
146,0.35,0.6865679503765404,0.9055878629494443
147,0.35,0.642437836722922,0.9029392564081292
148,0.35,0.5956912828122137,0.8407395413431059
149,0.35,0.6408274610847787,0.8536045880046943
150,0.35,0.4676501280775336,0.8114334696677035
151,0.35,0.5927560314898327,0.9057509877322812
152,0.35,0.5487578920108462,0.8952182803474965
153,0.35,0.7378047615759925,0.916610296581591
154,0.35,0.7418626166030772,0.9174935152375423
155,0.35,0.5914715629159906,0.8087910302562457
156,0.35,0.6222313901154077,0.8665441752238232
157,0.35,0.6748569013172347,0.8064220785445867
158,0.35,0.5211305033187014,0.8144452944056757
159,0.35,0.6881886871482835,0.8509739460398867
160,0.35,0.6640365331087973,0.9236897537958717
161,0.35,0.7394129570709717,0.9884125568082053
162,0.35,0.6748889719750792,0.892105903399143
163,0.35,0.7104613901835807,0.9497266952614539
164,0.35,0.6995000614621082,0.9520231594303387
165,0.35,0.6136561186898456,0.8209792140149629
166,0.35,0.6377917335156944,0.7996660176257709
167,0.35,0.6703233868139046,0.8748407165037866
168,0.35,0.6997851864993415,0.9556178161300569
169,0.35,0.6859483383538395,0.9247124757168318
170,0.35,0.7061487807307213,0.8835063606914426
171,0.35,0.7030440717988603,0.9768054043069018
172,0.35,0.6776801395004725,0.8453910647492655
173,0.35,0.6807523459140454,0.9039019716937875
174,0.35,0.6295961316756102,0.8533539923252818
175,0.35,0.6654709906746685,0.9072817374559817
176,0.35,0.6353426877123723,0.8913653166058809
177,0.35,0.7106119268261186,0.9409351163024111
178,0.35,0.6823268850884786,0.8388006221852037
179,0.35,0.7057398894457514,0.901824576036514
180,0.35,0.5765621205880708,0.8488188040835998
181,0.35,0.7490317187483255,0.9402876908613332
182,0.35,0.6469424743877045,0.9260122319917242
183,0.35,0.6266160895377685,0.8518974320372629
184,0.35,0.6061936958055817,0.831769620949571
185,0.35,0.6836828485832446,0.885882805362811
186,0.35,0.6883533593186268,0.9093728897446097
187,0.35,0.678425753415726,0.8897971305666013
188,0.35,0.6484607717918958,0.8770803687886857
189,0.35,0.6685486406709028,0.8404804744915408
190,0.35,0.7100693053993942,0.8720243727432596
191,0.35,0.6932124537646006,0.9151559703283858
192,0.35,0.6771608783128635,0.927727751788822
193,0.35,0.6941179553663397,0.9080679338292921
194,0.35,0.599539607187733,0.8663368805660715
195,0.35,0.7532100347678721,0.9503573319078333
196,0.35,0.7043801040660578,0.9093721281663587
197,0.35,0.6136622876750732,0.8852366712515769
198,0.35,0.5796850570962585,0.8496910199077278
199,0.35,0.6780685510904032,0.8809552938424319
200,0.35,0.7406963546200864,0.9524313063566101
201,0.35,0.6859210538658772,0.9064536437849808
202,0.35,0.6848456822751435,0.8869901125090952
203,0.35,0.5888839017295677,0.9120994054432897
204,0.35,0.7106925803411515,0.9403446374839852
205,0.35,0.6740874772714751,0.8752427955369544
206,0.35,0.6257400389621589,0.8850423650471481
207,0.35,0.7068912126436391,0.8639623756865424
208,0.35,0.7443183465551303,0.9198243924072858
209,0.35,0.6272183704429284,0.9384923618347779
210,0.35,0.7042601280921155,0.9596081992089619
211,0.35,0.48773934368893657,0.841402845792832
212,0.35,0.6529920576643954,0.8279127603267626
213,0.35,0.7402822738772444,0.9954406941730892
214,0.35,0.4663683214506184,0.8446953952860294
215,0.35,0.6789329171381462,0.8625117192208411
216,0.35,0.6373265638693494,0.8988039545062633
217,0.35,0.6773612127814089,0.7840854708955269
218,0.35,0.7107509658309119,0.9091584721224811
219,0.35,0.4855223957668626,0.7163912344255445
220,0.35,0.6845181727748262,0.8991562915141957
221,0.35,0.6288943856889302,0.8818472790485287
222,0.35,0.582991618475473,0.8655498292718938
223,0.35,0.7105541578818674,0.9182274340049225
224,0.35,0.7424190447780799,0.9611971982298526
225,0.35,0.7111559640722417,0.9604829497113018
226,0.35,0.7396689477050915,0.925261814033145
227,0.35,0.6644738330472831,0.8730901859022092
228,0.35,0.643671838622754,0.8546908878924803
229,0.35,0.7359503787401815,0.889091430751335
230,0.35,0.6169498981016988,0.9195407959792116
231,0.35,0.589507750493502,0.8681221549455527
232,0.35,0.5722562947455035,0.9149912102061241
233,0.35,0.7441158755077373,0.9425716883324932
234,0.35,0.6856495770656102,0.8896562486106343
235,0.35,0.6610175073102148,0.7874537876121956
236,0.35,0.6868308962767384,0.8704737415710022
237,0.35,0.7062335325779783,0.9078584796010286
238,0.35,0.6184032374076719,0.8935211641877155
239,0.35,0.6923889947951034,0.8871830875394915
240,0.35,0.6853386976271119,0.851256630885899
241,0.35,0.6117548536388766,0.8612874946372847
242,0.35,0.7478073001988366,0.9713834944022152
243,0.35,0.7411919540446904,0.9248310165280414
244,0.35,0.6527357156183726,0.8160438062504038
245,0.35,0.6900443449112579,0.9078434162321866
246,0.35,0.5063683167692311,0.8113626609327098
247,0.35,0.6078750875707657,0.8769927966988608
248,0.35,0.5849636036326582,0.8895417022976397
249,0.35,0.7397114582051503,0.9182033163878647
250,0.35,0.7009678683121249,0.9338853347300003
251,0.35,0.741837482771905,1.0224937268308754
252,0.35,0.7423410679675714,0.9458315770726297
253,0.35,0.705807269848992,0.9413077950313348
254,0.35,0.7035792093344408,0.9352914719982518
255,0.35,0.6143473855169085,0.8249298874005119
256,0.35,0.6949983918211834,0.9502561119119647
257,0.35,0.7437576491037967,0.9559554389069893
258,0.35,0.740061381062149,0.9395744850241586
259,0.35,0.710414474288259,0.9467045071994423
260,0.35,0.610643023592219,0.8301270413403509
261,0.35,0.7034102594401626,0.9236130303821495
262,0.35,0.6265774522612438,0.8418862489938851
263,0.35,0.739727702442931,0.9607033434653572
264,0.35,0.6678305226144068,0.8853992191001928
265,0.35,0.7412703979492001,0.9733924717805893
266,0.35,0.6105353369110529,0.8537221183767366
267,0.35,0.7108881412006471,0.952287313067156
268,0.35,0.5587707375036234,0.8950125078892963
269,0.35,0.696015591228449,0.9389163663165409
270,0.35,0.6832592947461602,0.8581069314429325
271,0.35,0.6957222134929533,0.9062460938838671
272,0.35,0.7398287393147703,0.9543550932054774
273,0.35,0.7397648776829658,0.9393976047605215
274,0.35,0.6376510622704193,0.8825063952657314
275,0.35,0.6956906816048372,0.9700499128483705
276,0.35,0.7442825779915463,1.0371655652563354
277,0.35,0.6832609361903369,0.8573704671001484
278,0.35,0.6315034874076106,0.8531382532754666
279,0.35,0.6316095375343013,0.8247274621373158
280,0.35,0.7001259665997619,0.9278176284716534
281,0.35,0.5880048435053725,0.8354789778379346
282,0.35,0.6182899957756322,0.8970758535006749
283,0.35,0.6240361776370646,0.8369259650896519
284,0.35,0.6413665694662558,0.7916094754249958
285,0.35,0.6848253353991939,0.9103230391151543
286,0.35,0.710379237324579,0.8793232661971594
287,0.35,0.7505350826237875,0.9783418796576433
288,0.35,0.6956728585053958,0.9179122174196749
289,0.35,0.6989355926120105,0.8654359417245149
290,0.35,0.6922978736695145,0.8621433556386423
291,0.35,0.7461860201360698,1.011167031757393
292,0.35,0.7094062814441876,0.9054445270082595
293,0.35,0.6901908891796337,0.8389598165272326
294,0.35,0.6992915105798798,0.9251252216643748
295,0.35,0.6291222950984074,0.8442126090035859
296,0.35,0.5607155017786913,0.8545920031248969
297,0.35,0.6359144028935766,0.8389418261837264
298,0.35,0.7045853008597938,0.9229566178063653
299,0.35,0.6571635147619855,0.8847751267570025
300,0.35,0.7401759703778941,0.962745306496503
301,0.35,0.70308639670892,0.8913278804683785
302,0.35,0.6192830833275368,0.8339835936213483
303,0.35,0.7097204721889459,0.9496843386223217
304,0.35,0.7061650349887229,0.9152204641923974
305,0.35,0.6981948510864981,0.9113045840465148
306,0.35,0.45084424702727666,0.8771637773809856
307,0.35,0.7108732893159676,0.92456548767809
308,0.35,0.7075437039051912,0.9097339971029257
309,0.35,0.5035624202377605,0.8991826578382722
310,0.35,0.7408250940240662,0.9447272881896055
311,0.35,0.6386407184962477,0.8639508102470143
312,0.35,0.5599075113564818,0.866835940301014
313,0.35,0.7106705435703599,0.9347880282408132
314,0.35,0.7005924387267418,0.8936082279201699
315,0.35,0.6330614770006092,0.8985951430561023
316,0.35,0.670015495191631,0.9313244703134991
317,0.35,0.6073709011920781,0.80037390064897
318,0.35,0.6602156440077749,0.9219622280900995
319,0.35,0.6996101581098163,0.9253693619754408
320,0.35,0.6459112151889237,0.8452158587991896
321,0.35,0.635911915242223,0.8341680068648275
322,0.35,0.7029182094830646,0.9341301680627797
323,0.35,0.7416118221532582,0.8880796658630621
324,0.35,0.6823105659380433,0.8402665094937614
325,0.35,0.6857824457921051,0.8000772994466869
326,0.35,0.681092423176534,0.8667460348019896
327,0.35,0.5817941223778093,0.8589184137515956
328,0.35,0.6347591235707968,0.8801030375617492
329,0.35,0.48868950792122934,0.8581053457418414
330,0.35,0.6302178727037211,0.8665528505741342
331,0.35,0.7411481436780154,0.8619434932407946
332,0.35,0.685025762027728,0.9069601062763971
333,0.35,0.5717567620441577,0.9133896231337766
334,0.35,0.7011936625520899,0.8686729137010618
335,0.35,0.6792988191104173,0.9213439661896959
336,0.35,0.6719203246329848,0.9032149244457164
337,0.35,0.6918354589950608,0.9265779006139081
338,0.35,0.6837558309956296,0.8221028562219584
339,0.35,0.548322956748812,0.8358385613041001
340,0.35,0.7407731107269999,0.9540090888562466
341,0.35,0.6134479922930489,0.8942772844344024
342,0.35,0.5109552549819933,0.8159368293315712
343,0.35,0.5505011478916472,0.7872298359751959
344,0.35,0.7444155852624291,0.9790086083593159
345,0.35,0.622816826996043,0.8627485132750561
346,0.35,0.6993946154380066,0.8868651104657866
347,0.35,0.6322657446652922,0.8930875800651035
348,0.35,0.5000842733685134,0.8351009820266962
349,0.35,0.6163224780080274,0.8456378839420299
350,0.35,0.7415115568779552,0.9424572261050791
351,0.35,0.7057777739762624,0.9224681610995061
352,0.35,0.6191339107167503,0.8688229863909619
353,0.35,0.7341535378429213,0.8959280290433547
354,0.35,0.7103717902486592,0.9088802057188742
355,0.35,0.6265690872799364,0.8877781716253045
356,0.35,0.7440951063703023,0.9234219042384895
357,0.35,0.6725514445174142,0.8661872279711197
358,0.35,0.7413141314745241,0.92885819555319
359,0.35,0.7407748027859847,0.9135162507344516
360,0.35,0.6219482763354104,0.8433492393745833
361,0.35,0.7098570421625231,0.9361481164704746
362,0.35,0.6888324998413305,0.8472684923192244
363,0.35,0.6712673614061581,0.8834889722411438
364,0.35,0.6904462115384151,0.9234896340935779
365,0.35,0.7072362272829383,0.8552749996695651
366,0.35,0.7383603511420377,0.912920074479734
367,0.35,0.6716126563651589,0.9145958545851988
368,0.35,0.7391391667215871,0.9498710399124147
369,0.35,0.7394391054853106,0.94523693157817
370,0.35,0.7399426282387555,0.9360208049332434
371,0.35,0.6999207416032913,0.9625168584356627
372,0.35,0.6060900510202843,0.8382174092782264
373,0.35,0.6952553768244196,0.9160968777010723
374,0.35,0.7106380330384172,0.9282789593824171
375,0.35,0.635881594811002,0.8539787666854458
376,0.35,0.6097148051435385,0.8286434041472516
377,0.35,0.6418481969240125,0.852673983587122
378,0.35,0.7463819598660941,0.9888786912178279
379,0.35,0.7054140211156534,0.9186846011027939
380,0.35,0.6601812670287268,0.9048278816656139
381,0.35,0.6927642068419414,0.8783036341503249
382,0.35,0.6946520066414875,0.8988877842730221
383,0.35,0.6897746926505968,0.8738312893949277
384,0.35,0.6418676738298519,0.8093700218908689
385,0.35,0.6344678893336534,0.8411449907091685
386,0.35,0.6968473548828295,0.9053036547187202
387,0.35,0.6855140270338064,0.8809718725450736
388,0.35,0.6253567263821076,0.8930577419821715
389,0.35,0.678475410334611,0.8627889891503632
390,0.35,0.6952438551438026,0.8777891421971105
391,0.35,0.7101618865105248,0.8676506842284926
392,0.35,0.6940328581091397,0.9063442697232419
393,0.35,0.6656604776951963,0.8387933046116719
394,0.35,0.6783613183775037,0.9134985578661398
395,0.35,0.7081437742834659,0.8569751934616399
396,0.35,0.665876826635644,0.9070645933754193
397,0.35,0.7010841729690043,0.8815005687464101
398,0.35,0.7109635238941456,0.8936488911737555
399,0.35,0.6623194525166924,0.8175209234607904
400,0.35,0.7343987753083528,0.9509774866488715
401,0.35,0.7112339932202132,0.8707757741440973
402,0.35,0.6998500407300062,0.9177870364327874
403,0.35,0.6822406044376841,0.8908164473769697
404,0.35,0.7054810765397317,0.953847653780005
405,0.35,0.6217535735452024,0.8516230127136872
406,0.35,0.7416867362395297,0.9093989739412741
407,0.35,0.6916637760247177,0.9107602339353953
408,0.35,0.698381379253233,0.9096442759141167
409,0.35,0.7112676362111445,0.9127464290344318
410,0.35,0.7484107968034163,0.9205773451502721
411,0.35,0.7405208893173092,0.9418712033640784
412,0.35,0.6895033584468481,0.8566180397153271
413,0.35,0.6502826877596738,0.9125346343857924
414,0.35,0.6388296088457082,0.914763022035098
415,0.35,0.6155646318952341,0.8825108364856454
416,0.35,0.7303740529693292,0.8367471267813591
417,0.35,0.665301831711324,0.8727618644452685
418,0.35,0.5767578915718264,0.7903298515402246
419,0.35,0.6889414111341098,0.9112080416919214
420,0.35,0.741853890140016,0.9740604207219656
421,0.35,0.6975645116484162,0.8843807314036285
422,0.35,0.5681390026977396,0.8674057281401484
423,0.35,0.7399214466949717,0.92459068296935
424,0.35,0.70479763063957,0.8911004256486845
425,0.35,0.6979230597484382,0.9538928840323413
426,0.35,0.630332847249965,0.7732271608843773
427,0.35,0.7412056497995858,0.9188470541675354
428,0.35,0.6943799604652884,0.8433245719124374
429,0.35,0.5794310962219791,0.8076147792325562
430,0.35,0.5695625972498986,0.8520406931183021
431,0.35,0.7041462706881715,0.8943017807399976
432,0.35,0.6823170444711276,0.9271853754208599
433,0.35,0.6652361506239064,0.9206443351648633
434,0.35,0.7100732513302688,0.9205484773368451
435,0.35,0.6920762404308447,0.9262071179334959
436,0.35,0.7411808486143165,0.9593638339355394
437,0.35,0.680503757889897,0.885116245322816
438,0.35,0.7496943379695964,1.0262294644570726
439,0.35,0.5249601093005996,0.82245833677562
440,0.35,0.7412345863400939,0.9231281203877021
441,0.35,0.6637683813449741,0.9361348413720547
442,0.35,0.5785262261310539,0.8946401329699987
443,0.35,0.6992346730524849,0.8688871204351647
444,0.35,0.706572547429958,0.8024360387692375
445,0.35,0.6824673742604691,0.8917485247712984
446,0.35,0.6953206727833099,0.8591901432543705
447,0.35,0.6924159543328048,0.8666579873676361
448,0.35,0.5106599025330248,0.8576162073523458
449,0.35,0.734805305685485,0.9510224526003034
450,0.35,0.6961103980260824,0.9118488930029236
451,0.35,0.6633662510637417,0.8300823229487382
452,0.35,0.7401958516233857,0.8867760618204663
453,0.35,0.6697466036467279,0.8730031422091882
454,0.35,0.689458658115565,0.8549464166172672
455,0.35,0.6000960036697471,0.8918029028666918
456,0.35,0.7053188672283219,0.944037210331865
457,0.35,0.6322455244001357,0.8810750211957771
458,0.35,0.7396996690762084,0.9458852943907128
459,0.35,0.6779447455645694,0.9229872739425935
460,0.35,0.7401703827892919,0.9326110336352089
461,0.35,0.6970788242089865,0.9328453136233881
462,0.35,0.7322805979855924,0.9360295306080376
463,0.35,0.7103079300225138,0.914463053848795
464,0.35,0.65091522095505,0.867552352610778
465,0.35,0.7036141385210504,0.9079468674877461
466,0.35,0.6698936182634109,0.8932639684272027
467,0.35,0.6765991994975706,0.8326993232798093
468,0.35,0.6406484817733833,0.8849154719609527
469,0.35,0.7067359108405479,0.8791417428459432
470,0.35,0.703015634423547,0.8671147102184769
471,0.35,0.6875611809119052,0.8619067847521822
472,0.35,0.6541512873291871,0.8556608135418329
473,0.35,0.703340627665242,0.9089323027580039
474,0.35,0.5996631488112995,0.8448814841504471
475,0.35,0.6770444500439656,0.9366895870190147
476,0.35,0.6232272597355127,0.9199449340887479
477,0.35,0.6829604749028481,0.9248696665027963
478,0.35,0.7035756906024161,0.8994122784225955
479,0.35,0.5690425020122931,0.8904958841815596
480,0.35,0.7105106268705258,0.908962606789582
481,0.35,0.6859687017316219,0.9160214698242597
482,0.35,0.7115208102985353,0.9077063973784825
483,0.35,0.6927135073569105,0.9236524466909968
484,0.35,0.7043861904146069,0.9210499203382898
485,0.35,0.605532152943881,0.8553389168243201
486,0.35,0.6251090303240032,0.8940974699393145
487,0.35,0.6320176657370291,0.8022421511462153
488,0.35,0.6121045202727141,0.8384588091961757
489,0.35,0.7038399385349613,0.919897325510147
490,0.35,0.7414299883727322,0.9058262411380139
491,0.35,0.6993107457382958,0.8957233726648783
492,0.35,0.5028374150818442,0.817202127189366
493,0.35,0.6780989078390527,0.8247161013503908
494,0.35,0.6191272835383231,0.7546220243082151
495,0.35,0.7416149212979748,0.9531115806263853
496,0.35,0.5026222470061638,0.7041442534054192
497,0.35,0.6491179902751772,0.8688540855245478
498,0.35,0.5673283612508181,0.8048895567048173
499,0.35,0.6163012382139187,0.9041157451201385
500,0.35,0.6736758672488604,0.8369962396055408
1,0.15,0.46893305775713073,0.8706350168573221
2,0.15,0.4611840132509557,0.8636368801282663
3,0.15,0.46221511136755894,0.826764975772764
4,0.15,0.4687102005499815,0.850420054881474
5,0.15,0.46874861521798933,0.9282436443806957
6,0.15,0.49883281710782656,0.8452312791830433
7,0.15,0.46479343630550335,0.8874213117173967
8,0.15,0.45607944732330097,0.7955457568329337
9,0.15,0.4714361034787213,0.9058245007595158
10,0.15,0.46228681103242053,0.8624299972825603
11,0.15,0.4603154224755621,0.8358438039242165
12,0.15,0.4673234317916992,0.8424233551249946
13,0.15,0.46020117252740966,0.8972514923902855
14,0.15,0.46064059089298626,0.8229929865899532
15,0.15,0.4638549998451631,0.8610087012400777
16,0.15,0.45522526104950817,0.8097641191124025
17,0.15,0.4505907426891524,0.8783463691044429
18,0.15,0.473593493728066,0.9025299159160005
19,0.15,0.4615011881734376,0.8795585729566664
20,0.15,0.4716731704111297,0.8941505762236986
21,0.15,0.4626908373177333,0.8887417446746932
22,0.15,0.46411915226810097,0.8811069772845948
23,0.15,0.46490361069846753,0.8932280812765356
24,0.15,0.4597709808670177,0.9007312948738357
25,0.15,0.4610253514647977,0.8140884210191155
26,0.15,0.4572277635422695,0.8388592745456106
27,0.15,0.46387834093306884,0.8967963864782419
28,0.15,0.46051418553181817,0.9350871114881666
29,0.15,0.46407480314156196,0.8680841407163723
30,0.15,0.4572828550611559,0.8854392232482952
31,0.15,0.4547022219490843,0.9215641479442537
32,0.15,0.45930354916963606,0.8446135299548743
33,0.15,0.4649827521994806,0.8702057132098815
34,0.15,0.45770554577066536,0.866319880344321
35,0.15,0.4698440533628438,0.956265945973198
36,0.15,0.4554520697501958,0.7889661193998749
37,0.15,0.46429870006403245,0.8682203265079395
38,0.15,0.4563052959475431,0.8897497867525123
39,0.15,0.4910851540920344,0.8855461834917792
40,0.15,0.45345167778590756,0.914470142202788
41,0.15,0.4613079087696177,0.8289070121481776
42,0.15,0.45986224882596827,0.8636651123924914
43,0.15,0.4605501340020179,0.8670609344537719
44,0.15,0.4618762794475399,0.8787694715363571
45,0.15,0.4565475104859896,0.8573344742417206
46,0.15,0.4585548845616527,0.8876140974780506
47,0.15,0.46366482889394783,0.9005873688425758
48,0.15,0.4612389538340826,0.8684102867794494
49,0.15,0.44739477011832224,0.8312094267127217
50,0.15,0.4707515986009016,0.913825983375705
51,0.15,0.46082992014192997,0.9347006302594197
52,0.15,0.46686583156475386,0.8839017540616693
53,0.15,0.4913805635386181,0.8209168451133635
54,0.15,0.46387024752759504,0.8669814243235933
55,0.15,0.4657100801343947,0.9157287585040678
56,0.15,0.46378994729752787,0.8147709763050567
57,0.15,0.46621471981286117,0.9523524534805536
58,0.15,0.46055798369501866,0.8145485909998664
59,0.15,0.4610518742673136,0.8465532235088246
60,0.15,0.46236893197656953,0.8783556985865012
61,0.15,0.46310644710795934,0.8959643373611779
62,0.15,0.46115566715490774,0.8301350066149037
63,0.15,0.4578319324312906,0.8404776746314705
64,0.15,0.4710600183365964,0.8871441533263057
65,0.15,0.46317482046001185,0.8768363108176958
66,0.15,0.46044296789659644,0.8958920210314333
67,0.15,0.4612357941374045,0.8887049968083355
68,0.15,0.5022890755747494,0.863131195722211
69,0.15,0.4628571052670391,0.8700416479669835
70,0.15,0.460512887680937,0.8832619661141833
71,0.15,0.4485972853200565,0.7901370400862878
72,0.15,0.46252188698313507,0.9009835911491667
73,0.15,0.4666441494439485,0.8746612360819207
74,0.15,0.4615035315626525,0.8368284077719884
75,0.15,0.4688345799775015,0.9050525414746208
76,0.15,0.46750068440345843,0.9357017568394038
77,0.15,0.46143655743348294,0.8718722605862391
78,0.15,0.45882352421353895,0.8341375665128468
79,0.15,0.47478874956990264,0.903627990458697
80,0.15,0.46820620945155617,0.9338003512665053
81,0.15,0.46107957873200284,0.9095297459297373
82,0.15,0.46185584815211045,0.8734007250069794
83,0.15,0.4595606561311056,0.8820442033869259
84,0.15,0.44173877673896084,0.8472531147550502
85,0.15,0.4521140998275656,0.8762524992836023
86,0.15,0.4576675153342022,0.8877176585269416
87,0.15,0.46311757323418523,0.8677150774322767
88,0.15,0.4684969881355126,0.9165584658778517
89,0.15,0.45883895633359967,0.8786424073779139
90,0.15,0.4602260882592916,0.8005414953676299
91,0.15,0.4554910630789815,0.8340550095622772
92,0.15,0.4556848954341675,0.8610870054803301
93,0.15,0.4653998509355541,0.8720221692363416
94,0.15,0.45532337727360883,0.863996952365432
95,0.15,0.4664313974010612,0.8445425750325741
96,0.15,0.46541714920179744,0.9095899306813883
97,0.15,0.4642464597445205,0.8900369402166444
98,0.15,0.45076830474421975,0.8413645042998433
99,0.15,0.4653746124588506,0.8680065219009847
100,0.15,0.46814881292845206,0.90937953308535
101,0.15,0.4622336870345893,0.8932121556498004
102,0.15,0.4629170129337058,0.8681900590110315
103,0.15,0.45894390786572187,0.8316700367599619
104,0.15,0.46380814823041466,0.8853514838744202
105,0.15,0.45037814106283364,0.8009842495469423
106,0.15,0.49274712140127686,0.850592535951085
107,0.15,0.4626260375619686,0.8544877990795541
108,0.15,0.4612381343647661,0.8519091464408934
109,0.15,0.46104996389458275,0.9017324035196191
110,0.15,0.46178173195053124,0.9249987060994613
111,0.15,0.45743249366568584,0.8839816131919133
112,0.15,0.4623058314697777,0.8468899490201457
113,0.15,0.46584781243467827,0.8682577035221974
114,0.15,0.46164217678852854,0.8999840878775013
115,0.15,0.4738032873349044,0.8850121865350613
116,0.15,0.47188329488212727,0.8311421587753695
117,0.15,0.4577544094922894,0.8839461931659995
118,0.15,0.47118675698743767,0.869911974274326
119,0.15,0.4624745517074451,0.898785909467483
120,0.15,0.4599037303653552,0.8854548562053087
121,0.15,0.4589622292134047,0.8795089408262109
122,0.15,0.46868724821118884,0.9398457862775972
123,0.15,0.47032843475306657,0.9358170939000142
124,0.15,0.4635827287355973,0.9009180825370624
125,0.15,0.466378116795822,0.7976330373873469
126,0.15,0.46274552270769936,0.8308450814604674
127,0.15,0.4594382480970969,0.8892917094772922
128,0.15,0.47047165486725556,0.8677470015556223
129,0.15,0.4532996326538822,0.8056812028069222
130,0.15,0.462763326045478,0.8217632741563337
131,0.15,0.46251936652455683,0.9058496226830579
132,0.15,0.4447257439262643,0.8202500539560297
133,0.15,0.4686067465616441,0.880993681558003
134,0.15,0.4610795949416286,0.9093746371404176
135,0.15,0.4638070857464871,0.8504566407927806
136,0.15,0.4617813389648876,0.8111799007129786
137,0.15,0.46671414376727643,0.8398597913815365
138,0.15,0.4564593030713664,0.835787528875328
139,0.15,0.46624092533931927,0.8634066206430387
140,0.15,0.4648702699973014,0.8705787541432506
141,0.15,0.46787745121311963,0.8858772147756082
142,0.15,0.46606428169537195,0.8963445957627518
143,0.15,0.4701267906231866,0.7817018726807929
144,0.15,0.46160404098054636,0.8997775835261966
145,0.15,0.45190042204834413,0.8582535881125533
146,0.15,0.4558580768208841,0.8699566961055725
147,0.15,0.466261078109342,0.8789439191833701
148,0.15,0.4661451947461551,0.8875296902498749
149,0.15,0.4517307052921003,0.8705772416293915
150,0.15,0.46255099055720195,0.8235669566475666
151,0.15,0.46041803790685165,0.9155810239271213
152,0.15,0.46167233274744274,0.8701360998778519
153,0.15,0.27177248464887077,0.885265059248501
154,0.15,0.460379383425404,0.8798186389045147
155,0.15,0.46314667887344857,0.9025084886934154
156,0.15,0.46572392077438757,0.8555153878625527
157,0.15,0.46504040267136304,0.9106559712889809
158,0.15,0.4693416801038589,0.8720993360473897
159,0.15,0.45899934918395546,0.8566134962519288
160,0.15,0.4915294408625136,0.8978867996524202
161,0.15,0.4685814419153625,0.8535013527603467
162,0.15,0.4626456055889756,0.8631371910679091
163,0.15,0.4692149245184455,0.8832173750698911
164,0.15,0.5094601367740811,0.8984744783752885
165,0.15,0.4680091701290828,0.8590066807910889
166,0.15,0.4496866711037956,0.8831798919187616
167,0.15,0.4657760969090056,0.9324245286640096
168,0.15,0.465434028623609,0.8664687165710347
169,0.15,0.4584309547809252,0.8398393387644539
170,0.15,0.4680680281822397,0.829635176690448
171,0.15,0.4598870155196542,0.8898073892221631
172,0.15,0.46623627643661875,0.8168589103412257
173,0.15,0.4659841425638318,0.888223797783462
174,0.15,0.46246757015878776,0.9353133497958293
175,0.15,0.4642461921531719,0.8725859862147859
176,0.15,0.45984025072177864,0.840555139831302
177,0.15,0.4619807597267368,0.8764963154659235
178,0.15,0.4664523717160138,0.851347325501453
179,0.15,0.4574995068200548,0.8701226393010154
180,0.15,0.45965564504369905,0.8446125873237107
181,0.15,0.46267617892377083,0.8692675157097798
182,0.15,0.491104943136353,0.8852278162665395
183,0.15,0.4680035955331816,0.9367077721634407
184,0.15,0.45523220096938716,0.9069509032498566
185,0.15,0.47583910761108444,0.8732720724047716
186,0.15,0.46628171624037706,0.8705675150970308
187,0.15,0.4630589170862481,0.8795452641937195
188,0.15,0.4623117170677506,0.9030766788552705
189,0.15,0.46586823057343857,0.9022949516051638
190,0.15,0.45952528361889766,0.9022911409312852
191,0.15,0.46966392642253013,0.9136673391647415
192,0.15,0.4563155431023522,0.8811493265525672
193,0.15,0.4595564128097385,0.8342298489102002
194,0.15,0.4635756408795185,0.9004902300941781
195,0.15,0.46047465094790746,0.8540738279894338
196,0.15,0.46228001622069265,0.8486186281347193
197,0.15,0.4642503648536914,0.8923000463418879
198,0.15,0.4607204094652761,0.8853254869836972
199,0.15,0.4628291181315058,0.8925061026228133
200,0.15,0.45856507914665107,0.8589812606578149
201,0.15,0.4575875582469535,0.845000269896811
202,0.15,0.4687676778208939,0.7976051242053013
203,0.15,0.463405765046276,0.8983726502113956
204,0.15,0.4560524381413262,0.922034073846677
205,0.15,0.45785924772035197,0.868001587305973
206,0.15,0.46050793316695815,0.8809904991253092
207,0.15,0.45388228261572383,0.9541341015783511
208,0.15,0.4696046829032161,0.8829827079956336
209,0.15,0.45910330191450016,0.877920956126991
210,0.15,0.4617159937825744,0.8559774603391539
211,0.15,0.4601862513556166,0.8790265507858497
212,0.15,0.46879299567058813,0.9133562045549981
213,0.15,0.4536366972996041,0.9052702488275893
214,0.15,0.46691614098742446,0.8648541235826239
215,0.15,0.46809850916869944,0.9206717420683596
216,0.15,0.4627980435039303,0.8416264893163575
217,0.15,0.45705736429034566,0.8921909450063248
218,0.15,0.4601188038458296,0.8470509645652212
219,0.15,0.46198204620173217,0.8448652306735681
220,0.15,0.45399933142874704,0.8361359151161427
221,0.15,0.4679805587001677,0.8683206104900337
222,0.15,0.4603176144651243,0.7973032274320607
223,0.15,0.46097850323237566,0.8510227991604747
224,0.15,0.4687024182030375,0.9123525904742354
225,0.15,0.45188899030182905,0.8809840881900213
226,0.15,0.4659357647550012,0.8689454099361718
227,0.15,0.4632262377963726,0.847016220634841
228,0.15,0.4561348250894214,0.9215731366179857
229,0.15,0.4643809334475547,0.9089832171815004
230,0.15,0.4706896096257253,0.9026897994389721
231,0.15,0.46561756534793486,0.8551858992579378
232,0.15,0.46342270959357146,0.8942790856158084
233,0.15,0.4617145301061955,0.9143623043699047
234,0.15,0.465923858295069,0.8576660868827963
235,0.15,0.460516550791799,0.8382844956812742
236,0.15,0.4924257896102963,0.9216035797232522
237,0.15,0.463059943998352,0.8868872310035939
238,0.15,0.45920035558310285,0.9039158383315415
239,0.15,0.46048319982298,0.8708682939222722
240,0.15,0.4486142524439301,0.8586379771734463
241,0.15,0.4971487848902312,0.8632029066575692
242,0.15,0.4736892538689132,0.8920602130539713
243,0.15,0.46035982065964426,0.8546655441406912
244,0.15,0.46794949404719616,0.8463768810342435
245,0.15,0.4631938230428483,0.8399704826776685
246,0.15,0.4665106801429603,0.8565793885335442
247,0.15,0.46187945523500096,0.8974334990537671
248,0.15,0.46571583989289395,0.9360754947240639
249,0.15,0.4436485974123677,0.843683961433285
250,0.15,0.45927901567715046,0.8858330580781703
251,0.15,0.46359027295156086,0.898289092598666
252,0.15,0.45672058904020807,0.8796196497470483
253,0.15,0.47051245813181664,0.9459962237911543
254,0.15,0.4617643174781557,0.893620822495482
255,0.15,0.45982278261314563,0.8393582911273384
256,0.15,0.45787333888155785,0.8787138005077391
257,0.15,0.4608498135602096,0.8459971851874317
258,0.15,0.4693461259568891,0.8769235025378278
259,0.15,0.4422310644345289,0.8477739496518083
260,0.15,0.4613517881012699,0.8919723806325628
261,0.15,0.45963814007168335,0.8356722326134437
262,0.15,0.4629875965059549,0.8661037361955083
263,0.15,0.4604652047222356,0.9578915930401676
264,0.15,0.46044337343928876,0.8650098720212597
265,0.15,0.46335018709548753,0.9200232957212259
266,0.15,0.4507079655008382,0.8594931271000613
267,0.15,0.4604060077455543,0.8839456163256924
268,0.15,0.4671803876539132,0.9044170531041842
269,0.15,0.46266922736686383,0.8574403205038175
270,0.15,0.4659898015277284,0.8552542606113224
271,0.15,0.4618672077842627,0.8830488216342625
272,0.15,0.46413615970689903,0.8669121838274741
273,0.15,0.46414948998443145,0.9009696228498868
274,0.15,0.4639853363413168,0.8756072876688713
275,0.15,0.46206845472044733,0.8585942428502139
276,0.15,0.46854620511374984,0.906542755630092
277,0.15,0.45948610842864085,0.8686354166888269
278,0.15,0.46090803544847814,0.8554866542912752
279,0.15,0.4640046146933588,0.862744428090629
280,0.15,0.46887191269092154,0.8680561756532074
281,0.15,0.46125130809065523,0.8528338182179782
282,0.15,0.4620760883388593,0.8277486821499751
283,0.15,0.4578927153966699,0.8217241513115998
284,0.15,0.46915459094373496,0.8478557130955408
285,0.15,0.4623205273046674,0.8261754167951688
286,0.15,0.46923180066260906,0.9608723048736642
287,0.15,0.4648228512974839,0.8793854698569136
288,0.15,0.4629442872443489,0.8793147598769411
289,0.15,0.4667043775008255,0.803564030330784
290,0.15,0.46231472396604295,0.8595602725171245
291,0.15,0.4683414253776465,0.8581749948689554
292,0.15,0.4698783365052537,0.9025401571706353
293,0.15,0.46233334472613424,0.8946842462517377
294,0.15,0.4538125569904748,0.8141636487229702
295,0.15,0.46026454902817493,0.8831508292814886
296,0.15,0.45596030776131113,0.9095157738508085
297,0.15,0.4502361387753805,0.8375791263101652
298,0.15,0.46051164059073213,0.7795646407094114
299,0.15,0.45576776416544823,0.871183709426895
300,0.15,0.4613384282664036,0.8018985562050076
301,0.15,0.46477642298845706,0.8511076177247755
302,0.15,0.45918639241155706,0.79915338154182
303,0.15,0.4616092061220153,0.8644570545859772
304,0.15,0.46710132826597267,0.9602649709700698
305,0.15,0.46772345077556715,0.8589350806274325
306,0.15,0.4673291286429977,0.9045222667197214
307,0.15,0.46800521297133424,0.8556967620963375
308,0.15,0.4578480030853653,0.8322750979917143
309,0.15,0.45904392815747275,0.8833752494603605
310,0.15,0.4720403833525836,0.8816181089803512
311,0.15,0.46020977575318095,0.8326000974797084
312,0.15,0.4607558892834724,0.8732581369206229
313,0.15,0.4626435571662755,0.8708754839019116
314,0.15,0.46119131461865237,0.8257376332191821
315,0.15,0.4592947540660868,0.862894597981731
316,0.15,0.4650262063375334,0.829166863259241
317,0.15,0.4693745576311956,0.8793113477605748
318,0.15,0.4632140313842581,0.9052121412117454
319,0.15,0.4638331112827778,0.8721394919621444
320,0.15,0.4626367051280137,0.8614481919102932
321,0.15,0.4592122034150766,0.8807056345180089
322,0.15,0.452198093814552,0.8463826808984535
323,0.15,0.4613041072030261,0.873574165495565
324,0.15,0.4593545326383889,0.8238429657159443
325,0.15,0.47031056911942937,0.8587351820538088
326,0.15,0.46317356321294045,0.9374768479327008
327,0.15,0.5011176384674743,0.9004582316260847
328,0.15,0.4546011873326867,0.8085366125327804
329,0.15,0.4674066689494914,0.8727949556997012
330,0.15,0.4610953995928337,0.8973835168662678
331,0.15,0.4605466919471755,0.829742563091556
332,0.15,0.44860644460565213,0.8448381985854859
333,0.15,0.4610717000784535,0.8926006179528864
334,0.15,0.46166058599124493,0.8732202999134031
335,0.15,0.4612443331333612,0.868542022941823
336,0.15,0.46402855658420544,0.917983286616383
337,0.15,0.4630749186071093,0.8719692599922007
338,0.15,0.4652705267517273,0.8574378899056123
339,0.15,0.45720363667943625,0.7684319715405271
340,0.15,0.5003424297673401,0.8482283745894026
341,0.15,0.4626575917991326,0.8432970976387384
342,0.15,0.4583459680971996,0.8535521369939667
343,0.15,0.4520920435214789,0.8694359271306982
344,0.15,0.4584428383640452,0.8164438237273752
345,0.15,0.4682889655114717,0.9408409520527073
346,0.15,0.4580375752196114,0.8420331924934773
347,0.15,0.46231300126135966,0.8518289878759098
348,0.15,0.4588741769647229,0.8122515938474588
349,0.15,0.4644410863934782,0.8300754936282627
350,0.15,0.450715022867371,0.85293564072917
351,0.15,0.46083447058035204,0.9237229902554314
352,0.15,0.460905129950291,0.8720656328961195
353,0.15,0.46668991731473686,0.8821825098539606
354,0.15,0.46289865119089796,0.8882245883201647
355,0.15,0.46743757805427744,0.8928163100612287
356,0.15,0.46376445776183717,0.9062804470153624
357,0.15,0.4566917103472254,0.8808353568934412
358,0.15,0.47081770186859356,0.8981383359693821
359,0.15,0.4643096681787442,0.9168564291217872
360,0.15,0.5173999640449632,0.8506600547804728
361,0.15,0.4538512671475278,0.8151393980184769
362,0.15,0.4638580379401469,0.8140563434721901
363,0.15,0.4611421519877658,0.8913770713258914
364,0.15,0.4592299613840865,0.8338885765983636
365,0.15,0.46746168780227454,0.8987615826231136
366,0.15,0.458328715030588,0.8359271821866814
367,0.15,0.4590221857273807,0.8820370955882894
368,0.15,0.4686329125911346,0.882804411417986
369,0.15,0.46327802270223367,0.8515887816403183
370,0.15,0.46216206750828065,0.8821307204089439
371,0.15,0.46343387388515866,0.8769129988275194
372,0.15,0.4600119079195153,0.8488350786292254
373,0.15,0.4588679987679669,0.8528140448379675
374,0.15,0.47314375116444135,0.9144624328742237
375,0.15,0.4641970962379191,0.9056202282441116
376,0.15,0.5049083749813369,0.8693056020548361
377,0.15,0.4683251928731572,0.8429863177746618
378,0.15,0.4661778893055849,0.8336293209160033
379,0.15,0.46975325052590866,0.8467471477729652
380,0.15,0.46492838227154726,0.915912275371258
381,0.15,0.4605500463143905,0.8774234304302313
382,0.15,0.46593374484564754,0.933312917454619
383,0.15,0.4705638610367654,0.9030392722347144
384,0.15,0.45995112791661785,0.8297766163455088
385,0.15,0.46184544177852915,0.8625092466968286
386,0.15,0.4628283809184805,0.9445930117592138
387,0.15,0.4667707324232495,0.8680764422208261
388,0.15,0.45650217390248177,0.7644869625938788
389,0.15,0.4623455649199782,0.8919847644942109
390,0.15,0.457169774711171,0.8658333221451499
391,0.15,0.4613227359411953,0.8741933879128551
392,0.15,0.46134200416730714,0.7593612316221888
393,0.15,0.4637344226480511,0.8685754390633015
394,0.15,0.46022681425821876,0.7723421939565588
395,0.15,0.4643762489883478,0.9033363219600351
396,0.15,0.46271125789096135,0.9288941098276828
397,0.15,0.4645881915674938,0.8592262995844727
398,0.15,0.4585735777821761,0.8654172133261281
399,0.15,0.46504711235397894,0.8766364258780478
400,0.15,0.49141180266266843,0.8428522534619306
401,0.15,0.46413255807052584,0.8610952852609085
402,0.15,0.46294998916263325,0.8969768985631873
403,0.15,0.4582915996536888,0.8421774033458657
404,0.15,0.4614987365665854,0.815467690533602
405,0.15,0.4595719057786861,0.7849546187738955
406,0.15,0.4610822884411869,0.8732458103625834
407,0.15,0.4690828625098702,0.8674579566486701
408,0.15,0.4682648152716727,0.8425680924170169
409,0.15,0.452930049839599,0.8912220852233806
410,0.15,0.45881213090152967,0.903546816910529
411,0.15,0.4598866135156037,0.8359221433995823
412,0.15,0.460952091233675,0.8708520013591273
413,0.15,0.4699503511289548,0.8953253740676214
414,0.15,0.4669211732669799,0.9269394136186676
415,0.15,0.46127447006623884,0.8554039794617853
416,0.15,0.4631314254061022,0.8566307046608265
417,0.15,0.46991442253238275,0.8968127849032476
418,0.15,0.4672211735951309,0.8661203344362151
419,0.15,0.44687872256186917,0.8778758603820664
420,0.15,0.4604638174815745,0.7948950360242732
421,0.15,0.4610002259203477,0.8818380429485406
422,0.15,0.4671199446831026,0.9361861023972105
423,0.15,0.45963146542857214,0.916078757880477
424,0.15,0.46422520038743514,0.8499402107266371
425,0.15,0.459127349388409,0.9338474049499681
426,0.15,0.4597093403951359,0.8644749432239872
427,0.15,0.46385872236321807,0.9023057230980792
428,0.15,0.45926202833961544,0.8653189121379873
429,0.15,0.4582233178988735,0.8216008147135194
430,0.15,0.46271634263939226,0.8146322066108186
431,0.15,0.46433951269909124,0.8895926393849592
432,0.15,0.4637786397402095,0.8843347639457347
433,0.15,0.46334907174244994,0.8728605925417597
434,0.15,0.44936018553678714,0.845449862908368
435,0.15,0.4638409079889685,0.9211367351221055
436,0.15,0.45907304951504513,0.8632961833846656
437,0.15,0.46408859386875645,0.8524123541444001
438,0.15,0.46082442060059364,0.8887897506086028
439,0.15,0.47120983720812487,0.8898167877796751
440,0.15,0.4553109435948687,0.8756292591283965
441,0.15,0.4646819453062602,0.8646942643932243
442,0.15,0.4642257227090285,0.8968885805593296
443,0.15,0.4635035004695208,0.8984612121006131
444,0.15,0.4681364386024516,0.8633944492909743
445,0.15,0.45280593028810356,0.9011707889404148
446,0.15,0.45947038142032753,0.8429046508495326
447,0.15,0.4940912769454039,0.8912574859863573
448,0.15,0.4538142720373203,0.791143794078209
449,0.15,0.46679246644438616,0.8350942158452138
450,0.15,0.46720853740128593,0.8944148960455502
451,0.15,0.4693089056973483,0.879978256614289
452,0.15,0.4642495519753966,0.843170191005176
453,0.15,0.4640292320665961,0.9005674972506248
454,0.15,0.46492757022878767,0.9430037811340929
455,0.15,0.4684618633358518,0.9167950656022874
456,0.15,0.4675840419323821,0.9022332497522574
457,0.15,0.4653602843801395,0.8291861401863533
458,0.15,0.46971368256281654,0.8422670322024028
459,0.15,0.4654798451641941,0.8652238301935368
460,0.15,0.4656227784703906,0.8635561699292409
461,0.15,0.4556938711770456,0.8610084607138198
462,0.15,0.45741040310191483,0.9120642674866917
463,0.15,0.46463765839207255,0.9364523613604919
464,0.15,0.4551308633204472,0.8317335098221906
465,0.15,0.470278835389817,0.89314893579393
466,0.15,0.467158192348742,0.8729638179340667
467,0.15,0.46137304973482535,0.8542334045980162
468,0.15,0.4638298956899337,0.8700301293950353
469,0.15,0.45819966356428965,0.8722459091998822
470,0.15,0.46556512133276773,0.8400676564333798
471,0.15,0.4632794649843036,0.8655440314565116
472,0.15,0.4510690931828285,0.888556105434831
473,0.15,0.4665183309585026,0.9044461650308457
474,0.15,0.460443352862803,0.8992735328084952
475,0.15,0.45687888888032424,0.8916479902689153
476,0.15,0.466605699193161,0.8644649936793051
477,0.15,0.4581134197903709,0.8766190814826305
478,0.15,0.45669718872536447,0.8259407976257264
479,0.15,0.4603966154842871,0.899777318166356
480,0.15,0.4604406736597913,0.8913847128944282
481,0.15,0.4643279542081578,0.8939879043275467
482,0.15,0.4594124789349292,0.8329884262851
483,0.15,0.4570708758338312,0.8324496464219738
484,0.15,0.4707010521465038,0.9034966779292953
485,0.15,0.4550171208650964,0.8491605509745207
486,0.15,0.4677382824034247,0.884797317004087
487,0.15,0.45885349942134124,0.838903143633596
488,0.15,0.48267369939289073,0.8343263366437131
489,0.15,0.45931233291036744,0.8716973526403482
490,0.15,0.4599704248409357,0.823582476988666
491,0.15,0.47531982831635,0.8872913807607057
492,0.15,0.459289131165261,0.816138083648369
493,0.15,0.4607760363776602,0.836835839253705
494,0.15,0.4681120967732878,0.8896198756477238
495,0.15,0.46207871410837165,0.8464506526423453
496,0.15,0.45994908897418707,0.879502785932627
497,0.15,0.46045650931542115,0.883507496852157
498,0.15,0.45890382839263655,0.8499461450051161
499,0.15,0.45425176855372396,0.8449907980196938
500,0.15,0.4607210029322832,0.8819458146220411
