Gamma,Iteration,Change_Factor,Uptake_Bound,Growth,ATPM,Random_Seed,phiCm,phiCc,phiR,phiEc,phiEr,phiEm,phiP_m,phiP,phiM,phiCm_m,phiEr_m,phiEm_m,phiPmax,phiMmax
1,1,1,0.1,0,0,1,0,0,0,0,0,0,0,0,0,0,0,0,0.484,0.484
1,1,1,0.43448275862069,0.0129943405332472,6.86,1,0.000155233304611779,0.461934326299401,0.00219604355011878,0.0111463107693039,0.00529840770346839,0.00326967837309636,0.00872331938117653,0.0220656737005992,0.00872331938117653,0.000155233304611779,0.00529840770346839,0.00326967837309636,0.484,0.484
1,1,1,0.768965517241379,0.04342382865525,6.86,1,0.000274738308955768,0.448106008281081,0.00733862704273724,0.0161310450392587,0.00708238479786229,0.0050671965301052,0.0124243196369233,0.0358939917189192,0.0124243196369233,0.000274738308955768,0.00708238479786229,0.0050671965301052,0.484,0.484
1,1,1,1.10344827586207,0.0738181555605651,6.86,1,0.000394243313299756,0.434234692912081,0.0124752682897355,0.0211657185210374,0.00886572295268386,0.00686435401116227,0.0161243202771459,0.0497653070879188,0.0161243202771459,0.000394243313299756,0.00886572295268386,0.00686435401116227,0.484,0.484
1,1,1,1.43793103448276,0.104243152052863,6.86,1,0.000513748317643745,0.420300345934595,0.0176170926969339,0.0262570196939575,0.0106499025806119,0.00866189077625795,0.0198255416745136,0.0636996540654051,0.0198255416745136,0.000513748317643745,0.0106499025806119,0.00866189077625795,0.484,0.484
1,1,1,1.77241379310345,0.134594282906774,6.86,1,0.000633253321987734,0.406434215667687,0.0227464338112448,0.0312776151925356,0.0124464639647599,0.0104620180417846,0.0235417353285322,0.0775657843323127,0.0235417353285322,0.000633253321987734,0.0124464639647599,0.0104620180417846,0.484,0.484
1,1,1,2.10689655172414,0.164878191689076,6.86,1,0.000752758326331722,0.392616751518896,0.0278644143954539,0.0362472683010924,0.0142542907645294,0.012264516693697,0.0272715657845581,0.0913832484811044,0.0272715657845581,0.000752758326331722,0.0142542907645294,0.012264516693697,0.484,0.484
1,1,1,2.44137931034483,0.195162100471379,6.86,1,0.000872263330675711,0.378788157641888,0.032982394979663,0.041228049975411,0.0160621173129572,0.0140670167594055,0.0310013974030385,0.105211842358112,0.0310013974030385,0.000872263330675711,0.0160621173129572,0.0140670167594055,0.484,0.484
1,1,1,2.77586206896552,0.225446009253681,6.86,1,0.0009917683350197,0.364936256914488,0.0381003755638721,0.0462320382406913,0.0178700023587658,0.0158695585871636,0.0347313292809491,0.119063743085512,0.0347313292809491,0.0009917683350197,0.0178700023587658,0.0158695585871636,0.484,0.484
1,1,1,3.11034482758621,0.255729918035983,6.86,1,0.00111127333936369,0.351081966492344,0.0432183561480812,0.05123861788203,0.0196777706611547,0.0176720154770264,0.0384610594775448,0.132918033507656,0.0384610594775448,0.00111127333936369,0.0196777706611547,0.0176720154770264,0.484,0.484
1,1,1,3.4448275862069,0.286013826818286,6.86,1,0.00123077834370768,0.337228221356594,0.0483363367322903,0.0562445513963177,0.0214855973352534,0.0194745148358369,0.042190890514798,0.146771778643406,0.042190890514798,0.00123077834370768,0.0214855973352534,0.0194745148358369,0.484,0.484
1,1,1,3.77931034482759,0.316297735600588,6.86,1,0.00135028334805167,0.323369948843394,0.0534543173164994,0.0612549656422001,0.0232934432508144,0.02127704159904,0.0459207681979061,0.160630051156606,0.0459207681979061,0.00135028334805167,0.0232934432508144,0.02127704159904,0.484,0.484
1,1,1,4.11379310344828,0.346581644382891,6.86,1,0.00146978835239565,0.309508532433464,0.0585722979007085,0.0662686170765234,0.0251012506834508,0.0230795135534578,0.0496505525893042,0.174491467566536,0.0496505525893042,0.00146978835239565,0.0251012506834508,0.0230795135534578,0.484,0.484
1,1,1,4.44827586206897,0.376865553165191,6.86,1,0.00158929335673964,0.295646582653071,0.0636902784849173,0.0712827552354543,0.0269090773575496,0.0248820129122683,0.0533803836265576,0.188353417346929,0.0533803836265576,0.00158929335673964,0.0269090773575496,0.0248820129122683,0.484,0.484
1,1,1,4.78275862068966,0.407149461947496,6.86,1,0.00170879836108363,0.281784633309064,0.0688082590691268,0.0762968933944013,0.0287169040316481,0.0266845118346759,0.0571102142274076,0.202215366690936,0.0571102142274076,0.00170879836108363,0.0287169040316481,0.0266845118346759,0.484,0.484
1,1,1,5.11724137931035,0.437433370729796,6.86,1,0.00182830336542762,0.267922675590472,0.0739262396533355,0.0813110390551292,0.030524730705747,0.0284870116298892,0.0608400457010638,0.216077324409528,0.0608400457010638,0.00182830336542762,0.030524730705747,0.0284870116298892,0.484,0.484
1,1,1,5.45172413793104,0.467717279512098,6.86,1,0.00194780836977161,0.254116981575613,0.0790442202375446,0.0862926316774768,0.0323192795587385,0.0302790785808559,0.064546166509366,0.229883018424387,0.064546166509366,0.00194780836977161,0.0323192795587385,0.0302790785808559,0.484,0.484
1,1,1,5.78620689655172,0.498001188294405,6.86,1,0.0020673133741156,0.240258673775876,0.0841622008217544,0.0913046630532768,0.0341262465162078,0.0320809024587695,0.068274462349093,0.243741326224124,0.0682744623490929,0.0020673133741156,0.0341262465162078,0.0320809024587695,0.484,0.484
1,1,1,6.12068965517241,0.528285097076703,6.86,1,0.00218681837845959,0.226400365976141,0.0892801814059627,0.0963166944290766,0.0359332134736768,0.0338827263366832,0.0720027581888195,0.257599634023859,0.0720027581888196,0.00218681837845959,0.0359332134736768,0.0338827263366832,0.484,0.484
1,1,1,6.4551724137931,0.558569005859005,6.86,1,0.00230632338280357,0.212542058176406,0.0943981619901719,0.101328725804876,0.0377401804311457,0.0356845502145965,0.0757310540285458,0.271457941823594,0.0757310540285458,0.00230632338280357,0.0377401804311457,0.0356845502145965,0.484,0.484
1,1,1,6.78965517241379,0.588852914641307,6.86,1,0.00242582838714756,0.198683751007837,0.0995161425743809,0.106340757180673,0.0395471473886138,0.0374863734613477,0.0794593492371091,0.285316248992163,0.0794593492371091,0.00242582838714756,0.0395471473886138,0.0374863734613477,0.484,0.484
1,1,1,7.12413793103448,0.619136823423611,6.86,1,0.00254533339149155,0.184825443240558,0.10463412315859,0.111352788556474,0.0413541143460834,0.039288197306802,0.0831876450443769,0.299174556759442,0.0831876450443769,0.00254533339149155,0.0413541143460834,0.039288197306802,0.484,0.484
1,1,1,7.45862068965517,0.649420732205912,6.86,1,0.00266483839583554,0.170967135473285,0.109752103742799,0.116364819932273,0.043161081303552,0.0410900211522554,0.086915940851643,0.313032864526715,0.086915940851643,0.00266483839583554,0.043161081303552,0.0410900211522554,0.484,0.484
1,1,1,7.79310344827586,0.679704640988214,6.86,1,0.00278434340017953,0.157108826977471,0.114870084327008,0.121376851308072,0.0449680482610205,0.0428918457262494,0.0906442373874495,0.326891173022529,0.0906442373874495,0.00278434340017953,0.0449680482610205,0.0428918457262494,0.484,0.484
1,1,1,8.12758620689655,0.709988549770516,6.86,1,0.00290384840452352,0.143250519938738,0.119988064911217,0.12638888268387,0.0467750152184891,0.044693668843162,0.0943725324661746,0.340749480061262,0.0943725324661746,0.00290384840452352,0.0467750152184891,0.044693668843162,0.484,0.484
1,1,1,8.46206896551724,0.740272458552822,6.86,1,0.00302335340886751,0.129303180527514,0.125106045495427,0.131452418696925,0.0486029974467339,0.0465120044245333,0.0981383552801348,0.354696819472486,0.0981383552801348,0.00302335340886751,0.0486029974467339,0.0465120044245333,0.484,0.484
1,1,1,8.79655172413793,0.770556367335125,6.86,1,0.00314285841321149,0.115441230552342,0.130224026079636,0.136466557083094,0.0504108241208323,0.048314503750884,0.101868186284928,0.368558769447658,0.101868186284928,0.00314285841321149,0.0504108241208323,0.048314503750884,0.484,0.484
1,1,1,9.13103448275862,0.790859327015616,6.86,1,0.00326236341755548,0.106517568581854,0.133655226265639,0.139840494111797,0.0512763519941846,0.0494479956289698,0.10398671104071,0.377482431418146,0.10398671104071,0.00326236341755548,0.0512763519941846,0.0494479956289698,0.484,0.484
1,1,1,9.46551724137931,0.802855535610184,6.86,1,0.00338186842189947,0.100741518625079,0.135682585518121,0.142812271275609,0.0513529959505256,0.0500287602087656,0.104763624581191,0.383258481374921,0.104763624581191,0.00338186842189947,0.0513529959505256,0.0500287602087656,0.484,0.484
1,1,1,9.8,0.814851744204745,6.86,1,0.00350137342624346,0.0948786611816934,0.137709944770602,0.14587085987956,0.0514296163399929,0.0506095444019084,0.105540534168145,0.389121338818307,0.105540534168145,0.00350137342624346,0.0514296163399929,0.0506095444019084,0.484,0.484
1,1,1,10,0.822024734910774,6.86,1,0.00357283002677904,0.0913729650206148,0.138922180199921,0.147699764592555,0.0514754950718599,0.0509567650882709,0.10600509018691,0.392627034979385,0.10600509018691,0.00357283002677904,0.0514754950718599,0.0509567650882709,0.484,0.484
1,1,1,10.0052509976896,0.822213061698897,6.86,1,0.00357470611900062,0.0912809241595477,0.138954007427114,0.147747781513024,0.0514766985580168,0.0509658822232973,0.106017286900315,0.392719075840452,0.106017286900315,0.00357470611900062,0.0514766985580168,0.0509658822232973,0.484,0.484
1,1,1,10.0210039907582,0.822778042063263,6.86,1,0.00358033439566537,0.0910048015763285,0.139049489108691,0.147891832274447,0.0514803090165013,0.0509932336283666,0.106053877040533,0.392995198423672,0.106053877040533,0.00358033439566537,0.0514803090165013,0.0509932336283666,0.484,0.484
1,1,1,10.047258979206,0.82371967600387,6.86,1,0.00358971485677327,0.090544597270972,0.139208625244654,0.148131916876811,0.0514863264473024,0.0510388193034869,0.106114860607563,0.393455402729028,0.106114860607563,0.00358971485677327,0.0514863264473024,0.0510388193034869,0.484,0.484
1,1,1,10.084015963033,0.825037963520731,6.86,1,0.00360284750232434,0.0899003112435127,0.139431415835004,0.148468035320089,0.0514947508503941,0.0511026392486765,0.106200237601395,0.394099688756487,0.106200237601395,0.00360284750232434,0.0514947508503941,0.0511026392486765,0.484,0.484
1,1,1,10.131274942239,0.82673290461385,6.86,1,0.00361973233231857,0.0890719162009084,0.139717860879741,0.148900211086919,0.0515055997713171,0.0511846797287965,0.106310011832432,0.394928083799092,0.106310011832432,0.00361973233231857,0.0515055997713171,0.0511846797287965,0.484,0.484
1,1,1,10.1890359168242,0.8288044992832,6.86,1,0.00364036934675596,0.0880595386173655,0.140067960378861,0.149428336862926,0.0515187795317159,0.051285015262376,0.106444164140848,0.395940461382635,0.106444164140848,0.00364036934675596,0.0515187795317159,0.051285015262376,0.484,0.484
1,1,1,10.2572988867885,0.831252747528801,6.86,1,0.00366475854563652,0.0868629628281152,0.140481714332367,0.150052593695723,0.051534465893711,0.0514035047044467,0.106602729143794,0.397137037171885,0.106602729143794,0.00366475854563652,0.051534465893711,0.0514035047044467,0.484,0.484
1,1,1,10.3360638521319,0.834077649350645,6.86,1,0.00369289992896023,0.0854823947910773,0.140959122740259,0.150772810401622,0.0515524768830934,0.0515402952549882,0.106785672067042,0.398517605208923,0.106785672067042,0.00369289992896023,0.0515524768830934,0.0515402952549882,0.484,0.484
1,1,1,10.4253308128544,0.837279204748738,6.86,1,0.00372479349672711,0.0839177003251087,0.141500185602537,0.151589097907265,0.0515729359892925,0.0516952866790701,0.10699301616509,0.400082299674891,0.10699301616509,0.00372479349672711,0.0515729359892925,0.0516952866790701,0.484,0.484
1,1,1,10.5250997689561,0.84085741372307,6.86,1,0.00376043924893715,0.082168924157292,0.142104902919199,0.152501419237078,0.0515958020491406,0.0518685123883537,0.107224753686431,0.401831075842708,0.107224753686431,0.00376043924893715,0.0515958020491406,0.0518685123883537,0.484,0.484
1,1,1,10.6353707204369,0.844812276273656,6.86,1,0.00379983718559035,0.0802360662875892,0.142773274690248,0.153509774391089,0.0516210750626638,0.0520599723828199,0.107480884631074,0.403763933712411,0.107480884631074,0.00379983718559035,0.0516210750626638,0.0520599723828199,0.484,0.484
1,1,1,10.7561436672968,0.849143792400483,6.86,1,0.00384298730668672,0.0781191267160012,0.143505300915682,0.154614163369299,0.0516487550298626,0.0522696666624687,0.107761408999018,0.405880873283999,0.107761408999018,0.00384298730668672,0.0516487550298626,0.0522696666624687,0.484,0.484
1,1,1,10.8874186095358,0.853851962103554,6.86,1,0.00388988961222625,0.0758180594994371,0.144300981595501,0.155814624152549,0.051678884233018,0.0524975609072687,0.108066334752513,0.408181940500563,0.108066334752513,0.00388988961222625,0.051678884233018,0.0524975609072687,0.484,0.484
1,1,1,11.029195547154,0.858936785382866,6.86,1,0.00394054410220894,0.0733330024671995,0.145160316729704,0.157111042798293,0.051711335825265,0.0527437580773296,0.108395638004804,0.4106669975328,0.108395638004804,0.00394054410220894,0.051711335825265,0.0527437580773296,0.484,0.484
1,1,1,11.1814744801512,0.864398262238441,6.86,1,0.00399495077663479,0.0706637712794298,0.146083306318297,0.158503571699034,0.0517462794579967,0.0530081204686082,0.10874935070324,0.41333622872057,0.10874935070324,0.00399495077663479,0.0517462794579967,0.0530081204686082,0.484,0.484
1,1,1,11.3442554085276,0.870236392670244,6.86,1,0.0040531096355038,0.0678105045862322,0.147069950361271,0.15999209623368,0.0517835875289522,0.0532907516543609,0.109127448818817,0.416189495413768,0.109127448818817,0.0040531096355038,0.0517835875289522,0.0532907516543609,0.484,0.484
1,1,1,11.5175383322831,0.876451176678314,6.86,1,0.00411502067881598,0.0647732033298518,0.148120248858635,0.161576615623273,0.051823259170936,0.053591652338488,0.10952993218824,0.419226796670148,0.10952993218824,0.00411502067881598,0.051823259170936,0.053591652338488,0.484,0.484
1,1,1,11.7013232514178,0.883042614262616,6.86,1,0.00418068390657132,0.0615516968814824,0.149234201810382,0.163257271907814,0.0518654433283549,0.0539107021653953,0.109956829400322,0.422448303118518,0.109956829400322,0.00418068390657132,0.0518654433283549,0.0539107021653953,0.484,0.484
1,1,1,11.8956101659315,0.890010705423155,6.86,1,0.00425009931876982,0.0581462620623113,0.150411809216513,0.165033833294162,0.0519099095030086,0.0542480866052351,0.110408095427014,0.425853737937689,0.110408095427013,0.00425009931876982,0.0519099095030086,0.0542480866052351,0.484,0.484
1,1,1,12.1003990758244,0.897355450159951,6.86,1,0.00432326691541148,0.0545566688757159,0.151653071077032,0.166906492865901,0.0519568450995556,0.0546036551663839,0.110883767181351,0.429443331124284,0.110883767181351,0.00432326691541148,0.0519568450995556,0.0546036551663839,0.484,0.484
1,1,1,12.3156899810964,0.905076848472993,6.86,1,0.00440018669649631,0.0507829939872473,0.152957987391936,0.16887518626183,0.052006187649769,0.0549774580127219,0.111383832358987,0.433217006012753,0.111383832358987,0.00440018669649631,0.052006187649769,0.0549774580127219,0.484,0.484
1,1,1,12.5414828817475,0.91317490036228,6.86,1,0.00448085866202429,0.0468252465974531,0.154326558161225,0.170939905651692,0.0520579171864498,0.0553695137411556,0.11190828958963,0.437174753402547,0.11190828958963,0.00448085866202429,0.0520579171864498,0.0553695137411556,0.484,0.484
1,1,1,12.7777777777778,0.921649605827825,6.86,1,0.00456528281199544,0.0426833495135932,0.155758783384902,0.173100715522874,0.0521121392507986,0.0557797295158359,0.11245715157863,0.441316650486407,0.11245715157863,0.00456528281199544,0.0521121392507986,0.0557797295158359,0.484,0.484
1,1,1,13.0245746691871,0.930500964869606,6.86,1,0.00465345914640975,0.0383574290431815,0.157254663062963,0.175357510785141,0.0521687031003696,0.0562082348619347,0.113030397108714,0.445642570956819,0.113030397108714,0.00465345914640975,0.0521687031003696,0.0562082348619347,0.484,0.484
1,1,1,13.2818735559756,0.939728977487633,6.86,1,0.00474538766526723,0.0338431952693072,0.15881419719541,0.177713723400798,0.0522306521518539,0.0566528443173636,0.113628884134485,0.450156804730693,0.113628884134485,0.00474538766526723,0.0522306521518539,0.0566528443173636,0.484,0.484
1,1,1,13.5496744381432,0.9493336436819,6.86,1,0.00484106836856786,0.0291533429360238,0.160437385782241,0.180159202832437,0.0522890517164045,0.0571199483643256,0.114250068449298,0.454846657063976,0.114250068449298,0.00484106836856786,0.0522890517164045,0.0571199483643256,0.484,0.484
1,1,1,13.82797731569,0.959314963452419,6.86,1,0.00494050125631166,0.0242751772991536,0.162124228823459,0.182704099617565,0.0523528364829586,0.0576031565205525,0.114896494259823,0.459724822700846,0.114896494259823,0.00494050125631166,0.0523528364829586,0.0576031565205525,0.484,0.484
1,1,1,14.1167821886158,0.969672936799182,6.86,1,0.00504368632849862,0.0190725629826608,0.163874726319062,0.185484522109001,0.0524221013510572,0.0581024009097203,0.115568188589276,0.464927437017339,0.115568188589276,0.00504368632849862,0.0524221013510572,0.0581024009097203,0.484,0.484
1,1,1,14.4160890569208,0.980406769641529,6.86,1,0.00515062358512874,0.0136089535687218,0.165688744069418,0.188439267181634,0.0524893051067751,0.0586231064883222,0.116263035180226,0.470391046431278,0.116263035180226,0.00515062358512874,0.0524893051067751,0.0586231064883222,0.484,0.484
1,1,1,14.7258979206049,0.988587769906033,6.86,1,0.00526130260663681,0.00812378986365969,0.16707133311412,0.192262878031232,0.0524070294356835,0.0588736669486686,0.116541998990989,0.47587621013634,0.116541998990989,0.00526130260663681,0.0524070294356835,0.0588736669486686,0.484,0.484
1,1,1,15.0462087796681,0.996685152006321,6.86,1,0.00537574414680798,0.00236707156348248,0.168439790689068,0.196457437918933,0.0522967083198768,0.0590632473618309,0.116735699828516,0.481632928436518,0.116735699828516,0.00537574414680798,0.0522967083198768,0.0590632473618309,0.484,0.484
1,1,1,15.3770216341105,1.00001411546102,6.86,1,0.00542279289666463,3.92480912547732e-07,0.169002385512913,0.198181888661383,0.0522513535424618,0.059141186905665,0.116815333344791,0.483999607519087,0.116815333344791,0.00542279289666463,0.0522513535424618,0.059141186905665,0.484,0.484
1,1,1,15.7183364839319,1.00001411546102,6.86,1,0.00542279289666463,3.92480912547732e-07,0.169002385512913,0.198181888661383,0.0522513535424618,0.059141186905665,0.116815333344791,0.483999607519087,0.116815333344791,0.00542279289666463,0.0522513535424618,0.059141186905665,0.484,0.484
1,1,1,16.0701533291325,1.00001411546102,6.86,1,0.00542279289666461,3.92480913213866e-07,0.169002385512913,0.198181888661382,0.0522513535424618,0.059141186905665,0.116815333344791,0.483999607519087,0.116815333344791,0.00542279289666461,0.0522513535424618,0.059141186905665,0.484,0.484
1,1,1,16.4324721697122,1.00001411546102,6.86,1,0.00542279289666461,3.92480913213866e-07,0.169002385512913,0.198181888661382,0.0522513535424618,0.059141186905665,0.116815333344791,0.483999607519087,0.116815333344791,0.00542279289666461,0.0522513535424618,0.059141186905665,0.484,0.484
1,1,1,16.8052930056711,1.00001411546102,6.86,1,0.00542279289666461,3.92480913213866e-07,0.169002385512913,0.198181888661382,0.0522513535424618,0.059141186905665,0.116815333344791,0.483999607519087,0.116815333344791,0.00542279289666461,0.0522513535424618,0.059141186905665,0.484,0.484
1,1,1,17.188615837009,1.00001411546102,6.86,1,0.00542279289666461,3.92480913213866e-07,0.169002385512913,0.198181888661382,0.0522513535424618,0.059141186905665,0.116815333344791,0.483999607519087,0.116815333344791,0.00542279289666461,0.0522513535424618,0.059141186905665,0.484,0.484
1,1,1,17.5824406637261,1.00001411546102,6.86,1,0.00542279289666461,3.92480913213866e-07,0.169002385512913,0.198181888661382,0.0522513535424618,0.059141186905665,0.116815333344791,0.483999607519087,0.116815333344791,0.00542279289666461,0.0522513535424618,0.059141186905665,0.484,0.484
1,1,1,17.9867674858223,1.00001411546102,6.86,1,0.00542279289666461,3.92480913213866e-07,0.169002385512913,0.198181888661382,0.0522513535424618,0.059141186905665,0.116815333344791,0.483999607519087,0.116815333344791,0.00542279289666461,0.0522513535424618,0.059141186905665,0.484,0.484
1,1,1,18.4015963032976,1.00001411546102,6.86,1,0.00542279289666461,3.92480913213866e-07,0.169002385512913,0.198181888661382,0.0522513535424618,0.059141186905665,0.116815333344791,0.483999607519087,0.116815333344791,0.00542279289666461,0.0522513535424618,0.059141186905665,0.484,0.484
1,1,1,18.8269271161521,1.00001411546102,6.86,1,0.00542279289666461,3.92480913213866e-07,0.169002385512913,0.198181888661382,0.0522513535424618,0.059141186905665,0.116815333344791,0.483999607519087,0.116815333344791,0.00542279289666461,0.0522513535424618,0.059141186905665,0.484,0.484
1,1,1,19.2627599243856,1.00001411546102,6.86,1,0.00542279289666461,3.92480913213866e-07,0.169002385512913,0.198181888661382,0.0522513535424618,0.059141186905665,0.116815333344791,0.483999607519087,0.116815333344791,0.00542279289666461,0.0522513535424618,0.059141186905665,0.484,0.484
1,1,1,19.7090947279983,1.00001411546102,6.86,1,0.00542279289666461,3.92480913213866e-07,0.169002385512913,0.198181888661382,0.0522513535424618,0.059141186905665,0.116815333344791,0.483999607519087,0.116815333344791,0.00542279289666461,0.0522513535424618,0.059141186905665,0.484,0.484
1,1,1,20.1659315269901,1.00001411546102,6.86,1,0.00542279289666461,3.92480913213866e-07,0.169002385512913,0.198181888661382,0.0522513535424618,0.059141186905665,0.116815333344791,0.483999607519087,0.116815333344791,0.00542279289666461,0.0522513535424618,0.059141186905665,0.484,0.484
1,1,1,20.6332703213611,1.00001411546102,6.86,1,0.00542279289666461,3.92480913213866e-07,0.169002385512913,0.198181888661382,0.0522513535424618,0.059141186905665,0.116815333344791,0.483999607519087,0.116815333344791,0.00542279289666461,0.0522513535424618,0.059141186905665,0.484,0.484
1,1,1,21.1111111111111,1.00001411546102,6.86,1,0.00542279289666461,3.92480913213866e-07,0.169002385512913,0.198181888661382,0.0522513535424618,0.059141186905665,0.116815333344791,0.483999607519087,0.116815333344791,0.00542279289666461,0.0522513535424618,0.059141186905665,0.484,0.484
1,1,1,21.5994538962403,1.00001411546102,6.86,1,0.00542279289666461,3.92480913213866e-07,0.169002385512913,0.198181888661382,0.0522513535424618,0.059141186905665,0.116815333344791,0.483999607519087,0.116815333344791,0.00542279289666461,0.0522513535424618,0.059141186905665,0.484,0.484
1,1,1,22.0982986767486,1.00001411546102,6.86,1,0.00542279289666461,3.92480913213866e-07,0.169002385512913,0.198181888661382,0.0522513535424618,0.059141186905665,0.116815333344791,0.483999607519087,0.116815333344791,0.00542279289666461,0.0522513535424618,0.059141186905665,0.484,0.484
1,1,1,22.607645452636,1.00001411546102,6.86,1,0.00542279289666461,3.92480913213866e-07,0.169002385512913,0.198181888661382,0.0522513535424618,0.059141186905665,0.116815333344791,0.483999607519087,0.116815333344791,0.00542279289666461,0.0522513535424618,0.059141186905665,0.484,0.484
1,1,1,23.1274942239025,1.00001411546102,6.86,1,0.00542279289666461,3.92480913213866e-07,0.169002385512913,0.198181888661382,0.0522513535424618,0.059141186905665,0.116815333344791,0.483999607519087,0.116815333344791,0.00542279289666461,0.0522513535424618,0.059141186905665,0.484,0.484
1,1,1,23.6578449905482,1.00001411546102,6.86,1,0.00542279289666461,3.92480913213866e-07,0.169002385512913,0.198181888661382,0.0522513535424618,0.059141186905665,0.116815333344791,0.483999607519087,0.116815333344791,0.00542279289666461,0.0522513535424618,0.059141186905665,0.484,0.484
1,1,1,24.198697752573,1.00001411546102,6.86,1,0.00542279289666461,3.92480913213866e-07,0.169002385512913,0.198181888661382,0.0522513535424618,0.059141186905665,0.116815333344791,0.483999607519087,0.116815333344791,0.00542279289666461,0.0522513535424618,0.059141186905665,0.484,0.484
1,1,1,24.7500525099769,1.00001411546102,6.86,1,0.00542279289666461,3.92480913213866e-07,0.169002385512913,0.198181888661382,0.0522513535424618,0.059141186905665,0.116815333344791,0.483999607519087,0.116815333344791,0.00542279289666461,0.0522513535424618,0.059141186905665,0.484,0.484
1,1,1,25.3119092627599,1.00001411546102,6.86,1,0.00542279289666461,3.92480913213866e-07,0.169002385512913,0.198181888661382,0.0522513535424618,0.059141186905665,0.116815333344791,0.483999607519087,0.116815333344791,0.00542279289666461,0.0522513535424618,0.059141186905665,0.484,0.484
1,1,1,25.8842680109221,1.00001411546102,6.86,1,0.00542279289666461,3.92480913213866e-07,0.169002385512913,0.198181888661382,0.0522513535424618,0.059141186905665,0.116815333344791,0.483999607519087,0.116815333344791,0.00542279289666461,0.0522513535424618,0.059141186905665,0.484,0.484
1,1,1,26.4671287544633,1.00001411546102,6.86,1,0.00542279289666461,3.92480913213866e-07,0.169002385512913,0.198181888661382,0.0522513535424618,0.059141186905665,0.116815333344791,0.483999607519087,0.116815333344791,0.00542279289666461,0.0522513535424618,0.059141186905665,0.484,0.484
1,1,1,27.0604914933837,1.00001411546102,6.86,1,0.00542279289666461,3.92480913213866e-07,0.169002385512913,0.198181888661382,0.0522513535424618,0.059141186905665,0.116815333344791,0.483999607519087,0.116815333344791,0.00542279289666461,0.0522513535424618,0.059141186905665,0.484,0.484
1,1,1,27.6643562276833,1.00001411546102,6.86,1,0.00542279289666461,3.92480913213866e-07,0.169002385512913,0.198181888661382,0.0522513535424618,0.059141186905665,0.116815333344791,0.483999607519087,0.116815333344791,0.00542279289666461,0.0522513535424618,0.059141186905665,0.484,0.484
1,1,1,28.2787229573619,1.00001411546102,6.86,1,0.00542279289666461,3.92480913213866e-07,0.169002385512913,0.198181888661382,0.0522513535424618,0.059141186905665,0.116815333344791,0.483999607519087,0.116815333344791,0.00542279289666461,0.0522513535424618,0.059141186905665,0.484,0.484
1,1,1,28.9035916824197,1.00001411546102,6.86,1,0.00542279289666461,3.92480913213866e-07,0.169002385512913,0.198181888661382,0.0522513535424618,0.059141186905665,0.116815333344791,0.483999607519087,0.116815333344791,0.00542279289666461,0.0522513535424618,0.059141186905665,0.484,0.484
1,1,1,29.5389624028565,1.00001411546102,6.86,1,0.00542279289666461,3.92480913213866e-07,0.169002385512913,0.198181888661382,0.0522513535424618,0.059141186905665,0.116815333344791,0.483999607519087,0.116815333344791,0.00542279289666461,0.0522513535424618,0.059141186905665,0.484,0.484
1,1,1,30.1848351186725,1.00001411546102,6.86,1,0.00542279289666461,3.92480913213866e-07,0.169002385512913,0.198181888661382,0.0522513535424618,0.059141186905665,0.116815333344791,0.483999607519087,0.116815333344791,0.00542279289666461,0.0522513535424618,0.059141186905665,0.484,0.484
1,1,1,30.8412098298677,1.00001411546102,6.86,1,0.00542279289666461,3.92480913213866e-07,0.169002385512913,0.198181888661382,0.0522513535424618,0.059141186905665,0.116815333344791,0.483999607519087,0.116815333344791,0.00542279289666461,0.0522513535424618,0.059141186905665,0.484,0.484
1,1,1,31.5080865364419,1.00001411546102,6.86,1,0.00542279289666461,3.92480913213866e-07,0.169002385512913,0.198181888661382,0.0522513535424618,0.059141186905665,0.116815333344791,0.483999607519087,0.116815333344791,0.00542279289666461,0.0522513535424618,0.059141186905665,0.484,0.484
1,1,1,32.1854652383953,1.00001411546102,6.86,1,0.00542279289666461,3.92480913213866e-07,0.169002385512913,0.198181888661382,0.0522513535424618,0.059141186905665,0.116815333344791,0.483999607519087,0.116815333344791,0.00542279289666461,0.0522513535424618,0.059141186905665,0.484,0.484
1,1,1,32.8733459357278,1.00001411546102,6.86,1,0.00542279289666461,3.92480913213866e-07,0.169002385512913,0.198181888661382,0.0522513535424618,0.059141186905665,0.116815333344791,0.483999607519087,0.116815333344791,0.00542279289666461,0.0522513535424618,0.059141186905665,0.484,0.484
1,1,1,33.5717286284394,1.00001411546102,6.86,1,0.00542279289666461,3.92480913213866e-07,0.169002385512913,0.198181888661382,0.0522513535424618,0.059141186905665,0.116815333344791,0.483999607519087,0.116815333344791,0.00542279289666461,0.0522513535424618,0.059141186905665,0.484,0.484
1,1,1,34.2806133165301,1.00001411546102,6.86,1,0.00542279289666461,3.92480913213866e-07,0.169002385512913,0.198181888661382,0.0522513535424618,0.059141186905665,0.116815333344791,0.483999607519087,0.116815333344791,0.00542279289666461,0.0522513535424618,0.059141186905665,0.484,0.484
1,1,1,35,1.00001411546102,6.86,1,0.00542279289666461,3.92480913213866e-07,0.169002385512913,0.198181888661382,0.0522513535424618,0.059141186905665,0.116815333344791,0.483999607519087,0.116815333344791,0.00542279289666461,0.0522513535424618,0.059141186905665,0.484,0.484
0.3,1,1,0.1,0,0,1,0,0,0,0,0,0,0,0,0,0,0,0,0.484,0.1452
0.3,1,1,0.43448275862069,0.0129940362773682,6.86,1,0.000155233304611779,0.461934287189134,0.00219599213087523,0.0111465559964424,0.00529828650453065,0.00326964487440629,0.00872316468354872,0.0220657128108663,0.00872316468354872,0.000155233304611779,0.00529828650453065,0.00326964487440629,0.484,0.1452
0.3,1,1,0.768965517241379,0.0434238286552498,6.86,1,0.000274738308955768,0.448111852398486,0.00733862704273722,0.0161192828459384,0.00708699287667885,0.00506850652720349,0.0124302377128381,0.0358881476015137,0.0124302377128381,0.000274738308955768,0.00708699287667885,0.00506850652720349,0.484,0.1452
0.3,1,1,1.10344827586207,0.073818155560565,6.86,1,0.000394243313299756,0.434234692912081,0.0124752682897355,0.0211657185210371,0.00886572295268385,0.00686435401116227,0.0161243202771459,0.0497653070879185,0.0161243202771459,0.000394243313299756,0.00886572295268385,0.00686435401116227,0.484,0.1452
0.3,1,1,1.43793103448276,0.104243152052864,6.86,1,0.000513748317643745,0.420299935211244,0.017617092696934,0.0262574217678081,0.0106499089023428,0.00866189310402708,0.0198255503240137,0.0637000647887557,0.0198255503240137,0.000513748317643745,0.0106499089023428,0.00866189310402708,0.484,0.1452
0.3,1,1,1.77241379310345,0.134594282906774,6.86,1,0.000633253321987734,0.406434215667687,0.0227464338112448,0.0312776151925364,0.0124464639647599,0.0104620180417846,0.0235417353285322,0.0775657843323135,0.0235417353285322,0.000633253321987734,0.0124464639647599,0.0104620180417846,0.484,0.1452
0.3,1,1,2.10689655172414,0.164878191689076,6.86,1,0.000752758326331722,0.392617055343701,0.0278644143954538,0.0362469381561145,0.0142543057743325,0.0122645280040667,0.0272715921047309,0.0913829446562992,0.0272715921047309,0.000752758326331722,0.0142543057743325,0.0122645280040667,0.484,0.1452
0.3,1,1,2.44137931034483,0.195162100471378,6.86,1,0.000872263330675711,0.378788519684136,0.0329823949796629,0.0412276574666314,0.0160621352284307,0.0140670293104637,0.0310014278695702,0.105211480315864,0.0310014278695702,0.000872263330675711,0.0160621352284307,0.0140670293104637,0.484,0.1452
0.3,1,1,2.77586206896552,0.22544600925368,6.86,1,0.0009917683350197,0.364936130560826,0.038100375563872,0.0462321287337803,0.0178700069209383,0.0158695898855639,0.034731365141522,0.119063869439174,0.034731365141522,0.0009917683350197,0.0178700069209383,0.0158695898855639,0.484,0.1452
0.3,1,1,3.11034482758621,0.255729918035983,6.86,1,0.00111127333936369,0.351081966492342,0.0432183561480811,0.0512386178820318,0.0196777706611546,0.0176720154770265,0.0384610594775448,0.132918033507658,0.0384610594775448,0.00111127333936369,0.0196777706611546,0.0176720154770265,0.484,0.1452
0.3,1,1,3.4448275862069,0.286013826818285,6.86,1,0.00123077834370768,0.337228912736991,0.0483363367322901,0.0562437324529386,0.0214856616266572,0.0194745781074156,0.0421910180777805,0.146771087263009,0.0421910180777805,0.00123077834370768,0.0214856616266572,0.0194745781074156,0.484,0.1452
0.3,1,1,3.77931034482759,0.316297735600587,6.86,1,0.00135028334805167,0.323370482213863,0.0534543173164992,0.0612544789175866,0.0232934240093521,0.0212770141946474,0.0459207215520512,0.160629517786137,0.0459207215520512,0.00135028334805167,0.0232934240093521,0.0212770141946474,0.484,0.1452
0.3,1,1,4.11379310344828,0.346581644382889,6.86,1,0.00146978835239565,0.309508532804952,0.0585722979007083,0.0662686170765186,0.0251012506834509,0.0230795131819747,0.0496505522178212,0.174491467195048,0.0496505522178212,0.00146978835239565,0.0251012506834509,0.0230795131819747,0.484,0.1452
0.3,1,1,4.44827586206897,0.376865553165191,6.86,1,0.00158929335673964,0.295646582653065,0.0636902784849173,0.0712827552354598,0.0269090773575495,0.0248820129122682,0.0533803836265574,0.188353417346935,0.0533803836265574,0.00158929335673964,0.0269090773575495,0.0248820129122682,0.484,0.1452
0.3,1,1,4.78275862068966,0.407149461947493,6.86,1,0.00170879836108363,0.281784633309071,0.0688082590691264,0.0762968933943951,0.0287169040316482,0.026684511834676,0.0571102142274078,0.202215366690929,0.0571102142274078,0.00170879836108363,0.0287169040316482,0.026684511834676,0.484,0.1452
0.3,1,1,5.11724137931035,0.437433370729796,6.86,1,0.00182830336542762,0.267922675590466,0.0739262396533354,0.0813110390551351,0.0305247307057469,0.0284870116298892,0.0608400457010637,0.216077324409534,0.0608400457010637,0.00182830336542762,0.0305247307057469,0.0284870116298892,0.484,0.1452
0.3,1,1,5.45172413793104,0.467717279512101,6.86,1,0.00194780836977161,0.25411695828469,0.079044220237545,0.086292608745196,0.0323192732523615,0.0302791311104354,0.0645462127325686,0.22988304171531,0.0645462127325686,0.00194780836977161,0.0323192732523615,0.0302791311104354,0.484,0.1452
0.3,1,1,5.78620689655172,0.4980011882944,6.86,1,0.0020673133741156,0.240258648443127,0.0841622008217536,0.091304638636168,0.0341262398015028,0.0320809589233328,0.0682745120989511,0.243741351556873,0.0682745120989512,0.0020673133741156,0.0341262398015028,0.0320809589233328,0.484,0.1452
0.3,1,1,6.12068965517241,0.528285097076702,6.86,1,0.00218681837845959,0.226400346503229,0.0892801814059627,0.0963166613402255,0.0359332095128876,0.0338827828592358,0.072002810750583,0.257599653496771,0.072002810750583,0.00218681837845959,0.0359332095128876,0.0338827828592358,0.484,0.1452
0.3,1,1,6.4551724137931,0.558569005859005,6.86,1,0.00230632338280357,0.212542037587211,0.0943981619901718,0.101328690819208,0.0377401762433044,0.0356846099773006,0.0757311096034086,0.271457962412789,0.0757311096034086,0.00230632338280357,0.0377401762433044,0.0356846099773006,0.484,0.1452
0.3,1,1,6.78965517241379,0.588852914641307,6.86,1,0.00242582838714756,0.198683721053564,0.0995161425743808,0.106340728309084,0.0395471394489268,0.0374864402268965,0.0794594080629708,0.285316278946436,0.0794594080629708,0.00242582838714756,0.0395471394489268,0.0374864402268965,0.484,0.1452
0.3,1,1,7.12413793103448,0.619136823423609,6.86,1,0.00254533339149155,0.184825411745779,0.10463412315859,0.111352758200058,0.0413541059980687,0.0392882675060124,0.0831877068955727,0.299174588254221,0.0831877068955727,0.00254533339149155,0.0413541059980687,0.0392882675060124,0.484,0.1452
0.3,1,1,7.45862068965517,0.649420732205916,6.86,1,0.00266483839583554,0.170967101741914,0.1097521037428,0.116364788091031,0.0431610725472104,0.0410900954812089,0.0869160064242549,0.313032898258086,0.0869160064242549,0.00266483839583554,0.0431610725472104,0.0410900954812089,0.484,0.1452
0.3,1,1,7.79310344827586,0.679704640988219,6.86,1,0.00278434340017953,0.157108792401675,0.114870084327009,0.121376817982002,0.0449680390963514,0.0428919227927835,0.0906443052893144,0.326891207598325,0.0906443052893144,0.00278434340017953,0.0449680390963514,0.0428919227927835,0.484,0.1452
0.3,1,1,8.12758620689655,0.709988549770521,6.86,1,0.00290384840452352,0.143250483061427,0.119988064911218,0.126388847872977,0.0467750056454941,0.04469375010436,0.0943726041543776,0.340749516938573,0.0943726041543776,0.00290384840452352,0.0467750056454941,0.04469375010436,0.484,0.1452
0.3,1,1,8.46206896551724,0.740272458552821,6.86,1,0.00302335340886751,0.129301918722881,0.125106045495427,0.131453570536776,0.0486030424800146,0.0465120693560347,0.0981384652449168,0.354698081277119,0.0981384652449168,0.00302335340886751,0.0486030424800146,0.0465120693560347,0.484,0.1452
0.3,1,1,8.79655172413793,0.770556367335123,6.86,1,0.00314285841321149,0.11544287920458,0.130224026079636,0.136464444477209,0.0504110475319177,0.0483147442934462,0.101868650238575,0.36855712079542,0.101868650238575,0.00314285841321149,0.0504110475319177,0.0483147442934462,0.484,0.1452
0.3,1,1,9.13103448275862,0.790859327015615,6.86,1,0.00326236341755548,0.106517656232147,0.133655226265639,0.139840419515803,0.0512762787544804,0.0494480558143751,0.103986697986411,0.377482343767853,0.103986697986411,0.00326236341755548,0.0512762787544804,0.0494480558143751,0.484,0.1452
0.3,1,1,9.46551724137931,0.802855535610181,6.86,1,0.00338186842189947,0.100741561824178,0.135682585518121,0.142812235563207,0.0513529561935856,0.0500287924790093,0.104763617094494,0.383258438175822,0.104763617094494,0.00338186842189947,0.0513529561935856,0.0500287924790093,0.484,0.1452
0.3,1,1,9.8,0.814851744204744,6.86,1,0.00350137342624346,0.0948786693916474,0.137709944770602,0.145870852892366,0.051429598522664,0.0506095609964776,0.105540532945385,0.389121330608353,0.105540532945385,0.00350137342624346,0.051429598522664,0.0506095609964776,0.484,0.1452
0.3,1,1,10,0.82202473491077,6.86,1,0.00357283002677904,0.0913730175333953,0.13892218019992,0.147699720978753,0.0514754363914828,0.0509568148696691,0.106005081287931,0.392626982466605,0.106005081287931,0.00357283002677904,0.0514754363914828,0.0509568148696691,0.484,0.1452
0.3,1,1,10.0052509976896,0.822213061698894,6.86,1,0.00357470611900062,0.0912809766843232,0.138954007427113,0.147747737889259,0.0514766398642225,0.0509659320160813,0.106017277999304,0.392719023315677,0.106017277999304,0.00357470611900062,0.0514766398642225,0.0509659320160813,0.484,0.1452
0.3,1,1,10.0210039907582,0.822778042063263,6.86,1,0.00358033439566537,0.0910048541372081,0.139049489108691,0.147891788620696,0.0514802502823669,0.0509932834553718,0.106053868133404,0.392995145862792,0.106053868133404,0.00358033439566537,0.0514802502823669,0.0509932834553718,0.484,0.1452
0.3,1,1,10.047258979206,0.823719676003877,6.86,1,0.00358971485677327,0.0905446498919873,0.139208625244655,0.148131873173115,0.051486267645962,0.0510388691875077,0.106114851690243,0.393455350108013,0.106114851690243,0.00358971485677327,0.051486267645962,0.0510388691875077,0.484,0.1452
0.3,1,1,10.084015963033,0.825037963520739,6.86,1,0.00360284750232434,0.089900311243501,0.139431415835005,0.148468035320097,0.0514947508504024,0.0511026392486703,0.106200237601397,0.394099688756499,0.106200237601397,0.00360284750232434,0.0514947508504024,0.0511026392486703,0.484,0.1452
0.3,1,1,10.131274942239,0.826732904613846,6.86,1,0.00361973233231857,0.0890719434938274,0.13971786087974,0.148900187604377,0.051505582225867,0.0511846934638699,0.106310008022056,0.394928056506173,0.106310008022056,0.00361973233231857,0.051505582225867,0.0511846934638699,0.484,0.1452
0.3,1,1,10.1890359168242,0.828804499283196,6.86,1,0.00364036934675596,0.0880594940220204,0.14006796037886,0.149428373729596,0.0515188205736455,0.0512849819491224,0.106444171869524,0.39594050597798,0.106444171869524,0.00364036934675596,0.0515188205736455,0.0512849819491224,0.484,0.1452
0.3,1,1,10.2572988867885,0.831252747528797,6.86,1,0.00366475854563652,0.086863015930383,0.140481714332367,0.150052549592331,0.0515344065546049,0.0514035550446782,0.10660272014492,0.397136984069617,0.10660272014492,0.00366475854563652,0.0515344065546049,0.0514035550446782,0.484,0.1452
0.3,1,1,10.3360638521319,0.834077649350639,6.86,1,0.00369289992896023,0.0854824031947173,0.140959122740258,0.150772803249588,0.0515524586453931,0.0515403122410834,0.106785670815437,0.398517596805283,0.106785670815437,0.00369289992896023,0.0515524586453931,0.0515403122410834,0.484,0.1452
0.3,1,1,10.4253308128544,0.83727920474873,6.86,1,0.00372479349672711,0.0839177003251403,0.141500185602535,0.151589097907241,0.0515729359892698,0.0516952866790868,0.106993016165084,0.40008229967486,0.106993016165084,0.00372479349672711,0.0515729359892698,0.0516952866790868,0.484,0.1452
0.3,1,1,10.5250997689561,0.840857413723066,6.86,1,0.00376043924893715,0.0821689241573018,0.142104902919198,0.15250141923707,0.0515958020491335,0.051868512388359,0.10722475368643,0.401831075842698,0.10722475368643,0.00376043924893715,0.0515958020491335,0.051868512388359,0.484,0.1452
0.3,1,1,10.6353707204369,0.844812276273648,6.86,1,0.00379983718559035,0.0802360662876025,0.142773274690247,0.153509774391079,0.0516210750626544,0.0520599723828271,0.107480884631072,0.403763933712397,0.107480884631072,0.00379983718559035,0.0516210750626544,0.0520599723828271,0.484,0.1452
0.3,1,1,10.7561436672968,0.849143792400476,6.86,1,0.00384298730668672,0.0781191267160085,0.143505300915681,0.154614163369294,0.0516487550298579,0.0522696666624722,0.107761408999017,0.405880873283991,0.107761408999017,0.00384298730668672,0.0516487550298579,0.0522696666624722,0.484,0.1452
0.3,1,1,10.8874186095358,0.853851962103551,6.86,1,0.00388988961222625,0.0758181054425314,0.1443009815955,0.155814586171706,0.0516788419507347,0.0524975952273017,0.108066326790263,0.408181894557469,0.108066326790263,0.00388988961222625,0.0516788419507347,0.0524975952273017,0.484,0.1452
0.3,1,1,11.029195547154,0.858936785382871,6.86,1,0.00394054410220894,0.0733330024672061,0.145160316729705,0.157111042798287,0.0517113358252599,0.0527437580773331,0.108395638004802,0.410666997532794,0.108395638004802,0.00394054410220894,0.0517113358252599,0.0527437580773331,0.484,0.1452
0.3,1,1,11.1814744801512,0.864398262238437,6.86,1,0.00399495077663479,0.0706637712794355,0.146083306318296,0.15850357169903,0.0517462794579928,0.0530081204686112,0.108749350703239,0.413336228720565,0.108749350703239,0.00399495077663479,0.0517462794579928,0.0530081204686112,0.484,0.1452
0.3,1,1,11.3442554085276,0.870236392670252,6.86,1,0.0040531096355038,0.0678104758571574,0.147069950361273,0.159992120951876,0.0517836059976429,0.0532907371965474,0.109127452829694,0.416189524142843,0.109127452829694,0.0040531096355038,0.0517836059976429,0.0532907371965474,0.484,0.1452
0.3,1,1,11.5175383322831,0.876451176678309,6.86,1,0.00411502067881598,0.0647732033299088,0.148120248858634,0.161576615623228,0.0518232591708946,0.053591652338518,0.109529932188229,0.419226796670091,0.109529932188229,0.00411502067881598,0.0518232591708946,0.053591652338518,0.484,0.1452
0.3,1,1,11.7013232514178,0.883042614262613,6.86,1,0.00418068390657132,0.0615517260333354,0.149234201810382,0.163257246825864,0.0518654245878772,0.0539107168359709,0.109956825330419,0.422448273966665,0.109956825330419,0.00418068390657132,0.0518654245878772,0.0539107168359709,0.484,0.1452
0.3,1,1,11.8956101659315,0.890010705423161,6.86,1,0.00425009931876982,0.0581461847917725,0.150411809216514,0.165033898163255,0.0519099724641869,0.0542480360455016,0.110408107828458,0.425853815208227,0.110408107828458,0.00425009931876982,0.0519099724641869,0.0542480360455016,0.484,0.1452
0.3,1,1,12.1003990758244,0.89735545015996,6.86,1,0.00432326691541148,0.0545566688756961,0.151653071077033,0.166906492865916,0.0519568450995696,0.0546036551663736,0.110883767181355,0.429443331124304,0.110883767181355,0.00432326691541148,0.0519568450995696,0.0546036551663736,0.484,0.1452
0.3,1,1,12.3156899810964,0.905076848473002,6.86,1,0.00440018669649631,0.0507829939872007,0.152957987391937,0.168875186261866,0.0520061876498028,0.0549774580126972,0.111383832358996,0.433217006012799,0.111383832358996,0.00440018669649631,0.0520061876498028,0.0549774580126972,0.484,0.1452
0.3,1,1,12.5414828817475,0.913174900362289,6.86,1,0.00448085866202429,0.0468252465974013,0.154326558161227,0.170939905651732,0.0520579171864871,0.0553695137411285,0.11190828958964,0.437174753402599,0.11190828958964,0.00448085866202429,0.0520579171864871,0.0553695137411285,0.484,0.1452
0.3,1,1,12.7777777777778,0.92164960582783,6.86,1,0.00456528281199544,0.042683408390581,0.155758783384903,0.173100666623361,0.0521120734587212,0.0557797853304376,0.112457141601154,0.441316591609419,0.112457141601154,0.00456528281199544,0.0521120734587212,0.0557797853304376,0.484,0.1452
0.3,1,1,13.0245746691871,0.93050096486961,6.86,1,0.00465345914640975,0.0383574791104642,0.157254663062964,0.175357469394857,0.0521686570225087,0.0562082722627967,0.113030388431715,0.445642520889536,0.113030388431715,0.00465345914640975,0.0521686570225087,0.0562082722627967,0.484,0.1452
0.3,1,1,13.2818735559756,0.939728977487628,6.86,1,0.00474538766526723,0.0338474774145012,0.158814197195409,0.177710298087543,0.0522276273873897,0.0566550122498897,0.113628027302547,0.450152522585499,0.113628027302547,0.00474538766526723,0.0522276273873897,0.0566550122498897,0.484,0.1452
0.3,1,1,13.5496744381432,0.9493336436819,6.86,1,0.00484106836856786,0.0291533940166235,0.160437385782241,0.18015916060445,0.0522890047059672,0.0571199865221496,0.114250059596685,0.454846605983376,0.114250059596685,0.00484106836856786,0.0522890047059672,0.0571199865221496,0.484,0.1452
0.3,1,1,13.82797731569,0.95931496345242,6.86,1,0.00494050125631166,0.0242708575224713,0.162124228823459,0.18270755364977,0.052355876785322,0.057600981962666,0.1148973600043,0.459729142477529,0.1148973600043,0.00494050125631166,0.052355876785322,0.057600981962666,0.484,0.1452
0.3,1,1,14.1167821886158,0.969672936799177,6.86,1,0.00504368632849862,0.0190765619586843,0.163874726319061,0.18548139926446,0.052419028221755,0.0581045979075411,0.115567312457795,0.464923438041316,0.115567312457795,0.00504368632849862,0.052419028221755,0.0581045979075411,0.484,0.1452
0.3,1,1,14.4160890569208,0.980406769641532,6.86,1,0.00515062358512874,0.0136127866419897,0.165688744069419,0.188436319938227,0.0524861979593173,0.0586253278059183,0.116262149350364,0.47038721335801,0.116262149350364,0.00515062358512874,0.0524861979593173,0.0586253278059183,0.484,0.1452
0.3,1,1,14.7258979206049,0.988587763658217,6.86,1,0.00526130251833529,0.00812379430546306,0.167071332058239,0.192262874794767,0.0524070295208058,0.0588736668023907,0.116541998841532,0.475876205694537,0.116541998841532,0.00526130251833529,0.0524070295208058,0.0588736668023907,0.484,0.1452
0.3,1,1,15.0462087796681,0.996685145707327,6.86,1,0.00537575411757053,0.0023666966185395,0.168439789624538,0.196457789419255,0.0522967016398216,0.059063268580275,0.116735724337667,0.48163330338146,0.116735724337667,0.00537575411757053,0.0522967016398216,0.059063268580275,0.484,0.1452
0.3,1,1,15.3770216341105,1.0000141169687,6.86,1,0.00542280399390231,-2.26877949205395e-08,0.169002385767711,0.198182266738558,0.0522513470907359,0.0591412190968878,0.116815370181526,0.484000022687795,0.116815370181526,0.00542280399390231,0.0522513470907359,0.0591412190968878,0.484,0.1452
0.3,1,1,15.7183364839319,1.0000141169687,6.86,1,0.00542280399390231,-2.26877949205395e-08,0.169002385767711,0.198182266738558,0.0522513470907359,0.0591412190968878,0.116815370181526,0.484000022687795,0.116815370181526,0.00542280399390231,0.0522513470907359,0.0591412190968878,0.484,0.1452
0.3,1,1,16.0701533291325,1.0000141169687,6.86,1,0.00542280399390218,-2.26877890918686e-08,0.169002385767711,0.198182266738553,0.0522513470907361,0.0591412190968873,0.116815370181526,0.484000022687789,0.116815370181526,0.00542280399390218,0.0522513470907361,0.0591412190968873,0.484,0.1452
0.3,1,1,16.4324721697122,1.0000141169687,6.86,1,0.00542280399390218,-2.26877890918686e-08,0.169002385767711,0.198182266738553,0.0522513470907361,0.0591412190968873,0.116815370181526,0.484000022687789,0.116815370181526,0.00542280399390218,0.0522513470907361,0.0591412190968873,0.484,0.1452
0.3,1,1,16.8052930056711,1.0000141169687,6.86,1,0.00542280399390218,-2.26877890918686e-08,0.169002385767711,0.198182266738553,0.0522513470907361,0.0591412190968873,0.116815370181526,0.484000022687789,0.116815370181526,0.00542280399390218,0.0522513470907361,0.0591412190968873,0.484,0.1452
0.3,1,1,17.188615837009,1.0000141169687,6.86,1,0.00542280399390218,-2.26877890918686e-08,0.169002385767711,0.198182266738553,0.0522513470907361,0.0591412190968873,0.116815370181526,0.484000022687789,0.116815370181526,0.00542280399390218,0.0522513470907361,0.0591412190968873,0.484,0.1452
0.3,1,1,17.5824406637261,1.0000141169687,6.86,1,0.00542280399390218,-2.26877890918686e-08,0.169002385767711,0.198182266738553,0.0522513470907361,0.0591412190968873,0.116815370181526,0.484000022687789,0.116815370181526,0.00542280399390218,0.0522513470907361,0.0591412190968873,0.484,0.1452
0.3,1,1,17.9867674858223,1.0000141169687,6.86,1,0.00542280399390218,-2.26877890918686e-08,0.169002385767711,0.198182266738553,0.0522513470907361,0.0591412190968873,0.116815370181526,0.484000022687789,0.116815370181526,0.00542280399390218,0.0522513470907361,0.0591412190968873,0.484,0.1452
0.3,1,1,18.4015963032976,1.0000141169687,6.86,1,0.00542280399390218,-2.26877890918686e-08,0.169002385767711,0.198182266738553,0.0522513470907361,0.0591412190968873,0.116815370181526,0.484000022687789,0.116815370181526,0.00542280399390218,0.0522513470907361,0.0591412190968873,0.484,0.1452
0.3,1,1,18.8269271161521,1.0000141169687,6.86,1,0.00542280399390218,-2.26877890918686e-08,0.169002385767711,0.198182266738553,0.0522513470907361,0.0591412190968873,0.116815370181526,0.484000022687789,0.116815370181526,0.00542280399390218,0.0522513470907361,0.0591412190968873,0.484,0.1452
0.3,1,1,19.2627599243856,1.0000141169687,6.86,1,0.00542280399390218,-2.26877890918686e-08,0.169002385767711,0.198182266738553,0.0522513470907361,0.0591412190968873,0.116815370181526,0.484000022687789,0.116815370181526,0.00542280399390218,0.0522513470907361,0.0591412190968873,0.484,0.1452
0.3,1,1,19.7090947279983,1.0000141169687,6.86,1,0.00542280399390218,-2.26877890918686e-08,0.169002385767711,0.198182266738553,0.0522513470907361,0.0591412190968873,0.116815370181526,0.484000022687789,0.116815370181526,0.00542280399390218,0.0522513470907361,0.0591412190968873,0.484,0.1452
0.3,1,1,20.1659315269901,1.0000141169687,6.86,1,0.00542280399390218,-2.26877890918686e-08,0.169002385767711,0.198182266738553,0.0522513470907361,0.0591412190968873,0.116815370181526,0.484000022687789,0.116815370181526,0.00542280399390218,0.0522513470907361,0.0591412190968873,0.484,0.1452
0.3,1,1,20.6332703213611,1.0000141169687,6.86,1,0.00542280399390218,-2.26877890918686e-08,0.169002385767711,0.198182266738553,0.0522513470907361,0.0591412190968873,0.116815370181526,0.484000022687789,0.116815370181526,0.00542280399390218,0.0522513470907361,0.0591412190968873,0.484,0.1452
0.3,1,1,21.1111111111111,1.0000141169687,6.86,1,0.00542280399390218,-2.26877890918686e-08,0.169002385767711,0.198182266738553,0.0522513470907361,0.0591412190968873,0.116815370181526,0.484000022687789,0.116815370181526,0.00542280399390218,0.0522513470907361,0.0591412190968873,0.484,0.1452
0.3,1,1,21.5994538962403,1.0000141169687,6.86,1,0.00542280399390218,-2.26877890918686e-08,0.169002385767711,0.198182266738553,0.0522513470907361,0.0591412190968873,0.116815370181526,0.484000022687789,0.116815370181526,0.00542280399390218,0.0522513470907361,0.0591412190968873,0.484,0.1452
0.3,1,1,22.0982986767486,1.0000141169687,6.86,1,0.00542280399390218,-2.26877890918686e-08,0.169002385767711,0.198182266738553,0.0522513470907361,0.0591412190968873,0.116815370181526,0.484000022687789,0.116815370181526,0.00542280399390218,0.0522513470907361,0.0591412190968873,0.484,0.1452
0.3,1,1,22.607645452636,1.0000141169687,6.86,1,0.00542280399390218,-2.26877890918686e-08,0.169002385767711,0.198182266738553,0.0522513470907361,0.0591412190968873,0.116815370181526,0.484000022687789,0.116815370181526,0.00542280399390218,0.0522513470907361,0.0591412190968873,0.484,0.1452
0.3,1,1,23.1274942239025,1.0000141169687,6.86,1,0.00542280399390218,-2.26877890918686e-08,0.169002385767711,0.198182266738553,0.0522513470907361,0.0591412190968873,0.116815370181526,0.484000022687789,0.116815370181526,0.00542280399390218,0.0522513470907361,0.0591412190968873,0.484,0.1452
0.3,1,1,23.6578449905482,1.0000141169687,6.86,1,0.00542280399390218,-2.26877890918686e-08,0.169002385767711,0.198182266738553,0.0522513470907361,0.0591412190968873,0.116815370181526,0.484000022687789,0.116815370181526,0.00542280399390218,0.0522513470907361,0.0591412190968873,0.484,0.1452
0.3,1,1,24.198697752573,1.0000141169687,6.86,1,0.00542280399390218,-2.26877890918686e-08,0.169002385767711,0.198182266738553,0.0522513470907361,0.0591412190968873,0.116815370181526,0.484000022687789,0.116815370181526,0.00542280399390218,0.0522513470907361,0.0591412190968873,0.484,0.1452
0.3,1,1,24.7500525099769,1.0000141169687,6.86,1,0.00542280399390218,-2.26877890918686e-08,0.169002385767711,0.198182266738553,0.0522513470907361,0.0591412190968873,0.116815370181526,0.484000022687789,0.116815370181526,0.00542280399390218,0.0522513470907361,0.0591412190968873,0.484,0.1452
0.3,1,1,25.3119092627599,1.0000141169687,6.86,1,0.00542280399390218,-2.26877890918686e-08,0.169002385767711,0.198182266738553,0.0522513470907361,0.0591412190968873,0.116815370181526,0.484000022687789,0.116815370181526,0.00542280399390218,0.0522513470907361,0.0591412190968873,0.484,0.1452
0.3,1,1,25.8842680109221,1.0000141169687,6.86,1,0.00542280399390218,-2.26877890918686e-08,0.169002385767711,0.198182266738553,0.0522513470907361,0.0591412190968873,0.116815370181526,0.484000022687789,0.116815370181526,0.00542280399390218,0.0522513470907361,0.0591412190968873,0.484,0.1452
0.3,1,1,26.4671287544633,1.0000141169687,6.86,1,0.00542280399390218,-2.26877890918686e-08,0.169002385767711,0.198182266738553,0.0522513470907361,0.0591412190968873,0.116815370181526,0.484000022687789,0.116815370181526,0.00542280399390218,0.0522513470907361,0.0591412190968873,0.484,0.1452
0.3,1,1,27.0604914933837,1.0000141169687,6.86,1,0.00542280399390218,-2.26877890918686e-08,0.169002385767711,0.198182266738553,0.0522513470907361,0.0591412190968873,0.116815370181526,0.484000022687789,0.116815370181526,0.00542280399390218,0.0522513470907361,0.0591412190968873,0.484,0.1452
0.3,1,1,27.6643562276833,1.0000141169687,6.86,1,0.00542280399390218,-2.26877890918686e-08,0.169002385767711,0.198182266738553,0.0522513470907361,0.0591412190968873,0.116815370181526,0.484000022687789,0.116815370181526,0.00542280399390218,0.0522513470907361,0.0591412190968873,0.484,0.1452
0.3,1,1,28.2787229573619,1.0000141169687,6.86,1,0.00542280399390218,-2.26877890918686e-08,0.169002385767711,0.198182266738553,0.0522513470907361,0.0591412190968873,0.116815370181526,0.484000022687789,0.116815370181526,0.00542280399390218,0.0522513470907361,0.0591412190968873,0.484,0.1452
0.3,1,1,28.9035916824197,1.0000141169687,6.86,1,0.00542280399390218,-2.26877890918686e-08,0.169002385767711,0.198182266738553,0.0522513470907361,0.0591412190968873,0.116815370181526,0.484000022687789,0.116815370181526,0.00542280399390218,0.0522513470907361,0.0591412190968873,0.484,0.1452
0.3,1,1,29.5389624028565,1.0000141169687,6.86,1,0.00542280399390218,-2.26877890918686e-08,0.169002385767711,0.198182266738553,0.0522513470907361,0.0591412190968873,0.116815370181526,0.484000022687789,0.116815370181526,0.00542280399390218,0.0522513470907361,0.0591412190968873,0.484,0.1452
0.3,1,1,30.1848351186725,1.0000141169687,6.86,1,0.00542280399390218,-2.26877890918686e-08,0.169002385767711,0.198182266738553,0.0522513470907361,0.0591412190968873,0.116815370181526,0.484000022687789,0.116815370181526,0.00542280399390218,0.0522513470907361,0.0591412190968873,0.484,0.1452
0.3,1,1,30.8412098298677,1.0000141169687,6.86,1,0.00542280399390218,-2.26877890918686e-08,0.169002385767711,0.198182266738553,0.0522513470907361,0.0591412190968873,0.116815370181526,0.484000022687789,0.116815370181526,0.00542280399390218,0.0522513470907361,0.0591412190968873,0.484,0.1452
0.3,1,1,31.5080865364419,1.0000141169687,6.86,1,0.00542280399390218,-2.26877890918686e-08,0.169002385767711,0.198182266738553,0.0522513470907361,0.0591412190968873,0.116815370181526,0.484000022687789,0.116815370181526,0.00542280399390218,0.0522513470907361,0.0591412190968873,0.484,0.1452
0.3,1,1,32.1854652383953,1.0000141169687,6.86,1,0.00542280399390218,-2.26877890918686e-08,0.169002385767711,0.198182266738553,0.0522513470907361,0.0591412190968873,0.116815370181526,0.484000022687789,0.116815370181526,0.00542280399390218,0.0522513470907361,0.0591412190968873,0.484,0.1452
0.3,1,1,32.8733459357278,1.0000141169687,6.86,1,0.00542280399390218,-2.26877890918686e-08,0.169002385767711,0.198182266738553,0.0522513470907361,0.0591412190968873,0.116815370181526,0.484000022687789,0.116815370181526,0.00542280399390218,0.0522513470907361,0.0591412190968873,0.484,0.1452
0.3,1,1,33.5717286284394,1.0000141169687,6.86,1,0.00542280399390218,-2.26877890918686e-08,0.169002385767711,0.198182266738553,0.0522513470907361,0.0591412190968873,0.116815370181526,0.484000022687789,0.116815370181526,0.00542280399390218,0.0522513470907361,0.0591412190968873,0.484,0.1452
0.3,1,1,34.2806133165301,1.0000141169687,6.86,1,0.00542280399390218,-2.26877890918686e-08,0.169002385767711,0.198182266738553,0.0522513470907361,0.0591412190968873,0.116815370181526,0.484000022687789,0.116815370181526,0.00542280399390218,0.0522513470907361,0.0591412190968873,0.484,0.1452
0.3,1,1,35,1.0000141169687,6.86,1,0.00542280399390218,-2.26877890918686e-08,0.169002385767711,0.198182266738553,0.0522513470907361,0.0591412190968873,0.116815370181526,0.484000022687789,0.116815370181526,0.00542280399390218,0.0522513470907361,0.0591412190968873,0.484,0.1452
0.25,1,1,0.1,0,0,1,0,0,0,0,0,0,0,0,0,0,0,0,0.484,0.121
0.25,1,1,0.43448275862069,0.0129940362773682,6.86,1,0.000155233304611779,0.461934287189134,0.00219599213087523,0.0111465559964424,0.00529828650453065,0.00326964487440629,0.00872316468354872,0.0220657128108663,0.00872316468354872,0.000155233304611779,0.00529828650453065,0.00326964487440629,0.484,0.121
0.25,1,1,0.768965517241379,0.0434238286552498,6.86,1,0.000274738308955768,0.448111852398486,0.00733862704273722,0.0161192828459384,0.00708699287667885,0.00506850652720349,0.0124302377128381,0.0358881476015137,0.0124302377128381,0.000274738308955768,0.00708699287667885,0.00506850652720349,0.484,0.121
0.25,1,1,1.10344827586207,0.073818155560565,6.86,1,0.000394243313299756,0.434234692912081,0.0124752682897355,0.0211657185210371,0.00886572295268385,0.00686435401116227,0.0161243202771459,0.0497653070879185,0.0161243202771459,0.000394243313299756,0.00886572295268385,0.00686435401116227,0.484,0.121
0.25,1,1,1.43793103448276,0.104243152052864,6.86,1,0.000513748317643745,0.420299935211244,0.017617092696934,0.0262574217678081,0.0106499089023428,0.00866189310402708,0.0198255503240137,0.0637000647887557,0.0198255503240137,0.000513748317643745,0.0106499089023428,0.00866189310402708,0.484,0.121
0.25,1,1,1.77241379310345,0.134594282906774,6.86,1,0.000633253321987734,0.406434215667687,0.0227464338112448,0.0312776151925364,0.0124464639647599,0.0104620180417846,0.0235417353285322,0.0775657843323135,0.0235417353285322,0.000633253321987734,0.0124464639647599,0.0104620180417846,0.484,0.121
0.25,1,1,2.10689655172414,0.164878191689076,6.86,1,0.000752758326331722,0.392617055343701,0.0278644143954538,0.0362469381561145,0.0142543057743325,0.0122645280040667,0.0272715921047309,0.0913829446562992,0.0272715921047309,0.000752758326331722,0.0142543057743325,0.0122645280040667,0.484,0.121
0.25,1,1,2.44137931034483,0.195162100471378,6.86,1,0.000872263330675711,0.378788519684136,0.0329823949796629,0.0412276574666314,0.0160621352284307,0.0140670293104637,0.0310014278695702,0.105211480315864,0.0310014278695702,0.000872263330675711,0.0160621352284307,0.0140670293104637,0.484,0.121
0.25,1,1,2.77586206896552,0.22544600925368,6.86,1,0.0009917683350197,0.364936130560826,0.038100375563872,0.0462321287337803,0.0178700069209383,0.0158695898855639,0.034731365141522,0.119063869439174,0.034731365141522,0.0009917683350197,0.0178700069209383,0.0158695898855639,0.484,0.121
0.25,1,1,3.11034482758621,0.255729918035983,6.86,1,0.00111127333936369,0.351081966492342,0.0432183561480811,0.0512386178820318,0.0196777706611546,0.0176720154770265,0.0384610594775448,0.132918033507658,0.0384610594775448,0.00111127333936369,0.0196777706611546,0.0176720154770265,0.484,0.121
0.25,1,1,3.4448275862069,0.286013826818285,6.86,1,0.00123077834370768,0.337228912736991,0.0483363367322901,0.0562437324529386,0.0214856616266572,0.0194745781074156,0.0421910180777805,0.146771087263009,0.0421910180777805,0.00123077834370768,0.0214856616266572,0.0194745781074156,0.484,0.121
0.25,1,1,3.77931034482759,0.316297735600587,6.86,1,0.00135028334805167,0.323370482213863,0.0534543173164992,0.0612544789175866,0.0232934240093521,0.0212770141946474,0.0459207215520512,0.160629517786137,0.0459207215520512,0.00135028334805167,0.0232934240093521,0.0212770141946474,0.484,0.121
0.25,1,1,4.11379310344828,0.346581644382889,6.86,1,0.00146978835239565,0.309508532804952,0.0585722979007083,0.0662686170765186,0.0251012506834509,0.0230795131819747,0.0496505522178212,0.174491467195048,0.0496505522178212,0.00146978835239565,0.0251012506834509,0.0230795131819747,0.484,0.121
0.25,1,1,4.44827586206897,0.376865553165191,6.86,1,0.00158929335673964,0.295646582653065,0.0636902784849173,0.0712827552354598,0.0269090773575495,0.0248820129122682,0.0533803836265574,0.188353417346935,0.0533803836265574,0.00158929335673964,0.0269090773575495,0.0248820129122682,0.484,0.121
0.25,1,1,4.78275862068966,0.407149461947493,6.86,1,0.00170879836108363,0.281784633309071,0.0688082590691264,0.0762968933943951,0.0287169040316482,0.026684511834676,0.0571102142274078,0.202215366690929,0.0571102142274078,0.00170879836108363,0.0287169040316482,0.026684511834676,0.484,0.121
0.25,1,1,5.11724137931035,0.437433370729796,6.86,1,0.00182830336542762,0.267922675590466,0.0739262396533354,0.0813110390551351,0.0305247307057469,0.0284870116298892,0.0608400457010637,0.216077324409534,0.0608400457010637,0.00182830336542762,0.0305247307057469,0.0284870116298892,0.484,0.121
0.25,1,1,5.45172413793104,0.467717279512101,6.86,1,0.00194780836977161,0.25411695828469,0.079044220237545,0.086292608745196,0.0323192732523615,0.0302791311104354,0.0645462127325686,0.22988304171531,0.0645462127325686,0.00194780836977161,0.0323192732523615,0.0302791311104354,0.484,0.121
0.25,1,1,5.78620689655172,0.4980011882944,6.86,1,0.0020673133741156,0.240258648443127,0.0841622008217536,0.091304638636168,0.0341262398015028,0.0320809589233328,0.0682745120989511,0.243741351556873,0.0682745120989512,0.0020673133741156,0.0341262398015028,0.0320809589233328,0.484,0.121
0.25,1,1,6.12068965517241,0.528285097076702,6.86,1,0.00218681837845959,0.226400346503229,0.0892801814059627,0.0963166613402255,0.0359332095128876,0.0338827828592358,0.072002810750583,0.257599653496771,0.072002810750583,0.00218681837845959,0.0359332095128876,0.0338827828592358,0.484,0.121
0.25,1,1,6.4551724137931,0.558569005859005,6.86,1,0.00230632338280357,0.212542037587211,0.0943981619901718,0.101328690819208,0.0377401762433044,0.0356846099773006,0.0757311096034086,0.271457962412789,0.0757311096034086,0.00230632338280357,0.0377401762433044,0.0356846099773006,0.484,0.121
0.25,1,1,6.78965517241379,0.588852914641307,6.86,1,0.00242582838714756,0.198683721053564,0.0995161425743808,0.106340728309084,0.0395471394489268,0.0374864402268965,0.0794594080629708,0.285316278946436,0.0794594080629708,0.00242582838714756,0.0395471394489268,0.0374864402268965,0.484,0.121
0.25,1,1,7.12413793103448,0.619136823423609,6.86,1,0.00254533339149155,0.184825411745779,0.10463412315859,0.111352758200058,0.0413541059980687,0.0392882675060124,0.0831877068955727,0.299174588254221,0.0831877068955727,0.00254533339149155,0.0413541059980687,0.0392882675060124,0.484,0.121
0.25,1,1,7.45862068965517,0.649420732205916,6.86,1,0.00266483839583554,0.170967101741914,0.1097521037428,0.116364788091031,0.0431610725472104,0.0410900954812089,0.0869160064242549,0.313032898258086,0.0869160064242549,0.00266483839583554,0.0431610725472104,0.0410900954812089,0.484,0.121
0.25,1,1,7.79310344827586,0.679704640988219,6.86,1,0.00278434340017953,0.157108801923138,0.114870084327009,0.121376808735141,0.0449680431649721,0.0428919184495607,0.0906443050147124,0.326891198076862,0.0906443050147123,0.00278434340017953,0.0449680431649721,0.0428919184495607,0.484,0.121
0.25,1,1,8.12758620689655,0.709988549770515,6.86,1,0.00290384840452352,0.143250483822433,0.119988064911217,0.126388847872975,0.0467750056454929,0.0446937493433584,0.0943726033933748,0.340749516177567,0.0943726033933748,0.00290384840452352,0.0467750056454929,0.0446937493433584,0.484,0.121
0.25,1,1,8.46206896551724,0.740272458552821,6.86,1,0.00302335340886751,0.129301918722881,0.125106045495427,0.131453570536776,0.0486030424800146,0.0465120693560347,0.0981384652449168,0.354698081277119,0.0981384652449168,0.00302335340886751,0.0486030424800146,0.0465120693560347,0.484,0.121
0.25,1,1,8.79655172413793,0.770556367335123,6.86,1,0.00314285841321149,0.11544287920458,0.130224026079636,0.136464444477209,0.0504110475319177,0.0483147442934462,0.101868650238575,0.36855712079542,0.101868650238575,0.00314285841321149,0.0504110475319177,0.0483147442934462,0.484,0.121
0.25,1,1,9.13103448275862,0.790859327015615,6.86,1,0.00326236341755548,0.106517656232147,0.133655226265639,0.139840419515803,0.0512762787544804,0.0494480558143751,0.103986697986411,0.377482343767853,0.103986697986411,0.00326236341755548,0.0512762787544804,0.0494480558143751,0.484,0.121
0.25,1,1,9.46551724137931,0.802855535610181,6.86,1,0.00338186842189947,0.100741561824178,0.135682585518121,0.142812235563207,0.0513529561935856,0.0500287924790093,0.104763617094494,0.383258438175822,0.104763617094494,0.00338186842189947,0.0513529561935856,0.0500287924790093,0.484,0.121
0.25,1,1,9.8,0.814851744204744,6.86,1,0.00350137342624346,0.0948786693916474,0.137709944770602,0.145870852892366,0.051429598522664,0.0506095609964776,0.105540532945385,0.389121330608353,0.105540532945385,0.00350137342624346,0.051429598522664,0.0506095609964776,0.484,0.121
0.25,1,1,10,0.82202473491077,6.86,1,0.00357283002677904,0.0913730175333953,0.13892218019992,0.147699720978753,0.0514754363914828,0.0509568148696691,0.106005081287931,0.392626982466605,0.106005081287931,0.00357283002677904,0.0514754363914828,0.0509568148696691,0.484,0.121
0.25,1,1,10.0052509976896,0.822213061698894,6.86,1,0.00357470611900062,0.0912809766843232,0.138954007427113,0.147747737889259,0.0514766398642225,0.0509659320160813,0.106017277999304,0.392719023315677,0.106017277999304,0.00357470611900062,0.0514766398642225,0.0509659320160813,0.484,0.121
0.25,1,1,10.0210039907582,0.822778042063263,6.86,1,0.00358033439566537,0.0910048541372081,0.139049489108691,0.147891788620696,0.0514802502823669,0.0509932834553718,0.106053868133404,0.392995145862792,0.106053868133404,0.00358033439566537,0.0514802502823669,0.0509932834553718,0.484,0.121
0.25,1,1,10.047258979206,0.823719676003877,6.86,1,0.00358971485677327,0.0905446498919873,0.139208625244655,0.148131873173115,0.051486267645962,0.0510388691875077,0.106114851690243,0.393455350108013,0.106114851690243,0.00358971485677327,0.051486267645962,0.0510388691875077,0.484,0.121
0.25,1,1,10.084015963033,0.825037963520739,6.86,1,0.00360284750232434,0.089900311243501,0.139431415835005,0.148468035320097,0.0514947508504024,0.0511026392486703,0.106200237601397,0.394099688756499,0.106200237601397,0.00360284750232434,0.0514947508504024,0.0511026392486703,0.484,0.121
0.25,1,1,10.131274942239,0.826732904613846,6.86,1,0.00361973233231857,0.0890719434938274,0.13971786087974,0.148900187604377,0.051505582225867,0.0511846934638699,0.106310008022056,0.394928056506173,0.106310008022056,0.00361973233231857,0.051505582225867,0.0511846934638699,0.484,0.121
0.25,1,1,10.1890359168242,0.828804499283196,6.86,1,0.00364036934675596,0.0880594940220204,0.14006796037886,0.149428373729596,0.0515188205736455,0.0512849819491224,0.106444171869524,0.39594050597798,0.106444171869524,0.00364036934675596,0.0515188205736455,0.0512849819491224,0.484,0.121
0.25,1,1,10.2572988867885,0.831252747528797,6.86,1,0.00366475854563652,0.086863015930383,0.140481714332367,0.150052549592331,0.0515344065546049,0.0514035550446782,0.10660272014492,0.397136984069617,0.10660272014492,0.00366475854563652,0.0515344065546049,0.0514035550446782,0.484,0.121
0.25,1,1,10.3360638521319,0.834077649350639,6.86,1,0.00369289992896023,0.0854824031947173,0.140959122740258,0.150772803249588,0.0515524586453931,0.0515403122410834,0.106785670815437,0.398517596805283,0.106785670815437,0.00369289992896023,0.0515524586453931,0.0515403122410834,0.484,0.121
0.25,1,1,10.4253308128544,0.83727920474873,6.86,1,0.00372479349672711,0.0839176276327473,0.141500185602535,0.151589158932953,0.0515729952201081,0.051695239114929,0.106993027831764,0.400082372367253,0.106993027831764,0.00372479349672711,0.0515729952201081,0.051695239114929,0.484,0.121
0.25,1,1,10.5250997689561,0.840857413723066,6.86,1,0.00376043924893715,0.0821688789134388,0.142104902919198,0.152501456639866,0.051595843687908,0.0518684785906525,0.107224761527498,0.401831121086561,0.107224761527498,0.00376043924893715,0.051595843687908,0.0518684785906525,0.484,0.121
0.25,1,1,10.6353707204369,0.844812276273648,6.86,1,0.00379983718559035,0.0802360208309376,0.142773274690247,0.153509811969796,0.0516211168972737,0.0520599384261557,0.10748089250902,0.403763979169062,0.10748089250902,0.00379983718559035,0.0516211168972737,0.0520599384261557,0.484,0.121
0.25,1,1,10.7561436672968,0.849143792400476,6.86,1,0.00384298730668672,0.0781191267160056,0.143505300915681,0.154614163369296,0.0516487550298599,0.0522696666624708,0.107761408999017,0.405880873283994,0.107761408999017,0.00384298730668672,0.0516487550298599,0.0522696666624708,0.484,0.121
0.25,1,1,10.8874186095358,0.853851962103551,6.86,1,0.00388988961222625,0.0758180594994601,0.1443009815955,0.155814624152531,0.0516788842330013,0.052497560907281,0.108066334752508,0.40818194050054,0.108066334752508,0.00388988961222625,0.0516788842330013,0.052497560907281,0.484,0.121
0.25,1,1,11.029195547154,0.858936785382871,6.86,1,0.00394054410220894,0.0733329562505335,0.145160316729705,0.157111081005297,0.0517113783593264,0.0527437235529295,0.108395646014465,0.410667043749466,0.108395646014465,0.00394054410220894,0.0517113783593264,0.0527437235529295,0.484,0.121
0.25,1,1,11.1814744801512,0.864398262238437,6.86,1,0.00399495077663479,0.070663817789958,0.146083306318296,0.158503533249096,0.051746236653488,0.0530081552125274,0.10874934264265,0.413336182210042,0.10874934264265,0.00399495077663479,0.051746236653488,0.0530081552125274,0.484,0.121
0.25,1,1,11.3442554085276,0.870236392670252,6.86,1,0.0040531096355038,0.0678105514108727,0.147069950361273,0.159992057524065,0.0517835444353558,0.0532907866329299,0.109127440703789,0.416189448589127,0.109127440703789,0.0040531096355038,0.0517835444353558,0.0532907866329299,0.484,0.121
0.25,1,1,11.5175383322831,0.876451176678309,6.86,1,0.00411502067881598,0.0647732033298966,0.148120248858634,0.161576615623238,0.0518232591709034,0.0535916523385117,0.109529932188231,0.419226796670103,0.109529932188231,0.00411502067881598,0.0518232591709034,0.0535916523385117,0.484,0.121
0.25,1,1,11.7013232514178,0.883042614262621,6.86,1,0.00418068390657132,0.0615517824440212,0.149234201810383,0.163257199974705,0.051865361551767,0.0539107703125525,0.109956815770891,0.422448217555979,0.109956815770891,0.00418068390657132,0.051865361551767,0.0539107703125525,0.484,0.121
0.25,1,1,11.8956101659315,0.890010705423161,6.86,1,0.00425009931876982,0.0581462710294969,0.150411809216514,0.165033825662513,0.0519098900422918,0.0542481047304139,0.110408094091476,0.425853728970503,0.110408094091476,0.00425009931876982,0.0519098900422918,0.0542481047304139,0.484,0.121
0.25,1,1,12.1003990758244,0.89735545015996,6.86,1,0.00432326691541148,0.054556590967509,0.151653071077033,0.16690655827032,0.0519569085803152,0.0546036041894107,0.110883779685137,0.429443409032491,0.110883779685137,0.00432326691541148,0.0519569085803152,0.0546036041894107,0.484,0.121
0.25,1,1,12.3156899810964,0.905076848473002,6.86,1,0.00440018669649631,0.0507829154086242,0.152957987391937,0.168875252229065,0.05200625167679,0.054977406597087,0.111383844970373,0.433217084591376,0.111383844970373,0.00440018669649631,0.05200625167679,0.054977406597087,0.484,0.121
0.25,1,1,12.5414828817475,0.913174900362289,6.86,1,0.00448085866202429,0.0468251581151826,0.154326558161227,0.170939980039438,0.0520580017535637,0.0553694432685647,0.111908303684153,0.437174841884817,0.111908303684153,0.00448085866202429,0.0520580017535637,0.0553694432685647,0.484,0.121
0.25,1,1,12.7777777777778,0.92164960582783,6.86,1,0.00456528281199544,0.042683408390581,0.155758783384903,0.173100666623361,0.0521120734587212,0.0557797853304376,0.112457141601154,0.441316591609419,0.112457141601154,0.00456528281199544,0.0521120734587212,0.0557797853304376,0.484,0.121
0.25,1,1,13.0245746691871,0.93050096486961,6.86,1,0.00465345914640975,0.0383574791104642,0.157254663062964,0.175357469394857,0.0521686570225087,0.0562082722627967,0.113030388431715,0.445642520889536,0.113030388431715,0.00465345914640975,0.0521686570225087,0.0562082722627967,0.484,0.121
0.25,1,1,13.2818735559756,0.939728977487628,6.86,1,0.00474538766526723,0.0338474268506451,0.158814197195409,0.17771033988834,0.052227673922248,0.056654974478091,0.113628036065606,0.450152573149355,0.113628036065606,0.00474538766526723,0.052227673922248,0.056654974478091,0.484,0.121
0.25,1,1,13.5496744381432,0.9493336436819,6.86,1,0.00484106836856786,0.0291533115956859,0.160437385782241,0.180159229797336,0.0522890718637676,0.0571199325924015,0.114250072824737,0.454846688404314,0.114250072824737,0.00484106836856786,0.0522890718637676,0.0571199325924015,0.484,0.121
0.25,1,1,13.82797731569,0.959314963452416,6.86,1,0.00494050125631166,0.0242751456293656,0.162124228823458,0.182704126865923,0.0523528568421058,0.0576031405828352,0.114896498681253,0.459724854370634,0.114896498681253,0.00494050125631166,0.0523528568421058,0.0576031405828352,0.484,0.121
0.25,1,1,14.1167821886158,0.969672936799177,6.86,1,0.00504368632849862,0.0190765609193413,0.163874726319061,0.18548139926446,0.052419028221755,0.0581045989468841,0.115567313497138,0.464923439080659,0.115567313497138,0.00504368632849862,0.052419028221755,0.0581045989468841,0.484,0.121
0.25,1,1,14.4160890569208,0.980406769641532,6.86,1,0.00515062358512874,0.013612786641966,0.165688744069419,0.188436319938243,0.052486197959346,0.0586253278058977,0.116262149350372,0.470387213358034,0.116262149350372,0.00515062358512874,0.052486197959346,0.0586253278058977,0.484,0.121
0.25,1,1,14.7258979206049,0.988587763658217,6.86,1,0.00526131346770929,0.00812338494015619,0.167071332058239,0.192263247779895,0.0524070231631046,0.058873698590896,0.11654203522171,0.475876615059844,0.11654203522171,0.00526131346770929,0.0524070231631046,0.058873698590896,0.484,0.121
0.25,1,1,15.0462087796681,0.996685145707327,6.86,1,0.00537575411757053,0.0023666966185395,0.168439789624538,0.196457789419255,0.0522967016398216,0.059063268580275,0.116735724337667,0.48163330338146,0.116735724337667,0.00537575411757053,0.0522967016398216,0.059063268580275,0.484,0.121
0.25,1,1,15.3770216341105,1.0000141169687,6.86,1,0.00542280399390231,-2.26877949205395e-08,0.169002385767711,0.198182266738558,0.0522513470907359,0.0591412190968878,0.116815370181526,0.484000022687795,0.116815370181526,0.00542280399390231,0.0522513470907359,0.0591412190968878,0.484,0.121
0.25,1,1,15.7183364839319,1.0000141169687,6.86,1,0.00542280399390231,-2.26877949205395e-08,0.169002385767711,0.198182266738558,0.0522513470907359,0.0591412190968878,0.116815370181526,0.484000022687795,0.116815370181526,0.00542280399390231,0.0522513470907359,0.0591412190968878,0.484,0.121
0.25,1,1,16.0701533291325,1.0000141169687,6.86,1,0.00542280399390218,-2.26877890918686e-08,0.169002385767711,0.198182266738553,0.0522513470907361,0.0591412190968873,0.116815370181526,0.484000022687789,0.116815370181526,0.00542280399390218,0.0522513470907361,0.0591412190968873,0.484,0.121
0.25,1,1,16.4324721697122,1.0000141169687,6.86,1,0.00542280399390218,-2.26877890918686e-08,0.169002385767711,0.198182266738553,0.0522513470907361,0.0591412190968873,0.116815370181526,0.484000022687789,0.116815370181526,0.00542280399390218,0.0522513470907361,0.0591412190968873,0.484,0.121
0.25,1,1,16.8052930056711,1.0000141169687,6.86,1,0.00542280399390218,-2.26877890918686e-08,0.169002385767711,0.198182266738553,0.0522513470907361,0.0591412190968873,0.116815370181526,0.484000022687789,0.116815370181526,0.00542280399390218,0.0522513470907361,0.0591412190968873,0.484,0.121
0.25,1,1,17.188615837009,1.0000141169687,6.86,1,0.00542280399390218,-2.26877890918686e-08,0.169002385767711,0.198182266738553,0.0522513470907361,0.0591412190968873,0.116815370181526,0.484000022687789,0.116815370181526,0.00542280399390218,0.0522513470907361,0.0591412190968873,0.484,0.121
0.25,1,1,17.5824406637261,1.0000141169687,6.86,1,0.00542280399390218,-2.26877890918686e-08,0.169002385767711,0.198182266738553,0.0522513470907361,0.0591412190968873,0.116815370181526,0.484000022687789,0.116815370181526,0.00542280399390218,0.0522513470907361,0.0591412190968873,0.484,0.121
0.25,1,1,17.9867674858223,1.0000141169687,6.86,1,0.00542280399390218,-2.26877890918686e-08,0.169002385767711,0.198182266738553,0.0522513470907361,0.0591412190968873,0.116815370181526,0.484000022687789,0.116815370181526,0.00542280399390218,0.0522513470907361,0.0591412190968873,0.484,0.121
0.25,1,1,18.4015963032976,1.0000141169687,6.86,1,0.00542280399390218,-2.26877890918686e-08,0.169002385767711,0.198182266738553,0.0522513470907361,0.0591412190968873,0.116815370181526,0.484000022687789,0.116815370181526,0.00542280399390218,0.0522513470907361,0.0591412190968873,0.484,0.121
0.25,1,1,18.8269271161521,1.0000141169687,6.86,1,0.00542280399390218,-2.26877890918686e-08,0.169002385767711,0.198182266738553,0.0522513470907361,0.0591412190968873,0.116815370181526,0.484000022687789,0.116815370181526,0.00542280399390218,0.0522513470907361,0.0591412190968873,0.484,0.121
0.25,1,1,19.2627599243856,1.0000141169687,6.86,1,0.00542280399390218,-2.26877890918686e-08,0.169002385767711,0.198182266738553,0.0522513470907361,0.0591412190968873,0.116815370181526,0.484000022687789,0.116815370181526,0.00542280399390218,0.0522513470907361,0.0591412190968873,0.484,0.121
0.25,1,1,19.7090947279983,1.0000141169687,6.86,1,0.00542280399390218,-2.26877890918686e-08,0.169002385767711,0.198182266738553,0.0522513470907361,0.0591412190968873,0.116815370181526,0.484000022687789,0.116815370181526,0.00542280399390218,0.0522513470907361,0.0591412190968873,0.484,0.121
0.25,1,1,20.1659315269901,1.0000141169687,6.86,1,0.00542280399390218,-2.26877890918686e-08,0.169002385767711,0.198182266738553,0.0522513470907361,0.0591412190968873,0.116815370181526,0.484000022687789,0.116815370181526,0.00542280399390218,0.0522513470907361,0.0591412190968873,0.484,0.121
0.25,1,1,20.6332703213611,1.0000141169687,6.86,1,0.00542280399390218,-2.26877890918686e-08,0.169002385767711,0.198182266738553,0.0522513470907361,0.0591412190968873,0.116815370181526,0.484000022687789,0.116815370181526,0.00542280399390218,0.0522513470907361,0.0591412190968873,0.484,0.121
0.25,1,1,21.1111111111111,1.0000141169687,6.86,1,0.00542280399390218,-2.26877890918686e-08,0.169002385767711,0.198182266738553,0.0522513470907361,0.0591412190968873,0.116815370181526,0.484000022687789,0.116815370181526,0.00542280399390218,0.0522513470907361,0.0591412190968873,0.484,0.121
0.25,1,1,21.5994538962403,1.0000141169687,6.86,1,0.00542280399390218,-2.26877890918686e-08,0.169002385767711,0.198182266738553,0.0522513470907361,0.0591412190968873,0.116815370181526,0.484000022687789,0.116815370181526,0.00542280399390218,0.0522513470907361,0.0591412190968873,0.484,0.121
0.25,1,1,22.0982986767486,1.0000141169687,6.86,1,0.00542280399390218,-2.26877890918686e-08,0.169002385767711,0.198182266738553,0.0522513470907361,0.0591412190968873,0.116815370181526,0.484000022687789,0.116815370181526,0.00542280399390218,0.0522513470907361,0.0591412190968873,0.484,0.121
0.25,1,1,22.607645452636,1.0000141169687,6.86,1,0.00542280399390218,-2.26877890918686e-08,0.169002385767711,0.198182266738553,0.0522513470907361,0.0591412190968873,0.116815370181526,0.484000022687789,0.116815370181526,0.00542280399390218,0.0522513470907361,0.0591412190968873,0.484,0.121
0.25,1,1,23.1274942239025,1.0000141169687,6.86,1,0.00542280399390218,-2.26877890918686e-08,0.169002385767711,0.198182266738553,0.0522513470907361,0.0591412190968873,0.116815370181526,0.484000022687789,0.116815370181526,0.00542280399390218,0.0522513470907361,0.0591412190968873,0.484,0.121
0.25,1,1,23.6578449905482,1.0000141169687,6.86,1,0.00542280399390218,-2.26877890918686e-08,0.169002385767711,0.198182266738553,0.0522513470907361,0.0591412190968873,0.116815370181526,0.484000022687789,0.116815370181526,0.00542280399390218,0.0522513470907361,0.0591412190968873,0.484,0.121
0.25,1,1,24.198697752573,1.0000141169687,6.86,1,0.00542280399390218,-2.26877890918686e-08,0.169002385767711,0.198182266738553,0.0522513470907361,0.0591412190968873,0.116815370181526,0.484000022687789,0.116815370181526,0.00542280399390218,0.0522513470907361,0.0591412190968873,0.484,0.121
0.25,1,1,24.7500525099769,1.0000141169687,6.86,1,0.00542280399390218,-2.26877890918686e-08,0.169002385767711,0.198182266738553,0.0522513470907361,0.0591412190968873,0.116815370181526,0.484000022687789,0.116815370181526,0.00542280399390218,0.0522513470907361,0.0591412190968873,0.484,0.121
0.25,1,1,25.3119092627599,1.0000141169687,6.86,1,0.00542280399390218,-2.26877890918686e-08,0.169002385767711,0.198182266738553,0.0522513470907361,0.0591412190968873,0.116815370181526,0.484000022687789,0.116815370181526,0.00542280399390218,0.0522513470907361,0.0591412190968873,0.484,0.121
0.25,1,1,25.8842680109221,1.0000141169687,6.86,1,0.00542280399390218,-2.26877890918686e-08,0.169002385767711,0.198182266738553,0.0522513470907361,0.0591412190968873,0.116815370181526,0.484000022687789,0.116815370181526,0.00542280399390218,0.0522513470907361,0.0591412190968873,0.484,0.121
0.25,1,1,26.4671287544633,1.0000141169687,6.86,1,0.00542280399390218,-2.26877890918686e-08,0.169002385767711,0.198182266738553,0.0522513470907361,0.0591412190968873,0.116815370181526,0.484000022687789,0.116815370181526,0.00542280399390218,0.0522513470907361,0.0591412190968873,0.484,0.121
0.25,1,1,27.0604914933837,1.0000141169687,6.86,1,0.00542280399390218,-2.26877890918686e-08,0.169002385767711,0.198182266738553,0.0522513470907361,0.0591412190968873,0.116815370181526,0.484000022687789,0.116815370181526,0.00542280399390218,0.0522513470907361,0.0591412190968873,0.484,0.121
0.25,1,1,27.6643562276833,1.0000141169687,6.86,1,0.00542280399390218,-2.26877890918686e-08,0.169002385767711,0.198182266738553,0.0522513470907361,0.0591412190968873,0.116815370181526,0.484000022687789,0.116815370181526,0.00542280399390218,0.0522513470907361,0.0591412190968873,0.484,0.121
0.25,1,1,28.2787229573619,1.0000141169687,6.86,1,0.00542280399390218,-2.26877890918686e-08,0.169002385767711,0.198182266738553,0.0522513470907361,0.0591412190968873,0.116815370181526,0.484000022687789,0.116815370181526,0.00542280399390218,0.0522513470907361,0.0591412190968873,0.484,0.121
0.25,1,1,28.9035916824197,1.0000141169687,6.86,1,0.00542280399390218,-2.26877890918686e-08,0.169002385767711,0.198182266738553,0.0522513470907361,0.0591412190968873,0.116815370181526,0.484000022687789,0.116815370181526,0.00542280399390218,0.0522513470907361,0.0591412190968873,0.484,0.121
0.25,1,1,29.5389624028565,1.0000141169687,6.86,1,0.00542280399390218,-2.26877890918686e-08,0.169002385767711,0.198182266738553,0.0522513470907361,0.0591412190968873,0.116815370181526,0.484000022687789,0.116815370181526,0.00542280399390218,0.0522513470907361,0.0591412190968873,0.484,0.121
0.25,1,1,30.1848351186725,1.0000141169687,6.86,1,0.00542280399390218,-2.26877890918686e-08,0.169002385767711,0.198182266738553,0.0522513470907361,0.0591412190968873,0.116815370181526,0.484000022687789,0.116815370181526,0.00542280399390218,0.0522513470907361,0.0591412190968873,0.484,0.121
0.25,1,1,30.8412098298677,1.0000141169687,6.86,1,0.00542280399390218,-2.26877890918686e-08,0.169002385767711,0.198182266738553,0.0522513470907361,0.0591412190968873,0.116815370181526,0.484000022687789,0.116815370181526,0.00542280399390218,0.0522513470907361,0.0591412190968873,0.484,0.121
0.25,1,1,31.5080865364419,1.0000141169687,6.86,1,0.00542280399390218,-2.26877890918686e-08,0.169002385767711,0.198182266738553,0.0522513470907361,0.0591412190968873,0.116815370181526,0.484000022687789,0.116815370181526,0.00542280399390218,0.0522513470907361,0.0591412190968873,0.484,0.121
0.25,1,1,32.1854652383953,1.0000141169687,6.86,1,0.00542280399390218,-2.26877890918686e-08,0.169002385767711,0.198182266738553,0.0522513470907361,0.0591412190968873,0.116815370181526,0.484000022687789,0.116815370181526,0.00542280399390218,0.0522513470907361,0.0591412190968873,0.484,0.121
0.25,1,1,32.8733459357278,1.0000141169687,6.86,1,0.00542280399390218,-2.26877890918686e-08,0.169002385767711,0.198182266738553,0.0522513470907361,0.0591412190968873,0.116815370181526,0.484000022687789,0.116815370181526,0.00542280399390218,0.0522513470907361,0.0591412190968873,0.484,0.121
0.25,1,1,33.5717286284394,1.0000141169687,6.86,1,0.00542280399390218,-2.26877890918686e-08,0.169002385767711,0.198182266738553,0.0522513470907361,0.0591412190968873,0.116815370181526,0.484000022687789,0.116815370181526,0.00542280399390218,0.0522513470907361,0.0591412190968873,0.484,0.121
0.25,1,1,34.2806133165301,1.0000141169687,6.86,1,0.00542280399390218,-2.26877890918686e-08,0.169002385767711,0.198182266738553,0.0522513470907361,0.0591412190968873,0.116815370181526,0.484000022687789,0.116815370181526,0.00542280399390218,0.0522513470907361,0.0591412190968873,0.484,0.121
0.25,1,1,35,1.0000141169687,6.86,1,0.00542280399390218,-2.26877890918686e-08,0.169002385767711,0.198182266738553,0.0522513470907361,0.0591412190968873,0.116815370181526,0.484000022687789,0.116815370181526,0.00542280399390218,0.0522513470907361,0.0591412190968873,0.484,0.121
0.2,1,1,0.1,0,0,1,0,0,0,0,0,0,0,0,0,0,0,0,0.484,0.0968
0.2,1,1,0.43448275862069,0.0129940059451668,6.86,1,0.000155233304611779,0.461934303767249,0.00219598700473318,0.0111465384086479,0.00529829157600969,0.00326964593874854,0.00872317081937001,0.0220656962327511,0.00872317081937001,0.000155233304611779,0.00529829157600969,0.00326964593874854,0.484,0.0968
0.2,1,1,0.768965517241379,0.0434238286552498,6.86,1,0.000274738308955768,0.448111852398486,0.00733862704273722,0.0161192828459384,0.00708699287667885,0.00506850652720349,0.0124302377128381,0.0358881476015137,0.0124302377128381,0.000274738308955768,0.00708699287667885,0.00506850652720349,0.484,0.0968
0.2,1,1,1.10344827586207,0.073818155560565,6.86,1,0.000394243313299756,0.434234692912081,0.0124752682897355,0.0211657185210371,0.00886572295268385,0.00686435401116227,0.0161243202771459,0.0497653070879185,0.0161243202771459,0.000394243313299756,0.00886572295268385,0.00686435401116227,0.484,0.0968
0.2,1,1,1.43793103448276,0.104243152052864,6.86,1,0.000513748317643745,0.420299935211244,0.017617092696934,0.0262574217678081,0.0106499089023428,0.00866189310402708,0.0198255503240137,0.0637000647887557,0.0198255503240137,0.000513748317643745,0.0106499089023428,0.00866189310402708,0.484,0.0968
0.2,1,1,1.77241379310345,0.134594282906774,6.86,1,0.000633253321987734,0.406434215667687,0.0227464338112448,0.0312776151925364,0.0124464639647599,0.0104620180417846,0.0235417353285322,0.0775657843323135,0.0235417353285322,0.000633253321987734,0.0124464639647599,0.0104620180417846,0.484,0.0968
0.2,1,1,2.10689655172414,0.164878191689076,6.86,1,0.000752758326331722,0.392617055343701,0.0278644143954538,0.0362469381561145,0.0142543057743325,0.0122645280040667,0.0272715921047309,0.0913829446562992,0.0272715921047309,0.000752758326331722,0.0142543057743325,0.0122645280040667,0.484,0.0968
0.2,1,1,2.44137931034483,0.195162100471378,6.86,1,0.000872263330675711,0.378788519684136,0.0329823949796629,0.0412276574666314,0.0160621352284307,0.0140670293104637,0.0310014278695702,0.105211480315864,0.0310014278695702,0.000872263330675711,0.0160621352284307,0.0140670293104637,0.484,0.0968
0.2,1,1,2.77586206896552,0.22544600925368,6.86,1,0.0009917683350197,0.364936130560826,0.038100375563872,0.0462321287337803,0.0178700069209383,0.0158695898855639,0.034731365141522,0.119063869439174,0.034731365141522,0.0009917683350197,0.0178700069209383,0.0158695898855639,0.484,0.0968
0.2,1,1,3.11034482758621,0.255729918035983,6.86,1,0.00111127333936369,0.351081966492344,0.0432183561480811,0.0512386178820295,0.0196777706611547,0.0176720154770265,0.0384610594775448,0.132918033507655,0.0384610594775449,0.00111127333936369,0.0196777706611547,0.0176720154770265,0.484,0.0968
0.2,1,1,3.4448275862069,0.286013826818285,6.86,1,0.00123077834370768,0.337228912736991,0.0483363367322901,0.0562437324529386,0.0214856616266572,0.0194745781074156,0.0421910180777805,0.146771087263009,0.0421910180777805,0.00123077834370768,0.0214856616266572,0.0194745781074156,0.484,0.0968
0.2,1,1,3.77931034482759,0.316297735600587,6.86,1,0.00135028334805167,0.323370482213863,0.0534543173164992,0.0612544789175866,0.0232934240093521,0.0212770141946474,0.0459207215520512,0.160629517786137,0.0459207215520512,0.00135028334805167,0.0232934240093521,0.0212770141946474,0.484,0.0968
0.2,1,1,4.11379310344828,0.346581644382889,6.86,1,0.00146978835239565,0.309508532804952,0.0585722979007083,0.0662686170765186,0.0251012506834509,0.0230795131819747,0.0496505522178212,0.174491467195048,0.0496505522178212,0.00146978835239565,0.0251012506834509,0.0230795131819747,0.484,0.0968
0.2,1,1,4.44827586206897,0.376865553165191,6.86,1,0.00158929335673964,0.295646582653065,0.0636902784849173,0.0712827552354598,0.0269090773575495,0.0248820129122682,0.0533803836265574,0.188353417346935,0.0533803836265574,0.00158929335673964,0.0269090773575495,0.0248820129122682,0.484,0.0968
0.2,1,1,4.78275862068966,0.407149461947493,6.86,1,0.00170879836108363,0.281784633309071,0.0688082590691264,0.0762968933943951,0.0287169040316482,0.026684511834676,0.0571102142274078,0.202215366690929,0.0571102142274078,0.00170879836108363,0.0287169040316482,0.026684511834676,0.484,0.0968
0.2,1,1,5.11724137931035,0.437433370729797,6.86,1,0.00182830336542762,0.267922675590463,0.0739262396533357,0.0813110390551376,0.0305247307057468,0.0284870116298892,0.0608400457010636,0.216077324409537,0.0608400457010636,0.00182830336542762,0.0305247307057468,0.0284870116298892,0.484,0.0968
0.2,1,1,5.45172413793104,0.467717279512099,6.86,1,0.00194780836977161,0.254116958284693,0.0790442202375446,0.0862926087451949,0.032319273252361,0.0302791311104349,0.0645462127325675,0.229883041715307,0.0645462127325675,0.00194780836977161,0.032319273252361,0.0302791311104349,0.484,0.0968
0.2,1,1,5.78620689655172,0.4980011882944,6.86,1,0.0020673133741156,0.240258648443127,0.0841622008217537,0.091304638636168,0.0341262398015028,0.0320809589233328,0.0682745120989512,0.243741351556873,0.0682745120989512,0.0020673133741156,0.0341262398015028,0.0320809589233328,0.484,0.0968
0.2,1,1,6.12068965517241,0.528285097076703,6.86,1,0.00218681837845959,0.22640034650323,0.0892801814059628,0.0963166613402245,0.0359332095128872,0.0338827828592353,0.0720028107505821,0.257599653496769,0.0720028107505821,0.00218681837845959,0.0359332095128872,0.0338827828592353,0.484,0.0968
0.2,1,1,6.4551724137931,0.558569005859005,6.86,1,0.00230632338280357,0.212542037587211,0.0943981619901718,0.101328690819208,0.0377401762433044,0.0356846099773006,0.0757311096034086,0.271457962412789,0.0757311096034086,0.00230632338280357,0.0377401762433044,0.0356846099773006,0.484,0.0968
0.2,1,1,6.78965517241379,0.588852914641307,6.86,1,0.00242582838714756,0.198683721053564,0.0995161425743808,0.106340728309084,0.0395471394489268,0.0374864402268965,0.0794594080629708,0.285316278946436,0.0794594080629708,0.00242582838714756,0.0395471394489268,0.0374864402268965,0.484,0.0968
0.2,1,1,7.12413793103448,0.619136823423609,6.86,1,0.00254533339149155,0.184825411745779,0.10463412315859,0.111352758200058,0.0413541059980687,0.0392882675060124,0.0831877068955727,0.299174588254221,0.0831877068955727,0.00254533339149155,0.0413541059980687,0.0392882675060124,0.484,0.0968
0.2,1,1,7.45862068965517,0.649420732205916,6.86,1,0.00266483839583554,0.170967110839155,0.1097521037428,0.116364779256158,0.0431610764345553,0.0410900913314959,0.0869160061618868,0.313032889160845,0.0869160061618868,0.00266483839583554,0.0431610764345553,0.0410900913314959,0.484,0.0968
0.2,1,1,7.79310344827586,0.679704640988219,6.86,1,0.00278434340017953,0.157108801923138,0.114870084327009,0.121376808735141,0.0449680431649721,0.0428919184495607,0.0906443050147124,0.326891198076862,0.0906443050147123,0.00278434340017953,0.0449680431649721,0.0428919184495607,0.484,0.0968
0.2,1,1,8.12758620689655,0.709988549770517,6.86,1,0.00290384840452352,0.143250483822431,0.119988064911217,0.126388847872976,0.0467750056454934,0.0446937493433589,0.0943726033933758,0.340749516177569,0.0943726033933758,0.00290384840452352,0.0467750056454934,0.0446937493433589,0.484,0.0968
0.2,1,1,8.46206896551724,0.732006730844806,6.86,1,0.00302335340886751,0.131527594175191,0.123709137512772,0.131963268312037,0.0479408370590164,0.045835809532116,0.0968,0.352472405824809,0.0968,0.00302335340886751,0.0479408370590164,0.045835809532116,0.484,0.0968
0.2,1,1,8.79655172413793,0.739243482010977,6.86,1,0.00314285841321149,0.123200495666043,0.124932148459855,0.139067355873971,0.0479477836975039,0.0457093578894153,0.0968000000001308,0.360799504333957,0.0968000000001308,0.00314285841321149,0.0479477836975039,0.0457093578894153,0.484,0.0968
0.2,1,1,9.13103448275862,0.74648023317715,6.86,1,0.00326236341755548,0.114998617423892,0.126155159406938,0.146046223169169,0.0479432330588115,0.0455944035236331,0.0968,0.369001382576108,0.0968,0.00326236341755548,0.0479432330588115,0.0455944035236331,0.484,0.0968
0.2,1,1,9.46551724137931,0.753716984343321,6.86,1,0.00338186842189947,0.106750898805106,0.127378170354021,0.153070930840861,0.0479386824203303,0.0454794491577824,0.0968000000000121,0.377249101194894,0.0968000000000121,0.00338186842189947,0.0479386824203303,0.0454794491577824,0.484,0.0968
0.2,1,1,9.8,0.760912667667584,6.86,1,0.00350137342624346,0.102763728513007,0.128594240835822,0.155842030651172,0.0476384715647518,0.0456601550090046,0.0967999999999999,0.381236271486993,0.0967999999999999,0.00350137342624346,0.0476384715647518,0.0456601550090046,0.484,0.0968
0.2,1,1,10,0.765214093838838,6.86,1,0.00357283002677904,0.100228418661864,0.129321181858764,0.157650399479372,0.0474386579042512,0.0457885120689697,0.0967999999999999,0.383771581338136,0.0968,0.00357283002677904,0.0474386579042512,0.0457885120689697,0.484,0.0968
0.2,1,1,10.0052509976896,0.765327027733274,6.86,1,0.00357470611900062,0.100158057404616,0.129340267686923,0.157701674908461,0.0474337262864059,0.0457915675945935,0.0968,0.383841942595384,0.0968,0.00357470611900062,0.0474337262864059,0.0457915675945935,0.484,0.0968
0.2,1,1,10.0210039907582,0.76566582941658,6.86,1,0.00358033439566537,0.0999469736304884,0.129397525171402,0.15785550119811,0.0474189314330673,0.0458007341712673,0.0968,0.384053026369512,0.0968,0.00358033439566537,0.0474189314330673,0.0458007341712673,0.484,0.0968
0.2,1,1,10.047258979206,0.766230498888757,6.86,1,0.00358971485677327,0.0995951673387898,0.1294929543122,0.15811187834901,0.0473942733442929,0.0458160117989339,0.0968,0.38440483266121,0.0968,0.00358971485677327,0.0473942733442929,0.0458160117989339,0.484,0.0968
0.2,1,1,10.084015963033,0.767021036149804,6.86,1,0.00360284750232434,0.0991023729847728,0.129626555109317,0.15847107190591,0.0473597791501085,0.0458373733475672,0.0968,0.384897627015227,0.0968,0.00360284750232434,0.0473597791501085,0.0458373733475672,0.484,0.0968
0.2,1,1,10.131274942239,0.768037441199722,6.86,1,0.00361973233231857,0.0984691213100163,0.129798327562753,0.158932551127231,0.0473153946260845,0.0458648730415968,0.0967999999999999,0.385530878689984,0.0967999999999999,0.00361973233231857,0.0473153946260845,0.0458648730415968,0.484,0.0968
0.2,1,1,10.1890359168242,0.769279714038511,6.86,1,0.00364036934675596,0.0976951470413893,0.130008271672508,0.159496581286102,0.0472611468744566,0.0458984837787874,0.0968,0.386304852958611,0.0968,0.00364036934675596,0.0472611468744566,0.0458984837787874,0.484,0.0968
0.2,1,1,10.2572988867885,0.770747854666171,6.86,1,0.00366475854563652,0.0967804501773152,0.130256387438583,0.160163162384102,0.0471970358953554,0.0459382055590081,0.0967999999999999,0.387219549822685,0.0967999999999999,0.00366475854563652,0.0471970358953554,0.0459382055590081,0.484,0.0968
0.2,1,1,10.3360638521319,0.772441863082701,6.86,1,0.00369289992896023,0.0957250307186779,0.130542674860977,0.160932294420346,0.0471230616887076,0.0459840383823322,0.0968,0.388274969281322,0.0968,0.00369289992896023,0.0471230616887076,0.0459840383823322,0.484,0.0968
0.2,1,1,10.4253308128544,0.774361739288102,6.86,1,0.00372479349672711,0.0945288886661267,0.130867133939689,0.161803977394184,0.0470392242544595,0.0460359822488135,0.0968000000000001,0.389471111333873,0.0968000000000001,0.00372479349672711,0.0470392242544595,0.0460359822488135,0.484,0.0968
0.2,1,1,10.5250997689561,0.776507483282374,6.86,1,0.00376043924893715,0.0930435757823508,0.131229764674721,0.162926659542928,0.0469577198214495,0.0460818409296134,0.0968,0.390956424217649,0.0968,0.00376043924893715,0.0469577198214495,0.0460818409296134,0.484,0.0968
0.2,1,1,10.6353707204369,0.778879095065516,6.86,1,0.00379983718559035,0.0915522318534844,0.131630567066072,0.164017201080443,0.0468541931818577,0.046145969632552,0.0968,0.392447768146516,0.0968,0.00379983718559035,0.0468541931818577,0.046145969632552,0.484,0.0968
0.2,1,1,10.7561436672968,0.78147657463753,6.86,1,0.00384298730668672,0.0899188551691599,0.132069541113743,0.165211603717098,0.0467408068623215,0.0462162058309918,0.0968,0.39408114483084,0.0967999999999999,0.00384298730668672,0.0467408068623215,0.0462162058309918,0.484,0.0968
0.2,1,1,10.8874186095358,0.784299921998413,6.86,1,0.00388988961222625,0.0881434457308535,0.132546686817732,0.166509867451415,0.0466175608627572,0.0462925495250164,0.0967999999999999,0.395856554269146,0.0967999999999999,0.00388988961222625,0.0466175608627572,0.0462925495250164,0.484,0.0968
0.2,1,1,11.029195547154,0.787349137148168,6.86,1,0.00394054410220894,0.0862260035373275,0.13306200417804,0.167911992284632,0.0464844551832277,0.0463750007145633,0.0968,0.397773996462673,0.0968,0.00394054410220894,0.0464844551832277,0.0463750007145633,0.484,0.0968
0.2,1,1,11.1814744801512,0.790624220086794,6.86,1,0.00399495077663479,0.0841665285871346,0.133615493194668,0.169417978218197,0.0463414898238445,0.0464635593995206,0.0967999999999999,0.399833471412865,0.0967999999999999,0.00399495077663479,0.0463414898238445,0.0464635593995206,0.484,0.0968
0.2,1,1,11.3442554085276,0.79412517081429,6.86,1,0.0040531096355038,0.0819650208840434,0.134207153867615,0.171027825248342,0.0461886647843515,0.0465582255801447,0.0968,0.402034979115957,0.0968,0.0040531096355038,0.0461886647843515,0.0465582255801447,0.484,0.0968
0.2,1,1,11.5175383322831,0.797851989330656,6.86,1,0.00411502067881598,0.0796214804236196,0.134836986196881,0.172741533379499,0.0460259800650444,0.0466589992561396,0.0968,0.40437851957638,0.0968,0.00411502067881598,0.0460259800650444,0.0466589992561396,0.484,0.0968
0.2,1,1,11.7013232514178,0.801804675635894,6.86,1,0.00418068390657132,0.0771359072099825,0.135504990182466,0.174559102607551,0.0458534356656541,0.0467658804277747,0.0968000000000001,0.406864092790017,0.0968000000000001,0.00418068390657132,0.0458534356656541,0.0467658804277747,0.484,0.0968
0.2,1,1,11.8956101659315,0.805983229730002,6.86,1,0.00425009931876982,0.0746573742119278,0.13621116582437,0.176331458235917,0.0456583058764858,0.0468915965325289,0.0968000017277846,0.409342625788072,0.0968000017277846,0.00425009931876982,0.0456583058764858,0.0468915965325289,0.484,0.0968
0.2,1,1,12.1003990758244,0.810387651612981,6.86,1,0.00432326691541148,0.0718885501196413,0.136955513122594,0.178355935020538,0.0454659725756032,0.0470107622462118,0.0968000017372264,0.412111449880359,0.0968000017372264,0.00432326691541148,0.0454659725756032,0.0470107622462118,0.484,0.0968
0.2,1,1,12.3156899810964,0.815017941284831,6.86,1,0.00440018669649631,0.0689777350489841,0.137738032077136,0.180484231126727,0.0452637760284599,0.0471360390221962,0.0968000017471524,0.415022264951016,0.0968000017471523,0.00440018669649631,0.0452637760284599,0.0471360390221962,0.484,0.0968
0.2,1,1,12.5414828817475,0.819874098745551,6.86,1,0.00448085866202429,0.0659249289985216,0.138558722687998,0.182716346555918,0.0450517162351784,0.0472674268603598,0.0968000017575625,0.418075071001478,0.0968000017575625,0.00448085866202429,0.0450517162351784,0.0472674268603598,0.484,0.0968
0.2,1,1,12.7777777777778,0.824956123995142,6.86,1,0.00456528281199544,0.0627301319693617,0.139417584955179,0.185052281307002,0.0448297931956642,0.0474049257607973,0.0968000017684569,0.421269868030638,0.0968000017684569,0.00456528281199544,0.0448297931956642,0.0474049257607973,0.484,0.0968
0.2,1,1,13.0245746691871,0.830264017033604,6.86,1,0.00465345914640975,0.0593933439614141,0.140314618878679,0.187492035380071,0.0445980069099247,0.0475485357235007,0.0968000017798352,0.424606656038586,0.0968000017798352,0.00465345914640975,0.0445980069099247,0.0475485357235007,0.484,0.0968
0.2,1,1,13.2818735559756,0.835797777860936,6.86,1,0.00474538766526723,0.0557599775656272,0.141249824458498,0.190190197975875,0.0443695538313171,0.0476850585034157,0.0968,0.428240022434373,0.0968,0.00474538766526723,0.0443695538313171,0.0476850585034157,0.484,0.0968
0.2,1,1,13.5496744381432,0.84155740647714,6.86,1,0.00484106836856786,0.0521381423095741,0.142223201694637,0.192838655995789,0.044118131992317,0.0478407996391151,0.0967999999999999,0.431861857690426,0.0967999999999999,0.00484106836856786,0.044118131992317,0.0478407996391151,0.484,0.0968
0.2,1,1,13.82797731569,0.847542902882213,6.86,1,0.00494050125631166,0.0485310340618362,0.143234750587094,0.195434213534194,0.0438434685756134,0.048016031984951,0.0968000018168761,0.435468965938164,0.096800001816876,0.00494050125631166,0.0438434685756134,0.048016031984951,0.484,0.0968
0.2,1,1,14.1167821886158,0.853754267076158,6.86,1,0.00504368632849862,0.0446258081172854,0.144284471135871,0.198289720746844,0.0435722695693452,0.0481840441021563,0.0968000000000001,0.439374191882715,0.0968000000000001,0.00504368632849862,0.0435722695693452,0.0481840441021563,0.484,0.0968
0.2,1,1,14.4160890569208,0.860191499058974,6.86,1,0.00515062358512874,0.0405790616395918,0.145372363340967,0.201248575019442,0.0432911673562178,0.0483582090586533,0.0967999999999999,0.443420938360408,0.0967999999999999,0.00515062358512874,0.0432911673562178,0.0483582090586533,0.484,0.0968
0.2,1,1,14.7258979206049,0.866854598830659,6.86,1,0.00526131302620203,0.0363900313804055,0.146498427202381,0.204311541417213,0.0430002325689671,0.0485384544048309,0.0968,0.447609968619594,0.0968,0.00526131302620203,0.0430002325689671,0.0485384544048309,0.484,0.0968
0.2,1,1,15.0462087796681,0.873743566391216,6.86,1,0.00537575465171848,0.0320593003666694,0.147662662720116,0.207478036913215,0.0426994041285106,0.048724841219771,0.0968000000000001,0.451940699633331,0.0968000000000001,0.00537575465171848,0.0426994041285106,0.048724841219771,0.484,0.0968
0.2,1,1,15.3770216341105,0.880858401740644,6.86,1,0.00549394846167808,0.0275873646482572,0.148865069894169,0.21074756356928,0.0423886397610368,0.0489174136655795,0.0968000018882943,0.456412635351743,0.0968000018882944,0.00549394846167808,0.0423886397610368,0.0489174136655795,0.484,0.0968
0.2,1,1,15.7183364839319,0.888199104878942,6.86,1,0.00561589445608086,0.0229718647989534,0.150105648724541,0.214122486476506,0.0420681575647509,0.0491159479791682,0.0967999999999999,0.461028135201047,0.0967999999999999,0.00561589445608086,0.0420681575647509,0.0491159479791682,0.484,0.0968
0.2,1,1,16.0701533291325,0.895765675806111,6.86,1,0.00574159263492679,0.0182159600283112,0.151384399211233,0.217599638840205,0.0417376655118869,0.0493207437734374,0.0968000019202511,0.465784039971689,0.0968000019202511,0.00574159263492679,0.0417376655118869,0.0493207437734374,0.484,0.0968
0.2,1,1,16.4324721697122,0,0,1,0,0,0,0,0,0,0,0,0,0,0,0,0.484,0.0968
0.2,1,1,16.8052930056711,0.911576421027061,6.86,1,0.00600424554594814,0.00827577759218379,0.154056415153573,0.224867807254243,0.0410473135123871,0.0497484409416648,0.0968000000000001,0.475724222407816,0.0968000000000001,0.00600424554594814,0.0410473135123871,0.0497484409416648,0.484,0.0968
0.2,1,1,17.188615837009,0.919820595320844,6.86,1,0.00614120027812356,0.00309309949528896,0.155449680609223,0.228657219895488,0.0406873057064658,0.0499714940154106,0.0968,0.480906900504711,0.0967999999999999,0.00614120027812356,0.0406873057064658,0.0499714940154106,0.484,0.0968
0.2,1,1,17.5824406637261,0.928086871096119,6.86,1,0.00628190719474214,-7.16185155513749e-07,0.156846681215244,0.230354032980373,0.0400961347742666,0.0504219600205293,0.096800001989538,0.484000716185155,0.096800001989538,0.00628190719474214,0.0400961347742666,0.0504219600205293,0.484,0.0968
0.2,1,1,17.9867674858223,0.928101112313738,6.86,1,0.00628289255355085,-4.65167919960763e-07,0.156849087981022,0.23035137519733,0.0400911137602557,0.0504259956757619,0.0968000019895685,0.48400046516792,0.0968000019895685,0.00628289255355085,0.0400911137602557,0.0504259956757619,0.484,0.0968
0.2,1,1,18.4015963032976,0.928101112313738,6.86,1,0.00628289255355085,-4.65167919960763e-07,0.156849087981022,0.23035137519733,0.0400911137602557,0.0504259956757619,0.0968000019895685,0.48400046516792,0.0968000019895685,0.00628289255355085,0.0400911137602557,0.0504259956757619,0.484,0.0968
0.2,1,1,18.8269271161521,0.928101112313738,6.86,1,0.00628289255355085,-4.65167919960763e-07,0.156849087981022,0.23035137519733,0.0400911137602557,0.0504259956757619,0.0968000019895685,0.48400046516792,0.0968000019895685,0.00628289255355085,0.0400911137602557,0.0504259956757619,0.484,0.0968
0.2,1,1,19.2627599243856,0.928101112313738,6.86,1,0.00628289255355085,-4.65167919960763e-07,0.156849087981022,0.23035137519733,0.0400911137602557,0.0504259956757619,0.0968000019895685,0.48400046516792,0.0968000019895685,0.00628289255355085,0.0400911137602557,0.0504259956757619,0.484,0.0968
0.2,1,1,19.7090947279983,0.928101112313738,6.86,1,0.00628289255355085,-4.65167919960763e-07,0.156849087981022,0.23035137519733,0.0400911137602557,0.0504259956757619,0.0968000019895685,0.48400046516792,0.0968000019895685,0.00628289255355085,0.0400911137602557,0.0504259956757619,0.484,0.0968
0.2,1,1,20.1659315269901,0.928101112313738,6.86,1,0.00628289255355085,-4.65167919960763e-07,0.156849087981022,0.23035137519733,0.0400911137602557,0.0504259956757619,0.0968000019895685,0.48400046516792,0.0968000019895685,0.00628289255355085,0.0400911137602557,0.0504259956757619,0.484,0.0968
0.2,1,1,20.6332703213611,0.928101112313738,6.86,1,0.00628289255355085,-4.65167919960763e-07,0.156849087981022,0.23035137519733,0.0400911137602557,0.0504259956757619,0.0968000019895685,0.48400046516792,0.0968000019895685,0.00628289255355085,0.0400911137602557,0.0504259956757619,0.484,0.0968
0.2,1,1,21.1111111111111,0.928101112313738,6.86,1,0.00628289255355085,-4.65167919960763e-07,0.156849087981022,0.23035137519733,0.0400911137602557,0.0504259956757619,0.0968000019895685,0.48400046516792,0.0968000019895685,0.00628289255355085,0.0400911137602557,0.0504259956757619,0.484,0.0968
0.2,1,1,21.5994538962403,0.928101112313738,6.86,1,0.00628289255355085,-4.65167919960763e-07,0.156849087981022,0.23035137519733,0.0400911137602557,0.0504259956757619,0.0968000019895685,0.48400046516792,0.0968000019895685,0.00628289255355085,0.0400911137602557,0.0504259956757619,0.484,0.0968
0.2,1,1,22.0982986767486,0.928101112313738,6.86,1,0.00628289255355085,-4.65167919960763e-07,0.156849087981022,0.23035137519733,0.0400911137602557,0.0504259956757619,0.0968000019895685,0.48400046516792,0.0968000019895685,0.00628289255355085,0.0400911137602557,0.0504259956757619,0.484,0.0968
0.2,1,1,22.607645452636,0.928101112313738,6.86,1,0.00628289255355085,-4.65167919960763e-07,0.156849087981022,0.23035137519733,0.0400911137602557,0.0504259956757619,0.0968000019895685,0.48400046516792,0.0968000019895685,0.00628289255355085,0.0400911137602557,0.0504259956757619,0.484,0.0968
0.2,1,1,23.1274942239025,0.928101112313738,6.86,1,0.00628289255355085,-4.65167919960763e-07,0.156849087981022,0.23035137519733,0.0400911137602557,0.0504259956757619,0.0968000019895685,0.48400046516792,0.0968000019895685,0.00628289255355085,0.0400911137602557,0.0504259956757619,0.484,0.0968
0.2,1,1,23.6578449905482,0.928101112313738,6.86,1,0.00628289255355085,-4.65167919960763e-07,0.156849087981022,0.23035137519733,0.0400911137602557,0.0504259956757619,0.0968000019895685,0.48400046516792,0.0968000019895685,0.00628289255355085,0.0400911137602557,0.0504259956757619,0.484,0.0968
0.2,1,1,24.198697752573,0.928101112313738,6.86,1,0.00628289255355085,-4.65167919960763e-07,0.156849087981022,0.23035137519733,0.0400911137602557,0.0504259956757619,0.0968000019895685,0.48400046516792,0.0968000019895685,0.00628289255355085,0.0400911137602557,0.0504259956757619,0.484,0.0968
0.2,1,1,24.7500525099769,0.928101112313738,6.86,1,0.00628289255355085,-4.65167919960763e-07,0.156849087981022,0.23035137519733,0.0400911137602557,0.0504259956757619,0.0968000019895685,0.48400046516792,0.0968000019895685,0.00628289255355085,0.0400911137602557,0.0504259956757619,0.484,0.0968
0.2,1,1,25.3119092627599,0.928101112313738,6.86,1,0.00628289255355085,-4.65167919960763e-07,0.156849087981022,0.23035137519733,0.0400911137602557,0.0504259956757619,0.0968000019895685,0.48400046516792,0.0968000019895685,0.00628289255355085,0.0400911137602557,0.0504259956757619,0.484,0.0968
0.2,1,1,25.8842680109221,0.928101112313738,6.86,1,0.00628289255355085,-4.65167919960763e-07,0.156849087981022,0.23035137519733,0.0400911137602557,0.0504259956757619,0.0968000019895685,0.48400046516792,0.0968000019895685,0.00628289255355085,0.0400911137602557,0.0504259956757619,0.484,0.0968
0.2,1,1,26.4671287544633,0.928101112313738,6.86,1,0.00628289255355085,-4.65167919960763e-07,0.156849087981022,0.23035137519733,0.0400911137602557,0.0504259956757619,0.0968000019895685,0.48400046516792,0.0968000019895685,0.00628289255355085,0.0400911137602557,0.0504259956757619,0.484,0.0968
0.2,1,1,27.0604914933837,0.928101112313738,6.86,1,0.00628289255355085,-4.65167919960763e-07,0.156849087981022,0.23035137519733,0.0400911137602557,0.0504259956757619,0.0968000019895685,0.48400046516792,0.0968000019895685,0.00628289255355085,0.0400911137602557,0.0504259956757619,0.484,0.0968
0.2,1,1,27.6643562276833,0.928101112313738,6.86,1,0.00628289255355085,-4.65167919960763e-07,0.156849087981022,0.23035137519733,0.0400911137602557,0.0504259956757619,0.0968000019895685,0.48400046516792,0.0968000019895685,0.00628289255355085,0.0400911137602557,0.0504259956757619,0.484,0.0968
0.2,1,1,28.2787229573619,0.928101112313738,6.86,1,0.00628289255355085,-4.65167919960763e-07,0.156849087981022,0.23035137519733,0.0400911137602557,0.0504259956757619,0.0968000019895685,0.48400046516792,0.0968000019895685,0.00628289255355085,0.0400911137602557,0.0504259956757619,0.484,0.0968
0.2,1,1,28.9035916824197,0.928101112313738,6.86,1,0.00628289255355085,-4.65167919960763e-07,0.156849087981022,0.23035137519733,0.0400911137602557,0.0504259956757619,0.0968000019895685,0.48400046516792,0.0968000019895685,0.00628289255355085,0.0400911137602557,0.0504259956757619,0.484,0.0968
0.2,1,1,29.5389624028565,0.928101112313738,6.86,1,0.00628289255355085,-4.65167919960763e-07,0.156849087981022,0.23035137519733,0.0400911137602557,0.0504259956757619,0.0968000019895685,0.48400046516792,0.0968000019895685,0.00628289255355085,0.0400911137602557,0.0504259956757619,0.484,0.0968
0.2,1,1,30.1848351186725,0.928101112313738,6.86,1,0.00628289255355085,-4.65167919960763e-07,0.156849087981022,0.23035137519733,0.0400911137602557,0.0504259956757619,0.0968000019895685,0.48400046516792,0.0968000019895685,0.00628289255355085,0.0400911137602557,0.0504259956757619,0.484,0.0968
0.2,1,1,30.8412098298677,0.928101112313738,6.86,1,0.00628289255355085,-4.65167919960763e-07,0.156849087981022,0.23035137519733,0.0400911137602557,0.0504259956757619,0.0968000019895685,0.48400046516792,0.0968000019895685,0.00628289255355085,0.0400911137602557,0.0504259956757619,0.484,0.0968
0.2,1,1,31.5080865364419,0.928101112313738,6.86,1,0.00628289255355085,-4.65167919960763e-07,0.156849087981022,0.23035137519733,0.0400911137602557,0.0504259956757619,0.0968000019895685,0.48400046516792,0.0968000019895685,0.00628289255355085,0.0400911137602557,0.0504259956757619,0.484,0.0968
0.2,1,1,32.1854652383953,0.928101112313738,6.86,1,0.00628289255355085,-4.65167919960763e-07,0.156849087981022,0.23035137519733,0.0400911137602557,0.0504259956757619,0.0968000019895685,0.48400046516792,0.0968000019895685,0.00628289255355085,0.0400911137602557,0.0504259956757619,0.484,0.0968
0.2,1,1,32.8733459357278,0.928101112313738,6.86,1,0.00628289255355085,-4.65167919960763e-07,0.156849087981022,0.23035137519733,0.0400911137602557,0.0504259956757619,0.0968000019895685,0.48400046516792,0.0968000019895685,0.00628289255355085,0.0400911137602557,0.0504259956757619,0.484,0.0968
0.2,1,1,33.5717286284394,0.928101112313738,6.86,1,0.00628289255355085,-4.65167919960763e-07,0.156849087981022,0.23035137519733,0.0400911137602557,0.0504259956757619,0.0968000019895685,0.48400046516792,0.0968000019895685,0.00628289255355085,0.0400911137602557,0.0504259956757619,0.484,0.0968
0.2,1,1,34.2806133165301,0.928101112313738,6.86,1,0.00628289255355085,-4.65167919960763e-07,0.156849087981022,0.23035137519733,0.0400911137602557,0.0504259956757619,0.0968000019895685,0.48400046516792,0.0968000019895685,0.00628289255355085,0.0400911137602557,0.0504259956757619,0.484,0.0968
0.2,1,1,35,0.928101112313738,6.86,1,0.00628289255355085,-4.65167919960763e-07,0.156849087981022,0.23035137519733,0.0400911137602557,0.0504259956757619,0.0968000019895685,0.48400046516792,0.0968000019895685,0.00628289255355085,0.0400911137602557,0.0504259956757619,0.484,0.0968
0.15,1,1,0.1,0,0,1,0,0,0,0,0,0,0,0,0,0,0,0,0.484,0.0726
0.15,1,1,0.43448275862069,0.0129935470800158,6.86,1,0.000155233304611779,0.461934554560761,0.00219590945652267,0.0111462723407211,0.00529836829727887,0.00326966204010431,0.00872326364199496,0.0220654454392387,0.00872326364199496,0.000155233304611779,0.00529836829727887,0.00326966204010431,0.484,0.0726
0.15,1,1,0.768965517241379,0.0434237677041543,6.86,1,0.000274738308955768,0.448111885727269,0.00733861674200208,0.0161192474763541,0.00708700307737701,0.00506850866804183,0.0124302500543746,0.0358881142727308,0.0124302500543746,0.000274738308955768,0.00708700307737701,0.00506850866804183,0.484,0.0726
0.15,1,1,1.10344827586207,0.0738181555605652,6.86,1,0.000394243313299756,0.434234692912082,0.0124752682897355,0.0211657185210368,0.00886572295268385,0.00686435401116227,0.0161243202771459,0.0497653070879182,0.0161243202771459,0.000394243313299756,0.00886572295268385,0.00686435401116227,0.484,0.0726
0.15,1,1,1.43793103448276,0.104243152052864,6.86,1,0.000513748317643745,0.420299935211244,0.017617092696934,0.0262574217678087,0.0106499089023428,0.00866189310402709,0.0198255503240137,0.0637000647887563,0.0198255503240137,0.000513748317643745,0.0106499089023428,0.00866189310402709,0.484,0.0726
0.15,1,1,1.77241379310345,0.134594282906774,6.86,1,0.000633253321987734,0.406434215667686,0.0227464338112448,0.0312776151925366,0.0124464639647599,0.0104620180417846,0.0235417353285322,0.0775657843323136,0.0235417353285322,0.000633253321987734,0.0124464639647599,0.0104620180417846,0.484,0.0726
0.15,1,1,2.10689655172414,0.164878191689076,6.86,1,0.000752758326331722,0.3926170553437,0.0278644143954538,0.0362469381561155,0.0142543057743325,0.0122645280040666,0.0272715921047308,0.0913829446563001,0.0272715921047308,0.000752758326331722,0.0142543057743325,0.0122645280040666,0.484,0.0726
0.15,1,1,2.44137931034483,0.195162100471378,6.86,1,0.000872263330675711,0.378788519684136,0.0329823949796629,0.0412276574666314,0.0160621352284307,0.0140670293104637,0.0310014278695702,0.105211480315864,0.0310014278695702,0.000872263330675711,0.0160621352284307,0.0140670293104637,0.484,0.0726
0.15,1,1,2.77586206896552,0.22544600925368,6.86,1,0.0009917683350197,0.36493613080247,0.0381003755638719,0.0462321287337801,0.0178700069209383,0.0158695896439198,0.0347313648998777,0.11906386919753,0.0347313648998777,0.0009917683350197,0.0178700069209383,0.0158695896439198,0.484,0.0726
0.15,1,1,3.11034482758621,0.255729918035984,6.86,1,0.00111127333936369,0.351081966492342,0.0432183561480813,0.0512386178820319,0.0196777706611546,0.0176720154770264,0.0384610594775447,0.132918033507658,0.0384610594775447,0.00111127333936369,0.0196777706611546,0.0176720154770264,0.484,0.0726
0.15,1,1,3.4448275862069,0.286013826818286,6.86,1,0.00123077834370768,0.33722891273699,0.0483363367322904,0.0562437324529388,0.0214856616266573,0.0194745781074157,0.0421910180777807,0.14677108726301,0.0421910180777807,0.00123077834370768,0.0214856616266573,0.0194745781074157,0.484,0.0726
0.15,1,1,3.77931034482759,0.316297735600589,6.86,1,0.00135028334805167,0.323370482213865,0.0534543173164995,0.0612544789175839,0.0232934240093521,0.0212770141946473,0.0459207215520511,0.160629517786134,0.0459207215520512,0.00135028334805167,0.0232934240093521,0.0212770141946473,0.484,0.0726
0.15,1,1,4.11379310344828,0.346581644382892,6.86,1,0.00146978835239565,0.309508532433461,0.0585722979007087,0.0662686170765261,0.0251012506834507,0.0230795135534577,0.0496505525893041,0.174491467566539,0.0496505525893041,0.00146978835239565,0.0251012506834507,0.0230795135534577,0.484,0.0726
0.15,1,1,4.44827586206897,0.376865553165191,6.86,1,0.00158929335673964,0.295646582653065,0.0636902784849174,0.0712827552354603,0.0269090773575495,0.0248820129122682,0.0533803836265573,0.188353417346935,0.0533803836265573,0.00158929335673964,0.0269090773575495,0.0248820129122682,0.484,0.0726
0.15,1,1,4.78275862068966,0.407149461947493,6.86,1,0.00170879836108363,0.28178463287267,0.0688082590691264,0.0762968933943933,0.0287169040316483,0.0266845122710787,0.0571102146638106,0.20221536712733,0.0571102146638106,0.00170879836108363,0.0287169040316483,0.0266845122710787,0.484,0.0726
0.15,1,1,5.11724137931035,0.437433370729796,6.86,1,0.00182830336542762,0.267922675590469,0.0739262396533354,0.081311039055132,0.030524730705747,0.0284870116298892,0.0608400457010638,0.216077324409531,0.0608400457010638,0.00182830336542762,0.030524730705747,0.0284870116298892,0.484,0.0726
0.15,1,1,5.45172413793104,0.467717279512101,6.86,1,0.00194780836977161,0.25411695828469,0.0790442202375451,0.0862926087451961,0.0323192732523616,0.0302791311104355,0.0645462127325686,0.22988304171531,0.0645462127325687,0.00194780836977161,0.0323192732523616,0.0302791311104355,0.484,0.0726
0.15,1,1,5.78620689655172,0.498001188294404,6.86,1,0.0020673133741156,0.240258648443126,0.0841622008217543,0.0913046386361683,0.034126239801503,0.0320809589233329,0.0682745120989515,0.243741351556874,0.0682745120989515,0.0020673133741156,0.034126239801503,0.0320809589233329,0.484,0.0726
0.15,1,1,6.12068965517241,0.528285097076702,6.86,1,0.00218681837845959,0.226400346503229,0.0892801814059627,0.0963166613402255,0.0359332095128876,0.0338827828592358,0.072002810750583,0.257599653496771,0.072002810750583,0.00218681837845959,0.0359332095128876,0.0338827828592358,0.484,0.0726
0.15,1,1,6.4551724137931,0.539049852424986,6.86,1,0.00230429772327382,0.221516460252035,0.0910994250598226,0.0987841146881426,0.0359109011859174,0.0343848010908088,0.0726,0.262483539747965,0.0726,0.00230429772327382,0.0359109011859174,0.0343848010908088,0.484,0.0726
0.15,1,1,6.78965517241379,0.546286603591158,6.86,1,0.00242463045836353,0.217725015965797,0.0923224360069057,0.101352548027297,0.0355294259850503,0.0346459435565861,0.0725999999999999,0.266274984034203,0.0725999999999999,0.00242463045836353,0.0355294259850503,0.0346459435565861,0.484,0.0726
0.15,1,1,7.12413793103448,0.55351121246573,6.86,1,0.00254476132838902,0.213939937847245,0.0935433949067084,0.103916667246047,0.0351485937412704,0.0349066449303406,0.0726,0.270060062152755,0.0726,0.00254476132838902,0.0351485937412704,0.0349066449303406,0.484,0.0726
0.15,1,1,7.45862068965517,0.560704976924548,6.86,1,0.00266437931715477,0.21017101956865,0.0947591411002486,0.106469839331102,0.03476938740531,0.0351662332775353,0.0726000000000001,0.27382898043135,0.0726000000000001,0.00266437931715477,0.03476938740531,0.0351662332775353,0.484,0.0726
0.15,1,1,7.79310344827586,0.567898741383369,6.86,1,0.00278399734498933,0.206402106182338,0.0959748872937894,0.109023006523873,0.0343901841225048,0.0354258185325059,0.0726,0.277597893817662,0.0726,0.00278399734498933,0.0343901841225048,0.0354258185325059,0.484,0.0726
0.15,1,1,8.12758620689655,0.575092505842191,6.86,1,0.00290361523118908,0.202633182731091,0.0971906334873303,0.111576182548754,0.0340109752960727,0.0356854107055629,0.0726000012328247,0.281366817268909,0.0726000012328247,0.00290361523118908,0.0340109752960727,0.0356854107055629,0.484,0.0726
0.15,1,1,8.46206896551724,0.582286270301012,6.86,1,0.00302323328345217,0.19886426473286,0.0984063796808711,0.114129355586269,0.0336317683974284,0.0359449983191195,0.0726000000000001,0.28513573526714,0.0726000000000001,0.00302323328345217,0.0336317683974284,0.0359449983191195,0.484,0.0726
0.15,1,1,8.79655172413793,0.589480034759833,6.86,1,0.00314285841321149,0.179881985367885,0.0996221258744117,0.131895888757703,0.0345539646534304,0.0349031769333581,0.0726,0.304118014632115,0.0726,0.00314285841321149,0.0345539646534304,0.0349031769333581,0.484,0.0726
0.15,1,1,9.13103448275862,0.596673799218653,6.86,1,0.00326236341755548,0.175358320480954,0.100837872067952,0.135203807451094,0.0342399392864185,0.035097697296026,0.0726,0.308641679519046,0.0726,0.00326236341755548,0.0342399392864185,0.035097697296026,0.484,0.0726
0.15,1,1,9.46551724137931,0.603867563677475,6.86,1,0.00338186842189947,0.184621132592803,0.102053618261493,0.124725249145704,0.032726863144179,0.0364912684339216,0.0726,0.299378867407197,0.0726,0.00338186842189947,0.032726863144179,0.0364912684339216,0.484,0.0726
0.15,1,1,9.8,0.611061328136296,6.86,1,0.00350137342624346,0.166310990706067,0.103269364455034,0.141819644838899,0.0336118885524696,0.035486738021287,0.0726000000000001,0.317689009293933,0.0726000000000001,0.00350137342624346,0.0336118885524696,0.035486738021287,0.484,0.0726
0.15,1,1,10,0.615362754307551,6.86,1,0.00357283002677904,0.163606118917142,0.103996305477976,0.143797575604882,0.0334241208072999,0.035603049165921,0.0726,0.320393881082858,0.0726,0.00357283002677904,0.0334241208072999,0.035603049165921,0.484,0.0726
0.15,1,1,10.0052509976896,0.615475688201985,6.86,1,0.00357470611900062,0.163535102540111,0.104015391306136,0.143849506153753,0.0334191909672882,0.0356061029137112,0.0726,0.320464897459889,0.0726,0.00357470611900062,0.0334191909672882,0.0356061029137112,0.484,0.0726
0.15,1,1,10.0210039907582,0.615814489885291,6.86,1,0.00358033439566537,0.163322053407881,0.104072648790614,0.144005297801505,0.033404401447309,0.0356152641570255,0.0725999999999999,0.320677946592119,0.0725999999999999,0.00358033439566537,0.033404401447309,0.0356152641570255,0.484,0.0726
0.15,1,1,10.047258979206,0.616379159357468,6.86,1,0.00358971485677327,0.162966971520225,0.104168077931412,0.144264950548363,0.0333797522473926,0.0356305328958341,0.0726,0.321033028479775,0.0726,0.00358971485677327,0.0333797522473926,0.0356305328958341,0.484,0.0726
0.15,1,1,10.084015963033,0.617169696618516,6.86,1,0.00360284750232434,0.162469856876469,0.104301678728529,0.144628464395002,0.0333452433675879,0.0356519091300878,0.0726000000000001,0.321530143123531,0.0726000000000001,0.00360284750232434,0.0333452433675879,0.0356519091300878,0.484,0.0726
0.15,1,1,10.131274942239,0.618186101668434,6.86,1,0.00361973233231857,0.161830709478761,0.104473451181965,0.145095839339273,0.03330087480774,0.0356793928599414,0.0726,0.322169290521239,0.0726,0.00361973233231857,0.03330087480774,0.0356793928599414,0.484,0.0726
0.15,1,1,10.1890359168242,0.619428374507222,6.86,1,0.00364036934675596,0.161049529326063,0.104683395291721,0.145667075382216,0.0332466465679141,0.03571298408533,0.0726,0.322950470673937,0.0726000000000001,0.00364036934675596,0.0332466465679141,0.03571298408533,0.484,0.0726
0.15,1,1,10.2572988867885,0.620896515134882,6.86,1,0.00366475854563652,0.160126316417868,0.104931511057795,0.146342172524337,0.0331825586481562,0.0357526828062074,0.0726,0.323873683582132,0.0726,0.00366475854563652,0.0331825586481562,0.0357526828062074,0.484,0.0726
0.15,1,1,10.3360638521319,0.622590523551413,6.86,1,0.00369289992896023,0.159061070754398,0.105217798480189,0.147121130765413,0.0331086110484498,0.0357984890225899,0.0726,0.324938929245602,0.0726,0.00369289992896023,0.0331086110484498,0.0357984890225899,0.484,0.0726
0.15,1,1,10.4253308128544,0.624510399756813,6.86,1,0.00372479349672711,0.157853792335973,0.105542257558901,0.148003950105125,0.0330248037687677,0.0358504027345052,0.0726,0.326146207664027,0.0726,0.00372479349672711,0.0330248037687677,0.0358504027345052,0.484,0.0726
0.15,1,1,10.5250997689561,0.626656143751086,6.86,1,0.00376043924893715,0.156504481162124,0.105904888293934,0.148990630543942,0.0329311368091472,0.0359084239419157,0.0726000000000001,0.327495518837876,0.0726,0.00376043924893715,0.0329311368091472,0.0359084239419157,0.484,0.0726
0.15,1,1,10.6353707204369,0.629027755534228,6.86,1,0.00379983718559035,0.155013137233302,0.106305690685285,0.150081172081413,0.0328276101695507,0.035972552644859,0.0726000000000001,0.328986862766698,0.0726000000000001,0.00379983718559035,0.0328276101695507,0.035972552644859,0.484,0.0726
0.15,1,1,10.7561436672968,0.631625235106242,6.86,1,0.00384298730668672,0.153379760550044,0.106744664732955,0.151275574717001,0.0327142238499461,0.0360427888433673,0.0726000000000001,0.330620239449956,0.0726000000000001,0.00384298730668672,0.0327142238499461,0.0360427888433673,0.484,0.0726
0.15,1,1,10.8874186095358,0.634448582467126,6.86,1,0.00388988961222625,0.151604351111044,0.107221810436944,0.152573838452012,0.0325909778504255,0.0361191325373483,0.0726,0.332395648888956,0.0726,0.00388988961222625,0.0325909778504255,0.0361191325373483,0.484,0.0726
0.15,1,1,11.029195547154,0.63749779761688,6.86,1,0.00394054410220894,0.149686908917097,0.107737127797253,0.153975963285651,0.0324578721709286,0.0362015837268625,0.0726,0.334313091082903,0.0726,0.00394054410220894,0.0324578721709286,0.0362015837268625,0.484,0.0726
0.15,1,1,11.1814744801512,0.640772880555504,6.86,1,0.00399495077663479,0.147627433968058,0.10829061681388,0.155481949218062,0.0323149068114676,0.0362901424118976,0.0726,0.336372566031942,0.0726,0.00399495077663479,0.0323149068114676,0.0362901424118976,0.484,0.0726
0.15,1,1,11.3442554085276,0.644273831283001,6.86,1,0.0040531096355038,0.145425926263818,0.108882277486827,0.157091796249355,0.0321620817720519,0.0363848085924443,0.0726,0.338574073736182,0.0726,0.0040531096355038,0.0321620817720519,0.0363848085924443,0.484,0.0726
0.15,1,1,11.5175383322831,0.648000649799368,6.86,1,0.00411502067881598,0.150329133089659,0.109512109816093,0.15155875570513,0.0313570491477985,0.0371279315625033,0.0726000013891177,0.333670866910341,0.0726000013891177,0.00411502067881598,0.0313570491477985,0.0371279315625033,0.484,0.0726
0.15,1,1,11.7013232514178,0.651953336104606,6.86,1,0.00418068390657132,0.14725783699133,0.110180113801678,0.153962049206992,0.0312343692599008,0.0371849468335278,0.0725999999999999,0.33674216300867,0.0726,0.00418068390657132,0.0312343692599008,0.0371849468335278,0.484,0.0726
0.15,1,1,11.8956101659315,0.656131890198713,6.86,1,0.00425009931876982,0.144011052424075,0.110886289443583,0.156502658132343,0.031104673906144,0.0372452267750862,0.0726,0.339988947575925,0.0726,0.00425009931876982,0.031104673906144,0.0372452267750862,0.484,0.0726
0.15,1,1,12.1003990758244,0.660536312081692,6.86,1,0.00432326691541148,0.140588760015402,0.111630636741806,0.159180601826801,0.0309679683009183,0.0373087661996607,0.0726000014159905,0.343411239984598,0.0726000014159904,0.00432326691541148,0.0309679683009183,0.0373087661996607,0.484,0.0726
0.15,1,1,12.3156899810964,0.665166601753542,6.86,1,0.00440019672822083,0.136989003503644,0.112413155696349,0.161997840800008,0.0308251574894753,0.0373746457823038,0.0725999999999999,0.347010996496356,0.0725999999999999,0.00440019672822083,0.0308251574894753,0.0373746457823038,0.484,0.0726
0.15,1,1,12.5414828817475,0.670022759214263,6.86,1,0.00448071839816436,0.133212814184463,0.11323384630721,0.164953339508327,0.0306756330967398,0.0374436485050958,0.0725999999999999,0.350787185815537,0.0725999999999999,0.00448071839816436,0.0306756330967398,0.0374436485050958,0.484,0.0726
0.15,1,1,12.7777777777778,0.675104784463853,6.86,1,0.00456498518784213,0.129260989451557,0.114092708574391,0.168046300526831,0.030519154600602,0.0375158616587766,0.0726000014472208,0.354739010548443,0.0726000014472208,0.00456498518784213,0.030519154600602,0.0375158616587766,0.484,0.0726
0.15,1,1,13.0245746691871,0.680412677502316,6.86,1,0.00465299731990395,0.125133525408544,0.114989742497891,0.171276732093565,0.0303557204425152,0.0375912822375808,0.0726,0.358866474591456,0.0726,0.00465299731990395,0.0303557204425152,0.0375912822375808,0.484,0.0726
0.15,1,1,13.2818735559756,0.685946438329647,6.86,1,0.00474475470994868,0.120830419978835,0.11592494807771,0.174644631943454,0.0301853314583628,0.0376699138316885,0.0726,0.363169580021165,0.0726,0.00474475470994868,0.0301853314583628,0.0376699138316885,0.484,0.0726
0.15,1,1,13.5496744381432,0.691706066945851,6.86,1,0.00484025715685637,0.116351683759426,0.116898325313849,0.178149990926725,0.030007988567888,0.0377517542752556,0.0725999999999999,0.367648316240574,0.0726,0.00484025715685637,0.030007988567888,0.0377517542752556,0.484,0.0726
0.15,1,1,13.82797731569,0.697612970933533,6.86,1,0.00493820162898524,0.111758424958021,0.117896592087767,0.181744982954212,0.0298261109683523,0.0378356874026626,0.0726000000000001,0.372241575041979,0.0726000000000001,0.00493820162898524,0.0298261109683523,0.0378356874026626,0.484,0.0726
0.15,1,1,14.1167821886158,0.701535584960819,6.86,1,0.00504368632849862,0.107577513629121,0.118559513858378,0.185262972512494,0.0296465999438074,0.0379097137277007,0.0726000000000067,0.376422486370879,0.0726000000000067,0.00504368632849862,0.0296465999438074,0.0379097137277007,0.484,0.0726
0.15,1,1,14.4160890569208,0.705542199755786,6.86,1,0.00515062358512874,0.103358088847876,0.119236631758728,0.18880527939338,0.0294653678625294,0.037984008552358,0.0726000000000161,0.380641911152124,0.0726000000000162,0.00515062358512874,0.0294653678625294,0.037984008552358,0.484,0.0726
0.15,1,1,14.7258979206049,0.709689397526021,6.86,1,0.00526131302620203,0.09899061407447,0.119937508181898,0.192471877743633,0.0292777767607795,0.0380609102130185,0.0726,0.38500938592553,0.0726,0.00526131302620203,0.0292777767607795,0.0380609102130185,0.484,0.0726
0.15,1,1,15.0462087796681,0.713977178271504,6.86,1,0.00537575465171848,0.0944750893086241,0.120662143127884,0.196262767563492,0.0290838266387021,0.0381404187095795,0.0726,0.389524910691376,0.0726000000000001,0.00537575465171848,0.0290838266387021,0.0381404187095795,0.484,0.0726
0.15,1,1,15.3770216341105,0.718405541992257,6.86,1,0.00549394846167808,0.0898115145504462,0.121410536596691,0.200177948852861,0.0288835174962312,0.0382225340420922,0.0726000000000015,0.394188485449554,0.0726000000000015,0.00549394846167808,0.0288835174962312,0.0382225340420922,0.484,0.0726
0.15,1,1,15.7183364839319,0.722974488688273,6.86,1,0.00561589445608086,0.0849998897999675,0.122182688588318,0.204217421611714,0.0286768493333476,0.0383072562105725,0.072600000000001,0.399000110200033,0.072600000000001,0.00561589445608086,0.0286768493333476,0.0383072562105725,0.484,0.0726
0.15,1,1,16.0701533291325,0.72768401835955,6.86,1,0.00574159263492679,0.0799370306597479,0.122978599102764,0.208484370237488,0.0284638221500567,0.0383945852150165,0.0726000000000001,0.404062969340252,0.0726,0.00574159263492679,0.0284638221500567,0.0383945852150165,0.484,0.0726
0.15,1,1,16.4324721697122,0.732534131006088,6.86,1,0.00587104299821588,0.0743958782710175,0.123798268140029,0.213205853588953,0.0282444359463888,0.0384845210553953,0.0726,0.409604121728983,0.0726,0.00587104299821588,0.0282444359463888,0.0384845210553953,0.484,0.0726
0.15,1,1,16.8052930056711,0.736905744252165,6.86,1,0.00600424554594814,0.0691117993209571,0.124537070778616,0.217751129900427,0.0279526374313092,0.0386431170227427,0.0726000000000001,0.414888200679043,0.0726,0.00600424554594814,0.0279526374313092,0.0386431170227427,0.484,0.0726
0.15,1,1,17.188615837009,0.740777177127239,6.86,1,0.00614120027812356,0.0642603933925718,0.125191342934503,0.221948263672925,0.0275861133432933,0.0388726863785831,0.0726,0.419739606607428,0.0726,0.00614120027812356,0.0275861133432933,0.0388726863785831,0.484,0.0726
0.15,1,1,17.5824406637261,0.744754676656422,6.86,1,0.00628190719474214,0.059276072233161,0.125863540354935,0.226260387411904,0.0272095474994205,0.0391085453058374,0.0726,0.424723927766839,0.0726,0.00628190719474214,0.0272095474994205,0.0391085453058374,0.484,0.0726
0.15,1,1,17.9867674858223,0.748838242839722,6.86,1,0.00642636629580389,0.0541588358429265,0.126553663039913,0.23068750111716,0.0268229398997282,0.0393506938044679,0.0726,0.429841164157074,0.0726,0.00642636629580389,0.0268229398997282,0.0393506938044679,0.484,0.0726
0.15,1,1,18.4015963032976,0.753027875677147,6.86,1,0.0065745775813088,0.0489086842217192,0.127261710989438,0.235229604788843,0.0264262905441905,0.0395991318745006,0.0725999999999999,0.435091315778281,0.0726,0.0065745775813088,0.0264262905441905,0.0395991318745006,0.484,0.0726
0.15,1,1,18.8269271161521,0.757323575168652,6.86,1,0.00672654105125687,0.0435256173696495,0.127987684203502,0.239886698426848,0.0260195994328252,0.039853859515918,0.0726,0.44047438263035,0.0726,0.00672654105125687,0.0260195994328252,0.039853859515918,0.484,0.0726
0.15,1,1,19.2627599243856,0.761725341314298,6.86,1,0.0068822567056481,0.0380096352865615,0.128731582682116,0.244658782031322,0.025602866565606,0.0401148767287459,0.0725999999999999,0.445990364713438,0.0725999999999999,0.0068822567056481,0.025602866565606,0.0401148767287459,0.484,0.0726
0.15,1,1,19.7090947279983,0.766233174114057,6.86,1,0.00704172454448249,0.0323607379726636,0.129493406425276,0.249545855602061,0.0251760919425691,0.0403821835129486,0.0726000000000002,0.451639262027336,0.0726000000000002,0.00704172454448249,0.0251760919425691,0.0403821835129486,0.484,0.0726
0.15,1,1,20.1659315269901,0.770847073567899,6.86,1,0.00720494456776005,0.026578925427777,0.130273155432975,0.254547919139248,0.0247392755636824,0.0406557798685576,0.0726,0.457421074572223,0.0726,0.00720494456776005,0.0247392755636824,0.0406557798685576,0.484,0.0726
0.15,1,1,20.6332703213611,0.775567039675881,6.86,1,0.00737191677548076,0.0206641976520627,0.131070829705224,0.259664972642713,0.0242924174289759,0.0409356657955433,0.0726,0.463335802347937,0.0726,0.00737191677548076,0.0242924174289759,0.0409356657955433,0.484,0.0726
0.15,1,1,21.1111111111111,0.78039307243796,6.86,1,0.00754264116764464,0.0146165546453758,0.131886429242015,0.264897016112609,0.0238355175384223,0.041221841293933,0.0725999999999999,0.469383445354624,0.0725999999999999,0.00754264116764464,0.0238355175384223,0.041221841293933,0.484,0.0726
0.15,1,1,21.5994538962403,0.785325171854169,6.86,1,0.00771711774425168,0.0084359964077389,0.132719954043355,0.270244049548906,0.0233685758920277,0.0415143063637207,0.0726000000000001,0.475564003592261,0.0726,0.00771711774425168,0.0233685758920277,0.0415143063637207,0.484,0.0726
0.15,1,1,22.0982986767486,0.790363337924465,6.86,1,0.00789534650530189,0.00212252293923293,0.133571404109235,0.275706072951533,0.0228915924898037,0.0418130610048945,0.0726,0.481877477060767,0.0726,0.00789534650530189,0.0228915924898037,0.0418130610048945,0.484,0.0726
0.15,1,1,22.607645452636,0.792064020331582,6.86,1,0.00795587239379617,2.94209101525666e-15,0.133858819436037,0.27754118056396,0.0227340307590092,0.0419100968471946,0.0725999999999999,0.483999999999997,0.0725999999999999,0.00795587239379617,0.0227340307590092,0.0419100968471946,0.484,0.0726
0.15,1,1,23.1274942239025,0.792064020331582,6.86,1,0.00795587239379617,2.94209101525666e-15,0.133858819436037,0.27754118056396,0.0227340307590092,0.0419100968471946,0.0725999999999999,0.483999999999997,0.0725999999999999,0.00795587239379617,0.0227340307590092,0.0419100968471946,0.484,0.0726
0.15,1,1,23.6578449905482,0.792064020331582,6.86,1,0.00795587239379617,2.94209101525666e-15,0.133858819436037,0.27754118056396,0.0227340307590092,0.0419100968471946,0.0725999999999999,0.483999999999997,0.0725999999999999,0.00795587239379617,0.0227340307590092,0.0419100968471946,0.484,0.0726
0.15,1,1,24.198697752573,0.792064020331582,6.86,1,0.00795587239379617,2.94209101525666e-15,0.133858819436037,0.27754118056396,0.0227340307590092,0.0419100968471946,0.0725999999999999,0.483999999999997,0.0725999999999999,0.00795587239379617,0.0227340307590092,0.0419100968471946,0.484,0.0726
0.15,1,1,24.7500525099769,0.792064020331582,6.86,1,0.00795587239379617,2.94209101525666e-15,0.133858819436037,0.27754118056396,0.0227340307590092,0.0419100968471946,0.0725999999999999,0.483999999999997,0.0725999999999999,0.00795587239379617,0.0227340307590092,0.0419100968471946,0.484,0.0726
0.15,1,1,25.3119092627599,0.792064020331582,6.86,1,0.00795587239379617,2.94209101525666e-15,0.133858819436037,0.27754118056396,0.0227340307590092,0.0419100968471946,0.0725999999999999,0.483999999999997,0.0725999999999999,0.00795587239379617,0.0227340307590092,0.0419100968471946,0.484,0.0726
0.15,1,1,25.8842680109221,0.792064020331582,6.86,1,0.00795587239379617,2.94209101525666e-15,0.133858819436037,0.27754118056396,0.0227340307590092,0.0419100968471946,0.0725999999999999,0.483999999999997,0.0725999999999999,0.00795587239379617,0.0227340307590092,0.0419100968471946,0.484,0.0726
0.15,1,1,26.4671287544633,0.792064020331582,6.86,1,0.00795587239379617,2.94209101525666e-15,0.133858819436037,0.27754118056396,0.0227340307590092,0.0419100968471946,0.0725999999999999,0.483999999999997,0.0725999999999999,0.00795587239379617,0.0227340307590092,0.0419100968471946,0.484,0.0726
0.15,1,1,27.0604914933837,0.792064020331582,6.86,1,0.00795587239379617,2.94209101525666e-15,0.133858819436037,0.27754118056396,0.0227340307590092,0.0419100968471946,0.0725999999999999,0.483999999999997,0.0725999999999999,0.00795587239379617,0.0227340307590092,0.0419100968471946,0.484,0.0726
0.15,1,1,27.6643562276833,0.792064020331582,6.86,1,0.00795587239379617,2.94209101525666e-15,0.133858819436037,0.27754118056396,0.0227340307590092,0.0419100968471946,0.0725999999999999,0.483999999999997,0.0725999999999999,0.00795587239379617,0.0227340307590092,0.0419100968471946,0.484,0.0726
0.15,1,1,28.2787229573619,0.792064020331582,6.86,1,0.00795587239379617,2.94209101525666e-15,0.133858819436037,0.27754118056396,0.0227340307590092,0.0419100968471946,0.0725999999999999,0.483999999999997,0.0725999999999999,0.00795587239379617,0.0227340307590092,0.0419100968471946,0.484,0.0726
0.15,1,1,28.9035916824197,0.792064020331582,6.86,1,0.00795587239379617,2.94209101525666e-15,0.133858819436037,0.27754118056396,0.0227340307590092,0.0419100968471946,0.0725999999999999,0.483999999999997,0.0725999999999999,0.00795587239379617,0.0227340307590092,0.0419100968471946,0.484,0.0726
0.15,1,1,29.5389624028565,0.792064020331582,6.86,1,0.00795587239379617,2.94209101525666e-15,0.133858819436037,0.27754118056396,0.0227340307590092,0.0419100968471946,0.0725999999999999,0.483999999999997,0.0725999999999999,0.00795587239379617,0.0227340307590092,0.0419100968471946,0.484,0.0726
0.15,1,1,30.1848351186725,0.792064020331582,6.86,1,0.00795587239379617,2.94209101525666e-15,0.133858819436037,0.27754118056396,0.0227340307590092,0.0419100968471946,0.0725999999999999,0.483999999999997,0.0725999999999999,0.00795587239379617,0.0227340307590092,0.0419100968471946,0.484,0.0726
0.15,1,1,30.8412098298677,0.792064020331582,6.86,1,0.00795587239379617,2.94209101525666e-15,0.133858819436037,0.27754118056396,0.0227340307590092,0.0419100968471946,0.0725999999999999,0.483999999999997,0.0725999999999999,0.00795587239379617,0.0227340307590092,0.0419100968471946,0.484,0.0726
0.15,1,1,31.5080865364419,0.792064020331582,6.86,1,0.00795587239379617,2.94209101525666e-15,0.133858819436037,0.27754118056396,0.0227340307590092,0.0419100968471946,0.0725999999999999,0.483999999999997,0.0725999999999999,0.00795587239379617,0.0227340307590092,0.0419100968471946,0.484,0.0726
0.15,1,1,32.1854652383953,0.792064020331582,6.86,1,0.00795587239379617,2.94209101525666e-15,0.133858819436037,0.27754118056396,0.0227340307590092,0.0419100968471946,0.0725999999999999,0.483999999999997,0.0725999999999999,0.00795587239379617,0.0227340307590092,0.0419100968471946,0.484,0.0726
0.15,1,1,32.8733459357278,0.792064020331582,6.86,1,0.00795587239379617,2.94209101525666e-15,0.133858819436037,0.27754118056396,0.0227340307590092,0.0419100968471946,0.0725999999999999,0.483999999999997,0.0725999999999999,0.00795587239379617,0.0227340307590092,0.0419100968471946,0.484,0.0726
0.15,1,1,33.5717286284394,0.792064020331582,6.86,1,0.00795587239379617,2.94209101525666e-15,0.133858819436037,0.27754118056396,0.0227340307590092,0.0419100968471946,0.0725999999999999,0.483999999999997,0.0725999999999999,0.00795587239379617,0.0227340307590092,0.0419100968471946,0.484,0.0726
0.15,1,1,34.2806133165301,0.792064020331582,6.86,1,0.00795587239379617,2.94209101525666e-15,0.133858819436037,0.27754118056396,0.0227340307590092,0.0419100968471946,0.0725999999999999,0.483999999999997,0.0725999999999999,0.00795587239379617,0.0227340307590092,0.0419100968471946,0.484,0.0726
0.15,1,1,35,0.792064020331582,6.86,1,0.00795587239379617,2.94209101525666e-15,0.133858819436037,0.27754118056396,0.0227340307590092,0.0419100968471946,0.0725999999999999,0.483999999999997,0.0725999999999999,0.00795587239379617,0.0227340307590092,0.0419100968471946,0.484,0.0726
