iteration,gamma,acetate_threshold,max_growth_rate
1,1.0,0.32906211943095226,0.5616470277276839
2,1.0,0.6185655593762229,0.7535342105703595
3,1.0,0.5747837674853311,0.7230706832233014
4,1.0,0.6155043945126001,0.7806015902437762
5,1.0,0.5442786249715288,0.703408844625512
6,1.0,0.3580098561918953,0.628869920579248
7,1.0,0.4982999285234543,0.6886158778671152
8,1.0,0.5931941777918036,0.7517764946052364
9,1.0,0.49244502386804057,0.7999542779702734
10,1.0,0.2804506643184608,0.6137362312644922
11,1.0,0.4885883767089163,0.6492788345452486
12,1.0,0.32913203980810757,0.6569977730058901
13,1.0,0.4931650549004607,0.7878170550621095
14,1.0,0.3925873439373232,0.506341558696831
15,1.0,0.5617492731120384,0.7007202078394275
16,1.0,0.3428382048504776,0.5663959477888951
17,1.0,0.4598309741144057,0.6429064770059398
18,1.0,0.5467291002727728,0.6627886824453032
19,1.0,0.45701443159155025,0.5665490704182237
20,1.0,0.3689695195291172,0.6548544843917837
21,1.0,0.5214167088617986,0.7265036663425946
22,1.0,0.4519444416402888,0.5156945717651226
23,1.0,0.6261256562656157,0.81734592779641
24,1.0,0.5588958121610277,0.6938725814670353
25,1.0,0.6528169294143177,0.7115802830558797
26,1.0,0.4526438562841121,0.7153471703166712
27,1.0,0.42300920845496787,0.6497856744662946
28,1.0,0.49389000792016713,0.640585491114824
29,1.0,0.46041082873579936,0.8098285274301007
30,1.0,0.5531085535500527,0.771730042868728
31,1.0,0.39378063783965594,0.7224793610891423
32,1.0,0.48011851278837436,0.7589559023329152
33,1.0,0.5698028196280472,0.73941603109235
34,1.0,0.36999391478162336,0.5328818251132056
35,1.0,0.45353057932669055,0.6793075020269306
36,1.0,0.5309715495913677,0.656273752638749
37,1.0,0.5971274391352249,0.7825038683079905
38,1.0,0.5755525967842361,0.7950851361633041
39,1.0,0.20836974751397042,0.6560684230457515
40,1.0,0.45381797094125403,0.7306787350359735
41,1.0,0.43912140699157665,0.584649225499741
42,1.0,0.5506214703151151,0.7814976524304913
43,1.0,0.4910879179428855,0.7557700798383482
44,1.0,0.6294071531133035,0.8019732076557754
45,1.0,0.4492267375336197,0.5910752009254904
46,1.0,0.5238369169534326,0.6251056238974148
47,1.0,0.5712678280529827,0.769663865402927
48,1.0,0.6081514093132068,0.6527943894726195
49,1.0,0.3640746664619215,0.5139024762786438
50,1.0,0.6004897830819294,0.8173270527191737
51,1.0,0.2770558560135545,0.6470952957837935
52,1.0,0.35255156540029775,0.5545453987252834
53,1.0,0.5684069710820002,0.716324907830657
54,1.0,0.5819031359515768,0.7125943715553461
55,1.0,0.45737380347463935,0.6410120327495076
56,1.0,0.5194955559508331,0.7180364490826185
57,1.0,0.0,0.5891710692837832
58,1.0,0.38147243925866486,0.5851882171247974
59,1.0,0.32539195068249965,0.611720537828877
60,1.0,0.4357444924513396,0.7653630146488405
61,1.0,0.4035516710379037,0.6047762526456055
62,1.0,0.5065815439290585,0.7719064214274391
63,1.0,0.48423897818883116,0.5927359739072466
64,1.0,0.547479098679938,0.7262014866248807
65,1.0,0.5314346463799453,0.6753187703426684
66,1.0,0.5431250930660879,0.6345223127459513
67,1.0,0.5291094026765414,0.7268249219567451
68,1.0,0.44038403096080814,0.6141375715290059
69,1.0,0.33961897686167797,0.6059641311723779
70,1.0,0.5622989710876657,0.7268250788673253
71,1.0,0.5219991952405199,0.6689209393177951
72,1.0,0.6218277761455423,0.7820949017192413
73,1.0,0.43916150638866996,0.6692413983351414
74,1.0,0.4138381227806751,0.6830673980520444
75,1.0,0.49945348851262356,0.6900726922834509
76,1.0,0.6130059881106836,0.6898849693608254
77,1.0,0.4329650219304657,0.6757920009991678
78,1.0,0.3341399968406204,0.8029668095960842
79,1.0,0.4915682596635937,0.6064787238754135
80,1.0,0.6050827624462141,0.772632055904269
81,1.0,0.3725563278784348,0.6042096175862738
82,1.0,0.3976879665887014,0.6976608986086121
83,1.0,0.5410551684175738,0.6719646032254821
84,1.0,0.5633528977406075,0.7071584084453749
85,1.0,0.4054062743246694,0.7601371430481005
86,1.0,0.5663607537681,0.7476591993165831
87,1.0,0.4912965547936273,0.7335194989373814
88,1.0,0.44039604750121053,0.6996356519641331
89,1.0,0.5319699330929614,0.6472477709360113
90,1.0,0.5361161305358845,0.6627018052943319
91,1.0,0.4854452540027528,0.6346704693318546
92,1.0,0.431344092122421,0.6039730475200973
93,1.0,0.49917189775590604,0.6592285684038414
94,1.0,0.6082843542566311,0.7804264943237931
95,1.0,0.6041905775359386,0.7014479902412536
96,1.0,0.42368891001228126,0.5982034369143949
97,1.0,0.47284811586651593,0.6497541929944595
98,1.0,0.5492800060740611,0.6860951941763349
99,1.0,0.6393130701013382,0.7775915528231548
100,1.0,0.16565728237231098,0.59532266049007
101,1.0,0.592778049822541,0.6926092446648044
102,1.0,0.6479193786041338,0.7864265523922931
103,1.0,0.5535987740110493,0.75553938038581
104,1.0,0.6889789984790443,0.8258754775758261
105,1.0,0.43502216920095743,0.8307482828722714
106,1.0,0.5060058350279975,0.597765054916762
107,1.0,0.5206238015669779,0.6310428877074462
108,1.0,0.5015916844507621,0.7150003629132261
109,1.0,0.45534009102729,0.5824027208699487
110,1.0,0.4451846370739007,0.6627374583451825
111,1.0,0.6378405188779568,0.7187239547743405
112,1.0,0.4824080395702703,0.6833620307868844
113,1.0,0.2874971005536925,0.6737610096635257
114,1.0,0.44421845984484604,0.6442352404210372
115,1.0,0.6837018112868047,0.8320441695204374
116,1.0,0.6068941445292741,0.723892004869058
117,1.0,0.49791309463591554,0.707128403327297
118,1.0,0.5356506882169324,0.6635808621312851
119,1.0,0.4388005047812158,0.6235923798037796
120,1.0,0.570367810143717,0.6777094369187123
121,1.0,0.4615503539819505,0.6770090875506333
122,1.0,0.49235423315760096,0.6712896329690152
123,1.0,0.4926204894275761,0.7561062069406771
124,1.0,0.39656163775626435,0.5758200552876961
125,1.0,0.6223312069183019,0.818737194999372
126,1.0,0.4959167140722085,0.6661305247515074
127,1.0,0.37644733956954274,0.5444282435695471
128,1.0,0.49517427534883446,0.6997404772419061
129,1.0,0.46705464460643187,0.6825293688129539
130,1.0,0.565946710963837,0.7969402180548972
131,1.0,0.4493190259789967,0.748104096805427
132,1.0,0.6704336617598089,0.7744709075032525
133,1.0,0.30299738528266046,0.686867479575558
134,1.0,0.5201263878716303,0.7525589607616957
135,1.0,0.5951587225873304,0.6783626782374407
136,1.0,0.5033646651386723,0.5857509188363155
137,1.0,0.4493984677958046,0.6444894474295417
138,1.0,0.5230327312433111,0.6538415232768819
139,1.0,0.523303477191774,0.6864482822535565
140,1.0,0.5441815025020614,0.6924574588453689
141,1.0,0.44637281346685137,0.7656004217182903
142,1.0,0.5581270124094465,0.7206489845026266
143,1.0,0.5305242728066791,0.6070046896523903
144,1.0,0.44321466066072757,0.6904123534331165
145,1.0,0.43296466921273746,0.6926509956272179
146,1.0,0.4426786828201047,0.5922047433900554
147,1.0,0.6246280207117849,0.7911780514350844
148,1.0,0.5502574796866091,0.7281199971060249
149,1.0,0.5800582870133657,0.6335278778018231
150,1.0,0.4983940130263294,0.6914564075413042
151,1.0,0.6243559848247139,0.7521358931991846
152,1.0,0.48807924584355056,0.666514652543575
153,1.0,0.5330112773924016,0.7105265721303347
154,1.0,0.49420243687493726,0.7081472672462985
155,1.0,0.4345023223387014,0.6186395753228914
156,1.0,0.5684870157986882,0.7631299046405335
157,1.0,0.38428689534633037,0.712963922912849
158,1.0,0.5007228112235462,0.636171208132859
159,1.0,0.5074868164945696,0.7220893107658718
160,1.0,0.6235061725655026,0.7994174607627795
161,1.0,0.5099009913116636,0.7075397252020166
162,1.0,0.3181223241941028,0.5696421122216015
163,1.0,0.5053315411415371,0.6596074297072778
164,1.0,0.6267123686888859,0.7703325245928958
165,1.0,0.4350093131786562,0.6503617595009683
166,1.0,0.4942710541230723,0.6896449153170834
167,1.0,0.32941144099917435,0.6517673817343191
168,1.0,0.5255964620008767,0.6031464747791783
169,1.0,0.5434186171973306,0.8419761114719493
170,1.0,0.5592711123034331,0.7021278580443169
171,1.0,0.5478986988094972,0.6583645602032391
172,1.0,0.600729331466611,0.7425239032177909
173,1.0,0.448773139030958,0.6660199496231639
174,1.0,0.43151611324759587,0.7499846557187128
175,1.0,0.4509566032196976,0.7312441535568607
176,1.0,0.3960224485975,0.7157283981193743
177,1.0,0.5193350923373902,0.5950712647603019
178,1.0,0.5665827313365788,0.7588789495803433
179,1.0,0.6242589683269639,0.8435248838111328
180,1.0,0.6088932276785249,0.7303065771463882
181,1.0,0.45448065589159004,0.6685170204958788
182,1.0,0.6510937782560714,0.8352451966725746
183,1.0,0.5485011761207212,0.752997756342261
184,1.0,0.5431699265373181,0.7521621526272463
185,1.0,0.4398367956397777,0.6678397998893864
186,1.0,0.6080929701809245,0.7866105523933078
187,1.0,0.491666856427288,0.7193302583875638
188,1.0,0.5544858327369176,0.660630955242204
189,1.0,0.585991396006731,0.6816335530916585
190,1.0,0.401947545634409,0.7834416859275302
191,1.0,0.5251471227811746,0.664292584504092
192,1.0,0.45069536430408114,0.721510962357954
193,1.0,0.5650817276295445,0.6300149219954495
194,1.0,0.0,0.675257533378414
195,1.0,0.5605311124479398,0.7485721450935451
196,1.0,0.493658104624131,0.6664449154150665
197,1.0,0.5705966489285069,0.7636187363833776
198,1.0,0.3870753957461001,0.5817756631112619
199,1.0,0.5082880664643282,0.6822090404883221
200,1.0,0.5523124820233447,0.7173631057488302
201,1.0,0.4865930305939434,0.6753560305060451
202,1.0,0.3631441524464564,0.8122940475496794
203,1.0,0.5741320107751862,0.7063400120208012
204,1.0,0.2828531928465686,0.6192093431525704
205,1.0,0.6067486799478171,0.738062671778272
206,1.0,0.5283732398733687,0.5926246597234636
207,1.0,0.6121651277786442,0.7285920009299061
208,1.0,0.48159318769529674,0.6780367164647049
209,1.0,0.5015139886656845,0.670953377614899
210,1.0,0.5828299241007999,0.7860577030566467
211,1.0,0.5978826958663135,0.7472129648444324
212,1.0,0.6871583979796754,0.8778961415125648
213,1.0,0.4420681700007654,0.7692861022471736
214,1.0,0.4285852588026166,0.6845518488510313
215,1.0,0.5497140602322047,0.6943180725858105
216,1.0,0.3724058209636266,0.5217433262671973
217,1.0,0.5791540942597156,0.664956929040791
218,1.0,0.5609545687179378,0.6645766595436292
219,1.0,0.4901957042360482,0.7030313514555369
220,1.0,0.49203624823125364,0.7410618857067349
221,1.0,0.5615162234719998,0.7202188895222544
222,1.0,0.39214847678758896,0.5752491998439734
223,1.0,0.6525475405765145,0.7734343785666764
224,1.0,0.5923827354096836,0.7716236803045756
225,1.0,0.596732486454315,0.7118040508199808
226,1.0,0.5749021358079559,0.7844528280114863
227,1.0,0.42566453096830975,0.5939705347703071
228,1.0,0.5074511157323419,0.7484427823024212
229,1.0,0.2793944580125815,0.6654524553613023
230,1.0,0.532398941972016,0.7439946970521407
231,1.0,0.6058161174357809,0.7581479664456666
232,1.0,0.3887887126321916,0.7174145967048966
233,1.0,0.5063923826957533,0.6523011511390931
234,1.0,0.5430690496024857,0.6918771548762492
235,1.0,0.43793298264052266,0.707275959711938
236,1.0,0.5812022747713155,0.7593292229969993
237,1.0,0.5771885212130857,0.695408593585166
238,1.0,0.6209445044484485,0.7991968466972343
239,1.0,0.5411602861297815,0.6384095048861703
240,1.0,0.5311774349525856,0.6485189761775845
241,1.0,0.5634247971459726,0.7508223397843101
242,1.0,0.5797817813824865,0.7333058505739529
243,1.0,0.610209727512426,0.7315262566306332
244,1.0,0.19797642372033028,0.6689812323260179
245,1.0,0.6437429932850078,0.7513962820308481
246,1.0,0.5542864841466043,0.6873288588997232
247,1.0,0.44137977090820607,0.6631211925005817
248,1.0,0.39624891623618974,0.5977804301434324
249,1.0,0.5273987106976361,0.7030113475265655
250,1.0,0.3650550415539807,0.6922156329180612
251,1.0,0.5364675141875916,0.6946970788898587
252,1.0,0.4928849023204968,0.6221441624717191
253,1.0,0.6391015421065119,0.8208823165210385
254,1.0,0.5693867970741487,0.7775059700149266
255,1.0,0.36489025088445515,0.6603619122231202
256,1.0,0.2842664593686374,0.735274649107879
257,1.0,0.5591515070255965,0.6459604793787779
258,1.0,0.15964739403061898,0.5774883011261832
259,1.0,0.5223137212713429,0.7164130055759301
260,1.0,0.5665293155072997,0.7171599141656375
261,1.0,0.4055341774827173,0.7695394159856584
262,1.0,0.3816491969028089,0.542137517383501
263,1.0,0.6668187066593033,0.8666845814047431
264,1.0,0.20632869503763848,0.6231638564313563
265,1.0,0.6570505118364116,0.7733038245037035
266,1.0,0.6335939974547268,0.6926414853513679
267,1.0,0.5637502473710899,0.7393958944888245
268,1.0,0.4442792491980136,0.6847966974948542
269,1.0,0.15893776651421454,0.6573998041367488
270,1.0,0.5500244629911256,0.6458014173941612
271,1.0,0.5489016676028715,0.7550877943235648
272,1.0,0.5909882633213233,0.7880629640184537
273,1.0,0.5330586972460176,0.706068598720095
274,1.0,0.4103694819451578,0.5449315699269192
275,1.0,0.575096687141433,0.7302757045313581
276,1.0,0.38511185682746263,0.6446810428781544
277,1.0,0.45407137345723475,0.6407992326454223
278,1.0,0.4181812747949122,0.7191661264750926
279,1.0,0.4360324142716834,0.7082466805470297
280,1.0,0.507619700121167,0.6449261419423178
281,1.0,0.439649501491148,0.6733606509625019
282,1.0,0.562042784744805,0.6688443922992136
283,1.0,0.3689081723051693,0.5338575664429334
284,1.0,0.5447098181471879,0.6337506378016974
285,1.0,0.5601531361718033,0.7084319387255846
286,1.0,0.678680654440312,0.7821527042474907
287,1.0,0.5505783133306186,0.6199756538009256
288,1.0,0.6251358264326179,0.6888920561955224
289,1.0,0.5971435270047475,0.6789895911317063
290,1.0,0.5032802667609866,0.7129692405230462
291,1.0,0.48013646357310713,0.6855925551489324
292,1.0,0.37167981520464044,0.6400276503897608
293,1.0,0.5766184806125212,0.7116115364298715
294,1.0,0.6297435153075688,0.7890824130237348
295,1.0,0.4901376588595337,0.6831889366153115
296,1.0,0.5433122555934378,0.6190372156404427
297,1.0,0.4746931561505636,0.631488534026454
298,1.0,0.25923034419657337,0.6847107808817632
299,1.0,0.3933386503021811,0.6866205535241211
300,1.0,0.5596032370030304,0.6470208229264052
301,1.0,0.4500734767416001,0.6086126197143015
302,1.0,0.47702499009374,0.58542412900291
303,1.0,0.5410538255210067,0.7812206514319591
304,1.0,0.49586143900752666,0.6282440443435443
305,1.0,0.6025371723001903,0.7240861203415239
306,1.0,0.42429517944280404,0.6473122122005418
307,1.0,0.6076968728992971,0.738561141365962
308,1.0,0.5041354402319799,0.7182403288726912
309,1.0,0.4985502870609407,0.7099979774045175
310,1.0,0.519394274785094,0.6472383766265368
311,1.0,0.33483866299355547,0.5787188848718346
312,1.0,0.3337984355247566,0.6284935730058702
313,1.0,0.6398720139534638,0.8092209499864718
314,1.0,0.6105371987462954,0.7761112507077507
315,1.0,0.64044837374239,0.832754997308856
316,1.0,0.4951390188960322,0.6364574235835637
317,1.0,0.6156194528424961,0.7642768551707984
318,1.0,0.3230022756154543,0.765643918042332
319,1.0,0.5587710883045297,0.6766779174439601
320,1.0,0.6244689083191998,0.7708562407356336
321,1.0,0.3961586239177575,0.5947645843275929
322,1.0,0.534808633794097,0.5993189531519516
323,1.0,0.539038140146739,0.6822315106401177
324,1.0,0.4789321939656231,0.6293950675108866
325,1.0,0.606843400761314,0.7024551027911639
326,1.0,0.5806159794092091,0.7137054607070329
327,1.0,0.3313916483815095,0.701155079683817
328,1.0,0.6906830450401468,0.8358272779057898
329,1.0,0.5230668640700354,0.6627023933967122
330,1.0,0.5216608965415096,0.637770986230838
331,1.0,0.5166938372193515,0.6661184205503
332,1.0,0.5614508717200666,0.7245893003635827
333,1.0,0.5093558370105099,0.5952557418906755
334,1.0,0.5568116210018805,0.7639434543850059
335,1.0,0.5492462164414742,0.6647020528262265
336,1.0,0.5621767864110963,0.7129216692372958
337,1.0,0.4936359260814354,0.6963547750588027
338,1.0,0.4865609291835031,0.7678802000553357
339,1.0,0.6029265931153235,0.7358853900495462
340,1.0,0.46009206908416866,0.7154108062292311
341,1.0,0.6271202845595351,0.672377343365141
342,1.0,0.5113091060644243,0.6285500936200418
343,1.0,0.4942528139201819,0.6269766192897956
344,1.0,0.5038652386683573,0.6632332392426827
345,1.0,0.47114765638897615,0.6650119825472106
346,1.0,0.5410959237608105,0.6930791731178637
347,1.0,0.55329606347481,0.6484169356600825
348,1.0,0.3792619878811769,0.6302154179132433
349,1.0,0.5516216658795192,0.7006813608023494
350,1.0,0.5537927572032247,0.7219580126178374
351,1.0,0.5644233370206833,0.6646600425416351
352,1.0,0.4936055647752775,0.6215676294816874
353,1.0,0.5792255320789337,0.7970553335611398
354,1.0,0.6507033812813926,0.7493071335616243
355,1.0,0.6257236040391773,0.7058045623518168
356,1.0,0.49807448838069474,0.8299508490258212
357,1.0,0.5355941963341518,0.6371036314206013
358,1.0,0.44387065496512157,0.5699315846036165
359,1.0,0.6397658037040391,0.8237141824888713
360,1.0,0.37605107471017907,0.6028355082342433
361,1.0,0.2578921108552937,0.528506883669348
362,1.0,0.37802301737076605,0.7310006790934571
363,1.0,0.4829161995180203,0.6777252230841826
364,1.0,0.0,0.6893883889452769
365,1.0,0.37185857447823145,0.552943989521563
366,1.0,0.6726499748985301,0.7705584808151912
367,1.0,0.273568224661187,0.621866327048239
368,1.0,0.3767456929500193,0.7268781148368305
369,1.0,0.45261120208094363,0.6350473308094509
370,1.0,0.501429196615524,0.5913907870995654
371,1.0,0.4707630184847976,0.6010070336961425
372,1.0,0.4983826859907576,0.7258040513548609
373,1.0,0.5240970151633626,0.7414689246213657
374,1.0,0.5689668852560713,0.7252329543965351
375,1.0,0.520060508273397,0.6127653399569755
376,1.0,0.528464342194117,0.7660568742446596
377,1.0,0.5106490866774476,0.7294225169855475
378,1.0,0.5139746200166788,0.6164695423961675
379,1.0,0.39329471395569643,0.6545799793728255
380,1.0,0.5490445668529398,0.7308578411383146
381,1.0,0.38216738542868034,0.7263986359379068
382,1.0,0.4542868452629372,0.6813406048420829
383,1.0,0.3732136426373988,0.6626045116817703
384,1.0,0.6580924178264007,0.8068310821707343
385,1.0,0.3989700403407529,0.7010429497211434
386,1.0,0.27647313508582294,0.7197481747749749
387,1.0,0.49565994932640617,0.7681593778228616
388,1.0,0.6105338701713601,0.7410594113550311
389,1.0,0.5761025505820464,0.6702989394115639
390,1.0,0.373015098268197,0.6090605237363144
391,1.0,0.5024146471089987,0.6571482869927381
392,1.0,0.5336587581915326,0.7492130226606324
393,1.0,0.44152028709781227,0.6542623977343435
394,1.0,0.5744396241707286,0.7009498864058035
395,1.0,0.5201516402055557,0.6754768651637648
396,1.0,0.6187728771721315,0.7450147833169889
397,1.0,0.4458960542193195,0.7128516962696362
398,1.0,0.5970762408637313,0.7415141537861591
399,1.0,0.44058052736404063,0.654706739127375
400,1.0,0.6367562273267968,0.7801211192638601
401,1.0,0.5243667195903277,0.6035846119429383
402,1.0,0.4727490448444768,0.5948157930371771
403,1.0,0.4458254200527232,0.5856358717434421
404,1.0,0.34649084582773565,0.5901828705889022
405,1.0,0.6648281915744785,0.7742855204656768
406,1.0,0.5339334906663252,0.7166019666414671
407,1.0,0.6185863366006897,0.7644327841894756
408,1.0,0.417704900746166,0.6999633048121517
409,1.0,0.25342116675849147,0.6576100544332663
410,1.0,0.5975551383111617,0.7082318867105849
411,1.0,0.46648510857488473,0.7115417639973146
412,1.0,0.5954845264093581,0.7265145666886117
413,1.0,0.5089521831204505,0.6758190244223559
414,1.0,0.5361139920191508,0.6493307213192366
415,1.0,0.5120246388052839,0.6873096409038595
416,1.0,0.3854169193498602,0.5792294257515913
417,1.0,0.5549663333249691,0.7348387880629944
418,1.0,0.3779144357223668,0.5740648986967019
419,1.0,0.32425846388835183,0.6488481147784693
420,1.0,0.44890163560224794,0.605618034310143
421,1.0,0.5841060007319138,0.7360307260543454
422,1.0,0.38029182861743843,0.737879377169657
423,1.0,0.4485345900167558,0.5222867781717789
424,1.0,0.3883303519457889,0.49381436519817495
425,1.0,0.4418982126162546,0.6217714260808084
426,1.0,0.39415062351851793,0.6665205927828871
427,1.0,0.5057419272265073,0.6278582077314303
428,1.0,0.5489759825657798,0.652361994648117
429,1.0,0.5799636873528374,0.7216216971303098
430,1.0,0.49092761675808466,0.7719653246845003
431,1.0,0.5772148772633738,0.6930328319264009
432,1.0,0.5083536798545062,0.6253365294329009
433,1.0,0.5893010400646426,0.7538575094139648
434,1.0,0.42084432945647554,0.7730092158300287
435,1.0,0.26755575715572627,0.6435693515398785
436,1.0,0.34049727034559174,0.639000953563417
437,1.0,0.5489107817346763,0.6501319813678381
438,1.0,0.562367980680053,0.7275953569375229
439,1.0,0.6962070625681327,0.787119753375702
440,1.0,0.43135178229583165,0.6796574772319914
441,1.0,0.41901230924803484,0.7994992454270587
442,1.0,0.38358765052959115,0.5665630961348415
443,1.0,0.31060568703722696,0.528196845097254
444,1.0,0.34163407763821807,0.7358730095111216
445,1.0,0.32584330779950227,0.6539481175611636
446,1.0,0.3408611138383247,0.6508885326555222
447,1.0,0.4852007049838405,0.6701605329774187
448,1.0,0.640806499632817,0.834081564979344
449,1.0,0.5255429618945479,0.6663496457172271
450,1.0,0.5367509438736382,0.806168534898691
451,1.0,0.6647764104633966,0.7661139484431533
452,1.0,0.6223819224109837,0.7762706700197612
453,1.0,0.3641271710677455,0.7723902442009567
454,1.0,0.5435803942960182,0.7016964181326342
455,1.0,0.32037134664071704,0.6782394154171318
456,1.0,0.4518485545556649,0.6739998120752697
457,1.0,0.5795272986143549,0.6580689838055527
458,1.0,0.49849167384459675,0.7174787419099777
459,1.0,0.4830681018768828,0.6944824241601565
460,1.0,0.6255238031305883,0.7843258256680394
461,1.0,0.5926511158041569,0.8040470166092308
462,1.0,0.5427312839696867,0.6646915336441076
463,1.0,0.5838928726026109,0.7114399725571201
464,1.0,0.49984278906407836,0.5953909514680178
465,1.0,0.6119977000183409,0.7741008074252644
466,1.0,0.2813266216850405,0.6430677591367914
467,1.0,0.5649439174652113,0.7291628103456587
468,1.0,0.5009389299866145,0.6152208652509006
469,1.0,0.4489230384156663,0.5994706266671286
470,1.0,0.4067371616753135,0.6049921081843206
471,1.0,0.5995417504987582,0.7014540385157
472,1.0,0.5718872661628002,0.6818965774370876
473,1.0,0.466318719308917,0.6375585994884141
474,1.0,0.47965872852180425,0.6129698811278386
475,1.0,0.31930832167843953,0.6842658153466159
476,1.0,0.5841365695965687,0.6729730210270523
477,1.0,0.520314742401179,0.6083159691314646
478,1.0,0.2800890483477607,0.6294901148198627
479,1.0,0.48890718087596186,0.7786039837288078
480,1.0,0.2546770112977354,0.7021021126699128
481,1.0,0.6090708073972682,0.7300068253424096
482,1.0,0.6095512052011344,0.7655662620888497
483,1.0,0.6234701877052994,0.7753252670870427
484,1.0,0.5415883815412181,0.632557837350073
485,1.0,0.43377926462307764,0.7342513847871046
486,1.0,0.5129913593323653,0.6991084142085173
487,1.0,0.6155750568232363,0.7213234286912662
488,1.0,0.5031937592569957,0.6404308378962865
489,1.0,0.48529534766040683,0.6114964967242479
490,1.0,0.5006680160217458,0.7012068326709716
491,1.0,0.6047340624238363,0.7146465670821737
492,1.0,0.5906518616536599,0.7483670189804615
493,1.0,0.337263574801266,0.8196863245343244
494,1.0,0.5350178253166512,0.6711205857897253
495,1.0,0.6548664511728745,0.7331745706756093
496,1.0,0.5524624817589664,0.6914638590930811
497,1.0,0.6108492218653586,0.7300629511560882
498,1.0,0.6060018486106125,0.8092646099599374
499,1.0,0.5209482857934709,0.7643425899377563
500,1.0,0.5781422512021485,0.7064407195026041
1,0.25,0.5272906508671777,0.7469487965891478
2,0.25,0.5556788923559091,0.686893578352812
3,0.25,0.5458327869383874,0.6946212831277359
4,0.25,0.57838556867018,0.7619569179011715
5,0.25,0.6927325687056235,0.7878970881204308
6,0.25,0.28921192799961837,0.631778969327627
7,0.25,0.4486291381353311,0.6820248334097512
8,0.25,0.44956633232567617,0.5616369832985858
9,0.25,0.42912341729645914,0.7465902523739146
10,0.25,0.25755071879839353,0.7379397701180535
11,0.25,0.4390685303214179,0.5909395456971586
12,0.25,0.6155791647584187,0.7158721376320835
13,0.25,0.48794287877478915,0.8037609979874581
14,0.25,0.6507257156431752,0.7505972261246524
15,0.25,0.5455970497842914,0.7381504557793453
16,0.25,0.46858809087378167,0.6271109332253312
17,0.25,0.6387529894299376,0.7880763443491836
18,0.25,0.5041457439545161,0.6308666528059385
19,0.25,0.6712871173601236,0.7378051563814426
20,0.25,0.387256051628526,0.6757883723307937
21,0.25,0.541417553466573,0.7510360500033502
22,0.25,0.28823999452629107,0.5340826701610945
23,0.25,0.650537880414918,0.8007860942128165
24,0.25,0.43758921365863007,0.695395341312479
25,0.25,0.43471575844220095,0.6705536791826293
26,0.25,0.6110488873515237,0.6835318977520597
27,0.25,0.45294765665872705,0.5546425869197618
28,0.25,0.37258625578988336,0.5366359830196156
29,0.25,0.4883169154103518,0.7398764649840152
30,0.25,0.4857814237764922,0.656847575217319
31,0.25,0.5317758039094533,0.6535324760571944
32,0.25,0.623300246925749,0.6848389799277304
33,0.25,0.44506763992233533,0.7350295379207034
34,0.25,0.6704293611810936,0.7369473291539101
35,0.25,0.4311992398302828,0.6706774555883862
36,0.25,0.47130880928492214,0.5270592467010936
37,0.25,0.5655994663957836,0.7001869675384255
38,0.25,0.47479981073247035,0.666842102456795
39,0.25,0.5097016988185105,0.750417267585826
40,0.25,0.5410786712387409,0.7493197112375465
41,0.25,0.4630617083614756,0.6939376868182549
42,0.25,0.5697889550341586,0.714403008743606
43,0.25,0.44370927479130307,0.8026522777728211
44,0.25,0.6118715808889523,0.8033747966754515
45,0.25,0.6094021401496146,0.6858616625919332
46,0.25,0.4546491871729437,0.6782631549063575
47,0.25,0.4862130283256384,0.6217463221976377
48,0.25,0.6055617708174862,0.7274075507815897
49,0.25,0.5503388137355865,0.6836296470261426
50,0.25,0.46448366017982845,0.7699765178510072
51,0.25,0.0,0.7073646539622924
52,0.25,0.4347269078006071,0.5376151013525696
53,0.25,0.48251156750439794,0.7024043472390654
54,0.25,0.6765888267600625,0.8005908744883881
55,0.25,0.5994993776461439,0.7365903063048327
56,0.25,0.7012509010530216,0.8028151793507645
57,0.25,0.48894462235870284,0.6633096547681844
58,0.25,0.3938720638367711,0.6568009307877999
59,0.25,0.5925604365508785,0.7428751727493235
60,0.25,0.5813686806345036,0.6678270798850994
61,0.25,0.5380705410431188,0.6483923160162407
62,0.25,0.6125570076840999,0.7262577931813865
63,0.25,0.5709483664877759,0.6902834757104546
64,0.25,0.4442756852150101,0.7601200133953092
65,0.25,0.4825689212837722,0.6018406868096048
66,0.25,0.4297229476351559,0.6100391901956049
67,0.25,0.48729985358717004,0.6202289016558287
68,0.25,0.5192885803344984,0.742918139568195
69,0.25,0.5731506353205268,0.7861944269523006
70,0.25,0.3871467533186613,0.47089283259006265
71,0.25,0.4203675465792981,0.6830217420014723
72,0.25,0.5175027925196498,0.645509619417105
73,0.25,0.6716171760432366,0.8238256493975342
74,0.25,0.542324674073084,0.7151374241343457
75,0.25,0.3713052848223605,0.6655939528125492
76,0.25,0.6234314003438769,0.7804528532166191
77,0.25,0.40633822520733803,0.6367092086339142
78,0.25,0.5651421819332376,0.6452032717181384
79,0.25,0.49592214199484314,0.7024984262094766
80,0.25,0.537798151389472,0.6308652930575847
81,0.25,0.49762179634110243,0.7076958233754728
82,0.25,0.6465707814324718,0.8530027615413709
83,0.25,0.6030862681369866,0.7705741330970128
84,0.25,0.48749387027660634,0.5685948180967312
85,0.25,0.4562433909377176,0.6679976008078866
86,0.25,0.5015725403964311,0.7350615985660351
87,0.25,0.5537457827895259,0.6197229972223441
88,0.25,0.3163295523688589,0.6947542034622995
89,0.25,0.5181829590284492,0.6407174292683745
90,0.25,0.5197422475377251,0.6550221889759494
91,0.25,0.48016354626843755,0.700438862976985
92,0.25,0.4958458454420933,0.6849673542598153
93,0.25,0.4192344600912589,0.7906399049054954
94,0.25,0.4750411877034192,0.6310699752875881
95,0.25,0.5851663140813315,0.6992548276248232
96,0.25,0.5525445457393767,0.6713183148981821
97,0.25,0.4587207508738385,0.6429230951708687
98,0.25,0.44032687287187866,0.6223284146948422
99,0.25,0.4813664107032881,0.6325412670811407
100,0.25,0.5470508876235709,0.6238764612555
101,0.25,0.5487413196626643,0.6978114377763794
102,0.25,0.4888256201512133,0.7266298159711782
103,0.25,0.5525917190353643,0.7080979304025972
104,0.25,0.4483298260071006,0.6367008539135635
105,0.25,0.5817436598285647,0.751263674718409
106,0.25,0.5995540317043639,0.7341435086664242
107,0.25,0.5276858090290626,0.7510422062049156
108,0.25,0.6294933944021096,0.7409069183565974
109,0.25,0.5771129933300201,0.7808369577155524
110,0.25,0.5507162697575614,0.7136154210587263
111,0.25,0.5063353979962819,0.6729661055041761
112,0.25,0.31323090676934917,0.6737783000174796
113,0.25,0.33785196824999775,0.7725666576541795
114,0.25,0.3744241111133807,0.6046661762956068
115,0.25,0.3900161630657988,0.7197307710008723
116,0.25,0.4598691329144132,0.6878971446209964
117,0.25,0.6524821622403695,0.760353192511598
118,0.25,0.6047435100689205,0.6575441778299073
119,0.25,0.5362107812871295,0.7306855883480315
120,0.25,0.6904953110340902,0.764825276715343
121,0.25,0.48888360138969444,0.710602415636635
122,0.25,0.5320206947014555,0.8240657866836187
123,0.25,0.42823981394299027,0.6739122437259488
124,0.25,0.3764032790667902,0.7157652335690766
125,0.25,0.40352509872494796,0.7502158058869525
126,0.25,0.5441873223031997,0.7637078167652709
127,0.25,0.5012416771446168,0.6333124041169125
128,0.25,0.46724234735689446,0.7627635909298429
129,0.25,0.33896084408557564,0.7540292339333631
130,0.25,0.21741332493711432,0.83185718496724
131,0.25,0.6401555708766932,0.7282378326732705
132,0.25,0.2561613473208694,0.6340886809479096
133,0.25,0.5567122689718814,0.6536091472765098
134,0.25,0.49273582740731214,0.6430161911890838
135,0.25,0.5276558150847537,0.6227932929050258
136,0.25,0.3783578756588386,0.5158825451033514
137,0.25,0.6398710251619987,0.7542780900121224
138,0.25,0.5572009414689463,0.7664242678094839
139,0.25,0.5466383970701975,0.7429735548565914
140,0.25,0.6746215814767623,0.799361112863741
141,0.25,0.5590397027452333,0.6851179049244648
142,0.25,0.5833890306715167,0.6862299007118506
143,0.25,0.4967516871412727,0.6128769223965114
144,0.25,0.5782270618651514,0.7791084264859351
145,0.25,0.5900923263043157,0.6923957057806388
146,0.25,0.4740702666374954,0.6560234890658448
147,0.25,0.4716911178363584,0.6735165605680943
148,0.25,0.39412260401575977,0.6624793802006074
149,0.25,0.42768954167778295,0.6715902217141441
150,0.25,0.6150250273203944,0.7286172515416524
151,0.25,0.4292448138594623,0.6666480541381778
152,0.25,0.48793727204990506,0.6784491110109029
153,0.25,0.4579018785119606,0.625097176768728
154,0.25,0.49627066035318895,0.6160615031367287
155,0.25,0.46122885028128147,0.7295527856846642
156,0.25,0.21397054611379834,0.7518039927384523
157,0.25,0.5165797965005975,0.6987280806575696
158,0.25,0.39029033641579247,0.57103362317995
159,0.25,0.4906703753586713,0.6579249129004332
160,0.25,0.5054918740079923,0.6219705530895333
161,0.25,0.4960966198631525,0.7201494247565875
162,0.25,0.4782622934236667,0.5946824274484579
163,0.25,0.3444891475451252,0.5707976112089213
164,0.25,0.4588351865810802,0.6936817365699603
165,0.25,0.4468546425927747,0.7677252379561964
166,0.25,0.48295629402838675,0.5874412444706006
167,0.25,0.5108743589086808,0.5933374907824215
168,0.25,0.5118928580026567,0.6822083182554296
169,0.25,0.5478909764581485,0.7166269009422823
170,0.25,0.27340300339645546,0.517041473280345
171,0.25,0.44612372640827314,0.6339718560224982
172,0.25,0.461530158230055,0.6743036148004271
173,0.25,0.5115273606685459,0.8391575172812739
174,0.25,0.5027731567206773,0.8349499008422482
175,0.25,0.20121215701139497,0.6432069733081756
176,0.25,0.5695511183789009,0.6516979563099069
177,0.25,0.4668059764958721,0.6105264763392877
178,0.25,0.43079004452548936,0.6422948506343463
179,0.25,0.45201575412995737,0.7735383008035428
180,0.25,0.388085782812799,0.6900318919805849
181,0.25,0.6072039013635467,0.7524985928542189
182,0.25,0.3720511301053448,0.6061685877561559
183,0.25,0.4368824225468185,0.5339000936142192
184,0.25,0.4637819447648945,0.7490546867738389
185,0.25,0.5039068659020729,0.6120881613863358
186,0.25,0.450336565022259,0.6137965013795812
187,0.25,0.6039213330782782,0.6928260419612886
188,0.25,0.4351260728757352,0.5976984799490888
189,0.25,0.50108686660999,0.6747018326609685
190,0.25,0.46605788457927927,0.6886237934161434
191,0.25,0.5503179305156389,0.7491311800167415
192,0.25,0.5135543919155887,0.724099855195762
193,0.25,0.5947452838586659,0.6865729206844545
194,0.25,0.4958991535737346,0.6275440000595058
195,0.25,0.5450229165329319,0.6464518091190311
196,0.25,0.3429930071788846,0.5531941336944908
197,0.25,0.6198342492972272,0.7256222048870457
198,0.25,0.5506366611379266,0.8148648470467075
199,0.25,0.4936976984226971,0.7103227617393945
200,0.25,0.612851145595746,0.69973684335632
201,0.25,0.6071479859460892,0.7834316050195896
202,0.25,0.32857713422461565,0.6597472432493277
203,0.25,0.3713106256896759,0.5987276267723373
204,0.25,0.396261113045427,0.6573306295981722
205,0.25,0.3738346415811916,0.5652058221498129
206,0.25,0.4302099594321228,0.6982247276360604
207,0.25,0.3690192719643998,0.6198615662729394
208,0.25,0.3497700371624374,0.5663979139266442
209,0.25,0.6109376668204136,0.7091968645795999
210,0.25,0.5638577522515082,0.650100101778231
211,0.25,0.0,0.6948712047610804
212,0.25,0.37778616826947764,0.5861506423622102
213,0.25,0.633200743404383,0.72286996550296
214,0.25,0.49318187777289235,0.6488356334672193
215,0.25,0.5041257061488574,0.7329813828656717
216,0.25,0.5038095854718017,0.5706498798683567
217,0.25,0.4372984874544871,0.7737293677377801
218,0.25,0.43125570183531675,0.711525408309356
219,0.25,0.440397527193203,0.6162052370699481
220,0.25,0.39224922437539306,0.7232489354311706
221,0.25,0.6068198896454166,0.7139452511798466
222,0.25,0.46867116490651045,0.6056924895145213
223,0.25,0.49640719397692146,0.5937752572678675
224,0.25,0.2717095394699459,0.7129805913234641
225,0.25,0.45421011548537643,0.7122483985040228
226,0.25,0.603598147810634,0.7602693935195866
227,0.25,0.450331126407158,0.6187330286919481
228,0.25,0.568202576079766,0.7225191499713469
229,0.25,0.4853120189616601,0.6484601835056527
230,0.25,0.4889569726866813,0.6067524343213383
231,0.25,0.37375809353545564,0.7857214723066199
232,0.25,0.4481203471217172,0.7720189798430305
233,0.25,0.4869164408371549,0.7108257418944056
234,0.25,0.5933168799903425,0.6950562620835319
235,0.25,0.46738448447124814,0.6486739883607077
236,0.25,0.5142552875681043,0.6898395838177482
237,0.25,0.46770600358716097,0.6376599199087125
238,0.25,0.5852438874133581,0.6815084786021758
239,0.25,0.4997847403022555,0.7283132375316955
240,0.25,0.6015211229658528,0.7377337834179357
241,0.25,0.4565652318082719,0.676613630380643
242,0.25,0.5666402184297171,0.7897793190027628
243,0.25,0.29094418085495494,0.7103272299232594
244,0.25,0.6540900386171097,0.7673634870534565
245,0.25,0.592428470890744,0.6834090215623048
246,0.25,0.517723880037952,0.7458831817110892
247,0.25,0.4344160379738959,0.6135720434152354
248,0.25,0.49715035049316925,0.6788451238743454
249,0.25,0.6344835824997042,0.7919462939199369
250,0.25,0.595361055565115,0.7060233178595553
251,0.25,0.34548631764434695,0.6678110710919404
252,0.25,0.39774922619648695,0.557498781964492
253,0.25,0.44998462327279304,0.5888671686792862
254,0.25,0.14343941430348967,0.5996598948172044
255,0.25,0.4381143045452976,0.6815463710539689
256,0.25,0.42242066480962004,0.693166805196214
257,0.25,0.5443917438596642,0.7197179261162961
258,0.25,0.5713360311934688,0.8565788041621304
259,0.25,0.4986493264184933,0.7015934477824215
260,0.25,0.5904494434437245,0.7368000981721514
261,0.25,0.6974484617541122,0.7719534227908099
262,0.25,0.595680383278533,0.7239131631142602
263,0.25,0.5798877126066667,0.8352541910465138
264,0.25,0.6523042765363192,0.8982247962436753
265,0.25,0.6214911504190865,0.8195245861024197
266,0.25,0.4985303580061477,0.6136470402873501
267,0.25,0.38198330984570317,0.5718013797240872
268,0.25,0.0,0.7115432412677516
269,0.25,0.6116898478215855,0.7795351394682519
270,0.25,0.49379464660144073,0.6642599752681212
271,0.25,0.5078107375146284,0.7057316610945746
272,0.25,0.5190131831229456,0.6997004350853218
273,0.25,0.30758271289702366,0.626422310031304
274,0.25,0.4829998187417694,0.6061142059020425
275,0.25,0.5586744684111986,0.6039002708758975
276,0.25,0.28410679949711765,0.7444719291040051
277,0.25,0.2878191802109498,0.7348671517060428
278,0.25,0.3141526728094546,0.7431814808369706
279,0.25,0.5139236039593258,0.6821872778657414
280,0.25,0.6261610323260909,0.7533628104371975
281,0.25,0.324411153103297,0.6099943830789423
282,0.25,0.43952366376168406,0.6286839750634955
283,0.25,0.6052265533960337,0.7453460007589962
284,0.25,0.6202200084669043,0.7405697243386635
285,0.25,0.5064521882234255,0.6253457591524325
286,0.25,0.46165631533590923,0.6806814342740085
287,0.25,0.45783433989344824,0.5454681725320293
288,0.25,0.3343622111884831,0.5572217506460244
289,0.25,0.5506495397607724,0.7081762211272138
290,0.25,0.5474472984217704,0.6423939875096887
291,0.25,0.33353281635596976,0.7136828568202256
292,0.25,0.5522390656877337,0.6767869019411634
293,0.25,0.4744909246929624,0.7449119268191119
294,0.25,0.19633913679606854,0.7655989098665587
295,0.25,0.43966952166471757,0.7306501619607637
296,0.25,0.4499865481292521,0.7192972677789362
297,0.25,0.47704020999541435,0.5310822580411809
298,0.25,0.5121889579312965,0.704770719147017
299,0.25,0.5419400894227338,0.6756589185546059
300,0.25,0.4388876585734508,0.6676839267821368
301,0.25,0.5472756811982938,0.7068729661743257
302,0.25,0.5165834634108105,0.5913236812696145
303,0.25,0.38218876427913456,0.6759669215476445
304,0.25,0.6046998829799912,0.8234504153215535
305,0.25,0.5503684647399562,0.796158020640731
306,0.25,0.47826887322908807,0.559363953638933
307,0.25,0.49855382127422065,0.7277433480134649
308,0.25,0.26055616757306865,0.6633568077830855
309,0.25,0.5816603796641705,0.7599854782579323
310,0.25,0.4970329462825854,0.6630672056330372
311,0.25,0.4888765110910539,0.7406859366566095
312,0.25,0.5013477569758195,0.6390540797344171
313,0.25,0.5431483546134316,0.7343778349168326
314,0.25,0.3462289298005386,0.6984966756740785
315,0.25,0.5149220387876433,0.7906739555006166
316,0.25,0.6816153050924004,0.8058750498331203
317,0.25,0.5028606382131579,0.7280053380838244
318,0.25,0.37124670203665394,0.5059812831324579
319,0.25,0.5299219739051221,0.7924206952351508
320,0.25,0.3779352529114154,0.6519470211662682
321,0.25,0.6444362264335776,0.7265821992751391
322,0.25,0.6627059582015177,0.8569306003859691
323,0.25,0.5783145697928598,0.7047288322871376
324,0.25,0.5512285428860032,0.6457924331967718
325,0.25,0.4831218558936136,0.7112734159875126
326,0.25,0.5205965840075617,0.7286026969984835
327,0.25,0.5369309534494252,0.6870972299766055
328,0.25,0.4888729662121347,0.7325820776403906
329,0.25,0.4378665113542559,0.717230746879481
330,0.25,0.360426487120236,0.6024890352216181
331,0.25,0.4810146011525721,0.61050664808182
332,0.25,0.44227562961753897,0.5835184395465693
333,0.25,0.3145521788488103,0.7036748385648353
334,0.25,0.48107637033817896,0.670617168958095
335,0.25,0.438357621188244,0.5184873145830557
336,0.25,0.51327109701071,0.6087171754438945
337,0.25,0.4987761100134499,0.6117180306121888
338,0.25,0.5278839945279662,0.7700024943197218
339,0.25,0.5046619664693127,0.6089483393363659
340,0.25,0.4831035446312162,0.6651760264705263
341,0.25,0.5506336490969035,0.7350315822050428
342,0.25,0.5329465535178002,0.6583467672376593
343,0.25,0.5023164974511284,0.6711373360035777
344,0.25,0.5345215250210011,0.6376938795047391
345,0.25,0.42165441031296635,0.6632421969247146
346,0.25,0.6017234364663466,0.6597663879376049
347,0.25,0.0,0.7530827260700848
348,0.25,0.6124973895199167,0.7414551880701982
349,0.25,0.5559563983274843,0.7790154759296912
350,0.25,0.4566754090173606,0.6368924880749749
351,0.25,0.576399813447336,0.7028744210254865
352,0.25,0.5698969845968322,0.6817933905121177
353,0.25,0.576946339330421,0.7512988702777375
354,0.25,0.45469035982373895,0.6993756085330026
355,0.25,0.6536255210356563,0.7616303294512544
356,0.25,0.40864764446108537,0.6710911797838203
357,0.25,0.5664062442982172,0.6948191574814369
358,0.25,0.3942130148629632,0.6336316039153558
359,0.25,0.4607663530573916,0.6053337138264656
360,0.25,0.3944562337774547,0.782299380836451
361,0.25,0.6264133494988102,0.6880606911973639
362,0.25,0.4952729734299333,0.7488079761526254
363,0.25,0.4822578970174332,0.6908312839166393
364,0.25,0.5743070840069601,0.7453115991112175
365,0.25,0.45917155471749227,0.6715393896457282
366,0.25,0.45861208292952743,0.7190513997731391
367,0.25,0.4938350410285263,0.5999700499174159
368,0.25,0.4309637159430746,0.5949341457848193
369,0.25,0.4042446898270194,0.6238636513564975
370,0.25,0.26502231368816564,0.7336611867041409
371,0.25,0.5421235245504341,0.6317990974571464
372,0.25,0.5085800158275263,0.7157104116797207
373,0.25,0.5142071005266432,0.6573808859499085
374,0.25,0.44066688284070404,0.7129735986717523
375,0.25,0.38296739735220725,0.5519357353456369
376,0.25,0.6333595962062096,0.7981810188258152
377,0.25,0.4088427708404693,0.6620584648570265
378,0.25,0.44406831952828646,0.7714274366535604
379,0.25,0.48752723217753235,0.6642096905113132
380,0.25,0.4386714089275867,0.6123781556243874
381,0.25,0.46756429799921306,0.7264249817423006
382,0.25,0.5263052049133417,0.735916808184028
383,0.25,0.5993962667558258,0.8353046720785979
384,0.25,0.38679031727349195,0.638618538005999
385,0.25,0.31513770850770667,0.6727736826247399
386,0.25,0.575919936180195,0.7167868803078272
387,0.25,0.5941129206932393,0.7494691152711611
388,0.25,0.46689861823567375,0.6337649179919885
389,0.25,0.49407143469819886,0.7382864626671157
390,0.25,0.40159355756004717,0.689488237193134
391,0.25,0.4864057729655768,0.5544134483424293
392,0.25,0.610303944233442,0.7505455874309993
393,0.25,0.5120819146402827,0.7198201926486131
394,0.25,0.5619661386984958,0.6798479176130979
395,0.25,0.2549674625981408,0.7249578663240068
396,0.25,0.44685409478656735,0.658656682697678
397,0.25,0.612014467240716,0.7207906903930369
398,0.25,0.39891299757201687,0.6970432777795543
399,0.25,0.5917908734604048,0.8094043590969529
400,0.25,0.4237919680423623,0.6688962329569812
401,0.25,0.5057090417059669,0.6377455300000484
402,0.25,0.6127963822932687,0.735100466368868
403,0.25,0.6025149970025266,0.79118459454914
404,0.25,0.4710169749265956,0.5806410505324259
405,0.25,0.5394279814464271,0.6744302101919721
406,0.25,0.4578386836058782,0.49067387070164964
407,0.25,0.5161496785199173,0.7577325288669116
408,0.25,0.3580305783847321,0.6659536575745778
409,0.25,0.54545510685943,0.7279036746720489
410,0.25,0.3707474404686372,0.6985327982095357
411,0.25,0.44093762386820806,0.6217806371426965
412,0.25,0.41401945980558286,0.6827520909953622
413,0.25,0.6176060897157831,0.8238943346105861
414,0.25,0.45629436188589717,0.6574464263516716
415,0.25,0.692391453784053,0.8603707715790825
416,0.25,0.4634056836466435,0.6380272530270691
417,0.25,0.3896178515796971,0.71646793573394
418,0.25,0.4506129758556829,0.6609497853458575
419,0.25,0.6059452195854506,0.7776581272855888
420,0.25,0.5102039430134689,0.6902379983576447
421,0.25,0.5447501201975902,0.6151137528641303
422,0.25,0.5340179970058387,0.6290220811471516
423,0.25,0.4444305040068482,0.6854975943170932
424,0.25,0.5479354922250911,0.7130042323258075
425,0.25,0.5220641636216021,0.6892115215410827
426,0.25,0.45207613400637525,0.621174714130934
427,0.25,0.5732217294100376,0.7595903630428665
428,0.25,0.4734290629788812,0.6710329144071271
429,0.25,0.43667978499756765,0.6384351597811824
430,0.25,0.33133824456748,0.7232389211062202
431,0.25,0.5334095334659855,0.6834555601945325
432,0.25,0.4950566620575844,0.7761162655978824
433,0.25,0.45412479054051386,0.6673966986581916
434,0.25,0.43465326972238033,0.6634722186845451
435,0.25,0.33067433574348537,0.7520724048029662
436,0.25,0.44939807855151065,0.6831182787273269
437,0.25,0.38882959111757065,0.5873610227332238
438,0.25,0.6326661417231224,0.7826486590893555
439,0.25,0.562806645598631,0.7567928045316696
440,0.25,0.554228655048679,0.7285869557424763
441,0.25,0.4883076288029018,0.6873434935101508
442,0.25,0.4144050247468592,0.6256048472242002
443,0.25,0.5066897863071879,0.6647738942374929
444,0.25,0.7013371856573479,0.8745699817772324
445,0.25,0.4806000748380797,0.635326371434291
446,0.25,0.5266321733234491,0.7216728156561935
447,0.25,0.5443912799074382,0.6195046794472434
448,0.25,0.48126070107349916,0.6640584362040908
449,0.25,0.6071442461366174,0.7455974736061844
450,0.25,0.38730832379459557,0.5235224573572062
451,0.25,0.4886417104828533,0.6419822262242212
452,0.25,0.40048292086604037,0.5799596440687584
453,0.25,0.5717031716287726,0.7015838463937618
454,0.25,0.527185545325687,0.7609924273943802
455,0.25,0.374136366644238,0.6567696419378722
456,0.25,0.399185350999404,0.6149628816165502
457,0.25,0.6153829773515395,0.7245170279672134
458,0.25,0.5352950271968896,0.7412740391390574
459,0.25,0.5535065501717896,0.7474966391884513
460,0.25,0.5496727538348632,0.6988258503471486
461,0.25,0.5555549404089866,0.6533709244115462
462,0.25,0.5619522789438773,0.7509512343861757
463,0.25,0.4270810788962474,0.6464043251099412
464,0.25,0.32502028816142575,0.7134521616692591
465,0.25,0.6103304038936606,0.6598279363228684
466,0.25,0.49773245484062206,0.7659275757540367
467,0.25,0.3707360846461456,0.6334929379912194
468,0.25,0.6027722282516953,0.7556933758253324
469,0.25,0.4928342008154809,0.6005247078259331
470,0.25,0.467015591394639,0.597991212489564
471,0.25,0.44950674136865015,0.5488314210578985
472,0.25,0.5669608621110642,0.617331878038989
473,0.25,0.594970435310998,0.6718854975891081
474,0.25,0.4370204357078654,0.5663373041275477
475,0.25,0.5337154889588933,0.7088709333370116
476,0.25,0.470778776759147,0.628807155634317
477,0.25,0.5859612598990401,0.7178999529806491
478,0.25,0.6002523403681467,0.7075976046900222
479,0.25,0.5947765213818043,0.6894134001988081
480,0.25,0.4444640323394339,0.6272175281854009
481,0.25,0.3409139408314538,0.6239177954787892
482,0.25,0.435831724233675,0.560912888048642
483,0.25,0.3558736657750472,0.5795952773832969
484,0.25,0.48841221718605354,0.7725688898752117
485,0.25,0.5475268868504148,0.7062422249375844
486,0.25,0.5256389892600805,0.6790056212794495
487,0.25,0.3913778396184305,0.7132485830481566
488,0.25,0.4973790204281515,0.6383165782046853
489,0.25,0.0,0.6856779633088285
490,0.25,0.5136397150713748,0.7933202199365582
491,0.25,0.38350732288481165,0.6564791670743642
492,0.25,0.556211395156873,0.6513762627353337
493,0.25,0.54126762138803,0.6138124757426517
494,0.25,0.5832139764576588,0.64594098019697
495,0.25,0.5977504166902082,0.6703058074405401
496,0.25,0.612482907462536,0.7124263781485027
497,0.25,0.38066864684043583,0.7084879649020935
498,0.25,0.4152089989838006,0.5607631157372258
499,0.25,0.46964734201950137,0.7544673751229967
500,0.25,0.4891272771173289,0.6741105483885156
1,0.3,0.6940570149553922,0.6940570149553922
2,0.3,0.5108249930921797,0.6905558925069254
3,0.3,0.5183531124236271,0.757735220780673
4,0.3,0.5457551081227046,0.679505828376687
5,0.3,0.3155476709382176,0.5965820978579149
6,0.3,0.32137146390177057,0.5359328456105555
7,0.3,0.5656567945152424,0.7470009656972723
8,0.3,0.5931849526791595,0.7046593204054847
9,0.3,0.46828684116751135,0.6200611883622409
10,0.3,0.5033333642647333,0.6139381334616676
11,0.3,0.6546676352569967,0.7487237787964188
12,0.3,0.3951653577298904,0.6384298803830635
13,0.3,0.4368657790120358,0.6624187317718943
14,0.3,0.3890215907425621,0.7645349474391685
15,0.3,0.5224708677594131,0.5752767426837239
16,0.3,0.4407550045431019,0.6150646404220074
17,0.3,0.37288716845299974,0.7343265595822683
18,0.3,0.5192768561960595,0.6786994214309559
19,0.3,0.5520415645164691,0.6633605632178621
20,0.3,0.5033189213833499,0.6453891719264437
21,0.3,0.40259098449521025,0.6662218930254795
22,0.3,0.5667069941040711,0.6816962857914477
23,0.3,0.6038593517741174,0.7726554298328953
24,0.3,0.16569390945643905,0.5854003991809258
25,0.3,0.561014379529643,0.7444557125061395
26,0.3,0.4929609812248149,0.6508313182752578
27,0.3,0.5686381766122984,0.6547586679519054
28,0.3,0.4325876134024305,0.7279519918959283
29,0.3,0.6037265167017671,0.8614283943305762
30,0.3,0.4898139879008237,0.7522713294543331
31,0.3,0.6053329192312423,0.8001635933916547
32,0.3,0.5249893535853346,0.7700226014549926
33,0.3,0.3758534158752854,0.6892675356813385
34,0.3,0.514752400256282,0.6213739677100888
35,0.3,0.5450252605868241,0.7662286899945826
36,0.3,0.5055236264669122,0.7515956782711373
37,0.3,0.0,0.7523060242156547
38,0.3,0.42157970851456833,0.6909642914305625
39,0.3,0.542021296484947,0.650008385562093
40,0.3,0.450425439600468,0.542933298415493
41,0.3,0.38732397495448795,0.6071102582184779
42,0.3,0.6568350089985554,0.8410617496544703
43,0.3,0.5426357251704458,0.7295697726422894
44,0.3,0.5585813545841737,0.6361392826400577
45,0.3,0.4398054820800229,0.695563783376834
46,0.3,0.5683042212223431,0.6554149226045703
47,0.3,0.33540890334092327,0.6832316997397304
48,0.3,0.5955621590106843,0.7403269268528387
49,0.3,0.49411171531990683,0.7904019556203431
50,0.3,0.5255918676326442,0.6594534759914602
51,0.3,0.4322575880412516,0.5645612274509294
52,0.3,0.4443192818159721,0.6299379698322742
53,0.3,0.48239817827839443,0.6432505467984378
54,0.3,0.4886430560554742,0.6702083712221101
55,0.3,0.575469575953494,0.7357478172643761
56,0.3,0.44154879455734536,0.6104407879180574
57,0.3,0.6453569391048337,0.7620331249266598
58,0.3,0.32784418998502,0.6818327015830412
59,0.3,0.4953703119366742,0.70763885985527
60,0.3,0.6030821781531354,0.6909170296775166
61,0.3,0.6030305619153186,0.7143623153599349
62,0.3,0.4980243837745869,0.7915268387932347
63,0.3,0.5711067434342469,0.6792744371476724
64,0.3,0.4846630763915617,0.5833381535069946
65,0.3,0.30736164378302755,0.7167925772977015
66,0.3,0.553923456700114,0.7021991346968499
67,0.3,0.5094757949654838,0.6497118269014525
68,0.3,0.6141785508707914,0.7382009849956247
69,0.3,0.3913048916280206,0.6441021339821201
70,0.3,0.5610274890645519,0.7458494662600195
71,0.3,0.46942188505813043,0.6536528366311989
72,0.3,0.4232175599673453,0.5297120975918412
73,0.3,0.512510541236164,0.6987929658006432
74,0.3,0.5574796700604999,0.6816665284190512
75,0.3,0.4617708255713627,0.6256502821738544
76,0.3,0.47368717900330376,0.6197545458932101
77,0.3,0.5223957510859927,0.7564138898352211
78,0.3,0.44780982708055445,0.717581884474037
79,0.3,0.45538993233533787,0.5974572113885276
80,0.3,0.7276759738142237,0.8861631026680582
81,0.3,0.5695033748485054,0.7210575451991649
82,0.3,0.3629170219163368,0.5749511440535127
83,0.3,0.31038775648435296,0.605639674842084
84,0.3,0.4992414213459235,0.6251093697724501
85,0.3,0.6502089098800875,0.7433858366755115
86,0.3,0.28086735745210695,0.7685637867896556
87,0.3,0.2511249145605382,0.8198537292596497
88,0.3,0.5986302104774134,0.765215426835611
89,0.3,0.4479546385135679,0.7075236503504843
90,0.3,0.5044219651101095,0.6986670394350664
91,0.3,0.28255020538769704,0.652748596979469
92,0.3,0.4860072490657301,0.6479303279686914
93,0.3,0.45223133900886614,0.7076566462212283
94,0.3,0.5706502479913849,0.7655436940195612
95,0.3,0.5681118513818912,0.7530608410671873
96,0.3,0.6149855064992669,0.7875958997615553
97,0.3,0.5542757927391261,0.7552809404102161
98,0.3,0.5398129960410063,0.6975126875904353
99,0.3,0.5004765535590319,0.76726728875618
100,0.3,0.5526130604508834,0.7717418904585608
101,0.3,0.5362565847182224,0.6625114387398192
102,0.3,0.5778420653416456,0.683500501685902
103,0.3,0.6039574292804593,0.7431694208399284
104,0.3,0.6536101705100746,0.7099589517395266
105,0.3,0.5770956332012077,0.7107222356723801
106,0.3,0.44262889060974964,0.721718078924961
107,0.3,0.33789267503642223,0.7463525108162102
108,0.3,0.43979715378275713,0.6380060506060291
109,0.3,0.37629932493288043,0.6800897008686301
110,0.3,0.26405457109267116,0.6813428681333414
111,0.3,0.5475045012162555,0.6940565278018986
112,0.3,0.43586899055422457,0.5300946227931262
113,0.3,0.5834207157022643,0.6913285588792367
114,0.3,0.5724981583199783,0.628301659980574
115,0.3,0.5605767670234992,0.7369526687848061
116,0.3,0.3894103395680129,0.669262969634938
117,0.3,0.4600046020604391,0.7423276861191034
118,0.3,0.48971741316680373,0.5962293641769311
119,0.3,0.5580940712442585,0.7174054299977549
120,0.3,0.32833454896517433,0.6541401599260133
121,0.3,0.567078601249888,0.7053219240569528
122,0.3,0.5679666004236408,0.6594767082454885
123,0.3,0.44853091417345664,0.670528948819459
124,0.3,0.44449644831854446,0.5242458350739079
125,0.3,0.48880443324877343,0.746012100307273
126,0.3,0.5681855507613158,0.7108305207736323
127,0.3,0.46564926197765283,0.6221036795442232
128,0.3,0.49220056733385903,0.6769975001289671
129,0.3,0.4007882514097481,0.7017287355123472
130,0.3,0.562277281770356,0.7682343854044072
131,0.3,0.5734163884009459,0.767940977485219
132,0.3,0.4325926164736584,0.6442008666929501
133,0.3,0.45863850848257603,0.5683937747424833
134,0.3,0.6898289368239813,0.8007838938733528
135,0.3,0.6023938943215444,0.7229442276106105
136,0.3,0.42691497521556626,0.6581463461493461
137,0.3,0.5939036377167494,0.6893593305930674
138,0.3,0.491914461758171,0.65938329588793
139,0.3,0.5641497487645651,0.735437788127817
140,0.3,0.3474417075026868,0.6211655365548919
141,0.3,0.6185452139850321,0.7266966497866346
142,0.3,0.5661995319997433,0.7949631508119198
143,0.3,0.5444964497264825,0.694542202798837
144,0.3,0.581290095137054,0.7087883810576984
145,0.3,0.5098382035678873,0.6605487490277875
146,0.3,0.49054115058074343,0.7177429996849566
147,0.3,0.4325875821304441,0.6772985536516568
148,0.3,0.4512530422872061,0.49442237787114834
149,0.3,0.5217154815234024,0.7323865369771759
150,0.3,0.4720024207510736,0.7231296673348766
151,0.3,0.6324375184545886,0.7492081912893581
152,0.3,0.5422941894199841,0.7018173105415647
153,0.3,0.4347153336860311,0.6835061052073956
154,0.3,0.6996065687432816,0.8231501661352884
155,0.3,0.563514005854753,0.6327076923260609
156,0.3,0.38173107616653723,0.488971498125883
157,0.3,0.5584128279906189,0.6698703223188871
158,0.3,0.4506912215791758,0.5639969881522566
159,0.3,0.3124929600534924,0.7368599751844916
160,0.3,0.556120859569875,0.68917577473008
161,0.3,0.6012680980773617,0.7350131213120511
162,0.3,0.5681509267128799,0.771602874858588
163,0.3,0.5063140493495292,0.5802598575472523
164,0.3,0.5182923053825763,0.6933497177861969
165,0.3,0.5242890746730443,0.7141653018048643
166,0.3,0.6338785631558566,0.7710476715819087
167,0.3,0.5541781818532568,0.6760417289652434
168,0.3,0.5085486105287879,0.751969804828968
169,0.3,0.4821236648638088,0.6138826162145998
170,0.3,0.48430448012476185,0.671359802140534
171,0.3,0.32320427905256505,0.6844744505934485
172,0.3,0.4821924880428523,0.5915521818928254
173,0.3,0.39917431488511507,0.6104907084010238
174,0.3,0.5801520100265537,0.7571565318661087
175,0.3,0.5141279304659081,0.7379557488008948
176,0.3,0.6567281536118926,0.79134172739956
177,0.3,0.3918513419523734,0.6502264749892432
178,0.3,0.27693783243953995,0.6210090902639283
179,0.3,0.44653688067660674,0.6625899230768015
180,0.3,0.6665478325199976,0.8056233903711462
181,0.3,0.37768240712857976,0.6507310056222774
182,0.3,0.3844765384104954,0.5154592609423231
183,0.3,0.3789915457936469,0.6223815837549137
184,0.3,0.47155481635246027,0.6872389820003085
185,0.3,0.4448951799919008,0.7736142889118445
186,0.3,0.5518287050899685,0.7725524339792366
187,0.3,0.5072685060601386,0.7952080424331169
188,0.3,0.452202472624571,0.5884959085055198
189,0.3,0.5064060734843404,0.7185430894822767
190,0.3,0.49881197785678766,0.6344452650283127
191,0.3,0.445241594255129,0.6576648339914813
192,0.3,0.43412839661749963,0.5700488903109789
193,0.3,0.5839755917435944,0.7309415454887375
194,0.3,0.44847275511422635,0.5624806766653395
195,0.3,0.5177381439130507,0.7317207892096178
196,0.3,0.4603332212064796,0.7113928777516974
197,0.3,0.5751315514157235,0.7479169860577143
198,0.3,0.4952892616406901,0.6222943925989426
199,0.3,0.31209809999190163,0.6402102507256832
200,0.3,0.565146649112366,0.7041501091024793
201,0.3,0.48001594242210216,0.6187870430959288
202,0.3,0.46852485866889587,0.6166765894469209
203,0.3,0.5120663996363956,0.6286060663082017
204,0.3,0.5089588945272286,0.7421297747921833
205,0.3,0.5219196979976779,0.710816761238736
206,0.3,0.3092291981137589,0.6232757353942195
207,0.3,0.4715063608721795,0.6624282632366315
208,0.3,0.4386169258584772,0.7304799569602891
209,0.3,0.5960949185734945,0.7538881227407304
210,0.3,0.594083983395595,0.7380254281191339
211,0.3,0.6206841984554122,0.7620678790658235
212,0.3,0.4062578875156175,0.6249426756090012
213,0.3,0.4940252540864365,0.6660972244028801
214,0.3,0.6007925833868046,0.7568319991504574
215,0.3,0.6384699007489941,0.7578849055341618
216,0.3,0.3322737891425745,0.6364151123031351
217,0.3,0.6547648600532856,0.8145241744791317
218,0.3,0.5677402762125316,0.6224175858107465
219,0.3,0.4196709732548999,0.5932352357683214
220,0.3,0.5803038878524055,0.6752380470866962
221,0.3,0.27261536371880307,0.6170954249924414
222,0.3,0.525685895102689,0.6485919134732265
223,0.3,0.38181513596546035,0.6977587555996094
224,0.3,0.5610109579377386,0.6525264589978084
225,0.3,0.5269066180976018,0.6523401451869878
226,0.3,0.32725323978162346,0.5744713990492755
227,0.3,0.44948682879040563,0.7684938679634731
228,0.3,0.6017691965703305,0.7904383063279157
229,0.3,0.6605227650382434,0.7866012642667808
230,0.3,0.6110789926735728,0.6505335581997085
231,0.3,0.3085624331452653,0.6070760969099166
232,0.3,0.3661770176311807,0.7130169266983475
233,0.3,0.30877056095345573,0.7345272321955296
234,0.3,0.4809717002293111,0.682337642435524
235,0.3,0.3746379936092678,0.6920050489638991
236,0.3,0.4237124883218086,0.8109665123623712
237,0.3,0.43682694666963734,0.6742847376320841
238,0.3,0.31692516970350126,0.7034049687895267
239,0.3,0.46547280044825773,0.6647984962884105
240,0.3,0.418754186434149,0.5644099916041688
241,0.3,0.44071195184235357,0.7180575618672723
242,0.3,0.4391031576598642,0.6081403022498335
243,0.3,0.5374400139486063,0.7039116132157662
244,0.3,0.4592684752288888,0.6306488898518797
245,0.3,0.5389387876252136,0.6688274770120015
246,0.3,0.500089191923101,0.697671815942747
247,0.3,0.5044227548646969,0.6605376319150368
248,0.3,0.3242907918919683,0.6874458769262939
249,0.3,0.43574357497959737,0.6048903049795114
250,0.3,0.4083450768819481,0.6122463134781129
251,0.3,0.5661502117093604,0.7970180920301695
252,0.3,0.5067184424676959,0.7015315626491454
253,0.3,0.5113981678635879,0.6330059652345051
254,0.3,0.5245411491235568,0.7082850503080038
255,0.3,0.3829599554906709,0.6087477484736621
256,0.3,0.5859227871924562,0.7527248289102194
257,0.3,0.4513880401208947,0.6747309298760251
258,0.3,0.3958270150439699,0.6811890989411138
259,0.3,0.548644513563019,0.771440340035405
260,0.3,0.5342304093649001,0.559518907120718
261,0.3,0.30019226759044754,0.7017164540513565
262,0.3,0.5429983039742534,0.6164742280367322
263,0.3,0.3142716341216203,0.6439188124732982
264,0.3,0.3407902168813317,0.724613050742032
265,0.3,0.508508314616633,0.6984461507074272
266,0.3,0.5457398991753017,0.6916254344757118
267,0.3,0.5337578912372174,0.6704536715395388
268,0.3,0.37840409112252904,0.5924941719244189
269,0.3,0.5396151827178995,0.6257529138604985
270,0.3,0.31582662820510976,0.5985830656216439
271,0.3,0.46164217326436097,0.6198215061426864
272,0.3,0.5449953208496514,0.691920130118578
273,0.3,0.3437789870329474,0.7072750286488848
274,0.3,0.31238427269805474,0.6815374169697465
275,0.3,0.5544074171675262,0.7118520503062549
276,0.3,0.49420197463874843,0.6536258514233917
277,0.3,0.5153895031579887,0.6687015137295772
278,0.3,0.6733994691998553,0.7943137378958223
279,0.3,0.6129432631614454,0.7872575998599677
280,0.3,0.423749109796727,0.5238710755778089
281,0.3,0.5536583079167681,0.6378719511053923
282,0.3,0.4666114769533565,0.5761484774768162
283,0.3,0.6142975277924001,0.8268992213128928
284,0.3,0.4407241192500841,0.6224585751750117
285,0.3,0.22078568154888545,0.6769716073777604
286,0.3,0.4573094463763574,0.7072923459784828
287,0.3,0.43568713688493205,0.6690947115502226
288,0.3,0.6102474452348419,0.8981563465743158
289,0.3,0.5645657889913371,0.7000212051409384
290,0.3,0.37015180624805305,0.6267611395433503
291,0.3,0.642803615366972,0.712535032523868
292,0.3,0.4678350454952914,0.7458123335837109
293,0.3,0.5562283238415244,0.5922916568519261
294,0.3,0.38821757206693724,0.6847468961462385
295,0.3,0.6280145661213,0.7826863022650588
296,0.3,0.4693385577951642,0.5919768094176083
297,0.3,0.4465195881336847,0.6420505810422997
298,0.3,0.32741727713715535,0.7532229371153363
299,0.3,0.5155287739810277,0.6352811300763748
300,0.3,0.39543898246638404,0.7305847665867782
301,0.3,0.4935126522018714,0.6719636258166829
302,0.3,0.42924551086068574,0.6895219145814506
303,0.3,0.6720221452482134,0.8068200323148336
304,0.3,0.316638332166846,0.6510765245520936
305,0.3,0.6317980390868754,0.7421594662039617
306,0.3,0.48530934486576166,0.6380525471978867
307,0.3,0.3920166962092708,0.765789716253889
308,0.3,0.21792572298228352,0.6458285182499228
309,0.3,0.3308793670320632,0.5643559799345597
310,0.3,0.5953057111493834,0.7041589680420401
311,0.3,0.43566900933429137,0.58090694097572
312,0.3,0.3352016627002256,0.5521544949027904
313,0.3,0.5442056114748246,0.7626172655262594
314,0.3,0.4732757554220209,0.6359841069284006
315,0.3,0.5624331628993484,0.7513212771412416
316,0.3,0.5263495468775861,0.7170212134270141
317,0.3,0.4964918501031958,0.6524537005281533
318,0.3,0.39031613375833274,0.5914751359811428
319,0.3,0.5727168982865725,0.8273530252976994
320,0.3,0.6772029203351282,0.897952999293652
321,0.3,0.5723723823430458,0.7242751811134824
322,0.3,0.5055890618120811,0.7814680639064523
323,0.3,0.5083258189311126,0.6456959296259978
324,0.3,0.6445582022566302,0.7785583311412501
325,0.3,0.5760955407275639,0.7320382021792983
326,0.3,0.43172922770458483,0.8039873019178544
327,0.3,0.49045229507650295,0.6514927192321158
328,0.3,0.613880364211081,0.7880529665018643
329,0.3,0.3785436476839626,0.7692464344372457
330,0.3,0.4899139489740702,0.7006889153068143
331,0.3,0.5621497073486608,0.7247478603883744
332,0.3,0.5789655099094121,0.6545597132566837
333,0.3,0.6446280569361024,0.7517112661125476
334,0.3,0.4809004987685985,0.7064013233174472
335,0.3,0.49608138821979436,0.5924522388928128
336,0.3,0.47937681829166723,0.6553098289583908
337,0.3,0.3354589248938439,0.6880018563867353
338,0.3,0.6955949485271373,0.7855039364866219
339,0.3,0.7003794881719149,0.9329883597252918
340,0.3,0.2891169882805222,0.7262155470993557
341,0.3,0.3264857516900208,0.44034608837550515
342,0.3,0.5163137713864887,0.7095836450378501
343,0.3,0.5587423824853917,0.808422660427583
344,0.3,0.3358982351469482,0.6486158556896869
345,0.3,0.26419116253045277,0.5995792752253771
346,0.3,0.4234584753985567,0.6983835944633262
347,0.3,0.4553513554052878,0.5686211022749081
348,0.3,0.6053261397644336,0.7666077067166346
349,0.3,0.325542759851159,0.612470507111894
350,0.3,0.547882933064363,0.6885907429813177
351,0.3,0.5018723553484502,0.6570869760945325
352,0.3,0.5417330047969838,0.7921146330391916
353,0.3,0.42588375110977844,0.6879199610884184
354,0.3,0.5054757004703472,0.6750305897597806
355,0.3,0.45053297792303476,0.7327300642832001
356,0.3,0.5904655506752987,0.6825775981504996
357,0.3,0.5517425746977814,0.7084661963990155
358,0.3,0.5170229443881849,0.6847980691920352
359,0.3,0.48588153678369067,0.5821852374866149
360,0.3,0.33194473213440623,0.6201139488053207
361,0.3,0.5725595264840379,0.7576488186006443
362,0.3,0.5613485253425545,0.7440071019176282
363,0.3,0.5190654132860537,0.6409876920136875
364,0.3,0.6131502031927056,0.7891359027395286
365,0.3,0.4964973799686611,0.7494210656809485
366,0.3,0.5252097955271098,0.7484146845516263
367,0.3,0.4836211986824933,0.7406289183848462
368,0.3,0.5235044936114759,0.6316233415662076
369,0.3,0.5051359722512675,0.7528202730703691
370,0.3,0.5227686558242897,0.7728351213876439
371,0.3,0.42664213076155105,0.6308166962735372
372,0.3,0.42836700987911863,0.645042469404524
373,0.3,0.5586190372275732,0.6595289084786236
374,0.3,0.4668390151083609,0.5976052239349244
375,0.3,0.46889164919653864,0.6520667750737625
376,0.3,0.5965879590979473,0.7814945810428995
377,0.3,0.32429379191363733,0.7627196363713625
378,0.3,0.42934356218655156,0.7128583577498899
379,0.3,0.5387475257009131,0.7454377257418485
380,0.3,0.571944281122084,0.7026978613147418
381,0.3,0.4066075934326793,0.7012560400790907
382,0.3,0.3778817391996065,0.6177152777724253
383,0.3,0.542422878815902,0.7954119940411697
384,0.3,0.48533212499156925,0.6605531074136738
385,0.3,0.43576409927151044,0.5776314346671183
386,0.3,0.4247797427126075,0.5713403837746333
387,0.3,0.4918527115509517,0.6903593943679537
388,0.3,0.5045918099605516,0.7201288116652176
389,0.3,0.5160371147537858,0.6200109902373108
390,0.3,0.49667527527258726,0.7394605267808869
391,0.3,0.4278157478791075,0.57861894747984
392,0.3,0.5437664823296638,0.7169353715536716
393,0.3,0.38839376726152763,0.6925964774139663
394,0.3,0.5981289803565922,0.7913961574429426
395,0.3,0.5715489215135884,0.6625957072912555
396,0.3,0.6182125921376763,0.8004317919355994
397,0.3,0.5654508417096202,0.7126755275093041
398,0.3,0.612897841935995,0.7250131725794076
399,0.3,0.37005914366530496,0.43757054830044106
400,0.3,0.4353390196552233,0.5287437826143525
401,0.3,0.6236934366941618,0.7865848403787598
402,0.3,0.5351564394486817,0.7659071186054431
403,0.3,0.4426484268512653,0.6890556806537255
404,0.3,0.6802248530998877,0.9107525751876273
405,0.3,0.5790901855562778,0.6900853471376313
406,0.3,0.44683009870267293,0.7031519529848163
407,0.3,0.5021820513390167,0.7031006413342034
408,0.3,0.5740496025400764,0.6627997260596792
409,0.3,0.5778466091868237,0.6468456244345068
410,0.3,0.6234077989881996,0.7307509599635847
411,0.3,0.4839207824149259,0.5720410004131302
412,0.3,0.49911571573062835,0.7226922678755288
413,0.3,0.31914443928038194,0.5668816859376731
414,0.3,0.4321261246065402,0.6349814853454749
415,0.3,0.5626940274271006,0.6851499847895827
416,0.3,0.5564435514122495,0.7748930541056152
417,0.3,0.4572979211640124,0.7312017731155819
418,0.3,0.4208741342665624,0.6418766478782605
419,0.3,0.5838477832975526,0.7153630822648758
420,0.3,0.5381847977780201,0.7716827873249967
421,0.3,0.5476000764744817,0.7093659933628852
422,0.3,0.6569833609778708,0.8542074237018236
423,0.3,0.6356227104509924,0.7619279722001909
424,0.3,0.43807194351551904,0.685299406704681
425,0.3,0.38206989667643754,0.775632281877414
426,0.3,0.7301833855268434,0.7331850082174269
427,0.3,0.5280535131094686,0.6314511238032025
428,0.3,0.3514986572663297,0.5133978662134757
429,0.3,0.4558285063950235,0.5576809273080117
430,0.3,0.5625395034129728,0.6923901078125551
431,0.3,0.43276205335111606,0.7064407050854903
432,0.3,0.4206406909202271,0.6823041895440595
433,0.3,0.5722089977262632,0.6125073040263694
434,0.3,0.5768912013932154,0.7979728953104462
435,0.3,0.5518140116027851,0.635858751049689
436,0.3,0.3837286958658683,0.6659806768741398
437,0.3,0.3791062472636314,0.6274781424936595
438,0.3,0.5199485381245943,0.6820025657140621
439,0.3,0.4919697691082049,0.5803574683247292
440,0.3,0.40587753228145795,0.6376460083762995
441,0.3,0.49401064738522066,0.5788085919621649
442,0.3,0.3800852420757659,0.615116595986228
443,0.3,0.5134382655056362,0.6857516595141686
444,0.3,0.5976197810902786,0.7188038015462782
445,0.3,0.32005021947574563,0.7406566341528888
446,0.3,0.5474941511826998,0.7450294185479249
447,0.3,0.5461682362059342,0.7511285516187419
448,0.3,0.4588911937592056,0.7815092724943365
449,0.3,0.507710029182392,0.7040971421065232
450,0.3,0.42115487529509127,0.49965282933880545
451,0.3,0.5713151250647496,0.655420817500234
452,0.3,0.4243070077556471,0.6623736492933439
453,0.3,0.46590553860695877,0.7565761387250736
454,0.3,0.49352629141191173,0.6696292430111743
455,0.3,0.4497581920927072,0.6692076760585238
456,0.3,0.5750046470556514,0.7837586995978227
457,0.3,0.5559069916311435,0.6541113755956834
458,0.3,0.5222988837229378,0.6992372560551532
459,0.3,0.3500091297584919,0.5879341225012705
460,0.3,0.4940253704168944,0.5864920967390966
461,0.3,0.584261685632414,0.7932041449057128
462,0.3,0.6151869183650316,0.7357471237341526
463,0.3,0.359606465923127,0.6544901140239973
464,0.3,0.3777568992966985,0.7192252826939797
465,0.3,0.5466442505986224,0.6951461686456407
466,0.3,0.6346003338499284,0.7209052922397653
467,0.3,0.5560763476371358,0.6896819911438135
468,0.3,0.6495927171131219,0.7482327092803569
469,0.3,0.4245781966586972,0.6372977528770386
470,0.3,0.4123510890801288,0.6893853347371718
471,0.3,0.5333909318378138,0.7051822343893208
472,0.3,0.21245638772001896,0.5779949369522626
473,0.3,0.5415782059682963,0.6165046004985651
474,0.3,0.4829239438041181,0.7103141411393047
475,0.3,0.35752781739341905,0.5615596817958752
476,0.3,0.0,0.7438537698567729
477,0.3,0.5538163367870792,0.703416182885688
478,0.3,0.3859735645689969,0.6227498074904421
479,0.3,0.49093358316205904,0.5840560535007527
480,0.3,0.5099384870623319,0.653667284255505
481,0.3,0.554645668638383,0.6955836944405681
482,0.3,0.3856453812013503,0.7830301072465142
483,0.3,0.42277036697079245,0.627641874911384
484,0.3,0.6045493659621674,0.8254213596544419
485,0.3,0.5465487893199243,0.6383067976083917
486,0.3,0.49871154670102236,0.7962871064418718
487,0.3,0.4813494686446478,0.5703302288538972
488,0.3,0.5506383025290081,0.6892324068739062
489,0.3,0.3379497972876306,0.6127582560765812
490,0.3,0.4524984686137646,0.5867225551321102
491,0.3,0.3697204016592107,0.694543332980239
492,0.3,0.6119112769301416,0.7676703797397196
493,0.3,0.5305465151692708,0.6382460371080736
494,0.3,0.2681090906577822,0.7478221852847589
495,0.3,0.6032093813223242,0.7056343929883034
496,0.3,0.5926737537819952,0.7634192766712109
497,0.3,0.6682619272633687,0.882555465999735
498,0.3,0.47740026638472666,0.593654669646736
499,0.3,0.5191910402154728,0.6274525899482214
500,0.3,0.5188372506957588,0.73478041360684
1,0.35,0.4768235768719548,0.5785216408777493
2,0.35,0.6862010855469812,0.7517501887558597
3,0.35,0.48738779125918014,0.6429399942382221
4,0.35,0.39163465652105905,0.7435880455552458
5,0.35,0.5650910824480898,0.7346390604761017
6,0.35,0.37490571027939174,0.6256641059424334
7,0.35,0.5436403504276367,0.768381175689774
8,0.35,0.5099420390159848,0.728821872793645
9,0.35,0.4861059189447631,0.6434332186377854
10,0.35,0.2703850853109968,0.7613266562581034
11,0.35,0.4983751520055496,0.7645140978793273
12,0.35,0.6474623221012353,0.7693022081406108
13,0.35,0.5893316207432774,0.6948467674829958
14,0.35,0.5639823512766506,0.6223830471165116
15,0.35,0.5345673311576717,0.7365582907824149
16,0.35,0.5162628701428992,0.556141721258894
17,0.35,0.5116892608203836,0.5896530343612935
18,0.35,0.5486527066846288,0.7840307972119304
19,0.35,0.4278302156948952,0.5309738883352494
20,0.35,0.5227625748313938,0.702027812908086
21,0.35,0.5552965274258853,0.697081321556388
22,0.35,0.4676267963553612,0.659049355084854
23,0.35,0.6298128107081666,0.7611734724981615
24,0.35,0.5394189486258423,0.7737801917539048
25,0.35,0.5071754582675605,0.6570579575533014
26,0.35,0.4252164904686657,0.4861369497806181
27,0.35,0.5384443932586667,0.6883507552230299
28,0.35,0.49554181384879586,0.7046843384543274
29,0.35,0.625366396234262,0.7871964485286953
30,0.35,0.4998896612709295,0.6671826277111454
31,0.35,0.4851477207018038,0.694159913098205
32,0.35,0.508330042333164,0.7082222604606059
33,0.35,0.43530283284876586,0.6657100702319433
34,0.35,0.2795255852831598,0.6186435120118353
35,0.35,0.5227202068687815,0.6506267201903709
36,0.35,0.37225700673048845,0.7085028747391149
37,0.35,0.5021466262229393,0.693222982035194
38,0.35,0.39018951740661567,0.7237522907856345
39,0.35,0.5831632636598783,0.7053447752997517
40,0.35,0.519517886256765,0.6694140685253339
41,0.35,0.5194580207061252,0.6192227244885816
42,0.35,0.5196184039752296,0.7522916921919717
43,0.35,0.4220858575257358,0.7162582954188861
44,0.35,0.5086430840345875,0.7580627546011078
45,0.35,0.3950877067991331,0.74914531990895
46,0.35,0.43650035022290157,0.6542440634359805
47,0.35,0.4712559659427415,0.6777920100387835
48,0.35,0.45610631002269386,0.7457134451059716
49,0.35,0.6658284641292096,0.8876614587230088
50,0.35,0.4462414387243399,0.6323135535427904
51,0.35,0.5513559135190138,0.8184128917857946
52,0.35,0.3219626527405396,0.6667312805293045
53,0.35,0.6356552571430157,0.8134464056970784
54,0.35,0.5789750489464582,0.7228677914739521
55,0.35,0.5633329395182745,0.7108412078436792
56,0.35,0.5508363863746012,0.7371714513193113
57,0.35,0.43462470326148955,0.7055753500111186
58,0.35,0.5442063079260008,0.6389233451125457
59,0.35,0.4883644853262241,0.5932614918003081
60,0.35,0.6086371253465801,0.7326890396540822
61,0.35,0.5811274476781326,0.6907482950934458
62,0.35,0.49996062654795026,0.6791909341968468
63,0.35,0.4437458371349463,0.7010567654807903
64,0.35,0.5963080382021183,0.7069667346718957
65,0.35,0.46037420785928584,0.6694833130250388
66,0.35,0.5709917105650553,0.7976093923611872
67,0.35,0.34702998964911014,0.6451843495821407
68,0.35,0.49477418222746555,0.7382374155850738
69,0.35,0.4953579268023816,0.6634715229868239
70,0.35,0.5860356827625041,0.7525024834775874
71,0.35,0.43447756590420333,0.6314973882027433
72,0.35,0.49473675071705936,0.734449742581855
73,0.35,0.3405793294542237,0.6900108076971184
74,0.35,0.44521639812915215,0.8290059866796659
75,0.35,0.5014707930512203,0.6032645475810557
76,0.35,0.5056364470840455,0.7192655031558475
77,0.35,0.433073351560369,0.6748553888800187
78,0.35,0.5550511769116685,0.6874664388622194
79,0.35,0.5895592495513583,0.8154251618493344
80,0.35,0.5630997518010307,0.6528327201493019
81,0.35,0.5686046335639405,0.6254383247212684
82,0.35,0.4877914396887535,0.6489939422267684
83,0.35,0.20500946018700356,0.6919306176429051
84,0.35,0.35027940184949213,0.7029878194014482
85,0.35,0.48795887710917013,0.5970165884233299
86,0.35,0.5764073444572947,0.6829526766534101
87,0.35,0.36304070127033766,0.7404390944669111
88,0.35,0.44823553218902673,0.6981236855000812
89,0.35,0.5903926212561369,0.6673180891230199
90,0.35,0.438651620429215,0.5291052549131909
91,0.35,0.5106391324639721,0.6695704191692149
92,0.35,0.5304678593205385,0.6701762485875331
93,0.35,0.3888823438577142,0.7049506732122431
94,0.35,0.4749875189740998,0.6105557066725344
95,0.35,0.459767974979694,0.6225869447817165
96,0.35,0.4645867697401427,0.5836856086587514
97,0.35,0.5365545486351965,0.6211185204334034
98,0.35,0.5269379637857668,0.6734079349189437
99,0.35,0.4406192005327494,0.6139256526709915
100,0.35,0.5436311982832506,0.6556425302286493
101,0.35,0.621335892127505,0.8110776873369078
102,0.35,0.37626725394121247,0.6963172490405715
103,0.35,0.5921083053712365,0.7082927054964028
104,0.35,0.4917702426605161,0.6084985669733165
105,0.35,0.3787050143251726,0.6684446779335103
106,0.35,0.42558650989148333,0.5484647532845237
107,0.35,0.648086536798454,0.7215957645282656
108,0.35,0.3322874407045216,0.5655291934576493
109,0.35,0.5598190202169566,0.6576672436215991
110,0.35,0.32527262819455227,0.6369450602795708
111,0.35,0.3653724609490064,0.8332129837771961
112,0.35,0.4789868292344298,0.6002512799698968
113,0.35,0.4365260271206451,0.6844120680724255
114,0.35,0.4683924683407121,0.5682240372953979
115,0.35,0.487093747970441,0.5589674659355123
116,0.35,0.26081953189502144,0.6863862499796733
117,0.35,0.6056072017343269,0.7017546182026234
118,0.35,0.49004998918425907,0.6894167486662768
119,0.35,0.5501184351751858,0.8118114886147185
120,0.35,0.6106073939673656,0.7784380432854743
121,0.35,0.5900159964280688,0.7264985504856171
122,0.35,0.48474913285234295,0.7365598882946418
123,0.35,0.4680015472599799,0.6417064889503326
124,0.35,0.37886897201657244,0.677368690436075
125,0.35,0.5096990902163484,0.5855763947167324
126,0.35,0.43460133703559306,0.756086370666053
127,0.35,0.4886593594214902,0.8048624118323127
128,0.35,0.5861194484480471,0.6695801536673389
129,0.35,0.4822537128062116,0.5927960099684736
130,0.35,0.33900825752152774,0.6008982554304354
131,0.35,0.3588937328278998,0.6542797278910584
132,0.35,0.45347930165445477,0.7393863514500529
133,0.35,0.41187767646422746,0.6977687488306281
134,0.35,0.4847344543191568,0.6286599331229741
135,0.35,0.5229868685674647,0.7216893059795839
136,0.35,0.5049204486034182,0.7652562345097594
137,0.35,0.5507769609760601,0.630831067893889
138,0.35,0.5102021339429411,0.576592138853042
139,0.35,0.5862994399747077,0.7336153618512485
140,0.35,0.43591543990541454,0.7205834112348741
141,0.35,0.5194580232416124,0.6463772499715736
142,0.35,0.4989548162384537,0.6909868983974184
143,0.35,0.5617709238280791,0.717922836612695
144,0.35,0.5563613781943967,0.780764310710391
145,0.35,0.1962601596975117,0.7510423099104215
146,0.35,0.6071332758686191,0.7956842266552062
147,0.35,0.4997303906652205,0.6906209250810915
148,0.35,0.5669087279405625,0.7086124116608956
149,0.35,0.4772751601477292,0.5848007745342487
150,0.35,0.6100466510484606,0.7818762250300837
151,0.35,0.4930365130880415,0.6865358671752261
152,0.35,0.5679383798603346,0.7488314891572171
153,0.35,0.5462735449439867,0.6505920485699158
154,0.35,0.5707886578641128,0.7986206204678118
155,0.35,0.522504114371295,0.7344494530198954
156,0.35,0.5145176983654763,0.6825687041313476
157,0.35,0.3794906485918582,0.7769387244783437
158,0.35,0.5127381144459617,0.5920101444779011
159,0.35,0.568979999116943,0.7027681548653921
160,0.35,0.6130641536205871,0.7668314680190469
161,0.35,0.5437943368974806,0.7136120896395931
162,0.35,0.581383946337671,0.7458658294572394
163,0.35,0.565339059416559,0.7264923027580359
164,0.35,0.6298434011577758,0.8267492838002188
165,0.35,0.5141056993812626,0.6597503448383312
166,0.35,0.6566197020068425,0.7573877712594277
167,0.35,0.5630425722793286,0.7204827687428612
168,0.35,0.4555859973773111,0.7302773907274928
169,0.35,0.2861482684311367,0.6582751929104312
170,0.35,0.42816532433351034,0.6341623898953785
171,0.35,0.5015198096046171,0.6816931294543793
172,0.35,0.49502444397475637,0.6064586329299687
173,0.35,0.49739847887134925,0.7277970838500168
174,0.35,0.5643620541577494,0.6680819217289553
175,0.35,0.4085731793867176,0.6441494154237378
176,0.35,0.5005385468794736,0.6978587012431116
177,0.35,0.3229959464824727,0.7153400817821319
178,0.35,0.38438977036077704,0.5384756772125798
179,0.35,0.31740543414173306,0.7461921286428388
180,0.35,0.5513879219289073,0.6543718983058534
181,0.35,0.4420085979123436,0.757405734441498
182,0.35,0.43600456509551677,0.5217199493070244
183,0.35,0.6136622965097035,0.822704974005314
184,0.35,0.6108405482691954,0.7603770289206127
185,0.35,0.4916505511654858,0.7268141831909858
186,0.35,0.43562191422483915,0.6591653899471508
187,0.35,0.543162116046333,0.6706432834560203
188,0.35,0.5699659719238345,0.7472854965533725
189,0.35,0.6118191761072707,0.780340355198798
190,0.35,0.5089907922005797,0.5962968864413759
191,0.35,0.6404916528112802,0.7716752035668114
192,0.35,0.6678557770089227,0.8405038558892097
193,0.35,0.35980359682834534,0.7019671519948163
194,0.35,0.5129892983533223,0.6409000065776286
195,0.35,0.5293855081043406,0.8094717585656968
196,0.35,0.607202102701961,0.8310452769138512
197,0.35,0.49776659030782394,0.7052245101824262
198,0.35,0.4822551515164531,0.6045520637746657
199,0.35,0.2613741564125774,0.6346454973912425
200,0.35,0.6057317709348992,0.7227680732102589
201,0.35,0.5487930776925317,0.6447828571513814
202,0.35,0.3766751180238713,0.6039690628750963
203,0.35,0.5793660299776093,0.6256086597892684
204,0.35,0.571293290388375,0.7733104028496125
205,0.35,0.3984103483912371,0.7714459140422739
206,0.35,0.6114939280592819,0.760592707890121
207,0.35,0.6048456170052843,0.768194986258009
208,0.35,0.5035675001965665,0.7187176298349108
209,0.35,0.5079030133132738,0.7768353232127575
210,0.35,0.5612138473239506,0.6354786385179764
211,0.35,0.49040491880837356,0.7145510289486816
212,0.35,0.5492075538943324,0.668572791756471
213,0.35,0.37152848917310327,0.6678502492973873
214,0.35,0.48938915645543146,0.7127863802138752
215,0.35,0.6633155536364181,0.8338069402463812
216,0.35,0.5755749807399222,0.6744544454480051
217,0.35,0.5971207177207823,0.7337789570041385
218,0.35,0.37727431874679296,0.713772200955842
219,0.35,0.46341858132905506,0.5888083717143269
220,0.35,0.508898759987831,0.7068309953763194
221,0.35,0.4591156180674692,0.6622133048510388
222,0.35,0.39341761234090267,0.699997175648213
223,0.35,0.5858818695467362,0.7575393928368802
224,0.35,0.6820497621299704,0.7727154057097253
225,0.35,0.4386389663652938,0.585788126645372
226,0.35,0.48950638124233675,0.7018491212073863
227,0.35,0.610976936973812,0.677347419484985
228,0.35,0.5063770494745612,0.7086493817172507
229,0.35,0.5543711927492537,0.7588897551722783
230,0.35,0.4460101480225494,0.6747306333869951
231,0.35,0.38574821169423545,0.7367519158718099
232,0.35,0.49436815987296717,0.6687987493743625
233,0.35,0.3614608941159136,0.7025802500066043
234,0.35,0.5062101375436351,0.673187131678777
235,0.35,0.44147005713774934,0.8172744002486536
236,0.35,0.5928510832199286,0.725821081245239
237,0.35,0.32698995033269357,0.7395512792529787
238,0.35,0.6419282971872773,0.6516730599127185
239,0.35,0.6155757452887434,0.8438225232148442
240,0.35,0.20360424464141147,0.7644015598285553
241,0.35,0.5526360273735409,0.6966705346243639
242,0.35,0.5570943406382073,0.7991351284784772
243,0.35,0.6443027844622142,0.7341223526519731
244,0.35,0.47032974411176187,0.5812018657232553
245,0.35,0.3425236532068703,0.719570398130705
246,0.35,0.4926831688605618,0.664412923665449
247,0.35,0.49262095048876753,0.6903774702663886
248,0.35,0.45281052089891954,0.629516123623321
249,0.35,0.430396367113501,0.6262477768684409
250,0.35,0.5413558541160644,0.6931178067373645
251,0.35,0.5973835588478226,0.6673727943275563
252,0.35,0.6148178803959348,0.8115502092331142
253,0.35,0.42535276590488236,0.5905421239166334
254,0.35,0.5763954104738379,0.7864004136168877
255,0.35,0.5551758083883664,0.7126641615991508
256,0.35,0.671102207576624,0.8409191105200942
257,0.35,0.5283946181238454,0.6852617285670174
258,0.35,0.5388015231024782,0.6251978494186008
259,0.35,0.5621343610630337,0.7489978962602628
260,0.35,0.5642496589005598,0.7197099314429592
261,0.35,0.1701787044352,0.647581960904716
262,0.35,0.3362091229628527,0.6493486578989849
263,0.35,0.45077775828244615,0.5646167743581176
264,0.35,0.5321711398160506,0.6723248463073309
265,0.35,0.6325033349385596,0.7874147104184318
266,0.35,0.5638775580440595,0.7512124849812962
267,0.35,0.37488764379291734,0.659913590451517
268,0.35,0.5423007729863443,0.7127781552329465
269,0.35,0.5737496042272038,0.7602683768663439
270,0.35,0.5645986613443915,0.7386717672826967
271,0.35,0.4461980755748425,0.6846030694994582
272,0.35,0.5169464046618184,0.7687894645650172
273,0.35,0.6687151969690327,0.7732239241769118
274,0.35,0.6025696816000152,0.8461794278216936
275,0.35,0.4946278501043194,0.6252331376642999
276,0.35,0.5851781475906896,0.6109585636054782
277,0.35,0.6056973126182149,0.7100550912689648
278,0.35,0.45879831934805465,0.7367897014420578
279,0.35,0.5913767849533953,0.738745546687996
280,0.35,0.5799143869423914,0.6813662328755842
281,0.35,0.4689693844376222,0.6407515657546657
282,0.35,0.5280138659289246,0.6990753505258445
283,0.35,0.43644776896401555,0.6232493003179144
284,0.35,0.2833327826359298,0.6991341695778002
285,0.35,0.6401824275556091,0.7460646883598007
286,0.35,0.38413387747379635,0.5484169516641435
287,0.35,0.6553463890968192,0.8181209425590386
288,0.35,0.4952828131403209,0.5693058757002761
289,0.35,0.5749787256063272,0.7518105281058679
290,0.35,0.579987624999734,0.7869496331274329
291,0.35,0.5733804816468774,0.6849830888923493
292,0.35,0.38898237185083273,0.6432154715203607
293,0.35,0.49416902145850905,0.675351235574561
294,0.35,0.6151154439397609,0.7203897699730998
295,0.35,0.6052382211813337,0.6699195680866014
296,0.35,0.2156391730028906,0.6537454885875225
297,0.35,0.40661556505668767,0.7491355478132721
298,0.35,0.3419651829154933,0.37611989106722094
299,0.35,0.5678008571721536,0.6213213211168402
300,0.35,0.5227214206643775,0.6928874138565152
301,0.35,0.4384032771941996,0.6469640333159244
302,0.35,0.4927826734997468,0.5606709809297283
303,0.35,0.4882471063334963,0.5578553964725943
304,0.35,0.3397991810854195,0.73970706816058
305,0.35,0.5104201284372311,0.6386718133169381
306,0.35,0.5383744949796995,0.6469194153261121
307,0.35,0.4917730287996055,0.666103051288207
308,0.35,0.3699668230894356,0.48788514071610145
309,0.35,0.3911928131682923,0.7538519274568423
310,0.35,0.48792658485167734,0.6623009489625241
311,0.35,0.4565154463594647,0.5608153049103312
312,0.35,0.4044602379948241,0.7082320447742495
313,0.35,0.32941277519402457,0.6645263910044417
314,0.35,0.46942789257380907,0.7011967771456511
315,0.35,0.31850025773732626,0.4435240421772408
316,0.35,0.49092375342457056,0.628880601493413
317,0.35,0.5165399538319043,0.6781687179535046
318,0.35,0.3282492573152484,0.6404172493336667
319,0.35,0.3769718055403325,0.5741886516139982
320,0.35,0.3075054310346147,0.5078916925274128
321,0.35,0.6086297688702417,0.7500936414788723
322,0.35,0.5056509967183302,0.7835789850893158
323,0.35,0.30559825568850796,0.6878554791319679
324,0.35,0.32558872188236826,0.7069312803304661
325,0.35,0.5411301737298256,0.6384466618691153
326,0.35,0.5080574953873177,0.6403805426328656
327,0.35,0.3899175672999714,0.7572509292943315
328,0.35,0.49900780624771546,0.7620230448979041
329,0.35,0.3869990219140082,0.6728509542091399
330,0.35,0.5688814454056882,0.6770825037096914
331,0.35,0.4508877634181044,0.696193524123518
332,0.35,0.6027514683135472,0.7182562601546738
333,0.35,0.2563140323522651,0.6270895182591825
334,0.35,0.4448382477289627,0.6231197212955093
335,0.35,0.5737847539046136,0.6952253937408542
336,0.35,0.6681586250306409,0.7822480450558621
337,0.35,0.49232322534437745,0.7248098601464069
338,0.35,0.331069426473797,0.39362086032557675
339,0.35,0.33681510776745116,0.7190271364430827
340,0.35,0.5922919962478476,0.7398642145709358
341,0.35,0.5035460066514935,0.7091250880766946
342,0.35,0.5699085245742936,0.7163142212664723
343,0.35,0.6140507392332204,0.8463258911094266
344,0.35,0.24526918378328985,0.7401621485955612
345,0.35,0.513779246072277,0.6980521381974302
346,0.35,0.5223115501619834,0.6760821466966448
347,0.35,0.4430963870519215,0.7620331232032781
348,0.35,0.5769435791259168,0.6954757299680567
349,0.35,0.5136448207186897,0.673924618062063
350,0.35,0.6583039330934712,0.7459903633985436
351,0.35,0.5888716495240541,0.7378848867537485
352,0.35,0.5476902698677256,0.7506212518763833
353,0.35,0.27555108315554655,0.5792024107445544
354,0.35,0.58823148326252,0.6888759332722474
355,0.35,0.5143193951983986,0.6847187097531666
356,0.35,0.5247398315833884,0.6660520391266138
357,0.35,0.5153536604374302,0.7081294714154286
358,0.35,0.6291701840774476,0.8097586935439274
359,0.35,0.6243074394253981,0.7606519185184415
360,0.35,0.38390833251783457,0.7001160896081778
361,0.35,0.5721111121381467,0.7905221093887154
362,0.35,0.4158528444633312,0.495417661500277
363,0.35,0.5448547583397324,0.7112489031754299
364,0.35,0.4674799296174233,0.6612106817957688
365,0.35,0.4999933009559198,0.6860622814743859
366,0.35,0.33424765378934507,0.4916394401487458
367,0.35,0.5501031750088741,0.7405081396371268
368,0.35,0.6143502685073556,0.8329097367136793
369,0.35,0.44681470529371886,0.6393701276185356
370,0.35,0.5103765025650947,0.6743885117260067
371,0.35,0.6423238755457293,0.8319239908908443
372,0.35,0.5604260216804973,0.7664471735214439
373,0.35,0.5916298746203316,0.7892008520376028
374,0.35,0.37781614613644304,0.7624866857829125
375,0.35,0.5687820357593989,0.7059548593898036
376,0.35,0.4851127474470856,0.6878835485850983
377,0.35,0.6271117582697593,0.8104204978144381
378,0.35,0.5789041539780729,0.6573752178401991
379,0.35,0.4507785786606392,0.6008160495038466
380,0.35,0.5174505586117168,0.7039185173480036
381,0.35,0.4574378298295035,0.7397748527807032
382,0.35,0.6246508653360001,0.7370065327744666
383,0.35,0.4512112440604298,0.5513682987346308
384,0.35,0.5496235404377896,0.7295190821889989
385,0.35,0.44690245846040083,0.7031890335514457
386,0.35,0.25932070070482494,0.7008408795845348
387,0.35,0.6311463957053993,0.7413408101736761
388,0.35,0.4525109223319038,0.68405673705419
389,0.35,0.6305376817968982,0.7570334859972727
390,0.35,0.32361628675733384,0.7368736707861929
391,0.35,0.7395828635898885,0.836729610828925
392,0.35,0.3195050278415119,0.6037488563552372
393,0.35,0.3324929650572408,0.6517915924067044
394,0.35,0.4196615206993532,0.7419500688894166
395,0.35,0.5023048063227963,0.6610998315295112
396,0.35,0.545071523973783,0.7476956912751995
397,0.35,0.5224690383165956,0.6801808806000765
398,0.35,0.6716889125999288,0.764158052947816
399,0.35,0.5058574777841016,0.7110362884597626
400,0.35,0.45395413940364254,0.6680142766517326
401,0.35,0.5354739717227466,0.6300852020546115
402,0.35,0.5661336003108257,0.655641985181466
403,0.35,0.3718627355499516,0.5136728034603834
404,0.35,0.494031963664224,0.6971410729180544
405,0.35,0.49750512965172594,0.6645000482566018
406,0.35,0.5001938413741596,0.637793732525642
407,0.35,0.653766172422727,0.777058664569445
408,0.35,0.5503621771935301,0.6362029229980183
409,0.35,0.42828187955302816,0.7512433901849681
410,0.35,0.5032285429901169,0.7115565584628551
411,0.35,0.6078460249623164,0.7606017178774344
412,0.35,0.43735972167973086,0.7361670180411329
413,0.35,0.5614952280395018,0.7904368656423687
414,0.35,0.441187020603786,0.6671760880134484
415,0.35,0.45908150772111267,0.7777551399848968
416,0.35,0.5728352538054233,0.6473064310020712
417,0.35,0.5996120033313885,0.7382722115908998
418,0.35,0.5867351554680174,0.6659001424169191
419,0.35,0.5546129681420556,0.6588111681711345
420,0.35,0.5056085725457321,0.5840321361698947
421,0.35,0.5763910891285092,0.6333767452196147
422,0.35,0.6265193651588161,0.7195967820257505
423,0.35,0.4442020083408783,0.5961508442385963
424,0.35,0.45794869810199595,0.6336758476296729
425,0.35,0.4604719841732474,0.7475670021165569
426,0.35,0.5629452625813152,0.7478341765978381
427,0.35,0.27814422140616857,0.5115271921375708
428,0.35,0.5893029197220391,0.7305614381310005
429,0.35,0.37608710148042857,0.7012250657474569
430,0.35,0.5055438702676044,0.7618907164862767
431,0.35,0.5976608349947651,0.6991464520827787
432,0.35,0.445580045900003,0.6141432162460536
433,0.35,0.44714806509701427,0.6996121005255114
434,0.35,0.6185324566411129,0.7610709413479372
435,0.35,0.4288208765723593,0.7368847475000017
436,0.35,0.5571474141331565,0.6443497756400957
437,0.35,0.5019134828873266,0.6974405212982069
438,0.35,0.5023169036462646,0.6061867708620355
439,0.35,0.5477039849483613,0.7459966477929215
440,0.35,0.4446310743769418,0.6288581878146103
441,0.35,0.6879698319730783,0.827822297445959
442,0.35,0.4469457023155914,0.7752517060260062
443,0.35,0.5039715648918399,0.7193020630450981
444,0.35,0.33246323223796354,0.6171711513236937
445,0.35,0.4682797361202571,0.7284370678065066
446,0.35,0.447160674319667,0.6535013964376029
447,0.35,0.4502915637180279,0.5320702356159056
448,0.35,0.5468388839622222,0.7093263769311626
449,0.35,0.426534548637627,0.6594154037515281
450,0.35,0.4248049575296205,0.598699253507252
451,0.35,0.44577503015484565,0.6749417223508405
452,0.35,0.512375170193914,0.6897893761544205
453,0.35,0.5550627440564223,0.7399757607933626
454,0.35,0.485329592692995,0.6584918707697425
455,0.35,0.41716379119710517,0.5699076541383185
456,0.35,0.48401956855399497,0.6785863770262416
457,0.35,0.6615145816027209,0.744610951177678
458,0.35,0.5255802266205066,0.7464693508615667
459,0.35,0.6012666413500107,0.6847048035444646
460,0.35,0.4988502210545914,0.7334996586357183
461,0.35,0.538729627778847,0.7029744366937624
462,0.35,0.48911392814282995,0.7685681131605268
463,0.35,0.461660714635023,0.6589087596443391
464,0.35,0.4443968894639196,0.6619662835849245
465,0.35,0.5101570734084672,0.6994536920194134
466,0.35,0.4825446750633065,0.6289534657745073
467,0.35,0.5612795551147763,0.6565300307319666
468,0.35,0.5652099643468839,0.7420728132254197
469,0.35,0.4534635286571673,0.7307703833314392
470,0.35,0.6664149870915658,0.8144848501056847
471,0.35,0.6021054216938908,0.7557175149275861
472,0.35,0.47764948548652036,0.6424697032516489
473,0.35,0.5478277650227313,0.7297945099449247
474,0.35,0.5580720174330965,0.82108293035094
475,0.35,0.512295320075788,0.7478769565153925
476,0.35,0.5003325878299629,0.6906046193119157
477,0.35,0.4406757891030884,0.6277152502683262
478,0.35,0.4940261787633178,0.7786101531424291
479,0.35,0.6223567691118481,0.863970771825344
480,0.35,0.6064315544574133,0.72451782067606
481,0.35,0.4350880655660691,0.7359379875207304
482,0.35,0.6230265630171847,0.7038876313854893
483,0.35,0.5568281012748797,0.763181562792063
484,0.35,0.6211893651509385,0.758272273666305
485,0.35,0.48793862620335765,0.7336806488137853
486,0.35,0.5359268831288062,0.620497805817694
487,0.35,0.466835801323729,0.5427780513729094
488,0.35,0.4620700932354152,0.6977677036167256
489,0.35,0.49721157620612005,0.6695463917533537
490,0.35,0.3807863014328086,0.741291960440476
491,0.35,0.5836610123756246,0.6739655610139332
492,0.35,0.44035269252051984,0.6300040906408325
493,0.35,0.6479394761946127,0.8280322256440013
494,0.35,0.5732522814171546,0.673279821470152
495,0.35,0.5515242120030242,0.688003966617527
496,0.35,0.4346725461440897,0.7205412579876056
497,0.35,0.5025161204091557,0.58559581408055
498,0.35,0.36987239344265627,0.7476511731863974
499,0.35,0.31800871295347055,0.6508497606255484
500,0.35,0.6048025194714601,0.8146395574955156
1,0.15,0.4277119040522078,0.6926131743588922
2,0.15,0.44537647584476736,0.6594620132283402
3,0.15,0.45819650900819936,0.6442050054325923
4,0.15,0.4508991218156735,0.8036727087805554
5,0.15,0.4528498508143351,0.7008406555857214
6,0.15,0.4061749917825231,0.6547226863335175
7,0.15,0.4466332564025014,0.785798721017136
8,0.15,0.4176921441653588,0.6144343141310554
9,0.15,0.2891768523862407,0.6896590707622531
10,0.15,0.4383094854489333,0.5927793848820161
11,0.15,0.44583129459941506,0.6409216012795886
12,0.15,0.4445708809301726,0.7883985939587836
13,0.15,0.443863316119709,0.6828610871352813
14,0.15,0.43968907084479225,0.624149628708617
15,0.15,0.44299159959580464,0.684369081541254
16,0.15,0.278867177457562,0.629025596432769
17,0.15,0.38988754153580407,0.6669979849132098
18,0.15,0.44589137692170405,0.7578967680448585
19,0.15,0.44313922063762334,0.6718106590225917
20,0.15,0.37190038359174354,0.6962236984482025
21,0.15,0.32219003558762493,0.6915193768938062
22,0.15,0.44556968907059796,0.7754784884920319
23,0.15,0.43481850550638446,0.6654246794576597
24,0.15,0.45154311642406825,0.7802159425228828
25,0.15,0.4442297546069637,0.7000074136835404
26,0.15,0.44272391670312705,0.7046484737174731
27,0.15,0.4643267715264015,0.721308643197537
28,0.15,0.40163968805885547,0.6558016334433758
29,0.15,0.44749015368582196,0.7325823741568533
30,0.15,0.45505715506092637,0.5936134345168294
31,0.15,0.3227476479756399,0.6521514953850904
32,0.15,0.3928952970532332,0.636833150685071
33,0.15,0.4440354271862723,0.709521313403244
34,0.15,0.4680867561082292,0.752908062718524
35,0.15,0.39371195011146704,0.6438325566185172
36,0.15,0.44950814326291444,0.7116829581309715
37,0.15,0.455725246233843,0.7761323532723169
38,0.15,0.37539722496170286,0.7461446323413646
39,0.15,0.44449887035147784,0.7320040993552623
40,0.15,0.4300290668636034,0.687652993431448
41,0.15,0.4538814319795458,0.6944330313147944
42,0.15,0.4454397720252318,0.5752227399471435
43,0.15,0.454650308906536,0.7249197721299957
44,0.15,0.4529669053498983,0.6478115208104607
45,0.15,0.44294827559517547,0.753765918356526
46,0.15,0.44802337991008123,0.7875037406418899
47,0.15,0.4575304154054994,0.7420452622630754
48,0.15,0.46647507632069035,0.6930036963784404
49,0.15,0.3758899262980983,0.6273851771729461
50,0.15,0.44714923569352466,0.7127992266828089
51,0.15,0.45589822884203374,0.7004341831189265
52,0.15,0.44332074584363035,0.7198458503521975
53,0.15,0.4476217489803295,0.6699281743692389
54,0.15,0.44235895889321825,0.6912446885575575
55,0.15,0.2674192614584852,0.6341332657758165
56,0.15,0.4547048279470913,0.7442706619969853
57,0.15,0.4548104694591766,0.6656691499373318
58,0.15,0.4435017679787726,0.5822137145989228
59,0.15,0.45748871577050926,0.6528636219681786
60,0.15,0.45405112082186794,0.7748233581416922
61,0.15,0.3222481147675503,0.6870773354214121
62,0.15,0.27047546251528914,0.6349213203874621
63,0.15,0.28227374292839735,0.7193498242387607
64,0.15,0.4495264741168532,0.6421167685383132
65,0.15,0.44744855426547697,0.7145100097545399
66,0.15,0.41729375853622563,0.6100811071266716
67,0.15,0.14401991366447242,0.4959945547791717
68,0.15,0.4431368053005936,0.555397580349821
69,0.15,0.46782708643615534,0.7311171962246807
70,0.15,0.4471396483642361,0.6912811522919305
71,0.15,0.4333219870279743,0.5306110018455559
72,0.15,0.4465885880271023,0.6736614321939774
73,0.15,0.44884657339545014,0.6735967568817857
74,0.15,0.43504613676744336,0.720360958329485
75,0.15,0.4487921390590304,0.6898325026623229
76,0.15,0.26838240315263323,0.7008289396594164
77,0.15,0.39407297679189085,0.6441693545902192
78,0.15,0.2783593448845738,0.7736583352789186
79,0.15,0.46496200573562607,0.6154838563017038
80,0.15,0.3642114354919983,0.6737466187387786
81,0.15,0.4498537012753902,0.7417368013509626
82,0.15,0.4529922026336196,0.6783044478513117
83,0.15,0.3895122480807239,0.569815261526272
84,0.15,0.44212423193389777,0.6598925661325133
85,0.15,0.44998125713056525,0.6770806668261306
86,0.15,0.44467015326695514,0.6140874433000767
87,0.15,0.37881542345579283,0.5759811407226942
88,0.15,0.4627671110979462,0.7527668133990012
89,0.15,0.4460743156833672,0.7097420054107303
90,0.15,0.4661111634580206,0.8103556629404481
91,0.15,0.4597689437167463,0.7110515423218821
92,0.15,0.2749285208125497,0.6110625102722105
93,0.15,0.49382650869259426,0.741827756361979
94,0.15,0.4358065820330073,0.672415957692299
95,0.15,0.48070136102666994,0.7378792239781885
96,0.15,0.3700452686030705,0.681149071402926
97,0.15,0.44831906995259524,0.6756870568925002
98,0.15,0.447892706528741,0.7630679371837873
99,0.15,0.4565142667517084,0.6462284468671853
100,0.15,0.3105667132499323,0.7272781347143368
101,0.15,0.4358071148887252,0.5862304637092416
102,0.15,0.5031264401006059,0.7352526607384381
103,0.15,0.44804683065909195,0.6928982476059693
104,0.15,0.46135246535415353,0.8339093522860181
105,0.15,0.39838325130445607,0.6194977529516089
106,0.15,0.45129689425216546,0.7516782382096756
107,0.15,0.45221959396828315,0.8084878498275387
108,0.15,0.4585983858032219,0.7340360279623116
109,0.15,0.44391395069809864,0.7194189232083791
110,0.15,0.19692448998162615,0.6794923575461672
111,0.15,0.25204666524604946,0.5829120234327798
112,0.15,0.444553295378976,0.7638898330446534
113,0.15,0.4561954158565103,0.5740095253562599
114,0.15,0.4235403056782765,0.7334445536946768
115,0.15,0.45605337337634533,0.6508302484028825
116,0.15,0.4492788994174601,0.6935777562225345
117,0.15,0.46036972472983617,0.7150845614031616
118,0.15,0.40897575218385174,0.7071498568551472
119,0.15,0.4528753686016634,0.6384647324197046
120,0.15,0.4536308107949218,0.7786687273246167
121,0.15,0.3883716948271906,0.7431013902491065
122,0.15,0.4487835621066053,0.6539218679248844
123,0.15,0.43138797482828234,0.7100149383759796
124,0.15,0.42899305844247093,0.5889554138251963
125,0.15,0.31527253958791124,0.5058211231391654
126,0.15,0.44468155050588337,0.6304679378004368
127,0.15,0.4496357897906696,0.8113734054958243
128,0.15,0.43958742661768874,0.643066687537771
129,0.15,0.4532323650845387,0.6774922656676962
130,0.15,0.45242791447812075,0.6646562771210034
131,0.15,0.49030215144948086,0.6885192133280157
132,0.15,0.4406005731604659,0.7453896020775947
133,0.15,0.2680757200523364,0.7123896761477905
134,0.15,0.43613946787369684,0.716098084764971
135,0.15,0.4473177068838779,0.7542706125398336
136,0.15,0.44727905536275603,0.6911811867067441
137,0.15,0.25456642712526967,0.7963519741252224
138,0.15,0.453474853785534,0.730062107917191
139,0.15,0.46808540759555717,0.6408638557546843
140,0.15,0.4855788751952574,0.7202196080709035
141,0.15,0.46105815163964875,0.6876789714349708
142,0.15,0.44705862853148226,0.7936961768080729
143,0.15,0.38474878667326723,0.6778368342730762
144,0.15,0.3100639917587588,0.712689527299354
145,0.15,0.4348230346613099,0.6684801230222964
146,0.15,0.44734876911383237,0.6827412699915724
147,0.15,0.46584758997575915,0.8832335783258649
148,0.15,0.3958070015565938,0.5899327166414935
149,0.15,0.44001486097493203,0.7118494068275281
150,0.15,0.44923802778847466,0.757313022745492
151,0.15,0.43798313223166296,0.5799834743813592
152,0.15,0.4469964079668826,0.6987923371364998
153,0.15,0.4568641896379464,0.7818491895966787
154,0.15,0.4530687193327551,0.8012433463238288
155,0.15,0.44910965298866,0.7080141814281014
156,0.15,0.3874397400864002,0.6221101918718178
157,0.15,0.45725882550403024,0.7508434895308027
158,0.15,0.44078188349372593,0.7101349965280539
159,0.15,0.447629771727895,0.6498888987370305
160,0.15,0.4439357570544514,0.5892702824621477
161,0.15,0.40856482780197456,0.7051705137664794
162,0.15,0.3425095875582496,0.5989583443002625
163,0.15,0.4385099052562121,0.6300301136158646
164,0.15,0.4515760448545986,0.7968090898246717
165,0.15,0.44805805681354594,0.581778402628445
166,0.15,0.44952923959710067,0.646686952097673
167,0.15,0.4437397956556906,0.6018047051052936
168,0.15,0.46045433888389764,0.7077425713170462
169,0.15,0.44579112756633726,0.7464294118568596
170,0.15,0.33996054655843627,0.44395064231611076
171,0.15,0.39609384380876045,0.5192736959241121
172,0.15,0.49556598517154393,0.7982251794632036
173,0.15,0.4518444567995764,0.8273158135595945
174,0.15,0.3677809122349965,0.6793210049561628
175,0.15,0.2578729853562345,0.7548947470303637
176,0.15,0.45997289955389176,0.7170460924616581
177,0.15,0.44054466814486537,0.6605728301947864
178,0.15,0.4399004311919908,0.6612655567816448
179,0.15,0.4450623095988346,0.6381909022373619
180,0.15,0.38869332510033305,0.7197771851563549
181,0.15,0.43935054240873783,0.6330069438763358
182,0.15,0.3996283944843033,0.8247049782443393
183,0.15,0.44467551306322306,0.6348515600214497
184,0.15,0.20706797122476567,0.8130901792546387
185,0.15,0.4471435005521985,0.6454409167111963
186,0.15,0.2795875035207537,0.4900283520474399
187,0.15,0.4506988103004943,0.6764511194355531
188,0.15,0.46422825026974124,0.7653946631113503
189,0.15,0.4373471510325214,0.6660703022496857
190,0.15,0.45017281615417387,0.7081848373887775
191,0.15,0.37259947081100514,0.6136695962966638
192,0.15,0.4398554369436731,0.5909630529221168
193,0.15,0.44870263387386256,0.6860141587415405
194,0.15,0.4544411869607117,0.77456257113553
195,0.15,0.4476777761249943,0.7714338842573564
196,0.15,0.28218484646647585,0.6659997948167455
197,0.15,0.4477091128778225,0.7145631396209684
198,0.15,0.44682587081203656,0.5770534910565763
199,0.15,0.4376217611234084,0.6330805430200551
200,0.15,0.45078732455730636,0.7736342561064746
201,0.15,0.4463572336658643,0.6627441080859235
202,0.15,0.44773051283584225,0.730721132434373
203,0.15,0.3433237749861521,0.6689943940039396
204,0.15,0.39819023459709646,0.5921190054803849
205,0.15,0.44139691381367396,0.6487763797676814
206,0.15,0.401814157136829,0.7098500385714156
207,0.15,0.44624899443348576,0.6336556057169402
208,0.15,0.4623606459882015,0.7350350696344261
209,0.15,0.43083707162466045,0.6558249521603944
210,0.15,0.4445883247082983,0.837127193875082
211,0.15,0.4579696582884934,0.7177291174435622
212,0.15,0.3949329596708067,0.6878630459675316
213,0.15,0.4496797488204602,0.6193566862177877
214,0.15,0.4553998119133901,0.7296705902660551
215,0.15,0.4429426226805095,0.7383657577784265
216,0.15,0.43637300145269686,0.6771584742495778
217,0.15,0.4518200314494281,0.6870660134112079
218,0.15,0.44901988061851644,0.7229320174475805
219,0.15,0.4292295724343936,0.5729805533295317
220,0.15,0.44539712045586116,0.5929561180653016
221,0.15,0.4595633340578342,0.7190408689452271
222,0.15,0.3832755798186148,0.560257173383812
223,0.15,0.44802062756609407,0.7755864226693537
224,0.15,0.38777851867634117,0.6746781426117652
225,0.15,0.44276181352743943,0.6293420687595297
226,0.15,0.43618906625158615,0.6103989108219203
227,0.15,0.42943807204549816,0.6569849650962925
228,0.15,0.45147169352527344,0.7310075386198739
229,0.15,0.4558063383718092,0.7606629213916143
230,0.15,0.04466981261264407,0.7802388465667833
231,0.15,0.4463706376045706,0.6872268459462257
232,0.15,0.44345636804956057,0.6059465761251381
233,0.15,0.4252529344264627,0.5534149023843867
234,0.15,0.33990921040623095,0.7174741029393866
235,0.15,0.4087747564515521,0.590288181456295
236,0.15,0.4428781796154996,0.7170993127912401
237,0.15,0.4593946064018192,0.8145205342965853
238,0.15,0.3489690354319788,0.6374839121380081
239,0.15,0.4427256947889453,0.6729655257565224
240,0.15,0.4320837491086226,0.6372066121527824
241,0.15,0.37730563857198646,0.5335955977159204
242,0.15,0.4572529576715374,0.6518335325744671
243,0.15,0.44732488899303036,0.6588825256217202
244,0.15,0.4523464381189143,0.7543107017186741
245,0.15,0.4529493783282103,0.7303129845146086
246,0.15,0.44578436784276093,0.598717723459456
247,0.15,0.448006361944526,0.6901960175255796
248,0.15,0.45978431860895125,0.7854764348282852
249,0.15,0.4755047850460645,0.7996432864237776
250,0.15,0.457777351838245,0.6946270823250205
251,0.15,0.4566025669190523,0.5855523156926342
252,0.15,0.3701769727186999,0.4869421094638947
253,0.15,0.4487094953177741,0.6763786249923217
254,0.15,0.45311920163237807,0.7202847960197215
255,0.15,0.4332122477705004,0.848843558373261
256,0.15,0.4458687909316908,0.6421224410444613
257,0.15,0.45223181825284436,0.6600375425857614
258,0.15,0.38789362066582184,0.6734193079008031
259,0.15,0.4632771584762279,0.7510246310297292
260,0.15,0.4410014090967698,0.6605652873983985
261,0.15,0.3892876275201976,0.5507156303972862
262,0.15,0.44951731307412673,0.6565685434295486
263,0.15,0.39542105511067877,0.6201149162276346
264,0.15,0.4435997160633007,0.5957906381540854
265,0.15,0.46035457704920846,0.7947735375919358
266,0.15,0.3709006511442326,0.6336231423301872
267,0.15,0.3975241710261444,0.6552461131320213
268,0.15,0.4366987425157069,0.6510861951779036
269,0.15,0.4440423706459512,0.7044198471459823
270,0.15,0.45431523994511436,0.7731460817437581
271,0.15,0.44534041737637114,0.5510972738728201
272,0.15,0.46964888885890654,0.6148370779052571
273,0.15,0.45170985138359804,0.6978901255220517
274,0.15,0.4518421047982399,0.6682006332504411
275,0.15,0.44718485996232465,0.691676475761051
276,0.15,0.4382971651962419,0.6758706507240587
277,0.15,0.41572207295314517,0.5202844005102342
278,0.15,0.31479760854645583,0.5244188109339781
279,0.15,0.4591616660086899,0.7440874887277188
280,0.15,0.4520113247340676,0.6570197528369499
281,0.15,0.4422190122745644,0.7745871540718333
282,0.15,0.3039897997010143,0.6075566027202709
283,0.15,0.44916378485742603,0.5841670699855189
284,0.15,0.4468550918379544,0.5955511935677442
285,0.15,0.4491575536317594,0.6676269869609921
286,0.15,0.463652892658246,0.702290703137412
287,0.15,0.4555030735678549,0.5316929572374697
288,0.15,0.4498734947174196,0.7625117065327989
289,0.15,0.43780835779054555,0.6429225805477464
290,0.15,0.4418737481829876,0.5865497228695683
291,0.15,0.45051044642736887,0.7097608918455035
292,0.15,0.4454958770454416,0.7046945539879688
293,0.15,0.4426038389394012,0.6403231877891119
294,0.15,0.3156498711578318,0.6433404304496927
295,0.15,0.3924488879356058,0.7199437602014339
296,0.15,0.45086470382730187,0.6388354935904131
297,0.15,0.4631012085675156,0.7956572756951341
298,0.15,0.45877518281297225,0.6662592325609823
299,0.15,0.4484527782823879,0.7511973532043864
300,0.15,0.44317008952666703,0.7084849981725458
301,0.15,0.45000590430087406,0.7009078317245094
302,0.15,0.4527676830119867,0.7650524582587199
303,0.15,0.4427925671352186,0.7281147178483525
304,0.15,0.45832384267441956,0.7231949962078327
305,0.15,0.44432555336435414,0.7153294940675484
306,0.15,0.45040107316227057,0.7678385006543117
307,0.15,0.45076503764783227,0.6846684134801295
308,0.15,0.45857497494062005,0.7166240196453325
309,0.15,0.401358212147361,0.6487017156789967
310,0.15,0.4574616288239312,0.7478605940207573
311,0.15,0.2796030452679656,0.7288993231716606
312,0.15,0.16733691979748788,0.6101286915388369
313,0.15,0.44692758614548317,0.7235647027437356
314,0.15,0.44555741760068757,0.5467703621071006
315,0.15,0.4441415721045406,0.6776503088569735
316,0.15,0.4575355026387619,0.7811513150067603
317,0.15,0.46336498347910315,0.7049982158513816
318,0.15,0.39400748951741255,0.6692206122718852
319,0.15,0.45806062431899724,0.568721413313493
320,0.15,0.3419243779279633,0.5842429068105042
321,0.15,0.3387619354576997,0.6565275446787338
322,0.15,0.44966570372844966,0.6915869501890384
323,0.15,0.4465883793694786,0.6701195031265074
324,0.15,0.4225623939911582,0.6574128666804347
325,0.15,0.44707104813083315,0.7147336714423914
326,0.15,0.44374203260977507,0.746337082635586
327,0.15,0.4578267693031402,0.7026467308524866
328,0.15,0.44680270565471714,0.7955880332022983
329,0.15,0.4453945438357267,0.6253148058172289
330,0.15,0.46107331720162503,0.7554738756573326
331,0.15,0.2131825306751149,0.5789792857519437
332,0.15,0.4482595693850745,0.6914516451629116
333,0.15,0.44734007256181796,0.6883461383869447
334,0.15,0.44687232678231953,0.6592412177666496
335,0.15,0.44869747140743715,0.7211826293952712
336,0.15,0.4467511490664229,0.6132214781924892
337,0.15,0.4589155342073507,0.7399215165392813
338,0.15,0.45794741268370875,0.7195447966917436
339,0.15,0.3257329444610824,0.4845519059720174
340,0.15,0.4610518639355234,0.7086214764872086
341,0.15,0.4493619602641558,0.7335673469108612
342,0.15,0.4484184183869213,0.6739570585195773
343,0.15,0.44802194493272396,0.7606984802072344
344,0.15,0.44357826201810147,0.6720390989138131
345,0.15,0.458214489728359,0.6437451918165751
346,0.15,0.3794616213696215,0.7608761893887211
347,0.15,0.4507791829675129,0.6867644650515369
348,0.15,0.4380128927020935,0.6233802734230451
349,0.15,0.4456740891520893,0.7600922545718602
350,0.15,0.45413738506393003,0.7016691882571033
351,0.15,0.385111364724401,0.6404972011578481
352,0.15,0.4479928794341074,0.5598220497950758
353,0.15,0.3994261168582935,0.5517576163655543
354,0.15,0.3811447465876649,0.6454477158448962
355,0.15,0.44044183079103155,0.5880882845055176
356,0.15,0.44637833797154747,0.6546233263706328
357,0.15,0.45074932876266727,0.664212034603539
358,0.15,0.44566507824145024,0.7099830208720419
359,0.15,0.45817534736869087,0.5816960593674486
360,0.15,0.43490188268506447,0.6714523686880532
361,0.15,0.4608353598180057,0.6586794267767071
362,0.15,0.4621859045810888,0.6887762736456898
363,0.15,0.4703051106420691,0.6526941575559558
364,0.15,0.4533687791387385,0.7733193345799944
365,0.15,0.45380050880903433,0.6610023363642544
366,0.15,0.44621274643149317,0.7864731854349021
367,0.15,0.4272562785850873,0.7586351557010299
368,0.15,0.44639201612739304,0.6951272555261584
369,0.15,0.4453616264900415,0.63409923154596
370,0.15,0.45358692972632275,0.6790240413772712
371,0.15,0.3943776299411794,0.747235666803452
372,0.15,0.4411698832007431,0.6721379226403309
373,0.15,0.3739684693918475,0.4642850052995637
374,0.15,0.43067894650546545,0.6645460747216267
375,0.15,0.37594555108672334,0.7499596364675171
376,0.15,0.3610862669786069,0.4874970249183324
377,0.15,0.46387413163181684,0.737027061857204
378,0.15,0.4173894849709098,0.6499249816296231
379,0.15,0.4500819979833529,0.6782321091822517
380,0.15,0.396250290308481,0.5949724121252942
381,0.15,0.43253270033012153,0.7373228250503703
382,0.15,0.443825970647875,0.5365922906310779
383,0.15,0.44315661629842945,0.7177962510431299
384,0.15,0.3863449587212726,0.7585031226710989
385,0.15,0.34545702276009344,0.7713535990884071
386,0.15,0.45649753194722237,0.6679729063589996
387,0.15,0.4444687549864686,0.6586924087087606
388,0.15,0.4755043222367548,0.630584089407311
389,0.15,0.4472739667643275,0.6734191300246819
390,0.15,0.4414632589566903,0.6496140903814557
391,0.15,0.4543401679656719,0.6182953929700377
392,0.15,0.44384493126567554,0.7047267618787406
393,0.15,0.47762888636458595,0.7462784150205577
394,0.15,0.39439611712776523,0.6551138425402184
395,0.15,0.4288596157300441,0.6852240536069716
396,0.15,0.4023035004066945,0.5724171879616997
397,0.15,0.3255209007953733,0.6684218683400153
398,0.15,0.44761537375909455,0.7255849040270106
399,0.15,0.45299228452895285,0.6798413370785952
400,0.15,0.44419406986483956,0.7127366220041137
401,0.15,0.44823975551412126,0.6041064054908214
402,0.15,0.22548062511918116,0.6403659508644797
403,0.15,0.45005607590092434,0.6577730917698985
404,0.15,0.39537426749493865,0.6201156111015699
405,0.15,0.28786922918806424,0.620100573959547
406,0.15,0.4498073917355521,0.7765766057469201
407,0.15,0.4373898664027726,0.593035292806909
408,0.15,0.30624226728453713,0.6753016497367204
409,0.15,0.4470827510895362,0.6729259322510656
410,0.15,0.41517097300173844,0.7091807301123091
411,0.15,0.45311027138093507,0.62227454227436
412,0.15,0.28611210446908825,0.5842152397148482
413,0.15,0.4644132115343641,0.7532623841242643
414,0.15,0.44974362538188734,0.6857510366526742
415,0.15,0.43506957352217407,0.7593174467269992
416,0.15,0.3203269812357476,0.46616243705906074
417,0.15,0.4404504426531178,0.6077039820266534
418,0.15,0.44262218778654233,0.5943198796501487
419,0.15,0.4440885646898526,0.5987452887182877
420,0.15,0.4589755633751831,0.6871465679901583
421,0.15,0.40022461474123666,0.5927263652823218
422,0.15,0.45291630823806633,0.7634970961789227
423,0.15,0.38813085445544937,0.589902396665916
424,0.15,0.4482601020173357,0.7490663779801509
425,0.15,0.4460721706856984,0.626955374380417
426,0.15,0.4489029042708792,0.7520246092114865
427,0.15,0.3441803657080328,0.7309052208108049
428,0.15,0.4547476656319337,0.7843174874614328
429,0.15,0.3176455280446859,0.6565979504916095
430,0.15,0.44885720802571477,0.735232967727493
431,0.15,0.4541632839930618,0.7499791995854062
432,0.15,0.45226530075637295,0.7607921884973714
433,0.15,0.4000348646511736,0.7144660659951704
434,0.15,0.25668037178395015,0.6718881636930404
435,0.15,0.4562721224137505,0.7677755329700818
436,0.15,0.446224228718596,0.5953769430208081
437,0.15,0.4435924240794648,0.5959725322867305
438,0.15,0.33728758898182454,0.5896183036054514
439,0.15,0.4447593359518307,0.773409633630011
440,0.15,0.4464792876391499,0.6652616536885966
441,0.15,0.35930407339759257,0.6324363412959756
442,0.15,0.4345359463655028,0.710677016374668
443,0.15,0.4294090361446732,0.6095871562515115
444,0.15,0.4451111794355695,0.6281197256207556
445,0.15,0.4073289060122865,0.6095237407389289
446,0.15,0.4650302489636134,0.7333167485308034
447,0.15,0.45520622052212045,0.7424304706424484
448,0.15,0.44141163510254855,0.6240862783810647
449,0.15,0.45023321684858064,0.7081541081834425
450,0.15,0.36126568769017336,0.6038365040159421
451,0.15,0.4066078418462561,0.5957944852841804
452,0.15,0.456850857435695,0.7372703705578866
453,0.15,0.4547406256991387,0.6486827705824116
454,0.15,0.4219759616223649,0.6654421627358922
455,0.15,0.36110066873144325,0.5554683510648295
456,0.15,0.4523259114795358,0.7612089790869536
457,0.15,0.45399554715651386,0.8166965474886195
458,0.15,0.4604132839576386,0.7387406691054337
459,0.15,0.44559312258695893,0.6200050110860625
460,0.15,0.450279419413435,0.7406319700560935
461,0.15,0.341693639096025,0.6768492783673627
462,0.15,0.4479594578734716,0.6520515851143032
463,0.15,0.4477982883137403,0.7435279683865135
464,0.15,0.4431409560487892,0.6750458554221997
465,0.15,0.4627676826422975,0.814966519954365
466,0.15,0.4478464510759621,0.6912762629776497
467,0.15,0.456157435385866,0.7336636271642007
468,0.15,0.4489504195730912,0.707789776699962
469,0.15,0.39223647714885734,0.728276480875691
470,0.15,0.28816558776707746,0.6091521968355893
471,0.15,0.44217526142811403,0.7719341981330042
472,0.15,0.48472989510326325,0.7852522849706902
473,0.15,0.3619592885626403,0.6547845108648109
474,0.15,0.4526010871736923,0.6787193345358388
475,0.15,0.2679872037197623,0.7058364376124642
476,0.15,0.4578276927980168,0.7841529776102815
477,0.15,0.45293776313182055,0.6263792427573991
478,0.15,0.38313893810288246,0.5680335672600607
479,0.15,0.46054944884253285,0.657708291195833
480,0.15,0.4483770794194362,0.611466090673361
481,0.15,0.4506491185631153,0.6075142555935519
482,0.15,0.4631828152849448,0.6640261301447334
483,0.15,0.449666754525242,0.7257690715441403
484,0.15,0.47159701156579514,0.8444541172814258
485,0.15,0.4541470904564747,0.7189113023341582
486,0.15,0.4483318442019103,0.6364965084674307
487,0.15,0.44415515520182236,0.6994842647915851
488,0.15,0.47252579179596266,0.6767202695791232
489,0.15,0.44466580813797785,0.6701649025676868
490,0.15,0.43022225856159013,0.6803007512803947
491,0.15,0.45271934931667374,0.7357218457388512
492,0.15,0.4548143235766553,0.6572430478499974
493,0.15,0.4540386336585064,0.7753396970813701
494,0.15,0.4421299997870112,0.7543528398412375
495,0.15,0.4540988182311136,0.6632511933279067
496,0.15,0.45665283501971676,0.7639311340206255
497,0.15,0.4521897255798393,0.7512415771272167
498,0.15,0.4439744772001395,0.5939270662520528
499,0.15,0.4366012112334213,0.6115485113948156
500,0.15,0.27849914640848644,0.682659032942543
