iteration,gamma,acetate_threshold,max_growth_rate
1,1.0,0.7496585971850878,1.0127111905559585
2,1.0,0.7448489839525357,0.9934134549497899
3,1.0,0.7074137825556603,0.9778378473901098
4,1.0,0.7433237430009572,1.0029698691573077
5,1.0,0.7422190861764437,0.9940846320019412
6,1.0,0.7406531116194991,0.9857705412762243
7,1.0,0.7443757285758933,0.9798307023416551
8,1.0,0.7433313015466301,0.9848748270258295
9,1.0,0.7451069554714733,0.9991543571283144
10,1.0,0.7458449296454496,0.984193026372438
11,1.0,0.7434162101889101,0.9970397477717041
12,1.0,0.7435250633237742,1.0043270839106377
13,1.0,0.744712630722611,0.9974407470422758
14,1.0,0.7450294402516557,0.9853981615764585
15,1.0,0.7433157789582431,1.0036802029992704
16,1.0,0.7450686526621577,1.007688981701679
17,1.0,0.7372119668871833,0.9796007226596601
18,1.0,0.7425277797613434,0.9862878746758738
19,1.0,0.7435917260933465,1.0037700768326199
20,1.0,0.744001489006011,1.022063321859787
21,1.0,0.7472171619269528,1.0315803635005776
22,1.0,0.7458297025794653,1.0138474455853625
23,1.0,0.743394125430338,0.9922145968458242
24,1.0,0.7487776745257837,1.0194308034478488
25,1.0,0.7434062397780964,0.9864384653727898
26,1.0,0.7442041917819117,0.9873832862079837
27,1.0,0.7409934480437037,1.004687757451447
28,1.0,0.7485062451710734,1.0114763356458563
29,1.0,0.7461353177290014,1.0035191014196616
30,1.0,0.748661796992348,1.0162321600476263
31,1.0,0.7482090805589098,0.9997707337549127
32,1.0,0.7492927984463572,1.0076827715940693
33,1.0,0.7387869384212823,0.9666407153536363
34,1.0,0.7462378024362684,0.9967989699567523
35,1.0,0.7421383750623218,0.9872522750799545
36,1.0,0.7445607596390973,1.00487177704361
37,1.0,0.7410526137852689,0.9932514011943834
38,1.0,0.7429759964271636,0.9863797924441131
39,1.0,0.7465121198464182,1.0078136171117051
40,1.0,0.7429447639700314,0.984000773117353
41,1.0,0.742470105317464,0.9920616481750283
42,1.0,0.7452831658451484,1.0135499933988916
43,1.0,0.7424377528957142,0.9780004412764932
44,1.0,0.7455138102242445,1.0078786678471523
45,1.0,0.7467744038138945,1.0220200299039772
46,1.0,0.7336000567902521,0.9698727249517468
47,1.0,0.7461301744181829,0.9957902079673254
48,1.0,0.7475074648504623,1.0339753202159732
49,1.0,0.7469652985686472,1.0003085344041227
50,1.0,0.747929449656521,1.0090886795914336
51,1.0,0.7444142295505051,1.0081306304634237
52,1.0,0.7434724591309217,1.0035623941167706
53,1.0,0.7425887870748292,0.9984530848044624
54,1.0,0.7422245725227096,0.986698233761052
55,1.0,0.7438606768301473,1.0117052127493293
56,1.0,0.7440788137778065,0.9718366177084172
57,1.0,0.7468921225537052,1.0101084229462336
58,1.0,0.6979109455504097,0.9464858000802152
59,1.0,0.7477302906186568,1.0111132307822561
60,1.0,0.744247210550933,0.9995948989727684
61,1.0,0.7432236217220486,0.9907790009622145
62,1.0,0.7401475881115426,0.9708722706756694
63,1.0,0.733812579475192,0.988153449895884
64,1.0,0.6904950824098978,0.9713940887978912
65,1.0,0.7482172622467119,1.0182834621289487
66,1.0,0.7431524616517465,1.0034303206236108
67,1.0,0.7456211799790771,0.9957196596612475
68,1.0,0.7450353829286481,1.0031728347675517
69,1.0,0.7460662255998901,0.9806103015855163
70,1.0,0.7456363744188818,0.9900951746660847
71,1.0,0.7366028790731215,0.9778370270974708
72,1.0,0.735672189626626,0.9786889027892308
73,1.0,0.7470647912061004,0.9930474480594857
74,1.0,0.7496314204309825,1.0087814736169873
75,1.0,0.7351079746896796,0.9573994034428525
76,1.0,0.7433234945006867,0.9882790381093555
77,1.0,0.7470096616024918,1.0024412107691212
78,1.0,0.7467224079425973,0.9940524704582461
79,1.0,0.7425937935112686,0.9971522881408064
80,1.0,0.7456414634224502,1.0267727330226237
81,1.0,0.7100207495019715,0.9695736245094394
82,1.0,0.7403420318852656,0.9614166728584682
83,1.0,0.7431709410923171,1.0073208269414873
84,1.0,0.7395083542707845,0.9695517659120851
85,1.0,0.7458668752685896,1.0152257755158722
86,1.0,0.7503891134171949,1.0138217229291293
87,1.0,0.7440110099759162,1.016053321866408
88,1.0,0.7112793432959869,0.9869967691414614
89,1.0,0.7426597847825147,0.9677357623066567
90,1.0,0.7478006916454856,1.012029451928354
91,1.0,0.7400620431258111,0.9854329695728176
92,1.0,0.7477274805672908,1.025821319351139
93,1.0,0.7455157393626419,0.9966828825800994
94,1.0,0.7429232272942011,0.9947684667606926
95,1.0,0.7401804932029626,0.965754399077662
96,1.0,0.7475961693095142,1.0090026855296057
97,1.0,0.742869534198013,0.9684177110234375
98,1.0,0.7489501623620751,1.0186418004035855
99,1.0,0.6977736777398055,0.9617592050407222
100,1.0,0.7444183960860524,0.9845012522154531
101,1.0,0.7457702042371158,1.0233103175767433
102,1.0,0.7475755926249765,1.0155397213529544
103,1.0,0.748504302632288,1.0295896087226484
104,1.0,0.7464050715793927,1.0044983036994608
105,1.0,0.7459804835486205,1.0132664684353248
106,1.0,0.7455233188344641,1.0026606471789632
107,1.0,0.7432372433066416,0.9910868320092827
108,1.0,0.7470471101347793,1.0066703274290767
109,1.0,0.7463801155955382,1.0037387641491826
110,1.0,0.7495673555685233,1.030300334378543
111,1.0,0.7472391976367555,1.0115632500119043
112,1.0,0.7520168249634016,1.0340469826486247
113,1.0,0.7418720751923473,0.9755222346342891
114,1.0,0.7426088835756828,0.9814831912917982
115,1.0,0.7484666946128314,1.0161159832229674
116,1.0,0.7452391685392856,0.9927821208914053
117,1.0,0.7464340130265046,0.9969880009606334
118,1.0,0.7466293204448596,1.0004783079526265
119,1.0,0.7452140436999223,0.9967250291741219
120,1.0,0.7422622630129266,1.0032065774324863
121,1.0,0.7346780183302122,0.9639852467861959
122,1.0,0.7488452240672473,1.0256296136189813
123,1.0,0.7476148990218378,1.0254073083927602
124,1.0,0.7499046537283041,1.0281368017496477
125,1.0,0.7363282895172581,0.9697559142826563
126,1.0,0.7502640041981052,1.0260009374033352
127,1.0,0.7470663604244823,1.0103933052005927
128,1.0,0.7468265065550869,1.0197495320680674
129,1.0,0.706780045497278,0.9859466300980574
130,1.0,0.7478225118511398,1.011540048868551
131,1.0,0.7448582701692363,1.0013816691371071
132,1.0,0.7423129578239265,0.9898160987030112
133,1.0,0.7513631358296818,1.031313090507133
134,1.0,0.7468021382818055,0.9975894339076058
135,1.0,0.7394009225645005,0.970863933566311
136,1.0,0.7406432774168789,0.9746743388186287
137,1.0,0.7410132377003886,0.998625307213945
138,1.0,0.7449786995765989,0.9745494148280549
139,1.0,0.7462063463893838,1.0113289377195132
140,1.0,0.7387717622586243,0.982930617820252
141,1.0,0.74040661915881,0.9648844535477932
142,1.0,0.744548328830697,1.0007132982470022
143,1.0,0.7408638219379096,0.9923687917208363
144,1.0,0.7494591250855577,1.0148715035818787
145,1.0,0.7459698217858995,0.9900974224441381
146,1.0,0.7409157511909107,0.9807449455469219
147,1.0,0.7455226261609497,1.010732786942706
148,1.0,0.7449199131555477,1.0045719025990338
149,1.0,0.7472579027964316,0.9975351405872437
150,1.0,0.7456996917106361,0.9930337017185636
151,1.0,0.7484022279532185,1.0119053563353186
152,1.0,0.7426015538508484,0.9848047578671874
153,1.0,0.7447438915474615,0.9895150021678218
154,1.0,0.74809262701014,1.0058805027534108
155,1.0,0.7434753708788456,0.9786112921142434
156,1.0,0.7482010464285039,1.0130012090736689
157,1.0,0.7448795139122034,0.9809551978436724
158,1.0,0.7439605369704828,0.9918001364099527
159,1.0,0.747565542945115,1.01127128170525
160,1.0,0.742923013372893,0.9948712581274901
161,1.0,0.7425727675640232,0.9842108826550592
162,1.0,0.7501247107092603,1.0274571134118362
163,1.0,0.7103791654107996,0.9590818074478331
164,1.0,0.7439363158160032,0.9880369301267972
165,1.0,0.745779620598199,1.011241208213521
166,1.0,0.7466093414584939,1.0044974963559203
167,1.0,0.7479368820428527,1.0145615303490172
168,1.0,0.7427397266850916,1.000012709609747
169,1.0,0.7448537457599824,1.0082283556169729
170,1.0,0.7397329046895625,0.9715729568918916
171,1.0,0.7421506425391022,0.9942040853005606
172,1.0,0.7415675168655691,0.9816860074667116
173,1.0,0.7461153112250147,1.0041064975244383
174,1.0,0.7480942888242353,1.004441797789394
175,1.0,0.7489118980357802,1.0367702989939727
176,1.0,0.7423597640793302,0.9822482352079002
177,1.0,0.7427040076783505,0.9962098934115319
178,1.0,0.7399424187491902,0.9795117970659316
179,1.0,0.7475536666887816,1.0050343267735096
180,1.0,0.747511200586911,0.9958826124101667
181,1.0,0.7424442133620865,0.9998259626354847
182,1.0,0.7448358569866673,0.9899190357084752
183,1.0,0.7475380365657586,1.0149028558854443
184,1.0,0.7457609342529823,1.0048657988481422
185,1.0,0.7373477628455372,0.9655028861824115
186,1.0,0.741251070564087,0.9847018149407366
187,1.0,0.7377564555793231,0.9659746543914435
188,1.0,0.7453760209348209,1.0126413987989902
189,1.0,0.7462137398665704,0.99864794658232
190,1.0,0.7463908234499042,1.0151863372157315
191,1.0,0.7429958882785056,0.9949470778770855
192,1.0,0.7482458134585416,1.0212508623320642
193,1.0,0.6983244907495131,0.9459079878601818
194,1.0,0.7439114767314089,1.006926919764408
195,1.0,0.743416556379548,1.0057171614978195
196,1.0,0.7413192334463005,0.9786644290613609
197,1.0,0.7368056092618832,0.9611128048427406
198,1.0,0.7406025458297335,0.9762689545313905
199,1.0,0.7380890619490392,0.9621696459729104
200,1.0,0.7395051463742321,0.9902516140699117
201,1.0,0.7400807199616085,0.9625394076225692
202,1.0,0.7419767121820782,0.9850419431399137
203,1.0,0.7349029037947227,0.9635259624250809
204,1.0,0.7449643859168699,0.9991493805490765
205,1.0,0.7465190506914059,1.0235343354048847
206,1.0,0.7373293864719488,0.9478889561941714
207,1.0,0.7422269277259007,0.9855810430978258
208,1.0,0.7391227674678416,0.9742498835793522
209,1.0,0.7475678914767352,1.0053979627533258
210,1.0,0.7422089794804585,0.9915915811781126
211,1.0,0.7401329565280201,0.9800462922049593
212,1.0,0.7479437056301306,1.0202513676248943
213,1.0,0.7436546966802987,1.002367013658818
214,1.0,0.7470225224096786,0.9951303013625379
215,1.0,0.7486629437163491,1.0348867431293376
216,1.0,0.7424243499469011,0.991235418999367
217,1.0,0.7431127354319543,0.9766633762615702
218,1.0,0.7423620869489252,0.9966254157638361
219,1.0,0.7432307478037783,0.9829145573986168
220,1.0,0.7422121208184331,0.9869412787061724
221,1.0,0.7417018060756233,0.9928020713446484
222,1.0,0.7411684659802004,0.9866728748699515
223,1.0,0.7466456990349101,0.9993806992942068
224,1.0,0.7464659528812198,1.010837509746305
225,1.0,0.7458462717090062,1.0126821547990386
226,1.0,0.7490713390812489,1.014469137867652
227,1.0,0.7457812079992023,1.006714021591709
228,1.0,0.7468882814142197,1.004293376096459
229,1.0,0.7417373930249278,0.9840188251004951
230,1.0,0.7423655076462232,0.9763037159532838
231,1.0,0.7425136079798922,0.9964187291094387
232,1.0,0.735130958847015,0.9643031321956489
233,1.0,0.7463166861284087,1.0060694101893397
234,1.0,0.7446107808494076,0.9874904388704472
235,1.0,0.7446512163163456,1.0034327846821436
236,1.0,0.7457726667428141,0.982975755831046
237,1.0,0.7478825180557371,1.020149576034507
238,1.0,0.7461307884773299,1.0027038101857297
239,1.0,0.7499335815288461,1.0360028234192817
240,1.0,0.7474290495420379,1.021494336552043
241,1.0,0.74202189270488,0.9814444027642293
242,1.0,0.7490077786882372,1.0317529191773422
243,1.0,0.7480342786010842,1.0145391535310624
244,1.0,0.7495301538602168,1.034531745684526
245,1.0,0.7464748890301125,1.0154532376272276
246,1.0,0.745014920186572,0.9772185677715483
247,1.0,0.745880793622825,1.0013843595571077
248,1.0,0.7062692623528884,0.9612285706667099
249,1.0,0.7402568329653453,0.985257843446597
250,1.0,0.7504319001146805,1.0314077492914202
251,1.0,0.7424009331913367,0.9918844623003271
252,1.0,0.7473164240196787,1.004562459758547
253,1.0,0.7099956379124834,0.9689069832070845
254,1.0,0.7480061041302973,1.0114782309887147
255,1.0,0.7478691500672386,1.0130291959019748
256,1.0,0.7444735533310193,0.9834565911073935
257,1.0,0.7432773760585586,0.973644708605395
258,1.0,0.7400351732993664,0.9959398927834303
259,1.0,0.74057267722736,0.9790252864816461
260,1.0,0.751161121424108,1.0409793176909494
261,1.0,0.7475945577372651,1.0234379640602427
262,1.0,0.7410900376111548,0.9785032610180663
263,1.0,0.750871247336349,1.0448421734161184
264,1.0,0.7443666267158857,1.0067607229706508
265,1.0,0.7451662354073646,0.9967948654816534
266,1.0,0.7401513865601995,0.9753639054100419
267,1.0,0.7454957002498762,1.0013900114583543
268,1.0,0.7408178542379337,0.9888236588624949
269,1.0,0.7427289040913105,0.9827730756860082
270,1.0,0.7422802726557305,0.996698430521654
271,1.0,0.7458996521594964,1.0095393774452928
272,1.0,0.7452233817884923,0.9908064949876961
273,1.0,0.7475191877807446,1.0055433016771207
274,1.0,0.7420070436065108,0.9693411851362126
275,1.0,0.7447506067672328,0.994598141845259
276,1.0,0.7398545526246694,1.0020838911488366
277,1.0,0.7449640048452886,0.9918012488149324
278,1.0,0.7054517150982742,0.9493732311472753
279,1.0,0.7450208068033541,0.9836244020958834
280,1.0,0.7403669044677039,0.997559653596766
281,1.0,0.7406488224010431,0.9852560944526487
282,1.0,0.7403807777788404,0.9767326810153486
283,1.0,0.745173687349575,1.004512054361197
284,1.0,0.7423789719951215,0.9855780433162321
285,1.0,0.7455683052831927,1.009757558760257
286,1.0,0.7481454734628521,1.011808717869128
287,1.0,0.7436052015047498,0.9959748814697028
288,1.0,0.7406900531392312,0.9971134583425647
289,1.0,0.7394883805341331,0.970436674217298
290,1.0,0.6967975309687949,0.9604102383827562
291,1.0,0.745584438573956,1.014810300669006
292,1.0,0.7457883635814724,0.9814159783542088
293,1.0,0.7481340153649776,1.0256730874282072
294,1.0,0.7455314405610561,1.0131724526642873
295,1.0,0.7477742203257036,1.0220147094149177
296,1.0,0.7115098289789763,0.96341153480765
297,1.0,0.7469815790840719,1.01490091244277
298,1.0,0.7456319837643723,1.013614634962406
299,1.0,0.7416747703369626,0.9914252655176963
300,1.0,0.7436809798733155,0.9933714550723122
301,1.0,0.7480425157702254,1.0183894922987915
302,1.0,0.7475322535865859,1.0044360428298957
303,1.0,0.7448917933962821,1.002933908560227
304,1.0,0.7458138877482808,0.9989515431506835
305,1.0,0.744091527168103,0.9943527823736938
306,1.0,0.7419049037062819,0.9911733348964697
307,1.0,0.7422682844980171,0.9624212244039955
308,1.0,0.7465622733662133,0.9869845358605664
309,1.0,0.7414266991434334,0.9917695875733883
310,1.0,0.7357707739576919,0.9704387571590178
311,1.0,0.7487398349353237,1.0070539824491198
312,1.0,0.7423731037700892,0.9971617939855539
313,1.0,0.7362220169702196,0.9730650978545575
314,1.0,0.742707249280229,0.9967757895503437
315,1.0,0.7484951932989724,1.0139458550233422
316,1.0,0.7446060891630046,0.9992735639482443
317,1.0,0.7448710744703594,1.0055860184470804
318,1.0,0.6811871248537653,0.9409818691269597
319,1.0,0.7406952126715755,0.9880333976298378
320,1.0,0.7422605609696556,1.0016607752952407
321,1.0,0.7452655754973003,1.0096898664057112
322,1.0,0.7480112644993244,1.0194983771182895
323,1.0,0.7449387980126049,0.9946810148031318
324,1.0,0.75136916213321,1.0507083820146101
325,1.0,0.7411715343237611,0.9728807483890837
326,1.0,0.7449997121989533,1.0211323699474966
327,1.0,0.7444718802842822,1.0082659626828
328,1.0,0.7469791453821703,1.0244200733085391
329,1.0,0.7465650603568411,0.9974570765389532
330,1.0,0.7431061339570589,1.0013513756369303
331,1.0,0.7364252532760983,0.9724073128236397
332,1.0,0.7424782060273527,0.977506114302902
333,1.0,0.7459151949733176,0.997197950980716
334,1.0,0.7451489295823541,0.9820494568998285
335,1.0,0.7417165975035928,0.9856598545787376
336,1.0,0.7478763759321021,1.023260880093853
337,1.0,0.7452833935767648,1.0146042294912334
338,1.0,0.7456649281604559,0.9960945768333639
339,1.0,0.6893498156463561,0.9674062271608698
340,1.0,0.7397769049505866,0.9787681968695033
341,1.0,0.745016700409439,0.9901364319835915
342,1.0,0.7435814979464065,0.9785481582626708
343,1.0,0.7442740940511792,1.0098804151932863
344,1.0,0.7421579724869448,0.9833094319998164
345,1.0,0.7429003981140964,0.9987544741869823
346,1.0,0.7408580625901099,0.9896104670499081
347,1.0,0.7467268962650934,1.0044089041887134
348,1.0,0.7393886671535439,0.9798344922043691
349,1.0,0.7456095151048622,0.9973985886822274
350,1.0,0.7040939237477148,0.9654901668368516
351,1.0,0.7458606749698414,0.9987870726985552
352,1.0,0.7427714328796805,0.9922747238596041
353,1.0,0.7327545037627768,0.958404404913841
354,1.0,0.7482612678608735,1.0144439892489376
355,1.0,0.7454180944245148,1.0122235562467943
356,1.0,0.740341955016443,0.9745470832734342
357,1.0,0.7463043839314383,0.9969064629662329
358,1.0,0.7486126724385459,1.037828025001613
359,1.0,0.7435913068372232,0.9890663565253015
360,1.0,0.7407846372824631,0.9819802053489914
361,1.0,0.7468481583016531,1.0240243108219973
362,1.0,0.7477835972383081,0.9996342937022484
363,1.0,0.7432302389186163,0.9878678914059278
364,1.0,0.7449299117922222,0.9976872694720972
365,1.0,0.7486977984152092,1.0250573475440696
366,1.0,0.7389937614602404,0.9811220718796154
367,1.0,0.7406949373853415,0.9797670619624314
368,1.0,0.7480650887291997,1.0033887324408959
369,1.0,0.7465181815926909,1.0064421541778703
370,1.0,0.7502995998026862,1.0036681669948486
371,1.0,0.742803222887508,0.9908639636459754
372,1.0,0.7449693808653399,0.995137790393105
373,1.0,0.7427948862609077,0.9785939684498628
374,1.0,0.7435419681144134,0.9863354558339463
375,1.0,0.7475713749292139,1.0187792613349744
376,1.0,0.6850174989177886,0.9508697494746929
377,1.0,0.6914807025699952,0.9526620966233547
378,1.0,0.7448986240297104,0.9838869199878328
379,1.0,0.7461619520985834,1.0035046324423038
380,1.0,0.7476013476071429,1.0218626489890217
381,1.0,0.7115045789085016,0.9964268336966836
382,1.0,0.7466837842644286,1.013485034701959
383,1.0,0.7406372579262904,0.9874568310559986
384,1.0,0.7410419476485486,0.9764908249130315
385,1.0,0.7404582876046052,0.9658464398361556
386,1.0,0.7427947013700095,0.9867221766296974
387,1.0,0.7483098127071716,1.0176053041446402
388,1.0,0.7439049022708927,0.9687282085148881
389,1.0,0.7476652596980997,1.0237908789605754
390,1.0,0.7418456602179216,0.9875927418478683
391,1.0,0.7447820542459813,0.9996117746871118
392,1.0,0.746414769430509,1.0121785103849474
393,1.0,0.742289887183286,0.9773317900895312
394,1.0,0.7416923912052444,0.989236595303704
395,1.0,0.7504938380212002,1.0427732273692147
396,1.0,0.7407837577675035,0.9687647907061772
397,1.0,0.7463108461497626,1.0123753307173569
398,1.0,0.7460010704061839,1.0067827958856417
399,1.0,0.7492232967591206,1.0051606364102263
400,1.0,0.7352801831153681,0.9583386372322555
401,1.0,0.7473207740978182,1.0046948929842803
402,1.0,0.7439205862249594,0.9896113769338702
403,1.0,0.693989861630687,0.9651532895916921
404,1.0,0.744535260511381,1.0141251472287969
405,1.0,0.7439445897444813,0.9929007667124569
406,1.0,0.7431316700538616,1.0064139698761745
407,1.0,0.7449582297019235,0.9811776923733034
408,1.0,0.7426286786356477,1.0033168950726468
409,1.0,0.7475742502101946,1.0041553359266422
410,1.0,0.709131009673032,0.9495770594461762
411,1.0,0.7424862997875701,0.9845127334407574
412,1.0,0.7439409596434897,0.99125938629239
413,1.0,0.7466333796437696,0.9919045897359631
414,1.0,0.7416837561892531,0.995207860608255
415,1.0,0.7463584038551102,1.0123797349467227
416,1.0,0.7425560103042427,0.9868877567235218
417,1.0,0.7497712919191335,1.0258520856294313
418,1.0,0.7464973481842804,1.0004377636983472
419,1.0,0.7433103941296818,0.9970150441793219
420,1.0,0.750303884459846,1.009020030804376
421,1.0,0.745289747323166,0.9965562819291509
422,1.0,0.7427820661176596,1.0068826583562116
423,1.0,0.7414510301270818,0.9813250358220423
424,1.0,0.7402867965249329,0.9918374236127244
425,1.0,0.74045055551048,0.9688666989021435
426,1.0,0.7437427778522087,0.9881184793749379
427,1.0,0.7474021344465971,1.0115674289758132
428,1.0,0.7428289903740649,0.9859313495087972
429,1.0,0.7464668702275427,1.0140803583608866
430,1.0,0.7422243073315792,0.9882952040402665
431,1.0,0.7464200528444931,1.0155037552445607
432,1.0,0.7470083251051017,1.023029919942933
433,1.0,0.7462655864282184,1.0232713556883613
434,1.0,0.7503136860807681,1.0264371800657754
435,1.0,0.7447709360656788,0.976916186826526
436,1.0,0.745044368715908,0.9888577096296537
437,1.0,0.7450665805311985,0.9993966721235225
438,1.0,0.7406769824260011,0.9625994346547079
439,1.0,0.7414991462971381,0.9880655822465438
440,1.0,0.7438844074030919,1.0051214920433202
441,1.0,0.7436507577446143,0.9902737427452953
442,1.0,0.7428016732546264,0.9860068479124708
443,1.0,0.7114680544383546,0.9719001062131041
444,1.0,0.7423865474886648,0.9903534429953226
445,1.0,0.7459931757976281,0.9948304863760976
446,1.0,0.7436336324336345,0.9928610934257648
447,1.0,0.7408376383444564,1.0001108632974396
448,1.0,0.7452395807234535,0.9841217573973753
449,1.0,0.7448739355771377,1.0033896310087145
450,1.0,0.7473558786776178,0.9909731489208287
451,1.0,0.7463721808511625,1.0077660976409333
452,1.0,0.7419336395100313,1.0045359287186617
453,1.0,0.7497634267834197,1.0189162488109151
454,1.0,0.7462699004015226,1.0117845689670244
455,1.0,0.7456860705239897,0.983221559346773
456,1.0,0.7437337419153246,0.9771427291929401
457,1.0,0.7444614684432583,0.9958817236252434
458,1.0,0.7460792068557036,1.0077555108407532
459,1.0,0.7113991395336804,0.9594433662736882
460,1.0,0.7498144935594602,1.014977831289188
461,1.0,0.7511216654918331,1.0308971119987018
462,1.0,0.7440516899034438,0.9980208531491577
463,1.0,0.7404696154534679,0.9902457163534183
464,1.0,0.7423597844198836,0.9825001367596808
465,1.0,0.7410657801140411,0.9738188964538176
466,1.0,0.7478932547487628,1.0126015578066427
467,1.0,0.7382244515238413,0.9759339629946833
468,1.0,0.7407298199061936,0.9862484313806457
469,1.0,0.7407225875533677,0.9955210822261802
470,1.0,0.7465180453993272,1.0039391117578849
471,1.0,0.7460762590010148,1.0154670331916282
472,1.0,0.7445229069843605,1.020410793454765
473,1.0,0.7480450389372306,1.005524282295054
474,1.0,0.7461844233650615,1.0122986684861268
475,1.0,0.7475706103401609,1.0188697347875546
476,1.0,0.7107524971416591,0.9810115389074457
477,1.0,0.742706076550274,0.9972645708238507
478,1.0,0.7465597535790637,1.0033688238834
479,1.0,0.7401181172361755,0.9896104326028222
480,1.0,0.7405878529850027,0.9787058867836488
481,1.0,0.7457419417557947,1.003233933562272
482,1.0,0.7417486071752714,0.9948499065207502
483,1.0,0.7506786883608093,1.029619868541505
484,1.0,0.7437674213250258,0.9748253705533936
485,1.0,0.7482722837636475,1.0331528129429848
486,1.0,0.7485760842856171,1.0392203687007733
487,1.0,0.7469539190351293,0.9991430716057065
488,1.0,0.7473700212097526,0.992853747790773
489,1.0,0.7429382726502797,0.9788122013675442
490,1.0,0.742520399659809,0.9881504162671232
491,1.0,0.7476603963632089,1.000697204472909
492,1.0,0.7435220848539444,1.0061885841639138
493,1.0,0.7344231029508823,0.9837998575485438
494,1.0,0.7481519979241674,1.0133020458359758
495,1.0,0.7445566857862402,0.9789656211693097
496,1.0,0.7430472607214428,0.9956316653541445
497,1.0,0.705190813401698,0.975621764070721
498,1.0,0.7340560117577188,0.9814332393194626
499,1.0,0.7456974033060499,0.9942812716530588
500,1.0,0.7436086902462394,0.9961495167765029
1,0.35,0.7422529885695947,0.9871955113407672
2,0.35,0.7440959730847533,1.0055973093210564
3,0.35,0.7401764307832237,0.9762500149287935
4,0.35,0.7471976588655503,0.995060595994629
5,0.35,0.7493761216754414,1.0246868116243035
6,0.35,0.7417090932713273,1.006383920760155
7,0.35,0.7451530432523479,1.0023931480387596
8,0.35,0.7390413183388439,0.9784649889304188
9,0.35,0.7079839469201179,0.9745205419180161
10,0.35,0.7435528556614575,0.9892286374145796
11,0.35,0.7000113190556386,0.967421210829255
12,0.35,0.742916158705336,0.9908634819308086
13,0.35,0.7451094168184635,0.9876521617441422
14,0.35,0.7435764065001477,0.9944869215731331
15,0.35,0.7411963763102783,0.9706819550922766
16,0.35,0.7470855527539345,1.0204713444293911
17,0.35,0.7401689412635993,0.9757150075851033
18,0.35,0.7459902604681471,0.9967199531298743
19,0.35,0.747937249431106,0.9988475004723526
20,0.35,0.7457710092580816,0.9980065411453167
21,0.35,0.7424938538049382,0.9991276987271069
22,0.35,0.744555798897921,0.9896589495451157
23,0.35,0.7412286773921872,0.9990783024075907
24,0.35,0.7518285105183912,1.041039043624618
25,0.35,0.7336936816072288,0.9529892545471679
26,0.35,0.7347980609858984,0.9775969194109542
27,0.35,0.7451528876423353,1.00567895434372
28,0.35,0.74517583891659,0.9989699192715752
29,0.35,0.7471723423940174,0.9977657279093883
30,0.35,0.7466785714899007,1.005762919519692
31,0.35,0.7444612772113635,0.9924590301709026
32,0.35,0.7446405804550227,1.007255410551467
33,0.35,0.7439329071520251,0.993910843377458
34,0.35,0.7477480374448711,1.0195124903776671
35,0.35,0.745498879864955,1.010220166446558
36,0.35,0.7450392160476526,0.9999727087676004
37,0.35,0.7492118660754586,1.0205119047827158
38,0.35,0.7447448896755163,0.991461763735879
39,0.35,0.73856672957704,0.9858963041446798
40,0.35,0.747215019794997,1.0074056297167127
41,0.35,0.7412663942432817,0.9819877605573494
42,0.35,0.7400043212297921,0.9741732021805181
43,0.35,0.7427766406954873,0.9746563670898529
44,0.35,0.7458415443445663,1.0100901817807038
45,0.35,0.7497686754021364,1.0336530279057543
46,0.35,0.7469979090622557,1.0094034027009546
47,0.35,0.7423311123204379,0.9911207547377827
48,0.35,0.7447231650421098,0.9915598131345628
49,0.35,0.7474183749919633,1.0152394599455508
50,0.35,0.7495576443755402,1.0357989793620996
51,0.35,0.7461036291320087,0.9864149785398073
52,0.35,0.7413675504981039,0.9879578044065628
53,0.35,0.7438555635851557,0.9966554760749013
54,0.35,0.7423625337193029,0.9901090329700155
55,0.35,0.7472882249328762,1.018522964581171
56,0.35,0.7360557077657361,0.9740459777544475
57,0.35,0.7352559320150773,0.9657494220100269
58,0.35,0.7400282171696471,0.9911978565619683
59,0.35,0.7395517331567439,0.9772640054466185
60,0.35,0.739355858860404,0.9474738580420914
61,0.35,0.7380370197752936,0.9854576419601649
62,0.35,0.7497037870885712,1.0304624269937293
63,0.35,0.7436373433169445,0.9874423652763616
64,0.35,0.7486975312280412,1.0288883463690304
65,0.35,0.744119407880822,0.9826930520862716
66,0.35,0.7399560552721934,0.9724391642563012
67,0.35,0.7462740104288405,1.0094780465712403
68,0.35,0.7407640902941686,0.9741619667649394
69,0.35,0.7474129357988757,1.0124039208642883
70,0.35,0.7412563464735913,0.9868656972930198
71,0.35,0.7473653411370383,1.0055593726882341
72,0.35,0.7447838709035951,0.9860395668106811
73,0.35,0.7502009228797561,1.0004157612955484
74,0.35,0.737674486533538,0.9911963372756599
75,0.35,0.7465087336678289,0.9980234719145435
76,0.35,0.7421957042937685,0.9892209898825037
77,0.35,0.7381408498943153,0.9809135423561278
78,0.35,0.7460195538224117,0.9942101943889683
79,0.35,0.7475254513711809,0.9984672269924993
80,0.35,0.7476112388309955,1.0243039853809028
81,0.35,0.742448375054911,0.9918910672415231
82,0.35,0.7457647502747494,1.0058518319795042
83,0.35,0.7331936069348213,0.9843464673083677
84,0.35,0.7418699684383707,0.9983587379070726
85,0.35,0.7433986568756809,0.9843806735718518
86,0.35,0.7508093666117871,1.0265240495413555
87,0.35,0.7413275183765343,0.9734295441610569
88,0.35,0.711011886196052,0.9739268535107857
89,0.35,0.7452913834982006,0.9934217956893497
90,0.35,0.6864707562346274,0.9515706186859335
91,0.35,0.7475313544447978,0.9906784136531182
92,0.35,0.7437612250095949,1.009161514108932
93,0.35,0.7436577928014396,1.004245190129779
94,0.35,0.7398010390074443,0.984506816082302
95,0.35,0.7418569046991482,0.9969853581285409
96,0.35,0.7449948097437707,0.9996934202420072
97,0.35,0.7115912592461623,0.9825976253743323
98,0.35,0.7428370814879897,0.9817619580860066
99,0.35,0.7517949762990644,1.0438953025803983
100,0.35,0.7368325466743089,0.9833671255791968
101,0.35,0.7450876269376336,1.0010762030607396
102,0.35,0.7410019647720094,1.0002071336347584
103,0.35,0.7479195573032904,1.0100220268318258
104,0.35,0.7494125610324689,1.0155582744587495
105,0.35,0.7504177323796811,1.0271566661694036
106,0.35,0.7041651070425524,0.963357868619943
107,0.35,0.7427874099477171,0.9910178251114059
108,0.35,0.7457131125753849,1.0025907228246567
109,0.35,0.7434766719481639,0.9792836276873816
110,0.35,0.7413341851560771,0.9747804207045088
111,0.35,0.7428947649556169,0.9688390068091961
112,0.35,0.7399327850617027,0.9798565048997792
113,0.35,0.7489738962668322,1.0180672785272782
114,0.35,0.743032695213007,0.9749688545594808
115,0.35,0.7449978980579508,1.0110389123402912
116,0.35,0.7431207768787919,0.990852817420965
117,0.35,0.7401202222356528,0.9899879967866245
118,0.35,0.7419857165859844,0.9814694987930083
119,0.35,0.7442102831193325,0.9915577748832493
120,0.35,0.7458890026628288,0.9931474108541944
121,0.35,0.7447944041841132,0.9867080460777673
122,0.35,0.7412176997656569,0.9719288586168762
123,0.35,0.7474624154833256,1.0249896729156742
124,0.35,0.7458388003979307,1.0165554476364984
125,0.35,0.7467558243336135,1.002023498109767
126,0.35,0.6731440657035233,0.9643455032250022
127,0.35,0.749096858485486,1.016030354393474
128,0.35,0.7441062185734557,0.9868800587764327
129,0.35,0.7469070726876897,1.0111329335272026
130,0.35,0.7479614965198755,1.013820745757912
131,0.35,0.7373863332466147,0.9695649443946708
132,0.35,0.7458119302751945,1.0086412728467928
133,0.35,0.7454863276075278,1.0019285886801854
134,0.35,0.747948209288313,1.0151246729340806
135,0.35,0.7427917045694576,0.9888732508048206
136,0.35,0.7437525112475954,0.981279780469797
137,0.35,0.7429367468918774,0.9926151926784555
138,0.35,0.7450263257908076,1.0002382109996593
139,0.35,0.7457738292017726,0.9779685618744478
140,0.35,0.7092367637363405,0.9735872589314831
141,0.35,0.7422657235983317,0.9852889253735192
142,0.35,0.7341497565220774,0.9748196407881238
143,0.35,0.7479879845902564,0.9994900169269526
144,0.35,0.743261452878038,0.9939709236348782
145,0.35,0.7465188823877957,1.0060539380564744
146,0.35,0.7427182458910958,1.0095865319999056
147,0.35,0.7399530865592344,0.9780871990618064
148,0.35,0.7451440100905814,0.9936245127806393
149,0.35,0.7414054178329843,0.9908860465658487
150,0.35,0.7472117173938317,1.0086661150722829
151,0.35,0.743764089685988,0.986249303706746
152,0.35,0.7442335726523932,1.0003004333647711
153,0.35,0.7417885559716062,0.9764338160813637
154,0.35,0.7070568621245874,0.9753300035253342
155,0.35,0.7395861824021853,0.9715520568243265
156,0.35,0.7433334271771932,0.9918372598961389
157,0.35,0.741105061132403,0.9850320921316045
158,0.35,0.7441228739096768,0.9861795507866359
159,0.35,0.742976777806011,0.9811189774504507
160,0.35,0.739498647221899,0.9665089945800456
161,0.35,0.7107615129249077,0.9634937759774753
162,0.35,0.7115916328678009,0.9695191560477798
163,0.35,0.7428243591494705,0.9858466627305073
164,0.35,0.7384861946272965,0.9771476401653146
165,0.35,0.7453126022490667,1.0124838773552387
166,0.35,0.7473005556661535,1.0045967771649627
167,0.35,0.7438764745431488,0.9914425957618166
168,0.35,0.7423887709475547,0.9958435027919305
169,0.35,0.7413791906786402,0.9952542868930168
170,0.35,0.7447992773344879,1.0140742570700472
171,0.35,0.7483851853450769,1.0113494039919655
172,0.35,0.7389873699656481,0.9769180955953043
173,0.35,0.7445811509758652,0.9980759161667448
174,0.35,0.7453656189083799,0.9945765653008509
175,0.35,0.7412381730785503,0.9975938265432026
176,0.35,0.7452194768958544,0.9996399930121588
177,0.35,0.7422809600777988,1.0117903805343722
178,0.35,0.7450886422338143,0.9947734357757899
179,0.35,0.7447960049342978,0.9926734333253897
180,0.35,0.7440929085766604,0.9928576550112712
181,0.35,0.7485185929059367,1.0074338333072939
182,0.35,0.7449134362929835,1.0098738920873458
183,0.35,0.7486916928443931,1.007595493752126
184,0.35,0.7388307416900158,0.9832900685755886
185,0.35,0.7472045504446209,1.0000633589286119
186,0.35,0.7507531862311427,1.0381510610847928
187,0.35,0.7445811463943618,1.0061212911039628
188,0.35,0.7459851531956004,1.0074493648715126
189,0.35,0.7460783361432698,1.004193548293471
190,0.35,0.7047002248338626,0.9777814847165629
191,0.35,0.7479164309295824,1.0198130198398463
192,0.35,0.70812972818648,0.9630735406780648
193,0.35,0.7471763416813525,1.0186198386723202
194,0.35,0.7458793848753875,0.984037780934038
195,0.35,0.745803115764977,1.0122698607917868
196,0.35,0.7087684339739206,0.973906882208505
197,0.35,0.744909397173523,0.975008522353558
198,0.35,0.7100288556186621,0.9581407271936757
199,0.35,0.7482433658814504,1.0326158717251357
200,0.35,0.74085112057368,0.9755659703497942
201,0.35,0.742561901912696,0.9943968026853334
202,0.35,0.740485407342801,0.9500368013790398
203,0.35,0.7423988147728858,0.9834354791973323
204,0.35,0.7443774807789482,0.9758103888551249
205,0.35,0.7449730656736202,1.0138722850837996
206,0.35,0.6958885014091253,0.9665646562994966
207,0.35,0.7102613445432508,0.9916016053232652
208,0.35,0.7412797561150775,0.9638013646374355
209,0.35,0.7479219386797054,1.021612852662917
210,0.35,0.7461559293957462,1.0080880330602153
211,0.35,0.7489164139811406,1.0231429615204133
212,0.35,0.7445564391127385,0.9852569261255032
213,0.35,0.7395934804214401,0.9766152659299263
214,0.35,0.7426551137679596,0.9881622735374833
215,0.35,0.745504404024226,0.9789166460398195
216,0.35,0.7471309623654289,1.0170957707295403
217,0.35,0.7475318427893096,1.020014862092327
218,0.35,0.7459453067890984,0.9972150543489012
219,0.35,0.7514949236384129,1.0382910837544572
220,0.35,0.7482758568102859,1.017231227943755
221,0.35,0.7439083442565777,0.9955667597532326
222,0.35,0.7380999867331252,0.9733953517335121
223,0.35,0.7468641498994381,1.0126022883822374
224,0.35,0.7428516753116733,0.997580615224339
225,0.35,0.7493621424157807,1.0228432940511538
226,0.35,0.7102503571948011,0.9604967522128773
227,0.35,0.7460219728639982,0.9899593507021573
228,0.35,0.7384241169447966,0.9633914429633957
229,0.35,0.7432417293445566,0.9922294774991116
230,0.35,0.7467750694929484,0.9936163918586131
231,0.35,0.7429847144103517,0.9958141832722794
232,0.35,0.7462345902377738,1.0171277486964723
233,0.35,0.7469502119162763,1.0089899556876387
234,0.35,0.7446133270980744,0.9922492080722588
235,0.35,0.7457143122408677,0.9963749267686022
236,0.35,0.7508705135473588,1.0283715068375394
237,0.35,0.7479885945070461,1.020651107741373
238,0.35,0.7424682073608937,0.9962454159428026
239,0.35,0.7375942353647069,0.9859221338480265
240,0.35,0.7496804551938462,1.0184778517402708
241,0.35,0.7450823286345934,1.0079452889319138
242,0.35,0.7499048931956278,1.0209633495573995
243,0.35,0.7469418363012018,1.014921648884801
244,0.35,0.7431414167157405,0.9857353960465993
245,0.35,0.7480938198287272,0.9996906847846746
246,0.35,0.7415595073711893,0.9917340667565088
247,0.35,0.697925168430675,0.9643764481595789
248,0.35,0.7424513879342097,0.9914713907627644
249,0.35,0.7441962349371376,0.9836421224841168
250,0.35,0.7437423836860977,0.9992126420490897
251,0.35,0.7423409278952599,0.994877805426018
252,0.35,0.7480705305213071,1.035279664278186
253,0.35,0.7435997266924593,0.9846108496710455
254,0.35,0.7445430644528421,0.993939155913415
255,0.35,0.7445309285081217,0.9902038332735038
256,0.35,0.7106339632344465,0.9564761317545485
257,0.35,0.742333752644417,0.9805855237424379
258,0.35,0.7422476296641101,0.9772314273182552
259,0.35,0.7465740034241259,1.0099618313199388
260,0.35,0.7447942514470612,1.0014838937682427
261,0.35,0.7436098619388659,0.9663730928205015
262,0.35,0.744017456512416,0.9914422833834227
263,0.35,0.7484184149867767,1.0200993127246312
264,0.35,0.7433661382528427,0.983701624439318
265,0.35,0.748272044222898,1.0035818187738785
266,0.35,0.7450139784119355,1.0015945681954783
267,0.35,0.7411666535794645,0.9752844244224377
268,0.35,0.7476776272557494,1.0172279416060659
269,0.35,0.745785511522704,0.9788339624012814
270,0.35,0.7497834289911836,1.043232220239244
271,0.35,0.7433760016276265,0.982495445539109
272,0.35,0.7450759972399378,0.9816110790054727
273,0.35,0.7440559533098404,1.0031539893640613
274,0.35,0.7461872223848107,1.0061471184075557
275,0.35,0.74400196574406,0.9924183332799472
276,0.35,0.7404385669590309,0.974340336100372
277,0.35,0.7470820576387867,0.9962631027811796
278,0.35,0.7426102684987992,0.9995023248443189
279,0.35,0.7498365084593216,1.029599436911497
280,0.35,0.7464660320607014,1.0074729419869801
281,0.35,0.7330847682063727,0.9747060358573154
282,0.35,0.7426807984324034,0.9856422325889257
283,0.35,0.7471773124096165,1.0143569804276071
284,0.35,0.7438339875838406,0.9838727032981144
285,0.35,0.7417948568016631,0.9739385286955886
286,0.35,0.7464733637995468,1.0038921641575456
287,0.35,0.7427882125300798,0.9917118391717024
288,0.35,0.7466508224229773,1.023170649998786
289,0.35,0.7438152808011237,0.9837779471995777
290,0.35,0.7409159621023169,0.9766517501649911
291,0.35,0.7442306173762328,0.9852316431605139
292,0.35,0.7404452888608728,0.9685560937204276
293,0.35,0.7456278003721285,1.004648132242005
294,0.35,0.7068134135219,0.9827784821438279
295,0.35,0.7440300311622257,0.9998804743459506
296,0.35,0.7458640518802803,0.9933557347845513
297,0.35,0.7111858251204729,0.9649152196744555
298,0.35,0.7479692006424863,1.0128841546597234
299,0.35,0.7448775954316625,0.9933262287531163
300,0.35,0.7440924512273693,0.9791661501958264
301,0.35,0.7107227496420822,0.9814044408907784
302,0.35,0.707449542679335,0.9493921463120819
303,0.35,0.7433338718695026,0.9801787979626011
304,0.35,0.7455791640775581,1.0206254733967433
305,0.35,0.7438859266470994,1.0147367211415865
306,0.35,0.7441454820712399,1.0039665115403282
307,0.35,0.7447976618766583,0.9851917435859507
308,0.35,0.7419358669467,0.9880716242346752
309,0.35,0.7454059216308396,1.022904302043513
310,0.35,0.745471704436199,1.0051447428438938
311,0.35,0.7489501558822981,1.017483691070677
312,0.35,0.7422028443320846,0.9866092312008936
313,0.35,0.7444775442632886,0.984679895296257
314,0.35,0.7469261243277817,0.9920545795450505
315,0.35,0.7411659752501035,0.975718821580884
316,0.35,0.74196098141112,0.9996718086670358
317,0.35,0.7447979984828309,0.9916847692080973
318,0.35,0.7475656380834406,1.0035547879806095
319,0.35,0.7422122265384297,1.0048993987408523
320,0.35,0.7412703271859427,0.9677620039757864
321,0.35,0.7451564879182853,1.0058504029479347
322,0.35,0.7113775439452241,0.9657611892299751
323,0.35,0.7438350001763584,0.9997212082007619
324,0.35,0.7418128989499518,0.9712839448008096
325,0.35,0.7409887195194017,0.9821924708231794
326,0.35,0.7481422160098392,0.9972414065216845
327,0.35,0.745637915477204,1.013127779324335
328,0.35,0.7396922742984134,0.9571352596177082
329,0.35,0.7412969768779261,0.978134299293674
330,0.35,0.7438931213833366,0.9943817565061341
331,0.35,0.7411783737864919,0.9868516890412187
332,0.35,0.741733861134194,0.9889538912458128
333,0.35,0.7467069842397619,1.0103271614722702
334,0.35,0.746856645599934,1.0089523289844828
335,0.35,0.7425607251759851,0.9847131968585626
336,0.35,0.7343779841587397,0.9666176762365702
337,0.35,0.7409753725190869,0.9784154664632934
338,0.35,0.7462658303736883,1.0232329037604482
339,0.35,0.7446070182364665,1.0087295259962126
340,0.35,0.744726887685356,1.002051590280157
341,0.35,0.7520023067440995,1.0582460668066942
342,0.35,0.7428948188108779,0.9819373558439023
343,0.35,0.7429113304686649,0.9996865386747469
344,0.35,0.746827272047664,0.9949989855880704
345,0.35,0.7473534154841984,1.02901403397018
346,0.35,0.7448077281221955,1.0030735240218212
347,0.35,0.7453753084241129,0.9998094735307631
348,0.35,0.7509769031428349,1.0108812180890518
349,0.35,0.7336224644610747,0.9730384431513892
350,0.35,0.7438631941539204,0.9929574854165271
351,0.35,0.7433242606893218,0.9885475681964128
352,0.35,0.7484919042222282,1.0314853035556724
353,0.35,0.7421638011846761,0.9842238974193566
354,0.35,0.7398461446689046,0.9634943487114692
355,0.35,0.746252588583849,1.010844102080217
356,0.35,0.7414467284128073,0.983429422365179
357,0.35,0.7472367668071697,1.0054580664424042
358,0.35,0.7339682861526488,0.9432787743165293
359,0.35,0.7414300784637063,0.9889542976970509
360,0.35,0.7468969247515624,1.0047314385080657
361,0.35,0.7411436803419655,1.0066064876244138
362,0.35,0.7422151167634318,0.9628160149681407
363,0.35,0.7422886790290142,0.9863663652515972
364,0.35,0.7451350409554548,0.9999729908461378
365,0.35,0.7435776517680007,0.9921166929410903
366,0.35,0.7452751323966034,0.9985564632143381
367,0.35,0.74157716947629,0.9726949327237816
368,0.35,0.7472526294311101,1.0063462730990813
369,0.35,0.7047919332462814,0.94221771135287
370,0.35,0.7424891992532925,1.0000366503707103
371,0.35,0.7409294213658786,0.9840245742469086
372,0.35,0.7454930525151869,1.007819533466973
373,0.35,0.7417513729705253,0.9857638048493138
374,0.35,0.7503307536970159,1.0253551039723812
375,0.35,0.744099993977865,1.0019846091423892
376,0.35,0.7350090393617761,0.9692888572969681
377,0.35,0.740876258583825,0.9816609946222705
378,0.35,0.7395972389646608,0.9860102548965288
379,0.35,0.7454409888308304,1.0018177938338895
380,0.35,0.748524667870984,1.0038130627517874
381,0.35,0.7108985151693863,0.9752063889309777
382,0.35,0.7394904980110781,0.9944340684335882
383,0.35,0.7422977495884967,0.9898182353760818
384,0.35,0.7445771367379577,0.9872208885516759
385,0.35,0.7448902088448728,0.9948045578192166
386,0.35,0.7427210184532987,0.9842052565996956
387,0.35,0.7463414715623813,0.9980015756780166
388,0.35,0.7443657809410911,0.994479608304206
389,0.35,0.7395427684055417,0.9660240441377698
390,0.35,0.7459134224181749,0.986363246261844
391,0.35,0.7450446109239648,0.992942578476271
392,0.35,0.7470398709083415,1.0065365329961085
393,0.35,0.7462939587175835,1.0079859559772684
394,0.35,0.710833572403459,0.972751550531206
395,0.35,0.7447202441745664,0.9936330055183379
396,0.35,0.7048875493672273,0.9576821626207199
397,0.35,0.7396575086160199,0.9443019070427746
398,0.35,0.7460326791006258,0.9910643142914153
399,0.35,0.7478660731687865,0.9885392053920053
400,0.35,0.750658463075496,1.0176633211230472
401,0.35,0.7410329303190277,0.9524508153329276
402,0.35,0.7102534896585327,0.9555478974813936
403,0.35,0.7449556197175329,1.0023965778738968
404,0.35,0.7480328128957277,1.0156775476373707
405,0.35,0.7487388969663555,1.019728255156933
406,0.35,0.7346627517915719,0.9815763990552737
407,0.35,0.7429649502492116,0.9760483960567281
408,0.35,0.7448070581531705,0.9916672042963561
409,0.35,0.743168222649411,1.0030766527091635
410,0.35,0.7439640676247251,0.9929382624767482
411,0.35,0.7467934625707454,0.9915140465065778
412,0.35,0.7453911107719611,0.9939647027386154
413,0.35,0.7441123879368756,1.019175533299773
414,0.35,0.7096923673936452,0.9653334185769917
415,0.35,0.7483248176980049,1.0100730446732091
416,0.35,0.7487827989500785,1.0247063591972716
417,0.35,0.746232095451666,1.0039285092774657
418,0.35,0.7109222118824586,0.9838287639834601
419,0.35,0.7449071275897386,1.0131654978685933
420,0.35,0.7105363641055003,0.9596119379891402
421,0.35,0.749795443902679,1.0120541754983043
422,0.35,0.7410375379224146,0.966446550833137
423,0.35,0.7435934328466229,0.9922896539389717
424,0.35,0.7393813862721302,0.999565237740698
425,0.35,0.7453035675389947,0.992137429484951
426,0.35,0.7109669535799619,0.9628005810067429
427,0.35,0.7408675128865668,0.9806346869901852
428,0.35,0.7430311262629975,0.9988345192787944
429,0.35,0.7449622130615502,1.0027698714746094
430,0.35,0.7445204435133872,0.9965964403573895
431,0.35,0.7460478266818482,0.9963475292370834
432,0.35,0.7404329686307828,0.9707418552514613
433,0.35,0.740663850731494,0.9687080294727423
434,0.35,0.742126960929933,0.9938025874280761
435,0.35,0.7421573330435614,0.9857762628259301
436,0.35,0.7468366562943017,1.0046312559742074
437,0.35,0.7431171179270853,0.9884925845333263
438,0.35,0.74482636732781,1.0122445206842483
439,0.35,0.7447524883244628,1.0061724327631305
440,0.35,0.7429101221831812,0.9801690954050166
441,0.35,0.7471415941802081,1.0001997164528011
442,0.35,0.7459707633085906,1.0020190837612697
443,0.35,0.7411162540351196,0.9827346066494262
444,0.35,0.7440033808519055,0.99987128463471
445,0.35,0.7456174676226871,0.9936903470164302
446,0.35,0.7467344191626107,1.01601061647068
447,0.35,0.7433389796331036,0.9815522328168951
448,0.35,0.7407147948852861,0.984833579286309
449,0.35,0.7425191475982361,0.9919136741558534
450,0.35,0.7458031229644153,1.013523811427454
451,0.35,0.7425890375762887,1.0020539888662856
452,0.35,0.740527642431274,0.9988496307748431
453,0.35,0.744964658614492,0.9914288929434728
454,0.35,0.7431006837707557,0.9845747893925079
455,0.35,0.7427164894988539,0.9970812214270305
456,0.35,0.7434429641980264,0.9797172118816705
457,0.35,0.7468537035338866,1.017881737063187
458,0.35,0.7500626899345771,1.0202418776236692
459,0.35,0.7446554673680174,0.986622169944557
460,0.35,0.7419631394294024,1.0057612696661515
461,0.35,0.7434129208362054,0.9631189082332641
462,0.35,0.7113253936069219,0.978335153112594
463,0.35,0.7441848834219666,0.9850959993654627
464,0.35,0.7447815949632486,0.9988854665827451
465,0.35,0.7383531760065392,0.9724142287887635
466,0.35,0.7453329830325561,0.9969768634062547
467,0.35,0.7509320697487579,1.0306240801091378
468,0.35,0.7480368744831367,0.9952721569025453
469,0.35,0.7445525171917826,1.0065176752635405
470,0.35,0.7478399983168791,1.0175379818920942
471,0.35,0.7434439352178888,0.9956206410738232
472,0.35,0.7501876879669878,1.0464474203013214
473,0.35,0.7414993792584663,0.9838657348164903
474,0.35,0.7452372322578852,0.9967551808818407
475,0.35,0.7458446066712916,1.0077014631337275
476,0.35,0.7477623336207395,1.0003996905845338
477,0.35,0.7498750788149713,1.012543337406682
478,0.35,0.7453770626843501,0.998657475716921
479,0.35,0.7458989930481758,1.0120325424167398
480,0.35,0.7449060852497289,0.9999832159697346
481,0.35,0.7453508561514038,0.984947856166882
482,0.35,0.7109799959308861,0.9626682933910711
483,0.35,0.7431163903393957,0.9833636338743721
484,0.35,0.7441617931283844,1.003191755275742
485,0.35,0.7487542726451285,1.0321455246727071
486,0.35,0.7396012830127944,0.9729112164154478
487,0.35,0.747609275844749,1.011290591568335
488,0.35,0.7448911524106246,0.9966647528366367
489,0.35,0.7497810401530187,1.039231525687052
490,0.35,0.7382291764699408,0.9787277528852611
491,0.35,0.746577276214187,1.0181296718901072
492,0.35,0.7418014898312323,0.9916427511473406
493,0.35,0.7413607670493378,0.9694911674575283
494,0.35,0.7401195145876847,0.9806034319514456
495,0.35,0.7081037406764392,0.9721257922963671
496,0.35,0.7450655773293171,1.0023281151460401
497,0.35,0.745150118680552,0.9991524378352534
498,0.35,0.7502110983208272,1.0379752037780519
499,0.35,0.7512802828266237,1.0260256502378626
500,0.35,0.7440281210355139,0.9944645248232212
1,0.3,0.7401921041988501,0.9877299287471305
2,0.3,0.7099143533868453,0.9620906946873334
3,0.3,0.7478552814417437,1.0137608467076031
4,0.3,0.7475098563754842,1.0144628272189131
5,0.3,0.7113308444186112,0.9848269754433674
6,0.3,0.7411086854091893,0.9788392036842658
7,0.3,0.7402225355395089,0.9711928772469768
8,0.3,0.7440565551345003,1.000483984224811
9,0.3,0.7419297840424353,0.9972440389476261
10,0.3,0.7024441456229018,0.95883368754643
11,0.3,0.7444208799258849,0.9985286487536558
12,0.3,0.7430420356689027,0.983711826383967
13,0.3,0.7460178509259464,1.0139434052298248
14,0.3,0.736172547126153,0.9833632808043261
15,0.3,0.7468512828842715,1.0097977107675897
16,0.3,0.7452353085469917,1.0043835111088062
17,0.3,0.7423055051859836,0.9785209368057991
18,0.3,0.744284799703848,0.9843723665044369
19,0.3,0.7469715554944969,1.0191472132706199
20,0.3,0.7409343038380163,0.9731030957039827
21,0.3,0.7397856487689224,0.9894737537578578
22,0.3,0.7394008524194663,0.9647167476625786
23,0.3,0.7456290791790188,1.0000910851111384
24,0.3,0.7461750013783327,1.0076288660523818
25,0.3,0.7443330976835836,0.9852959071841498
26,0.3,0.745216500951349,0.9863193658740135
27,0.3,0.7445740741669825,0.9959724265094698
28,0.3,0.7411426260994898,0.9893532427842916
29,0.3,0.745322301562774,0.9852848428658865
30,0.3,0.7470380762765785,1.016704181149135
31,0.3,0.745857313358201,0.9854156362519019
32,0.3,0.7412843411729988,0.9753451440646593
33,0.3,0.7429719525326641,0.9792153036350021
34,0.3,0.7447147265030496,0.9865639485483133
35,0.3,0.744870392996159,1.0149816381434027
36,0.3,0.7435971560158311,0.98344900548345
37,0.3,0.7107128740485067,0.9818390456793925
38,0.3,0.7408041339687675,0.9844093952587205
39,0.3,0.7104214525072974,0.9559678972367804
40,0.3,0.7414384803735822,0.9823395523850571
41,0.3,0.746276412833253,1.0171230877018123
42,0.3,0.7476797508239906,1.02022006340566
43,0.3,0.7414518434378145,0.9918439992755719
44,0.3,0.7374298766495218,0.9593624938994869
45,0.3,0.748186746438482,1.0239803617626686
46,0.3,0.7439315605141487,1.0021799034906307
47,0.3,0.7496000530133675,1.0224293932000774
48,0.3,0.7439542495424386,0.9785435527369247
49,0.3,0.7481011714285584,1.0232878574083044
50,0.3,0.7466019687301337,1.015698149198646
51,0.3,0.7469284727730787,1.0127480952757824
52,0.3,0.7460384211055563,0.9989160985820448
53,0.3,0.7433199321904739,0.999192305614592
54,0.3,0.74546811359398,0.9878768733003132
55,0.3,0.744824974480577,0.9876342908072457
56,0.3,0.7444080662706878,0.9909421543103165
57,0.3,0.7451700099531485,0.9971273607866574
58,0.3,0.7329270602255997,0.9567733465440887
59,0.3,0.7084374282731621,0.9777296052038676
60,0.3,0.7406833012126272,0.9729021716859046
61,0.3,0.7391989678006078,0.9792290674689794
62,0.3,0.7465055155071452,1.020834543290896
63,0.3,0.7107863375700054,0.9300843712313317
64,0.3,0.7443475618089272,0.9834250567420958
65,0.3,0.7444544703883935,0.9908729281661226
66,0.3,0.743486560221979,1.0009786906575002
67,0.3,0.7390591060951265,0.990384792221513
68,0.3,0.7415489974452429,0.9850424106825224
69,0.3,0.7491910622879804,1.013315998647972
70,0.3,0.7489464340698051,1.0108960375239544
71,0.3,0.7497172741873653,1.0306517665941357
72,0.3,0.7431728029439133,0.9980169947801834
73,0.3,0.7403758172611098,0.9740303672561276
74,0.3,0.7425496976670967,0.9946044886620972
75,0.3,0.73883335469139,0.9845200763821349
76,0.3,0.73306539856727,0.9716056323118953
77,0.3,0.745363900026334,0.9990572719509343
78,0.3,0.7420344447727366,0.9573483077082426
79,0.3,0.7386001274872801,0.9698709040974787
80,0.3,0.7462808644900395,1.0131529858929649
81,0.3,0.7492846395143766,1.0183158325930117
82,0.3,0.7443637105334262,0.9727589605849805
83,0.3,0.7440905594102832,0.9839611246657542
84,0.3,0.7328403610368766,0.9816140077053437
85,0.3,0.7486269653615958,1.0146396902277797
86,0.3,0.7448472623738523,0.9991032638109645
87,0.3,0.7432308014430133,0.9811822545898597
88,0.3,0.7456186072586755,0.9914914441790375
89,0.3,0.740310073437034,0.9950144369234101
90,0.3,0.7468581746906398,1.0085726601582787
91,0.3,0.7420338150040692,0.9850783312154425
92,0.3,0.7048641448090367,0.9475575601624036
93,0.3,0.7430335797008009,0.9980008638163039
94,0.3,0.7444994441191742,0.9937699956880766
95,0.3,0.7400029876215704,0.9955602885647826
96,0.3,0.7344297987869698,0.9815309186743492
97,0.3,0.7416193173019248,0.9727991428688129
98,0.3,0.7497127320822319,1.0319817173219528
99,0.3,0.7520620194590873,1.0475389713161587
100,0.3,0.745925395863642,1.0003835742391698
101,0.3,0.7382282950162803,0.970376990310867
102,0.3,0.747471631200594,1.0327889108464912
103,0.3,0.7416459194776073,0.977472710903941
104,0.3,0.7465548469590535,0.9985561123248751
105,0.3,0.7438571903344381,0.9789243520384019
106,0.3,0.7432220320458646,1.0013186502808364
107,0.3,0.7494125643026064,1.0090876166544995
108,0.3,0.745503869103595,0.9979071648614742
109,0.3,0.7441698305088752,0.9958835095506694
110,0.3,0.7490115366497074,1.0061200672923185
111,0.3,0.7476937684352851,1.0094494023084795
112,0.3,0.7473180216347953,0.99094131680195
113,0.3,0.7427134809545541,0.9861987248151676
114,0.3,0.7454869284828665,0.9912614685919706
115,0.3,0.7461662577163977,0.9975161117481737
116,0.3,0.7454723637652317,0.9852360708908495
117,0.3,0.7481919958822604,1.0166538989759633
118,0.3,0.7457344051020078,1.0050319098673226
119,0.3,0.7463961767079829,1.008534284752626
120,0.3,0.746734928526915,0.9972383120942446
121,0.3,0.7448232943077601,0.9962218123949874
122,0.3,0.7418283641098689,0.995729957180181
123,0.3,0.7448302294005654,1.0035699200414936
124,0.3,0.7457654050097874,1.01578210110655
125,0.3,0.7461002565965614,0.9964452612196637
126,0.3,0.7471507697620009,1.0091359856902495
127,0.3,0.7432883015295304,0.9923612496812463
128,0.3,0.7413571364851149,0.9832655297710537
129,0.3,0.7404378699825167,1.000545368372263
130,0.3,0.7386180714859142,0.9854591213060009
131,0.3,0.7440540308124647,0.996827203567599
132,0.3,0.7423380031034971,0.9993943183533892
133,0.3,0.7426095334087423,0.993850714665656
134,0.3,0.7487977436271003,1.0360379812852223
135,0.3,0.7495896002316239,1.0231903255619201
136,0.3,0.7437591355656757,1.009948083891315
137,0.3,0.7460810755936585,1.0004696031745601
138,0.3,0.7442809554136987,1.0053822357347126
139,0.3,0.7488861725799002,1.0348543584852543
140,0.3,0.7074342695614876,0.9666860442436314
141,0.3,0.74526785109368,1.0116628182275884
142,0.3,0.7435510723132582,0.9945009077638808
143,0.3,0.7429841900721855,0.992626662854895
144,0.3,0.7443566497313545,1.0009652620274745
145,0.3,0.7460028369239928,0.9916741037496157
146,0.3,0.7481795356034158,1.0237746720987038
147,0.3,0.7471215056422539,1.0203081323733798
148,0.3,0.7422043511000573,0.9959667366777999
149,0.3,0.7435180253821211,0.9727293212487462
150,0.3,0.7433718193230912,0.983641766625252
151,0.3,0.7460251760334401,0.9846007268895004
152,0.3,0.7415959893071086,0.9867521615610957
153,0.3,0.7462647526360391,0.9956207796798542
154,0.3,0.7436963536514819,1.006663064023129
155,0.3,0.7451374248195394,1.0047881630333322
156,0.3,0.739893226918521,0.9794558204253917
157,0.3,0.7495417755276099,1.0390509134649628
158,0.3,0.7487463423532772,1.0249028974156498
159,0.3,0.7470585048216314,1.0143049310729284
160,0.3,0.7042370040132824,0.9775777174814303
161,0.3,0.7337798195627019,0.9760575222799425
162,0.3,0.7446107327731702,0.9836779864297621
163,0.3,0.7477189101965768,1.017943825650529
164,0.3,0.7461730447454394,0.9971561484284458
165,0.3,0.7475826290506576,1.0051994206964379
166,0.3,0.7449472252100139,1.0015870181085398
167,0.3,0.7505389355367942,1.0403711901872408
168,0.3,0.696723124445093,0.9621598331874824
169,0.3,0.7366537291795293,0.9756290713364552
170,0.3,0.740271958343508,0.9789145925929551
171,0.3,0.7412221962233525,0.9728502310569208
172,0.3,0.7423445137613767,0.9912902434586484
173,0.3,0.7405826459546502,0.970029857233279
174,0.3,0.7013584867754243,0.9761052429182016
175,0.3,0.7464547138742963,1.0170575499532624
176,0.3,0.746054404284722,1.0027905398315387
177,0.3,0.7487657983301546,1.012860456603073
178,0.3,0.741102002708788,0.9722316398372197
179,0.3,0.745685694965734,0.9895869625212618
180,0.3,0.7439697924943123,0.99404358854506
181,0.3,0.7466923766807725,1.011102607810629
182,0.3,0.742760623983538,0.9882962133426819
183,0.3,0.7111487515928374,0.9713631246962159
184,0.3,0.7439918731345337,0.9744629829302605
185,0.3,0.7443574005136849,0.9887703831354963
186,0.3,0.7443585951287189,0.9827597922378468
187,0.3,0.7443660133164475,0.981084331107099
188,0.3,0.7458050713398853,1.0061116565510462
189,0.3,0.7432384526824019,0.9833887455854018
190,0.3,0.7464799469624468,1.0133349075889355
191,0.3,0.74987982414481,1.0236454756030042
192,0.3,0.7426141476615076,0.9744627436908441
193,0.3,0.7406717193835893,0.9952453441267164
194,0.3,0.7459979339048383,0.9897910562656621
195,0.3,0.7419337470730185,0.9779216047239855
196,0.3,0.7481155136866365,1.013915103950862
197,0.3,0.7059319378891139,0.9567876808483897
198,0.3,0.7489576275036535,1.0207172251038243
199,0.3,0.7408147303238081,0.9799984226746635
200,0.3,0.7432064275859755,0.9870355945395566
201,0.3,0.7447871315618471,0.9992973043139355
202,0.3,0.7439188855421416,0.9726511900335439
203,0.3,0.7425905439676154,0.9888870787222102
204,0.3,0.744097069965664,0.9938443859571192
205,0.3,0.7416174743679814,0.9812973924347349
206,0.3,0.7421425352218437,0.9803049198414221
207,0.3,0.7438100367566002,0.9932977431569028
208,0.3,0.743611212952052,0.9889536782618245
209,0.3,0.7415173104935437,0.9741934311365472
210,0.3,0.7474754928727863,1.0080415530382076
211,0.3,0.7473306385929254,1.0171294401441728
212,0.3,0.7405618108987743,0.9772523655022006
213,0.3,0.7488006181858733,1.0169415604609728
214,0.3,0.74768477299707,1.0092456819876074
215,0.3,0.7484156432985183,1.0161209960344129
216,0.3,0.7439644679606472,0.9874231335440976
217,0.3,0.7408342595728183,0.9777560824594195
218,0.3,0.7415455120369299,0.9829773824723625
219,0.3,0.7485905379605159,1.0209978819841201
220,0.3,0.7478069459920279,1.016730402186175
221,0.3,0.7475221236394678,1.0031568869099292
222,0.3,0.7465988345841403,1.0054439400081014
223,0.3,0.7441057976807648,1.0024918958771756
224,0.3,0.7395968740874407,0.9847336438736457
225,0.3,0.7435866991368923,1.0247242083871808
226,0.3,0.7461003733295031,0.9964132831176858
227,0.3,0.745881372476327,1.0116735404671935
228,0.3,0.7467046298671247,1.0059845251979385
229,0.3,0.7441183843912176,1.0010252149658783
230,0.3,0.7454945356415514,0.9971190709788693
231,0.3,0.7456344150288585,0.9985690081711259
232,0.3,0.7466011966855527,1.007827550502981
233,0.3,0.745411698048932,0.9806002167328939
234,0.3,0.7464934852470144,1.004551273444711
235,0.3,0.7457614508631806,0.9963591580775559
236,0.3,0.7461005912950623,0.9951801602124875
237,0.3,0.7465557359096632,0.9947265689717278
238,0.3,0.7458044973868029,0.9969339507954958
239,0.3,0.7491932050047541,1.0281689124629037
240,0.3,0.7419972760485153,0.9879512999325963
241,0.3,0.6921953124046829,0.9576190000198175
242,0.3,0.7478891773213753,0.9829670727576718
243,0.3,0.7421929252073,0.9868659377366217
244,0.3,0.7465566596473305,1.01133809942505
245,0.3,0.7459603605868419,0.9993863473846465
246,0.3,0.7403414896352285,0.9738396485819456
247,0.3,0.743302524391796,0.9929216084720829
248,0.3,0.7435614359249122,0.9754120692024072
249,0.3,0.7450762098103292,0.9889069296658076
250,0.3,0.7496485621267236,1.022327013308456
251,0.3,0.7441378086171841,0.9920945108251068
252,0.3,0.7114868083780577,0.9759536279598345
253,0.3,0.7458081583217008,1.021185734461095
254,0.3,0.7492298824232334,1.0330207296002771
255,0.3,0.7423591582853567,0.9934839490804943
256,0.3,0.7472041479532145,1.0132177061444232
257,0.3,0.7485735699385541,0.9980671059930079
258,0.3,0.7429305938920621,0.9812737803642165
259,0.3,0.740498386920483,0.9762591067624319
260,0.3,0.7465289168999981,1.0053802762948416
261,0.3,0.7416569020248759,0.9880311541099113
262,0.3,0.7112133848086531,0.967130955715203
263,0.3,0.7111949914579663,0.9791595422321246
264,0.3,0.7479660817421417,0.9932500822638641
265,0.3,0.7465361853421901,1.0019140296646594
266,0.3,0.7394426188740826,0.9696464110844533
267,0.3,0.741198555989658,0.9903617469787154
268,0.3,0.741803640293116,0.9812416699962843
269,0.3,0.7434295064830306,1.0044871793269607
270,0.3,0.7420972416445948,0.9936913586167327
271,0.3,0.7479786273601342,1.0125775016317435
272,0.3,0.7444189594555874,0.996617371946928
273,0.3,0.744385702275207,0.9771429592948765
274,0.3,0.7398427699322881,0.9780972054723057
275,0.3,0.7427503066928244,0.9750413556405203
276,0.3,0.7431918987239653,0.9843025080117811
277,0.3,0.7485697618987347,1.0117106534568219
278,0.3,0.7413508636046964,0.9925468127380237
279,0.3,0.7436293868098972,0.9843132650611427
280,0.3,0.74732115670159,1.0005329342621703
281,0.3,0.7439414751689887,1.0098075850799622
282,0.3,0.7489107838250817,1.0082253968912935
283,0.3,0.7438871741279411,0.9941988649404092
284,0.3,0.7064525567418962,0.978064007818337
285,0.3,0.7474530124497257,1.0030606556713988
286,0.3,0.7461114872336655,1.0013974272722763
287,0.3,0.7471583119492148,1.030643501986993
288,0.3,0.7431472935658848,1.0001138697676792
289,0.3,0.7484667813139089,1.0099267840781316
290,0.3,0.7454126139313476,1.0055566770647868
291,0.3,0.7437707465970076,0.9840127037877137
292,0.3,0.7459199296748608,0.9876332198242794
293,0.3,0.7402778384233598,1.0003366933911066
294,0.3,0.7456345097811828,0.9957636910622619
295,0.3,0.7448307811233456,0.9550054444203917
296,0.3,0.7455033931504096,0.9838510271573088
297,0.3,0.7434748790221608,1.0038409235659016
298,0.3,0.7439847871962416,1.00130555128056
299,0.3,0.7442511705603957,0.9890239786042117
300,0.3,0.7418285080703704,0.9920438129662221
301,0.3,0.7436948390035071,0.9913266252323562
302,0.3,0.7469962886308382,1.002085153635588
303,0.3,0.7486533828817303,1.0112922243866564
304,0.3,0.7398578625772908,0.9801157267448544
305,0.3,0.7399684212356835,0.9749086527802066
306,0.3,0.7443111814988562,0.9931689833557329
307,0.3,0.7411076559202519,0.954496867533195
308,0.3,0.7487585385141985,1.03533664737298
309,0.3,0.7490514694650031,1.025910803799013
310,0.3,0.7423655744732843,0.9908101416533183
311,0.3,0.7426184141676827,0.9901201322022237
312,0.3,0.7494366168845211,1.0171148207745027
313,0.3,0.7399917356266886,0.9655775650277426
314,0.3,0.7097582504289488,0.976120604510359
315,0.3,0.7437116156480172,0.9939539143978989
316,0.3,0.7435843295434829,1.0106468837572267
317,0.3,0.7443461655622143,0.9879402480192915
318,0.3,0.7416334570300829,0.9871291184671518
319,0.3,0.7397438304478969,0.9665195744656763
320,0.3,0.7485310722346056,1.0163740804972994
321,0.3,0.7421167727897625,1.0120000108611904
322,0.3,0.7389833384291905,0.9682100917142762
323,0.3,0.7411182413788513,0.9873950438559786
324,0.3,0.7414571702728119,0.9865740108283524
325,0.3,0.7450130350227128,0.9722963246522169
326,0.3,0.7395041132049649,0.9837241052561781
327,0.3,0.7482068486751455,1.0176966979696394
328,0.3,0.7488680454275698,1.0196270513088783
329,0.3,0.7112275707643145,0.9757886336941843
330,0.3,0.7413921410274601,0.9825369538918959
331,0.3,0.7454937581805943,0.9827379193202103
332,0.3,0.7408460017018511,1.0050052789700563
333,0.3,0.7427350684097059,0.9755476044135163
334,0.3,0.7422003797921198,0.97921620719494
335,0.3,0.7450163724180553,1.0006740944725208
336,0.3,0.7459568448023044,0.988391882179601
337,0.3,0.7451601392603929,0.9959773668013205
338,0.3,0.7442860146208646,0.9965111449334345
339,0.3,0.7417086670147263,0.9848184719292937
340,0.3,0.7462709529422561,0.998073878398215
341,0.3,0.7495934017297086,1.0238139228100165
342,0.3,0.7451983334122019,0.9810492291274506
343,0.3,0.7458995223923821,1.0089639229174554
344,0.3,0.7460849993428372,0.9947487420313913
345,0.3,0.7454276024811096,1.0083483248997058
346,0.3,0.7400398756392176,0.9947356829398021
347,0.3,0.7379784663895801,0.9695356489343363
348,0.3,0.7489210165042419,1.0213382901799772
349,0.3,0.7504492903945099,1.0494195167927005
350,0.3,0.7460026576717648,1.0087321753024823
351,0.3,0.750540136957689,1.034994261480591
352,0.3,0.7440163505388856,0.9981819111867174
353,0.3,0.7432523907221041,0.9925473865291757
354,0.3,0.7430740225801956,0.9830870363891452
355,0.3,0.7114045369665949,0.9720494949336729
356,0.3,0.7473301232230114,1.0234173849802295
357,0.3,0.7478013358791268,1.0098876482089536
358,0.3,0.7471529535379603,0.9905249346030343
359,0.3,0.7399482107011672,0.9723625589419705
360,0.3,0.7436985265496108,1.0044490604769607
361,0.3,0.7425949213851533,1.004653138483223
362,0.3,0.7402579153160288,0.9865772741667974
363,0.3,0.7443980385920548,1.0149210699274205
364,0.3,0.7438447660599081,0.9764565370081831
365,0.3,0.7440514729527524,1.0054397962194432
366,0.3,0.7442793062287506,1.005871477712881
367,0.3,0.7466087257585339,1.0185327503999757
368,0.3,0.7463639879237234,1.0196145470253515
369,0.3,0.7457699838376142,1.0151582561464862
370,0.3,0.7435145871743497,0.9641582234278668
371,0.3,0.7478540866930324,1.0150801241092933
372,0.3,0.7426623332685225,1.0023673813817895
373,0.3,0.7499093092897873,1.0273021704186562
374,0.3,0.7497164411593171,1.0241584943484727
375,0.3,0.7429931526218245,0.9630799903818391
376,0.3,0.743519210967313,0.9946575484096519
377,0.3,0.7471014838263736,1.003841188289712
378,0.3,0.7454597547292332,1.003709068808518
379,0.3,0.69945468500311,0.9555009299901076
380,0.3,0.7488326088630848,1.0227698413224655
381,0.3,0.7391157590645873,0.9687902651976374
382,0.3,0.7439942543584208,0.991374653658355
383,0.3,0.7414980973796245,0.9947325418697816
384,0.3,0.7434927490270583,0.9921708985840181
385,0.3,0.7443595776614716,0.9987873143567042
386,0.3,0.7481336855077291,1.0171563423731336
387,0.3,0.7450167861370939,1.0071103582144592
388,0.3,0.746532983554303,0.9936672511006753
389,0.3,0.7438162416246376,1.0074673476497673
390,0.3,0.7432309528549932,0.9829194587255071
391,0.3,0.7447123840042902,0.9807682000748813
392,0.3,0.7422662390787625,1.003575545003331
393,0.3,0.7507234404133205,1.0315906660414147
394,0.3,0.7422579535135635,1.0007365734058065
395,0.3,0.7438535480231978,0.9850631951670027
396,0.3,0.7409951623794904,0.9806430718464759
397,0.3,0.7440442760812394,1.00328999663261
398,0.3,0.7468503340728972,0.9836994448331212
399,0.3,0.7469746004841666,0.9945496717639787
400,0.3,0.7456892573131587,0.9845387292182586
401,0.3,0.7446918283747026,1.0023666098201167
402,0.3,0.7391351709115355,0.9597677596051649
403,0.3,0.7485455788829032,1.0216836405486824
404,0.3,0.7461564188664385,1.0071371844855657
405,0.3,0.7464922102093022,1.0118695086184604
406,0.3,0.7367858688757475,0.9739167073314324
407,0.3,0.742846678244575,0.9812340998356001
408,0.3,0.7037256693303704,0.9653622756118849
409,0.3,0.744491549725485,1.0185776838247658
410,0.3,0.747898223257323,1.018707671826182
411,0.3,0.700941764910862,0.9642189898349514
412,0.3,0.7486479981716015,1.012963034053661
413,0.3,0.7479439105677875,0.9996577965619046
414,0.3,0.7475667363005559,1.0122772670116325
415,0.3,0.7453153800130456,0.9982112143525644
416,0.3,0.7436838428811975,1.0034506791856883
417,0.3,0.7398094782300527,0.9932348634094713
418,0.3,0.746379522398285,0.9982808943364042
419,0.3,0.7442473085612828,0.9900223615835911
420,0.3,0.7381361316384633,0.985120253110764
421,0.3,0.7449045019190311,1.003888348616012
422,0.3,0.7432006166394751,0.9965564929726215
423,0.3,0.7463737429745209,0.986738455805418
424,0.3,0.7413632705564434,0.9845038411453954
425,0.3,0.7428779967797573,0.9745106284310889
426,0.3,0.7449896354399689,0.9989596065770181
427,0.3,0.7411596000921189,0.9868954965347183
428,0.3,0.7458264168217931,1.0043630403195298
429,0.3,0.7480958554310614,1.0038155359869643
430,0.3,0.7399272055990805,0.9951964117008435
431,0.3,0.7491558207480512,1.0006405319412284
432,0.3,0.738630768117089,0.9866261622348075
433,0.3,0.7402997818611265,0.9808099857771321
434,0.3,0.6985493652311051,0.975896703181713
435,0.3,0.7462480942464503,1.0149418603615652
436,0.3,0.7475542227219389,1.0001871956680937
437,0.3,0.7455587819208985,1.0008104429636417
438,0.3,0.7474153726901704,1.007874111331489
439,0.3,0.7431026013549665,1.004960829630973
440,0.3,0.7472249934471424,1.0171488711488534
441,0.3,0.7430711599286198,0.9960380262472576
442,0.3,0.7433447603833054,0.9951603188488042
443,0.3,0.7476608059631293,0.9973961982580076
444,0.3,0.7394741131872851,0.9531086476099174
445,0.3,0.7428332483986904,0.980096374180996
446,0.3,0.7461836368076633,1.012898616552407
447,0.3,0.7439545745736711,0.9815987592616223
448,0.3,0.7418439146505043,0.9836825170264788
449,0.3,0.7457421625408344,1.0197477382646234
450,0.3,0.7472325234530424,1.0046362945961844
451,0.3,0.7432326208769965,0.9891053513036466
452,0.3,0.742880703665409,1.0013435832107331
453,0.3,0.7466848918628942,1.0251485419482251
454,0.3,0.7431043394231773,0.9738899883364635
455,0.3,0.7503685400052825,1.0253256187808555
456,0.3,0.7439554755404286,0.9894654874435332
457,0.3,0.7415336462859206,0.9790558233622157
458,0.3,0.7392474536834336,0.9835378175961493
459,0.3,0.7430577125992899,0.9892374977417946
460,0.3,0.7435288661500514,0.9948661312505507
461,0.3,0.7335978267144467,0.9736480226055823
462,0.3,0.7468306229526563,1.0015154272587017
463,0.3,0.7437152438924631,0.9971234932109669
464,0.3,0.7426435811861913,0.9987706161888673
465,0.3,0.7380908442422193,0.9744209552167152
466,0.3,0.7405483457361415,0.9720614795045769
467,0.3,0.7446741246894655,1.0057030402202212
468,0.3,0.7108049802853995,0.9853437063728007
469,0.3,0.748092493043139,1.0134787301578854
470,0.3,0.7420746055097392,0.9858585067438422
471,0.3,0.7447041111056496,0.9855474701861385
472,0.3,0.7480348885985788,1.0234010740293338
473,0.3,0.7405924389448587,0.9911120024767016
474,0.3,0.7399256436479154,0.971523772972484
475,0.3,0.7486238485826631,1.01806280750308
476,0.3,0.7479584559321231,1.0041535151853347
477,0.3,0.7453570640018051,0.9977516844931332
478,0.3,0.7483343497063024,1.0230126816241631
479,0.3,0.7472309559907541,1.0248294876955903
480,0.3,0.745500660535184,1.000230628475186
481,0.3,0.7441990859434776,0.9783265848366218
482,0.3,0.7524734663230155,1.0599372858402278
483,0.3,0.7105904591740531,0.9505305714688391
484,0.3,0.7363982112098338,0.9759824776927528
485,0.3,0.7407103499160387,0.988249116538095
486,0.3,0.74482113650705,0.9920703321102065
487,0.3,0.7112542152849869,0.9782865027721085
488,0.3,0.7467848066088234,1.0063207582210938
489,0.3,0.7460819227013018,1.0059594532523122
490,0.3,0.7469981586586285,0.9922502611753093
491,0.3,0.7420336968824707,0.9859518578630753
492,0.3,0.7461027049092885,1.0027124078885592
493,0.3,0.7406554102243494,0.9866775200898172
494,0.3,0.7496566679520035,1.0256538205971473
495,0.3,0.7428238895303866,0.9951901275667785
496,0.3,0.7456253846433324,0.9838444944297818
497,0.3,0.7472787977592609,1.015212216781311
498,0.3,0.7444570102111255,0.9828167159370543
499,0.3,0.7438106585160696,0.9986634263652515
500,0.3,0.742835017713864,0.9814802492842656
1,0.25,0.741636286775837,0.9911625304029926
2,0.25,0.7455307208758064,1.0106129046540042
3,0.25,0.746619383889454,1.018020510340647
4,0.25,0.7444918980981439,0.9895873564102723
5,0.25,0.7450947784541725,0.9927473597608446
6,0.25,0.7448397589207456,0.9816846662617738
7,0.25,0.7489126345455018,1.0287311420083138
8,0.25,0.747312848320301,1.006433037737875
9,0.25,0.7417088625535599,0.9687863182934734
10,0.25,0.7412430777287723,0.9749971014582791
11,0.25,0.7399978867569046,0.9768830339974784
12,0.25,0.7474181647876157,1.0069448534554366
13,0.25,0.7419005637905832,0.9905985651660549
14,0.25,0.746847821294733,0.9880195085562917
15,0.25,0.7417324345162701,0.9747463407533739
16,0.25,0.7435394730356057,0.9665411477623691
17,0.25,0.7457704033324688,1.0184852287949497
18,0.25,0.7450496652162406,1.0119090187545376
19,0.25,0.7415463367502131,1.0047381496592949
20,0.25,0.7453650330995539,0.9887915811499373
21,0.25,0.745375185702325,0.9939114329690297
22,0.25,0.7432901184951327,0.9989010964156998
23,0.25,0.7453619344836568,1.0007788223836052
24,0.25,0.7455696339090131,1.0051221186832249
25,0.25,0.710527041366566,0.95502795189132
26,0.25,0.7484145531387362,1.0143855280438225
27,0.25,0.7432661521150179,0.9941499524466253
28,0.25,0.7483960349292899,1.0258700471365128
29,0.25,0.7474067745538322,1.004326371302269
30,0.25,0.7411723983549545,0.9670595951583503
31,0.25,0.7407474876621267,1.0006867193089564
32,0.25,0.7470383805692155,1.0158301063012378
33,0.25,0.7475775776121272,1.0382618477424923
34,0.25,0.7455736600035248,1.0066993565388715
35,0.25,0.7452415265489504,1.0098596548378147
36,0.25,0.7421559911335353,0.9818217216171049
37,0.25,0.7443899539039993,1.0033813911919647
38,0.25,0.7383479834544707,0.9552452331233873
39,0.25,0.7447099604802637,0.9912000161668042
40,0.25,0.7489305436542846,1.0277645311262982
41,0.25,0.7437375102915099,0.9933615003211664
42,0.25,0.7407814245081108,0.9970099363341426
43,0.25,0.7483198851618991,1.010507796106027
44,0.25,0.743407901178238,0.9844407148097911
45,0.25,0.7456970086874058,1.0236010817390178
46,0.25,0.7416823720026757,0.9819502429562794
47,0.25,0.7500909425861437,1.0203087149500953
48,0.25,0.7429008580151354,0.9654692918032948
49,0.25,0.7384422538478649,0.9703690903086175
50,0.25,0.7448239310860882,1.0004962515003106
51,0.25,0.7462876885419886,0.993426287859061
52,0.25,0.7475314827431221,1.0300121211244784
53,0.25,0.7435524825360978,0.9843062348748316
54,0.25,0.7493261550164613,1.0208367563888272
55,0.25,0.7469657681583037,1.0210718767136757
56,0.25,0.7469852552689042,1.009174106590926
57,0.25,0.743518156163308,1.0009039318953836
58,0.25,0.7451316878514304,1.0042470502668905
59,0.25,0.7426871554649103,0.9975241943306832
60,0.25,0.7456698452045737,1.0055156006492652
61,0.25,0.744652386154497,1.0051524509100673
62,0.25,0.7447702651522987,1.00630703592517
63,0.25,0.7481642887149482,1.0277105822610715
64,0.25,0.741917963244404,0.9922778540592044
65,0.25,0.7429310223815647,0.9776191612275122
66,0.25,0.7471701214131141,0.9998727136948611
67,0.25,0.7463303067875355,1.0097680567901135
68,0.25,0.7500415218153175,1.0156316348066567
69,0.25,0.745659345148284,0.992575897541564
70,0.25,0.7424196097012256,1.0046333459464087
71,0.25,0.751241651738223,1.0291145553903067
72,0.25,0.7451493463992868,0.9832563968043267
73,0.25,0.7479961985750937,1.0085705913193934
74,0.25,0.7444857791504472,0.9921547992001175
75,0.25,0.7442070178914343,1.0140178119393992
76,0.25,0.7104787286561156,0.969931842110819
77,0.25,0.735105164539792,0.974124014005893
78,0.25,0.7448262308267277,1.0044916488149513
79,0.25,0.7416270396641144,0.9811333495774202
80,0.25,0.7444762834663196,0.9938600727772522
81,0.25,0.7441294102572183,0.9855824349526603
82,0.25,0.7471051275740153,1.005496415344028
83,0.25,0.7429150136122485,0.990382785300119
84,0.25,0.7457769638968399,1.019839471601332
85,0.25,0.7441139099091717,0.9913734490420772
86,0.25,0.7414101929355517,0.9765397831679857
87,0.25,0.6964529877420594,0.9600594287335904
88,0.25,0.7493323008602315,1.0205905319588713
89,0.25,0.6971989571539333,0.9600198224156273
90,0.25,0.7501159349199896,1.0126544956567312
91,0.25,0.7417207867933314,0.9775677178324427
92,0.25,0.7475296893530174,1.0198110563784215
93,0.25,0.7432795503701309,0.9980683336392185
94,0.25,0.743860133606669,0.99509315495652
95,0.25,0.7108748078817054,0.9666791110754627
96,0.25,0.7473056206384333,0.996539308733336
97,0.25,0.7463955288487734,1.006535349300771
98,0.25,0.7435686923787876,1.0105902665411264
99,0.25,0.7465839131023466,0.9978942336298324
100,0.25,0.7384488121565973,0.9638457305106463
101,0.25,0.7453993407247058,1.0107498218468087
102,0.25,0.747860825779782,1.0129388287132566
103,0.25,0.7464479031376721,1.0137094070481816
104,0.25,0.7465156691307732,1.014768621389446
105,0.25,0.7405785601837204,0.995475148920179
106,0.25,0.7474366350244668,1.0226547419867482
107,0.25,0.7446120988992955,1.005720507830297
108,0.25,0.7105338598224932,0.9519724413722969
109,0.25,0.7467944576492378,1.0136426213379695
110,0.25,0.7498948031862581,1.028734333359431
111,0.25,0.741853761380373,0.9857555884018602
112,0.25,0.7453392421335717,1.0023152555401806
113,0.25,0.7400915977715743,0.9613243408305112
114,0.25,0.7433630673006959,0.9829092099527951
115,0.25,0.7427296887334242,1.0069481203383432
116,0.25,0.7408450333374045,0.9739152477709637
117,0.25,0.7472381641911477,1.0150387429347802
118,0.25,0.746663890252484,1.0083652535564993
119,0.25,0.750129045255927,1.012701299757426
120,0.25,0.7462351889096268,1.0093588209274662
121,0.25,0.7503179792488806,1.0348561634257754
122,0.25,0.7474834581725704,1.015984927080642
123,0.25,0.7478931883306091,0.9943250281735482
124,0.25,0.7447263261113521,0.9991759623519616
125,0.25,0.746834025464347,1.0234441457156136
126,0.25,0.7409514899240055,0.9816218640620102
127,0.25,0.7456460096270878,1.0048385806676343
128,0.25,0.7418775081401642,0.9969213969449509
129,0.25,0.750122082301221,1.0191927240907483
130,0.25,0.742164678570461,0.9876327745623941
131,0.25,0.7398347470428125,0.988583439670739
132,0.25,0.7111448718819579,0.9681856425444711
133,0.25,0.7439417305527168,0.9841749785741548
134,0.25,0.7466851764420023,1.0045125483544317
135,0.25,0.7464757974826066,1.0056808997453073
136,0.25,0.7463307015966696,1.0008586928384362
137,0.25,0.744010977661346,0.9787518049224414
138,0.25,0.7427093731032145,1.007068660909583
139,0.25,0.7471901748712544,1.0202385685331805
140,0.25,0.7415714136282897,0.9875978898315854
141,0.25,0.7070994632079504,0.9691358407688945
142,0.25,0.7420768869328365,0.9881673211952136
143,0.25,0.7429821006441711,0.9876159369392362
144,0.25,0.7423477752610721,1.0030994771049426
145,0.25,0.7483465541412729,1.0273217764426947
146,0.25,0.750373374528576,1.0350326917978807
147,0.25,0.7441644771206779,0.9740536531494226
148,0.25,0.7491225997267216,1.0265357558474177
149,0.25,0.6944367846629015,0.9551313460142047
150,0.25,0.7479063633410585,1.0174859961921794
151,0.25,0.7435578067136449,0.991005267650936
152,0.25,0.7466345710253668,1.004657632708788
153,0.25,0.7464744176063431,1.0028045784038555
154,0.25,0.7426549094557263,0.9848701511840978
155,0.25,0.740837161410622,1.003883691661292
156,0.25,0.7439268658280013,0.9852461335206416
157,0.25,0.7349774104065694,0.9818376803963216
158,0.25,0.746197119181317,0.9724165112709132
159,0.25,0.7102319563493118,0.9760309669031914
160,0.25,0.7439583441454317,1.0014657016390764
161,0.25,0.7505285643405192,1.0386508370343062
162,0.25,0.7481618490347423,1.0207923164548973
163,0.25,0.7434757892213596,1.0027834959907909
164,0.25,0.7418290579536646,0.999946479313917
165,0.25,0.7103101107953016,0.9684607688607034
166,0.25,0.7448518432225187,1.0086260942546463
167,0.25,0.7397500530821608,0.9663463810008277
168,0.25,0.7431470752749716,0.9899553361688372
169,0.25,0.7465826013815866,1.0059501363425214
170,0.25,0.7405669421698561,0.9791015326583492
171,0.25,0.7413391834882983,0.9775270389720002
172,0.25,0.7472212758590273,1.0224446114731316
173,0.25,0.7090294067361161,0.9584209999223985
174,0.25,0.7436775627763004,1.0017923267369493
175,0.25,0.7113913443135563,0.9794721502125565
176,0.25,0.7446194024054531,1.0161419246880503
177,0.25,0.7428119782703902,0.9690597084042815
178,0.25,0.7438944225039038,0.9946641495487458
179,0.25,0.7420563065148031,0.9931632592310399
180,0.25,0.7441986992080328,0.9904893302661403
181,0.25,0.7472559505543683,1.0158974950698767
182,0.25,0.7411940583894457,0.9845590822414056
183,0.25,0.7422565434388062,0.9791046402770612
184,0.25,0.7451481528561981,0.992662722401677
185,0.25,0.7437493465014108,1.0103206281796087
186,0.25,0.7463682106645291,1.007752148683175
187,0.25,0.7487357781331188,1.023046278664471
188,0.25,0.7490573408478765,1.0082831855830423
189,0.25,0.708662371837289,0.9690560721157672
190,0.25,0.746499692046278,1.0095915776404414
191,0.25,0.7466238578438856,1.0148868839411194
192,0.25,0.7444338060832253,0.9793595090124763
193,0.25,0.7459210215785673,1.0175918712538365
194,0.25,0.7498785184428545,1.0312565893142183
195,0.25,0.7442450046927453,0.9790720870740094
196,0.25,0.7481193947998978,1.0261734959254856
197,0.25,0.7467982781158594,1.0162845851537519
198,0.25,0.7371403863895277,0.9579708504289131
199,0.25,0.7455960269160536,1.0053954043443578
200,0.25,0.7450600908440875,0.9977333916194899
201,0.25,0.746238017840793,0.9928932076845637
202,0.25,0.7435186747176792,0.9726275319266551
203,0.25,0.7471968798652135,1.0236492040379022
204,0.25,0.7458972744010903,0.9943814203179603
205,0.25,0.7411105330900205,1.0027750050815465
206,0.25,0.7438261891887076,0.9909551437967898
207,0.25,0.7402534700874657,0.9768899227153273
208,0.25,0.7453456108107573,0.9888296634748279
209,0.25,0.7401430554764384,0.9951101060763025
210,0.25,0.7417972042864028,0.9893649170318446
211,0.25,0.7400985446892946,0.9636704712287771
212,0.25,0.748209212528603,1.0084667384991328
213,0.25,0.7455986652701905,1.0208449187033097
214,0.25,0.7475270860509228,1.0255248585380532
215,0.25,0.7476525467971958,0.9955697103637862
216,0.25,0.7497762098329868,1.0309297737294303
217,0.25,0.7400918134863932,0.9737931757534625
218,0.25,0.7428670282543904,0.9882523158656655
219,0.25,0.7029328866872288,0.949595438568255
220,0.25,0.7418713338158397,0.9904022294614083
221,0.25,0.7471418606383604,0.997531835468698
222,0.25,0.7107937933012242,0.9704616094261597
223,0.25,0.7471020662208548,1.014515991177164
224,0.25,0.7423489391273462,0.9988051590289314
225,0.25,0.7447351328878223,0.9984352043067769
226,0.25,0.7400762109926142,0.968768126158199
227,0.25,0.7404447463611767,0.9691337690310621
228,0.25,0.7411373024719718,0.9799838319340702
229,0.25,0.7435097222476743,0.9869429825835129
230,0.25,0.7463179092656026,1.0154884287785302
231,0.25,0.742450774833765,0.9947583340634175
232,0.25,0.7484530284193963,1.0172974844576352
233,0.25,0.7401507896226275,0.9902987825503972
234,0.25,0.7425372768112459,0.9741727142148457
235,0.25,0.7432042789991777,0.9636965439091539
236,0.25,0.7347197785221272,0.9757315781948758
237,0.25,0.7458212847744449,1.0056753021244709
238,0.25,0.7447091453590519,0.9981702624329188
239,0.25,0.7424770666954977,0.9984383336983047
240,0.25,0.744561394302052,1.0089217411517595
241,0.25,0.7509454025756981,1.0324672526307768
242,0.25,0.7489064923035674,1.034412013152343
243,0.25,0.7451517909609836,1.002357168466738
244,0.25,0.7414109334323721,0.985667243794755
245,0.25,0.7491040330811035,1.007611931296315
246,0.25,0.7479898057657624,1.033661317964973
247,0.25,0.7511776904989355,1.0442603698000328
248,0.25,0.7379813012225206,0.9808887408338943
249,0.25,0.7471797305121631,1.0014710907256716
250,0.25,0.7474515219224207,1.0112923916951289
251,0.25,0.7453664837010113,1.0059994167571897
252,0.25,0.746218527646048,0.989208336261743
253,0.25,0.7472982114035809,0.9929709368863571
254,0.25,0.7466397276418033,1.023197268586988
255,0.25,0.7474614842814158,1.0011076976126627
256,0.25,0.7466644089383809,1.0072564852002597
257,0.25,0.7435833597196939,0.9880133522379647
258,0.25,0.7512125707918484,1.0411968088925005
259,0.25,0.7437661161628533,0.9994704186063981
260,0.25,0.7412716563720336,0.9800076309315539
261,0.25,0.7478766654124658,1.0073682908416075
262,0.25,0.7457412201857382,0.9900246506101184
263,0.25,0.7399609442442565,0.9726054234774859
264,0.25,0.7519626593195166,1.0463449554369348
265,0.25,0.7430400182547209,0.9824855969588663
266,0.25,0.7440508231479395,0.9927891031038405
267,0.25,0.7108593145940535,0.9666759043794673
268,0.25,0.7423679771300646,0.979938200410556
269,0.25,0.7387711974286182,0.9798857259261966
270,0.25,0.7490313034109288,1.0263241203474804
271,0.25,0.7411837869805056,0.9810496349900227
272,0.25,0.7436268614258308,0.9805103099676948
273,0.25,0.7410944168309316,0.9870941628752412
274,0.25,0.744949454481818,0.9921212836382588
275,0.25,0.7413164799052037,0.9827001466810726
276,0.25,0.747114948368247,1.0029654729337216
277,0.25,0.746539131257828,1.0246685504489044
278,0.25,0.7105965407839145,0.9742288277190085
279,0.25,0.7455617630058812,0.9986899551346107
280,0.25,0.7427187131558665,0.999711726471204
281,0.25,0.7465329082029246,0.983078898203509
282,0.25,0.7026996178604883,0.9845788327512628
283,0.25,0.6696925203159866,0.9628090594990628
284,0.25,0.7345721554757003,0.9767813598824029
285,0.25,0.7463683703157714,1.0182478372964614
286,0.25,0.7421886472208551,0.9936506477861499
287,0.25,0.73927659000069,0.9777912666818698
288,0.25,0.7479069820323261,1.0034049013427775
289,0.25,0.7474793489056003,1.0143175527023147
290,0.25,0.7342359974828504,0.962757637386928
291,0.25,0.7429370153882098,0.9745135213774411
292,0.25,0.7115603593312756,0.9549523745252954
293,0.25,0.7445632019354207,1.0153028017689358
294,0.25,0.711099529010926,0.9466157033218657
295,0.25,0.744641462994964,1.0101690000312389
296,0.25,0.7425463736569927,0.9838084649630677
297,0.25,0.7482749369182957,1.002672849577659
298,0.25,0.7394549729916614,0.94506617575689
299,0.25,0.7350812041107686,0.97597215284126
300,0.25,0.7466423768838576,0.9906616383400823
301,0.25,0.7438996031207507,0.9940818180534323
302,0.25,0.7464969459675586,1.0017608861779606
303,0.25,0.7451415407414721,1.0019847018065586
304,0.25,0.7466149293389607,1.0052264348722781
305,0.25,0.7481766835343725,1.0163911278008728
306,0.25,0.7487720737481729,1.0267221520819612
307,0.25,0.7489045227305717,1.0332462969976655
308,0.25,0.7464307313799521,1.0191141566032489
309,0.25,0.74562520131831,0.9988934333139591
310,0.25,0.7330809580435519,0.9863413295046201
311,0.25,0.7459159129538354,1.0075689527726002
312,0.25,0.7111318317466759,0.9685622632181796
313,0.25,0.7450464323497061,1.0087074151088928
314,0.25,0.7443341536598025,0.997974624669082
315,0.25,0.7447414944335846,0.9950483464431815
316,0.25,0.7424150670295058,0.9973957440664974
317,0.25,0.7502733475830862,1.0352532147041227
318,0.25,0.7456798173416828,0.9947978628368415
319,0.25,0.7474047425690299,1.011792912010167
320,0.25,0.7483731623049736,1.0133680111253203
321,0.25,0.7510912014729372,1.0220103740978
322,0.25,0.7429445796692059,0.9858670970692295
323,0.25,0.7415269166782688,0.9664553269007471
324,0.25,0.7418601775064759,0.9630283730652006
325,0.25,0.742278664474723,0.9826498676329676
326,0.25,0.7388229473837169,0.9797075731186925
327,0.25,0.7466287310994645,1.0035552572844688
328,0.25,0.750879600692614,1.0300324688164075
329,0.25,0.7405549023511929,0.9853175154930652
330,0.25,0.7457126157343954,1.0186208757389774
331,0.25,0.741076990766021,0.9884206528758642
332,0.25,0.744076657501368,0.9823445596605378
333,0.25,0.7414644352239653,0.979356586648062
334,0.25,0.7406704190400492,0.9808161607311714
335,0.25,0.7434032816038061,0.9987168237313662
336,0.25,0.7449349185810974,1.0132333330558512
337,0.25,0.7423482900208614,1.0122705775308842
338,0.25,0.7393587185483146,0.970617482065683
339,0.25,0.739949988833402,0.9537140857389386
340,0.25,0.6904517258133022,0.9623345605137076
341,0.25,0.734985314938104,0.9727657204893279
342,0.25,0.7466664496773785,1.0055772976796669
343,0.25,0.7442841677329228,0.9844382720340776
344,0.25,0.7444334691968094,0.978319574787936
345,0.25,0.7464386821785275,1.0006982675362295
346,0.25,0.7073936409362489,0.9573109313283846
347,0.25,0.7423904821850397,1.0060957262310528
348,0.25,0.7429154799725673,0.9664636149596472
349,0.25,0.7418058546326015,0.9801799391127045
350,0.25,0.7463830575623209,1.0078491763414401
351,0.25,0.7448887488464592,0.9962247900893354
352,0.25,0.7443817418829344,0.9864409737113718
353,0.25,0.7456310577988668,0.9954515908191542
354,0.25,0.7400691375746177,0.9739264895934422
355,0.25,0.7418785199547855,0.9883160348950115
356,0.25,0.7456888341909205,0.9966592779137907
357,0.25,0.7465758565050193,1.0042688562252546
358,0.25,0.7427593893897197,0.9844984865093941
359,0.25,0.7493310078772265,1.0100207342932264
360,0.25,0.7419984989471297,0.9847780975103549
361,0.25,0.7328121715917003,0.9611857338043074
362,0.25,0.7460801415104517,0.997670264100634
363,0.25,0.7473081013258454,1.0163996650237772
364,0.25,0.749804566421073,1.044467058880955
365,0.25,0.742311819327674,0.9732346202579863
366,0.25,0.7428703698450696,0.9868112169190759
367,0.25,0.7414605312461529,0.9850157007474802
368,0.25,0.7448223895994636,1.0174374860752193
369,0.25,0.7433979689639233,1.0172846677349665
370,0.25,0.7449192064164588,0.9942865907683779
371,0.25,0.7487514182467859,1.0255046926190965
372,0.25,0.7462368288955712,1.0000670416494373
373,0.25,0.7466520806788778,0.9902809183493346
374,0.25,0.7406731696132453,0.9886610652994563
375,0.25,0.7485810477780254,1.0040628610212579
376,0.25,0.7470764983111069,0.9866684944522292
377,0.25,0.7459764436026961,1.0171653084942527
378,0.25,0.7463042005765489,0.9981738835641836
379,0.25,0.7440768439401787,0.9937967497704304
380,0.25,0.7441032745908981,1.0166742115203784
381,0.25,0.7455918865443745,0.9935372832290877
382,0.25,0.7399667956598993,0.9924890871507822
383,0.25,0.7423609052625038,0.9975859304060117
384,0.25,0.7440907720608813,1.0161167515118366
385,0.25,0.7450106132340039,1.01097131590886
386,0.25,0.7434949039888404,0.9956668456669581
387,0.25,0.7447144729065279,0.9966735445232828
388,0.25,0.7468246901718837,1.0172492859407676
389,0.25,0.7454013658857053,0.9900560391675762
390,0.25,0.7476575962809678,1.0200500791995277
391,0.25,0.7399158647584295,0.9856254807501911
392,0.25,0.740995605870392,0.9772273326071578
393,0.25,0.7414849883013702,0.9779273202474446
394,0.25,0.7418914048211784,0.9935787786575071
395,0.25,0.7493750247943995,1.0346252975084245
396,0.25,0.7437670851179508,0.9821974125841763
397,0.25,0.7076851093924411,0.9553440478044675
398,0.25,0.7043993582222221,0.9715221458559354
399,0.25,0.7394095704680673,0.9581121465985587
400,0.25,0.7411425446114762,0.9694257639563418
401,0.25,0.74548397772225,1.0102178690363581
402,0.25,0.7403888723236339,0.991495218074687
403,0.25,0.7423637866435964,0.9739816820692855
404,0.25,0.7454804852012961,1.0036131032598923
405,0.25,0.7331824022934564,0.9767021440931496
406,0.25,0.7352516077192971,0.9883714742571763
407,0.25,0.745668036955831,1.0093259394020544
408,0.25,0.7435575606969946,1.0037278359922137
409,0.25,0.7369564339761644,0.9605501231171767
410,0.25,0.7431738997054574,0.979822473516662
411,0.25,0.744177616216251,1.0062552818606942
412,0.25,0.7503149142291181,1.0436274011020013
413,0.25,0.7044241753340992,0.9680778691696137
414,0.25,0.7421540664851363,0.9631261223641199
415,0.25,0.7432754121288812,0.9852243537993114
416,0.25,0.740576287524226,0.9943476520431107
417,0.25,0.7411785948445022,0.9550402043073427
418,0.25,0.7463523063870303,1.0000308306243832
419,0.25,0.7428089445300488,0.9914356181235053
420,0.25,0.7110153206680073,0.9727765050373393
421,0.25,0.7447992553082016,0.9870319857141568
422,0.25,0.7425004628570023,0.987541873781423
423,0.25,0.7417402027535211,0.9809266470580064
424,0.25,0.7461571579694514,0.9969289723520485
425,0.25,0.7479992430101738,1.0035822050181604
426,0.25,0.7443365164352417,1.00406862343945
427,0.25,0.7430515461181197,0.9837115164017725
428,0.25,0.7481546562808803,1.0172678927121577
429,0.25,0.7475523295913531,1.006733169934818
430,0.25,0.7448874538579887,0.9970901773311981
431,0.25,0.7417977336185662,0.9886895958356859
432,0.25,0.7436101112595549,0.9844840171687632
433,0.25,0.7450144119689979,1.0061612445457981
434,0.25,0.7408511024361774,0.9892645663437982
435,0.25,0.7107691999181855,0.9634580417923732
436,0.25,0.7429391124414015,0.987303273181906
437,0.25,0.7441261791585282,0.9879866242688526
438,0.25,0.7403002906382345,0.9767284065159239
439,0.25,0.7404876243469928,0.968379099584196
440,0.25,0.7426017757088139,0.9803689627614779
441,0.25,0.7471964892568612,1.0215849958699044
442,0.25,0.7467844876382709,1.0254117960459355
443,0.25,0.7440996909409175,0.9828634637888621
444,0.25,0.6899032136547488,0.9506538864637947
445,0.25,0.7445604967837413,0.9861632919501976
446,0.25,0.7480964346923151,1.0051921823772665
447,0.25,0.7456512911866464,0.9929128508598749
448,0.25,0.7382860869721978,0.9656316565485445
449,0.25,0.7415321962761112,0.9937363668893828
450,0.25,0.7475896189101413,1.0135317960507717
451,0.25,0.7431253702417723,1.0067330554402683
452,0.25,0.7421633267000339,0.9833348741814851
453,0.25,0.7456617814125153,0.9995579801760556
454,0.25,0.7423705383660667,0.9935115526781657
455,0.25,0.7434555566239074,0.9860670426916263
456,0.25,0.7416363252145722,0.9625632134319162
457,0.25,0.7427747538840426,0.9820584630944852
458,0.25,0.7431027821386484,1.0084800142097106
459,0.25,0.7456663541385257,0.9979423833999848
460,0.25,0.7405239547232589,0.9855241801553488
461,0.25,0.7480293634305208,0.9997056392624257
462,0.25,0.7431368042067236,0.9990050681831907
463,0.25,0.7418728413594459,0.978845575925505
464,0.25,0.7472450193279904,1.0045245822360052
465,0.25,0.7510961419582693,1.027735042138717
466,0.25,0.7474174962055499,1.0125848208641937
467,0.25,0.7459266418686443,0.990737717266729
468,0.25,0.7500694255672676,1.0323507576068127
469,0.25,0.7437893385307472,0.9828281042316253
470,0.25,0.710648416243925,0.9756945776448464
471,0.25,0.7457669791406589,0.9974987913131077
472,0.25,0.7482191400042155,1.0039822810452739
473,0.25,0.7421268814139473,0.9927061696191876
474,0.25,0.7467385942130543,1.0073848007221222
475,0.25,0.7413277079033378,0.9865107374459963
476,0.25,0.7419108755659329,0.9939835619394468
477,0.25,0.7423064505385947,0.9682086794015797
478,0.25,0.7460785114745474,1.0151927555628724
479,0.25,0.7438512857277605,0.993929677257419
480,0.25,0.7050691714668677,0.9831560920876792
481,0.25,0.7452868852072864,0.9858804803581125
482,0.25,0.7410159942768485,0.9686081647388043
483,0.25,0.741660552410694,1.0022439495737212
484,0.25,0.7414428920438311,0.9862242674108241
485,0.25,0.7455946236136786,1.0058387489389087
486,0.25,0.7436871671391536,0.9752759053354224
487,0.25,0.7468654807869544,0.9942793618165688
488,0.25,0.7098205116796963,0.9753298045266676
489,0.25,0.7415702580071913,0.9592242798341075
490,0.25,0.7037460443963877,0.9620798708665089
491,0.25,0.7436808872779807,0.995252410486051
492,0.25,0.7467834842004782,1.0179110771156126
493,0.25,0.7428558004572288,0.9900135180734873
494,0.25,0.7406539489592494,0.991832104366358
495,0.25,0.7407785114249069,0.9841272209791869
496,0.25,0.7441238359410185,0.9754719636201912
497,0.25,0.7423002270819526,0.9842295152873162
498,0.25,0.7479959780050499,1.0107089988937714
499,0.25,0.7441056628890204,0.9814872305845538
500,0.25,0.710602085126032,0.9514253964609665
1,0.2,0.633174518503993,1.0100504931249166
2,0.2,0.6267563337857402,0.9711541803323565
3,0.2,0.632950047026825,1.0096640795010443
4,0.2,0.6299784640436237,0.9628758319611523
5,0.2,0.6300509015302707,0.9842159839987943
6,0.2,0.6311478929629483,0.9927704202464662
7,0.2,0.6301391820172576,0.9877150591027342
8,0.2,0.6307401883716998,0.9939054778254685
9,0.2,0.629524224031976,0.9861214881375701
10,0.2,0.6305889050198672,1.0017424914933684
11,0.2,0.6324060295106323,0.9913385785776364
12,0.2,0.6334183607618824,1.0024637732262782
13,0.2,0.6295093628348208,0.9728789626549952
14,0.2,0.6293255223373312,0.9924049658630931
15,0.2,0.6302051399959676,0.9982184121992902
16,0.2,0.6288862675685916,0.987735058099931
17,0.2,0.6256773589812421,0.9668148890037507
18,0.2,0.6317764261582116,0.9919157977921511
19,0.2,0.6285994564275375,0.9716232480137348
20,0.2,0.6261737141899062,0.9736506037335304
21,0.2,0.6292953639437113,0.9883491518944176
22,0.2,0.6305234386127333,0.9875936699063276
23,0.2,0.6315417342579224,0.9990048407644874
24,0.2,0.6267790555433179,0.9726507895336788
25,0.2,0.6333420266218323,0.9665404443836558
26,0.2,0.6313728640616078,1.002978071560493
27,0.2,0.6303987584449716,0.982974184111979
28,0.2,0.6241517055302428,0.9430707903567571
29,0.2,0.6344218972039953,1.0145728602039996
30,0.2,0.6334288975431033,1.010280097574607
31,0.2,0.6304947106632252,0.9822143127215324
32,0.2,0.6305107528155015,0.9899567905220725
33,0.2,0.6310171853892135,1.01002126893459
34,0.2,0.6277313171460495,0.9899689434026562
35,0.2,0.632891021870936,1.010470600007143
36,0.2,0.6290321992588698,0.9961162848456213
37,0.2,0.6281578482263658,0.9790527878259383
38,0.2,0.6316548158436982,0.9817479664330803
39,0.2,0.6297075079479764,0.9745474424427797
40,0.2,0.6323048688804215,1.001158757264296
41,0.2,0.6344641851399937,1.0283319649950644
42,0.2,0.6326341549550751,0.9900597011105526
43,0.2,0.6317070637898146,0.9731730656463824
44,0.2,0.6350394311296931,1.0087763217744319
45,0.2,0.6293125599557639,0.9722442549311491
46,0.2,0.6313621706159862,0.9981703395075386
47,0.2,0.6311230202344682,0.9909763073480865
48,0.2,0.6329287881663302,0.9971496288130457
49,0.2,0.632902449537395,0.9901114008499344
50,0.2,0.6323658148994129,1.004974975759654
51,0.2,0.6338725024353692,1.0063280248783364
52,0.2,0.6269072180237879,0.9934613413212668
53,0.2,0.6318703308239291,0.9931026592795278
54,0.2,0.6325236897129117,1.010241069469349
55,0.2,0.6346011231642267,1.0168454761831387
56,0.2,0.627755755988392,0.9716380547889648
57,0.2,0.6275646881531843,0.9888599902846975
58,0.2,0.630243546943041,0.9929652250945686
59,0.2,0.6333794537154025,1.0048178976564792
60,0.2,0.629484789887793,0.9850288246933024
61,0.2,0.6332615834875481,1.0033269224902177
62,0.2,0.6308742788265231,0.9985817592711169
63,0.2,0.629575306156864,0.9916749409958473
64,0.2,0.6307946817064086,0.988220507215393
65,0.2,0.6334797149304929,1.0161777803770187
66,0.2,0.633848665320058,1.0159328831216554
67,0.2,0.6285351875495347,0.9805128227347955
68,0.2,0.6299106322969067,0.9892325353119453
69,0.2,0.6300151566663974,0.9806951218370117
70,0.2,0.6330470314226421,0.998509937727407
71,0.2,0.6287175373358728,0.9871936434904106
72,0.2,0.6288723323855915,0.9905886600863711
73,0.2,0.6328884035906368,0.9980613383348242
74,0.2,0.6298329049427066,0.9893660622419738
75,0.2,0.6287348086589041,0.9785209207983269
76,0.2,0.6302045677714766,0.9754757057905136
77,0.2,0.6326819479609758,1.009692026314355
78,0.2,0.629227928645439,0.9700660387538979
79,0.2,0.634038797929104,1.007171563212958
80,0.2,0.6320949553179689,1.0043808672986032
81,0.2,0.6304844906426887,0.993948617451116
82,0.2,0.62850599417746,0.9846174098710966
83,0.2,0.6324864601108865,1.0151467412258326
84,0.2,0.6336815609949181,1.0173210973473226
85,0.2,0.6320714690905672,0.9896661456953121
86,0.2,0.6259877400203002,0.9702769407676206
87,0.2,0.6253662766869289,0.9886932965040195
88,0.2,0.6311723269897181,0.9793443358726374
89,0.2,0.6293137548068269,0.9881556364934778
90,0.2,0.6286158803934928,0.9882108079589653
91,0.2,0.6306232296241059,0.9882028159177484
92,0.2,0.6292035876469332,0.9884834880462393
93,0.2,0.6324096030536271,0.9986600580858598
94,0.2,0.6324330008809753,0.9781228065665826
95,0.2,0.6303288464930745,0.9995928285403929
96,0.2,0.6273829371274419,0.9559570596568339
97,0.2,0.6315787604812259,0.9940476388941291
98,0.2,0.6321697287249571,0.9856211542895105
99,0.2,0.6298961652345736,0.9821221288982244
100,0.2,0.6341383398568853,1.0308071797145515
101,0.2,0.628965856336677,1.016122347532579
102,0.2,0.6309439891013535,1.0092726604262803
103,0.2,0.6332919550852278,0.9929267113367752
104,0.2,0.6290075830375221,0.9679057184349844
105,0.2,0.6292319672567963,0.9949154821579912
106,0.2,0.6332941815484103,1.0100735331342936
107,0.2,0.6302378581147731,0.9838158134883715
108,0.2,0.6333597841995601,1.0039751677898778
109,0.2,0.6316347032803394,0.9935825557608927
110,0.2,0.6310639913103194,0.983665841354781
111,0.2,0.6319563590986094,1.0095655115981335
112,0.2,0.6329893933430841,0.9856104182222691
113,0.2,0.6341926627240074,1.0112125770769878
114,0.2,0.6313626859807778,0.9905414486235378
115,0.2,0.6325127438310512,0.993655693375525
116,0.2,0.6257063804766371,0.9544823916674339
117,0.2,0.6327185001482113,1.0023860175349977
118,0.2,0.6340490621511171,1.0073958098555174
119,0.2,0.629620284074789,0.9810525721348468
120,0.2,0.633249449749014,1.0045508855188643
121,0.2,0.6306886883730958,0.9908768445208859
122,0.2,0.6294504048271543,0.9867564719865999
123,0.2,0.6289777423747092,0.9735424818712546
124,0.2,0.6308448150918124,0.9992851130557194
125,0.2,0.6310705802346721,0.9952717953840451
126,0.2,0.6312659315434339,1.0108762198073327
127,0.2,0.632911492569512,1.0102789789272042
128,0.2,0.628684110496003,0.9901593694530731
129,0.2,0.6315313865242229,0.9831400237717062
130,0.2,0.6278131091364452,0.9876390901941344
131,0.2,0.632233717188912,0.9955835365001844
132,0.2,0.6264066573639117,0.9752303630205387
133,0.2,0.6301890854722578,0.9590980267518181
134,0.2,0.629751322193292,1.0039446309944762
135,0.2,0.6291121733439652,0.9853633970102186
136,0.2,0.6269202675604841,0.9792234643228495
137,0.2,0.6284962830217198,0.9723323479984167
138,0.2,0.6271610358297524,0.9709943623523817
139,0.2,0.6334939206921997,1.0079441206565483
140,0.2,0.632567839666827,1.007389574610241
141,0.2,0.6270036611237493,0.9810989204300095
142,0.2,0.6334327481601301,1.0091953710176649
143,0.2,0.6287229725741889,0.9880636775817448
144,0.2,0.627471176495932,0.9796708970050828
145,0.2,0.6302901959310591,0.9832864133307133
146,0.2,0.6338994484920715,1.0060848101434752
147,0.2,0.6281326614373669,0.979284538906744
148,0.2,0.6267819393539451,0.9944396151841344
149,0.2,0.6319110180699223,1.0062025691520928
150,0.2,0.626840067989325,0.9642312184537843
151,0.2,0.6240545264958292,0.9622435091914696
152,0.2,0.6331623247674945,0.9960457982425958
153,0.2,0.6294637664369972,0.9859153887531312
154,0.2,0.6306774535461782,0.991615245086606
155,0.2,0.627674485885979,0.971794694313226
156,0.2,0.634682819127595,1.0068286950434169
157,0.2,0.6332634023625255,0.9942827550965111
158,0.2,0.631416595830863,0.9864245362199294
159,0.2,0.6336691528204847,1.010725506874327
160,0.2,0.6309938428649484,0.9839255244943579
161,0.2,0.626070633321272,0.95696222607197
162,0.2,0.6293039869186933,0.9828290775946609
163,0.2,0.63344152975892,0.9931787368481283
164,0.2,0.6311481138403385,0.9864528787791552
165,0.2,0.6287012688754539,0.9799774378389414
166,0.2,0.6272832871837853,0.9652558614206783
167,0.2,0.631808540700491,0.9997807102869308
168,0.2,0.6278842340683682,0.9719348358514698
169,0.2,0.6329982378152027,0.996285995885972
170,0.2,0.6298780740210789,0.97489815889135
171,0.2,0.6258046965579636,0.9632482251097996
172,0.2,0.6303760687346852,0.9991349341312413
173,0.2,0.6321029505173422,0.9996244187911928
174,0.2,0.6327144511521102,1.0136372455760612
175,0.2,0.6340730265838116,1.0157015388039472
176,0.2,0.6339938924591718,1.016701516226825
177,0.2,0.6291561952510285,0.9987699629981464
178,0.2,0.6280225038246947,0.9922976821665508
179,0.2,0.6311386060683317,0.9730438653689246
180,0.2,0.6285560629896492,0.9905871449295703
181,0.2,0.6311375502198422,1.0072021085876768
182,0.2,0.6289365130559162,0.9808166649238644
183,0.2,0.633989940561431,1.0202673387679113
184,0.2,0.6333716665610476,0.9991503615441537
185,0.2,0.634316425199601,1.0247125640951849
186,0.2,0.6310261042156825,0.9938797750373415
187,0.2,0.6331447508707985,0.9946274111605877
188,0.2,0.6325618792962031,0.984850686937195
189,0.2,0.6234388054809658,0.9633964400258618
190,0.2,0.6334255272799574,1.0108823373331852
191,0.2,0.6336199055476055,1.0014223602326102
192,0.2,0.6315130001451441,0.993157820623506
193,0.2,0.6274993250568084,0.9740536426533851
194,0.2,0.6310445936516417,1.0156494320547944
195,0.2,0.6336638346345114,1.0232965047485159
196,0.2,0.632108296630476,1.0093902379252861
197,0.2,0.632006301832801,0.9998090320251618
198,0.2,0.6253978607576104,0.9689920475615087
199,0.2,0.6337132038379488,0.9856064938433944
200,0.2,0.6300531907491204,0.9862912739154824
201,0.2,0.6319727621551248,0.9974610914209946
202,0.2,0.6340066546750626,1.0115333406594544
203,0.2,0.6257478954337263,0.9702201281227125
204,0.2,0.6340957432543929,1.0188126361074328
205,0.2,0.6314495948204113,1.005911176276763
206,0.2,0.6306173683501644,0.9955594461208692
207,0.2,0.6315930044248363,1.005916387342472
208,0.2,0.6316149432093385,0.9938416429723961
209,0.2,0.6323241403233121,1.0053920828400436
210,0.2,0.6254829642788348,0.9525131696249433
211,0.2,0.6315351772644905,1.0032525821317355
212,0.2,0.6355005316008324,1.0302803130917992
213,0.2,0.6321602929402188,1.013776362685771
214,0.2,0.6322353063437928,0.991277302238537
215,0.2,0.6316120890875553,1.014148274934914
216,0.2,0.6302072422927946,0.9919117121761876
217,0.2,0.6287683483862186,0.9736565090275242
218,0.2,0.6278169274028497,0.9585671037649871
219,0.2,0.6333240714475368,0.9974217888188558
220,0.2,0.6310481906994623,0.9827294230356167
221,0.2,0.6331353673767998,0.9970774982892959
222,0.2,0.6312093381163024,0.9945184898150771
223,0.2,0.6333003425432352,0.9837905656176044
224,0.2,0.6279003428822616,0.9611656428203962
225,0.2,0.6342189873290605,0.9924832591355184
226,0.2,0.6269348643087163,0.9732398239218789
227,0.2,0.6295024680711965,0.9645520389055374
228,0.2,0.6346928516290148,1.0039009190647585
229,0.2,0.6337195757488614,1.0196864202979843
230,0.2,0.6307786775558705,0.9830767072278297
231,0.2,0.6296645679481149,0.9890038516110843
232,0.2,0.6318939093277669,0.9911130026184402
233,0.2,0.6287616984715705,0.9821149443318735
234,0.2,0.6336322719933712,0.995178762741582
235,0.2,0.6342059635778977,1.0078890957270572
236,0.2,0.6340169315757331,0.9960099711040448
237,0.2,0.6280135178572732,0.983064627703874
238,0.2,0.6289302138960335,0.9854945603844122
239,0.2,0.6307939922335621,0.9946301069898442
240,0.2,0.6333590413996056,0.9960661652080308
241,0.2,0.6345114925566155,1.0095607372271995
242,0.2,0.6249766617307826,0.9625033757968556
243,0.2,0.6292901446894407,0.9912719501000679
244,0.2,0.6344926465909819,1.0223575309050634
245,0.2,0.6268316507236225,0.9666339007163706
246,0.2,0.6275068274157404,0.9958279969522722
247,0.2,0.6328860132574553,0.9991378670280738
248,0.2,0.6309653726537532,0.9999694905569034
249,0.2,0.6332894468293785,0.9932093609044998
250,0.2,0.629963297807254,0.9600825352405186
251,0.2,0.6288606926396144,0.9762657082408158
252,0.2,0.6343318984618217,1.0117823621686108
253,0.2,0.6295045322211277,0.9820908064064746
254,0.2,0.6319035821287219,1.004374467488254
255,0.2,0.6328726050307875,0.9990638448318355
256,0.2,0.6338579864060464,1.017890843613792
257,0.2,0.6301061907816808,0.9993466535782591
258,0.2,0.6255392746413427,0.9834563755246294
259,0.2,0.6301008247406159,1.0089854445405224
260,0.2,0.6308548838089496,0.9975103095331934
261,0.2,0.6291843083587743,1.0153566322602294
262,0.2,0.6345565909545846,1.0136357563016043
263,0.2,0.6329788833237925,1.0112148407126424
264,0.2,0.630367969472756,0.9942398918336559
265,0.2,0.6240802768022435,0.9575767148767095
266,0.2,0.628022884366434,0.995860278991365
267,0.2,0.6305862510152387,0.9862263662185587
268,0.2,0.6312706210477718,1.014216526074861
269,0.2,0.6300608330723243,0.9854591000446116
270,0.2,0.6334165806671928,1.0095502088679695
271,0.2,0.6335646815402661,1.0050820667133522
272,0.2,0.6335789961654665,1.011760037659217
273,0.2,0.6259203301228522,0.981903427794589
274,0.2,0.6340546025122051,1.0053853235036883
275,0.2,0.6309046914755805,0.9889087075431231
276,0.2,0.6280790877274077,0.9689651467594733
277,0.2,0.6245687177442093,0.9525218223794737
278,0.2,0.6299434457640598,0.9879367136138203
279,0.2,0.6307096974236405,0.9936863956410876
280,0.2,0.629949931468596,0.977775673846205
281,0.2,0.6284761047363594,0.9987315769268572
282,0.2,0.630944354241266,0.9862475285473798
283,0.2,0.633010983999256,0.9953429284111265
284,0.2,0.6304950966460993,1.0058669729683614
285,0.2,0.633330282573978,1.0050294870012504
286,0.2,0.6255297429984834,0.9591407697169666
287,0.2,0.6337314537407136,1.014486488348081
288,0.2,0.6263675195158435,0.9759531279219354
289,0.2,0.6269179483097854,0.9519327050971418
290,0.2,0.632238979499131,0.986173334124154
291,0.2,0.6307980001713728,0.9689668156751599
292,0.2,0.631033513455039,0.988347412648506
293,0.2,0.6313074633218476,0.9951661181209043
294,0.2,0.6337978087184855,1.0133910057960034
295,0.2,0.6282756015286357,0.9907420745339433
296,0.2,0.6334765576005613,1.0162824989701014
297,0.2,0.6282004549858385,0.9711788712783958
298,0.2,0.6318343705834859,1.0085544690059847
299,0.2,0.6318332019155335,1.0058174837323108
300,0.2,0.6283504539143338,0.9592133314377919
301,0.2,0.626450590739779,0.9682577246372502
302,0.2,0.632010093126579,1.0019822145099704
303,0.2,0.6333065038091051,0.9908289540288083
304,0.2,0.6316603140661713,0.9824074132652834
305,0.2,0.6339993829401223,1.0073214903183803
306,0.2,0.6296889253832506,0.994280688920456
307,0.2,0.6323092791046516,1.0201858980404717
308,0.2,0.628754069083459,0.9874136802753297
309,0.2,0.6340957009873758,1.0175148572456219
310,0.2,0.6316185726050523,1.0136790335075045
311,0.2,0.633228200559665,1.012393893054886
312,0.2,0.6305956881557447,0.9897704960613837
313,0.2,0.6333252287156643,0.9953745034475234
314,0.2,0.6305477516763064,0.9819736363706688
315,0.2,0.6347231466601795,1.028744728863184
316,0.2,0.626423555909296,0.9548836736839538
317,0.2,0.6266151460511404,0.9667370906234696
318,0.2,0.6267868329960053,0.9627328750602125
319,0.2,0.6296974295359768,0.9942554274038251
320,0.2,0.6307929109563364,0.9808946794686214
321,0.2,0.6307179030570516,1.002502642069362
322,0.2,0.6324620233028582,1.0060515471799996
323,0.2,0.6333780373184349,1.0006635960564525
324,0.2,0.6302471348244807,0.9818364718331194
325,0.2,0.6285045022531569,0.990150849261023
326,0.2,0.6298070631985269,0.9808316844491387
327,0.2,0.6313160567027505,0.9962645101385166
328,0.2,0.6238595124712044,0.9643908333413379
329,0.2,0.629129673634931,0.9736513944372225
330,0.2,0.628693607539188,0.9988224608652361
331,0.2,0.6341122607998395,1.021034160562782
332,0.2,0.6315150308187284,0.9756696774607536
333,0.2,0.6293893001394969,0.988283239062268
334,0.2,0.6343860074958173,1.0171553896408485
335,0.2,0.6254960207484389,0.9499385523931855
336,0.2,0.6315089169342408,1.009739575158424
337,0.2,0.6348234358550146,1.0260919041457373
338,0.2,0.6321233363939214,0.999837518043921
339,0.2,0.6282412227581871,0.9717475566063913
340,0.2,0.6296475195468234,1.0000141031824048
341,0.2,0.6327935125591312,1.0024487567338198
342,0.2,0.6316261528131991,0.9661158372568972
343,0.2,0.627381772508231,0.9660522777733513
344,0.2,0.6345200154243733,1.018586680600398
345,0.2,0.6342486867536723,1.0079440345844468
346,0.2,0.6301648043277943,0.9704063239208535
347,0.2,0.6301697125283833,0.9931781546882947
348,0.2,0.630728937994501,1.005392248001103
349,0.2,0.6341586688072196,1.0171547373326701
350,0.2,0.6340717765846441,1.0196914586580477
351,0.2,0.6332764922695102,1.0087858915081591
352,0.2,0.6341624184584712,1.0127205498914635
353,0.2,0.6292590296737055,0.9958820758456546
354,0.2,0.6333776030590914,1.0005572922434505
355,0.2,0.6316173721893217,0.9917895897496456
356,0.2,0.6309938903697423,0.9877879395
357,0.2,0.6284605008359291,0.97613117530516
358,0.2,0.6289592127221844,0.9884792607651843
359,0.2,0.6282083004510527,0.9708738652765304
360,0.2,0.6291387795112224,0.9921868837695303
361,0.2,0.6335828867270955,1.0056873559130703
362,0.2,0.6320279996536989,0.9898454763888817
363,0.2,0.6280382129800435,0.9711694190244531
364,0.2,0.6330142257370814,0.9762908711902589
365,0.2,0.629326241182491,0.976629781093228
366,0.2,0.6319591976464667,1.0052832690930995
367,0.2,0.6253660749447042,0.9804576773379012
368,0.2,0.6307212672483976,0.9990975950420498
369,0.2,0.6226982544028041,0.944892149910262
370,0.2,0.6318648967968127,0.9843754265116853
371,0.2,0.633234132037039,0.9966977250491269
372,0.2,0.6282245057592486,0.9733698331245452
373,0.2,0.6335292013677948,1.0176089406880735
374,0.2,0.6335076611745771,1.0120544970972394
375,0.2,0.6323035389144014,1.003920353954698
376,0.2,0.633216971450164,1.0015229496800557
377,0.2,0.6309908712414652,0.9877984757026603
378,0.2,0.6305901869377356,0.9915721136680351
379,0.2,0.628030913788498,0.9800127960646668
380,0.2,0.6315390058550544,1.0089364545324642
381,0.2,0.6310824060476528,0.9751442680953442
382,0.2,0.6272533236643559,0.9717596499921595
383,0.2,0.6333077773123515,1.011084246758778
384,0.2,0.6342128387934197,1.0081729676888704
385,0.2,0.6330413607995647,1.0052679211683102
386,0.2,0.6250858180682339,0.9710398605875666
387,0.2,0.6341986132147661,1.0195146622316242
388,0.2,0.6299216232133747,0.9939450577395528
389,0.2,0.6333908636093873,1.0044593748310793
390,0.2,0.6337559153434147,1.010081070597331
391,0.2,0.6292572567284064,0.962917926153065
392,0.2,0.6318837087526178,0.9948155606224844
393,0.2,0.6309976065237647,0.9872188873643668
394,0.2,0.6278095568812152,0.9782826436728388
395,0.2,0.633508127579863,1.0046270861671185
396,0.2,0.6323723839959267,0.988719469868125
397,0.2,0.6334087105413144,0.9991654767612467
398,0.2,0.6281774750915166,0.9786466702609057
399,0.2,0.6333302198398236,1.0123210844303774
400,0.2,0.6328642045356244,1.0115525822764109
401,0.2,0.6335640351777231,1.0135037537524287
402,0.2,0.6328736646373053,1.010170026662609
403,0.2,0.6303525585622612,0.9839923718116071
404,0.2,0.6329249061991383,1.0099992697011617
405,0.2,0.630749324014293,1.0063889936506782
406,0.2,0.6338002416966668,1.0221365082168479
407,0.2,0.6303114028496604,0.9927827101588254
408,0.2,0.630827914035476,0.987057910362877
409,0.2,0.6317902533711427,1.014048284597433
410,0.2,0.6310103372036263,0.9916230342917144
411,0.2,0.6259527197747586,0.9901843776641172
412,0.2,0.6280602846894766,0.9799243059159876
413,0.2,0.6322888985928572,1.0082385927368076
414,0.2,0.6306834248337109,0.9945652202672921
415,0.2,0.6318008585602229,0.99210315390772
416,0.2,0.6207633837929177,0.9637147980780626
417,0.2,0.6269837387258043,0.9747335976604928
418,0.2,0.6249582720284348,0.9701247054621731
419,0.2,0.6340317629375102,1.0066539792153697
420,0.2,0.6309220183023121,0.9841676250411874
421,0.2,0.6317013154282807,0.9683219029304563
422,0.2,0.6319769549113924,0.9914804420521109
423,0.2,0.6254935886109289,0.9679852932392621
424,0.2,0.6301061491408566,0.9949746731673166
425,0.2,0.629662510208226,0.9935889417197669
426,0.2,0.62986783137734,0.9885610618250862
427,0.2,0.6320419377835846,0.9994451431205811
428,0.2,0.6311523676536406,0.9728298556772705
429,0.2,0.6272139159154126,0.9891743255773443
430,0.2,0.6313853250488946,0.9996180975738697
431,0.2,0.631996551691821,1.0036685824786566
432,0.2,0.6321110257913862,0.9918920658096987
433,0.2,0.6304206424409623,0.9766031437228764
434,0.2,0.6289413504778532,0.9871262496779648
435,0.2,0.6284546124193069,0.984165037145239
436,0.2,0.6275318244416105,0.9507761543187504
437,0.2,0.6328825477354689,0.9886353880406727
438,0.2,0.6324437400526792,1.0089550076490459
439,0.2,0.6314448702305413,0.9795005361105119
440,0.2,0.6280012881599703,0.9798777206341291
441,0.2,0.6334130474330607,1.0014370612977148
442,0.2,0.630042649467057,0.9724160074222832
443,0.2,0.6343390374447037,1.0135969047152869
444,0.2,0.6321460711906745,0.9959245573846797
445,0.2,0.6285154015900676,0.96770936833174
446,0.2,0.6303747536205488,0.9855783332929655
447,0.2,0.6334760863044647,0.9982833741285131
448,0.2,0.6314843012280655,0.9943240712559338
449,0.2,0.6263184839047725,0.9709806466820046
450,0.2,0.6309077575051624,0.9793442574776386
451,0.2,0.628267823484156,0.9846538542913967
452,0.2,0.6332026020891579,1.0205463540200101
453,0.2,0.6281683016301306,0.9754359373667671
454,0.2,0.6342264695614444,1.0288732342760032
455,0.2,0.6307256925375551,0.9900727181092989
456,0.2,0.6340974100516735,1.015915251341415
457,0.2,0.6320908442030752,0.9976724543258498
458,0.2,0.62892436875507,0.992334640812067
459,0.2,0.6334960475872572,1.0059632811848136
460,0.2,0.6325906507054881,1.0169456112047066
461,0.2,0.6279790704524344,0.9700057457872241
462,0.2,0.6303601152956014,0.9774653010747789
463,0.2,0.6332820816261012,1.013214981695821
464,0.2,0.6306286735849198,1.010191385838168
465,0.2,0.6333356095774526,0.9997599655619992
466,0.2,0.634253042076088,1.0248234661242563
467,0.2,0.6295206090270834,0.9786295947812667
468,0.2,0.631942928667958,1.006908449260658
469,0.2,0.6327097261238114,0.9937004489065548
470,0.2,0.6282276004759423,0.9778636183501321
471,0.2,0.6295734355997123,0.9833793898771849
472,0.2,0.6286965882288936,0.9897087122568115
473,0.2,0.6323446895915471,0.9756148074829938
474,0.2,0.6281493124635744,0.9919500723639607
475,0.2,0.6292384733059679,1.000256687861199
476,0.2,0.6269735501160019,0.9695568505769707
477,0.2,0.631804527447264,0.9866704866041128
478,0.2,0.632425212218885,1.0157836907460223
479,0.2,0.6295429547842047,0.9786306841110977
480,0.2,0.6310979650943127,0.9973570232795453
481,0.2,0.6249416467117882,0.9734044340758381
482,0.2,0.6244079519240073,0.9720183389837588
483,0.2,0.6310985522519266,0.9853377252541894
484,0.2,0.6341741883541351,1.0163448107168649
485,0.2,0.6290342684456515,0.9739404715711868
486,0.2,0.6297937388479384,0.9730618153984216
487,0.2,0.6318691412075171,0.9917938325740911
488,0.2,0.6306211312978092,0.9976751913346038
489,0.2,0.6328885104808906,1.004710935454391
490,0.2,0.6321436929463453,0.9794326359626864
491,0.2,0.6296877557828338,0.9993557832741649
492,0.2,0.6336361378884069,1.0140719400779432
493,0.2,0.6329116802159177,0.9919653990601237
494,0.2,0.6329419258282514,0.9959016638950688
495,0.2,0.6315167522551967,1.0049789768195005
496,0.2,0.6320306802570881,1.0017304850296453
497,0.2,0.6308486879465824,0.9978214157479075
498,0.2,0.6260423692887521,0.9415997063741237
499,0.2,0.6317332889141192,1.0059608490889886
500,0.2,0.629872360588614,0.9870288532812459
1,0.15,0.46912905792551063,0.9500612274800685
2,0.15,0.46833408837068374,0.9554465130786689
3,0.15,0.46893010712099265,0.957377594674319
4,0.15,0.4669907728070667,0.9485425323683745
5,0.15,0.4684774648350014,0.9575744092135688
6,0.15,0.4664668219286327,0.9334594400147624
7,0.15,0.46655790462370095,0.9500443651702225
8,0.15,0.46811403817460323,0.9496311660094896
9,0.15,0.4686061693095376,0.9397128254276034
10,0.15,0.46715026019286165,0.9504419955361352
11,0.15,0.46841930204782495,0.9588413398403242
12,0.15,0.4685529589628262,0.9427053902656795
13,0.15,0.4679125533178172,0.9512160006464675
14,0.15,0.46804588886729315,0.95322430741044
15,0.15,0.4681596726199956,0.9537882132303289
16,0.15,0.4670704043965375,0.9469155466842242
17,0.15,0.4676652669532026,0.9391975661810597
18,0.15,0.46807297023387046,0.9494930346672301
19,0.15,0.46664300316292406,0.9495678382636121
20,0.15,0.46754208763706406,0.9600326942133983
21,0.15,0.4688427571581983,0.9238334599459984
22,0.15,0.46715786220679506,0.9561802103510068
23,0.15,0.4673826189793594,0.9444705779109476
24,0.15,0.4677389086801358,0.9554617084600782
25,0.15,0.4673916389086907,0.9528938074574462
26,0.15,0.4678647426297496,0.9496132194151834
27,0.15,0.4683520207016887,0.9563379555967009
28,0.15,0.46888640505891854,0.959292958285261
29,0.15,0.4684382509689744,0.9543943952678742
30,0.15,0.46814983672640936,0.9363524014009404
31,0.15,0.46737689643536234,0.9451472850680098
32,0.15,0.46787338481787183,0.9611944954225013
33,0.15,0.46790882311421195,0.9493282761165934
34,0.15,0.46827473361497507,0.9582428806637471
35,0.15,0.46762538524181235,0.9444418382438828
36,0.15,0.4691220959481129,0.960301515397079
37,0.15,0.46830279839047173,0.9590908264036118
38,0.15,0.4686404241034114,0.9519145737740129
39,0.15,0.4685407771060821,0.9557067238475017
40,0.15,0.4680424915490702,0.9636313240125082
41,0.15,0.4682045845686005,0.9403799672448813
42,0.15,0.46836224051721304,0.9579815927261379
43,0.15,0.46889998554061063,0.9530922958899525
44,0.15,0.4683780913800153,0.9528019903236161
45,0.15,0.4685211931438658,0.9535901228948872
46,0.15,0.4682091214929646,0.9505712238311302
47,0.15,0.4677235326958413,0.9460977951213958
48,0.15,0.4687066026972361,0.9490574820069574
49,0.15,0.46858665438343955,0.9447575038813205
50,0.15,0.4681086816790331,0.9479539304363966
51,0.15,0.4681035579107059,0.9461132249641199
52,0.15,0.46803668533097786,0.9335527503194725
53,0.15,0.4687498863431343,0.9535801330222343
54,0.15,0.4672026579931089,0.9442668835191389
55,0.15,0.46859603821947216,0.9553342225713404
56,0.15,0.4690329293561231,0.9542073714878065
57,0.15,0.46760725655884827,0.9263984751529313
58,0.15,0.4678417668464768,0.9496551514943871
59,0.15,0.4683805910315828,0.9547027039217864
60,0.15,0.46837033817310875,0.9357049074439486
61,0.15,0.4685488362339438,0.951269090914154
62,0.15,0.468018955963091,0.9382090007085776
63,0.15,0.468987972051144,0.9567343035725219
64,0.15,0.46845888864251584,0.954671407857768
65,0.15,0.46819516685546486,0.9496305188805533
66,0.15,0.4680737536036122,0.9534584527597737
67,0.15,0.4682803031576611,0.9470556788385387
68,0.15,0.46901607034833187,0.9557563811344402
69,0.15,0.46861472584947567,0.9536742367644998
70,0.15,0.4681483872979582,0.9545184314957098
71,0.15,0.4687215749280911,0.9543564932674281
72,0.15,0.46784473293084805,0.9526083819119832
73,0.15,0.4686026962997896,0.9445495489981414
74,0.15,0.4669037161084625,0.939689634409469
75,0.15,0.46702780139348643,0.9533648648581752
76,0.15,0.46853720249370207,0.9483050498038368
77,0.15,0.46737118396607613,0.954941270339244
78,0.15,0.4691490115158122,0.9575109276001419
79,0.15,0.46827464529000146,0.9570825089736713
80,0.15,0.4685949469575685,0.9434448943044381
81,0.15,0.4680950820777516,0.9536125494929591
82,0.15,0.4679878230931142,0.9559624236505602
83,0.15,0.4683109647721522,0.9585227567439771
84,0.15,0.4685414210665682,0.9418832874222418
85,0.15,0.468450129450926,0.9294610943781048
86,0.15,0.4649611840517589,0.9403491849916139
87,0.15,0.4681833969640012,0.9543324690875715
88,0.15,0.4668243533260802,0.9555559949043213
89,0.15,0.4679565611541411,0.9538957121327225
90,0.15,0.4686559852987309,0.9553376826623521
91,0.15,0.46797449592941565,0.9504758884134014
92,0.15,0.4685077252405997,0.9488822587174168
93,0.15,0.46700629973439156,0.9520603299454381
94,0.15,0.46747523769375715,0.9401804444292166
95,0.15,0.4681056510368143,0.9581041675226672
96,0.15,0.46877337636689126,0.9607481084358943
97,0.15,0.46844220465465214,0.9571300321497279
98,0.15,0.46769866831784235,0.9551302726087465
99,0.15,0.46652331872057645,0.9493217198543801
100,0.15,0.468254062399401,0.951831365292429
101,0.15,0.46871661004585063,0.9568055849787735
102,0.15,0.4678919295491124,0.9613633054826654
103,0.15,0.4674979393855537,0.949975512060094
104,0.15,0.46820934138686227,0.9434686917504468
105,0.15,0.46870971503127834,0.9625390409842682
106,0.15,0.4687642139036969,0.9476167515000897
107,0.15,0.4677945083283103,0.9503722842074555
108,0.15,0.46856021127097264,0.9573845743863859
109,0.15,0.4695441149865162,0.9581114978274962
110,0.15,0.46866585217884293,0.9472978106933211
111,0.15,0.46712088490726955,0.9471369767041045
112,0.15,0.4673254374396863,0.945698935940551
113,0.15,0.4685671041532092,0.9590089248081162
114,0.15,0.46749931524552946,0.9483554284014796
115,0.15,0.4686079107243453,0.9579954269397627
116,0.15,0.46826678646802655,0.9544991805986689
117,0.15,0.46823940920359225,0.9516915941857457
118,0.15,0.46597175211257813,0.943899791022007
119,0.15,0.4699045424151258,0.9605180330804844
120,0.15,0.467488904928716,0.9543420616003012
121,0.15,0.4681544007122544,0.9568499374884021
122,0.15,0.46877419002739185,0.9510498321140743
123,0.15,0.46782233258625777,0.9538225087838138
124,0.15,0.46780038542742913,0.9422791618753322
125,0.15,0.46849135237016065,0.9531369144875235
126,0.15,0.4689596822541248,0.9573776070004261
127,0.15,0.46667536281649397,0.9152398511222513
128,0.15,0.46599768490225457,0.9494641227456689
129,0.15,0.4679307967531706,0.9555454069096005
130,0.15,0.46848016641202533,0.9549396378312426
131,0.15,0.46875935924169154,0.946727423367379
132,0.15,0.4671480817115427,0.9509627330023396
133,0.15,0.4677281504300295,0.9549104969557904
134,0.15,0.4679568803987088,0.9561094150893421
135,0.15,0.468310373083448,0.9532548263176941
136,0.15,0.4677137133880944,0.9557081091486739
137,0.15,0.469032776042437,0.952132800067586
138,0.15,0.46892508974532815,0.9431166495348438
139,0.15,0.4694369567621836,0.9587417222203045
140,0.15,0.46703543217937643,0.9434525540454125
141,0.15,0.46640573886832765,0.9380649579024813
142,0.15,0.46883957736997595,0.949888504876145
143,0.15,0.46709725375489936,0.9362326990571878
144,0.15,0.4667089833217069,0.9446283248617857
145,0.15,0.46816520676038614,0.9385897809657695
146,0.15,0.4688041466532674,0.957097311146043
147,0.15,0.4669023983710704,0.9499829758907664
148,0.15,0.4684882395694278,0.9548650509677515
149,0.15,0.46803841667606433,0.9541938415024498
150,0.15,0.46705469538852,0.9461313765118924
151,0.15,0.4673472907870345,0.9450707470319577
152,0.15,0.46929027110839205,0.9505745046240129
153,0.15,0.46887688181925075,0.9537652033391054
154,0.15,0.4682200554249229,0.9477588564699639
155,0.15,0.469276959456187,0.9567193037856607
156,0.15,0.4679132099240448,0.9546231628304634
157,0.15,0.4682108427012658,0.9501827492928844
158,0.15,0.46812013906827116,0.946434719958572
159,0.15,0.4685754534295165,0.956258592921571
160,0.15,0.4683315940608813,0.9543653176761012
161,0.15,0.46845084632547856,0.955484783936278
162,0.15,0.46758797115096545,0.9508291515587161
163,0.15,0.46932582901621406,0.952280558162961
164,0.15,0.46695318605408176,0.9343066506624662
165,0.15,0.46842507742007067,0.9558698529421374
166,0.15,0.4684226447620077,0.9385181872733999
167,0.15,0.46876798112934537,0.9583601434676551
168,0.15,0.4689120050090769,0.9586337151761664
169,0.15,0.4691399390918122,0.9560535626589421
170,0.15,0.4667379786022998,0.9385801670708371
171,0.15,0.4690953222020651,0.954005831947695
172,0.15,0.4684511844654306,0.9556280643240109
173,0.15,0.4677600737186438,0.9403966766643393
174,0.15,0.468688934667246,0.9351533020376778
175,0.15,0.4678648311640943,0.9505940867469432
176,0.15,0.4694766690370087,0.9537688095555698
177,0.15,0.46705280021438905,0.9436515144382291
178,0.15,0.46809284380885,0.9489400663897362
179,0.15,0.46820515722510847,0.9576387495576956
180,0.15,0.46900324782104746,0.9591605428465964
181,0.15,0.46854072023370746,0.9525788015637974
182,0.15,0.46550612710190253,0.9435193412642161
183,0.15,0.46649861573853724,0.9425890472976933
184,0.15,0.46701711326138723,0.9475757189990917
185,0.15,0.4667834791353469,0.9529796907747736
186,0.15,0.46853560457834237,0.954735450294231
187,0.15,0.46928007957130957,0.9528277039718921
188,0.15,0.4681727913216616,0.9589326568273953
189,0.15,0.4680075917278679,0.9551823295626184
190,0.15,0.46843985670660515,0.9518772449215627
191,0.15,0.4685043354100091,0.954551961802893
192,0.15,0.46839325042166957,0.9535683845964539
193,0.15,0.46591488088637256,0.9403618088765286
194,0.15,0.4691436598067224,0.9591219698317828
195,0.15,0.46935792354642,0.9617885638800493
196,0.15,0.468291526169756,0.9441664250581308
197,0.15,0.4680677785140154,0.9486224260519536
198,0.15,0.46853635359806745,0.9558076572411398
199,0.15,0.4677939199473416,0.9339577887183811
200,0.15,0.4686231439076857,0.9559096719106803
201,0.15,0.4682366427451,0.9489647940309232
202,0.15,0.46627236049046045,0.9235623819827793
203,0.15,0.46783703878342764,0.952796453678161
204,0.15,0.46832285875812263,0.9644944651610695
205,0.15,0.46929225943393427,0.9482350282185158
206,0.15,0.467901089510605,0.9550058655460485
207,0.15,0.4679687196904911,0.948705409157807
208,0.15,0.46630299541345915,0.9471263862737732
209,0.15,0.46890906963352375,0.9577459902109696
210,0.15,0.4686330088806306,0.9567987486807403
211,0.15,0.4680412458549487,0.9555936838080243
212,0.15,0.4679051705269118,0.9560069661757621
213,0.15,0.4676996024247345,0.9491236694656195
214,0.15,0.46918645681639237,0.9574468988515933
215,0.15,0.46840453433491797,0.9285586079206712
216,0.15,0.4677793511481118,0.9466384845309994
217,0.15,0.46914488541122595,0.9593972555824015
218,0.15,0.466950793334142,0.9579744081304463
219,0.15,0.4693691110612466,0.9508967395239526
220,0.15,0.46744074738393665,0.9587084487903229
221,0.15,0.46861319967653786,0.9461869976138634
222,0.15,0.46741730142584437,0.9511464309041363
223,0.15,0.4687786226199959,0.9552318651458543
224,0.15,0.4696896753827943,0.9620255887310944
225,0.15,0.46807070732331757,0.9459434509358259
226,0.15,0.4683814882046022,0.9547666812146827
227,0.15,0.4687529662305461,0.9442444958350895
228,0.15,0.46771183344712947,0.950931463600152
229,0.15,0.46774873257331434,0.9499179185624207
230,0.15,0.4686427378047808,0.9554790914457822
231,0.15,0.4666149385947253,0.9435187397567798
232,0.15,0.46711006663443183,0.9493274769097253
233,0.15,0.4676450741167696,0.9549326983321231
234,0.15,0.4684813988122824,0.9599798530153459
235,0.15,0.4691344958388183,0.9599689250373864
236,0.15,0.4679816181031931,0.9555518736456209
237,0.15,0.46832018460097524,0.9306040146381508
238,0.15,0.46799187307051326,0.9584367473902545
239,0.15,0.4684244460182896,0.9578130300758423
240,0.15,0.46858859807304315,0.9430474945883819
241,0.15,0.4682882052806922,0.9523962551582117
242,0.15,0.4677321602341329,0.9505461864522287
243,0.15,0.4686628644928506,0.9597087585077921
244,0.15,0.46838882096504064,0.9425571780927251
245,0.15,0.46843258671787125,0.9477946677329927
246,0.15,0.46802812313143627,0.9509180481050044
247,0.15,0.46800585042047066,0.938150110545343
248,0.15,0.4692927542579472,0.9556252297432192
249,0.15,0.468514932530274,0.9491464863111064
250,0.15,0.46799886637147403,0.9564873866820944
251,0.15,0.4664250435312377,0.9356881784404296
252,0.15,0.46766479839013037,0.9544107117148324
253,0.15,0.4663032759248828,0.9504852908263292
254,0.15,0.46777641189462776,0.9442049846226146
255,0.15,0.46768055376546963,0.9481304458592872
256,0.15,0.4674264612208225,0.951612756171569
257,0.15,0.4679502451591926,0.9403063350210188
258,0.15,0.4683454938099615,0.9504471283651881
259,0.15,0.4693714022101378,0.9558666769149058
260,0.15,0.46870982277356615,0.9448455445020075
261,0.15,0.4683116410099636,0.9494225963121468
262,0.15,0.4681194609574149,0.9564409509262021
263,0.15,0.4681484154750007,0.9406618696057822
264,0.15,0.46794279417748563,0.9563607605411465
265,0.15,0.4682847137601291,0.9572615664190232
266,0.15,0.46783425757713304,0.9527463277092973
267,0.15,0.4689214183027882,0.9560321458228238
268,0.15,0.4677284349826622,0.9305065372912265
269,0.15,0.4677265675733561,0.944051076673665
270,0.15,0.4674522122488333,0.9441330351485805
271,0.15,0.46724577810609763,0.9446546328777996
272,0.15,0.46805696113384887,0.9511411000250808
273,0.15,0.46918775135408336,0.9493329677116472
274,0.15,0.46944558755380233,0.9525939217363916
275,0.15,0.46851221979613383,0.9514850353410067
276,0.15,0.46832869831705926,0.9543381292896265
277,0.15,0.4686921446754946,0.9591232362442393
278,0.15,0.46799329981943194,0.940072625372774
279,0.15,0.46880628011004205,0.9481233955732371
280,0.15,0.46632344760675376,0.9513722381641121
281,0.15,0.46761073640898976,0.949496910891298
282,0.15,0.4691732739261465,0.9626347111789629
283,0.15,0.46777734729026005,0.9557639042189854
284,0.15,0.4682204568743443,0.9522813454622524
285,0.15,0.4679915150765819,0.9450509947097092
286,0.15,0.4669874737043556,0.9602697875459391
287,0.15,0.4677776187162589,0.9544022541392015
288,0.15,0.46822574119933985,0.9565233026399879
289,0.15,0.46834574807655066,0.9566707134574077
290,0.15,0.46838293263181435,0.9499160049872452
291,0.15,0.4670161924595612,0.939996780057346
292,0.15,0.4684256203479687,0.9534877115978025
293,0.15,0.46760441111611867,0.9561460407801116
294,0.15,0.4693227090241715,0.9605234887689104
295,0.15,0.4685783782473024,0.9516419952284275
296,0.15,0.46640805001225843,0.9489503749857301
297,0.15,0.4681358046728397,0.9570735251742287
298,0.15,0.46806249101933334,0.9578884923231552
299,0.15,0.4688807882512454,0.9496964473913273
300,0.15,0.4674921554093847,0.9550757283995893
301,0.15,0.469006859295451,0.9449797833946024
302,0.15,0.4678526622660981,0.9482126776702966
303,0.15,0.4674497747077498,0.9445507327279705
304,0.15,0.4682689786946696,0.9543192508277191
305,0.15,0.46878624487431547,0.9394907725392599
306,0.15,0.46722874725007874,0.948772518073835
307,0.15,0.4679319579953033,0.9515553805684578
308,0.15,0.46774236511376677,0.9580098101643503
309,0.15,0.4686176075212159,0.9509485709206638
310,0.15,0.468834392003266,0.9512565698800062
311,0.15,0.4682403490557869,0.9516126147078632
312,0.15,0.4687510959166293,0.958424476074852
313,0.15,0.46796474614155703,0.9528578566002309
314,0.15,0.46930284169043296,0.9590095003853641
315,0.15,0.4682009389605673,0.9420851309361584
316,0.15,0.4683521337830633,0.9576008570967163
317,0.15,0.46783375932976456,0.9482744656759527
318,0.15,0.4682549907279109,0.9461718522936329
319,0.15,0.4672798419206649,0.9413011217635079
320,0.15,0.46959675767760234,0.9480816725177149
321,0.15,0.46821710575869474,0.9377595440586098
322,0.15,0.4686374640387593,0.959180852436413
323,0.15,0.46917517150573523,0.9591675556529293
324,0.15,0.4692670697103282,0.9625427477315941
325,0.15,0.4691546891273147,0.9471845985434902
326,0.15,0.4678198218339122,0.936504173651325
327,0.15,0.4671292827810267,0.9558871806837284
328,0.15,0.4672174003236837,0.9437667356706105
329,0.15,0.46828920116535727,0.9605432763116951
330,0.15,0.4675987706367233,0.9571960688193566
331,0.15,0.4677735901592295,0.9527568880608135
332,0.15,0.46776695652326744,0.9464992329568677
333,0.15,0.4687627906163939,0.962228773313335
334,0.15,0.46667348363249933,0.9342105481539944
335,0.15,0.468622782418149,0.9528485894719682
336,0.15,0.46670132761787003,0.9503255858861958
337,0.15,0.4694884638275594,0.9547049223313268
338,0.15,0.4686105210399948,0.9472289431417751
339,0.15,0.4683146923175133,0.9398370881626001
340,0.15,0.46830397631232207,0.9511007971014568
341,0.15,0.468774543111875,0.9482252056738529
342,0.15,0.468928667977299,0.9589066282127631
343,0.15,0.46758080740934954,0.9470241422772183
344,0.15,0.4684728844704432,0.9524925310751208
345,0.15,0.4687773042139689,0.9512384576656364
346,0.15,0.4672713450433857,0.9482655786811333
347,0.15,0.46783713517365894,0.9481513060092458
348,0.15,0.46860394006064043,0.9561381660719429
349,0.15,0.4692416597853755,0.9570431187216166
350,0.15,0.46883897798144486,0.9482109921855882
351,0.15,0.46786484970342884,0.953322295014624
352,0.15,0.46784455217040943,0.9577049659150164
353,0.15,0.46811566281267114,0.9568701331702859
354,0.15,0.46815648023254147,0.9200541929554477
355,0.15,0.4679188967393124,0.9571087071988099
356,0.15,0.46827591911845945,0.949494774411929
357,0.15,0.4684114681538686,0.944978534340811
358,0.15,0.46795746339759176,0.9594806933845959
359,0.15,0.46741596598066587,0.9468607946653586
360,0.15,0.46850677169425026,0.9561721369871279
361,0.15,0.4686305050813085,0.9582103500706544
362,0.15,0.4672934912568436,0.9263131869305646
363,0.15,0.4689192555234643,0.9401459020002374
364,0.15,0.4686571785972466,0.931954141189644
365,0.15,0.4676650513542411,0.9425162300356288
366,0.15,0.4683334183482525,0.9464156746292488
367,0.15,0.4667393911132207,0.9482842648381038
368,0.15,0.4677540333922773,0.9394674301934899
369,0.15,0.4680870819832733,0.9409601079764355
370,0.15,0.46872634875950847,0.941114465635616
371,0.15,0.4657621248613296,0.9487436014172589
372,0.15,0.46783619493550455,0.949138348514608
373,0.15,0.46868497036703893,0.9602432980715881
374,0.15,0.46776700687342243,0.9530135368271496
375,0.15,0.4686067798925981,0.9547802433072505
376,0.15,0.46747964739436937,0.9474912626034458
377,0.15,0.46891469781974443,0.9532657817753154
378,0.15,0.4685566642795751,0.9464598843666153
379,0.15,0.46770805017202766,0.941776843526191
380,0.15,0.46809123710392814,0.9512390178002685
381,0.15,0.4678802694602981,0.9563428669835426
382,0.15,0.46841286452623343,0.9561758539003258
383,0.15,0.4681897737169521,0.9480748988952403
384,0.15,0.46738975222425827,0.9461873352772773
385,0.15,0.4686477481028621,0.9480072137770204
386,0.15,0.46803025112980734,0.9453680859512956
387,0.15,0.46624847448141415,0.9477937914063015
388,0.15,0.4687075723120166,0.9464572469307717
389,0.15,0.46925775434307104,0.9562449756642006
390,0.15,0.469086448376668,0.954613088154327
391,0.15,0.4673506805765278,0.9495951480467102
392,0.15,0.46804408692237637,0.9426881620754982
393,0.15,0.4687954280968371,0.953138059855099
394,0.15,0.4682537595736838,0.957260652522834
395,0.15,0.4682575964715439,0.9496759195104197
396,0.15,0.4686734813678097,0.9596329084153236
397,0.15,0.4679819926751877,0.9513930298487281
398,0.15,0.46906984870696783,0.9580838158955829
399,0.15,0.46818539570937606,0.952836255506129
400,0.15,0.46800717678101916,0.9433389415013015
401,0.15,0.46800544873920236,0.9443169490155175
402,0.15,0.4671725327526664,0.9490631578165255
403,0.15,0.46887378771762706,0.9484989115488216
404,0.15,0.4681669376381132,0.9544000123793502
405,0.15,0.46845410273051574,0.9599720403749761
406,0.15,0.4684936691707938,0.949829947192546
407,0.15,0.46802435440044143,0.9527680193777668
408,0.15,0.46820609941709,0.9402179623923059
409,0.15,0.4682892168144212,0.9579319489146026
410,0.15,0.4678134361962051,0.9471009756694698
411,0.15,0.4685450281672269,0.9484094136124153
412,0.15,0.4678509821181364,0.9451957965374317
413,0.15,0.4682762313252494,0.9571594935899947
414,0.15,0.46838698936963197,0.9532528301849812
415,0.15,0.46776859376657526,0.95070493719168
416,0.15,0.46805081110304453,0.9478231925503338
417,0.15,0.46785190513967206,0.9566016204094124
418,0.15,0.46726576475146614,0.9518340375654896
419,0.15,0.4680711367447337,0.9597186426918344
420,0.15,0.4686131243976773,0.9395948665050068
421,0.15,0.4678594505985282,0.9549653355781698
422,0.15,0.4691002671937642,0.9462469692629736
423,0.15,0.4677402443083837,0.9524390699571528
424,0.15,0.4681477982221178,0.9548442336226802
425,0.15,0.4660699967322935,0.9301922767176793
426,0.15,0.46707377903657776,0.9574048290485129
427,0.15,0.4684044419717042,0.948849880398862
428,0.15,0.46835111298985455,0.9555923586188575
429,0.15,0.46825814110883385,0.9495935091236614
430,0.15,0.4686185337210056,0.9545642908985996
431,0.15,0.4672948243255821,0.9463519425208191
432,0.15,0.4676927103186132,0.9557757843422967
433,0.15,0.4689214478599619,0.9549563732452946
434,0.15,0.4686546695903683,0.9479843903938413
435,0.15,0.4683217789893307,0.9590006835504147
436,0.15,0.46810211346679065,0.954863200566752
437,0.15,0.4683657457735079,0.9487111409970775
438,0.15,0.46855267124284133,0.9599414766454057
439,0.15,0.4683619571668052,0.9605392107283272
440,0.15,0.4676349402842651,0.9578046107303492
441,0.15,0.4689113005458408,0.9563549639435452
442,0.15,0.4690843565019527,0.9579885565070008
443,0.15,0.46828519516419365,0.9650389063569784
444,0.15,0.46772928164600724,0.9513556369138406
445,0.15,0.46808250338213925,0.9442467512279032
446,0.15,0.46690741852937356,0.9324297350530155
447,0.15,0.46792967611996217,0.9571580708614312
448,0.15,0.46727355757659994,0.9522831815088161
449,0.15,0.4692331016048847,0.9583603280429734
450,0.15,0.46729095227975814,0.9527302441194204
451,0.15,0.4674992052682684,0.9464371573293913
452,0.15,0.4684639025551479,0.9600331619017591
453,0.15,0.4679532563654429,0.9289916149501442
454,0.15,0.46821870471288823,0.9573756054925986
455,0.15,0.46716713722565273,0.9506725353183091
456,0.15,0.46875524243756167,0.9584739426316766
457,0.15,0.4684891365807352,0.9633736998648029
458,0.15,0.46751899710580397,0.948690322041602
459,0.15,0.46707221077430733,0.9452794286098835
460,0.15,0.4684127057949575,0.9342809952791717
461,0.15,0.46819447746101195,0.9582332583666275
462,0.15,0.46689803958031373,0.9471606301741621
463,0.15,0.4683434034200105,0.9564414912335392
464,0.15,0.4681234603325615,0.9447464442236833
465,0.15,0.4676127607448618,0.9379741399746921
466,0.15,0.4690208875607638,0.9416916958246834
467,0.15,0.46795028902083763,0.9569915877017942
468,0.15,0.4688525398264579,0.9467923687755959
469,0.15,0.4682585264829643,0.9533697308049898
470,0.15,0.46763778821284124,0.9539310625002769
471,0.15,0.46945886041900997,0.9549425794372504
472,0.15,0.46887290713767316,0.9524280963753617
473,0.15,0.4671576861401,0.9431793531496209
474,0.15,0.46713544545534563,0.9476914795136948
475,0.15,0.4683406726817292,0.955524955557171
476,0.15,0.4687054659161813,0.9555615900386498
477,0.15,0.46828698571583616,0.9565822655431468
478,0.15,0.46761379808423714,0.9508781913788842
479,0.15,0.4665223525949204,0.9440671683441614
480,0.15,0.4665105824009041,0.9499798029516449
481,0.15,0.4684344708015934,0.953545577400719
482,0.15,0.4670482870809378,0.9425875479096141
483,0.15,0.4678892101537024,0.9560038571639221
484,0.15,0.4687490341415285,0.9603918124810589
485,0.15,0.4687430744498376,0.9520009109592766
486,0.15,0.46803948985678895,0.9492030708634313
487,0.15,0.46784643979531493,0.9507844183279565
488,0.15,0.468526725857513,0.9574761629291552
489,0.15,0.46786222372274927,0.9478139221383551
490,0.15,0.46873399445556096,0.9620238485283532
491,0.15,0.4681800650014773,0.9578066290538151
492,0.15,0.4673913154716725,0.9530601434418672
493,0.15,0.46615839336313003,0.9535167899043717
494,0.15,0.46784472066555866,0.9575910068787048
495,0.15,0.46811931820362096,0.9575021983156268
496,0.15,0.46888568043763323,0.9444810550223924
497,0.15,0.46683137721033835,0.9498856302003074
498,0.15,0.46883333279287126,0.9617526703646342
499,0.15,0.46761490494955155,0.9564845090017373
500,0.15,0.46854051244284634,0.9550848070191954
