,Rxn_ID,Rxn_name,Rxn_Loc,Rxn_Subsystem,Rxn_kcat,Rxn_genes_rules,Rxn_mW_c,Rxn_mW_m,Rxn_numTMb,Rxn_mW_c_Total,Rxn_mW_m_Total,Rxn_locations_Total,Rxn_count_Tmb_Total
0,ALATA_D2,D-alanine transaminase,Cytoplasmic,Cofactor and Prosthetic Group Biosynthesis,6.8625,b2551 or b0870,36495.0,0.0,0,"[45317.0, 36495.0]","[0.0, 0.0]","['Cytoplasmic', 'Cytoplasmic']","[0, 0]"
1,SHCHD2,Sirohydrochlorin dehydrogenase (NAD),Cytoplasmic,Cofactor and Prosthetic Group Biosynthesis,0.45,b3368,49951.0,0,0,[49951.0],[0.0],['Cytoplasmic'],[0]
2,CPPPGO,Coproporphyrinogen oxidase (O2 required),Cytoplasmic,Cofactor and Prosthetic Group Biosynthesis,0.003,b2436,34323.0,0,0,[34323.0],[0.0],['Cytoplasmic'],[0]
3,GTHOr_f,Glutathione oxidoreductase,Cytoplasmic,Cofactor and Prosthetic Group Biosynthesis,733.3,b3500,48773.0,0,0,[48773.0],[0.0],['Cytoplasmic'],[0]
4,DHORD5,Dihydroorotic acid (menaquinone-8),Cytoplasmic,Purine and Pyrimidine Biosynthesis,82.0,b0945,36775.0,0,0,[36775.0],[0.0],['Cytoplasmic'],[0]
5,GLYCTO2,Glycolate oxidase,Cytoplasmic,Alternate Carbon Metabolism,15.7,b2979 and b4468 and b4467,137283.0,0,0,[137283.0],[0.0],['Cytoplasmic'],[0]
6,GLYCTO3,Glycolate oxidase,Cytoplasmic,Alternate Carbon Metabolism,15.7,b2979 and b4468 and b4467,137283.0,0,0,[137283.0],[0.0],['Cytoplasmic'],[0]
7,GLYCTO4,Glycolate oxidase,Cytoplasmic,Alternate Carbon Metabolism,15.7,b2979 and b4468 and b4467,137283.0,0,0,[137283.0],[0.0],['Cytoplasmic'],[0]
8,PFK_3,Phosphofructokinase (s7p),Cytoplasmic,Pentose Phosphate Pathway,31.0185,b3916,34842.0,0,0,[34842.0],[0.0],['Cytoplasmic'],[0]
9,TRPS2,Tryptophan synthase (indole),Cytoplasmic,"Tyrosine, Tryptophan, and Phenylalanine Metabolism",3.695,b1260 and b1261,71707.0,0,0,[71707.0],[0.0],['Cytoplasmic'],[0]
10,G3PD5,Glycerol-3-phosphate dehydrogenase (ubiquinone-8),Cytoplasmic,Oxidative Phosphorylation,33.3,(b2243 and b2242 and b2241) or b3426,56751.0,0.0,0,"[148423.0, 56751.0]","[0.0, 0.0]","['Cytoplasmic', 'Cytoplasmic']","[0, 0]"
11,EX_acgam_e_f,N-Acetyl-D-glucosamine exchange,Exchange,Extracellular exchange,nan,,0,0,0,[0],[0],['Exchange'],[0]
12,EX_cellb_e_f,Cellobiose exchange,Exchange,Extracellular exchange,nan,,0,0,0,[0],[0],['Exchange'],[0]
13,EX_chol_e_f,Choline exchange,Exchange,Extracellular exchange,nan,,0,0,0,[0],[0],['Exchange'],[0]
14,LEUTAi,Leucine transaminase (irreversible),Cytoplasmic,"Valine, Leucine, and Isoleucine Metabolism",15.655,b3770 or b4054,34094.0,0,0,"[34094.0, 43538.0]","[0.0, 0.0]","['Cytoplasmic', 'Cytoplasmic']","[0, 0]"
15,SHK3Dr_f,Shikimate dehydrogenase,Cytoplasmic,"Tyrosine, Tryptophan, and Phenylalanine Metabolism",236.745,b3281 or b1692,29414.0,0,0,"[29414.0, 31228.0]","[0.0, 0.0]","['Cytoplasmic', 'Cytoplasmic']","[0, 0]"
16,G5SD,Glutamate-5-semialdehyde dehydrogenase,Cytoplasmic,Arginine and Proline Metabolism,176.8525,b0243,44630.0,0,0,[44630.0],[0.0],['Cytoplasmic'],[0]
17,ALATA_L2,Alanine transaminase,Cytoplasmic,Cofactor and Prosthetic Group Biosynthesis,6.8625,b0870 or b2551,36495.0,0,0,"[36495.0, 45317.0]","[0.0, 0.0]","['Cytoplasmic', 'Cytoplasmic']","[0, 0]"
18,MAN6PI_f,Mannose-6-phosphate isomerase,Cytoplasmic,Alternate Carbon Metabolism,1.38,b1613,42850.0,0,0,[42850.0],[0.0],['Cytoplasmic'],[0]
19,APRAUR,5-amino-6-(5-phosphoribosylamino)uracil reductase,Cytoplasmic,Cofactor and Prosthetic Group Biosynthesis,7.3275,b0414,40338.0,0,0,[40338.0],[0.0],['Cytoplasmic'],[0]
20,DB4PS,"3,4-Dihydroxy-2-butanone-4-phosphate synthase",Cytoplasmic,Cofactor and Prosthetic Group Biosynthesis,2.848283333,b3041,23353.0,0,0,[23353.0],[0.0],['Cytoplasmic'],[0]
21,RBFK,Riboflavin kinase,Cytoplasmic,Cofactor and Prosthetic Group Biosynthesis,3.716666667,b0025,34734.0,0,0,[34734.0],[0.0],['Cytoplasmic'],[0]
22,ACP1_FMN,Acid phosphatase (FMN),Cytoplasmic,Cofactor and Prosthetic Group Biosynthesis,0.59,b3812 or b0446 or b0844,27122.0,0,0,"[27122.0, 30371.0, 30196.0]","[0.0, 0.0, 0.0]","['Cytoplasmic', 'Cytoplasmic', 'Cytoplasmic']","[0, 0, 0]"
23,RBFSb,Riboflavin synthase,Cytoplasmic,Cofactor and Prosthetic Group Biosynthesis,0.267,b1662,23445.0,0,0,[23445.0],[0.0],['Cytoplasmic'],[0]
24,EX_pi_e_f,Phosphate exchange,Exchange,Extracellular exchange,nan,,0,0,0,[0],[0],['Exchange'],[0]
25,EX_h_e_f,H+ exchange,Exchange,Extracellular exchange,nan,,0,0,0,[0],[0],['Exchange'],[0]
26,DMATT,Dimethylallyltranstransferase,Cytoplasmic,Cofactor and Prosthetic Group Biosynthesis,0.49,b0421,32160.0,0,0,[32160.0],[0.0],['Cytoplasmic'],[0]
27,GRTT,Geranyltranstransferase,Cytoplasmic,Cofactor and Prosthetic Group Biosynthesis,0.345,b0421,32160.0,0,0,[32160.0],[0.0],['Cytoplasmic'],[0]
28,UPP3S,Uroporphyrinogen-III synthase,Cytoplasmic,Cofactor and Prosthetic Group Biosynthesis,500.0,b3804,27798.0,0,0,[27798.0],[0.0],['Cytoplasmic'],[0]
29,UPPDC1,Uroporphyrinogen decarboxylase (uroporphyrinogen III),Cytoplasmic,Cofactor and Prosthetic Group Biosynthesis,0.317,b3997,39248.0,0,0,[39248.0],[0.0],['Cytoplasmic'],[0]
30,TMDPP_f,Thymidine phosphorylase,Cytoplasmic,Nucleotide Salvage Pathway,130.0,b4382,47207.0,0,0,[47207.0],[0.0],['Cytoplasmic'],[0]
31,EX_ade_e_f,Adenine exchange,Exchange,Extracellular exchange,nan,,0,0,0,[0],[0],['Exchange'],[0]
32,EX_4abut_e_f,4-Aminobutanoate exchange,Exchange,Extracellular exchange,nan,,0,0,0,[0],[0],['Exchange'],[0]
33,EX_ac_e_f,Acetate exchange,Exchange,Extracellular exchange,nan,,0,0,0,[0],[0],['Exchange'],[0]
34,EX_akg_e_f,2-Oxoglutarate exchange,Exchange,Extracellular exchange,nan,,0,0,0,[0],[0],['Exchange'],[0]
35,EX_ala__L_e_f,L-Alanine exchange,Exchange,Extracellular exchange,nan,,0,0,0,[0],[0],['Exchange'],[0]
36,EX_arg__L_e_f,L-Arginine exchange,Exchange,Extracellular exchange,nan,,0,0,0,[0],[0],['Exchange'],[0]
37,EX_asp__L_e_f,L-Aspartate exchange,Exchange,Extracellular exchange,nan,,0,0,0,[0],[0],['Exchange'],[0]
38,EX_cytd_e_f,Cytidine exchange,Exchange,Extracellular exchange,nan,,0,0,0,[0],[0],['Exchange'],[0]
39,EX_dcyt_e_f,Deoxycytidine exchange,Exchange,Extracellular exchange,nan,,0,0,0,[0],[0],['Exchange'],[0]
40,EX_fum_e_f,Fumarate exchange,Exchange,Extracellular exchange,nan,,0,0,0,[0],[0],['Exchange'],[0]
41,EX_glu__L_e_f,L-Glutamate exchange,Exchange,Extracellular exchange,nan,,0,0,0,[0],[0],['Exchange'],[0]
42,EX_gua_e_f,Guanine exchange,Exchange,Extracellular exchange,nan,,0,0,0,[0],[0],['Exchange'],[0]
43,HCO3E_f,HCO3 equilibration reaction,Cytoplasmic,Unassigned,5105.107143,b0126 or b0339,23764.0,0.0,0,"[25097.0, 23764.0]","[0.0, 0.0]","['Cytoplasmic', 'Cytoplasmic']","[0, 0]"
44,IMPC_f,IMP cyclohydrolase,Cytoplasmic,Purine and Pyrimidine Biosynthesis,8.6,b4006,57329.0,0,0,[57329.0],[0.0],['Cytoplasmic'],[0]
45,IMPD,IMP dehydrogenase,Cytoplasmic,Purine and Pyrimidine Biosynthesis,13.0,b2508,52022.0,0,0,[52022.0],[0.0],['Cytoplasmic'],[0]
46,ECOAH4_f,3-hydroxyacyl-CoA dehydratase (3-hydroxydecanoyl-CoA),Cytoplasmic,Membrane Lipid Metabolism,380.5,b2341 or b3846,77072.0,0,0,"[77072.0, 79594.0]","[0.0, 0.0]","['Cytoplasmic', 'Cytoplasmic']","[0, 0]"
47,GLUTRS,Glutamyl-tRNA synthetase,Cytoplasmic,tRNA Charging,2.2,b2400,53816.0,0,0,[53816.0],[0.0],['Cytoplasmic'],[0]
48,TMPPP,Thiamine-phosphate diphosphorylase,Cytoplasmic,Cofactor and Prosthetic Group Biosynthesis,16.08025,b3993,23015.0,0,0,[23015.0],[0.0],['Cytoplasmic'],[0]
49,URIK1,Uridine kinase  ATPUridine,Cytoplasmic,Nucleotide Salvage Pathway,0.0041,b2066,24353.0,0,0,[24353.0],[0.0],['Cytoplasmic'],[0]
50,URIK2,Uridine kinase (GTP:Uridine),Cytoplasmic,Nucleotide Salvage Pathway,0.0041,b2066,24353.0,0,0,[24353.0],[0.0],['Cytoplasmic'],[0]
51,CYTDK1,ATP:cytidine 5'-phosphotransferase,Cytoplasmic,Nucleotide Salvage Pathway,0.0041,b2066,24353.0,0,0,[24353.0],[0.0],['Cytoplasmic'],[0]
52,CYTDK2,Cytidine kinase (GTP),Cytoplasmic,Nucleotide Salvage Pathway,0.0041,b2066,24353.0,0,0,[24353.0],[0.0],['Cytoplasmic'],[0]
53,XPPT,Xanthine phosphoribosyltransferase,Cytoplasmic,Nucleotide Salvage Pathway,131.0,b0238,16971.0,0,0,[16971.0],[0.0],['Cytoplasmic'],[0]
54,HXPRT,Hypoxanthine phosphoribosyltransferase (Hypoxanthine),Cytoplasmic,Nucleotide Salvage Pathway,83.4,b0238 or b0125,16971.0,0,0,"[16971.0, 20115.0]","[0.0, 0.0]","['Cytoplasmic', 'Cytoplasmic']","[0, 0]"
55,NDPK5_f,Nucleoside-diphosphate kinase (ATP:dGDP),Cytoplasmic,Nucleotide Salvage Pathway,571.5,b0474 or b2518,15463.0,0.0,0,"[23586.0, 15463.0]","[0.0, 0.0]","['Cytoplasmic', 'Cytoplasmic']","[0, 0]"
56,DHORTS_f,Dihydroorotase,Cytoplasmic,Purine and Pyrimidine Biosynthesis,1.71,b1062,38827.0,0,0,[38827.0],[0.0],['Cytoplasmic'],[0]
57,OMPDC,Orotidine-5'-phosphate decarboxylase,Cytoplasmic,Purine and Pyrimidine Biosynthesis,42.0,b1281,26350.0,0,0,[26350.0],[0.0],['Cytoplasmic'],[0]
58,CS,Citrate synthase,Cytoplasmic,Citric Acid Cycle,51.0,b0720,48015.0,0,0,[48015.0],[0.0],['Cytoplasmic'],[0]
59,ICDHyr_f,Isocitrate dehydrogenase (NADP),Cytoplasmic,Citric Acid Cycle,11.1,b1136,45757.0,0,0,[45757.0],[0.0],['Cytoplasmic'],[0]
60,ACALD_f,Acetaldehyde dehydrogenase (acetylating),Cytoplasmic,Pyruvate Metabolism,15.7,b0351 or b1241,33442.0,0,0,"[33442.0, 96127.0]","[0.0, 0.0]","['Cytoplasmic', 'Cytoplasmic']","[0, 0]"
61,ACS,Acetyl-CoA synthetase,Cytoplasmic,Pyruvate Metabolism,66.6,b4069,72094.0,0,0,[72094.0],[0.0],['Cytoplasmic'],[0]
62,PPA,Inorganic diphosphatase,Cytoplasmic,Anaplerotic Reactions,390.0,b2744 or b2502 or b4226,19704.0,0.0,0,"[26900.0, 58136.0, 19704.0]","[0.0, 0.0, 0.0]","['Cytoplasmic', 'Cytoplasmic', 'Cytoplasmic']","[0, 0, 0]"
63,PPCK,Phosphoenolpyruvate carboxykinase,Cytoplasmic,Anaplerotic Reactions,38.0,b3403,59643.0,0,0,[59643.0],[0.0],['Cytoplasmic'],[0]
64,ME1,Malic enzyme (NAD),Cytoplasmic,Anaplerotic Reactions,134.4,b1479,63197.0,0,0,[63197.0],[0.0],['Cytoplasmic'],[0]
65,ALAR_f,Alanine racemase,Cytoplasmic,Alanine and Aspartate Metabolism,27.6,b1190 or b4053,38845.0,0,0,"[38845.0, 39153.0]","[0.0, 0.0]","['Cytoplasmic', 'Cytoplasmic']","[0, 0]"
66,ALATA_L_f,L-alanine transaminase,Cytoplasmic,Alanine and Aspartate Metabolism,17.1,b2290 or b2379,45517.0,0,0,"[45517.0, 46216.0]","[0.0, 0.0]","['Cytoplasmic', 'Cytoplasmic']","[0, 0]"
67,XYLK,Xylulokinase,Cytoplasmic,Alternate Carbon Metabolism,3308.46,b0063 or b3564,52618.0,0.0,0,"[61089.0, 52618.0]","[0.0, 0.0]","['Cytoplasmic', 'Cytoplasmic']","[0, 0]"
68,RBK,Ribokinase,Cytoplasmic,Alternate Carbon Metabolism,9.166666667,b3752,32291.0,0,0,[32291.0],[0.0],['Cytoplasmic'],[0]
69,GLYK,Glycerol kinase,Cytoplasmic,Alternate Carbon Metabolism,4900.0,b3926,56231.0,0,0,[56231.0],[0.0],['Cytoplasmic'],[0]
70,PPM_f,Phosphopentomutase,Cytoplasmic,Alternate Carbon Metabolism,173.0,b4383,44370.0,0,0,[44370.0],[0.0],['Cytoplasmic'],[0]
71,ASPTA_f,Aspartate transaminase,Cytoplasmic,Alanine and Aspartate Metabolism,404.0,b0928 or b4054,43538.0,0.0,0,"[43573.0, 43538.0]","[0.0, 0.0]","['Cytoplasmic', 'Cytoplasmic']","[0, 0]"
72,FBP,Fructose-bisphosphatase,Cytoplasmic,Glycolysis/Gluconeogenesis,19.3,b4232 or b3925 or b2930 or b3697,29721.0,0.0,0,"[36834.0, 35852.0, 34323.0, 29721.0]","[0.0, 0.0, 0.0, 0.0]","['Cytoplasmic', 'Cytoplasmic', 'Cytoplasmic', 'Cytoplasmic']","[0, 0, 0, 0]"
73,GLGC,Glucose-1-phosphate adenylyltransferase,Cytoplasmic,Glycolysis/Gluconeogenesis,370.0,b3430,48698.0,0,0,[48698.0],[0.0],['Cytoplasmic'],[0]
74,PYK,Pyruvate kinase,Cytoplasmic,Glycolysis/Gluconeogenesis,135.5,b1854 or b1676,50729.0,0.0,0,"[51357.0, 50729.0]","[0.0, 0.0]","['Cytoplasmic', 'Cytoplasmic']","[0, 0]"
75,A5PISO_f,Arabinose-5-phosphate isomerase,Cytoplasmic,Alternate Carbon Metabolism,10.5,b3197 or b2708,34031.0,0.0,0,"[35196.0, 34031.0]","[0.0, 0.0]","['Cytoplasmic', 'Cytoplasmic']","[0, 0]"
76,EX_met__L_e_f,L-Methionine exchange,Exchange,Extracellular exchange,nan,,0,0,0,[0],[0],['Exchange'],[0]
77,EX_metsox_S__L_e_f,L-Methionine S-oxide exchange,Exchange,Extracellular exchange,nan,,0,0,0,[0],[0],['Exchange'],[0]
78,IPPMIb_f,2-isopropylmalate hydratase,Cytoplasmic,"Valine, Leucine, and Isoleucine Metabolism",10.0,b0071 and b0072,72369.0,0,0,[72369.0],[0.0],['Cytoplasmic'],[0]
79,ACHBS,2-aceto-2-hydroxybutanoate synthase,Cytoplasmic,"Valine, Leucine, and Isoleucine Metabolism",33.0,(b3670 and b3671) or (b0077 and b0078),71547.0,0,0,"[71547.0, 80961.0]","[0.0, 0.0]","['Cytoplasmic', 'Cytoplasmic']","[0, 0]"
80,ACLS,Acetolactate synthase,Cytoplasmic,"Valine, Leucine, and Isoleucine Metabolism",38.94,(b0077 and b0078) or (b3670 and b3671),71547.0,0.0,0,"[80961.0, 71547.0]","[0.0, 0.0]","['Cytoplasmic', 'Cytoplasmic']","[0, 0]"
81,PSCVT_f,3-phosphoshikimate 1-carboxyvinyltransferase,Cytoplasmic,"Tyrosine, Tryptophan, and Phenylalanine Metabolism",24.6285905,b0908,46096.0,0,0,[46096.0],[0.0],['Cytoplasmic'],[0]
82,ANS,Anthranilate synthase,Cytoplasmic,"Tyrosine, Tryptophan, and Phenylalanine Metabolism",383.0,b1263 and b1264,114364.0,0,0,[114364.0],[0.0],['Cytoplasmic'],[0]
83,ANPRT,Anthranilate phosphoribosyltransferase,Cytoplasmic,"Tyrosine, Tryptophan, and Phenylalanine Metabolism",4.4,b1263,56870.0,0,0,[56870.0],[0.0],['Cytoplasmic'],[0]
84,CHORM,Chorismate mutase,Cytoplasmic,"Tyrosine, Tryptophan, and Phenylalanine Metabolism",233450.0,b2599 or b2600,42043.0,0.0,0,"[43111.0, 42043.0]","[0.0, 0.0]","['Cytoplasmic', 'Cytoplasmic']","[0, 0]"
85,CHORS,Chorismate synthase,Cytoplasmic,"Tyrosine, Tryptophan, and Phenylalanine Metabolism",29.0,b2329,39137.0,0,0,[39137.0],[0.0],['Cytoplasmic'],[0]
86,IGPS,Indole-3-glycerol-phosphate synthase,Cytoplasmic,"Tyrosine, Tryptophan, and Phenylalanine Metabolism",9.3,b1262,49492.0,0,0,[49492.0],[0.0],['Cytoplasmic'],[0]
87,EX_crn_e_f,L-Carnitine exchange,Exchange,Extracellular exchange,nan,,0,0,0,[0],[0],['Exchange'],[0]
88,EX_fe3_e_f,Fe3+ exchange,Exchange,Extracellular exchange,nan,,0,0,0,[0],[0],['Exchange'],[0]
89,EX_glcn_e_f,D-Gluconate exchange,Exchange,Extracellular exchange,nan,,0,0,0,[0],[0],['Exchange'],[0]
90,EX_gln__L_e_f,L-Glutamine exchange,Exchange,Extracellular exchange,nan,,0,0,0,[0],[0],['Exchange'],[0]
91,EX_glyc_e_f,Glycerol exchange,Exchange,Extracellular exchange,nan,,0,0,0,[0],[0],['Exchange'],[0]
92,EX_man_e_f,D-Mannose exchange,Exchange,Extracellular exchange,nan,,0,0,0,[0],[0],['Exchange'],[0]
93,EX_mn2_e_f,Mn2+ exchange,Exchange,Extracellular exchange,nan,,0,0,0,[0],[0],['Exchange'],[0]
94,EX_rib__D_e_f,D-Ribose exchange,Exchange,Extracellular exchange,nan,,0,0,0,[0],[0],['Exchange'],[0]
95,EX_sbt__D_e_f,D-Sorbitol exchange,Exchange,Extracellular exchange,nan,,0,0,0,[0],[0],['Exchange'],[0]
96,ECOAH6_f,3-hydroxyacyl-CoA dehydratase (3-hydroxytetradecanoyl-CoA),Cytoplasmic,Membrane Lipid Metabolism,380.5,b2341 or b3846,77072.0,0,0,"[77072.0, 79594.0]","[0.0, 0.0]","['Cytoplasmic', 'Cytoplasmic']","[0, 0]"
97,ENO_f,Enolase,Cytoplasmic,Glycolysis/Gluconeogenesis,141.4,b2779,45655.0,0,0,[45655.0],[0.0],['Cytoplasmic'],[0]
98,FBA_f,Fructose-bisphosphate aldolase,Cytoplasmic,Glycolysis/Gluconeogenesis,10.8,b2925 or b2097,38109.0,0.0,0,"[39147.0, 38109.0]","[0.0, 0.0]","['Cytoplasmic', 'Cytoplasmic']","[0, 0]"
99,MGSA,Methylglyoxal synthase,Cytoplasmic,Methylglyoxal Metabolism,220.0,b0963,16919.0,0,0,[16919.0],[0.0],['Cytoplasmic'],[0]
100,PPS,Phosphoenolpyruvate synthase,Cytoplasmic,Glycolysis/Gluconeogenesis,0.33,b1702,87435.0,0,0,[87435.0],[0.0],['Cytoplasmic'],[0]
101,PGI_f,Glucose-6-phosphate isomerase,Cytoplasmic,Glycolysis/Gluconeogenesis,923.75,b4025,61530.0,0,0,[61530.0],[0.0],['Cytoplasmic'],[0]
102,PGK_f,Phosphoglycerate kinase,Cytoplasmic,Glycolysis/Gluconeogenesis,1480.0,b2926,41118.0,0,0,[41118.0],[0.0],['Cytoplasmic'],[0]
103,EDA,2-dehydro-3-deoxy-phosphogluconate aldolase,Cytoplasmic,Pentose Phosphate Pathway,149.93,b1850,22284.0,0,0,[22284.0],[0.0],['Cytoplasmic'],[0]
104,PGL,6-phosphogluconolactonase,Cytoplasmic,Pentose Phosphate Pathway,570.2,b0767,36308.0,0,0,[36308.0],[0.0],['Cytoplasmic'],[0]
105,RPE_f,Ribulose 5-phosphate 3-epimerase,Cytoplasmic,Pentose Phosphate Pathway,873.3,b3386,24554.0,0,0,[24554.0],[0.0],['Cytoplasmic'],[0]
106,TALA_f,Transaldolase,Cytoplasmic,Pentose Phosphate Pathway,13.0,b0008 or b2464,35219.0,0,0,"[35219.0, 35659.0]","[0.0, 0.0]","['Cytoplasmic', 'Cytoplasmic']","[0, 0]"
107,TKT1_f,Transketolase,Cytoplasmic,Pentose Phosphate Pathway,4.24375,b2935 or b2465,72212.0,0,0,"[72212.0, 73043.0]","[0.0, 0.0]","['Cytoplasmic', 'Cytoplasmic']","[0, 0]"
108,G6PDA,Glucosamine-6-phosphate deaminase,Cytoplasmic,Alternate Carbon Metabolism,72.93333333,b0678,29774.0,0,0,[29774.0],[0.0],['Cytoplasmic'],[0]
109,ALCD2x_f,Alcohol dehydrogenase (ethanol),Cytoplasmic,Pyruvate Metabolism,352.2,b1241 or b1478,35380.0,0.0,0,"[96127.0, 35380.0]","[0.0, 0.0]","['Cytoplasmic', 'Cytoplasmic']","[0, 0]"
110,ALDD2y,"Aldehyde dehydrogenase (acetaldehyde, NADP)",Cytoplasmic,Alternate Carbon Metabolism,53.5,b3588 or b3011 or b3003 or b0493 or b4269,29410.0,0.0,0,"[56306.0, 42097.0, 31488.0, 29410.0, 36502.0]","[0.0, 0.0, 0.0, 0.0, 0.0]","['Cytoplasmic', 'Cytoplasmic', 'Cytoplasmic', 'Cytoplasmic', 'Cytoplasmic']","[0, 0, 0, 0, 0]"
111,RMI_f,L-rhamnose isomerase,Cytoplasmic,Alternate Carbon Metabolism,224.0,b3903,47199.0,0,0,[47199.0],[0.0],['Cytoplasmic'],[0]
112,EX_ura_e_f,Uracil exchange,Exchange,Extracellular exchange,nan,,0,0,0,[0],[0],['Exchange'],[0]
113,EX_val__L_e_f,L-Valine exchange,Exchange,Extracellular exchange,nan,,0,0,0,[0],[0],['Exchange'],[0]
114,EX_xan_e_f,Xanthine exchange,Exchange,Extracellular exchange,nan,,0,0,0,[0],[0],['Exchange'],[0]
115,FMNAT,FMN adenylyltransferase,Cytoplasmic,Cofactor and Prosthetic Group Biosynthesis,370.0,b0025,34734.0,0,0,[34734.0],[0.0],['Cytoplasmic'],[0]
116,NADDP,NAD diphosphatase,Cytoplasmic,Cofactor and Prosthetic Group Biosynthesis,19.3,b3996 or b2411,29689.0,0,0,"[29689.0, 73606.0]","[0.0, 0.0]","['Cytoplasmic', 'Cytoplasmic']","[0, 0]"
117,NMNAT,Nicotinamide-nucleotide adenylyltransferase,Cytoplasmic,Cofactor and Prosthetic Group Biosynthesis,0.904583333,b4390 or b0639,24528.0,0.0,0,"[47346.0, 24528.0]","[0.0, 0.0]","['Cytoplasmic', 'Cytoplasmic']","[0, 0]"
118,HMPK1,Hydroxymethylpyrimidine kinase (ATP),Cytoplasmic,Cofactor and Prosthetic Group Biosynthesis,0.254175,b2103 or b2418,28634.0,0,0,"[28634.0, 30847.0]","[0.0, 0.0]","['Cytoplasmic', 'Cytoplasmic']","[0, 0]"
119,NDPK6_f,Nucleoside-diphosphate kinase (ATP:dUDP),Cytoplasmic,Nucleotide Salvage Pathway,571.5,b0474 or b2518,15463.0,0.0,0,"[23586.0, 15463.0]","[0.0, 0.0]","['Cytoplasmic', 'Cytoplasmic']","[0, 0]"
120,NDPK8_f,Nucleoside-diphosphate kinase (ATP:dADP),Cytoplasmic,Nucleotide Salvage Pathway,571.5,b0474 or b2518,15463.0,0.0,0,"[23586.0, 15463.0]","[0.0, 0.0]","['Cytoplasmic', 'Cytoplasmic']","[0, 0]"
121,PYNP2r_f,Pyrimidine-nucleoside phosphorylase (uracil),Cytoplasmic,Nucleotide Salvage Pathway,150.0,b3831,27159.0,0,0,[27159.0],[0.0],['Cytoplasmic'],[0]
122,DURIPP_f,Deoxyuridine phosphorylase,Cytoplasmic,Nucleotide Salvage Pathway,39.965,b4382 or b4384,25950.0,0.0,0,"[47207.0, 25950.0]","[0.0, 0.0]","['Cytoplasmic', 'Cytoplasmic']","[0, 0]"
123,PTRCTA,Putrescine Transaminase,Cytoplasmic,Arginine and Proline Metabolism,278.0,b3073,49661.0,0,0,[49661.0],[0.0],['Cytoplasmic'],[0]
124,CYSDS,Cysteine Desulfhydrase,Cytoplasmic,Cysteine Metabolism,25.35,b3008 or b3708,43212.0,0,0,"[43212.0, 52773.0]","[0.0, 0.0]","['Cytoplasmic', 'Cytoplasmic']","[0, 0]"
125,TRPAS2_f,Tryptophanase (L-tryptophan),Cytoplasmic,"Tyrosine, Tryptophan, and Phenylalanine Metabolism",5.4,b3708,52773.0,0,0,[52773.0],[0.0],['Cytoplasmic'],[0]
126,NDP3,Nucleoside diphosphatase  GDP,Cytoplasmic,Nucleotide Salvage Pathway,660.3553889,b1134 or b3614,17433.0,0,0,"[17433.0, 35353.0]","[0.0, 0.0]","['Cytoplasmic', 'Cytoplasmic']","[0, 0]"
127,CDPPH,CDP phosphohydrolase,Cytoplasmic,Nucleotide Salvage Pathway,700.0,b3614,35353.0,0,0,[35353.0],[0.0],['Cytoplasmic'],[0]
128,NDP7,Nucleoside diphosphatase  UDP,Cytoplasmic,Nucleotide Salvage Pathway,80.9,b3614,35353.0,0,0,[35353.0],[0.0],['Cytoplasmic'],[0]
129,EX_co2_e_f,CO2 exchange,Exchange,Extracellular exchange,nan,,0,0,0,[0],[0],['Exchange'],[0]
130,PMDPHT,Pyrimidine phosphatase,Cytoplasmic,Cofactor and Prosthetic Group Biosynthesis,1.465,b0844 or b3812,27122.0,0.0,0,"[30196.0, 27122.0]","[0.0, 0.0]","['Cytoplasmic', 'Cytoplasmic']","[0, 0]"
131,ILETA_f,Isoleucine transaminase,Cytoplasmic,"Valine, Leucine, and Isoleucine Metabolism",48.0,b3770,34094.0,0,0,[34094.0],[0.0],['Cytoplasmic'],[0]
132,VALTA_f,Valine transaminase,Cytoplasmic,"Valine, Leucine, and Isoleucine Metabolism",19.0,b3770,34094.0,0,0,[34094.0],[0.0],['Cytoplasmic'],[0]
133,ORPT_f,Orotate phosphoribosyltransferase,Cytoplasmic,Purine and Pyrimidine Biosynthesis,1.95,b3642,23567.0,0,0,[23567.0],[0.0],['Cytoplasmic'],[0]
134,RBFSa,Riboflavin synthase,Cytoplasmic,Cofactor and Prosthetic Group Biosynthesis,0.040957143,b0415,16157.0,0,0,[16157.0],[0.0],['Cytoplasmic'],[0]
135,DHAD2,"Dihydroxy-acid dehydratase (2,3-dihydroxy-3-methylpentanoate)",Cytoplasmic,"Valine, Leucine, and Isoleucine Metabolism",11.5,b3771,65532.0,0,0,[65532.0],[0.0],['Cytoplasmic'],[0]
136,G1PP,Glucose-1-phosphatase,Cytoplasmic,Glycolysis/Gluconeogenesis,117.0,b2293 or b3885 or b3697,22732.0,0.0,0,"[23008.0, 22732.0, 29721.0]","[0.0, 0.0, 0.0]","['Cytoplasmic', 'Cytoplasmic', 'Cytoplasmic']","[0, 0, 0]"
137,PFL,Pyruvate formate lyase,Cytoplasmic,Pyruvate Metabolism,770.0,(b0902 and b0903) or (b0902 and b3114) or (b3951 and b3952) or ((b0902 and b0903) and b2579),113561.0,0,0,"[113561.0, 114140.0, 118390.0, 127845.0]","[0.0, 0.0, 0.0, 0.0]","['Cytoplasmic', 'Cytoplasmic', 'Cytoplasmic', 'Cytoplasmic']","[0, 0, 0, 0]"
138,FRD2,Fumarate reductase,Inner Membrane,Citric Acid Cycle,250.0,b4152 and b4151 and b4153 and b4154,121217.0,17086.324973000003,6,[121217.0],[17086.324973000003],['Inner Membrane'],[6]
139,FRD3,Fumarate reductase,Inner Membrane,Citric Acid Cycle,250.0,b4152 and b4151 and b4153 and b4154,121217.0,17086.324973000003,6,[121217.0],[17086.324973000003],['Inner Membrane'],[6]
140,POX,Pyruvate oxidase,Cytoplasmic,Oxidative Phosphorylation,167.0,b0871,62011.0,0,0,[62011.0],[0.0],['Cytoplasmic'],[0]
141,PTAr_f,Phosphotransacetylase,Cytoplasmic,Pyruvate Metabolism,120.0,b2297 or b2458,36067.0,0.0,0,"[77172.0, 36067.0]","[0.0, 0.0]","['Cytoplasmic', 'Cytoplasmic']","[0, 0]"
142,ACKr_f,Acetate kinase,Cytoplasmic,Pyruvate Metabolism,908.0,b2296 or b1849 or b3115,42434.0,0.0,0,"[43290.0, 42434.0, 43384.0]","[0.0, 0.0, 0.0]","['Cytoplasmic', 'Cytoplasmic', 'Cytoplasmic']","[0, 0, 0]"
143,EX_hxan_e_f,Hypoxanthine exchange,Exchange,Extracellular exchange,nan,,0,0,0,[0],[0],['Exchange'],[0]
144,EX_ile__L_e_f,L-Isoleucine exchange,Exchange,Extracellular exchange,nan,,0,0,0,[0],[0],['Exchange'],[0]
145,EX_lac__L_e_f,L-Lactate exchange,Exchange,Extracellular exchange,nan,,0,0,0,[0],[0],['Exchange'],[0]
146,EX_leu__L_e_f,L-Leucine exchange,Exchange,Extracellular exchange,nan,,0,0,0,[0],[0],['Exchange'],[0]
147,EX_no3_e_f,Nitrate exchange,Exchange,Extracellular exchange,nan,,0,0,0,[0],[0],['Exchange'],[0]
148,EX_orn_e_f,Ornithine exchange,Exchange,Extracellular exchange,nan,,0,0,0,[0],[0],['Exchange'],[0]
149,EX_pro__L_e_f,L-Proline exchange,Exchange,Extracellular exchange,nan,,0,0,0,[0],[0],['Exchange'],[0]
150,EX_pyr_e_f,Pyruvate exchange,Exchange,Extracellular exchange,nan,,0,0,0,[0],[0],['Exchange'],[0]
151,EX_succ_e_f,Succinate exchange,Exchange,Extracellular exchange,nan,,0,0,0,[0],[0],['Exchange'],[0]
152,EX_thymd_e_f,Thymidine exchange,Exchange,Extracellular exchange,nan,,0,0,0,[0],[0],['Exchange'],[0]
153,EX_tyr__L_e_f,L-Tyrosine exchange,Exchange,Extracellular exchange,nan,,0,0,0,[0],[0],['Exchange'],[0]
154,MOAT,3-deoxy-D-manno-octulosonic acid transferase,Inner Membrane,Lipopolysaccharide Biosynthesis / Recycling,2.866666667,b3633,47291.0,2336.731765,1,[47291.0],[2336.731765],['Inner Membrane'],[1]
155,UDCPDPS,Undecaprenyl diphosphate synthase,Cytoplasmic,Cofactor and Prosthetic Group Biosynthesis,2.1762,b0174,28444.0,0,0,[28444.0],[0.0],['Cytoplasmic'],[0]
156,USHD,UDP-sugar hydrolase,Cytoplasmic,Lipopolysaccharide Biosynthesis / Recycling,90.13177273,b0524,26894.0,0,0,[26894.0],[0.0],['Cytoplasmic'],[0]
157,LPADSS,Lipid A disaccaride synthase,Cytoplasmic,Lipopolysaccharide Biosynthesis / Recycling,18.3185,b0182,42382.0,0,0,[42382.0],[0.0],['Cytoplasmic'],[0]
158,TDSK,Tetraacyldisaccharide 4'kinase,Inner Membrane,Lipopolysaccharide Biosynthesis / Recycling,2.4,b0915,35589.0,2278.564024,1,[35589.0],[2278.564024],['Inner Membrane'],[1]
159,EX_btn_e_f,Biotin exchange,Exchange,Extracellular exchange,nan,,0,0,0,[0],[0],['Exchange'],[0]
160,EX_ptrc_e_f,Putrescine exchange,Exchange,Extracellular exchange,nan,,0,0,0,[0],[0],['Exchange'],[0]
161,EX_spmd_e_f,Spermidine exchange,Exchange,Extracellular exchange,nan,,0,0,0,[0],[0],['Exchange'],[0]
162,EX_thym_e_f,Thymine exchange,Exchange,Extracellular exchange,nan,,0,0,0,[0],[0],['Exchange'],[0]
163,EX_xtsn_e_f,Xanthosine exchange,Exchange,Extracellular exchange,nan,,0,0,0,[0],[0],['Exchange'],[0]
164,NTPP1,Nucleoside triphosphate pyrophosphorylase (dgtp),Cytoplasmic,Nucleotide Salvage Pathway,2.55,b0099 or b2781,14927.0,0,0,"[14927.0, 30412.0]","[0.0, 0.0]","['Cytoplasmic', 'Cytoplasmic']","[0, 0]"
165,NTPP2,Nucleoside triphosphate pyrophosphorylase (gtp),Cytoplasmic,Nucleotide Salvage Pathway,2.55,b0099 or b2781,14927.0,0,0,"[14927.0, 30412.0]","[0.0, 0.0]","['Cytoplasmic', 'Cytoplasmic']","[0, 0]"
166,NTPTP1,Nucleoside triphosphate tripolyhydrolase,Cytoplasmic,Nucleotide Salvage Pathway,4000.0,b0160,59383.0,0,0,[59383.0],[0.0],['Cytoplasmic'],[0]
167,NTPTP2,Nucleoside triphosphate tripolyhydrolase,Cytoplasmic,Nucleotide Salvage Pathway,4000.0,b0160,59383.0,0,0,[59383.0],[0.0],['Cytoplasmic'],[0]
168,IPMD,3-isopropylmalate dehydrogenase,Cytoplasmic,"Valine, Leucine, and Isoleucine Metabolism",69.0,b0073 or b1800,39517.0,0,0,"[39517.0, 40315.0]","[0.0, 0.0]","['Cytoplasmic', 'Cytoplasmic']","[0, 0]"
169,AIRC3_f,Phosphoribosylaminoimidazole carboxylase (mutase rxn),Cytoplasmic,Purine and Pyrimidine Biosynthesis,15.6,b0523,17780.0,0,0,[17780.0],[0.0],['Cytoplasmic'],[0]
170,ADSL2r_f,Adenylosuccinate lyase,Cytoplasmic,Purine and Pyrimidine Biosynthesis,7.0,b1131,51543.0,0,0,[51543.0],[0.0],['Cytoplasmic'],[0]
171,EX_fe2_e_f,Fe2+ exchange,Exchange,Extracellular exchange,nan,,0,0,0,[0],[0],['Exchange'],[0]
172,PUNP5_f,Purine-nucleoside phosphorylase (Inosine),Cytoplasmic,Nucleotide Salvage Pathway,6200.0,b2407 or b4384,25950.0,0.0,0,"[29835.0, 25950.0]","[0.0, 0.0]","['Cytoplasmic', 'Cytoplasmic']","[0, 0]"
173,PUNP6_f,Purine-nucleoside phosphorylase (Deoxyinosine),Cytoplasmic,Nucleotide Salvage Pathway,44.93,b4384 or b2407,25950.0,0,0,"[25950.0, 29835.0]","[0.0, 0.0]","['Cytoplasmic', 'Cytoplasmic']","[0, 0]"
174,PUNP7_f,Purine-nucleoside phosphorylase (Xanthosine),Cytoplasmic,Nucleotide Salvage Pathway,44.93,b2407,29835.0,0,0,[29835.0],[0.0],['Cytoplasmic'],[0]
175,RNDR1,Ribonucleoside-diphosphate reductase (ADP),Cytoplasmic,Nucleotide Salvage Pathway,8.115,(b2582 and (b2234 and b2235)) or (b3781 and (b2234 and b2235)),141099.0,0.0,0,"[144847.0, 141099.0]","[0.0, 0.0]","['Cytoplasmic', 'Cytoplasmic']","[0, 0]"
176,RNDR3,Ribonucleoside-diphosphate reductase (CDP),Cytoplasmic,Nucleotide Salvage Pathway,8.115,(b3781 and (b2234 and b2235)) or (b2582 and (b2234 and b2235)),141099.0,0,0,"[141099.0, 144847.0]","[0.0, 0.0]","['Cytoplasmic', 'Cytoplasmic']","[0, 0]"
177,RNDR4,Ribonucleoside-diphosphate reductase (UDP),Cytoplasmic,Nucleotide Salvage Pathway,8.115,(b3781 and (b2234 and b2235)) or ((b2234 and b2235) and b2582),141099.0,0,0,"[141099.0, 144847.0]","[0.0, 0.0]","['Cytoplasmic', 'Cytoplasmic']","[0, 0]"
178,TMDS,Thymidylate synthase,Cytoplasmic,Nucleotide Salvage Pathway,3.11,b2827,30480.0,0,0,[30480.0],[0.0],['Cytoplasmic'],[0]
179,TMDK1,Thymidine kinase (ATP:thymidine),Cytoplasmic,Nucleotide Salvage Pathway,2.0,b1238,23457.0,0,0,[23457.0],[0.0],['Cytoplasmic'],[0]
180,PPCDC,Phosphopantothenoylcysteine decarboxylase,Cytoplasmic,Cofactor and Prosthetic Group Biosynthesis,2.9,b3639,43438.0,0,0,[43438.0],[0.0],['Cytoplasmic'],[0]
181,FTHFD,Formyltetrahydrofolate deformylase,Cytoplasmic,Folate Metabolism,111.8694444,b1232,31935.0,0,0,[31935.0],[0.0],['Cytoplasmic'],[0]
182,EX_glc__D_e_f,D-Glucose exchange,Exchange,Extracellular exchange,nan,,0,0,0,[0],[0],['Exchange'],[0]
183,EDD,6-phosphogluconate dehydratase,Cytoplasmic,Pentose Phosphate Pathway,368.4865,b1851,64639.0,0,0,[64639.0],[0.0],['Cytoplasmic'],[0]
184,DHQTi,"3-dehydroquinate dehydratase, irreversible",Cytoplasmic,"Tyrosine, Tryptophan, and Phenylalanine Metabolism",215.0,b1693,27467.0,0,0,[27467.0],[0.0],['Cytoplasmic'],[0]
185,PUNP1_f,Purine-nucleoside phosphorylase (Adenosine),Cytoplasmic,Nucleotide Salvage Pathway,44.93,b4384,25950.0,0,0,[25950.0],[0.0],['Cytoplasmic'],[0]
186,PUNP2_f,Purine-nucleoside phosphorylase (Deoxyadenosine),Cytoplasmic,Nucleotide Salvage Pathway,44.93,b4384,25950.0,0,0,[25950.0],[0.0],['Cytoplasmic'],[0]
187,PUNP3_f,Purine-nucleoside phosphorylase (Guanosine),Cytoplasmic,Nucleotide Salvage Pathway,44.93,b2407 or b4384,25950.0,0.0,0,"[29835.0, 25950.0]","[0.0, 0.0]","['Cytoplasmic', 'Cytoplasmic']","[0, 0]"
188,LYSAM_f,"Lysine 2,3-aminomutase",Cytoplasmic,Threonine and Lysine Metabolism,0.083,b4146,38750.0,0,0,[38750.0],[0.0],['Cytoplasmic'],[0]
189,DHAD1,"Dihydroxy-acid dehydratase (2,3-dihydroxy-3-methylbutanoate)",Cytoplasmic,"Valine, Leucine, and Isoleucine Metabolism",11.5,b3771,65532.0,0,0,[65532.0],[0.0],['Cytoplasmic'],[0]
190,IPPMIa_f,3-isopropylmalate dehydratase,Cytoplasmic,"Valine, Leucine, and Isoleucine Metabolism",368.4865,b0071 and b0072,72369.0,0,0,[72369.0],[0.0],['Cytoplasmic'],[0]
191,EX_alltn_e_f,Allantoin exchange,Exchange,Extracellular exchange,nan,,0,0,0,[0],[0],['Exchange'],[0]
192,G3PD7,Glycerol-3-phosphate dehydrogenase (demethylmenaquinone-8),Cytoplasmic,Oxidative Phosphorylation,33.3,b2243 and b2242 and b2241,148423.0,0,0,[148423.0],[0.0],['Cytoplasmic'],[0]
193,NADH9,NADH dehydrogenase (demethylmenaquinone-8 & 0 protons),Cytoplasmic,Oxidative Phosphorylation,8.9,b1109 or b1004 or b0046 or b3713,20170.0,0.0,0,"[47359.0, 20846.0, 20170.0, 20376.0]","[0.0, 0.0, 0.0, 0.0]","['Cytoplasmic', 'Cytoplasmic', 'Cytoplasmic', 'Cytoplasmic']","[0, 0, 0, 0]"
194,NADH10,NADH dehydrogenase (menaquinone-8 & 0 protons),Cytoplasmic,Oxidative Phosphorylation,8.9,b1109 or b3713 or b0046 or b1004,20170.0,0.0,0,"[47359.0, 20376.0, 20170.0, 20846.0]","[0.0, 0.0, 0.0, 0.0]","['Cytoplasmic', 'Cytoplasmic', 'Cytoplasmic', 'Cytoplasmic']","[0, 0, 0, 0]"
195,MDH_f,Malate dehydrogenase,Cytoplasmic,Citric Acid Cycle,138.5,b3236,32337.0,0,0,[32337.0],[0.0],['Cytoplasmic'],[0]
196,FUM_f,Fumarase,Cytoplasmic,Citric Acid Cycle,60.0,b1612 or b4122 or b1611,50489.0,0.0,0,"[60299.0, 60105.0, 50489.0]","[0.0, 0.0, 0.0]","['Cytoplasmic', 'Cytoplasmic', 'Cytoplasmic']","[0, 0, 0]"
197,PYDXNK,Pyridoxine kinase,Cytoplasmic,Cofactor and Prosthetic Group Biosynthesis,0.3,b2418,30847.0,0,0,[30847.0],[0.0],['Cytoplasmic'],[0]
198,PYAM5PO,Pyridoxamine 5'-phosphate oxidase,Cytoplasmic,Cofactor and Prosthetic Group Biosynthesis,14.86,b1638,25545.0,0,0,[25545.0],[0.0],['Cytoplasmic'],[0]
199,OHPBAT_f,O-Phospho-4-hydroxy-L-threonine:2-oxoglutarate aminotransferase,Cytoplasmic,Cofactor and Prosthetic Group Biosynthesis,2.49,b0907,39783.0,0,0,[39783.0],[0.0],['Cytoplasmic'],[0]
200,EX_dgsn_e_f,Deoxyguanosine exchange,Exchange,Extracellular exchange,nan,,0,0,0,[0],[0],['Exchange'],[0]
201,EX_arab__L_e_f,L-Arabinose exchange,Exchange,Extracellular exchange,nan,,0,0,0,[0],[0],['Exchange'],[0]
202,EX_fru_e_f,D-Fructose exchange,Exchange,Extracellular exchange,nan,,0,0,0,[0],[0],['Exchange'],[0]
203,EX_gal_e_f,D-Galactose exchange,Exchange,Extracellular exchange,nan,,0,0,0,[0],[0],['Exchange'],[0]
204,EX_xyl__D_e_f,D-Xylose exchange,Exchange,Extracellular exchange,nan,,0,0,0,[0],[0],['Exchange'],[0]
205,EX_duri_e_f,Deoxyuridine exchange,Exchange,Extracellular exchange,nan,,0,0,0,[0],[0],['Exchange'],[0]
206,EX_for_e_f,Formate exchange,Exchange,Extracellular exchange,nan,,0,0,0,[0],[0],['Exchange'],[0]
207,EX_gly_e_f,Glycine exchange,Exchange,Extracellular exchange,nan,,0,0,0,[0],[0],['Exchange'],[0]
208,EX_h2_e_f,H2 exchange,Exchange,Extracellular exchange,nan,,0,0,0,[0],[0],['Exchange'],[0]
209,EX_lys__L_e_f,L-Lysine exchange,Exchange,Extracellular exchange,nan,,0,0,0,[0],[0],['Exchange'],[0]
210,EX_ser__L_e_f,L-Serine exchange,Exchange,Extracellular exchange,nan,,0,0,0,[0],[0],['Exchange'],[0]
211,EX_thm_e_f,Thiamin exchange,Exchange,Extracellular exchange,nan,,0,0,0,[0],[0],['Exchange'],[0]
212,EX_trp__L_e_f,L-Tryptophan exchange,Exchange,Extracellular exchange,nan,,0,0,0,[0],[0],['Exchange'],[0]
213,GLUTRR,Glutamyl-tRNA reductase,Cytoplasmic,Cofactor and Prosthetic Group Biosynthesis,0.15,b1210,46307.0,0,0,[46307.0],[0.0],['Cytoplasmic'],[0]
214,GLCS1,Glycogen synthase (ADPGlc),Cytoplasmic,Glycolysis/Gluconeogenesis,284.0,b3429,52822.0,0,0,[52822.0],[0.0],['Cytoplasmic'],[0]
215,GLCP,Glycogen phosphorylase,Cytoplasmic,Glycolysis/Gluconeogenesis,47.0,b3428 or b3417,90522.0,0.0,0,"[93173.0, 90522.0]","[0.0, 0.0]","['Cytoplasmic', 'Cytoplasmic']","[0, 0]"
216,EX_din_e_f,Deoxyinosine exchange,Exchange,Extracellular exchange,nan,,0,0,0,[0],[0],['Exchange'],[0]
217,EX_fmn_e_f,FMN exchange,Exchange,Extracellular exchange,nan,,0,0,0,[0],[0],['Exchange'],[0]
218,EX_gthox_e_f,Oxidized glutathione exchange,Exchange,Extracellular exchange,nan,,0,0,0,[0],[0],['Exchange'],[0]
219,HEMEOS,Heme O synthase,Inner Membrane,Cofactor and Prosthetic Group Biosynthesis,2.076535714,b0428,32248.0,14489.81081,7,[32248.0],[14489.81081],['Inner Membrane'],[7]
220,ADMDC,Adenosylmethionine decarboxylase,Cytoplasmic,Arginine and Proline Metabolism,0.088,b0120,30385.0,0,0,[30385.0],[0.0],['Cytoplasmic'],[0]
221,AGMT,Agmatinase,Cytoplasmic,Arginine and Proline Metabolism,0.032,b2937,33557.0,0,0,[33557.0],[0.0],['Cytoplasmic'],[0]
222,ARGDC,Arginine decarboxylase,Cytoplasmic,Arginine and Proline Metabolism,2.296666667,b4117,84425.0,0,0,[84425.0],[0.0],['Cytoplasmic'],[0]
223,ARGSS,Argininosuccinate synthase,Cytoplasmic,Arginine and Proline Metabolism,4.212083333,b3172,49898.0,0,0,[49898.0],[0.0],['Cytoplasmic'],[0]
224,AGPR_f,N-acetyl-g-glutamyl-phosphate reductase,Cytoplasmic,Arginine and Proline Metabolism,30.56378857,b3958,35952.0,0,0,[35952.0],[0.0],['Cytoplasmic'],[0]
225,SPMS,Spermidine synthase,Cytoplasmic,Arginine and Proline Metabolism,0.14,b0121,32321.0,0,0,[32321.0],[0.0],['Cytoplasmic'],[0]
226,G1SAT_f,Glutamate-1-semialdehyde aminotransferase,Cytoplasmic,Cofactor and Prosthetic Group Biosynthesis,0.51,b0154,45366.0,0,0,[45366.0],[0.0],['Cytoplasmic'],[0]
227,KDOCT2,3-deoxy-manno-octulosonate cytidylyltransferase,Cytoplasmic,Lipopolysaccharide Biosynthesis / Recycling,12.5,b0918,27614.0,0,0,[27614.0],[0.0],['Cytoplasmic'],[0]
228,OAADC,Oxaloacetate decarboxylase,Cytoplasmic,Pyruvate Metabolism,11.0,b1850,22284.0,0,0,[22284.0],[0.0],['Cytoplasmic'],[0]
229,MNNH,D-mannonate hydrolyase,Cytoplasmic,Alternate Carbon Metabolism,0.81,b4322,44838.0,0,0,[44838.0],[0.0],['Cytoplasmic'],[0]
230,ALTRH,Altronate hydrolase,Cytoplasmic,Alternate Carbon Metabolism,368.4865,b3091,54093.0,0,0,[54093.0],[0.0],['Cytoplasmic'],[0]
231,GUI1_f,Glucuronate isomerase (D-glucuronate),Cytoplasmic,Alternate Carbon Metabolism,196.0,b3092,53987.0,0,0,[53987.0],[0.0],['Cytoplasmic'],[0]
232,PGAMT_f,Phosphoglucosamine mutase,Cytoplasmic,Cell Envelope Biosynthesis,0.52,b3176,47544.0,0,0,[47544.0],[0.0],['Cytoplasmic'],[0]
233,UAGDP,UDP-N-acetylglucosamine diphosphorylase,Cytoplasmic,Cell Envelope Biosynthesis,68.41428571,b3730,49190.0,0,0,[49190.0],[0.0],['Cytoplasmic'],[0]
234,UAGCVT,UDP-N-acetylglucosamine 1-carboxyvinyltransferase,Cytoplasmic,Cell Envelope Biosynthesis,4.633333333,b3189,44818.0,0,0,[44818.0],[0.0],['Cytoplasmic'],[0]
235,GLUR_f,Glutamate racemase,Cytoplasmic,Cell Envelope Biosynthesis,43.33,b3967,31002.0,0,0,[31002.0],[0.0],['Cytoplasmic'],[0]
236,UAG2E_f,UDP-N-acetylglucosamine 2-epimerase,Cytoplasmic,Cell Envelope Biosynthesis,3.625,b3786,42245.0,0,0,[42245.0],[0.0],['Cytoplasmic'],[0]
237,EX_acald_e_f,Acetaldehyde exchange,Exchange,Extracellular exchange,nan,,0,0,0,[0],[0],['Exchange'],[0]
238,EX_melib_e_f,Melibiose exchange,Exchange,Extracellular exchange,nan,,0,0,0,[0],[0],['Exchange'],[0]
239,MACPD,Malonyl-ACP decarboxylase,Cytoplasmic,Membrane Lipid Metabolism,0.05165,b2323,42613.0,0,0,[42613.0],[0.0],['Cytoplasmic'],[0]
240,DMQMT,3-Dimethylubiquinonol 3-methyltransferase,Cytoplasmic,Cofactor and Prosthetic Group Biosynthesis,0.0524684,b2232,26555.0,0,0,[26555.0],[0.0],['Cytoplasmic'],[0]
241,ICHORS_copy1,Isochorismate synthase,Cytoplasmic,Cofactor and Prosthetic Group Biosynthesis,0.35,b0593,42932.0,0,0,[42932.0],[0.0],['Cytoplasmic'],[0]
242,EX_sucr_e_f,Sucrose exchange,Exchange,Extracellular exchange,nan,,0,0,0,[0],[0],['Exchange'],[0]
243,EX_tre_e_f,Trehalose exchange,Exchange,Extracellular exchange,nan,,0,0,0,[0],[0],['Exchange'],[0]
244,EX_zn2_e_f,Zinc exchange,Exchange,Extracellular exchange,nan,,0,0,0,[0],[0],['Exchange'],[0]
245,HACD5_f,3-hydroxyacyl-CoA dehydrogenase (3-oxododecanoyl-CoA),Cytoplasmic,Membrane Lipid Metabolism,229.0,b3846 or b2341,77072.0,0.0,0,"[79594.0, 77072.0]","[0.0, 0.0]","['Cytoplasmic', 'Cytoplasmic']","[0, 0]"
246,DNMPPA,Dihydroneopterin monophosphate dephosphorylase,Cytoplasmic,Cofactor and Prosthetic Group Biosynthesis,nan,,0,0,0,[0],[0],['Cytoplasmic'],[0]
247,HPPK2,6-hydroxymethyl-dihydropterin pyrophosphokinase,Cytoplasmic,Cofactor and Prosthetic Group Biosynthesis,0.17,b0142,18079.0,0,0,[18079.0],[0.0],['Cytoplasmic'],[0]
248,PTPATi,Pantetheine-phosphate adenylyltransferase,Cytoplasmic,Cofactor and Prosthetic Group Biosynthesis,4.7,b3634,17837.0,0,0,[17837.0],[0.0],['Cytoplasmic'],[0]
249,HEX7,Hexokinase (D-fructose:ATP),Cytoplasmic,Alternate Carbon Metabolism,14.3,b0394,32500.0,0,0,[32500.0],[0.0],['Cytoplasmic'],[0]
250,DXPRIi,1-deoxy-D-xylulose reductoisomerase,Cytoplasmic,Cofactor and Prosthetic Group Biosynthesis,32.25,b0173,43388.0,0,0,[43388.0],[0.0],['Cytoplasmic'],[0]
251,OPHBDC,Octaprenyl-hydroxybenzoate decarboxylase,Cytoplasmic,Cofactor and Prosthetic Group Biosynthesis,75.042,b3843,55604.0,0,0,[55604.0],[0.0],['Cytoplasmic'],[0]
252,OHPHM,2-octaprenyl-6-hydroxyphenol methylase,Cytoplasmic,Cofactor and Prosthetic Group Biosynthesis,0.0524684,b2232,26555.0,0,0,[26555.0],[0.0],['Cytoplasmic'],[0]
253,GHMT2r_f,"Glycine hydroxymethyltransferase, reversible",Cytoplasmic,Glycine and Serine Metabolism,12.285,b2551,45317.0,0,0,[45317.0],[0.0],['Cytoplasmic'],[0]
254,DHORD2,Dihydoorotic acid dehydrogenase (quinone8),Cytoplasmic,Purine and Pyrimidine Biosynthesis,82.0,b0945,36775.0,0,0,[36775.0],[0.0],['Cytoplasmic'],[0]
255,ADK4_f,Adentylate kinase (ITP),Cytoplasmic,Nucleotide Salvage Pathway,842.0,b0474,23586.0,0,0,[23586.0],[0.0],['Cytoplasmic'],[0]
256,INSK,Insosine kinase,Cytoplasmic,Nucleotide Salvage Pathway,14.80483333,b0477,48449.0,0,0,[48449.0],[0.0],['Cytoplasmic'],[0]
257,ABTA,4-aminobutyrate transaminase,Cytoplasmic,Arginine and Proline Metabolism,47.4,b2662 or b1302,44729.0,0.0,0,"[45775.0, 44729.0]","[0.0, 0.0]","['Cytoplasmic', 'Cytoplasmic']","[0, 0]"
258,SSALx,Succinate-semialdehyde dehydrogenase (NAD),Cytoplasmic,Arginine and Proline Metabolism,45.8,b1525,49718.0,0,0,[49718.0],[0.0],['Cytoplasmic'],[0]
259,ASPT,L-aspartase,Cytoplasmic,Alanine and Aspartate Metabolism,180.0,b4139,52356.0,0,0,[52356.0],[0.0],['Cytoplasmic'],[0]
260,SERD_L,L-serine deaminase,Cytoplasmic,Glycine and Serine Metabolism,436.0,b4471 or b1814 or b2797 or b3708 or b3117,35232.0,0.0,0,"[48522.0, 48907.0, 48753.0, 52773.0, 35232.0]","[0.0, 0.0, 0.0, 0.0, 0.0]","['Cytoplasmic', 'Cytoplasmic', 'Cytoplasmic', 'Cytoplasmic', 'Cytoplasmic']","[0, 0, 0, 0, 0]"
261,THRD,L-threonine dehydrogenase,Cytoplasmic,Glycine and Serine Metabolism,135.0,b3616 or b3589,37239.0,0,0,"[37239.0, 40351.0]","[0.0, 0.0]","['Cytoplasmic', 'Cytoplasmic']","[0, 0]"
262,HEX4,Hexokinase (D-mannose:ATP),Cytoplasmic,Alternate Carbon Metabolism,nan,,0,0,0,[0],[0],['Cytoplasmic'],[0]
263,KARA1_f,"Ketol-acid reductoisomerase (2,3-dihydroxy-3-methylbutanoate)",Cytoplasmic,"Valine, Leucine, and Isoleucine Metabolism",0.028,b3774,54069.0,0,0,[54069.0],[0.0],['Cytoplasmic'],[0]
264,KARA2_f,Ketol-acid reductoisomerase (2-Acetolactate),Cytoplasmic,"Valine, Leucine, and Isoleucine Metabolism",3.8,b3774,54069.0,0,0,[54069.0],[0.0],['Cytoplasmic'],[0]
265,ACCOAC,Acetyl-CoA carboxylase,Cytoplasmic,Membrane Lipid Metabolism,30.1,b2316 and b3255 and b3256 and b0185,134572.0,0,0,[134572.0],[0.0],['Cytoplasmic'],[0]
266,NADK,NAD kinase,Cytoplasmic,Cofactor and Prosthetic Group Biosynthesis,90.0,b2615,32566.0,0,0,[32566.0],[0.0],['Cytoplasmic'],[0]
267,ICHORS_copy2_f,Isochorismate synthase,Cytoplasmic,Cofactor and Prosthetic Group Biosynthesis,0.35,b2265,48765.0,0,0,[48765.0],[0.0],['Cytoplasmic'],[0]
268,SUCBZS,O-succinylbenzoate-CoA synthase,Cytoplasmic,Cofactor and Prosthetic Group Biosynthesis,52.0,b2261,35477.0,0,0,[35477.0],[0.0],['Cytoplasmic'],[0]
269,DHBD_f,"2,3-dihydro-2,3-dihydroxybenzoate dehydrogenase",Cytoplasmic,Cofactor and Prosthetic Group Biosynthesis,25.3,b0596,26250.0,0,0,[26250.0],[0.0],['Cytoplasmic'],[0]
270,ICHORT,Isochorismatase,Cytoplasmic,Cofactor and Prosthetic Group Biosynthesis,10.0,b0595,32554.0,0,0,[32554.0],[0.0],['Cytoplasmic'],[0]
271,RBK_L1,L-ribulokinase (L-ribulose),Cytoplasmic,Alternate Carbon Metabolism,40.42,b0063,61089.0,0,0,[61089.0],[0.0],['Cytoplasmic'],[0]
272,RBP4E_f,L-ribulose-phosphate 4-epimerase,Cytoplasmic,Alternate Carbon Metabolism,15.825,b0061 or b4198 or b3583,25278.0,0.0,0,"[25519.0, 25278.0, 25561.0]","[0.0, 0.0, 0.0]","['Cytoplasmic', 'Cytoplasmic', 'Cytoplasmic']","[0, 0, 0]"
273,NTD2,5'-nucleotidase (UMP),Cytoplasmic,Nucleotide Salvage Pathway,1.2,b2744 or b4374 or b0675,25301.0,0.0,0,"[26900.0, 25301.0, 27163.0]","[0.0, 0.0, 0.0]","['Cytoplasmic', 'Cytoplasmic', 'Cytoplasmic']","[0, 0, 0]"
274,NTD4,5'-nucleotidase (CMP),Cytoplasmic,Nucleotide Salvage Pathway,202.0,b2744 or b0675,26900.0,0,0,"[26900.0, 27163.0]","[0.0, 0.0]","['Cytoplasmic', 'Cytoplasmic']","[0, 0]"
275,NTD5,5'-nucleotidase (dTMP),Cytoplasmic,Nucleotide Salvage Pathway,0.195,b2744 or b4374 or b2291 or b2361,20255.0,0.0,0,"[26900.0, 25301.0, 22708.0, 20255.0]","[0.0, 0.0, 0.0, 0.0]","['Cytoplasmic', 'Cytoplasmic', 'Cytoplasmic', 'Cytoplasmic']","[0, 0, 0, 0]"
276,NTD6,5'-nucleotidase (dAMP),Cytoplasmic,Nucleotide Salvage Pathway,0.22,b2744 or b2291 or b2361,20255.0,0.0,0,"[26900.0, 22708.0, 20255.0]","[0.0, 0.0, 0.0]","['Cytoplasmic', 'Cytoplasmic', 'Cytoplasmic']","[0, 0, 0]"
277,LGTHL,Lactoylglutathione lyase,Cytoplasmic,Methylglyoxal Metabolism,1088.0,b1651,14920.0,0,0,[14920.0],[0.0],['Cytoplasmic'],[0]
278,PYDXPP,Pyridoxal 5-phosphate phosphatase,Cytoplasmic,Cofactor and Prosthetic Group Biosynthesis,1.52,b0446 or b3826 or b0766 or b0675,27163.0,0.0,0,"[30371.0, 29708.0, 30201.0, 27163.0]","[0.0, 0.0, 0.0, 0.0]","['Cytoplasmic', 'Cytoplasmic', 'Cytoplasmic', 'Cytoplasmic']","[0, 0, 0, 0]"
279,PDXPP,Pyridoxine 5-phosphate phosphatase,Cytoplasmic,Cofactor and Prosthetic Group Biosynthesis,1.25,b0766,30201.0,0,0,[30201.0],[0.0],['Cytoplasmic'],[0]
280,HACD6_f,3-hydroxyacyl-CoA dehydrogenase (3-oxotetradecanoyl-CoA),Cytoplasmic,Membrane Lipid Metabolism,229.0,b3846 or b2341,77072.0,0.0,0,"[79594.0, 77072.0]","[0.0, 0.0]","['Cytoplasmic', 'Cytoplasmic']","[0, 0]"
281,ECOAH1_f,3-hydroxyacyl-CoA dehydratase (3-hydroxybutanoyl-CoA),Cytoplasmic,Membrane Lipid Metabolism,15.0,b2341 or b3846,77072.0,0,0,"[77072.0, 79594.0]","[0.0, 0.0]","['Cytoplasmic', 'Cytoplasmic']","[0, 0]"
282,ECOAH2_f,3-hydroxyacyl-CoA dehydratase (3-hydroxyhexanoyl-CoA),Cytoplasmic,Membrane Lipid Metabolism,380.5,b2341 or b3846,77072.0,0,0,"[77072.0, 79594.0]","[0.0, 0.0]","['Cytoplasmic', 'Cytoplasmic']","[0, 0]"
283,ECOAH3_f,3-hydroxyacyl-CoA dehydratase (3-hydroxyoctanoyl-CoA),Cytoplasmic,Membrane Lipid Metabolism,380.5,b2341 or b3846,77072.0,0,0,"[77072.0, 79594.0]","[0.0, 0.0]","['Cytoplasmic', 'Cytoplasmic']","[0, 0]"
284,UGLT_f,UDPglucose--hexose-1-phosphate uridylyltransferase,Cytoplasmic,Alternate Carbon Metabolism,628.8,b0758,39646.0,0,0,[39646.0],[0.0],['Cytoplasmic'],[0]
285,DXPS,1-deoxy-D-xylulose 5-phosphate synthase,Cytoplasmic,Cofactor and Prosthetic Group Biosynthesis,2.6,b0420,67617.0,0,0,[67617.0],[0.0],['Cytoplasmic'],[0]
286,CDPMEK,4-(cytidine 5'-diphospho)-2-C-methyl-D-erythritol kinase,Cytoplasmic,Cofactor and Prosthetic Group Biosynthesis,14.80483333,b1208,30925.0,0,0,[30925.0],[0.0],['Cytoplasmic'],[0]
287,MECDPS,"2-C-methyl-D-erythritol 2,4-cyclodiphosphate synthase",Cytoplasmic,Cofactor and Prosthetic Group Biosynthesis,2.7,b2746,16898.0,0,0,[16898.0],[0.0],['Cytoplasmic'],[0]
288,DDGLK,2-dehydro-3-deoxygluconokinase,Cytoplasmic,Alternate Carbon Metabolism,11.0,b3526,33962.0,0,0,[33962.0],[0.0],['Cytoplasmic'],[0]
289,XYLI2_f,Xylose isomerase,Cytoplasmic,Alternate Carbon Metabolism,4.54,b3565,49742.0,0,0,[49742.0],[0.0],['Cytoplasmic'],[0]
290,PMANM_f,Phosphomannomutase,Cytoplasmic,Alternate Carbon Metabolism,134.9,b2048,50463.0,0,0,[50463.0],[0.0],['Cytoplasmic'],[0]
291,ICL,Isocitrate lyase,Cytoplasmic,Anaplerotic Reactions,5.2,b4015,47522.0,0,0,[47522.0],[0.0],['Cytoplasmic'],[0]
292,GLYCL,Glycine Cleavage System,Cytoplasmic,Folate Metabolism,135.5,b2904 and b2903 and b0116 and b2905,209022.0,0,0,[209022.0],[0.0],['Cytoplasmic'],[0]
293,CMPN,CMP nucleosidase,Cytoplasmic,Nucleotide Salvage Pathway,nan,,0,0,0,[0],[0],['Cytoplasmic'],[0]
294,HCYSMT,Homocysteine S-methyltransferase,Cytoplasmic,Methionine Metabolism,0.38,b0261,33423.0,0,0,[33423.0],[0.0],['Cytoplasmic'],[0]
295,UDPG4E_f,UDPglucose 4-epimerase,Cytoplasmic,Alternate Carbon Metabolism,0.52,b0759,37265.0,0,0,[37265.0],[0.0],['Cytoplasmic'],[0]
296,LACZ,B-galactosidase,Cytoplasmic,Alternate Carbon Metabolism,6300.0,b0344,116483.0,0,0,[116483.0],[0.0],['Cytoplasmic'],[0]
297,TRE6PH,Trehalose-6-phosphate hydrolase,Cytoplasmic,Alternate Carbon Metabolism,72.26175,b4239,63838.0,0,0,[63838.0],[0.0],['Cytoplasmic'],[0]
298,XYLI1_f,Xylose isomerase,Cytoplasmic,Alternate Carbon Metabolism,47.0,b3565,49742.0,0,0,[49742.0],[0.0],['Cytoplasmic'],[0]
299,PPC,Phosphoenolpyruvate carboxylase,Cytoplasmic,Anaplerotic Reactions,540.0,b3956,99063.0,0,0,[99063.0],[0.0],['Cytoplasmic'],[0]
300,ALDD4,"Aldehyde dehydrogenase (butanal, NAD)",Cytoplasmic,Alternate Carbon Metabolism,nan,,0,0,0,[0],[0],['Cytoplasmic'],[0]
301,G3PT,Glycerol-3-phosphatase,Cytoplasmic,Alternate Carbon Metabolism,9.84,b0822 or b0675,27163.0,0.0,0,"[30413.0, 27163.0]","[0.0, 0.0]","['Cytoplasmic', 'Cytoplasmic']","[0, 0]"
302,CINNDO,Cinnamate dioxygenase,Cytoplasmic,Alternate Carbon Metabolism,4.5,b2542 and b2538 and b2540 and b2539,126995.0,0,0,[126995.0],[0.0],['Cytoplasmic'],[0]
303,DHPPD,"2,3-dihydroxyphenylpropionate dehydrogenase",Cytoplasmic,Alternate Carbon Metabolism,0.45,b2541,28500.0,0,0,[28500.0],[0.0],['Cytoplasmic'],[0]
304,DHCIND,"2,3-dihydroxycinnamate dehydrogenase",Cytoplasmic,Alternate Carbon Metabolism,0.45,b2541,28500.0,0,0,[28500.0],[0.0],['Cytoplasmic'],[0]
305,CITL,Citrate lyase,Cytoplasmic,Citric Acid Cycle,298.35,b0614 and (b0617 and b0616 and b0615),119242.0,0,0,[119242.0],[0.0],['Cytoplasmic'],[0]
306,GOFUCR,GDP-4-oxo-L-fucose reductase,Cytoplasmic,Cell Envelope Biosynthesis,0.75,b2052,36141.0,0,0,[36141.0],[0.0],['Cytoplasmic'],[0]
307,PYDXK,Pyridoxal kinase,Cytoplasmic,Cofactor and Prosthetic Group Biosynthesis,2.15,b2418 or b1636,30847.0,0,0,"[30847.0, 31322.0]","[0.0, 0.0]","['Cytoplasmic', 'Cytoplasmic']","[0, 0]"
308,GTPCII2,GTP cyclohydrolase II (25drapp),Cytoplasmic,Cofactor and Prosthetic Group Biosynthesis,0.064,b1277,21836.0,0,0,[21836.0],[0.0],['Cytoplasmic'],[0]
309,URIC,Uricase,Cytoplasmic,Unassigned,nan,,0,0,0,[0],[0],['Cytoplasmic'],[0]
310,SADT2,Sulfate adenyltransferase,Cytoplasmic,Cysteine Metabolism,17.026,b2752 and b2751,87746.0,0,0,[87746.0],[0.0],['Cytoplasmic'],[0]
311,LCARS_f,"Lacaldehyde reductase (S-propane-1,2-diol forming)",Cytoplasmic,Alternate Carbon Metabolism,213.4339433,b2799,40513.0,0,0,[40513.0],[0.0],['Cytoplasmic'],[0]
312,ALCD19_f,Alcohol dehydrogenase (glycerol),Cytoplasmic,Alternate Carbon Metabolism,153.0,b1478 or b1241,35380.0,0,0,"[35380.0, 96127.0]","[0.0, 0.0]","['Cytoplasmic', 'Cytoplasmic']","[0, 0]"
313,RMPA_f,Rhamnulose-1-phosphate aldolase,Cytoplasmic,Alternate Carbon Metabolism,38.3,b3902,30145.0,0,0,[30145.0],[0.0],['Cytoplasmic'],[0]
314,SBTPD_f,Sorbitol-6-phosphate dehydrogenase,Cytoplasmic,Alternate Carbon Metabolism,76.08846667,b2705,27858.0,0,0,[27858.0],[0.0],['Cytoplasmic'],[0]
315,PFK_2,Phosphofructokinase,Cytoplasmic,Alternate Carbon Metabolism,31.0185,b3916,34842.0,0,0,[34842.0],[0.0],['Cytoplasmic'],[0]
316,GLTPD_f,Galactitol-1-phosphate dehydrogenase,Cytoplasmic,Alternate Carbon Metabolism,76.08846667,b2091,37390.0,0,0,[37390.0],[0.0],['Cytoplasmic'],[0]
317,TGBPA_f,Tagatose-bisphosphate aldolase,Cytoplasmic,Alternate Carbon Metabolism,5.38,(b3132 and b3137) or (b2095 and b2096),77921.0,0.0,0,"[78486.0, 77921.0]","[0.0, 0.0]","['Cytoplasmic', 'Cytoplasmic']","[0, 0]"
318,MANAO_f,Mannonate oxidoreductase,Cytoplasmic,Alternate Carbon Metabolism,76.08846667,b4323,53580.0,0,0,[53580.0],[0.0],['Cytoplasmic'],[0]
319,TAGURr_f,Tagaturonate reductase,Cytoplasmic,Alternate Carbon Metabolism,76.08846667,b1521,54808.0,0,0,[54808.0],[0.0],['Cytoplasmic'],[0]
320,PGLYCP,Phosphoglycolate phosphatase,Cytoplasmic,Alternate Carbon Metabolism,94.0,b3385,27389.0,0,0,[27389.0],[0.0],['Cytoplasmic'],[0]
321,GLXCL,Glyoxalate carboligase,Cytoplasmic,Glyoxylate Metabolism,18.9,b0507,64732.0,0,0,[64732.0],[0.0],['Cytoplasmic'],[0]
322,TARTD,L(+)-tartrate dehydratase,Cytoplasmic,Alternate Carbon Metabolism,368.4865,b3062 and b3061,55413.0,0,0,[55413.0],[0.0],['Cytoplasmic'],[0]
323,GLCRAL,5-dehydro-4-deoxyglucarate aldolase,Cytoplasmic,Alternate Carbon Metabolism,27.3,b3126,27384.0,0,0,[27384.0],[0.0],['Cytoplasmic'],[0]
324,KAS14,Beta-ketoacyl-ACP synthase,Cytoplasmic,Membrane Lipid Metabolism,0.05165,b2323 or b1095,42613.0,0,0,"[42613.0, 43046.0]","[0.0, 0.0]","['Cytoplasmic', 'Cytoplasmic']","[0, 0]"
325,EDTXS1,Endotoxin Synthesis (lauroyl transferase),Inner Membrane,Lipopolysaccharide Biosynthesis / Recycling,131.0,b1054,35407.0,2429.892157,1,[35407.0],[2429.892157],['Inner Membrane'],[1]
326,EDTXS2,Endotoxin Synthesis (myristoyl transferase),Inner Membrane,Lipopolysaccharide Biosynthesis / Recycling,46.80901367,b1855,37410.0,2432.229102,1,[37410.0],[2432.229102],['Inner Membrane'],[1]
327,EDTXS3,Endotoxin Synthesis (palmitoleoyl ACP),Inner Membrane,Lipopolysaccharide Biosynthesis / Recycling,46.80901367,b2378,35493.0,2435.794118,1,[35493.0],[2435.794118],['Inner Membrane'],[1]
328,EDTXS4,Endotoxin Synthesis (myristoyl transferase),Inner Membrane,Lipopolysaccharide Biosynthesis / Recycling,46.80901367,b1855,37410.0,2432.229102,1,[37410.0],[2432.229102],['Inner Membrane'],[1]
329,EX_tmao_e_f,Trimethylamine N-oxide exchange,Exchange,Extracellular exchange,nan,,0,0,0,[0],[0],['Exchange'],[0]
330,NNDPR,Nicotinate-nucleotide diphosphorylase (carboxylating),Cytoplasmic,Cofactor and Prosthetic Group Biosynthesis,0.13,b0109,32762.0,0,0,[32762.0],[0.0],['Cytoplasmic'],[0]
331,HACD4_f,3-hydroxyacyl-CoA dehydrogenase (3-oxodecanoyl-CoA),Cytoplasmic,Membrane Lipid Metabolism,229.0,b3846 or b2341,77072.0,0.0,0,"[79594.0, 77072.0]","[0.0, 0.0]","['Cytoplasmic', 'Cytoplasmic']","[0, 0]"
332,HACD7_f,3-hydroxyacyl-CoA dehydrogenase (3-oxohexadecanoyl-CoA),Cytoplasmic,Membrane Lipid Metabolism,229.0,b2341 or b3846,77072.0,0,0,"[77072.0, 79594.0]","[0.0, 0.0]","['Cytoplasmic', 'Cytoplasmic']","[0, 0]"
333,AACPS1,Acyl-[acyl-carrier-protein] synthetase (n-C14:0),Inner Membrane,Cell Envelope Biosynthesis,21.94,b1094 and b2836,89340.0,5050.764951,2,[89340.0],[5050.764951],['Inner Membrane'],[2]
334,SDPDS,Succinyl-diaminopimelate desuccinylase,Cytoplasmic,Threonine and Lysine Metabolism,140.0,b2472,41269.0,0,0,[41269.0],[0.0],['Cytoplasmic'],[0]
335,DMSOR1,Dimethyl sulfoxide reductase (Menaquinol 8),Inner Membrane,Oxidative Phosphorylation,79.9,(b1589 and b1590 and b1588 and b1587) or (b0895 and b0896 and b0894),144094.0,17722.26481,8,"[233043.0, 144094.0]","[18056.4507, 17722.26481]","['Inner Membrane', 'Inner Membrane']","[8, 8]"
336,DKGLCNR2y,"2,5-diketo-D-gluconate reductase (NADPH)",Cytoplasmic,Alternate Carbon Metabolism,6.725,b3553,35396.0,0,0,[35396.0],[0.0],['Cytoplasmic'],[0]
337,2DGULRy,2-dehydro-L-gulonate reductase (NADPH),Cytoplasmic,Alternate Carbon Metabolism,6.725,b3553,35396.0,0,0,[35396.0],[0.0],['Cytoplasmic'],[0]
338,RZ5PP,Alpha-ribazole 5-phosphate phosphatase,Cytoplasmic,Cofactor and Prosthetic Group Biosynthesis,749.8136875,b0638,23308.0,0,0,[23308.0],[0.0],['Cytoplasmic'],[0]
339,NTD9,5'-nucleotidase (GMP),Cytoplasmic,Nucleotide Salvage Pathway,11.0,b2744 or b3399 or b2361 or b0675,20255.0,0.0,0,"[26900.0, 25399.0, 20255.0, 27163.0]","[0.0, 0.0, 0.0, 0.0]","['Cytoplasmic', 'Cytoplasmic', 'Cytoplasmic', 'Cytoplasmic']","[0, 0, 0, 0]"
340,NTD10,5'-nucleotidase (XMP),Cytoplasmic,Nucleotide Salvage Pathway,9.84,b2744,26900.0,0,0,[26900.0],[0.0],['Cytoplasmic'],[0]
341,ADPT,Adenine phosphoribosyltransferase,Cytoplasmic,Nucleotide Salvage Pathway,9.33,b0469,19859.0,0,0,[19859.0],[0.0],['Cytoplasmic'],[0]
342,ADK1_f,Adenylate kinase,Cytoplasmic,Nucleotide Salvage Pathway,860.5,b0474,23586.0,0,0,[23586.0],[0.0],['Cytoplasmic'],[0]
343,OCTDPS,Octaprenyl pyrophosphate synthase,Cytoplasmic,Cofactor and Prosthetic Group Biosynthesis,2.0,b3187,35217.0,0,0,[35217.0],[0.0],['Cytoplasmic'],[0]
344,EX_26dap__M_e_f,"Meso-2,6-Diaminoheptanedioate exchange",Exchange,Extracellular exchange,nan,,0,0,0,[0],[0],['Exchange'],[0]
345,EX_acnam_e_f,N-Acetylneuraminate exchange,Exchange,Extracellular exchange,nan,,0,0,0,[0],[0],['Exchange'],[0]
346,EX_amp_e_f,AMP exchange,Exchange,Extracellular exchange,nan,,0,0,0,[0],[0],['Exchange'],[0]
347,EX_dha_e_f,Dihydroxyacetone exchange,Exchange,Extracellular exchange,nan,,0,0,0,[0],[0],['Exchange'],[0]
348,EX_fuc__L_e_f,L-Fucose exchange,Exchange,Extracellular exchange,nan,,0,0,0,[0],[0],['Exchange'],[0]
349,EX_glyald_e_f,D-Glyceraldehyde exchange,Exchange,Extracellular exchange,nan,,0,0,0,[0],[0],['Exchange'],[0]
350,AACPS2,Acyl-[acyl-carrier-protein] synthetase  (n-C14:1),Inner Membrane,Cell Envelope Biosynthesis,21.94,b1094 and b2836,89340.0,5050.764951,2,[89340.0],[5050.764951],['Inner Membrane'],[2]
351,AACPS3,Acyl-[acyl-carrier-protein] synthetase  (n-C16:0),Inner Membrane,Cell Envelope Biosynthesis,21.94,b1094 and b2836,89340.0,5050.764951,2,[89340.0],[5050.764951],['Inner Membrane'],[2]
352,AACPS4,Acyl-[acyl-carrier-protein] synthetase  (n-C16:1),Inner Membrane,Cell Envelope Biosynthesis,21.94,b2836 and b1094,89340.0,5050.764951,2,[89340.0],[5050.764951],['Inner Membrane'],[2]
353,EX_rmn_e_f,L-Rhamnose exchange,Exchange,Extracellular exchange,nan,,0,0,0,[0],[0],['Exchange'],[0]
354,EX_ttdca_e_f,Tetradecanoate (n-C14:0) exchange,Exchange,Extracellular exchange,nan,,0,0,0,[0],[0],['Exchange'],[0]
355,AMANK,N-acetyl-D-mannosamine kinase,Cytoplasmic,Alternate Carbon Metabolism,14.80483333,b3222,29644.0,0,0,[29644.0],[0.0],['Cytoplasmic'],[0]
356,EX_glyclt_e_f,Glycolate exchange,Exchange,Extracellular exchange,nan,,0,0,0,[0],[0],['Exchange'],[0]
357,EX_g6p_e_f,D-Glucose 6-phosphate exchange,Exchange,Extracellular exchange,nan,,0,0,0,[0],[0],['Exchange'],[0]
358,EX_2ddglcn_e_f,2-Dehydro-3-deoxy-D-gluconate exchange,Exchange,Extracellular exchange,nan,,0,0,0,[0],[0],['Exchange'],[0]
359,EX_galct__D_e_f,D-Galactarate exchange,Exchange,Extracellular exchange,nan,,0,0,0,[0],[0],['Exchange'],[0]
360,EX_idon__L_e_f,L-Idonate exchange,Exchange,Extracellular exchange,nan,,0,0,0,[0],[0],['Exchange'],[0]
361,EX_indole_e_f,Indole exchange,Exchange,Extracellular exchange,nan,,0,0,0,[0],[0],['Exchange'],[0]
362,EX_3hcinnm_e_f,3-hydroxycinnamic acid exchange,Exchange,Extracellular exchange,nan,,0,0,0,[0],[0],['Exchange'],[0]
363,EX_acmana_e_f,N-Acetyl-D-mannosamine exchange,Exchange,Extracellular exchange,nan,,0,0,0,[0],[0],['Exchange'],[0]
364,EX_galur_e_f,D-Galacturonate exchange,Exchange,Extracellular exchange,nan,,0,0,0,[0],[0],['Exchange'],[0]
365,EX_but_e_f,Butyrate (n-C4:0) exchange,Exchange,Extracellular exchange,nan,,0,0,0,[0],[0],['Exchange'],[0]
366,EX_cbl1_e_f,Cob(I)alamin exchange,Exchange,Extracellular exchange,nan,,0,0,0,[0],[0],['Exchange'],[0]
367,ACNML,N-Acetylneuraminate lyase,Cytoplasmic,Alternate Carbon Metabolism,6.75,b3225,32593.0,0,0,[32593.0],[0.0],['Cytoplasmic'],[0]
368,CAT,Catalase,Cytoplasmic,Unassigned,2162.5,b1732 or b3942,80024.0,0.0,0,"[84163.0, 80024.0]","[0.0, 0.0]","['Cytoplasmic', 'Cytoplasmic']","[0, 0]"
369,SERASr_f,(L-seryl)adenylate synthase,Cytoplasmic,Cofactor and Prosthetic Group Biosynthesis,370.0,b0586,141991.0,0,0,[141991.0],[0.0],['Cytoplasmic'],[0]
370,DMSOR2,Dimethyl sulfoxide reductase (Demethylmenaquinol 8),Inner Membrane,Oxidative Phosphorylation,79.9,b0895 and b0896 and b0894,144094.0,17722.26481,8,[144094.0],[17722.26481],['Inner Membrane'],[8]
371,ACMAMUT,UDP-N-acetyl-D-mannosaminuronic acid transferase,Cytoplasmic,Cell Envelope Biosynthesis,18.3185,b3794,27928.0,0,0,[27928.0],[0.0],['Cytoplasmic'],[0]
372,DDGALK,2-dehydro-3-deoxygalactonokinase,Cytoplasmic,Alternate Carbon Metabolism,14.80483333,b3693,31374.0,0,0,[31374.0],[0.0],['Cytoplasmic'],[0]
373,AB6PGH,Arbutin 6-phosphate glucohydrolase,Cytoplasmic,Alternate Carbon Metabolism,2.0,b2901 or b3721 or b2716,53161.0,0.0,0,"[55361.0, 53161.0, 53935.0]","[0.0, 0.0, 0.0]","['Cytoplasmic', 'Cytoplasmic', 'Cytoplasmic']","[0, 0, 0]"
374,AMALT1,Amylomaltase (maltotriose),Cytoplasmic,Alternate Carbon Metabolism,0.157,b3416,78503.0,0,0,[78503.0],[0.0],['Cytoplasmic'],[0]
375,MLTP2_f,Maltodextrin phosphorylase (maltohexaose),Cytoplasmic,Alternate Carbon Metabolism,47.0,b3417,90522.0,0,0,[90522.0],[0.0],['Cytoplasmic'],[0]
376,PACCOAL,Phenylacetate-CoA ligase,Cytoplasmic,Alternate Carbon Metabolism,40.0,b1398,48953.0,0,0,[48953.0],[0.0],['Cytoplasmic'],[0]
377,GP4GH,Gp4G hydrolase,Cytoplasmic,Nucleotide Salvage Pathway,250.0,b0049,31297.0,0,0,[31297.0],[0.0],['Cytoplasmic'],[0]
378,ACGAMT,UDP-N-acetylglucosamine:undecaprenylphosphate N-acetylglucosamine -1-phosphate transferase,Inner Membrane,Cell Envelope Biosynthesis,1.2,b3784,40957.0,25779.47411,11,[40957.0],[25779.47411],['Inner Membrane'],[11]
379,AADDGT,"DTDP-N-4-acetamido-4,6-dideoxy-D-galactose transferase",Cytoplasmic,Cell Envelope Biosynthesis,18.3185,b4481,40640.0,0,0,[40640.0],[0.0],['Cytoplasmic'],[0]
380,EX_gbbtn_e_f,Gamma-butyrobetaine exchange,Exchange,Extracellular exchange,nan,,0,0,0,[0],[0],['Exchange'],[0]
381,EX_tma_e_f,Trimethylamine exchange,Exchange,Extracellular exchange,nan,,0,0,0,[0],[0],['Exchange'],[0]
382,GMHEPK,D-glycero-D-manno-heptose 7-phosphate kinase,Cytoplasmic,Lipopolysaccharide Biosynthesis / Recycling,192.4024167,b3052,51051.0,0,0,[51051.0],[0.0],['Cytoplasmic'],[0]
383,EX_malttr_e_f,Maltotriose exchange,Exchange,Extracellular exchange,nan,,0,0,0,[0],[0],['Exchange'],[0]
384,TRE6PS,"Alpha,alpha-trehalose-phosphate synthase (UDP-forming)",Cytoplasmic,Alternate Carbon Metabolism,5.2,b1896,53611.0,0,0,[53611.0],[0.0],['Cytoplasmic'],[0]
385,UDCPDP,Undecaprenyl-diphosphatase,Inner Membrane,Cell Envelope Biosynthesis,9.0,b0841 or b1278 or b3057,22399.0,9955.111111,4,"[22399.0, 29021.0, 29759.0]","[9955.111111, 13420.77866, 16024.07692]","['Inner Membrane', 'Inner Membrane', 'Inner Membrane']","[4, 6, 7]"
386,TREH,"Alpha,alpha-trehalase",Cytoplasmic,Alternate Carbon Metabolism,199.0,b3519,63697.0,0,0,[63697.0],[0.0],['Cytoplasmic'],[0]
387,CYTK1_f,Cytidylate kinase (CMP),Cytoplasmic,Nucleotide Salvage Pathway,68.68233333,b0910,24746.0,0,0,[24746.0],[0.0],['Cytoplasmic'],[0]
388,CYTK2_f,Cytidylate kinase (dCMP),Cytoplasmic,Nucleotide Salvage Pathway,108.5,b0910,24746.0,0,0,[24746.0],[0.0],['Cytoplasmic'],[0]
389,GK1_f,Guanylate kinase (GMP:ATP),Cytoplasmic,Nucleotide Salvage Pathway,209.0,b3648,23593.0,0,0,[23593.0],[0.0],['Cytoplasmic'],[0]
390,HACD1_f,3-hydroxyacyl-CoA dehydrogenase (acetoacetyl-CoA),Cytoplasmic,Membrane Lipid Metabolism,229.0,b3846 or b2341,77072.0,0.0,0,"[79594.0, 77072.0]","[0.0, 0.0]","['Cytoplasmic', 'Cytoplasmic']","[0, 0]"
391,HACD2_f,3-hydroxyacyl-CoA dehydrogenase (3-oxohexanoyl-CoA),Cytoplasmic,Membrane Lipid Metabolism,229.0,b3846 or b2341,77072.0,0.0,0,"[79594.0, 77072.0]","[0.0, 0.0]","['Cytoplasmic', 'Cytoplasmic']","[0, 0]"
392,EX_hdcea_e_f,Hexadecenoate (n-C16:1) exchange,Exchange,Extracellular exchange,nan,,0,0,0,[0],[0],['Exchange'],[0]
393,ACACCT,Acetyl-CoA:acetoacetyl-CoA transferase,Cytoplasmic,Alternate Carbon Metabolism,290.0,(b2222 and b2221) or b1694,46486.0,0,0,"[46486.0, 57562.0]","[0.0, 0.0]","['Cytoplasmic', 'Cytoplasmic']","[0, 0]"
394,BUTCT,Acetyl-CoA:butyrate-CoA transferase,Cytoplasmic,Alternate Carbon Metabolism,290.0,b2222 and b2221,46486.0,0,0,[46486.0],[0.0],['Cytoplasmic'],[0]
395,2DGULRx,2-dehydro-L-gulonate reductase (NADH),Cytoplasmic,Alternate Carbon Metabolism,60503.775,b3553,35396.0,0,0,[35396.0],[0.0],['Cytoplasmic'],[0]
396,G1PTT,Glucose-1-phosphate thymidylyltransferase,Cytoplasmic,Cell Envelope Biosynthesis,12.008,b2039 or b3789,32694.0,0,0,"[32694.0, 32734.0]","[0.0, 0.0]","['Cytoplasmic', 'Cytoplasmic']","[0, 0]"
397,TDPGDH,"DTDPglucose 4,6-dehydratase",Cytoplasmic,Cell Envelope Biosynthesis,4.9,b3788 or b2041,39754.0,0,0,"[39754.0, 40558.0]","[0.0, 0.0]","['Cytoplasmic', 'Cytoplasmic']","[0, 0]"
398,UDPGALM,UDPgalactopyranose mutase,Cytoplasmic,Cell Envelope Biosynthesis,8.72,b2036,42966.0,0,0,[42966.0],[0.0],['Cytoplasmic'],[0]
399,TDPDRE,"DTDP-4-dehydrorhamnose 3,5-epimerase",Cytoplasmic,Cell Envelope Biosynthesis,39.0,b2038,21270.0,0,0,[21270.0],[0.0],['Cytoplasmic'],[0]
400,TDPDRR,DTDP-4-dehydrorhamnose reductase,Cytoplasmic,Cell Envelope Biosynthesis,29.0,b2040,32694.0,0,0,[32694.0],[0.0],['Cytoplasmic'],[0]
401,G3PD6,Glycerol-3-phosphate dehydrogenase (menaquinone-8),Cytoplasmic,Oxidative Phosphorylation,33.3,b2243 and b2242 and b2241,148423.0,0,0,[148423.0],[0.0],['Cytoplasmic'],[0]
402,ALLTN,Allantoinase,Cytoplasmic,Nitrogen Metabolism,310.85,b0512,49602.0,0,0,[49602.0],[0.0],['Cytoplasmic'],[0]
403,UAPGR,UDP-N-acetylenolpyruvoylglucosamine reductase,Cytoplasmic,Cell Envelope Biosynthesis,9.5,b3972,37851.0,0,0,[37851.0],[0.0],['Cytoplasmic'],[0]
404,NDPK7_f,Nucleoside-diphosphate kinase (ATP:dCDP),Cytoplasmic,Nucleotide Salvage Pathway,571.5,b0474 or b2518,15463.0,0.0,0,"[23586.0, 15463.0]","[0.0, 0.0]","['Cytoplasmic', 'Cytoplasmic']","[0, 0]"
405,AOBUTDs,L-2-amino-3-oxobutanoate decarboxylation (spontaneous),Inner Membrane,Threonine and Lysine Metabolism,nan,s0001,0,0,0,[0.0],[0.0],['Inner Membrane'],[0]
406,GLYAT_f,Glycine C-acetyltransferase,Cytoplasmic,Glycine and Serine Metabolism,27.07633333,b3617,43117.0,0,0,[43117.0],[0.0],['Cytoplasmic'],[0]
407,ADNUC,Adenosine hydrolase,Cytoplasmic,Alternate Carbon Metabolism,0.5827,b0030,32561.0,0,0,[32561.0],[0.0],['Cytoplasmic'],[0]
408,GMHEPPA,"D-glycero-D-manno-heptose 1,7-bisphosphate phosphatase",Cytoplasmic,Lipopolysaccharide Biosynthesis / Recycling,35.7,b0200,21294.0,0,0,[21294.0],[0.0],['Cytoplasmic'],[0]
409,S7PI,Sedoheptulose 7-phosphate isomerase,Cytoplasmic,Lipopolysaccharide Biosynthesis / Recycling,0.44,b0222,20815.0,0,0,[20815.0],[0.0],['Cytoplasmic'],[0]
410,TRPS3,Tryptophan synthase (indoleglycerol phosphate),Cytoplasmic,"Tyrosine, Tryptophan, and Phenylalanine Metabolism",1.49325,b1260 and b1261,71707.0,0,0,[71707.0],[0.0],['Cytoplasmic'],[0]
411,CRNBTCT_f,Gamma-butyrobetainyl-CoA: carnitine CoA transferase,Cytoplasmic,Oxidative Phosphorylation,76.1108,b0038,45127.0,0,0,[45127.0],[0.0],['Cytoplasmic'],[0]
412,CRNCBCT_f,Crotonobetainyl-CoA: carnitine CoA transferase,Cytoplasmic,Oxidative Phosphorylation,76.1108,b0038,45127.0,0,0,[45127.0],[0.0],['Cytoplasmic'],[0]
413,CRNCDH_f,Carnityl-CoA dehydratse,Cytoplasmic,Oxidative Phosphorylation,368.4865,b0036,28190.0,0,0,[28190.0],[0.0],['Cytoplasmic'],[0]
414,FADRx,FAD reductase,Cytoplasmic,Cofactor and Prosthetic Group Biosynthesis,36.35,b3844,26242.0,0,0,[26242.0],[0.0],['Cytoplasmic'],[0]
415,GTPDPK,GTP diphosphokinase,Cytoplasmic,Cofactor and Prosthetic Group Biosynthesis,127.0,b2784,83876.0,0,0,[83876.0],[0.0],['Cytoplasmic'],[0]
416,NADN,NAD nucleosidase,Cytoplasmic,Cofactor and Prosthetic Group Biosynthesis,nan,,0,0,0,[0],[0],['Cytoplasmic'],[0]
417,NDPK2_f,Nucleoside-diphosphate kinase (ATP:UDP),Cytoplasmic,Nucleotide Salvage Pathway,571.5,b0474 or b2518,15463.0,0.0,0,"[23586.0, 15463.0]","[0.0, 0.0]","['Cytoplasmic', 'Cytoplasmic']","[0, 0]"
418,NDPK3_f,Nucleoside-diphosphate kinase (ATP:CDP),Cytoplasmic,Nucleotide Salvage Pathway,571.5,b2518 or b0474,15463.0,0,0,"[15463.0, 23586.0]","[0.0, 0.0]","['Cytoplasmic', 'Cytoplasmic']","[0, 0]"
419,NDPK4_f,Nucleoside-diphosphate kinase (ATP:dTDP),Cytoplasmic,Nucleotide Salvage Pathway,571.5,b0474 or b2518,15463.0,0.0,0,"[23586.0, 15463.0]","[0.0, 0.0]","['Cytoplasmic', 'Cytoplasmic']","[0, 0]"
420,FCLT,Ferrochelatase,Cytoplasmic,Cofactor and Prosthetic Group Biosynthesis,0.013,b0475 or b2431 or b1019,33052.0,0.0,0,"[35884.0, 33052.0, 46754.0]","[0.0, 0.0, 0.0]","['Cytoplasmic', 'Cytoplasmic', 'Cytoplasmic']","[0, 0, 0]"
421,HBZOPT,Hydroxybenzoate octaprenyltransferase,Inner Membrane,Cofactor and Prosthetic Group Biosynthesis,0.002,b4040,32512.0,18722.42759,8,[32512.0],[18722.42759],['Inner Membrane'],[8]
422,PNTK,Pantothenate kinase,Cytoplasmic,Cofactor and Prosthetic Group Biosynthesis,1.07,b3974,36360.0,0,0,[36360.0],[0.0],['Cytoplasmic'],[0]
423,DPCOAK,Dephospho-CoA kinase,Cytoplasmic,Cofactor and Prosthetic Group Biosynthesis,0.0387,b0103,22622.0,0,0,[22622.0],[0.0],['Cytoplasmic'],[0]
424,HETZK,Hydroxyethylthiazole kinase,Cytoplasmic,Cofactor and Prosthetic Group Biosynthesis,14.80483333,b2104,27339.0,0,0,[27339.0],[0.0],['Cytoplasmic'],[0]
425,KDOPS,3-deoxy -D-manno-octulosonic -acid 8-phosphate synthase,Cytoplasmic,Lipopolysaccharide Biosynthesis / Recycling,6.1,b1215,30833.0,0,0,[30833.0],[0.0],['Cytoplasmic'],[0]
426,KDOPP,3-deoxy-manno-octulosonate-8-phosphatase,Cytoplasmic,Lipopolysaccharide Biosynthesis / Recycling,1.14,b3198,19997.0,0,0,[19997.0],[0.0],['Cytoplasmic'],[0]
427,AST,Arginine succinyltransferase,Cytoplasmic,Arginine and Proline Metabolism,0.37325,b1747,38456.0,0,0,[38456.0],[0.0],['Cytoplasmic'],[0]
428,SGDS,Succinylglutamate desuccinylase,Cytoplasmic,Arginine and Proline Metabolism,111.8694444,b1744,35800.0,0,0,[35800.0],[0.0],['Cytoplasmic'],[0]
429,CYNTAH,Cyanate aminohydrolase,Cytoplasmic,Nitrogen Metabolism,46000.0,b0340,17049.0,0,0,[17049.0],[0.0],['Cytoplasmic'],[0]
430,GSPMDA,Glutathionylspermidine amidase,Cytoplasmic,Arginine and Proline Metabolism,2.1,b2988,70532.0,0,0,[70532.0],[0.0],['Cytoplasmic'],[0]
431,GSPMDS,Glutathionylspermidine synthetase,Cytoplasmic,Arginine and Proline Metabolism,4.2,b2988,70532.0,0,0,[70532.0],[0.0],['Cytoplasmic'],[0]
432,GUAD,Guanine deaminase,Cytoplasmic,Nucleotide Salvage Pathway,2.7,b2883,50244.0,0,0,[50244.0],[0.0],['Cytoplasmic'],[0]
433,TMAOR1,Trimethylamine N-oxide reductase (menaquinol 8),Inner Membrane,Oxidative Phosphorylation,1203.0,(b0895 and b0896 and b0894) or (b1589 and b1590 and b1588 and b1587),144094.0,17722.26481,8,"[144094.0, 233043.0]","[17722.26481, 18056.4507]","['Inner Membrane', 'Inner Membrane']","[8, 8]"
434,TMAOR2,Trimethylamine N-oxide reductase (demethylmenaquinol 8),Inner Membrane,Oxidative Phosphorylation,1203.0,b0895 and b0896 and b0894,144094.0,17722.26481,8,[144094.0],[17722.26481],['Inner Membrane'],[8]
435,DGK1_f,Deoxyguanylate kinase (dGMP:ATP),Cytoplasmic,Nucleotide Salvage Pathway,510.0,b3648,23593.0,0,0,[23593.0],[0.0],['Cytoplasmic'],[0]
436,DTMPK_f,DTMP kinase,Cytoplasmic,Nucleotide Salvage Pathway,3.0,b1098,23783.0,0,0,[23783.0],[0.0],['Cytoplasmic'],[0]
437,NDPK1_f,Nucleoside-diphosphate kinase (ATP:GDP),Cytoplasmic,Nucleotide Salvage Pathway,458.5,b0474 or b2518,15463.0,0.0,0,"[23586.0, 15463.0]","[0.0, 0.0]","['Cytoplasmic', 'Cytoplasmic']","[0, 0]"
438,TRDR,Thioredoxin reductase (NADPH),Cytoplasmic,Oxidative Phosphorylation,0.25,(b0888 and b3781) or (b2582 and b0888),46430.0,0,0,"[46430.0, 50178.0]","[0.0, 0.0]","['Cytoplasmic', 'Cytoplasmic']","[0, 0]"
439,PGMT_f,Phosphoglucomutase,Cytoplasmic,Alternate Carbon Metabolism,126.8,b2690 or b0688 or b1317,20780.0,0,0,"[20780.0, 58361.0, 23565.0]","[0.0, 0.0, 0.0]","['Cytoplasmic', 'Cytoplasmic', 'Cytoplasmic']","[0, 0, 0]"
440,FRUK,Fructose-1-phosphate kinase,Cytoplasmic,Alternate Carbon Metabolism,14.80483333,b2168,33756.0,0,0,[33756.0],[0.0],['Cytoplasmic'],[0]
441,RHCCE,S-ribosylhomocysteine cleavage enzyme,Cytoplasmic,Methionine Metabolism,0.4,b2687,19416.0,0,0,[19416.0],[0.0],['Cytoplasmic'],[0]
442,KG6PDC,3-keto-L-gulonate 6-phosphate decarboxylase,Cytoplasmic,Alternate Carbon Metabolism,54.25,b4196 or b3581,23445.0,0.0,0,"[23578.0, 23445.0]","[0.0, 0.0]","['Cytoplasmic', 'Cytoplasmic']","[0, 0]"
443,X5PL3E,L-xylulose 5-phosphate 3-epimerase,Cytoplasmic,Alternate Carbon Metabolism,9201.8125,b4197 or b3582,32007.0,0,0,"[32007.0, 32455.0]","[0.0, 0.0]","['Cytoplasmic', 'Cytoplasmic']","[0, 0]"
444,DOGULNR,"2,3 dioxo-L-gulonate reductase",Cytoplasmic,Alternate Carbon Metabolism,213.4339433,b3575,36573.0,0,0,[36573.0],[0.0],['Cytoplasmic'],[0]
445,BETALDHx,Betaine-aldehyde dehydrogenase,Cytoplasmic,Unassigned,49.465,b0312,52911.0,0,0,[52911.0],[0.0],['Cytoplasmic'],[0]
446,BETALDHy,Betaine-aldehyde dehydrogenase,Cytoplasmic,Unassigned,60.384,b0312,52911.0,0,0,[52911.0],[0.0],['Cytoplasmic'],[0]
447,MLTG3,Maltodextrin glucosidase (maltopentaose),Cytoplasmic,Alternate Carbon Metabolism,845.0,b0403,69041.0,0,0,[69041.0],[0.0],['Cytoplasmic'],[0]
448,DKGLCNR1,"2,5-diketo-D-gluconate reductase",Cytoplasmic,Alternate Carbon Metabolism,8.315,b3012 or b0207,29437.0,0.0,0,"[31110.0, 29437.0]","[0.0, 0.0]","['Cytoplasmic', 'Cytoplasmic']","[0, 0]"
449,NADTRHD,NAD transhydrogenase,Cytoplasmic,Oxidative Phosphorylation,167.9,b3962,51560.0,0,0,[51560.0],[0.0],['Cytoplasmic'],[0]
450,FMNRx2,FMN reductase,Cytoplasmic,Cofactor and Prosthetic Group Biosynthesis,263.2083333,b3844 or b0937 or (b2764 and b2763),21253.0,0.0,0,"[26242.0, 21253.0, 130268.0]","[0.0, 0.0, 0.0]","['Cytoplasmic', 'Cytoplasmic', 'Cytoplasmic']","[0, 0, 0]"
451,ACPS1,Acyl-carrier protein synthase,Cytoplasmic,Cofactor and Prosthetic Group Biosynthesis,1.0,b2563 or b3475,14052.0,0,0,"[14052.0, 21768.0]","[0.0, 0.0]","['Cytoplasmic', 'Cytoplasmic']","[0, 0]"
452,EX_nmn_e_f,NMN exchange,Exchange,Extracellular exchange,nan,,0,0,0,[0],[0],['Exchange'],[0]
453,EX_urea_e_f,Urea exchange,Exchange,Extracellular exchange,nan,,0,0,0,[0],[0],['Exchange'],[0]
454,GMPS2,GMP synthase,Cytoplasmic,Purine and Pyrimidine Biosynthesis,0.43,b2507,58679.0,0,0,[58679.0],[0.0],['Cytoplasmic'],[0]
455,AMPN,AMP nucleosidase,Cytoplasmic,Nucleotide Salvage Pathway,60.66666667,b1982,53995.0,0,0,[53995.0],[0.0],['Cytoplasmic'],[0]
456,GSNK,Guanosine kinase,Cytoplasmic,Nucleotide Salvage Pathway,14.80483333,b0477,48449.0,0,0,[48449.0],[0.0],['Cytoplasmic'],[0]
457,EX_f6p_e_f,D-fructose 6-phosphate exchange,Exchange,Extracellular exchange,nan,,0,0,0,[0],[0],['Exchange'],[0]
458,ADCS,4-amino-4-deoxychorismate synthase,Cytoplasmic,Cofactor and Prosthetic Group Biosynthesis,0.67,b1812 and b3360,71742.0,0,0,[71742.0],[0.0],['Cytoplasmic'],[0]
459,ADCL,4-aminobenzoate synthase,Cytoplasmic,Cofactor and Prosthetic Group Biosynthesis,0.82,b1096 or b4039,18777.0,0.0,0,"[29715.0, 18777.0]","[0.0, 0.0]","['Cytoplasmic', 'Cytoplasmic']","[0, 0]"
460,DHAPT,Dihydroxyacetone phosphotransferase,Cytoplasmic,Alternate Carbon Metabolism,2.8,b1200 and b1198 and b2416 and b2415 and b1199,184977.0,0,0,[184977.0],[0.0],['Cytoplasmic'],[0]
461,EX_lac__D_e_f,D-lactate exchange,Exchange,Extracellular exchange,nan,,0,0,0,[0],[0],['Exchange'],[0]
462,UMPK_f,UMP kinase,Cytoplasmic,Nucleotide Salvage Pathway,229.0,b0910 or b0171,24746.0,0,0,"[24746.0, 25970.0]","[0.0, 0.0]","['Cytoplasmic', 'Cytoplasmic']","[0, 0]"
463,DDPGALA_f,2-dehydro-3-deoxy-6-phosphogalactonate aldolase,Cytoplasmic,Alternate Carbon Metabolism,0.94,b4477,21391.0,0,0,[21391.0],[0.0],['Cytoplasmic'],[0]
464,DURIK1,Deoxyuridine kinase (ATP:Deoxyuridine),Cytoplasmic,Nucleotide Salvage Pathway,2.0,b1238,23457.0,0,0,[23457.0],[0.0],['Cytoplasmic'],[0]
465,UPPRT,Uracil phosphoribosyltransferase,Cytoplasmic,Nucleotide Salvage Pathway,0.65,b2498,22533.0,0,0,[22533.0],[0.0],['Cytoplasmic'],[0]
466,CTPS2,CTP synthase (glutamine),Cytoplasmic,Purine and Pyrimidine Biosynthesis,3.851,b2780,60374.0,0,0,[60374.0],[0.0],['Cytoplasmic'],[0]
467,NTD1,5'-nucleotidase (dUMP),Cytoplasmic,Nucleotide Salvage Pathway,5.2,b2744 or b4374 or b2291 or b2361,20255.0,0.0,0,"[26900.0, 25301.0, 22708.0, 20255.0]","[0.0, 0.0, 0.0, 0.0]","['Cytoplasmic', 'Cytoplasmic', 'Cytoplasmic', 'Cytoplasmic']","[0, 0, 0, 0]"
468,NTD7,5'-nucleotidase (AMP),Cytoplasmic,Nucleotide Salvage Pathway,750.0,b2744 or b2361 or b3399 or b0675,20255.0,0.0,0,"[26900.0, 20255.0, 25399.0, 27163.0]","[0.0, 0.0, 0.0, 0.0]","['Cytoplasmic', 'Cytoplasmic', 'Cytoplasmic', 'Cytoplasmic']","[0, 0, 0, 0]"
469,PAPPT3,"Phospho-N-acetylmuramoyl-pentapeptide-transferase (meso-2,6-diaminopimelate)",Inner Membrane,Cell Envelope Biosynthesis,5.315,b0087,39875.0,19051.38889,10,[39875.0],[19051.38889],['Inner Membrane'],[10]
470,UAGPT3,UDP-N-acetylglucosamine-N-acetylmuramyl-(pentapeptide)pyrophosphoryl-undecaprenol N-acetylglucosamine transferase,Cytoplasmic,Cell Envelope Biosynthesis,0.64,b0090,37815.0,0,0,[37815.0],[0.0],['Cytoplasmic'],[0]
471,EX_ttdcea_e_f,Tetradecenoate (n-C14:1) exchange,Exchange,Extracellular exchange,nan,,0,0,0,[0],[0],['Exchange'],[0]
472,F6PA_f,Fructose 6-phosphate aldolase,Cytoplasmic,Glycolysis/Gluconeogenesis,25.7,b0825 or b3946,22997.0,0,0,"[22997.0, 23555.0]","[0.0, 0.0]","['Cytoplasmic', 'Cytoplasmic']","[0, 0]"
473,AGMHE,ADP-D-glycero-D-manno-heptose epimerase,Cytoplasmic,Lipopolysaccharide Biosynthesis / Recycling,9201.8125,b3619,34893.0,0,0,[34893.0],[0.0],['Cytoplasmic'],[0]
474,GMHEPAT,D-glycero-D-manno-hepose 1-phosphate adenyltransferase,Cytoplasmic,Lipopolysaccharide Biosynthesis / Recycling,370.0,b3052,51051.0,0,0,[51051.0],[0.0],['Cytoplasmic'],[0]
475,EX_h2s_e_f,Hydrogen sulfide exchange,Exchange,Extracellular exchange,nan,,0,0,0,[0],[0],['Exchange'],[0]
476,EX_gthrd_e_f,Reduced glutathione exchange,Exchange,Extracellular exchange,nan,,0,0,0,[0],[0],['Exchange'],[0]
477,IDOND_f,L-idonate 5-dehydrogenase,Cytoplasmic,Alternate Carbon Metabolism,213.4339433,b4267,37147.0,0,0,[37147.0],[0.0],['Cytoplasmic'],[0]
478,IDOND2,L-indonate 5-dehydrogenase (NADP),Cytoplasmic,Alternate Carbon Metabolism,7.3275,b4267,37147.0,0,0,[37147.0],[0.0],['Cytoplasmic'],[0]
479,GLYCLTDx,Glycolate dehydrogenase (NAD),Cytoplasmic,Glyoxylate Metabolism,27.275,b3553 or b1033,35343.0,0.0,0,"[35396.0, 35343.0]","[0.0, 0.0]","['Cytoplasmic', 'Cytoplasmic']","[0, 0]"
480,HPYRRy,Hydroxypyruvate reductase (NADPH),Cytoplasmic,Alternate Carbon Metabolism,29.73333333,b1033 or b3553,35343.0,0,0,"[35343.0, 35396.0]","[0.0, 0.0]","['Cytoplasmic', 'Cytoplasmic']","[0, 0]"
481,ACODA,Acetylornithine deacetylase,Cytoplasmic,Arginine and Proline Metabolism,2700.0,b3957,42347.0,0,0,[42347.0],[0.0],['Cytoplasmic'],[0]
482,ADA,Adenosine deaminase,Cytoplasmic,Nucleotide Salvage Pathway,11.5,b1623,36397.0,0,0,[36397.0],[0.0],['Cytoplasmic'],[0]
483,DADA,Deoxyadenosine deaminase,Cytoplasmic,Nucleotide Salvage Pathway,1.42,b1623,36397.0,0,0,[36397.0],[0.0],['Cytoplasmic'],[0]
484,ADD,Adenine deaminase,Cytoplasmic,Nucleotide Salvage Pathway,141.2,b3665,63739.0,0,0,[63739.0],[0.0],['Cytoplasmic'],[0]
485,ADSS,Adenylosuccinate synthase,Cytoplasmic,Purine and Pyrimidine Biosynthesis,1.59,b4177,47345.0,0,0,[47345.0],[0.0],['Cytoplasmic'],[0]
486,AGDC,N-acetylglucosamine-6-phosphate deacetylase,Cytoplasmic,Alternate Carbon Metabolism,95.875,b0677,40949.0,0,0,[40949.0],[0.0],['Cytoplasmic'],[0]
487,ASNN,L-asparaginase,Cytoplasmic,Alanine and Aspartate Metabolism,24.0,b1767 or b0828,33394.0,0.0,0,"[37127.0, 33394.0]","[0.0, 0.0]","['Cytoplasmic', 'Cytoplasmic']","[0, 0]"
488,ASNS2,Asparagine synthetase,Cytoplasmic,Alanine and Aspartate Metabolism,0.82,b3744 or b0674,36651.0,0,0,"[36651.0, 62659.0]","[0.0, 0.0]","['Cytoplasmic', 'Cytoplasmic']","[0, 0]"
489,ASPCT,Aspartate carbamoyltransferase,Cytoplasmic,Purine and Pyrimidine Biosynthesis,417.0,(b4244 and b4245) or b4245,34427.0,0.0,0,"[51548.0, 34427.0]","[0.0, 0.0]","['Cytoplasmic', 'Cytoplasmic']","[0, 0]"
490,DMPPS,1-hydroxy-2-methyl-2-(E)-butenyl 4-diphosphate reductase (dmpp),Cytoplasmic,Cofactor and Prosthetic Group Biosynthesis,3.7,b0029,34775.0,0,0,[34775.0],[0.0],['Cytoplasmic'],[0]
491,MCOATA_f,Malonyl-CoA-ACP transacylase,Cytoplasmic,Membrane Lipid Metabolism,9.1,b1094 and b1092,41057.0,0,0,[41057.0],[0.0],['Cytoplasmic'],[0]
492,IPDPS,1-hydroxy-2-methyl-2-(E)-butenyl 4-diphosphate reductase (ipdp),Cytoplasmic,Cofactor and Prosthetic Group Biosynthesis,3.7,b0029,34775.0,0,0,[34775.0],[0.0],['Cytoplasmic'],[0]
493,DAPE_f,Diaminopimelate epimerase,Cytoplasmic,Threonine and Lysine Metabolism,128.0,b3809,30209.0,0,0,[30209.0],[0.0],['Cytoplasmic'],[0]
494,DHDPRy,Dihydrodipicolinate reductase (NADPH),Cytoplasmic,Threonine and Lysine Metabolism,5.35,b0031,28757.0,0,0,[28757.0],[0.0],['Cytoplasmic'],[0]
495,HSK,Homoserine kinase,Cytoplasmic,Threonine and Lysine Metabolism,18.3,b0003,33624.0,0,0,[33624.0],[0.0],['Cytoplasmic'],[0]
496,SDPTA_f,Succinyldiaminopimelate transaminase,Cytoplasmic,Threonine and Lysine Metabolism,17.13666667,b3359 or b1302 or b1748 or b2662 or b0907,39783.0,0.0,0,"[43767.0, 44729.0, 43665.0, 45775.0, 39783.0]","[0.0, 0.0, 0.0, 0.0, 0.0]","['Cytoplasmic', 'Cytoplasmic', 'Cytoplasmic', 'Cytoplasmic', 'Cytoplasmic']","[0, 0, 0, 0, 0]"
497,THRS,Threonine synthase,Cytoplasmic,Threonine and Lysine Metabolism,5.42,b0004,47114.0,0,0,[47114.0],[0.0],['Cytoplasmic'],[0]
498,HSST,Homoserine O-succinyltransferase,Cytoplasmic,Methionine Metabolism,25.7,b4013,35727.0,0,0,[35727.0],[0.0],['Cytoplasmic'],[0]
499,PPNDH,Prephenate dehydratase,Cytoplasmic,"Tyrosine, Tryptophan, and Phenylalanine Metabolism",48015.625,b2599,43111.0,0,0,[43111.0],[0.0],['Cytoplasmic'],[0]
500,DDPA,3-deoxy-D-arabino-heptulosonate 7-phosphate synthetase,Cytoplasmic,"Tyrosine, Tryptophan, and Phenylalanine Metabolism",122.0,b2601 or b0754 or b1704,38010.0,0.0,0,"[38804.0, 38010.0, 38735.0]","[0.0, 0.0, 0.0]","['Cytoplasmic', 'Cytoplasmic', 'Cytoplasmic']","[0, 0, 0]"
501,NMNDA,Nicotinamide-nucleotide amidase,Cytoplasmic,Cofactor and Prosthetic Group Biosynthesis,4.1,b2700,17582.0,0,0,[17582.0],[0.0],['Cytoplasmic'],[0]
502,NNAM,Nicotinamidase,Cytoplasmic,Cofactor and Prosthetic Group Biosynthesis,11.65,b1768,23362.0,0,0,[23362.0],[0.0],['Cytoplasmic'],[0]
503,P5CD,1-pyrroline-5-carboxylate dehydrogenase,Cytoplasmic,Arginine and Proline Metabolism,5.16,b1014,143815.0,0,0,[143815.0],[0.0],['Cytoplasmic'],[0]
504,SPMDAT1,Spermidine acetyltransferase,Cytoplasmic,Arginine and Proline Metabolism,8.7,b1584,21887.0,0,0,[21887.0],[0.0],['Cytoplasmic'],[0]
505,SPMDAT2,Spermidine acetyltransferase (N8),Cytoplasmic,Arginine and Proline Metabolism,8.7,b1584,21887.0,0,0,[21887.0],[0.0],['Cytoplasmic'],[0]
506,TDPADGAT,"DTDP-4-amino-4,6-dideoxy-D-glucose acetyltransferase",Cytoplasmic,Cell Envelope Biosynthesis,32.4876,b3790,24220.0,0,0,[24220.0],[0.0],['Cytoplasmic'],[0]
507,MALS,Malate synthase,Cytoplasmic,Anaplerotic Reactions,48.1,b4014 or b2976,60274.0,0,0,"[60274.0, 80489.0]","[0.0, 0.0]","['Cytoplasmic', 'Cytoplasmic']","[0, 0]"
508,TRE6PP,Trehalose-phosphatase,Cytoplasmic,Alternate Carbon Metabolism,14.45,b1897,29175.0,0,0,[29175.0],[0.0],['Cytoplasmic'],[0]
509,EX_met__D_e_f,D-Methionine exchange,Exchange,Extracellular exchange,nan,,0,0,0,[0],[0],['Exchange'],[0]
510,EX_tartr__L_e_f,L-tartrate exchange,Exchange,Extracellular exchange,nan,,0,0,0,[0],[0],['Exchange'],[0]
511,EX_taur_e_f,Taurine exchange,Exchange,Extracellular exchange,nan,,0,0,0,[0],[0],['Exchange'],[0]
512,EX_maltpt_e_f,Maltopentaose exchange,Exchange,Extracellular exchange,nan,,0,0,0,[0],[0],['Exchange'],[0]
513,EX_glcur_e_f,D-Glucuronate exchange,Exchange,Extracellular exchange,nan,,0,0,0,[0],[0],['Exchange'],[0]
514,ADPRDP,ADPribose diphosphatase,Cytoplasmic,Nucleotide Salvage Pathway,11.6,b3397 or b3034,21153.0,0,0,"[21153.0, 23667.0]","[0.0, 0.0]","['Cytoplasmic', 'Cytoplasmic']","[0, 0]"
515,ARAI_f,L-arabinose isomerase,Cytoplasmic,Alternate Carbon Metabolism,23.65,b0062,56074.0,0,0,[56074.0],[0.0],['Cytoplasmic'],[0]
516,M1PD_f,Mannitol-1-phosphate 5-dehydrogenase,Cytoplasmic,Alternate Carbon Metabolism,9.55,b3600,41139.0,0,0,[41139.0],[0.0],['Cytoplasmic'],[0]
517,G3PD2_f,Glycerol-3-phosphate dehydrogenase (NADP),Cytoplasmic,Alternate Carbon Metabolism,113.1567,b3608,36362.0,0,0,[36362.0],[0.0],['Cytoplasmic'],[0]
518,GALS3,A-galactosidase (melibiose),Cytoplasmic,Alternate Carbon Metabolism,7.3875,b4119,50657.0,0,0,[50657.0],[0.0],['Cytoplasmic'],[0]
519,FCI_f,L-fucose isomerase,Cytoplasmic,Alternate Carbon Metabolism,0.0287,b2802,64977.0,0,0,[64977.0],[0.0],['Cytoplasmic'],[0]
520,FCLK,L-fuculokinase,Cytoplasmic,Alternate Carbon Metabolism,14.80483333,b2803,52259.0,0,0,[52259.0],[0.0],['Cytoplasmic'],[0]
521,FCLPA_f,L-fuculose 1-phosphate aldolase,Cytoplasmic,Alternate Carbon Metabolism,19.0,b2738 or b2800,23222.0,0,0,"[23222.0, 23775.0]","[0.0, 0.0]","['Cytoplasmic', 'Cytoplasmic']","[0, 0]"
522,ACCOAL,Acetate-CoA ligase (ADP-forming),Cytoplasmic,Alternate Carbon Metabolism,51.46666667,b4069 or b0335,69351.0,0.0,0,"[72094.0, 69351.0]","[0.0, 0.0]","['Cytoplasmic', 'Cytoplasmic']","[0, 0]"
523,GALUi,UTP-glucose-1-phosphate uridylyltransferase (irreversible),Cytoplasmic,Cell Envelope Biosynthesis,23.876,b1236,32942.0,0,0,[32942.0],[0.0],['Cytoplasmic'],[0]
524,U23GAAT,UDP-3-O-(3-hydroxymyristoyl)glucosamine acyltransferase,Cytoplasmic,Lipopolysaccharide Biosynthesis / Recycling,23.0,b0179,36038.0,0,0,[36038.0],[0.0],['Cytoplasmic'],[0]
525,UAAGDS,"UDP-N-acetylmuramoyl-L-alanyl-D-glutamyl-meso-2,6-diaminopimelate synthetase",Cytoplasmic,Cell Envelope Biosynthesis,1.3,b0085,53344.0,0,0,[53344.0],[0.0],['Cytoplasmic'],[0]
526,UAMAS,UDP-N-acetylmuramoyl-L-alanine synthetase,Cytoplasmic,Cell Envelope Biosynthesis,16.61666667,b0091,53626.0,0,0,[53626.0],[0.0],['Cytoplasmic'],[0]
527,UAMAGS,UDP-N-acetylmuramoyl-L-alanyl-D-glutamate synthetase,Cytoplasmic,Cell Envelope Biosynthesis,19.6,b0088,46974.0,0,0,[46974.0],[0.0],['Cytoplasmic'],[0]
528,UGLYCH,Ureidoglycolate hydrolase,Cytoplasmic,Nitrogen Metabolism,0.018,b0505,18170.0,0,0,[18170.0],[0.0],['Cytoplasmic'],[0]
529,OP4ENH,2-oxopent-4-enoate hydratase,Cytoplasmic,Alternate Carbon Metabolism,60.5,b0350,28890.0,0,0,[28890.0],[0.0],['Cytoplasmic'],[0]
530,HOPNTAL,4-hydroxy-2-oxopentanoate aldolase,Cytoplasmic,Alternate Carbon Metabolism,5.6,b0352,36470.0,0,0,[36470.0],[0.0],['Cytoplasmic'],[0]
531,3HPPPNH,3-(3-hydroxy-phenyl)propionate hydroxylase,Cytoplasmic,Alternate Carbon Metabolism,117.0090215,b0347,62186.0,0,0,[62186.0],[0.0],['Cytoplasmic'],[0]
532,AKGDH,2-Oxogluterate dehydrogenase,Cytoplasmic,Citric Acid Cycle,1.2,b0727 and b0116 and b0726,199761.0,0,0,[199761.0],[0.0],['Cytoplasmic'],[0]
533,HPYRRx,Hydroxypyruvate reductase (NADH),Cytoplasmic,Alternate Carbon Metabolism,29.73333333,b1033 or b3553,35343.0,0,0,"[35343.0, 35396.0]","[0.0, 0.0]","['Cytoplasmic', 'Cytoplasmic']","[0, 0]"
534,GLYCDx,Glycerol dehydrogenase,Cytoplasmic,Alternate Carbon Metabolism,2.71,b3945,38712.0,0,0,[38712.0],[0.0],['Cytoplasmic'],[0]
535,ASP1DC,Aspartate 1-decarboxylase,Cytoplasmic,Cofactor and Prosthetic Group Biosynthesis,0.57,b0131,13834.0,0,0,[13834.0],[0.0],['Cytoplasmic'],[0]
536,UGMDDS,"UDP-N-acetylmuramoyl-L-alanyl-D-glutamyl-meso-2,6-diaminopimeloyl-D-alanyl-D-alanine synthetase",Cytoplasmic,Cell Envelope Biosynthesis,19.6,b0086,47447.0,0,0,[47447.0],[0.0],['Cytoplasmic'],[0]
537,UHGADA,UDP-3-O-acetylglucosamine deacetylase,Cytoplasmic,Lipopolysaccharide Biosynthesis / Recycling,1.5,b0096,33956.0,0,0,[33956.0],[0.0],['Cytoplasmic'],[0]
538,UAGAAT_f,UDP-N-acetylglucosamine acyltransferase,Cytoplasmic,Lipopolysaccharide Biosynthesis / Recycling,9.166666667,b1094 and b0181,36720.0,0,0,[36720.0],[0.0],['Cytoplasmic'],[0]
539,ATPPRT,ATP phosphoribosyltransferase,Cytoplasmic,Histidine Metabolism,2.7,b2019,33367.0,0,0,[33367.0],[0.0],['Cytoplasmic'],[0]
540,HISTD,Histidinol dehydrogenase,Cytoplasmic,Histidine Metabolism,1.136166667,b2020,46110.0,0,0,[46110.0],[0.0],['Cytoplasmic'],[0]
541,IGPDH,Imidazoleglycerol-phosphate dehydratase,Cytoplasmic,Histidine Metabolism,1000.0,b2022,40278.0,0,0,[40278.0],[0.0],['Cytoplasmic'],[0]
542,PRPPS_f,Phosphoribosylpyrophosphate synthetase,Cytoplasmic,Histidine Metabolism,0.66,b1207,34218.0,0,0,[34218.0],[0.0],['Cytoplasmic'],[0]
543,PRATPP,Phosphoribosyl-ATP pyrophosphatase,Cytoplasmic,Histidine Metabolism,90.13177273,b2026,22756.0,0,0,[22756.0],[0.0],['Cytoplasmic'],[0]
544,PRMICI_f,1-(5-phosphoribosyl)-5-[(5-phosphoribosylamino)methylideneamino)imidazole-4-carboxamide isomerase,Cytoplasmic,Histidine Metabolism,14.3,b2024,26033.0,0,0,[26033.0],[0.0],['Cytoplasmic'],[0]
545,SERAT_f,Serine O-acetyltransferase,Cytoplasmic,Cysteine Metabolism,40.1,b3607,29317.0,0,0,[29317.0],[0.0],['Cytoplasmic'],[0]
546,CYSS,Cysteine synthase,Cytoplasmic,Cysteine Metabolism,24.0,b2421 or b2414,32664.0,0,0,"[32664.0, 34490.0]","[0.0, 0.0]","['Cytoplasmic', 'Cytoplasmic']","[0, 0]"
547,BPNT,"3',5'-bisphosphate nucleotidase",Cytoplasmic,Cysteine Metabolism,11.4,b4214,27176.0,0,0,[27176.0],[0.0],['Cytoplasmic'],[0]
548,PAPSR,Phosphoadenylyl-sulfate reductase (thioredoxin),Cytoplasmic,Cysteine Metabolism,3.5,(b2582 and b2762) or (b3781 and b2762),39783.0,0.0,0,"[43531.0, 39783.0]","[0.0, 0.0]","['Cytoplasmic', 'Cytoplasmic']","[0, 0]"
549,ASPK_f,Aspartate kinase,Cytoplasmic,Threonine and Lysine Metabolism,28.05,b0002 or b3940 or b4024,48532.0,0.0,0,"[89120.0, 88888.0, 48532.0]","[0.0, 0.0, 0.0]","['Cytoplasmic', 'Cytoplasmic', 'Cytoplasmic']","[0, 0, 0]"
550,ASAD_f,Aspartate-semialdehyde dehydrogenase,Cytoplasmic,Threonine and Lysine Metabolism,249.6225,b3433,40018.0,0,0,[40018.0],[0.0],['Cytoplasmic'],[0]
551,DAPDC,Diaminopimelate decarboxylase,Cytoplasmic,Threonine and Lysine Metabolism,4.45,b2838,46177.0,0,0,[46177.0],[0.0],['Cytoplasmic'],[0]
552,EX_mmet_e_f,S-Methyl-L-methionine exchange,Exchange,Extracellular exchange,nan,,0,0,0,[0],[0],['Exchange'],[0]
553,METAT,Methionine adenosyltransferase,Cytoplasmic,Methionine Metabolism,1.5,b2942,41952.0,0,0,[41952.0],[0.0],['Cytoplasmic'],[0]
554,ASCBPL,L-ascorbate 6-phosphate lactonase,Cytoplasmic,Alternate Carbon Metabolism,6.04,b4192,40061.0,0,0,[40061.0],[0.0],['Cytoplasmic'],[0]
555,ACBIPGT,Adenosyl cobinamide phosphate guanyltransferase,Cytoplasmic,Cofactor and Prosthetic Group Biosynthesis,0.058,b1993,20164.0,0,0,[20164.0],[0.0],['Cytoplasmic'],[0]
556,ADOCBLS,Adenosylcobalamin 5'-phosphate synthase,Inner Membrane,Cofactor and Prosthetic Group Biosynthesis,0.67,b1992,26386.0,11216.72065,5,[26386.0],[11216.72065],['Inner Membrane'],[5]
557,ADOCBIK,Adenosyl cobinamide kinase,Cytoplasmic,Cofactor and Prosthetic Group Biosynthesis,0.191,b1993,20164.0,0,0,[20164.0],[0.0],['Cytoplasmic'],[0]
558,TMPK,Thiamine-phosphate kinase,Cytoplasmic,Cofactor and Prosthetic Group Biosynthesis,0.063,b0417,35071.0,0,0,[35071.0],[0.0],['Cytoplasmic'],[0]
559,HPPPNDO,"2,3-dihydroxypheylpropionate 1,2-dioxygenase",Cytoplasmic,Alternate Carbon Metabolism,29.0,b0348,34196.0,0,0,[34196.0],[0.0],['Cytoplasmic'],[0]
560,DHCINDO,"2,3-dihydroxycinnamate 1,2-dioxygenase",Cytoplasmic,Alternate Carbon Metabolism,29.0,b0348,34196.0,0,0,[34196.0],[0.0],['Cytoplasmic'],[0]
561,HKNDDH,"2-hydroxy-6-ketonona-2,4-dienedioic acid hydrolase",Cytoplasmic,Alternate Carbon Metabolism,2.0,b0349,31937.0,0,0,[31937.0],[0.0],['Cytoplasmic'],[0]
562,HKNTDH,2-hydroxy-6-ketononotrienedioate hydrolase,Cytoplasmic,Alternate Carbon Metabolism,2.0,b0349,31937.0,0,0,[31937.0],[0.0],['Cytoplasmic'],[0]
563,GLYCK2,Glycerate kinase,Cytoplasmic,Glycine and Serine Metabolism,62.68985714,b3124,39104.0,0,0,[39104.0],[0.0],['Cytoplasmic'],[0]
564,ENTCS,Enterochelin synthase,Cytoplasmic,Cofactor and Prosthetic Group Biosynthesis,1.0,b0583,23259.0,0,0,[23259.0],[0.0],['Cytoplasmic'],[0]
565,SULR,Sulfite reductase (NADPH2),Cytoplasmic,Cysteine Metabolism,189.3611111,b2764 and b2763,130268.0,0,0,[130268.0],[0.0],['Cytoplasmic'],[0]
566,MANPGH,2-O-alpha-mannosyl-6-phosphate-D-glycerate hydrolase,Cytoplasmic,Alternate Carbon Metabolism,72.26175,b0732,100015.0,0,0,[100015.0],[0.0],['Cytoplasmic'],[0]
567,URDGLYCD,Ureidoglycolate dehydrogenase,Cytoplasmic,Alternate Carbon Metabolism,59.725,b0517,37967.0,0,0,[37967.0],[0.0],['Cytoplasmic'],[0]
568,CBMKr_f,Carbamate kinase,Cytoplasmic,Nitrogen Metabolism,319.0,b0521,31644.0,0,0,[31644.0],[0.0],['Cytoplasmic'],[0]
569,AMANAPEr_f,N-acetylmannosamine 6-phosphate epimerase,Cytoplasmic,Alternate Carbon Metabolism,9201.8125,b3223,24074.0,0,0,[24074.0],[0.0],['Cytoplasmic'],[0]
570,ACM6PH,N-acetylmuramate 6-phosphate hydrolase,Cytoplasmic,Alternate Carbon Metabolism,5.7,b2428,31220.0,0,0,[31220.0],[0.0],['Cytoplasmic'],[0]
571,NNATr_f,Nicotinate-nucleotide adenylyltransferase,Cytoplasmic,Nucleotide Salvage Pathway,5.5,b0639,24528.0,0,0,[24528.0],[0.0],['Cytoplasmic'],[0]
572,CYTDH,Cytidine hydrolase,Cytoplasmic,Alternate Carbon Metabolism,11.6,b2162 or b0651 or b0030,32561.0,0.0,0,"[33748.0, 33823.0, 32561.0]","[0.0, 0.0, 0.0]","['Cytoplasmic', 'Cytoplasmic', 'Cytoplasmic']","[0, 0, 0]"
573,PSERT,Phosphoserine transaminase,Cytoplasmic,Glycine and Serine Metabolism,1.54,b0907,39783.0,0,0,[39783.0],[0.0],['Cytoplasmic'],[0]
574,AIRC2,Phosphoribosylaminoimidazole carboxylase,Cytoplasmic,Purine and Pyrimidine Biosynthesis,5.9,b0522,39461.0,0,0,[39461.0],[0.0],['Cytoplasmic'],[0]
575,GAPD_f,Glyceraldehyde-3-phosphate dehydrogenase,Cytoplasmic,Glycolysis/Gluconeogenesis,70.0,b1779,35532.0,0,0,[35532.0],[0.0],['Cytoplasmic'],[0]
576,HEX1,Hexokinase (D-glucose:ATP),Cytoplasmic,Glycolysis/Gluconeogenesis,110.075,b2388,34723.0,0,0,[34723.0],[0.0],['Cytoplasmic'],[0]
577,GND,Phosphogluconate dehydrogenase,Cytoplasmic,Pentose Phosphate Pathway,98.0,b2029,51481.0,0,0,[51481.0],[0.0],['Cytoplasmic'],[0]
578,TAUDO,Taurine dioxygenase,Cytoplasmic,Alternate Carbon Metabolism,3.3,b0368,32410.0,0,0,[32410.0],[0.0],['Cytoplasmic'],[0]
579,DM_amob_c,Sink needed to allow S-Adenosyl-4-methylthio-2-oxobutanoate to leave system,Cytoplasmic,Intracellular demand,nan,,0,0,0,[0],[0],['Cytoplasmic'],[0]
580,ME2,Malic enzyme (NADP),Cytoplasmic,Anaplerotic Reactions,66.6,b2463,82417.0,0,0,[82417.0],[0.0],['Cytoplasmic'],[0]
581,ARGSL_f,Argininosuccinate lyase,Cytoplasmic,Arginine and Proline Metabolism,1359.545,b3960,50318.0,0,0,[50318.0],[0.0],['Cytoplasmic'],[0]
582,CBPS,Carbamoyl-phosphate synthase (glutamine-hydrolysing),Cytoplasmic,Arginine and Proline Metabolism,3.653333333,b0032 and b0033,159273.0,0,0,[159273.0],[0.0],['Cytoplasmic'],[0]
583,GLU5K,Glutamate 5-kinase,Cytoplasmic,Arginine and Proline Metabolism,908.0,b0242,39057.0,0,0,[39057.0],[0.0],['Cytoplasmic'],[0]
584,IPPS,2-isopropylmalate synthase,Cytoplasmic,"Valine, Leucine, and Isoleucine Metabolism",330.0,b0074,57298.0,0,0,[57298.0],[0.0],['Cytoplasmic'],[0]
585,EX_mg2_e_f,Mg exchange,Exchange,Extracellular exchange,nan,,0,0,0,[0],[0],['Exchange'],[0]
586,ACOATA_f,Acetyl-CoA ACP transacylase,Cytoplasmic,Membrane Lipid Metabolism,3.765,b1094 and b1091,42155.0,0,0,[42155.0],[0.0],['Cytoplasmic'],[0]
587,MLTG2,Maltodextrin glucosidase (maltotetraose),Cytoplasmic,Alternate Carbon Metabolism,845.0,b0403,69041.0,0,0,[69041.0],[0.0],['Cytoplasmic'],[0]
588,MLTG1,Maltodextrin glucosidase (maltotriose),Cytoplasmic,Alternate Carbon Metabolism,26.6,b0403,69041.0,0,0,[69041.0],[0.0],['Cytoplasmic'],[0]
589,AMALT3,Amylomaltase (maltopentaose),Cytoplasmic,Alternate Carbon Metabolism,1.3,b3416,78503.0,0,0,[78503.0],[0.0],['Cytoplasmic'],[0]
590,MLTP3_f,Maltodextrin phosphorylase (maltoheptaose),Cytoplasmic,Alternate Carbon Metabolism,47.0,b3417,90522.0,0,0,[90522.0],[0.0],['Cytoplasmic'],[0]
591,SPODM,Superoxide dismutase,Cytoplasmic,Unassigned,22300.0,b3908 or b1656,21266.0,0.0,0,"[23097.0, 21266.0]","[0.0, 0.0]","['Cytoplasmic', 'Cytoplasmic']","[0, 0]"
592,AHCYSNS,S-adenosylhomocysteine nucleosidase,Cytoplasmic,Methionine Metabolism,2.1,b0159,24354.0,0,0,[24354.0],[0.0],['Cytoplasmic'],[0]
593,TMK,Thiamine kinase,Cytoplasmic,Cofactor and Prosthetic Group Biosynthesis,14.80483333,b1106,32397.0,0,0,[32397.0],[0.0],['Cytoplasmic'],[0]
594,NTPP4,Nucleoside triphosphate pyrophosphorylase (ctp),Cytoplasmic,Nucleotide Salvage Pathway,25.8,b1759 or b2781,15046.0,0,0,"[15046.0, 30412.0]","[0.0, 0.0]","['Cytoplasmic', 'Cytoplasmic']","[0, 0]"
595,NTPP3,Nucleoside triphosphate pyrophosphorylase (dctp),Cytoplasmic,Nucleotide Salvage Pathway,14.3,b2251 or b2781 or b1759,15046.0,0.0,0,"[16371.0, 30412.0, 15046.0]","[0.0, 0.0, 0.0]","['Cytoplasmic', 'Cytoplasmic', 'Cytoplasmic']","[0, 0, 0]"
596,NTPP6,Nucleoside triphosphate pyrophosphorylase (atp),Cytoplasmic,Nucleotide Salvage Pathway,8.6095,b2781 or b0905,30412.0,0,0,"[30412.0, 65652.0]","[0.0, 0.0]","['Cytoplasmic', 'Cytoplasmic']","[0, 0]"
597,NTPP7,Nucleoside triphosphate pyrophosphorylase (dttp),Cytoplasmic,Nucleotide Salvage Pathway,90.13177273,b2781 or b2251 or b3248,16371.0,0.0,0,"[30412.0, 16371.0, 21515.0]","[0.0, 0.0, 0.0]","['Cytoplasmic', 'Cytoplasmic', 'Cytoplasmic']","[0, 0, 0]"
598,NTPP8,Nucleoside triphosphate pyrophosphorylase (utp),Cytoplasmic,Nucleotide Salvage Pathway,95.0,b2781 or b3248,21515.0,0.0,0,"[30412.0, 21515.0]","[0.0, 0.0]","['Cytoplasmic', 'Cytoplasmic']","[0, 0]"
599,P5CR,Pyrroline-5-carboxylate reductase,Cytoplasmic,Arginine and Proline Metabolism,148.3333333,b0386,28145.0,0,0,[28145.0],[0.0],['Cytoplasmic'],[0]
600,CYANST,Cyanide sulfurtransferase,Cytoplasmic,Unassigned,230.0,b3425 or b2668 or b2521,12082.0,0.0,0,"[12082.0, 18639.0, 30812.0]","[0.0, 4499.068966, 0.0]","['Cytoplasmic', 'Inner Membrane', 'Cytoplasmic']","[0, 2, 0]"
601,DHPPDA2,Diaminohydroxyphosphoribosylaminopryrimidine deaminase (25drapp),Cytoplasmic,Cofactor and Prosthetic Group Biosynthesis,38.69725,b0414,40338.0,0,0,[40338.0],[0.0],['Cytoplasmic'],[0]
602,G5SADs,L-glutamate 5-semialdehyde dehydratase (spontaneous),Inner Membrane,Arginine and Proline Metabolism,nan,s0001,0,0,0,[0.0],[0.0],['Inner Membrane'],[0]
603,GMAND,GDP-D-mannose dehydratase,Cytoplasmic,Cell Envelope Biosynthesis,5.0,b2053,42047.0,0,0,[42047.0],[0.0],['Cytoplasmic'],[0]
604,PPCSCT,Propanoyl-CoA: succinate CoA-transferase,Cytoplasmic,Alternate Carbon Metabolism,70.9,b2920,53824.0,0,0,[53824.0],[0.0],['Cytoplasmic'],[0]
605,CYTD,Cytidine deaminase,Cytoplasmic,Nucleotide Salvage Pathway,4.8,b2143,31540.0,0,0,[31540.0],[0.0],['Cytoplasmic'],[0]
606,DCYTD,Deoxycytidine deaminase,Cytoplasmic,Nucleotide Salvage Pathway,3.5,b2143,31540.0,0,0,[31540.0],[0.0],['Cytoplasmic'],[0]
607,DBTS,Dethiobiotin synthase,Cytoplasmic,Cofactor and Prosthetic Group Biosynthesis,0.64,b0778,24140.0,0,0,[24140.0],[0.0],['Cytoplasmic'],[0]
608,DCTPD,DCTP deaminase,Cytoplasmic,Nucleotide Salvage Pathway,1.24,b2065,21249.0,0,0,[21249.0],[0.0],['Cytoplasmic'],[0]
609,DHDPS,Dihydrodipicolinate synthase,Cytoplasmic,Threonine and Lysine Metabolism,36.2,b2478,31270.0,0,0,[31270.0],[0.0],['Cytoplasmic'],[0]
610,G1PACT,Glucosamine-1-phosphate N-acetyltransferase,Cytoplasmic,Cell Envelope Biosynthesis,840.5,b3730,49190.0,0,0,[49190.0],[0.0],['Cytoplasmic'],[0]
611,GART,GAR transformylase-T,Cytoplasmic,Purine and Pyrimidine Biosynthesis,16.78547619,b1849,42434.0,0,0,[42434.0],[0.0],['Cytoplasmic'],[0]
612,CSND,Cytosine deaminase,Cytoplasmic,Nucleotide Salvage Pathway,165.0,b0337,47591.0,0,0,[47591.0],[0.0],['Cytoplasmic'],[0]
613,GF6PTA,Glutamine-fructose-6-phosphate transaminase,Cytoplasmic,Cell Envelope Biosynthesis,15.81,b3729,66894.0,0,0,[66894.0],[0.0],['Cytoplasmic'],[0]
614,H2SO,Hydrogen sulfide oxidation,Cytoplasmic,Inorganic Ion Transport and Metabolism,nan,,0,0,0,[0],[0],['Cytoplasmic'],[0]
615,GLUCYS,Gamma-glutamylcysteine synthetase,Cytoplasmic,Cofactor and Prosthetic Group Biosynthesis,33.31666667,b2688,58269.0,0,0,[58269.0],[0.0],['Cytoplasmic'],[0]
616,GLUN,Glutaminase,Cytoplasmic,Glutamate Metabolism,487.4666667,b0485 or b1524,32903.0,0,0,"[32903.0, 33516.0]","[0.0, 0.0]","['Cytoplasmic', 'Cytoplasmic']","[0, 0]"
617,GLUPRT,Glutamine phosphoribosyldiphosphate amidotransferase,Cytoplasmic,Purine and Pyrimidine Biosynthesis,58.2,b2312,56488.0,0,0,[56488.0],[0.0],['Cytoplasmic'],[0]
618,GMPR,GMP reductase,Cytoplasmic,Purine and Pyrimidine Biosynthesis,0.28,b0104,37384.0,0,0,[37384.0],[0.0],['Cytoplasmic'],[0]
619,NADS1,NAD synthase (nh3),Cytoplasmic,Cofactor and Prosthetic Group Biosynthesis,0.2,b1740,30637.0,0,0,[30637.0],[0.0],['Cytoplasmic'],[0]
620,NTRIR2x,Nitrite Reductase (NADH),Cytoplasmic,Oxidative Phosphorylation,845.0,b3366 and b3365,105405.0,0,0,[105405.0],[0.0],['Cytoplasmic'],[0]
621,OCBT_f,Ornithine carbamoyltransferase,Cytoplasmic,Arginine and Proline Metabolism,88.1,b4254 or b0273,36827.0,0.0,0,"[36907.0, 36827.0]","[0.0, 0.0]","['Cytoplasmic', 'Cytoplasmic']","[0, 0]"
622,GARFT_f,Phosphoribosylglycinamide formyltransferase,Cytoplasmic,Purine and Pyrimidine Biosynthesis,13.5,b2500,23238.0,0,0,[23238.0],[0.0],['Cytoplasmic'],[0]
623,GPDDA1,Glycerophosphodiester phosphodiesterase (Glycerophosphocholine),Cytoplasmic,Glycerophospholipid Metabolism,3.2,b3449,27410.0,0,0,[27410.0],[0.0],['Cytoplasmic'],[0]
624,GPDDA2,Glycerophosphodiester phosphodiesterase (Glycerophosphoethanolamine),Cytoplasmic,Glycerophospholipid Metabolism,1.1,b3449,27410.0,0,0,[27410.0],[0.0],['Cytoplasmic'],[0]
625,PHETA1_f,Phenylalanine transaminase,Cytoplasmic,"Tyrosine, Tryptophan, and Phenylalanine Metabolism",109.555,b4054 or b0928 or b3770,34094.0,0.0,0,"[43538.0, 43573.0, 34094.0]","[0.0, 0.0, 0.0]","['Cytoplasmic', 'Cytoplasmic', 'Cytoplasmic']","[0, 0, 0]"
626,PPND,Prephenate dehydrogenase,Cytoplasmic,"Tyrosine, Tryptophan, and Phenylalanine Metabolism",27.36,b2600,42043.0,0,0,[42043.0],[0.0],['Cytoplasmic'],[0]
627,TRPS1,Tryptophan synthase (indoleglycerol phosphate),Cytoplasmic,"Tyrosine, Tryptophan, and Phenylalanine Metabolism",2.1925,b1260 and b1261,71707.0,0,0,[71707.0],[0.0],['Cytoplasmic'],[0]
628,PRAMPC,Phosphoribosyl-AMP cyclohydrolase,Cytoplasmic,Histidine Metabolism,3.345,b2026,22756.0,0,0,[22756.0],[0.0],['Cytoplasmic'],[0]
629,MCITL2_f,Methylisocitrate lyase,Cytoplasmic,Alternate Carbon Metabolism,19.0,b0331,32135.0,0,0,[32135.0],[0.0],['Cytoplasmic'],[0]
630,DXYLK,1-Deoxy-D-xylulose kinase,Cytoplasmic,Cofactor and Prosthetic Group Biosynthesis,0.5,b3564,52618.0,0,0,[52618.0],[0.0],['Cytoplasmic'],[0]
631,MDH3,Malate dehydrogenase (menaquinone 8 as acceptor),Cytoplasmic,Citric Acid Cycle,138.5,b2210,60230.0,0,0,[60230.0],[0.0],['Cytoplasmic'],[0]
632,SOTA,Succinylornithine transaminase,Cytoplasmic,Arginine and Proline Metabolism,3.0,b1748,43665.0,0,0,[43665.0],[0.0],['Cytoplasmic'],[0]
633,SGSAD,Succinylglutamic semialdehyde dehydrogenase,Cytoplasmic,Arginine and Proline Metabolism,69.0,b1746,53026.0,0,0,[53026.0],[0.0],['Cytoplasmic'],[0]
634,PTA2,Phosphate acetyltransferase,Cytoplasmic,Alternate Carbon Metabolism,1500.0,b2297,77172.0,0,0,[77172.0],[0.0],['Cytoplasmic'],[0]
635,MDH2,Malate dehydrogenase (ubiquinone 8 as acceptor),Cytoplasmic,Citric Acid Cycle,138.5,b2210,60230.0,0,0,[60230.0],[0.0],['Cytoplasmic'],[0]
636,ACOTA_f,Acetylornithine transaminase,Cytoplasmic,Arginine and Proline Metabolism,4.7,b1748 or b3359 or b2662 or b1302,43665.0,0,0,"[43665.0, 43767.0, 45775.0, 44729.0]","[0.0, 0.0, 0.0, 0.0]","['Cytoplasmic', 'Cytoplasmic', 'Cytoplasmic', 'Cytoplasmic']","[0, 0, 0, 0]"
637,GPDDA5,Glycerophosphodiester phosphodiesterase (Glycerophosphoinositol),Cytoplasmic,Glycerophospholipid Metabolism,3.2,b3449,27410.0,0,0,[27410.0],[0.0],['Cytoplasmic'],[0]
638,PDX5PS,Pyridoxine 5'-phosphate synthase,Cytoplasmic,Cofactor and Prosthetic Group Biosynthesis,1.4,b2564 and b0052,61498.0,0,0,[61498.0],[0.0],['Cytoplasmic'],[0]
639,PPBNGS,Porphobilinogen synthase,Cytoplasmic,Cofactor and Prosthetic Group Biosynthesis,16.1,b0369,35625.0,0,0,[35625.0],[0.0],['Cytoplasmic'],[0]
640,PPNCL2,Phosphopantothenate-cysteine ligase,Cytoplasmic,Cofactor and Prosthetic Group Biosynthesis,0.88,b3639,43438.0,0,0,[43438.0],[0.0],['Cytoplasmic'],[0]
641,PRAGSr_f,Phosphoribosylglycinamide synthase,Cytoplasmic,Purine and Pyrimidine Biosynthesis,7.0,b4005,45940.0,0,0,[45940.0],[0.0],['Cytoplasmic'],[0]
642,PRFGS,Phosphoribosylformylglycinamidine synthase,Cytoplasmic,Purine and Pyrimidine Biosynthesis,2.5,b2557,141403.0,0,0,[141403.0],[0.0],['Cytoplasmic'],[0]
643,EX_acac_e_f,Acetoacetate exchange,Exchange,Extracellular exchange,nan,,0,0,0,[0],[0],['Exchange'],[0]
644,ETHAAL,Ethanolamine ammonia-lyase,Cytoplasmic,Cell Envelope Biosynthesis,605.0,b2441 and b2440,81185.0,0,0,[81185.0],[0.0],['Cytoplasmic'],[0]
645,MAN1PT2,Mannose-1-phosphate guanylyltransferase (GDP),Cytoplasmic,Cell Envelope Biosynthesis,22.1,b2049,53016.0,0,0,[53016.0],[0.0],['Cytoplasmic'],[0]
646,AP4AH,Ap4A hydrolase,Cytoplasmic,Nucleotide Salvage Pathway,250.0,b0049,31297.0,0,0,[31297.0],[0.0],['Cytoplasmic'],[0]
647,AP5AH,Ap5A hydrolase,Cytoplasmic,Nucleotide Salvage Pathway,250.0,b0049,31297.0,0,0,[31297.0],[0.0],['Cytoplasmic'],[0]
648,ADNCYC,Adenylate cyclase,Cytoplasmic,Nucleotide Salvage Pathway,1.67,b3806,97586.0,0,0,[97586.0],[0.0],['Cytoplasmic'],[0]
649,MI1PP,Myo-inositol 1-phosphatase,Cytoplasmic,Cell Envelope Biosynthesis,2.445,b2533,29172.0,0,0,[29172.0],[0.0],['Cytoplasmic'],[0]
650,MCITS,2-methylcitrate synthase,Cytoplasmic,Alternate Carbon Metabolism,8.25,b0333,43102.0,0,0,[43102.0],[0.0],['Cytoplasmic'],[0]
651,PPAKr_f,Propionate kinase,Cytoplasmic,Alternate Carbon Metabolism,120.0,b3115,43384.0,0,0,[43384.0],[0.0],['Cytoplasmic'],[0]
652,NTP3,Nucleoside-triphosphatase (GTP),Cytoplasmic,Nucleotide Salvage Pathway,1.1515,b4161 or b4352 or b2727 or b2918 or b2173 or b3590 or b4173,31565.0,0.0,0,"[39193.0, 35660.0, 31565.0, 36704.0, 36113.0, 68867.0, 48327.0]","[0.0, 0.0, 0.0, 0.0, 0.0, 0.0, 0.0]","['Cytoplasmic', 'Cytoplasmic', 'Cytoplasmic', 'Cytoplasmic', 'Cytoplasmic', 'Cytoplasmic', 'Cytoplasmic']","[0, 0, 0, 0, 0, 0, 0]"
653,PPM2_f,Phosphopentomutase 2 (deoxyribose),Cytoplasmic,Alternate Carbon Metabolism,173.0,b4383,44370.0,0,0,[44370.0],[0.0],['Cytoplasmic'],[0]
654,MOAT2,3-deoxy-D-manno-octulosonic acid transferase,Inner Membrane,Lipopolysaccharide Biosynthesis / Recycling,2.866666667,b3633,47291.0,2336.731765,1,[47291.0],[2336.731765],['Inner Membrane'],[1]
655,EX_adn_e_f,Adenosine exchange,Exchange,Extracellular exchange,nan,,0,0,0,[0],[0],['Exchange'],[0]
656,EX_ins_e_f,Inosine exchange,Exchange,Extracellular exchange,nan,,0,0,0,[0],[0],['Exchange'],[0]
657,G6PDH2r_f,Glucose 6-phosphate dehydrogenase,Cytoplasmic,Pentose Phosphate Pathway,174.0,b1852,55704.0,0,0,[55704.0],[0.0],['Cytoplasmic'],[0]
658,NADH5,NADH dehydrogenase (ubiquinone-8 ),Cytoplasmic,Oxidative Phosphorylation,8.9,b1109 or b0046 or b3713 or b1004,20170.0,0.0,0,"[47359.0, 20170.0, 20376.0, 20846.0]","[0.0, 0.0, 0.0, 0.0]","['Cytoplasmic', 'Cytoplasmic', 'Cytoplasmic', 'Cytoplasmic']","[0, 0, 0, 0]"
659,MOHMT,3-methyl-2-oxobutanoate hydroxymethyltransferase,Cytoplasmic,Cofactor and Prosthetic Group Biosynthesis,0.781,b0134,28237.0,0,0,[28237.0],[0.0],['Cytoplasmic'],[0]
660,EX_glyc3p_e_f,Glycerol 3-phosphate exchange,Exchange,Extracellular exchange,nan,,0,0,0,[0],[0],['Exchange'],[0]
661,EX_lcts_e_f,Lactose exchange,Exchange,Extracellular exchange,nan,,0,0,0,[0],[0],['Exchange'],[0]
662,EX_nac_e_f,Nicotinate exchange,Exchange,Extracellular exchange,nan,,0,0,0,[0],[0],['Exchange'],[0]
663,EX_ocdca_e_f,Octadecanoate (n-C18:0) exchange,Exchange,Extracellular exchange,nan,,0,0,0,[0],[0],['Exchange'],[0]
664,GMPS,GMP synthase,Cytoplasmic,Purine and Pyrimidine Biosynthesis,6.9,b2507,58679.0,0,0,[58679.0],[0.0],['Cytoplasmic'],[0]
665,FTHFLi,Formate-tetrahydrofolate ligase,Cytoplasmic,Folate Metabolism,nan,,0,0,0,[0],[0],['Cytoplasmic'],[0]
666,UDPGD,UDPglucose 6-dehydrogenase,Cytoplasmic,Cell Envelope Biosynthesis,21.93333333,b2028,43657.0,0,0,[43657.0],[0.0],['Cytoplasmic'],[0]
667,GLCRD,Glucarate dehydratase,Cytoplasmic,Alternate Carbon Metabolism,35.0,b2788 or b2787,48850.0,0,0,"[48850.0, 49141.0]","[0.0, 0.0]","['Cytoplasmic', 'Cytoplasmic']","[0, 0]"
668,PPPNDO,Phenylpropanoate Dioxygenase,Cytoplasmic,Alternate Carbon Metabolism,4.5,b2542 and b2538 and b2540 and b2539,126995.0,0,0,[126995.0],[0.0],['Cytoplasmic'],[0]
669,CHRPL,Chorismate pyruvate lyase,Cytoplasmic,Cofactor and Prosthetic Group Biosynthesis,0.82,b4039 or b1096,18777.0,0,0,"[18777.0, 29715.0]","[0.0, 0.0]","['Cytoplasmic', 'Cytoplasmic']","[0, 0]"
670,TDPAGTA,"DTDP-4-amino-4,6-dideoxy-D-glucose transaminase",Cytoplasmic,Cell Envelope Biosynthesis,0.38,b3791,41901.0,0,0,[41901.0],[0.0],['Cytoplasmic'],[0]
671,UACMAMO,UDP-N-acetyl-D-mannosamine oxidoreductase,Cytoplasmic,Cell Envelope Biosynthesis,0.4,b3787,45839.0,0,0,[45839.0],[0.0],['Cytoplasmic'],[0]
672,FBA3_f,"Sedoheptulose 1,7-bisphosphate D-glyceraldehyde-3-phosphate-lyase",Cytoplasmic,Pentose Phosphate Pathway,0.003,b2925,39147.0,0,0,[39147.0],[0.0],['Cytoplasmic'],[0]
673,PMPK,Phosphomethylpyrimidine kinase,Cytoplasmic,Cofactor and Prosthetic Group Biosynthesis,0.07,b2103,28634.0,0,0,[28634.0],[0.0],['Cytoplasmic'],[0]
674,LCADi,Lactaldehyde dehydrogenase,Cytoplasmic,Alternate Carbon Metabolism,761.5,b1415,52273.0,0,0,[52273.0],[0.0],['Cytoplasmic'],[0]
675,ADK3_f,Adentylate kinase (GTP),Cytoplasmic,Nucleotide Salvage Pathway,842.0,b0474,23586.0,0,0,[23586.0],[0.0],['Cytoplasmic'],[0]
676,GLUDC,Glutamate Decarboxylase,Cytoplasmic,Glutamate Metabolism,42.055,b3517 or b1493,52668.0,0.0,0,"[52685.0, 52668.0]","[0.0, 0.0]","['Cytoplasmic', 'Cytoplasmic']","[0, 0]"
677,BSORy,Biotin sulfoxide reductase,Cytoplasmic,Cofactor and Prosthetic Group Biosynthesis,25.34181818,b3551,85851.0,0,0,[85851.0],[0.0],['Cytoplasmic'],[0]
678,ADSK,Adenylyl-sulfate kinase,Cytoplasmic,Cysteine Metabolism,50.0,b2750,22321.0,0,0,[22321.0],[0.0],['Cytoplasmic'],[0]
679,HSDy_f,Homoserine dehydrogenase (NADPH),Cytoplasmic,Threonine and Lysine Metabolism,7.0125,b3940 or b0002,88888.0,0,0,"[88888.0, 89120.0]","[0.0, 0.0]","['Cytoplasmic', 'Cytoplasmic']","[0, 0]"
680,CYSTL,Cystathionine b-lyase,Cytoplasmic,Methionine Metabolism,45.3,b3008 or b1622,43212.0,0,0,"[43212.0, 43642.0]","[0.0, 0.0]","['Cytoplasmic', 'Cytoplasmic']","[0, 0]"
681,SHSL1,O-succinylhomoserine lyase (L-cysteine),Cytoplasmic,Methionine Metabolism,84.51428571,b3939,41550.0,0,0,[41550.0],[0.0],['Cytoplasmic'],[0]
682,SSALy,Succinate-semialdehyde dehydrogenase (NADP),Cytoplasmic,Arginine and Proline Metabolism,22.6,b1525 or b2661,49718.0,0,0,"[49718.0, 51720.0]","[0.0, 0.0]","['Cytoplasmic', 'Cytoplasmic']","[0, 0]"
683,EX_dad_2_e_f,Deoxyadenosine exchange,Exchange,Extracellular exchange,nan,,0,0,0,[0],[0],['Exchange'],[0]
684,EX_ser__D_e_f,D-Serine exchange,Exchange,Extracellular exchange,nan,,0,0,0,[0],[0],['Exchange'],[0]
685,EX_gam6p_e_f,D-Glucosamine 6-phosphate exchange,Exchange,Extracellular exchange,nan,,0,0,0,[0],[0],['Exchange'],[0]
686,EX_15dap_e_f,"1,5-Diaminopentane exchange",Exchange,Extracellular exchange,nan,,0,0,0,[0],[0],['Exchange'],[0]
687,EX_ocdcea_e_f,Octadecenoate (n-C18:1) exchange,Exchange,Extracellular exchange,nan,,0,0,0,[0],[0],['Exchange'],[0]
688,EX_cynt_e_f,Cyanate exchange,Exchange,Extracellular exchange,nan,,0,0,0,[0],[0],['Exchange'],[0]
689,EX_galctn__D_e_f,D-Galactonate exchange,Exchange,Extracellular exchange,nan,,0,0,0,[0],[0],['Exchange'],[0]
690,EX_glyb_e_f,Glycine betaine exchange,Exchange,Extracellular exchange,nan,,0,0,0,[0],[0],['Exchange'],[0]
691,3HCINNMH,3-hydroxycinnamate hydroxylase,Cytoplasmic,Alternate Carbon Metabolism,117.0090215,b0347,62186.0,0,0,[62186.0],[0.0],['Cytoplasmic'],[0]
692,BSORx,Biotin sulfoxide reductase,Cytoplasmic,Cofactor and Prosthetic Group Biosynthesis,93.55647875,b3551,85851.0,0,0,[85851.0],[0.0],['Cytoplasmic'],[0]
693,NMNt7pp,NMN transport via NMN glycohydrolase (periplasm),Cytoplasmic,"Transport, Inner Membrane",nan,,0,0,0,[0],[0],['Cytoplasmic'],[0]
694,GLUtex_f,L-glutamate transport via diffusion (extracellular to periplasm),Cytoplasmic,"Transport, Outer Membrane Porin",100000000.0,b0241 or b0929 or b1377 or b2215,38922.0,0.0,0,"[38922.0, 39333.0, 41220.0, 40368.0]","[0.0, 21633.15, 0.0, 17383.90751]","['Cytoplasmic', 'Cytoplasmic', 'Cytoplasmic', 'Cytoplasmic']","[0, 17, 0, 16]"
695,GLYtex_f,Glycine transport via diffusion (extracellular to periplasm),Cytoplasmic,"Transport, Outer Membrane Porin",100000000.0,b0241 or b0929 or b1377 or b2215,38922.0,0.0,0,"[38922.0, 39333.0, 41220.0, 40368.0]","[0.0, 21633.15, 0.0, 17383.90751]","['Cytoplasmic', 'Cytoplasmic', 'Cytoplasmic', 'Cytoplasmic']","[0, 17, 0, 16]"
696,GLYALDtex_f,Glyceraldehyde transport via diffusion (extracellular to periplasm),Cytoplasmic,"Transport, Outer Membrane Porin",100000000.0,b0241 or b0929 or b1377 or b2215,38922.0,0.0,0,"[38922.0, 39333.0, 41220.0, 40368.0]","[0.0, 21633.15, 0.0, 17383.90751]","['Cytoplasmic', 'Cytoplasmic', 'Cytoplasmic', 'Cytoplasmic']","[0, 17, 0, 16]"
697,GLYBtex_f,Glycine betaine transport via diffusion (extracellular to periplasm),Cytoplasmic,"Transport, Outer Membrane Porin",100000000.0,b0241 or b0929 or b1377 or b2215,38922.0,0.0,0,"[38922.0, 39333.0, 41220.0, 40368.0]","[0.0, 21633.15, 0.0, 17383.90751]","['Cytoplasmic', 'Cytoplasmic', 'Cytoplasmic', 'Cytoplasmic']","[0, 17, 0, 16]"
698,GLYCtex_f,Glycerol transport via diffusion (extracellular to periplasm),Cytoplasmic,"Transport, Outer Membrane Porin",100000000.0,b0241 or b0929 or b1377 or b2215,38922.0,0.0,0,"[38922.0, 39333.0, 41220.0, 40368.0]","[0.0, 21633.15, 0.0, 17383.90751]","['Cytoplasmic', 'Cytoplasmic', 'Cytoplasmic', 'Cytoplasmic']","[0, 17, 0, 16]"
699,GLYC3Ptex_f,Glycerol-3-phosphate transport via diffusion (extracellular to periplasm),Cytoplasmic,"Transport, Outer Membrane Porin",100000000.0,b0241 or b0929 or b1377 or b2215,38922.0,0.0,0,"[38922.0, 39333.0, 41220.0, 40368.0]","[0.0, 21633.15, 0.0, 17383.90751]","['Cytoplasmic', 'Cytoplasmic', 'Cytoplasmic', 'Cytoplasmic']","[0, 17, 0, 16]"
700,GLYCLTtex_f,Glycolate transport via diffusion (extracellular to periplasm),Cytoplasmic,"Transport, Outer Membrane Porin",100000000.0,b0241 or b0929 or b1377 or b2215,38922.0,0.0,0,"[38922.0, 39333.0, 41220.0, 40368.0]","[0.0, 21633.15, 0.0, 17383.90751]","['Cytoplasmic', 'Cytoplasmic', 'Cytoplasmic', 'Cytoplasmic']","[0, 17, 0, 16]"
701,GTPtex_f,GTP transport via diffusion (extracellular to periplasm),Cytoplasmic,"Transport, Outer Membrane Porin",100000000.0,b1377 or b2215 or b0241 or b0929,38922.0,0.0,0,"[41220.0, 40368.0, 38922.0, 39333.0]","[0.0, 17383.90751, 0.0, 21633.15]","['Cytoplasmic', 'Cytoplasmic', 'Cytoplasmic', 'Cytoplasmic']","[0, 16, 0, 17]"
702,GUAtex_f,Guanine transport via diffusion (extracellular to periplasm),Cytoplasmic,"Transport, Outer Membrane",100000000.0,b0411,33589.0,0,0,[33589.0],[0.0],['Cytoplasmic'],[0]
703,Htex_f,Proton transport via diffusion (extracellular to periplasm),Cytoplasmic,"Transport, Outer Membrane Porin",100000000.0,b0241 or b0929 or b1377 or b2215,38922.0,0.0,0,"[38922.0, 39333.0, 41220.0, 40368.0]","[0.0, 21633.15, 0.0, 17383.90751]","['Cytoplasmic', 'Cytoplasmic', 'Cytoplasmic', 'Cytoplasmic']","[0, 17, 0, 16]"
704,H2tex_f,Hydrogen transport via diffusion (extracellular to periplasm),Cytoplasmic,"Transport, Outer Membrane Porin",100000000.0,b0241 or b0929 or b1377 or b2215,38922.0,0.0,0,"[38922.0, 39333.0, 41220.0, 40368.0]","[0.0, 21633.15, 0.0, 17383.90751]","['Cytoplasmic', 'Cytoplasmic', 'Cytoplasmic', 'Cytoplasmic']","[0, 17, 0, 16]"
705,H2Otex_f,H2O transport via diffusion (extracellular to periplasm),Inner Membrane,"Transport, Outer Membrane Porin",100000000.0,b3875 or s0001 or b1319 or b0957 or b2215 or b0241 or b1377 or b0929,0,0.0,0,"[27200.0, 0.0, 34913.0, 37201.0, 40368.0, 38922.0, 41220.0, 39333.0]","[0.0, 0.0, 19825.59643, 9386.098462, 17383.90751, 0.0, 0.0, 21633.15]","['Cytoplasmic', 'Inner Membrane', 'Cytoplasmic', 'Cytoplasmic', 'Cytoplasmic', 'Cytoplasmic', 'Cytoplasmic', 'Cytoplasmic']","[0, 0, 16, 8, 16, 0, 0, 17]"
706,FACOAL160t2pp,Fatty-acid-CoA ligase (hexadecanoate transport via vectoral Co-A coupling),Cytoplasmic,Cell Envelope Biosynthesis,0.029,b1701 or b1805,62332.0,0.0,0,"[62759.0, 62332.0]","[0.0, 0.0]","['Cytoplasmic', 'Cytoplasmic']","[0, 0]"
707,FACOAL180t2pp,Fatty-acid-CoA ligase (octadecanoate transport via vectoral Co-A coupling),Cytoplasmic,Cell Envelope Biosynthesis,0.029,b1701 or b1805,62332.0,0.0,0,"[62759.0, 62332.0]","[0.0, 0.0]","['Cytoplasmic', 'Cytoplasmic']","[0, 0]"
708,SPODMpp,Superoxide dismutase,Cytoplasmic,Unassigned,22300.0,b1646,17681.0,0,0,[17681.0],[0.0],['Cytoplasmic'],[0]
709,NO3R1bpp,Nitrate reductase (Ubiquinol-8),Inner Membrane,Nitrogen Metabolism,94.286,b2205 and b2202 and b2204 and (b2206 and b2203),189239.0,11754.580609999999,5,[189239.0],[11754.580609999999],['Inner Membrane'],[5]
710,O2tpp_f,O2 transport via diffusion (periplasm),Inner Membrane,Inorganic Ion Transport and Metabolism,nan,s0001,0,0,0,[0.0],[0.0],['Inner Membrane'],[0]
711,PHYTSpp,Phytase (periplasm),Cytoplasmic,Alternate Carbon Metabolism,6931.0,b0980,47057.0,0,0,[47057.0],[0.0],['Cytoplasmic'],[0]
712,PPTHpp,Phosphonate hydrogenase (periplasm),Cytoplasmic,Unassigned,33.0,b0383,49439.0,0,0,[49439.0],[0.0],['Cytoplasmic'],[0]
713,PYRt2rpp_f,Pyruvate reversible transport via proton symport (periplasm),Cytoplasmic,"Transport, Inner Membrane",nan,,0,0,0,[0],[0],['Cytoplasmic'],[0]
714,NO3R2pp,Nitrate reductase (Menaquinol-8) (periplasm),Inner Membrane,Oxidative Phosphorylation,68.0,(b1467 and b1468 and b1466 and b1465) or (b1224 and b1227 and b1226 and b1225),250501.0,13485.08,5,"[250964.0, 250501.0]","[13699.74336, 13485.08]","['Inner Membrane', 'Inner Membrane']","[5, 5]"
715,NTP3pp,Nucleoside-triphosphatase (GTP) (periplasm),Cytoplasmic,Nucleotide Salvage Pathway,250.5,b0980,47057.0,0,0,[47057.0],[0.0],['Cytoplasmic'],[0]
716,NO3R2bpp,Nitrate reductase (Menaquinol-8) (periplasm),Inner Membrane,Nitrogen Metabolism,94.286,(b2206 and b2203) and b2202,132440.0,2425.605,1,[132440.0],[2425.605],['Inner Membrane'],[1]
717,THD2pp,NAD(P) transhydrogenase (periplasm),Inner Membrane,Oxidative Phosphorylation,40.88335,b1602 and b1603,103346.0,28928.865772,13,[103346.0],[28928.865772],['Inner Membrane'],[13]
718,TMAOR1pp,Trimethylamine N-oxide reductase (menaquinol 8) (periplasm),Inner Membrane,Oxidative Phosphorylation,145.25,(b0997 and b0996) or (b1872 and b1873),129250.0,2311.491803,1,"[138063.0, 129250.0]","[2348.069231, 2311.491803]","['Inner Membrane', 'Inner Membrane']","[1, 1]"
719,TMAOR2pp,Trimethylamine N-oxide reductase (demethylmenaquinol 8) (periplasm),Inner Membrane,Oxidative Phosphorylation,145.25,(b0997 and b0996) or (b1872 and b1873),129250.0,2311.491803,1,"[138063.0, 129250.0]","[2348.069231, 2311.491803]","['Inner Membrane', 'Inner Membrane']","[1, 1]"
720,XANtpp_f,Xanthine reversible transport (periplasm),Cytoplasmic,"Transport, Inner Membrane",nan,,0,0,0,[0],[0],['Cytoplasmic'],[0]
721,DAPtex_f,"1,5-Diaminopentane transport via diffusion (extracellular to periplasm)",Cytoplasmic,"Transport, Outer Membrane Porin",100000000.0,b0241 or b0929 or b1377 or b2215,38922.0,0.0,0,"[38922.0, 39333.0, 41220.0, 40368.0]","[0.0, 21633.15, 0.0, 17383.90751]","['Cytoplasmic', 'Cytoplasmic', 'Cytoplasmic', 'Cytoplasmic']","[0, 17, 0, 16]"
722,12PPDStex_f,"(S)-Propane-1,2-diol transport via diffusion (extracellular to periplasm)",Cytoplasmic,"Transport, Outer Membrane Porin",100000000.0,b0241 or b0929 or b1377 or b2215,38922.0,0.0,0,"[38922.0, 39333.0, 41220.0, 40368.0]","[0.0, 21633.15, 0.0, 17383.90751]","['Cytoplasmic', 'Cytoplasmic', 'Cytoplasmic', 'Cytoplasmic']","[0, 17, 0, 16]"
723,DDGLCNtex_f,2-dehydro-3-deoxy-D-gluconate transport via diffusion (extracellular to periplasm),Cytoplasmic,"Transport, Outer Membrane Porin",100000000.0,b0241 or b0929 or b1377 or b2215,38922.0,0.0,0,"[38922.0, 39333.0, 41220.0, 40368.0]","[0.0, 21633.15, 0.0, 17383.90751]","['Cytoplasmic', 'Cytoplasmic', 'Cytoplasmic', 'Cytoplasmic']","[0, 17, 0, 16]"
724,26DAHtex_f,"Meso-2,6-Diaminoheptanedioate transport via diffusion (extracellular to periplasm)",Cytoplasmic,"Transport, Outer Membrane Porin",100000000.0,b0241 or b0929 or b1377 or b2215,38922.0,0.0,0,"[38922.0, 39333.0, 41220.0, 40368.0]","[0.0, 21633.15, 0.0, 17383.90751]","['Cytoplasmic', 'Cytoplasmic', 'Cytoplasmic', 'Cytoplasmic']","[0, 17, 0, 16]"
725,HCINNMtex_f,3-hydroxycinnamic acid transport via diffusion (extracellular to periplasm),Cytoplasmic,"Transport, Outer Membrane Porin",100000000.0,b0241 or b0929 or b1377 or b2215,38922.0,0.0,0,"[38922.0, 39333.0, 41220.0, 40368.0]","[0.0, 21633.15, 0.0, 17383.90751]","['Cytoplasmic', 'Cytoplasmic', 'Cytoplasmic', 'Cytoplasmic']","[0, 17, 0, 16]"
726,HPPPNtex_f,3-(3-hydroxyphenyl)propionate transport via diffusion (extracellular to periplasm),Cytoplasmic,"Transport, Outer Membrane Porin",100000000.0,b0929 or b1377 or b2215 or b0241,38922.0,0.0,0,"[39333.0, 41220.0, 40368.0, 38922.0]","[21633.15, 0.0, 17383.90751, 0.0]","['Cytoplasmic', 'Cytoplasmic', 'Cytoplasmic', 'Cytoplasmic']","[17, 0, 16, 0]"
727,ACtex_f,Acetate transport via diffusion (extracellular to periplasm),Cytoplasmic,"Transport, Outer Membrane Porin",100000000.0,b0241 or b0929 or b1377 or b2215,38922.0,0.0,0,"[38922.0, 39333.0, 41220.0, 40368.0]","[0.0, 21633.15, 0.0, 17383.90751]","['Cytoplasmic', 'Cytoplasmic', 'Cytoplasmic', 'Cytoplasmic']","[0, 17, 0, 16]"
728,ACALDtex_f,Acetaldehyde transport via diffusion (extracellular to periplasm),Cytoplasmic,"Transport, Outer Membrane Porin",100000000.0,b0241 or b0929 or b1377 or b2215,38922.0,0.0,0,"[38922.0, 39333.0, 41220.0, 40368.0]","[0.0, 21633.15, 0.0, 17383.90751]","['Cytoplasmic', 'Cytoplasmic', 'Cytoplasmic', 'Cytoplasmic']","[0, 17, 0, 16]"
729,ACMANAtex_f,N-acetyl-D-mannosamine transport via diffusion (extracellular to periplasm),Cytoplasmic,"Transport, Outer Membrane Porin",100000000.0,b2215 or b0241 or b0929 or b1377,38922.0,0.0,0,"[40368.0, 38922.0, 39333.0, 41220.0]","[17383.90751, 0.0, 21633.15, 0.0]","['Cytoplasmic', 'Cytoplasmic', 'Cytoplasmic', 'Cytoplasmic']","[16, 0, 17, 0]"
730,ACMUMtex,N-acetylmuramate transport via diffusion (extracellular to periplasm),Cytoplasmic,"Transport, Outer Membrane Porin",100000000.0,b0241 or b0929 or b1377 or b2215,38922.0,0.0,0,"[38922.0, 39333.0, 41220.0, 40368.0]","[0.0, 21633.15, 0.0, 17383.90751]","['Cytoplasmic', 'Cytoplasmic', 'Cytoplasmic', 'Cytoplasmic']","[0, 17, 0, 16]"
731,ACACT7r_f,Acetyl-CoA C-acyltransferase (tetradecanoyl-CoA) (r),Cytoplasmic,Membrane Lipid Metabolism,1.4,b2342 or b3845,40876.0,0.0,0,"[46531.0, 40876.0]","[0.0, 0.0]","['Cytoplasmic', 'Cytoplasmic']","[0, 0]"
732,PSP_L,Phosphoserine phosphatase (L-serine),Cytoplasmic,Glycine and Serine Metabolism,0.15,b4388,35043.0,0,0,[35043.0],[0.0],['Cytoplasmic'],[0]
733,ACACT2r_f,Acetyl-CoA C-acyltransferase (butanoyl-CoA) (r),Cytoplasmic,Membrane Lipid Metabolism,1.4,b2342 or b3845,40876.0,0.0,0,"[46531.0, 40876.0]","[0.0, 0.0]","['Cytoplasmic', 'Cytoplasmic']","[0, 0]"
734,ACACT3r_f,Acetyl-CoA C-acyltransferase (hexanoyl-CoA) (r),Cytoplasmic,Membrane Lipid Metabolism,1.4,b2342 or b3845,40876.0,0.0,0,"[46531.0, 40876.0]","[0.0, 0.0]","['Cytoplasmic', 'Cytoplasmic']","[0, 0]"
735,ACACT4r_f,Acetyl-CoA C-acyltransferase (octanoyl-CoA) (r),Cytoplasmic,Membrane Lipid Metabolism,1.4,b2342 or b3845,40876.0,0.0,0,"[46531.0, 40876.0]","[0.0, 0.0]","['Cytoplasmic', 'Cytoplasmic']","[0, 0]"
736,SUCCt2_2pp,Succinate transport via proton symport (2 H) (periplasm),Inner Membrane,"Transport, Inner Membrane",22.0,b3528 or b0010,20071.0,13451.84043,6,"[45436.0, 20071.0]","[19002.43925, 13451.84043]","['Inner Membrane', 'Inner Membrane']","[8, 6]"
737,SUCFUMtpp_f,Succinate:fumarate antiporter (periplasm),Inner Membrane,"Transport, Inner Membrane",22.0,b4123 or b0621 or b4138,45751.0,18701.90993,10,"[47935.0, 48412.0, 45751.0]","[17733.80045, 26463.82646, 18701.90993]","['Inner Membrane', 'Inner Membrane', 'Inner Membrane']","[9, 12, 10]"
738,SUCptspp,Sucrose transport via PEP:Pyr  (periplasm),Inner Membrane,"Transport, Inner Membrane",3204.0,b2417 and b2415 and b2416 and b2429,140734.0,22064.17722,10,[140734.0],[22064.17722],['Inner Membrane'],[10]
739,SULabcpp,Sulfate transport via ABC system (periplasm),Inner Membrane,Inorganic Ion Transport and Metabolism,95.19583333,(b2423 and b2424 and b2422 and b2425) or (b0764 and b0765 and b0763) or (b2422 and b2423 and b2424 and b3917),91405.0,11434.91266,5,"[141504.0, 91405.0, 140548.0]","[30164.15647, 11434.91266, 30164.15647]","['Inner Membrane', 'Inner Membrane', 'Inner Membrane']","[13, 5, 13]"
740,TSULabcpp,Thiosulfate transport via ABC system (periplasm),Inner Membrane,Inorganic Ion Transport and Metabolism,95.19583333,(b2423 and b2422 and b2424 and b3917) or (b2422 and b2425 and b2424 and b2423),140548.0,30164.15647,13,"[140548.0, 141504.0]","[30164.15647, 30164.15647]","['Inner Membrane', 'Inner Membrane']","[13, 13]"
741,TARTRt7pp_f,Tartrate/succinate antiporter (periplasm),Inner Membrane,"Transport, Inner Membrane",22.0,b3063,52906.0,31939.14579,14,[52906.0],[31939.14579],['Inner Membrane'],[14]
742,AHGDx_f,(S)-alpha-hydroxyglutarate dehydrogenase,Cytoplasmic,Glycine and Serine Metabolism,110.6,b2913,44176.0,0,0,[44176.0],[0.0],['Cytoplasmic'],[0]
743,TAURabcpp,Taurine transport via ABC system (periplasm),Inner Membrane,"Transport, Inner Membrane",95.19583333,b0365 and b0367 and b0366,92375.0,16152.68364,7,[92375.0],[16152.68364],['Inner Membrane'],[7]
744,THMDt2pp_copy1,Thymidine transport in via proton symport (periplasm),Inner Membrane,"Transport, Inner Membrane",22.0,b2964 or b2393,43476.0,20542.41,9,"[46389.0, 43476.0]","[29631.2512, 20542.41]","['Inner Membrane', 'Inner Membrane']","[12, 9]"
745,EX_ca2_e_f,Calcium exchange,Exchange,Extracellular exchange,nan,,0,0,0,[0],[0],['Exchange'],[0]
746,EX_so3_e_f,Sulfite exchange,Exchange,Extracellular exchange,nan,,0,0,0,[0],[0],['Exchange'],[0]
747,Kt2pp,Potassium transport in via proton symport (periplasm),Inner Membrane,Inorganic Ion Transport and Metabolism,22.0,(b3849 and b1291 and b3290) or b1250 or (b1291 and b1363 and b3290) or b3747,46063.0,12813.68825,6,"[140989.0, 46063.0, 141973.0, 69294.0]","[19078.75776, 12813.68825, 19353.10515, 28074.09646]","['Inner Membrane', 'Inner Membrane', 'Inner Membrane', 'Inner Membrane']","[7, 6, 7, 12]"
748,AKGt2rpp_f,2-oxoglutarate reversible transport via symport (periplasm),Inner Membrane,"Transport, Inner Membrane",22.0,b2587,47052.0,27447.0,12,[47052.0],[27447.0],['Inner Membrane'],[12]
749,XYLt2pp,D-xylose transport in via proton symport (periplasm),Inner Membrane,"Transport, Inner Membrane",22.0,b4031,53608.0,28168.76578,12,[53608.0],[28168.76578],['Inner Membrane'],[12]
750,EX_ascb__L_e_f,L-Ascorbate exchange,Exchange,Extracellular exchange,nan,,0,0,0,[0],[0],['Exchange'],[0]
751,EX_ala_B_e_f,Beta-Alanine exchange,Exchange,Extracellular exchange,nan,,0,0,0,[0],[0],['Exchange'],[0]
752,EX_agm_e_f,Agmatine exchange,Exchange,Extracellular exchange,nan,,0,0,0,[0],[0],['Exchange'],[0]
753,EX_minohp_e_f,Myo-Inositol hexakisphosphate exchange,Exchange,Extracellular exchange,nan,,0,0,0,[0],[0],['Exchange'],[0]
754,EX_ppt_e_f,Phosphonate exchange,Exchange,Extracellular exchange,nan,,0,0,0,[0],[0],['Exchange'],[0]
755,EX_hxa_e_f,Hexanoate (n-C6:0) exchange,Exchange,Extracellular exchange,nan,,0,0,0,[0],[0],['Exchange'],[0]
756,EX_lyx__L_e_f,L-Lyxose exchange,Exchange,Extracellular exchange,nan,,0,0,0,[0],[0],['Exchange'],[0]
757,EX_acmum_e_f,N-Acetylmuramate exchange,Exchange,Extracellular exchange,nan,,0,0,0,[0],[0],['Exchange'],[0]
758,EX_dca_e_f,Decanoate (n-C10:0) exchange,Exchange,Extracellular exchange,nan,,0,0,0,[0],[0],['Exchange'],[0]
759,EX_all__D_e_f,D-Allose exchange,Exchange,Extracellular exchange,nan,,0,0,0,[0],[0],['Exchange'],[0]
760,EX_octa_e_f,Octanoate (n-C8:0) exchange,Exchange,Extracellular exchange,nan,,0,0,0,[0],[0],['Exchange'],[0]
761,EX_xylu__L_e_f,L-Xylulose exchange,Exchange,Extracellular exchange,nan,,0,0,0,[0],[0],['Exchange'],[0]
762,EX_gdp_e_f,GDP exchange,Exchange,Extracellular exchange,nan,,0,0,0,[0],[0],['Exchange'],[0]
763,EX_gtp_e_f,GTP exchange,Exchange,Extracellular exchange,nan,,0,0,0,[0],[0],['Exchange'],[0]
764,THMabcpp,Thiamine transport via ABC system (periplasm),Inner Membrane,"Transport, Inner Membrane",95.19583333,b0066 and b0068 and b0067,120695.0,27989.39552,12,[120695.0],[27989.39552],['Inner Membrane'],[12]
765,THMDt2pp_copy2_f,Thymidine transport in via proton symport (periplasm),Inner Membrane,"Transport, Inner Membrane",22.0,b2406,46140.0,27816.45933,12,[46140.0],[27816.45933],['Inner Membrane'],[12]
766,THRabcpp,L-threonine transport via ABC system (periplasm),Inner Membrane,"Transport, Inner Membrane",22.0,b3456 and b3455 and b3460 and b3457 and b3454,173064.0,43138.744170000005,19,[173064.0],[43138.744170000005],['Inner Membrane'],[19]
767,TREptspp,Trehalose transport via PEP:Pyr PTS (periplasm),Inner Membrane,"Transport, Inner Membrane",3204.0,b2417 and b4240 and b2416 and b2415,142013.0,22678.66808,10,[142013.0],[22678.66808],['Inner Membrane'],[10]
768,TRPt2rpp_f,L-tryptophan reversible transport via proton symport (periplasm),Inner Membrane,"Transport, Inner Membrane",22.0,b3161 or b3709 or b0112,44333.0,24736.52899,11,"[44333.0, 45211.0, 49690.0]","[24736.52899, 25165.64096, 27400.17505]","['Inner Membrane', 'Inner Membrane', 'Inner Membrane']","[11, 11, 12]"
769,TYRt2rpp_f,L-tyrosine reversible transport via proton symport (periplasm),Inner Membrane,"Transport, Inner Membrane",22.0,b1907 or b0112,42819.0,24543.8933,11,"[42819.0, 49690.0]","[24543.8933, 27400.17505]","['Inner Membrane', 'Inner Membrane']","[11, 12]"
770,URIt2pp_copy1,Uridine transport in via proton symport (periplasm),Inner Membrane,"Transport, Inner Membrane",22.0,b2964 or b2393,43476.0,20542.41,9,"[46389.0, 43476.0]","[29631.2512, 20542.41]","['Inner Membrane', 'Inner Membrane']","[12, 9]"
771,URIt2pp_copy2_f,Uridine transport in via proton symport (periplasm),Inner Membrane,"Transport, Inner Membrane",22.0,b2406,46140.0,27816.45933,12,[46140.0],[27816.45933],['Inner Membrane'],[12]
772,VALabcpp,L-valine transport via ABC system (periplasm),Inner Membrane,"Transport, Inner Membrane",22.0,b3457 and b3456 and b3460 and b3455 and b3454,173064.0,43138.744170000005,19,[173064.0],[43138.744170000005],['Inner Membrane'],[19]
773,XTSNt2rpp_f,Xanthosine transport via proton symport (periplasm),Inner Membrane,"Transport, Inner Membrane",22.0,b2406,46140.0,27816.45933,12,[46140.0],[27816.45933],['Inner Membrane'],[12]
774,XYLabcpp,D-xylose transport via ABC system (periplasm),Inner Membrane,"Transport, Inner Membrane",95.19583333,b3568 and b3566 and b3567,133235.0,24117.45802,11,[133235.0],[24117.45802],['Inner Membrane'],[11]
775,XYLUt2pp,L-xylulose transport in via proton symport (periplasm),Inner Membrane,"Transport, Inner Membrane",22.0,b3577 and b3578 and b3579,98854.0,34588.294579,15,[98854.0],[34588.294579],['Inner Membrane'],[15]
776,THRt4pp,L-threonine  via sodium symport (periplasm),Inner Membrane,"Transport, Inner Membrane",22.0,b3089,43478.0,17685.9661,8,[43478.0],[17685.9661],['Inner Membrane'],[8]
777,EX_fruur_e_f,D-Fructuronate exchange,Exchange,Extracellular exchange,nan,,0,0,0,[0],[0],['Exchange'],[0]
778,GALtex_f,D-galactose transport via diffusion (extracellular to periplasm),Cytoplasmic,"Transport, Outer Membrane Porin",100000000.0,b0241 or b0929 or b1377 or b2215,38922.0,0.0,0,"[38922.0, 39333.0, 41220.0, 40368.0]","[0.0, 21633.15, 0.0, 17383.90751]","['Cytoplasmic', 'Cytoplasmic', 'Cytoplasmic', 'Cytoplasmic']","[0, 17, 0, 16]"
779,GALCTtex_f,D-galactarte transport via diffusion (extracellular to periplasm),Cytoplasmic,"Transport, Outer Membrane Porin",100000000.0,b0241 or b0929 or b1377 or b2215,38922.0,0.0,0,"[38922.0, 39333.0, 41220.0, 40368.0]","[0.0, 21633.15, 0.0, 17383.90751]","['Cytoplasmic', 'Cytoplasmic', 'Cytoplasmic', 'Cytoplasmic']","[0, 17, 0, 16]"
780,GALCTNtex_f,D-galactonate transport via diffusion (extracellular to periplasm),Cytoplasmic,"Transport, Outer Membrane Porin",100000000.0,b0241 or b0929 or b1377 or b2215,38922.0,0.0,0,"[38922.0, 39333.0, 41220.0, 40368.0]","[0.0, 21633.15, 0.0, 17383.90751]","['Cytoplasmic', 'Cytoplasmic', 'Cytoplasmic', 'Cytoplasmic']","[0, 17, 0, 16]"
781,GALTtex_f,Galactitol transport via diffusion (extracellular to periplasm),Cytoplasmic,"Transport, Outer Membrane Porin",100000000.0,b0241 or b0929 or b1377 or b2215,38922.0,0.0,0,"[38922.0, 39333.0, 41220.0, 40368.0]","[0.0, 21633.15, 0.0, 17383.90751]","['Cytoplasmic', 'Cytoplasmic', 'Cytoplasmic', 'Cytoplasmic']","[0, 17, 0, 16]"
782,GALURtex_f,D-galacturonate transport via diffusion (extracellular to periplasm),Cytoplasmic,"Transport, Outer Membrane Porin",100000000.0,b0241 or b0929 or b1377 or b2215,38922.0,0.0,0,"[38922.0, 39333.0, 41220.0, 40368.0]","[0.0, 21633.15, 0.0, 17383.90751]","['Cytoplasmic', 'Cytoplasmic', 'Cytoplasmic', 'Cytoplasmic']","[0, 17, 0, 16]"
783,GTPCI,GTP cyclohydrolase I,Cytoplasmic,Cofactor and Prosthetic Group Biosynthesis,0.039,b2153,24831.0,0,0,[24831.0],[0.0],['Cytoplasmic'],[0]
784,FDMO,FMNH2-dependent monooxygenase,Cytoplasmic,Inorganic Ion Transport and Metabolism,0.86,b0935,41736.0,0,0,[41736.0],[0.0],['Cytoplasmic'],[0]
785,FEOXAMabcpp,Ferroxamine transport via ABC system (periplasm),Inner Membrane,Inorganic Ion Transport and Metabolism,95.19583333,b0152 and b0153 and b0151,132307.0,40333.17273,18,[132307.0],[40333.17273],['Inner Membrane'],[18]
786,CBL1abcpp,Cob(1)alamin transport via ABC system (periplasm),Inner Membrane,"Transport, Inner Membrane",0.845,b1709 and b0158 and b1711,91397.0,21869.92638,10,[91397.0],[21869.92638],['Inner Membrane'],[10]
787,ACACt2pp_f,Acetoacetate transport via proton symport  (periplasm),Inner Membrane,"Transport, Inner Membrane",22.0,b2223,47528.0,27220.58182,12,[47528.0],[27220.58182],['Inner Membrane'],[12]
788,ACGAptspp,N-Acetyl-D-glucosamine transport via PEP:Pyr PTS  (periplasm),Inner Membrane,"Transport, Inner Membrane",72.77916667,(b2416 and b2417 and b2415 and b1101) or (b2415 and b2416 and b0679),141028.0,26579.38889,12,"[141609.0, 141028.0]","[22310.62893, 26579.38889]","['Inner Membrane', 'Inner Membrane']","[10, 12]"
789,ACMANAptspp,N-acetyl-D-mannosamine transport via PTS  (periplasm),Inner Membrane,"Transport, Inner Membrane",3204.0,b2415 and b1818 and b2416 and b1817 and b1819,166320.0,25948.7428,10,[166320.0],[25948.7428],['Inner Membrane'],[10]
790,ACNAMt2pp,N-acetylneuraminate proton symport (periplasm),Inner Membrane,"Transport, Inner Membrane",22.0,b3224,53551.0,27207.3629,12,[53551.0],[27207.3629],['Inner Membrane'],[12]
791,CHOLD,Choline dehydrogenase,Cytoplasmic,Unassigned,0.08,b0311,61878.0,0,0,[61878.0],[0.0],['Cytoplasmic'],[0]
792,DRPA,Deoxyribose-phosphate aldolase,Cytoplasmic,Alternate Carbon Metabolism,68.0,b4381,27734.0,0,0,[27734.0],[0.0],['Cytoplasmic'],[0]
793,TKT2_f,Transketolase,Cytoplasmic,Pentose Phosphate Pathway,22.9,b2935 or b2465,72212.0,0,0,"[72212.0, 73043.0]","[0.0, 0.0]","['Cytoplasmic', 'Cytoplasmic']","[0, 0]"
794,EX_ch4_e_f,EX ch4 LPAREN e RPAREN,Exchange,Extracellular exchange,nan,,0,0,0,[0],[0],['Exchange'],[0]
795,FEENTERabcpp,Fe-enterobactin transport via ABC system (periplasm),Inner Membrane,Inorganic Ion Transport and Metabolism,95.19583333,b0589 and b0592 and b0590 and b0588,132848.0,39160.43304,18,[132848.0],[39160.43304],['Inner Membrane'],[18]
796,FECRMabcpp,Ferrichrome transport via ABC system (periplasm),Inner Membrane,Inorganic Ion Transport and Metabolism,95.19583333,b0153 and b0152 and b0151,132307.0,40333.17273,18,[132307.0],[40333.17273],['Inner Membrane'],[18]
797,GAMtex_f,D-glucosamine transport via diffusion (extracellular to periplasm),Cytoplasmic,"Transport, Outer Membrane Porin",100000000.0,b0241 or b0929 or b1377 or b2215,38922.0,0.0,0,"[38922.0, 39333.0, 41220.0, 40368.0]","[0.0, 21633.15, 0.0, 17383.90751]","['Cytoplasmic', 'Cytoplasmic', 'Cytoplasmic', 'Cytoplasmic']","[0, 17, 0, 16]"
798,GBBTNtex_f,Gamma-butyrobetaine transport via diffusion (extracellular to periplasm),Cytoplasmic,"Transport, Outer Membrane Porin",100000000.0,b0241 or b0929 or b1377 or b2215,38922.0,0.0,0,"[38922.0, 39333.0, 41220.0, 40368.0]","[0.0, 21633.15, 0.0, 17383.90751]","['Cytoplasmic', 'Cytoplasmic', 'Cytoplasmic', 'Cytoplasmic']","[0, 17, 0, 16]"
799,ARBt2rpp_f,L-arabinose transport via proton symport (periplasm),Inner Membrane,"Transport, Inner Membrane",22.0,b2841,51684.0,27594.0,12,[51684.0],[27594.0],['Inner Membrane'],[12]
800,DAPabcpp,M-diaminopimelic acid ABC transport (periplasm),Cytoplasmic,"Transport, Inner Membrane",nan,,0,0,0,[0],[0],['Cytoplasmic'],[0]
801,CO2tpp_f,CO2 transporter via diffusion (periplasm),Inner Membrane,"Transport, Inner Membrane",nan,s0001,0,0,0,[0.0],[0.0],['Inner Membrane'],[0]
802,DHAtpp_f,Dihydroxyacetone transport via facilitated diffusion (periplasm),Cytoplasmic,"Transport, Inner Membrane",nan,,0,0,0,[0],[0],['Cytoplasmic'],[0]
803,DMSOR1pp,Dimethyl sulfoxide reductase (Menaquinol 8) (periplasm),Inner Membrane,Oxidative Phosphorylation,40.2,b1872 and b1873,129250.0,2311.491803,1,[129250.0],[2311.491803],['Inner Membrane'],[1]
804,ARGabcpp,L-arginine transport via ABC system (periplasm),Inner Membrane,"Transport, Inner Membrane",95.19583333,(b2308 and b2306 and b2310 and b2307) or (b0864 and b0860 and b0863 and b0862 and b0861),108164.0,23422.144220000002,10,"[108164.0, 131912.0]","[23422.144220000002, 23349.972179999997]","['Inner Membrane', 'Inner Membrane']","[10, 10]"
805,ARGAGMt7pp_f,Arginine/agmatine antiport (periplasm),Inner Membrane,"Transport, Inner Membrane",22.0,b4115,46843.0,27579.47416,12,[46843.0],[27579.47416],['Inner Membrane'],[12]
806,ASCBptspp,L-ascorbate transport via PEP:Pyr PTS (periplasm),Inner Membrane,"Transport, Inner Membrane",3204.0,b4195 and b4193 and b2415 and b2416 and b4194,151552.0,22913.48387,10,[151552.0],[22913.48387],['Inner Membrane'],[10]
807,ASNt2rpp_f,L-asparagine reversible transport via proton symport (periplasm),Inner Membrane,"Transport, Inner Membrane",22.0,b1453,54233.0,27388.20842,12,[54233.0],[27388.20842],['Inner Membrane'],[12]
808,ASPabcpp,L-aspartate transport via ABC system (periplasm),Inner Membrane,"Transport, Inner Membrane",95.19583333,b0654 and b0652 and b0655 and b0653,112499.0,22748.90614,10,[112499.0],[22748.90614],['Inner Membrane'],[10]
809,ASPt2pp,L-aspartate transport in via proton symport (periplasm),Inner Membrane,"Transport, Inner Membrane",22.0,b4077,47159.0,22662.21968,10,[47159.0],[22662.21968],['Inner Membrane'],[10]
810,ASPt2_2pp,Aspartate transport via proton symport (2 H) (periplasm),Inner Membrane,"Transport, Inner Membrane",22.0,b3528,45436.0,19002.43925,8,[45436.0],[19002.43925],['Inner Membrane'],[8]
811,ASPt2_3pp,L-asparate transport via proton symport (3 H) (periplasm),Inner Membrane,"Transport, Inner Membrane",22.0,b4138 or b4123,45751.0,18701.90993,10,"[45751.0, 47935.0]","[18701.90993, 17733.80045]","['Inner Membrane', 'Inner Membrane']","[10, 9]"
812,HIStex_f,L-histidine transport via diffusion (extracellular to periplasm),Cytoplasmic,"Transport, Outer Membrane Porin",100000000.0,b0241 or b0929 or b1377 or b2215,38922.0,0.0,0,"[38922.0, 39333.0, 41220.0, 40368.0]","[0.0, 21633.15, 0.0, 17383.90751]","['Cytoplasmic', 'Cytoplasmic', 'Cytoplasmic', 'Cytoplasmic']","[0, 17, 0, 16]"
813,HXAtex_f,Hexanoate transport via diffusion (extracellular to periplasm),Cytoplasmic,"Transport, Outer Membrane Porin",100000000.0,b0241 or b0929 or b1377 or b2215,38922.0,0.0,0,"[38922.0, 39333.0, 41220.0, 40368.0]","[0.0, 21633.15, 0.0, 17383.90751]","['Cytoplasmic', 'Cytoplasmic', 'Cytoplasmic', 'Cytoplasmic']","[0, 17, 0, 16]"
814,HYXNtex_f,Hypoxanthine transport via diffusion (extracellular to periplasm),Cytoplasmic,"Transport, Outer Membrane Porin",100000000.0,b2215 or b0241 or b0929 or b1377,38922.0,0.0,0,"[40368.0, 38922.0, 39333.0, 41220.0]","[17383.90751, 0.0, 21633.15, 0.0]","['Cytoplasmic', 'Cytoplasmic', 'Cytoplasmic', 'Cytoplasmic']","[16, 0, 17, 0]"
815,IDONtex_f,L-idonate transport via diffusion (extracellular to periplasm),Cytoplasmic,"Transport, Outer Membrane Porin",100000000.0,b0241 or b0929 or b1377 or b2215,38922.0,0.0,0,"[38922.0, 39333.0, 41220.0, 40368.0]","[0.0, 21633.15, 0.0, 17383.90751]","['Cytoplasmic', 'Cytoplasmic', 'Cytoplasmic', 'Cytoplasmic']","[0, 17, 0, 16]"
816,ILEtex_f,L-isoleucine transport via diffusion (extracellular to periplasm),Cytoplasmic,"Transport, Outer Membrane Porin",100000000.0,b0241 or b0929 or b1377 or b2215,38922.0,0.0,0,"[38922.0, 39333.0, 41220.0, 40368.0]","[0.0, 21633.15, 0.0, 17383.90751]","['Cytoplasmic', 'Cytoplasmic', 'Cytoplasmic', 'Cytoplasmic']","[0, 17, 0, 16]"
817,INSTtex_f,Inositol transport via diffusion (extracellular to periplasm),Cytoplasmic,"Transport, Outer Membrane Porin",100000000.0,b0241 or b0929 or b1377 or b2215,38922.0,0.0,0,"[38922.0, 39333.0, 41220.0, 40368.0]","[0.0, 21633.15, 0.0, 17383.90751]","['Cytoplasmic', 'Cytoplasmic', 'Cytoplasmic', 'Cytoplasmic']","[0, 17, 0, 16]"
818,INStex_f,Inosine transport via diffusion (extracellular to periplasm),Cytoplasmic,"Transport, Outer Membrane",100000000.0,b0411,33589.0,0,0,[33589.0],[0.0],['Cytoplasmic'],[0]
819,Ktex_f,Potassium transport via diffusion (extracellular to periplasm),Cytoplasmic,"Transport, Outer Membrane Porin",100000000.0,b0241 or b0929 or b1377 or b2215,38922.0,0.0,0,"[38922.0, 39333.0, 41220.0, 40368.0]","[0.0, 21633.15, 0.0, 17383.90751]","['Cytoplasmic', 'Cytoplasmic', 'Cytoplasmic', 'Cytoplasmic']","[0, 17, 0, 16]"
820,D_LACtex_f,D-lactate transport via diffusion (extracellular to periplasm),Cytoplasmic,"Transport, Outer Membrane Porin",100000000.0,b0241 or b0929 or b1377 or b2215,38922.0,0.0,0,"[38922.0, 39333.0, 41220.0, 40368.0]","[0.0, 21633.15, 0.0, 17383.90751]","['Cytoplasmic', 'Cytoplasmic', 'Cytoplasmic', 'Cytoplasmic']","[0, 17, 0, 16]"
821,NTD8pp,5'-nucleotidase (dGMP),Cytoplasmic,Nucleotide Salvage Pathway,4.12,b4055 or b0480,26104.0,0,0,"[26104.0, 60824.0]","[0.0, 0.0]","['Cytoplasmic', 'Cytoplasmic']","[0, 0]"
822,FRULYStex_f,Fructoselysine transporter via diffusion (extracellular),Cytoplasmic,"Transport, Outer Membrane Porin",100000000.0,b0241 or b0929 or b1377 or b2215,38922.0,0.0,0,"[38922.0, 39333.0, 41220.0, 40368.0]","[0.0, 21633.15, 0.0, 17383.90751]","['Cytoplasmic', 'Cytoplasmic', 'Cytoplasmic', 'Cytoplasmic']","[0, 17, 0, 16]"
823,EX_fad_e_f,Exchange of Flavin adenine dinucleotide oxidized,Exchange,Extracellular exchange,nan,,0,0,0,[0],[0],['Exchange'],[0]
824,GALCTt2rpp_f,"D-galactarte transport via proton symport, reversible (periplasm)",Inner Membrane,"Transport, Inner Membrane",22.0,b2789 or b3127,49009.0,27815.91892,12,"[49142.0, 49009.0]","[27628.72444, 27815.91892]","['Inner Membrane', 'Inner Membrane']","[12, 12]"
825,GALt2pp,D-galactose transport in via proton symport (periplasm),Inner Membrane,"Transport, Inner Membrane",22.0,b2943,50983.0,27689.0431,12,[50983.0],[27689.0431],['Inner Membrane'],[12]
826,ASPtex_f,L-aspartate transport via diffusion (extracellular to periplasm),Cytoplasmic,"Transport, Outer Membrane Porin",100000000.0,b0241 or b0929 or b1377 or b2215,38922.0,0.0,0,"[38922.0, 39333.0, 41220.0, 40368.0]","[0.0, 21633.15, 0.0, 17383.90751]","['Cytoplasmic', 'Cytoplasmic', 'Cytoplasmic', 'Cytoplasmic']","[0, 17, 0, 16]"
827,ABUTt2pp,4-aminobutyrate transport in via proton symport (periplasm),Inner Membrane,"Transport, Inner Membrane",22.0,b2663,51080.0,27682.06452,12,[51080.0],[27682.06452],['Inner Membrane'],[12]
828,CYSabcpp,L-cysteine uptake via ABC system (periplasm),Inner Membrane,"Transport, Inner Membrane",95.19583333,b1918 and b1920 and b1917,81517.0,7038.121622,3,[81517.0],[7038.121622],['Inner Membrane'],[3]
829,SBTptspp,D-sorbitol transport via PEP:Pyr PTS (periplasm),Inner Membrane,"Transport, Inner Membrane",3204.0,b2416 and b2704 and b2703 and b2702 and b2415,139897.0,17904.716944,8,[139897.0],[17904.716944],['Inner Membrane'],[8]
830,TREHpp,"Alpha,alpha-trehalase (periplasm)",Cytoplasmic,Alternate Carbon Metabolism,199.0,b1197,63637.0,0,0,[63637.0],[0.0],['Cytoplasmic'],[0]
831,CYTBDpp,Cytochrome oxidase bd (ubiquinol-8: 2 protons) (periplasm),Inner Membrane,Oxidative Phosphorylation,320.5,(b0978 and b0979) or (b0734 and b0733 and b4515),100344.0,33733.12417,15,"[100344.0, 104700.0]","[33733.12417, 37387.808968]","['Inner Membrane', 'Inner Membrane']","[15, 18]"
832,CYTBD2pp,Cytochrome oxidase bd (menaquinol-8: 2 protons) (periplasm),Inner Membrane,Oxidative Phosphorylation,320.5,b0978 and b0979,100344.0,33733.12417,15,[100344.0],[33733.12417],['Inner Membrane'],[15]
833,ACALDtpp_f,Acetaldehyde reversible transport (periplasm),Inner Membrane,"Transport, Inner Membrane",nan,s0001,0,0,0,[0.0],[0.0],['Inner Membrane'],[0]
834,ACt2rpp_f,Acetate reversible transport via proton symport (periplasm),Inner Membrane,"Transport, Inner Membrane",22.0,b0010,20071.0,13451.84043,6,[20071.0],[13451.84043],['Inner Membrane'],[6]
835,EX_fe3dcit_e_f,Fe(III)dicitrate exchange,Exchange,Extracellular exchange,nan,,0,0,0,[0],[0],['Exchange'],[0]
836,EX_fe3hox_e_f,Fe(III)hydroxamate exchange,Exchange,Extracellular exchange,nan,,0,0,0,[0],[0],['Exchange'],[0]
837,EX_fecrm_e_f,Ferrichrome exchange,Exchange,Extracellular exchange,nan,,0,0,0,[0],[0],['Exchange'],[0]
838,EX_feenter_e_f,Fe-enterobactin exchange,Exchange,Extracellular exchange,nan,,0,0,0,[0],[0],['Exchange'],[0]
839,EX_feoxam_e_f,Ferroxamine exchange,Exchange,Extracellular exchange,nan,,0,0,0,[0],[0],['Exchange'],[0]
840,EX_cbi_e_f,Cobinamide exchange,Exchange,Extracellular exchange,nan,,0,0,0,[0],[0],['Exchange'],[0]
841,EX_arbtn_fe3_e_f,Aerobactin exchange,Exchange,Extracellular exchange,nan,,0,0,0,[0],[0],['Exchange'],[0]
842,EX_cpgn_e_f,Coprogen exchange,Exchange,Extracellular exchange,nan,,0,0,0,[0],[0],['Exchange'],[0]
843,EX_adocbl_e_f,Adenosylcobalamin exchange,Exchange,Extracellular exchange,nan,,0,0,0,[0],[0],['Exchange'],[0]
844,ATPS4rpp_f,ATP synthase (four protons for one ATP) (periplasm),Inner Membrane,Oxidative Phosphorylation,79.0,(b3739 and (b3731 and b3733 and b3735 and b3734 and b3732) and (b3738 and b3736 and b3737)) or ((b3731 and b3733 and b3735 and b3734 and b3732) and (b3738 and b3736 and b3737)),227347.0,18454.280583,8,"[240979.0, 227347.0]","[27505.928583, 18454.280583]","['Inner Membrane', 'Inner Membrane']","[12, 8]"
845,INDOLEtex_f,Indole transport via diffusion (extracellular to periplasm),Cytoplasmic,"Transport, Outer Membrane Porin",100000000.0,b0241 or b0929 or b1377 or b2215,38922.0,0.0,0,"[38922.0, 39333.0, 41220.0, 40368.0]","[0.0, 21633.15, 0.0, 17383.90751]","['Cytoplasmic', 'Cytoplasmic', 'Cytoplasmic', 'Cytoplasmic']","[0, 17, 0, 16]"
846,L_LACtex_f,L-lactate transport via diffusion (extracellular to periplasm),Cytoplasmic,"Transport, Outer Membrane Porin",100000000.0,b0929 or b1377 or b2215 or b0241,38922.0,0.0,0,"[39333.0, 41220.0, 40368.0, 38922.0]","[21633.15, 0.0, 17383.90751, 0.0]","['Cytoplasmic', 'Cytoplasmic', 'Cytoplasmic', 'Cytoplasmic']","[17, 0, 16, 0]"
847,ACt4pp,Na+/Acetate symport (periplasm),Inner Membrane,"Transport, Inner Membrane",22.0,b4067,59197.0,32240.26047,13,[59197.0],[32240.26047],['Inner Membrane'],[13]
848,ADEt2rpp_f,Adenine transport via proton symport (reversible) (periplasm),Inner Membrane,"Transport, Inner Membrane",22.0,b3654 or b3714 or b3664,46866.0,24644.14382,12,"[48868.0, 46866.0, 46934.0]","[26597.70194, 24644.14382, 24735.48649]","['Inner Membrane', 'Inner Membrane', 'Inner Membrane']","[12, 12, 12]"
849,ADNt2pp_copy1,Adenosine transport in via proton symport (periplasm),Inner Membrane,"Transport, Inner Membrane",22.0,b2964 or b2393,43476.0,20542.41,9,"[46389.0, 43476.0]","[29631.2512, 20542.41]","['Inner Membrane', 'Inner Membrane']","[12, 9]"
850,ADNt2pp_copy2_f,Adenosine transport in via proton symport (periplasm),Inner Membrane,"Transport, Inner Membrane",22.0,b2406,46140.0,27816.45933,12,[46140.0],[27816.45933],['Inner Membrane'],[12]
851,ALAabcpp,L-alanine transport via ABC system (periplasm),Inner Membrane,"Transport, Inner Membrane",22.0,b3454 and b3456 and b3455 and b3460 and b3457,173064.0,43138.744170000005,19,[173064.0],[43138.744170000005],['Inner Membrane'],[19]
852,ALLabcpp,D-allose transport via ABC system (periplasm),Inner Membrane,"Transport, Inner Membrane",95.19583333,b4087 and b4088 and b4086,123971.0,22105.39877,10,[123971.0],[22105.39877],['Inner Membrane'],[10]
853,ALLTNt2rpp_f,Allantoin transport in via proton symport (periplasm),Inner Membrane,"Transport, Inner Membrane",22.0,b0511,52456.0,27311.80165,12,[52456.0],[27311.80165],['Inner Membrane'],[12]
854,ARBabcpp,L-arabinose transport via ABC system (periplasm),Inner Membrane,"Transport, Inner Membrane",95.19583333,b4460 and b1901 and b1900,124770.0,21903.38415,10,[124770.0],[21903.38415],['Inner Membrane'],[10]
855,ECOAH8_f,3-hydroxyacyl-CoA dehydratase (3-hydroxyoctadecanoyl-CoA),Cytoplasmic,Membrane Lipid Metabolism,7.5465,b2341 or b3846,77072.0,0,0,"[77072.0, 79594.0]","[0.0, 0.0]","['Cytoplasmic', 'Cytoplasmic']","[0, 0]"
856,GLCDpp,Glucose dehydrogenase (ubiquinone-8 as acceptor) (periplasm),Cytoplasmic,Oxidative Phosphorylation,3860.0,b0124 or b0837,41054.0,0.0,0,"[86747.0, 41054.0]","[11115.82161, 0.0]","['Inner Membrane', 'Cytoplasmic']","[5, 0]"
857,GUAtpp_f,Guanine transport via diffusion (periplasm),Inner Membrane,"Transport, Inner Membrane",100000000.0,b4464 or b4064,45711.0,23924.46548,12,"[46758.0, 45711.0]","[24149.73626, 23924.46548]","['Inner Membrane', 'Inner Membrane']","[12, 12]"
858,HYD2pp,Hydrogenase (menaquinone8: 2 protons) (periplasm),Inner Membrane,Oxidative Phosphorylation,1500.0,(b0973 and b0974 and b0972) or (b2994 and b2997 and b2996 and b2995),134531.0,12373.512187,5,"[134531.0, 181748.0]","[12373.512187, 25694.03571]","['Inner Membrane', 'Inner Membrane']","[5, 11]"
859,HYXNtpp_f,Hypoxanthine transport (periplasm),Inner Membrane,"Transport, Inner Membrane",22.0,b4064 or b4464,45711.0,23924.46548,12,"[45711.0, 46758.0]","[23924.46548, 24149.73626]","['Inner Membrane', 'Inner Membrane']","[12, 12]"
860,NACtpp,Nicotinic acid uptake (periplasm),Cytoplasmic,"Transport, Inner Membrane",nan,,0,0,0,[0],[0],['Cytoplasmic'],[0]
861,FE3DCITabcpp,Iron transport from ferric-dicitrate via ABC system (periplasm),Inner Membrane,Inorganic Ion Transport and Metabolism,95.19583333,b4287 and b4288 and b4289 and b4290,130361.0,35688.17049999999,16,[130361.0],[35688.17049999999],['Inner Membrane'],[16]
862,CPGNtonex,Coprogen transport via ton system (extracellular),Inner Membrane,"Transport, Outer Membrane",22.0,b1102 and (b1252 and b3005 and b3006),149141.0,14963.645794,5,[149141.0],[14963.645794],['Inner Membrane'],[5]
863,GLCRtex_f,D-glucarate transport via diffusion (extracellular to periplasm),Cytoplasmic,"Transport, Outer Membrane Porin",100000000.0,b0241 or b0929 or b1377 or b2215,38922.0,0.0,0,"[38922.0, 39333.0, 41220.0, 40368.0]","[0.0, 21633.15, 0.0, 17383.90751]","['Cytoplasmic', 'Cytoplasmic', 'Cytoplasmic', 'Cytoplasmic']","[0, 17, 0, 16]"
864,GLCNtex_f,D-gluconate transport via diffusion (extracellular to periplasm),Cytoplasmic,"Transport, Outer Membrane Porin",100000000.0,b0241 or b0929 or b1377 or b2215,38922.0,0.0,0,"[38922.0, 39333.0, 41220.0, 40368.0]","[0.0, 21633.15, 0.0, 17383.90751]","['Cytoplasmic', 'Cytoplasmic', 'Cytoplasmic', 'Cytoplasmic']","[0, 17, 0, 16]"
865,GLCURtex_f,D-glucuronat transport via diffusion (extracellular to periplasm),Cytoplasmic,"Transport, Outer Membrane Porin",100000000.0,b0241 or b0929 or b1377 or b2215,38922.0,0.0,0,"[38922.0, 39333.0, 41220.0, 40368.0]","[0.0, 21633.15, 0.0, 17383.90751]","['Cytoplasmic', 'Cytoplasmic', 'Cytoplasmic', 'Cytoplasmic']","[0, 17, 0, 16]"
866,GLNtex_f,L-glutamine transport via diffusion (extracellular to periplasm),Cytoplasmic,"Transport, Outer Membrane Porin",100000000.0,b0929 or b1377 or b2215 or b0241,38922.0,0.0,0,"[39333.0, 41220.0, 40368.0, 38922.0]","[21633.15, 0.0, 17383.90751, 0.0]","['Cytoplasmic', 'Cytoplasmic', 'Cytoplasmic', 'Cytoplasmic']","[17, 0, 16, 0]"
867,O2tex_f,Oxygen transport via diffusion (extracellular to periplasm),Cytoplasmic,"Transport, Outer Membrane Porin",100000000.0,b0241 or b0929 or b1377 or b2215,38922.0,0.0,0,"[38922.0, 39333.0, 41220.0, 40368.0]","[0.0, 21633.15, 0.0, 17383.90751]","['Cytoplasmic', 'Cytoplasmic', 'Cytoplasmic', 'Cytoplasmic']","[0, 17, 0, 16]"
868,EX_ppa_e_f,Propionate exchange,Exchange,Extracellular exchange,nan,,0,0,0,[0],[0],['Exchange'],[0]
869,OCTAtex_f,Octanoate transport via diffusion (extracellular to periplasm),Cytoplasmic,"Transport, Outer Membrane Porin",100000000.0,b0241 or b0929 or b1377 or b2215,38922.0,0.0,0,"[38922.0, 39333.0, 41220.0, 40368.0]","[0.0, 21633.15, 0.0, 17383.90751]","['Cytoplasmic', 'Cytoplasmic', 'Cytoplasmic', 'Cytoplasmic']","[0, 17, 0, 16]"
870,ORNtex_f,Ornithine transport via diffusion (extracellular to periplasm),Cytoplasmic,"Transport, Outer Membrane Porin",100000000.0,b0241 or b0929 or b1377 or b2215,38922.0,0.0,0,"[38922.0, 39333.0, 41220.0, 40368.0]","[0.0, 21633.15, 0.0, 17383.90751]","['Cytoplasmic', 'Cytoplasmic', 'Cytoplasmic', 'Cytoplasmic']","[0, 17, 0, 16]"
871,ECOAH5_f,3-hydroxyacyl-CoA dehydratase (3-hydroxydodecanoyl-CoA),Cytoplasmic,Membrane Lipid Metabolism,380.5,b2341 or b3846,77072.0,0,0,"[77072.0, 79594.0]","[0.0, 0.0]","['Cytoplasmic', 'Cytoplasmic']","[0, 0]"
872,DHFS,Dihydrofolate synthase,Cytoplasmic,Cofactor and Prosthetic Group Biosynthesis,1.7,b2315,45406.0,0,0,[45406.0],[0.0],['Cytoplasmic'],[0]
873,CITt7pp,Citrate transport via succinate antiport (periplasm),Inner Membrane,"Transport, Inner Membrane",22.0,b0612,53093.0,32052.03696,14,[53093.0],[32052.03696],['Inner Membrane'],[14]
874,CRNt7pp,Carnitine/butyrobetaine antiporter (periplasm),Inner Membrane,"Transport, Inner Membrane",22.0,b0040,56587.0,28518.05159,12,[56587.0],[28518.05159],['Inner Membrane'],[12]
875,EX_ni2_e_f,Ni2+ exchange,Exchange,Extracellular exchange,nan,,0,0,0,[0],[0],['Exchange'],[0]
876,EX_no_e_f,Nitric oxide exchange,Exchange,Extracellular exchange,nan,,0,0,0,[0],[0],['Exchange'],[0]
877,CHLabcpp,Choline transport via ABC system (periplasm),Inner Membrane,"Transport, Inner Membrane",95.19583333,b2129 and b2128 and b2131 and b2130,133688.0,35669.454549999995,16,[133688.0],[35669.454549999995],['Inner Membrane'],[16]
878,DGSNt2pp,Deoxyguanosine transport in via proton symport (periplasm),Inner Membrane,"Transport, Inner Membrane",22.0,b2964,46389.0,29631.2512,12,[46389.0],[29631.2512],['Inner Membrane'],[12]
879,DINSt2pp,Deoxyinosine transport in via proton symport (periplasm),Inner Membrane,"Transport, Inner Membrane",22.0,b2964,46389.0,29631.2512,12,[46389.0],[29631.2512],['Inner Membrane'],[12]
880,DURIt2pp,Deoxyuridine transport in via proton symport (periplasm),Inner Membrane,"Transport, Inner Membrane",22.0,b2393 or b2964,43476.0,20542.41,9,"[43476.0, 46389.0]","[20542.41, 29631.2512]","['Inner Membrane', 'Inner Membrane']","[9, 12]"
881,FE2abcpp,Iron (II) transport via ABC system (periplasm),Inner Membrane,Inorganic Ion Transport and Metabolism,22.0,b3409,84474.0,23167.51358,10,[84474.0],[23167.51358],['Inner Membrane'],[10]
882,FRUptspp,D-fructose transport via PEP:Pyr PTS (periplasm),Inner Membrane,"Transport, Inner Membrane",806.33125,b2415 and b2167 and b2169 and b2416,169848.0,19309.22025,9,[169848.0],[19309.22025],['Inner Membrane'],[9]
883,FUCtpp_f,L-fucose transport via proton symport (periplasm),Inner Membrane,"Transport, Inner Membrane",22.0,b2801,47545.0,34053.97025,12,[47545.0],[34053.97025],['Inner Membrane'],[12]
884,FUMt2_2pp,Fumarate transport via proton symport (2 H) (periplasm),Inner Membrane,"Transport, Inner Membrane",22.0,b3528,45436.0,19002.43925,8,[45436.0],[19002.43925],['Inner Membrane'],[8]
885,FUMt2_3pp,Fumarate transport via proton symport (3 H) (periplasm),Inner Membrane,"Transport, Inner Membrane",22.0,b4138 or b4123 or b0621,45751.0,18701.90993,10,"[45751.0, 47935.0, 48412.0]","[18701.90993, 17733.80045, 26463.82646]","['Inner Membrane', 'Inner Membrane', 'Inner Membrane']","[10, 9, 12]"
886,FEENTERtonex,Fe-enterobactin transport via ton system (extracellular),Inner Membrane,"Transport, Outer Membrane",22.0,b0584 and (b1252 and b3005 and b3006),150015.0,14963.645794,5,[150015.0],[14963.645794],['Inner Membrane'],[5]
887,CSNt2pp,Cytosine transport in via proton symport (periplasm),Inner Membrane,"Transport, Inner Membrane",22.0,b0336,43650.0,25106.56325,12,[43650.0],[25106.56325],['Inner Membrane'],[12]
888,CYNTt2pp,Cyanate transport via proton symport (periplasm),Inner Membrane,"Transport, Inner Membrane",22.0,b0341,41361.0,27143.15625,12,[41361.0],[27143.15625],['Inner Membrane'],[12]
889,CYTDt2pp_copy1,Cytidine transport in via proton symport (periplasm),Inner Membrane,"Transport, Inner Membrane",22.0,b2393 or b2964,43476.0,20542.41,9,"[43476.0, 46389.0]","[20542.41, 29631.2512]","['Inner Membrane', 'Inner Membrane']","[9, 12]"
890,CYTDt2pp_copy2_f,Cytidine transport in via proton symport (periplasm),Inner Membrane,"Transport, Inner Membrane",22.0,b2406,46140.0,27816.45933,12,[46140.0],[27816.45933],['Inner Membrane'],[12]
891,DADNt2pp,Deoxyadenosine transport in via proton symport (periplasm),Inner Membrane,"Transport, Inner Membrane",22.0,b2393 or b2964,43476.0,20542.41,9,"[43476.0, 46389.0]","[20542.41, 29631.2512]","['Inner Membrane', 'Inner Membrane']","[9, 12]"
892,DCYTt2pp,Deoxycytidine transport in via proton symport (periplasm),Inner Membrane,"Transport, Inner Membrane",22.0,b2393 or b2964,43476.0,20542.41,9,"[43476.0, 46389.0]","[20542.41, 29631.2512]","['Inner Membrane', 'Inner Membrane']","[9, 12]"
893,DDGLCNt2rpp_f,"2-dehydro-3-deoxy-D-gluconate transport via proton symport, reversible (periplasm)",Inner Membrane,"Transport, Inner Membrane",22.0,b3909,33669.0,21622.29358,10,[33669.0],[21622.29358],['Inner Membrane'],[10]
894,RMNtex_f,L-rhamnose transport via diffusion (extracellular to periplasm),Cytoplasmic,"Transport, Outer Membrane Porin",100000000.0,b0241 or b2215 or b0929 or b1377,38922.0,0.0,0,"[38922.0, 40368.0, 39333.0, 41220.0]","[0.0, 17383.90751, 21633.15, 0.0]","['Cytoplasmic', 'Cytoplasmic', 'Cytoplasmic', 'Cytoplasmic']","[0, 16, 17, 0]"
895,EX_meoh_e_f,Methanol exchange,Exchange,Extracellular exchange,nan,,0,0,0,[0],[0],['Exchange'],[0]
896,MALTTRtexi,Maltotriose transport via diffusion (extracellular to periplasm) irreversible,Cytoplasmic,"Transport, Outer Membrane",100000000.0,b4036,49912.0,27030.72684,18,[49912.0],[27030.72684],['Cytoplasmic'],[18]
897,MALTTTRtexi,MaltotetraoseMaltotriose transport via diffusion (extracellular to periplasm) irreversible,Cytoplasmic,"Transport, Outer Membrane",100000000.0,b4036,49912.0,27030.72684,18,[49912.0],[27030.72684],['Cytoplasmic'],[18]
898,MALTPTtexi,MaltopentaoseMaltotriose transport via diffusion (extracellular to periplasm) irreversible,Cytoplasmic,"Transport, Outer Membrane",100000000.0,b4036,49912.0,27030.72684,18,[49912.0],[27030.72684],['Cytoplasmic'],[18]
899,MALTtexi,MaltoseMaltotriose transport via diffusion (extracellular to periplasm) irreversible,Cytoplasmic,"Transport, Outer Membrane",100000000.0,b4036,49912.0,27030.72684,18,[49912.0],[27030.72684],['Cytoplasmic'],[18]
900,GLCtex_copy1,Glucose transport via diffusion (extracellular to periplasm),Cytoplasmic,"Transport, Outer Membrane",100000000.0,b4036,49912.0,27030.72684,18,[49912.0],[27030.72684],['Cytoplasmic'],[18]
901,FE3DCITtonex,Ferric-dicitrate transport via ton system (extracellular),Inner Membrane,"Transport, Outer Membrane",22.0,(b1252 and b3005 and b3006) and b4291,153230.0,14963.645794,5,[153230.0],[14963.645794],['Inner Membrane'],[5]
902,PHEtex_f,L-phenylalanine transport via diffusion (extracellular to periplasm),Cytoplasmic,"Transport, Outer Membrane Porin",100000000.0,b0241 or b0929 or b1377 or b2215,38922.0,0.0,0,"[38922.0, 39333.0, 41220.0, 40368.0]","[0.0, 21633.15, 0.0, 17383.90751]","['Cytoplasmic', 'Cytoplasmic', 'Cytoplasmic', 'Cytoplasmic']","[0, 17, 0, 16]"
903,PItex_f,Phosphate transport via diffusion (extracellular to periplasm),Cytoplasmic,"Transport, Outer Membrane Porin",100000000.0,b0241 or b0929 or b1377 or b2215,38922.0,0.0,0,"[38922.0, 39333.0, 41220.0, 40368.0]","[0.0, 21633.15, 0.0, 17383.90751]","['Cytoplasmic', 'Cytoplasmic', 'Cytoplasmic', 'Cytoplasmic']","[0, 17, 0, 16]"
904,ACGAMK,N-acetylglucosamine kinase,Cytoplasmic,Murein Recycling,21.6875,b1119,33043.0,0,0,[33043.0],[0.0],['Cytoplasmic'],[0]
905,METS,Methionine synthase,Cytoplasmic,Methionine Metabolism,8.33,b4019 or b3829,84674.0,0.0,0,"[135997.0, 84674.0]","[0.0, 0.0]","['Cytoplasmic', 'Cytoplasmic']","[0, 0]"
906,EX_cu2_e_f,Cu2+ exchange,Exchange,Extracellular exchange,nan,,0,0,0,[0],[0],['Exchange'],[0]
907,CYSabc2pp,L-cysteine export via ABC system (cytoplasm to periplasm),Inner Membrane,"Transport, Inner Membrane",22.0,b0887 and b0886,127976.0,27776.38295,12,[127976.0],[27776.38295],['Inner Membrane'],[12]
908,PRASCSi,Phosphoribosylaminoimidazolesuccinocarboxamide synthase,Cytoplasmic,Purine and Pyrimidine Biosynthesis,19.6,b2476,26995.0,0,0,[26995.0],[0.0],['Cytoplasmic'],[0]
909,TRSARr_f,Tartronate semialdehyde reductase,Cytoplasmic,Alternate Carbon Metabolism,243.0,b0509 or b3125,30427.0,0.0,0,"[30801.0, 30427.0]","[0.0, 0.0]","['Cytoplasmic', 'Cytoplasmic']","[0, 0]"
910,LYXI,Lyxose isomerase,Cytoplasmic,Alternate Carbon Metabolism,73.8,b3903,47199.0,0,0,[47199.0],[0.0],['Cytoplasmic'],[0]
911,EX_pheme_e_f,Protoheme exchange,Exchange,Extracellular exchange,nan,,0,0,0,[0],[0],['Exchange'],[0]
912,PNTOtex_f,Pantothenate transport via diffusion (extracellular to periplasm),Cytoplasmic,"Transport, Outer Membrane Porin",100000000.0,b0241 or b0929 or b1377 or b2215,38922.0,0.0,0,"[38922.0, 39333.0, 41220.0, 40368.0]","[0.0, 21633.15, 0.0, 17383.90751]","['Cytoplasmic', 'Cytoplasmic', 'Cytoplasmic', 'Cytoplasmic']","[0, 17, 0, 16]"
913,PPPNtex_f,3-phenylpropionate transport via diffusion (extracellular to periplasm),Cytoplasmic,"Transport, Outer Membrane Porin",100000000.0,b0241 or b0929 or b1377 or b2215,38922.0,0.0,0,"[38922.0, 39333.0, 41220.0, 40368.0]","[0.0, 21633.15, 0.0, 17383.90751]","['Cytoplasmic', 'Cytoplasmic', 'Cytoplasmic', 'Cytoplasmic']","[0, 17, 0, 16]"
914,PPTtex_f,Phosphonate transport via diffusion (extracellular to periplasm),Cytoplasmic,"Transport, Outer Membrane Porin",100000000.0,b0241 or b0929 or b1377 or b2215,38922.0,0.0,0,"[38922.0, 39333.0, 41220.0, 40368.0]","[0.0, 21633.15, 0.0, 17383.90751]","['Cytoplasmic', 'Cytoplasmic', 'Cytoplasmic', 'Cytoplasmic']","[0, 17, 0, 16]"
915,PTRCtex_f,Putrescine transport via diffusion (extracellular to periplasm),Cytoplasmic,"Transport, Outer Membrane Porin",100000000.0,b0241 or b0929 or b1377 or b2215,38922.0,0.0,0,"[38922.0, 39333.0, 41220.0, 40368.0]","[0.0, 21633.15, 0.0, 17383.90751]","['Cytoplasmic', 'Cytoplasmic', 'Cytoplasmic', 'Cytoplasmic']","[0, 17, 0, 16]"
916,PYRtex_f,Pyruvate transport via diffusion (extracellular to periplasm),Cytoplasmic,"Transport, Outer Membrane Porin",100000000.0,b0241 or b0929 or b1377 or b2215,38922.0,0.0,0,"[38922.0, 39333.0, 41220.0, 40368.0]","[0.0, 21633.15, 0.0, 17383.90751]","['Cytoplasmic', 'Cytoplasmic', 'Cytoplasmic', 'Cytoplasmic']","[0, 17, 0, 16]"
917,DSERtex_f,D-serine transport via diffusion (extracellular to periplasm),Cytoplasmic,"Transport, Outer Membrane Porin",100000000.0,b0241 or b0929 or b1377 or b2215,38922.0,0.0,0,"[38922.0, 39333.0, 41220.0, 40368.0]","[0.0, 21633.15, 0.0, 17383.90751]","['Cytoplasmic', 'Cytoplasmic', 'Cytoplasmic', 'Cytoplasmic']","[0, 17, 0, 16]"
918,SERtex_f,L-serine transport via diffusion (extracellular to periplasm),Cytoplasmic,"Transport, Outer Membrane Porin",100000000.0,b0241 or b0929 or b1377 or b2215,38922.0,0.0,0,"[38922.0, 39333.0, 41220.0, 40368.0]","[0.0, 21633.15, 0.0, 17383.90751]","['Cytoplasmic', 'Cytoplasmic', 'Cytoplasmic', 'Cytoplasmic']","[0, 17, 0, 16]"
919,SO4tex_f,Sulfate transport via diffusion (extracellular to periplasm),Cytoplasmic,"Transport, Outer Membrane Porin",100000000.0,b0241 or b0929 or b1377 or b2215,38922.0,0.0,0,"[38922.0, 39333.0, 41220.0, 40368.0]","[0.0, 21633.15, 0.0, 17383.90751]","['Cytoplasmic', 'Cytoplasmic', 'Cytoplasmic', 'Cytoplasmic']","[0, 17, 0, 16]"
920,SPMDtex_f,Spermidine transport via diffusion (extracellular to periplasm),Cytoplasmic,"Transport, Outer Membrane Porin",100000000.0,b2215 or b0241 or b0929 or b1377,38922.0,0.0,0,"[40368.0, 38922.0, 39333.0, 41220.0]","[17383.90751, 0.0, 21633.15, 0.0]","['Cytoplasmic', 'Cytoplasmic', 'Cytoplasmic', 'Cytoplasmic']","[16, 0, 17, 0]"
921,SUCCtex_f,Succinate transport via diffusion (extracellular to periplasm),Cytoplasmic,"Transport, Outer Membrane Porin",100000000.0,b0241 or b0929 or b1377 or b2215,38922.0,0.0,0,"[38922.0, 39333.0, 41220.0, 40368.0]","[0.0, 21633.15, 0.0, 17383.90751]","['Cytoplasmic', 'Cytoplasmic', 'Cytoplasmic', 'Cytoplasmic']","[0, 17, 0, 16]"
922,SUCRtex_f,Sucrose transport transport via diffusion (extracellular to periplasm),Cytoplasmic,"Transport, Outer Membrane Porin",100000000.0,b0241 or b0929 or b1377 or b2215,38922.0,0.0,0,"[38922.0, 39333.0, 41220.0, 40368.0]","[0.0, 21633.15, 0.0, 17383.90751]","['Cytoplasmic', 'Cytoplasmic', 'Cytoplasmic', 'Cytoplasmic']","[0, 17, 0, 16]"
923,TARTRtex_f,Tartrate transport via diffusion (extracellular to periplasm),Cytoplasmic,"Transport, Outer Membrane Porin",100000000.0,b0241 or b0929 or b1377 or b2215,38922.0,0.0,0,"[38922.0, 39333.0, 41220.0, 40368.0]","[0.0, 21633.15, 0.0, 17383.90751]","['Cytoplasmic', 'Cytoplasmic', 'Cytoplasmic', 'Cytoplasmic']","[0, 17, 0, 16]"
924,TAURtex_f,Taurine transport via diffusion (extracellular to periplasm),Cytoplasmic,"Transport, Outer Membrane Porin",100000000.0,b0241 or b0929 or b1377 or b2215,38922.0,0.0,0,"[38922.0, 39333.0, 41220.0, 40368.0]","[0.0, 21633.15, 0.0, 17383.90751]","['Cytoplasmic', 'Cytoplasmic', 'Cytoplasmic', 'Cytoplasmic']","[0, 17, 0, 16]"
925,THRtex_f,L-threonine transport via diffusion (extracellular to periplasm),Cytoplasmic,"Transport, Outer Membrane Porin",100000000.0,b0241 or b0929 or b1377 or b2215,38922.0,0.0,0,"[38922.0, 39333.0, 41220.0, 40368.0]","[0.0, 21633.15, 0.0, 17383.90751]","['Cytoplasmic', 'Cytoplasmic', 'Cytoplasmic', 'Cytoplasmic']","[0, 17, 0, 16]"
926,THMDtex_f,Thymidine transport via diffusion (extracellular to periplasm),Cytoplasmic,"Transport, Outer Membrane Porin",100000000.0,b0241 or b0929 or b1377 or b2215,38922.0,0.0,0,"[38922.0, 39333.0, 41220.0, 40368.0]","[0.0, 21633.15, 0.0, 17383.90751]","['Cytoplasmic', 'Cytoplasmic', 'Cytoplasmic', 'Cytoplasmic']","[0, 17, 0, 16]"
927,CBIuabcpp,"Cobinamide transport via ABC system (uptake, periplasm)",Inner Membrane,"Transport, Inner Membrane",0.845,b1711 and b0158 and b1709,91397.0,21869.92638,10,[91397.0],[21869.92638],['Inner Membrane'],[10]
928,METDtex_f,D-methionine transport via diffusion (extracellular to periplasm),Cytoplasmic,"Transport, Outer Membrane Porin",100000000.0,b0241 or b0929 or b1377 or b2215,38922.0,0.0,0,"[38922.0, 39333.0, 41220.0, 40368.0]","[0.0, 21633.15, 0.0, 17383.90751]","['Cytoplasmic', 'Cytoplasmic', 'Cytoplasmic', 'Cytoplasmic']","[0, 17, 0, 16]"
929,METtex_f,L-methionine transport via diffusion (extracellular to periplasm),Cytoplasmic,"Transport, Outer Membrane Porin",100000000.0,b0241 or b0929 or b1377 or b2215,38922.0,0.0,0,"[38922.0, 39333.0, 41220.0, 40368.0]","[0.0, 21633.15, 0.0, 17383.90751]","['Cytoplasmic', 'Cytoplasmic', 'Cytoplasmic', 'Cytoplasmic']","[0, 17, 0, 16]"
930,MNLtex_f,Mannitol transport via diffusion (extracellular to periplasm),Cytoplasmic,"Transport, Outer Membrane Porin",100000000.0,b1377 or b2215 or b0241 or b0929,38922.0,0.0,0,"[41220.0, 40368.0, 38922.0, 39333.0]","[0.0, 17383.90751, 0.0, 21633.15]","['Cytoplasmic', 'Cytoplasmic', 'Cytoplasmic', 'Cytoplasmic']","[0, 16, 0, 17]"
931,NAtex_f,Sodium transport via diffusion (extracellular to periplasm),Cytoplasmic,"Transport, Outer Membrane Porin",100000000.0,b0241 or b0929 or b1377 or b2215,38922.0,0.0,0,"[38922.0, 39333.0, 41220.0, 40368.0]","[0.0, 21633.15, 0.0, 17383.90751]","['Cytoplasmic', 'Cytoplasmic', 'Cytoplasmic', 'Cytoplasmic']","[0, 17, 0, 16]"
932,NACtex_f,Nicotinic acid transport via diffusion (extracellular to periplasm),Cytoplasmic,"Transport, Outer Membrane Porin",100000000.0,b0241 or b0929 or b1377 or b2215,38922.0,0.0,0,"[38922.0, 39333.0, 41220.0, 40368.0]","[0.0, 21633.15, 0.0, 17383.90751]","['Cytoplasmic', 'Cytoplasmic', 'Cytoplasmic', 'Cytoplasmic']","[0, 17, 0, 16]"
933,NH4tex_f,Ammonia transport via diffusion (extracellular to periplasm),Cytoplasmic,"Transport, Outer Membrane Porin",100000000.0,b1377 or b2215 or b0241 or b0929,38922.0,0.0,0,"[41220.0, 40368.0, 38922.0, 39333.0]","[0.0, 17383.90751, 0.0, 21633.15]","['Cytoplasmic', 'Cytoplasmic', 'Cytoplasmic', 'Cytoplasmic']","[0, 16, 0, 17]"
934,URIH,Uridine hydrolase,Cytoplasmic,Alternate Carbon Metabolism,5.05,b2162 or b0651 or b0030,32561.0,0.0,0,"[33748.0, 33823.0, 32561.0]","[0.0, 0.0, 0.0]","['Cytoplasmic', 'Cytoplasmic', 'Cytoplasmic']","[0, 0, 0]"
935,XTSNH,Xanthosine hydrolase,Cytoplasmic,Nucleotide Salvage Pathway,6.3,b0030,32561.0,0,0,[32561.0],[0.0],['Cytoplasmic'],[0]
936,INSH,Inosine hydrolase,Cytoplasmic,Nucleotide Salvage Pathway,2.198,b0030,32561.0,0,0,[32561.0],[0.0],['Cytoplasmic'],[0]
937,BUTtex_f,Butyrate transport via diffusion (extracellular to periplasm),Cytoplasmic,"Transport, Outer Membrane Porin",100000000.0,b0241 or b0929 or b1377 or b2215,38922.0,0.0,0,"[38922.0, 39333.0, 41220.0, 40368.0]","[0.0, 21633.15, 0.0, 17383.90751]","['Cytoplasmic', 'Cytoplasmic', 'Cytoplasmic', 'Cytoplasmic']","[0, 17, 0, 16]"
938,CHLtex_f,Choline transport via diffusion (extracellular to periplasm),Cytoplasmic,"Transport, Outer Membrane Porin",100000000.0,b0241 or b0929 or b1377 or b2215,38922.0,0.0,0,"[38922.0, 39333.0, 41220.0, 40368.0]","[0.0, 21633.15, 0.0, 17383.90751]","['Cytoplasmic', 'Cytoplasmic', 'Cytoplasmic', 'Cytoplasmic']","[0, 17, 0, 16]"
939,CO2tex_f,CO2 transport via diffusion (extracellular to periplasm),Cytoplasmic,"Transport, Outer Membrane Porin",100000000.0,b0241 or b0929 or b1377 or b2215,38922.0,0.0,0,"[38922.0, 39333.0, 41220.0, 40368.0]","[0.0, 21633.15, 0.0, 17383.90751]","['Cytoplasmic', 'Cytoplasmic', 'Cytoplasmic', 'Cytoplasmic']","[0, 17, 0, 16]"
940,CRNtex_f,L-carnitine transport via diffusion (extracellular to periplasm),Cytoplasmic,"Transport, Outer Membrane Porin",100000000.0,b0241 or b0929 or b1377 or b2215,38922.0,0.0,0,"[38922.0, 39333.0, 41220.0, 40368.0]","[0.0, 21633.15, 0.0, 17383.90751]","['Cytoplasmic', 'Cytoplasmic', 'Cytoplasmic', 'Cytoplasmic']","[0, 17, 0, 16]"
941,PPK2,Polyphosphate kinase,Cytoplasmic,Oxidative Phosphorylation,23.6,b2501,80432.0,0,0,[80432.0],[0.0],['Cytoplasmic'],[0]
942,DINStex_f,Deoxyinosine transport via diffusion (extracellular to periplasm),Cytoplasmic,"Transport, Outer Membrane Porin",100000000.0,b0241 or b0929 or b1377 or b2215,38922.0,0.0,0,"[38922.0, 39333.0, 41220.0, 40368.0]","[0.0, 21633.15, 0.0, 17383.90751]","['Cytoplasmic', 'Cytoplasmic', 'Cytoplasmic', 'Cytoplasmic']","[0, 17, 0, 16]"
943,DMStex_f,Dimethyl sulfide transport via diffusion (extracellular to periplasm),Cytoplasmic,"Transport, Outer Membrane Porin",100000000.0,b0241 or b0929 or b1377 or b2215,38922.0,0.0,0,"[38922.0, 39333.0, 41220.0, 40368.0]","[0.0, 21633.15, 0.0, 17383.90751]","['Cytoplasmic', 'Cytoplasmic', 'Cytoplasmic', 'Cytoplasmic']","[0, 17, 0, 16]"
944,CSNtex_f,Cytosine transport via diffusion (extracellular to periplasm),Cytoplasmic,"Transport, Outer Membrane Porin",100000000.0,b0241 or b0929 or b1377 or b2215,38922.0,0.0,0,"[38922.0, 39333.0, 41220.0, 40368.0]","[0.0, 21633.15, 0.0, 17383.90751]","['Cytoplasmic', 'Cytoplasmic', 'Cytoplasmic', 'Cytoplasmic']","[0, 17, 0, 16]"
945,CYNTtex_f,Cyanate transport via diffusion (extracellular to periplasm),Cytoplasmic,"Transport, Outer Membrane Porin",100000000.0,b2215 or b0241 or b0929 or b1377,38922.0,0.0,0,"[40368.0, 38922.0, 39333.0, 41220.0]","[17383.90751, 0.0, 21633.15, 0.0]","['Cytoplasmic', 'Cytoplasmic', 'Cytoplasmic', 'Cytoplasmic']","[16, 0, 17, 0]"
946,CYStex_f,L-cysteine transport via diffusion (extracellular to periplasm),Cytoplasmic,"Transport, Outer Membrane Porin",100000000.0,b0241 or b0929 or b1377 or b2215,38922.0,0.0,0,"[38922.0, 39333.0, 41220.0, 40368.0]","[0.0, 21633.15, 0.0, 17383.90751]","['Cytoplasmic', 'Cytoplasmic', 'Cytoplasmic', 'Cytoplasmic']","[0, 17, 0, 16]"
947,CYTDtex_f,Cytidine transport via diffusion (extracellular to periplasm),Cytoplasmic,"Transport, Outer Membrane Porin",100000000.0,b0241 or b0929 or b1377 or b2215,38922.0,0.0,0,"[38922.0, 39333.0, 41220.0, 40368.0]","[0.0, 21633.15, 0.0, 17383.90751]","['Cytoplasmic', 'Cytoplasmic', 'Cytoplasmic', 'Cytoplasmic']","[0, 17, 0, 16]"
948,DCAtex_f,Decanoate transport via diffusion (extracellular to periplasm),Cytoplasmic,"Transport, Outer Membrane Porin",100000000.0,b0241 or b0929 or b1377 or b2215,38922.0,0.0,0,"[38922.0, 39333.0, 41220.0, 40368.0]","[0.0, 21633.15, 0.0, 17383.90751]","['Cytoplasmic', 'Cytoplasmic', 'Cytoplasmic', 'Cytoplasmic']","[0, 17, 0, 16]"
949,DCYTtex_f,Deoxycytidine transport via diffusion (extracellular to periplasm),Cytoplasmic,"Transport, Outer Membrane",100000000.0,b0411,33589.0,0,0,[33589.0],[0.0],['Cytoplasmic'],[0]
950,DGSNtex_f,Deoxyguanosine transport via diffusion (extracellular to periplasm),Cytoplasmic,"Transport, Outer Membrane Porin",100000000.0,b0241 or b0929 or b1377 or b2215,38922.0,0.0,0,"[38922.0, 39333.0, 41220.0, 40368.0]","[0.0, 21633.15, 0.0, 17383.90751]","['Cytoplasmic', 'Cytoplasmic', 'Cytoplasmic', 'Cytoplasmic']","[0, 17, 0, 16]"
951,MTHFR2,"5,10-methylenetetrahydrofolate reductase (NADH)",Cytoplasmic,Folate Metabolism,32.7,b3941,33103.0,0,0,[33103.0],[0.0],['Cytoplasmic'],[0]
952,ASPO3,L-aspartate oxidase,Cytoplasmic,Cofactor and Prosthetic Group Biosynthesis,0.267,b2574,60337.0,0,0,[60337.0],[0.0],['Cytoplasmic'],[0]
953,ASPO5,L-aspartate oxidase,Cytoplasmic,Cofactor and Prosthetic Group Biosynthesis,0.267,b2574,60337.0,0,0,[60337.0],[0.0],['Cytoplasmic'],[0]
954,ASPO4,L-aspartate oxidase,Cytoplasmic,Cofactor and Prosthetic Group Biosynthesis,0.267,b2574,60337.0,0,0,[60337.0],[0.0],['Cytoplasmic'],[0]
955,ASPO6,L-aspartate oxidase,Cytoplasmic,Cofactor and Prosthetic Group Biosynthesis,0.267,b2574,60337.0,0,0,[60337.0],[0.0],['Cytoplasmic'],[0]
956,LCTStex_f,Lactose transport via diffusion (extracellular to periplasm),Cytoplasmic,"Transport, Outer Membrane Porin",100000000.0,b0241 or b0929 or b1377 or b2215,38922.0,0.0,0,"[38922.0, 39333.0, 41220.0, 40368.0]","[0.0, 21633.15, 0.0, 17383.90751]","['Cytoplasmic', 'Cytoplasmic', 'Cytoplasmic', 'Cytoplasmic']","[0, 17, 0, 16]"
957,LEUtex_f,L-leucine transport via diffusion (extracellular to periplasm),Cytoplasmic,"Transport, Outer Membrane Porin",100000000.0,b0241 or b0929 or b1377 or b2215,38922.0,0.0,0,"[38922.0, 39333.0, 41220.0, 40368.0]","[0.0, 21633.15, 0.0, 17383.90751]","['Cytoplasmic', 'Cytoplasmic', 'Cytoplasmic', 'Cytoplasmic']","[0, 17, 0, 16]"
958,LYStex_f,L-lysine transport via diffusion (extracellular to periplasm),Cytoplasmic,"Transport, Outer Membrane Porin",100000000.0,b0241 or b0929 or b1377 or b2215,38922.0,0.0,0,"[38922.0, 39333.0, 41220.0, 40368.0]","[0.0, 21633.15, 0.0, 17383.90751]","['Cytoplasmic', 'Cytoplasmic', 'Cytoplasmic', 'Cytoplasmic']","[0, 17, 0, 16]"
959,LYXtex_f,L-Lyxose transport via diffusion (extracellular to periplasm),Cytoplasmic,"Transport, Outer Membrane Porin",100000000.0,b0241 or b0929 or b1377 or b2215,38922.0,0.0,0,"[38922.0, 39333.0, 41220.0, 40368.0]","[0.0, 21633.15, 0.0, 17383.90751]","['Cytoplasmic', 'Cytoplasmic', 'Cytoplasmic', 'Cytoplasmic']","[0, 17, 0, 16]"
960,MANtex_f,D-mannose transport via diffusion (extracellular to periplasm),Cytoplasmic,"Transport, Outer Membrane Porin",100000000.0,b0241 or b0929 or b1377 or b2215,38922.0,0.0,0,"[38922.0, 39333.0, 41220.0, 40368.0]","[0.0, 21633.15, 0.0, 17383.90751]","['Cytoplasmic', 'Cytoplasmic', 'Cytoplasmic', 'Cytoplasmic']","[0, 17, 0, 16]"
961,MAN6Ptex_f,Mannose 6-phosphate transport via diffusion (extracellular to periplasm),Cytoplasmic,"Transport, Outer Membrane Porin",100000000.0,b2215 or b0241 or b0929 or b1377,38922.0,0.0,0,"[40368.0, 38922.0, 39333.0, 41220.0]","[17383.90751, 0.0, 21633.15, 0.0]","['Cytoplasmic', 'Cytoplasmic', 'Cytoplasmic', 'Cytoplasmic']","[16, 0, 17, 0]"
962,MELIBtex_f,Melibiose transport via diffusion (extracellular to periplasm),Cytoplasmic,"Transport, Outer Membrane Porin",100000000.0,b0241 or b0929 or b1377 or b2215,38922.0,0.0,0,"[38922.0, 39333.0, 41220.0, 40368.0]","[0.0, 21633.15, 0.0, 17383.90751]","['Cytoplasmic', 'Cytoplasmic', 'Cytoplasmic', 'Cytoplasmic']","[0, 17, 0, 16]"
963,DMSOtex_f,Dimethyl sulfoxide transport via diffusion (extracellular to periplasm),Cytoplasmic,"Transport, Outer Membrane Porin",100000000.0,b0241 or b0929 or b1377 or b2215,38922.0,0.0,0,"[38922.0, 39333.0, 41220.0, 40368.0]","[0.0, 21633.15, 0.0, 17383.90751]","['Cytoplasmic', 'Cytoplasmic', 'Cytoplasmic', 'Cytoplasmic']","[0, 17, 0, 16]"
964,DURItex_f,Deoxyuridine transport via diffusion (extracellular to periplasm),Cytoplasmic,"Transport, Outer Membrane",100000000.0,b0411,33589.0,0,0,[33589.0],[0.0],['Cytoplasmic'],[0]
965,EX_mal__D_e_f,D-Malate exchange,Exchange,Extracellular exchange,nan,,0,0,0,[0],[0],['Exchange'],[0]
966,FRUtex_f,D-fructose transport via diffusion (extracellular to periplasm),Cytoplasmic,"Transport, Outer Membrane Porin",100000000.0,b0241 or b0929 or b1377 or b2215,38922.0,0.0,0,"[38922.0, 39333.0, 41220.0, 40368.0]","[0.0, 21633.15, 0.0, 17383.90751]","['Cytoplasmic', 'Cytoplasmic', 'Cytoplasmic', 'Cytoplasmic']","[0, 17, 0, 16]"
967,FUCtex_f,L-fucose transport via diffusion (extracellular to periplasm),Cytoplasmic,"Transport, Outer Membrane Porin",100000000.0,b0241 or b0929 or b1377 or b2215,38922.0,0.0,0,"[38922.0, 39333.0, 41220.0, 40368.0]","[0.0, 21633.15, 0.0, 17383.90751]","['Cytoplasmic', 'Cytoplasmic', 'Cytoplasmic', 'Cytoplasmic']","[0, 17, 0, 16]"
968,FUMtex_f,Fumarate transport via diffusion (extracellular to periplasm),Cytoplasmic,"Transport, Outer Membrane Porin",100000000.0,b0241 or b0929 or b1377 or b2215,38922.0,0.0,0,"[38922.0, 39333.0, 41220.0, 40368.0]","[0.0, 21633.15, 0.0, 17383.90751]","['Cytoplasmic', 'Cytoplasmic', 'Cytoplasmic', 'Cytoplasmic']","[0, 17, 0, 16]"
969,ACACT5r_f,Acetyl-CoA C-acyltransferase (decanoyl-CoA) (r),Cytoplasmic,Membrane Lipid Metabolism,1.4,b3845 or b2342,40876.0,0,0,"[40876.0, 46531.0]","[0.0, 0.0]","['Cytoplasmic', 'Cytoplasmic']","[0, 0]"
970,MALDDH,Malate decarboxylating oxidoreductase (decarboxylating),Cytoplasmic,Alternate Carbon Metabolism,76.08846667,b1800,40315.0,0,0,[40315.0],[0.0],['Cytoplasmic'],[0]
971,FE2tex_f,Iron (II) transport via diffusion (extracellular to periplasm),Cytoplasmic,"Transport, Outer Membrane Porin",100000000.0,b1377 or b2215 or b0241 or b0929,38922.0,0.0,0,"[41220.0, 40368.0, 38922.0, 39333.0]","[0.0, 17383.90751, 0.0, 21633.15]","['Cytoplasmic', 'Cytoplasmic', 'Cytoplasmic', 'Cytoplasmic']","[0, 16, 0, 17]"
972,NMNtex_f,NMN transport via diffusion (extracellular to periplasm),Cytoplasmic,"Transport, Outer Membrane Porin",100000000.0,b0241 or b0929 or b1377 or b2215,38922.0,0.0,0,"[38922.0, 39333.0, 41220.0, 40368.0]","[0.0, 21633.15, 0.0, 17383.90751]","['Cytoplasmic', 'Cytoplasmic', 'Cytoplasmic', 'Cytoplasmic']","[0, 17, 0, 16]"
973,NO2tex_f,Nitrite transport via diffusion (extracellular to periplasm),Cytoplasmic,"Transport, Outer Membrane Porin",100000000.0,b0241 or b0929 or b1377 or b2215,38922.0,0.0,0,"[38922.0, 39333.0, 41220.0, 40368.0]","[0.0, 21633.15, 0.0, 17383.90751]","['Cytoplasmic', 'Cytoplasmic', 'Cytoplasmic', 'Cytoplasmic']","[0, 17, 0, 16]"
974,DHPS2,Dihydropteroate synthase,Cytoplasmic,Cofactor and Prosthetic Group Biosynthesis,0.109,b3177,30615.0,0,0,[30615.0],[0.0],['Cytoplasmic'],[0]
975,MTHFC_f,Methenyltetrahydrofolate cyclohydrolase,Cytoplasmic,Folate Metabolism,134.0,b0529,31044.0,0,0,[31044.0],[0.0],['Cytoplasmic'],[0]
976,MTHFD_f,Methylenetetrahydrofolate dehydrogenase (NADP),Cytoplasmic,Folate Metabolism,10.0,b0529,31044.0,0,0,[31044.0],[0.0],['Cytoplasmic'],[0]
977,BUTt2rpp_f,"Butyrate transport via proton symport, reversible (periplasm)",Inner Membrane,"Transport, Inner Membrane",22.0,b2223,47528.0,27220.58182,12,[47528.0],[27220.58182],['Inner Membrane'],[12]
978,CADVtpp,Lysine/Cadaverine antiporter (periplasm),Inner Membrane,"Transport, Inner Membrane",22.0,b4132,46665.0,26485.54054,12,[46665.0],[26485.54054],['Inner Membrane'],[12]
979,QULNS,Quinolinate synthase,Cytoplasmic,Cofactor and Prosthetic Group Biosynthesis,16.08025,b0750,38241.0,0,0,[38241.0],[0.0],['Cytoplasmic'],[0]
980,ALKP,Alkaline phosphatase,Cytoplasmic,Alternate Carbon Metabolism,749.8136875,b2690,20780.0,0,0,[20780.0],[0.0],['Cytoplasmic'],[0]
981,GDPtex_f,GDP transport via diffusion (extracellular to periplasm),Cytoplasmic,"Transport, Outer Membrane Porin",100000000.0,b0929 or b1377 or b2215 or b0241,38922.0,0.0,0,"[39333.0, 41220.0, 40368.0, 38922.0]","[21633.15, 0.0, 17383.90751, 0.0]","['Cytoplasmic', 'Cytoplasmic', 'Cytoplasmic', 'Cytoplasmic']","[17, 0, 16, 0]"
982,EX_cobalt2_e_f,Co2+ exchange,Exchange,Extracellular exchange,nan,,0,0,0,[0],[0],['Exchange'],[0]
983,TMAtex_f,Trimethylamine transport via diffusion (extracellular to periplasm),Cytoplasmic,"Transport, Outer Membrane Porin",100000000.0,b0241 or b0929 or b1377 or b2215,38922.0,0.0,0,"[38922.0, 39333.0, 41220.0, 40368.0]","[0.0, 21633.15, 0.0, 17383.90751]","['Cytoplasmic', 'Cytoplasmic', 'Cytoplasmic', 'Cytoplasmic']","[0, 17, 0, 16]"
984,TMAOtex_f,Trimethylamine N-oxide transport via diffusion (extracellular to periplasm),Cytoplasmic,"Transport, Outer Membrane Porin",100000000.0,b0241 or b0929 or b1377 or b2215,38922.0,0.0,0,"[38922.0, 39333.0, 41220.0, 40368.0]","[0.0, 21633.15, 0.0, 17383.90751]","['Cytoplasmic', 'Cytoplasmic', 'Cytoplasmic', 'Cytoplasmic']","[0, 17, 0, 16]"
985,TREtex_f,Trehalose transport via diffusion (extracellular to periplasm),Cytoplasmic,"Transport, Outer Membrane Porin",100000000.0,b0241 or b0929 or b1377 or b2215,38922.0,0.0,0,"[38922.0, 39333.0, 41220.0, 40368.0]","[0.0, 21633.15, 0.0, 17383.90751]","['Cytoplasmic', 'Cytoplasmic', 'Cytoplasmic', 'Cytoplasmic']","[0, 17, 0, 16]"
986,L_LACD3,L-Lactate dehydrogenase (menaquinone),Cytoplasmic,Oxidative Phosphorylation,53.847349,(b0306 and b0308 and b0307) or b3605,42728.0,0.0,0,"[104269.0, 42728.0]","[0.0, 0.0]","['Cytoplasmic', 'Cytoplasmic']","[0, 0]"
987,L_LACD2,L-Lactate dehydrogenase (ubiquinone),Cytoplasmic,Oxidative Phosphorylation,53.847349,(b0308 and b0306 and b0307) or b3605,42728.0,0.0,0,"[104269.0, 42728.0]","[0.0, 0.0]","['Cytoplasmic', 'Cytoplasmic']","[0, 0]"
988,ACACT6r_f,Acetyl-CoA C-acyltransferase (dodecanoyl-CoA) (r),Cytoplasmic,Membrane Lipid Metabolism,1.4,b2342 or b3845,40876.0,0.0,0,"[46531.0, 40876.0]","[0.0, 0.0]","['Cytoplasmic', 'Cytoplasmic']","[0, 0]"
989,TRPtex_f,L-tryptophan transport via diffusion (extracellular to periplasm),Cytoplasmic,"Transport, Outer Membrane Porin",100000000.0,b0241 or b0929 or b1377 or b2215,38922.0,0.0,0,"[38922.0, 39333.0, 41220.0, 40368.0]","[0.0, 21633.15, 0.0, 17383.90751]","['Cytoplasmic', 'Cytoplasmic', 'Cytoplasmic', 'Cytoplasmic']","[0, 17, 0, 16]"
990,TSULtex_f,Thiosulfate transport via diffusion (extracellular to periplasm),Cytoplasmic,"Transport, Outer Membrane Porin",100000000.0,b0241 or b0929 or b1377 or b2215,38922.0,0.0,0,"[38922.0, 39333.0, 41220.0, 40368.0]","[0.0, 21633.15, 0.0, 17383.90751]","['Cytoplasmic', 'Cytoplasmic', 'Cytoplasmic', 'Cytoplasmic']","[0, 17, 0, 16]"
991,TYRtex_f,L-tyrosine transport via diffusion (extracellular to periplasm),Cytoplasmic,"Transport, Outer Membrane Porin",100000000.0,b0241 or b0929 or b1377 or b2215,38922.0,0.0,0,"[38922.0, 39333.0, 41220.0, 40368.0]","[0.0, 21633.15, 0.0, 17383.90751]","['Cytoplasmic', 'Cytoplasmic', 'Cytoplasmic', 'Cytoplasmic']","[0, 17, 0, 16]"
992,URAtex_f,Uracil transport via diffusion (extracellular to periplasm),Cytoplasmic,"Transport, Outer Membrane Porin",100000000.0,b0241 or b0929 or b1377 or b2215,38922.0,0.0,0,"[38922.0, 39333.0, 41220.0, 40368.0]","[0.0, 21633.15, 0.0, 17383.90751]","['Cytoplasmic', 'Cytoplasmic', 'Cytoplasmic', 'Cytoplasmic']","[0, 17, 0, 16]"
993,UREAtex_f,Urea transport via diffusion (extracellular to periplasm),Cytoplasmic,"Transport, Outer Membrane Porin",100000000.0,b0241 or b0929 or b1377 or b2215,38922.0,0.0,0,"[38922.0, 39333.0, 41220.0, 40368.0]","[0.0, 21633.15, 0.0, 17383.90751]","['Cytoplasmic', 'Cytoplasmic', 'Cytoplasmic', 'Cytoplasmic']","[0, 17, 0, 16]"
994,URItex_f,Uridine transport via diffusion (extracellular to periplasm),Cytoplasmic,"Transport, Outer Membrane",100000000.0,b0411,33589.0,0,0,[33589.0],[0.0],['Cytoplasmic'],[0]
995,VALtex_f,L-valine transport via diffusion (extracellular to periplasm),Cytoplasmic,"Transport, Outer Membrane Porin",100000000.0,b0241 or b0929 or b1377 or b2215,38922.0,0.0,0,"[38922.0, 39333.0, 41220.0, 40368.0]","[0.0, 21633.15, 0.0, 17383.90751]","['Cytoplasmic', 'Cytoplasmic', 'Cytoplasmic', 'Cytoplasmic']","[0, 17, 0, 16]"
996,XANtex_f,Xanthine transport via diffusion (extracellular to periplasm),Cytoplasmic,"Transport, Outer Membrane Porin",100000000.0,b0241 or b0929 or b1377 or b2215,38922.0,0.0,0,"[38922.0, 39333.0, 41220.0, 40368.0]","[0.0, 21633.15, 0.0, 17383.90751]","['Cytoplasmic', 'Cytoplasmic', 'Cytoplasmic', 'Cytoplasmic']","[0, 17, 0, 16]"
997,XYLtex_f,D-xylose transport via diffusion (extracellular to periplasm),Cytoplasmic,"Transport, Outer Membrane Porin",100000000.0,b0241 or b0929 or b1377 or b2215,38922.0,0.0,0,"[38922.0, 39333.0, 41220.0, 40368.0]","[0.0, 21633.15, 0.0, 17383.90751]","['Cytoplasmic', 'Cytoplasmic', 'Cytoplasmic', 'Cytoplasmic']","[0, 17, 0, 16]"
998,ABUTtex_f,4-aminobutyrate transport via diffusion (extracellular to periplasm),Cytoplasmic,"Transport, Outer Membrane Porin",100000000.0,b0241 or b0929 or b1377 or b2215,38922.0,0.0,0,"[38922.0, 39333.0, 41220.0, 40368.0]","[0.0, 21633.15, 0.0, 17383.90751]","['Cytoplasmic', 'Cytoplasmic', 'Cytoplasmic', 'Cytoplasmic']","[0, 17, 0, 16]"
999,FORtppi,Formate transport via diffusion (cytoplasm to periplasm),Inner Membrane,"Transport, Inner Membrane",100000000.0,b0904 or b2492,30565.0,13656.70213,6,"[30991.0, 30565.0]","[14788.68772, 13656.70213]","['Inner Membrane', 'Inner Membrane']","[6, 6]"
1000,DATPHs,DATP amine hydrolysis (spontaneous),Inner Membrane,Nucleotide Salvage Pathway,nan,s0001,0,0,0,[0.0],[0.0],['Inner Membrane'],[0]
1001,GLCTR1,Glucosyltransferase I (LPS core synthesis),Cytoplasmic,Lipopolysaccharide Biosynthesis / Recycling,4.357545811,b3631,42284.0,0,0,[42284.0],[0.0],['Cytoplasmic'],[0]
1002,LIPAabcpp,Lipid A transport via ABC system (periplasm),Inner Membrane,Lipopolysaccharide Biosynthesis / Recycling,95.19583333,b0914,64461.0,11740.31959,5,[64461.0],[11740.31959],['Inner Membrane'],[5]
1003,LIPACabcpp,Lipid (cold) A transport via ABC system (periplasm),Inner Membrane,Lipopolysaccharide Biosynthesis / Recycling,95.19583333,b0914,64461.0,11740.31959,5,[64461.0],[11740.31959],['Inner Membrane'],[5]
1004,GGGABADr_f,Gamma-glutamyl-gamma aminobutyric acid dehydrogenase,Cytoplasmic,Alternate Carbon Metabolism,3.71,b1300,53419.0,0,0,[53419.0],[0.0],['Cytoplasmic'],[0]
1005,EX_mso3_e_f,Methanesulfonate exchange,Exchange,Extracellular exchange,nan,,0,0,0,[0],[0],['Exchange'],[0]
1006,EX_23camp_e_f,"2',3'-Cyclic AMP exchange",Exchange,Extracellular exchange,nan,,0,0,0,[0],[0],['Exchange'],[0]
1007,EX_23cgmp_e_f,"2',3'-Cyclic GMP exchange",Exchange,Extracellular exchange,nan,,0,0,0,[0],[0],['Exchange'],[0]
1008,EX_23cump_e_f,"2',3'-Cyclic UMP exchange",Exchange,Extracellular exchange,nan,,0,0,0,[0],[0],['Exchange'],[0]
1009,EX_3amp_e_f,3'-AMP exchange,Exchange,Extracellular exchange,nan,,0,0,0,[0],[0],['Exchange'],[0]
1010,EX_3gmp_e_f,3'-GMP exchange,Exchange,Extracellular exchange,nan,,0,0,0,[0],[0],['Exchange'],[0]
1011,EX_3ump_e_f,3'-UMP exchange,Exchange,Extracellular exchange,nan,,0,0,0,[0],[0],['Exchange'],[0]
1012,EX_glyc__R_e_f,(R)-Glycerate exchange,Exchange,Extracellular exchange,nan,,0,0,0,[0],[0],['Exchange'],[0]
1013,EX_eca4colipa_e_f,(enterobacterial common antigen)x4 core oligosaccharide lipid A exchange,Exchange,Extracellular exchange,nan,,0,0,0,[0],[0],['Exchange'],[0]
1014,GLYOX3,Glyoxalase III,Cytoplasmic,Methylglyoxal Metabolism,1.43,b1967,31190.0,0,0,[31190.0],[0.0],['Cytoplasmic'],[0]
1015,FDMO3,FMNH2-dependent monooxygenase (ethanesulfonate),Cytoplasmic,Inorganic Ion Transport and Metabolism,0.86,b0935,41736.0,0,0,[41736.0],[0.0],['Cytoplasmic'],[0]
1016,FDMO4,FMNH2-dependent monooxygenase (butanesulfonate),Cytoplasmic,Inorganic Ion Transport and Metabolism,0.86,b0935,41736.0,0,0,[41736.0],[0.0],['Cytoplasmic'],[0]
1017,BUTSO3abcpp,Butanesulfonate transport via ABC system (periplasm),Inner Membrane,"Transport, Inner Membrane",95.19583333,(b0934 and b0933 and b0936) or (b0366 and b0365 and b0367),91221.0,18586.78707,8,"[91221.0, 92375.0]","[18586.78707, 16152.68364]","['Inner Membrane', 'Inner Membrane']","[8, 7]"
1018,ETHSO3abcpp,Ethanesulfonate transport via ABC system (periplasm),Inner Membrane,"Transport, Inner Membrane",95.19583333,b0934 and b0933 and b0936,91221.0,18586.78707,8,[91221.0],[18586.78707],['Inner Membrane'],[8]
1019,EX_sel_e_f,Selenate exchange,Exchange,Extracellular exchange,nan,,0,0,0,[0],[0],['Exchange'],[0]
1020,EX_hg2_e_f,Hg2+ exchange,Exchange,Extracellular exchange,nan,,0,0,0,[0],[0],['Exchange'],[0]
1021,O16GLCT1,Glucosyltransferase I (LPS O16 antigen biosynthesis),Cytoplasmic,Lipopolysaccharide Biosynthesis / Recycling,22.0,b2032,43188.0,0,0,[43188.0],[0.0],['Cytoplasmic'],[0]
1022,O16AP2pp,O16 antigen polymerase (periplasm),Inner Membrane,Lipopolysaccharide Biosynthesis / Recycling,18.3185,b2027 and b2035,81199.0,26492.058502,11,[81199.0],[26492.058502],['Inner Membrane'],[11]
1023,O16AP3pp,O16 antigen polymerase (periplasm),Inner Membrane,Lipopolysaccharide Biosynthesis / Recycling,18.3185,b2027 and b2035,81199.0,26492.058502,11,[81199.0],[26492.058502],['Inner Membrane'],[11]
1024,O16A4Lpp,O16 anitgen (x4) ligase (periplasm),Inner Membrane,Lipopolysaccharide Biosynthesis / Recycling,18.3185,b3622,46878.0,28193.9284,12,[46878.0],[28193.9284],['Inner Membrane'],[12]
1025,MALTATr_f,Maltose O-acetyltransferase,Cytoplasmic,Alternate Carbon Metabolism,32.4876,b0459,20096.0,0,0,[20096.0],[0.0],['Cytoplasmic'],[0]
1026,DHBSH,"2,3-dihydroxybenzoylserine hydrolase",Cytoplasmic,Cofactor and Prosthetic Group Biosynthesis,nan,,0,0,0,[0],[0],['Cytoplasmic'],[0]
1027,ENTERES,Enterochelin Esterase,Cytoplasmic,Inorganic Ion Transport and Metabolism,3.0206,b0585,45652.0,0,0,[45652.0],[0.0],['Cytoplasmic'],[0]
1028,FEOXAMUtex,Ferroxamine (minus Fe3) secretion (to extracellular),Cytoplasmic,Inorganic Ion Transport and Metabolism,nan,,0,0,0,[0],[0],['Cytoplasmic'],[0]
1029,ARBTNtpp,Aerobactin secretion (to periplasm),Cytoplasmic,Inorganic Ion Transport and Metabolism,nan,,0,0,0,[0],[0],['Cytoplasmic'],[0]
1030,ARBTNtex,Aerobactin secretion (to extracellular),Cytoplasmic,"Transport, Outer Membrane",nan,,0,0,0,[0],[0],['Cytoplasmic'],[0]
1031,23CAMPtex_f,23cAMP transport via diffusion (extracellular to periplasm),Cytoplasmic,"Transport, Outer Membrane Porin",100000000.0,b0241 or b0929 or b1377 or b2215,38922.0,0.0,0,"[38922.0, 39333.0, 41220.0, 40368.0]","[0.0, 21633.15, 0.0, 17383.90751]","['Cytoplasmic', 'Cytoplasmic', 'Cytoplasmic', 'Cytoplasmic']","[0, 17, 0, 16]"
1032,23CCMPtex_f,23cCMP transport via diffusion (extracellular to periplasm),Cytoplasmic,"Transport, Outer Membrane Porin",100000000.0,b0241 or b0929 or b1377 or b2215,38922.0,0.0,0,"[38922.0, 39333.0, 41220.0, 40368.0]","[0.0, 21633.15, 0.0, 17383.90751]","['Cytoplasmic', 'Cytoplasmic', 'Cytoplasmic', 'Cytoplasmic']","[0, 17, 0, 16]"
1033,23CUMPtex_f,23cUMP transport via diffusion (extracellular to periplasm),Cytoplasmic,"Transport, Outer Membrane Porin",100000000.0,b0241 or b0929 or b1377 or b2215,38922.0,0.0,0,"[38922.0, 39333.0, 41220.0, 40368.0]","[0.0, 21633.15, 0.0, 17383.90751]","['Cytoplasmic', 'Cytoplasmic', 'Cytoplasmic', 'Cytoplasmic']","[0, 17, 0, 16]"
1034,23CGMPtex_f,23cGMP transport via diffusion (extracellular to periplasm),Cytoplasmic,"Transport, Outer Membrane Porin",100000000.0,b0241 or b0929 or b1377 or b2215,38922.0,0.0,0,"[38922.0, 39333.0, 41220.0, 40368.0]","[0.0, 21633.15, 0.0, 17383.90751]","['Cytoplasmic', 'Cytoplasmic', 'Cytoplasmic', 'Cytoplasmic']","[0, 17, 0, 16]"
1035,3AMPtex_f,3AMP transport via diffusion (extracellular to periplasm),Cytoplasmic,"Transport, Outer Membrane Porin",100000000.0,b0241 or b0929 or b1377 or b2215,38922.0,0.0,0,"[38922.0, 39333.0, 41220.0, 40368.0]","[0.0, 21633.15, 0.0, 17383.90751]","['Cytoplasmic', 'Cytoplasmic', 'Cytoplasmic', 'Cytoplasmic']","[0, 17, 0, 16]"
1036,3CMPtex_f,3CMP transport via diffusion (extracellular to periplasm),Cytoplasmic,"Transport, Outer Membrane Porin",100000000.0,b0241 or b0929 or b1377 or b2215,38922.0,0.0,0,"[38922.0, 39333.0, 41220.0, 40368.0]","[0.0, 21633.15, 0.0, 17383.90751]","['Cytoplasmic', 'Cytoplasmic', 'Cytoplasmic', 'Cytoplasmic']","[0, 17, 0, 16]"
1037,LADGMDH,L-alanyl-gamma-D-glutamyl-meso-diaminopimelate hydrolase,Cytoplasmic,Murein Recycling,22.0,b1326,26558.0,0,0,[26558.0],[0.0],['Cytoplasmic'],[0]
1038,ALAGLUE_f,L-alanyl-gamma-glutamate epimerase,Cytoplasmic,Murein Recycling,17.0,b1325,34674.0,0,0,[34674.0],[0.0],['Cytoplasmic'],[0]
1039,FEENTERtpp,Enterochelin transport (secretion),Inner Membrane,"Transport, Inner Membrane",22.0,b0591,43282.0,26322.94712,12,[43282.0],[26322.94712],['Inner Membrane'],[12]
1040,FEENTERtex,Enterochelin transport (secretion periplasm),Cytoplasmic,Inorganic Ion Transport and Metabolism,22.0,b3035,53741.0,5476.789809,4,[53741.0],[5476.789809],['Cytoplasmic'],[4]
1041,FE3HOXUtpp,Fe(III)hydroxamate unloaded secretion (extracellular),Cytoplasmic,Inorganic Ion Transport and Metabolism,nan,,0,0,0,[0],[0],['Cytoplasmic'],[0]
1042,FEOXAMUtpp,Ferroxamine (minus Fe3) secretion (to periplasm),Cytoplasmic,Inorganic Ion Transport and Metabolism,nan,,0,0,0,[0],[0],['Cytoplasmic'],[0]
1043,FECRMUtpp,Ferrichrome (minus Fe) secretion (to periplasm),Cytoplasmic,Inorganic Ion Transport and Metabolism,nan,,0,0,0,[0],[0],['Cytoplasmic'],[0]
1044,FE3HOXR2,Fe(III)hydroxamate reductase,Cytoplasmic,Inorganic Ion Transport and Metabolism,nan,,0,0,0,[0],[0],['Cytoplasmic'],[0]
1045,PTRCt2pp,Putrescine transport in via proton symport,Inner Membrane,"Transport, Inner Membrane",22.0,b0692 or b1296 or b2014,46495.0,26689.61276,12,"[46495.0, 50853.0, 49538.0]","[26689.61276, 27798.1692, 27618.53097]","['Inner Membrane', 'Inner Membrane', 'Inner Membrane']","[12, 12, 12]"
1046,GGGABAH,Gamma-glutamyl-gamma-aminobutyric acid hydrolase,Cytoplasmic,Alternate Carbon Metabolism,111.8694444,b1298,28013.0,0,0,[28013.0],[0.0],['Cytoplasmic'],[0]
1047,FRULYSK,Fructoselysine Kinase,Cytoplasmic,Alternate Carbon Metabolism,14.80483333,b3374,28332.0,0,0,[28332.0],[0.0],['Cytoplasmic'],[0]
1048,FDMO6,FMNH2-dependent monooxygenase (sulfoacetate),Cytoplasmic,Inorganic Ion Transport and Metabolism,0.86,b0935,41736.0,0,0,[41736.0],[0.0],['Cytoplasmic'],[0]
1049,SULFACabcpp,Sulfoacetate transport via ABC system (periplasm),Inner Membrane,"Transport, Inner Membrane",95.19583333,b0934 and b0933 and b0936,91221.0,18586.78707,8,[91221.0],[18586.78707],['Inner Membrane'],[8]
1050,ETHSO3tex_f,Ethanesulfonate transport via diffusion (extracellular to periplasm),Cytoplasmic,"Transport, Outer Membrane Porin",100000000.0,b0241 or b0929 or b1377 or b2215,38922.0,0.0,0,"[38922.0, 39333.0, 41220.0, 40368.0]","[0.0, 21633.15, 0.0, 17383.90751]","['Cytoplasmic', 'Cytoplasmic', 'Cytoplasmic', 'Cytoplasmic']","[0, 17, 0, 16]"
1051,BUTSO3tex_f,Butanesulfonate transport via diffusion (extracellular to periplasm),Cytoplasmic,"Transport, Outer Membrane Porin",100000000.0,b0241 or b0929 or b1377 or b2215,38922.0,0.0,0,"[38922.0, 39333.0, 41220.0, 40368.0]","[0.0, 21633.15, 0.0, 17383.90751]","['Cytoplasmic', 'Cytoplasmic', 'Cytoplasmic', 'Cytoplasmic']","[0, 17, 0, 16]"
1052,LIPOtex_f,Lipoate transport via diffusion (extracellular to periplasm),Cytoplasmic,"Transport, Outer Membrane Porin",100000000.0,b1377 or b2215 or b0929 or b0241,38922.0,0.0,0,"[41220.0, 40368.0, 39333.0, 38922.0]","[0.0, 17383.90751, 21633.15, 0.0]","['Cytoplasmic', 'Cytoplasmic', 'Cytoplasmic', 'Cytoplasmic']","[0, 16, 17, 0]"
1053,CYANSTpp,Cyanide sulfurtransferase (periplasmic),Cytoplasmic,Inorganic Ion Transport and Metabolism,230.0,b1308,11475.0,0,0,[11475.0],[0.0],['Cytoplasmic'],[0]
1054,MCPST,3-mercaptopyruvate sulfurtransferase,Cytoplasmic,Cysteine Metabolism,12.5,b2521,30812.0,0,0,[30812.0],[0.0],['Cytoplasmic'],[0]
1055,PHEMEabcpp,Protoheme transport via ABC system (periplasm),Inner Membrane,"Transport, Inner Membrane",95.19583333,b2198 and b2199 and b2197 and b2200 and b2201,100000.0,32450.501824,14,[100000.0],[32450.501824],['Inner Membrane'],[14]
1056,METSOX1abcpp,L-methionine S-oxide transport via ABC system (periplasm),Cytoplasmic,"Transport, Inner Membrane",nan,,0,0,0,[0],[0],['Cytoplasmic'],[0]
1057,GALBDtex_f,Beta D-galactose transport via diffusion (extracellular to periplasm),Cytoplasmic,"Transport, Outer Membrane Porin",100000000.0,b2215 or b0241 or b0929 or b1377,38922.0,0.0,0,"[40368.0, 38922.0, 39333.0, 41220.0]","[17383.90751, 0.0, 21633.15, 0.0]","['Cytoplasmic', 'Cytoplasmic', 'Cytoplasmic', 'Cytoplasmic']","[16, 0, 17, 0]"
1058,LIPAHT2ex,Core oligosaccharide lipid A:hexadecanoate transferase (n-C16:0) (extracellular membrane),Cytoplasmic,Lipopolysaccharide Biosynthesis / Recycling,46.80901367,b0622,21770.0,0,0,[21770.0],[0.0],['Cytoplasmic'],[0]
1059,LIPAHTex,Lipid A:hexadecanoate transferase (n-C16:0) (extracellular membrane),Cytoplasmic,Lipopolysaccharide Biosynthesis / Recycling,46.80901367,b0622,21770.0,0,0,[21770.0],[0.0],['Cytoplasmic'],[0]
1060,ECAP1pp,Enterobacterial common antigen polymerase (periplasm),Inner Membrane,Lipopolysaccharide Biosynthesis / Recycling,18.3185,b3785 and b3793,91006.0,31211.307123,13,[91006.0],[31211.307123],['Inner Membrane'],[13]
1061,UDCPDPpp,Undecaprenyl-diphosphatase (periplasm),Inner Membrane,Cell Envelope Biosynthesis,9.0,b1278 or b3057 or b0841,22399.0,9955.111111,4,"[29021.0, 29759.0, 22399.0]","[13420.77866, 16024.07692, 9955.111111]","['Inner Membrane', 'Inner Membrane', 'Inner Membrane']","[6, 7, 4]"
1062,ECAP2pp,Enterobacterial common antigen polymerase (periplasm),Inner Membrane,Lipopolysaccharide Biosynthesis / Recycling,18.3185,b3785 and b3793,91006.0,31211.307123,13,[91006.0],[31211.307123],['Inner Membrane'],[13]
1063,ECA4OALpp,Enterobacterial common antigen (x4) O-antigen ligase (periplasm),Inner Membrane,Lipopolysaccharide Biosynthesis / Recycling,18.3185,b3622,46878.0,28193.9284,12,[46878.0],[28193.9284],['Inner Membrane'],[12]
1064,FE3Ri,Fe(III) reduction,Cytoplasmic,Cofactor and Prosthetic Group Biosynthesis,17.37,b3844,26242.0,0,0,[26242.0],[0.0],['Cytoplasmic'],[0]
1065,FE3HOXR3,Fe(III)hydroxamate reductase,Cytoplasmic,Inorganic Ion Transport and Metabolism,nan,,0,0,0,[0],[0],['Cytoplasmic'],[0]
1066,FEENTERR1,Fe-enterobactin reduction (Fe(III)-unloading),Cytoplasmic,Inorganic Ion Transport and Metabolism,nan,,0,0,0,[0],[0],['Cytoplasmic'],[0]
1067,FEENTERR3,Fe-enterobactin reduction (Fe(III)-unloading),Cytoplasmic,Inorganic Ion Transport and Metabolism,nan,,0,0,0,[0],[0],['Cytoplasmic'],[0]
1068,SULFACtex_f,Sulfoaceate transport via diffusion (extracellular to periplasm),Cytoplasmic,"Transport, Outer Membrane Porin",100000000.0,b1377 or b2215 or b0241 or b0929,38922.0,0.0,0,"[41220.0, 40368.0, 38922.0, 39333.0]","[0.0, 17383.90751, 0.0, 21633.15]","['Cytoplasmic', 'Cytoplasmic', 'Cytoplasmic', 'Cytoplasmic']","[0, 16, 0, 17]"
1069,EX_sulfac_e_f,Sulfoacetate exchange,Exchange,Extracellular exchange,nan,,0,0,0,[0],[0],['Exchange'],[0]
1070,EX_butso3_e_f,Butanesulfonate exchange,Exchange,Extracellular exchange,nan,,0,0,0,[0],[0],['Exchange'],[0]
1071,EX_ethso3_e_f,Ethanesulfonate exchange,Exchange,Extracellular exchange,nan,,0,0,0,[0],[0],['Exchange'],[0]
1072,NODOy,Nitric oxide dioxygenase,Cytoplasmic,Nitrogen Metabolism,670.0,b2552,43868.0,0,0,[43868.0],[0.0],['Cytoplasmic'],[0]
1073,GALM2pp,Aldose-1-epimerase,Cytoplasmic,Alternate Carbon Metabolism,12000.0,b0756,38190.0,0,0,[38190.0],[0.0],['Cytoplasmic'],[0]
1074,CU1abcpp,Copper (Cu +1) ABC transporter (periplasm),Inner Membrane,Inorganic Ion Transport and Metabolism,95.19583333,b0484,87873.0,17722.28571,8,[87873.0],[17722.28571],['Inner Membrane'],[8]
1075,HG2abcpp,Mercury (Hg+2) ABC transporter (periplasm),Inner Membrane,Inorganic Ion Transport and Metabolism,300.0,b3469,76840.0,16900.60109,8,[76840.0],[16900.60109],['Inner Membrane'],[8]
1076,GLCTR3,Glucosyltransferase III (LPS core synthesis),Cytoplasmic,Lipopolysaccharide Biosynthesis / Recycling,4.357545811,b3626,39040.0,0,0,[39040.0],[0.0],['Cytoplasmic'],[0]
1077,HEPT4,Heptosyltransferase IV (LPS core synthesis),Cytoplasmic,Lipopolysaccharide Biosynthesis / Recycling,18.3185,b3623,41729.0,0,0,[41729.0],[0.0],['Cytoplasmic'],[0]
1078,LA4NTpp,"4-amino-4-deoxy-L-arabinotransferase (LPS lipid A modification, periplasmic face of membrane))",Inner Membrane,Lipopolysaccharide Biosynthesis / Recycling,24.0530625,b2257,62543.0,28428.63636,12,[62543.0],[28428.63636],['Inner Membrane'],[12]
1079,NODOx,Nitric oxide dioxygenase,Cytoplasmic,Nitrogen Metabolism,360.0,b2552,43868.0,0,0,[43868.0],[0.0],['Cytoplasmic'],[0]
1080,NOtex_f,Nitric oxide transport via diffusion (extracellular to periplasm),Cytoplasmic,"Transport, Outer Membrane Porin",100000000.0,b0241 or b0929 or b1377 or b2215,38922.0,0.0,0,"[38922.0, 39333.0, 41220.0, 40368.0]","[0.0, 21633.15, 0.0, 17383.90751]","['Cytoplasmic', 'Cytoplasmic', 'Cytoplasmic', 'Cytoplasmic']","[0, 17, 0, 16]"
1081,NOtpp_f,NO transport (diffusion),Inner Membrane,Inorganic Ion Transport and Metabolism,nan,s0001,0,0,0,[0.0],[0.0],['Inner Membrane'],[0]
1082,NHFRBO,NADH:flavorubredoxin oxidoreductase,Cytoplasmic,Nitrogen Metabolism,316.15,b2711 and b2710,95638.0,0,0,[95638.0],[0.0],['Cytoplasmic'],[0]
1083,N2Otpp_f,Nitrious oxide transport (diffusion),Inner Membrane,Inorganic Ion Transport and Metabolism,nan,s0001,0,0,0,[0.0],[0.0],['Inner Membrane'],[0]
1084,N2Otex_f,Nitrious oxide transport via diffusion (extracellular to periplasm),Cytoplasmic,"Transport, Outer Membrane Porin",100000000.0,b0241 or b0929 or b1377 or b2215,38922.0,0.0,0,"[38922.0, 39333.0, 41220.0, 40368.0]","[0.0, 21633.15, 0.0, 17383.90751]","['Cytoplasmic', 'Cytoplasmic', 'Cytoplasmic', 'Cytoplasmic']","[0, 17, 0, 16]"
1085,CRNt8pp,L-carnitine/D-carnitine antiporter (periplasm),Inner Membrane,"Transport, Inner Membrane",22.0,b0040,56587.0,28518.05159,12,[56587.0],[28518.05159],['Inner Membrane'],[12]
1086,CRNt2rpp_f,L-carnitine outward transport (H+ antiport),Inner Membrane,"Transport, Inner Membrane",22.0,b4111,54846.0,27642.384,12,[54846.0],[27642.384],['Inner Membrane'],[12]
1087,CRNDt2rpp_f,D-carnitine outward transport (H+ antiport),Inner Membrane,"Transport, Inner Membrane",22.0,b4111,54846.0,27642.384,12,[54846.0],[27642.384],['Inner Membrane'],[12]
1088,CTBTt2rpp_f,Cronobetaine outward transport (H+ antiport),Inner Membrane,"Transport, Inner Membrane",22.0,b4111,54846.0,27642.384,12,[54846.0],[27642.384],['Inner Membrane'],[12]
1089,42A12BOOXpp,"4-(2-Aminoethyl)-1,2-benzenediol:oxygen oxidoreductase(deaminating)(flavin-containing)",Cytoplasmic,Nitrogen Metabolism,86.03333333,b1386,84379.0,0,0,[84379.0],[0.0],['Cytoplasmic'],[0]
1090,TYROXDApp,Tyramine:oxygen oxidoreductase(deaminating)(flavin-containing) (periplasm),Cytoplasmic,Nitrogen Metabolism,2.775,b1386,84379.0,0,0,[84379.0],[0.0],['Cytoplasmic'],[0]
1091,PACALDt2rpp_f,Phenylacetaldehyde reversible transport via proton symport (periplasm),Cytoplasmic,"Transport, Inner Membrane",nan,,0,0,0,[0],[0],['Cytoplasmic'],[0]
1092,PEAMNtex_f,Phenethylamine transport via diffusion (extracellular to periplasm),Cytoplasmic,"Transport, Outer Membrane Porin",100000000.0,b0241 or b0929 or b1377 or b2215,38922.0,0.0,0,"[38922.0, 39333.0, 41220.0, 40368.0]","[0.0, 21633.15, 0.0, 17383.90751]","['Cytoplasmic', 'Cytoplasmic', 'Cytoplasmic', 'Cytoplasmic']","[0, 17, 0, 16]"
1093,PACALDtex_f,Phenethylacetaldehyde transport via diffusion (extracellular to periplasm),Cytoplasmic,"Transport, Outer Membrane Porin",100000000.0,b0241 or b0929 or b1377 or b2215,38922.0,0.0,0,"[38922.0, 39333.0, 41220.0, 40368.0]","[0.0, 21633.15, 0.0, 17383.90751]","['Cytoplasmic', 'Cytoplasmic', 'Cytoplasmic', 'Cytoplasmic']","[0, 17, 0, 16]"
1094,LIPOt2pp,Lipoate transport via proton symport (periplasm),Cytoplasmic,"Transport, Inner Membrane",nan,,0,0,0,[0],[0],['Cytoplasmic'],[0]
1095,NTRIR4pp,"Nitrite Reductase (Menaquinole-8, periplasm)",Inner Membrane,Nitrogen Metabolism,700.0,b4070 and b4071 and b4072 and b4073,134026.0,18402.55975,8,[134026.0],[18402.55975],['Inner Membrane'],[8]
1096,NTRIR3pp,"Nitrite Reductase (Ubiquinole-8, periplasm)",Inner Membrane,Nitrogen Metabolism,700.0,b4070 and b4071 and b4072 and b4073,134026.0,18402.55975,8,[134026.0],[18402.55975],['Inner Membrane'],[8]
1097,INOSTt4pp,Na+/myo-inositol symporter (periplasm),Inner Membrane,"Transport, Inner Membrane",22.0,b3679,62085.0,31966.70753,14,[62085.0],[31966.70753],['Inner Membrane'],[14]
1098,PHEMEtiex,Protoheme transport irreversible out via diffusion (periplasm to extracellular),Cytoplasmic,"Transport, Outer Membrane",nan,,0,0,0,[0],[0],['Cytoplasmic'],[0]
1099,AGM3PA,N-Acetyl-D-glucosamine(anhydrous)N-Acetylmuramyl-tripeptide amidase,Cytoplasmic,Murein Recycling,25.0,b0110,20536.0,0,0,[20536.0],[0.0],['Cytoplasmic'],[0]
1100,CYANtex_f,Cyanide transport via diffusion (extracellular to periplasm),Cytoplasmic,"Transport, Outer Membrane Porin",100000000.0,b0241 or b0929 or b1377 or b2215,38922.0,0.0,0,"[38922.0, 39333.0, 41220.0, 40368.0]","[0.0, 21633.15, 0.0, 17383.90751]","['Cytoplasmic', 'Cytoplasmic', 'Cytoplasmic', 'Cytoplasmic']","[0, 17, 0, 16]"
1101,SO3tex_f,Sulfite transport via diffusion (extracellular to periplasm),Cytoplasmic,"Transport, Outer Membrane Porin",100000000.0,b0241 or b0929 or b1377 or b2215,38922.0,0.0,0,"[38922.0, 39333.0, 41220.0, 40368.0]","[0.0, 21633.15, 0.0, 17383.90751]","['Cytoplasmic', 'Cytoplasmic', 'Cytoplasmic', 'Cytoplasmic']","[0, 17, 0, 16]"
1102,TCYNTtex_f,Thiocyanate transport via diffusion (extracellular to periplasm),Cytoplasmic,"Transport, Outer Membrane Porin",100000000.0,b0241 or b0929 or b1377 or b2215,38922.0,0.0,0,"[38922.0, 39333.0, 41220.0, 40368.0]","[0.0, 21633.15, 0.0, 17383.90751]","['Cytoplasmic', 'Cytoplasmic', 'Cytoplasmic', 'Cytoplasmic']","[0, 17, 0, 16]"
1103,ACANTHAT,Acetyl-CoA:anthranilate acetyltransferase,Cytoplasmic,"Tyrosine, Tryptophan, and Phenylalanine Metabolism",32.4876,b1463,32275.0,0,0,[32275.0],[0.0],['Cytoplasmic'],[0]
1104,METSOX2abcpp,L-methionine R-oxide transport via ABC system (periplasm),Cytoplasmic,"Transport, Inner Membrane",nan,,0,0,0,[0],[0],['Cytoplasmic'],[0]
1105,METSOX1tex_f,L-methionine S-oxide diffusion (extracellular),Cytoplasmic,"Transport, Outer Membrane Porin",100000000.0,b0241 or b0929 or b1377 or b2215,38922.0,0.0,0,"[38922.0, 39333.0, 41220.0, 40368.0]","[0.0, 21633.15, 0.0, 17383.90751]","['Cytoplasmic', 'Cytoplasmic', 'Cytoplasmic', 'Cytoplasmic']","[0, 17, 0, 16]"
1106,METSOX2tex_f,L-methionine R-oxide diffusion (extracellular),Cytoplasmic,"Transport, Outer Membrane Porin",100000000.0,b0241 or b0929 or b1377 or b2215,38922.0,0.0,0,"[38922.0, 39333.0, 41220.0, 40368.0]","[0.0, 21633.15, 0.0, 17383.90751]","['Cytoplasmic', 'Cytoplasmic', 'Cytoplasmic', 'Cytoplasmic']","[0, 17, 0, 16]"
1107,3UMPtex_f,3UMP transport via diffusion (extracellular to periplasm),Cytoplasmic,"Transport, Outer Membrane Porin",100000000.0,b0241 or b0929 or b1377 or b2215,38922.0,0.0,0,"[38922.0, 39333.0, 41220.0, 40368.0]","[0.0, 21633.15, 0.0, 17383.90751]","['Cytoplasmic', 'Cytoplasmic', 'Cytoplasmic', 'Cytoplasmic']","[0, 17, 0, 16]"
1108,3GMPtex_f,3GMP transport via diffusion (extracellular to periplasm),Cytoplasmic,"Transport, Outer Membrane Porin",100000000.0,b0241 or b0929 or b1377 or b2215,38922.0,0.0,0,"[38922.0, 39333.0, 41220.0, 40368.0]","[0.0, 21633.15, 0.0, 17383.90751]","['Cytoplasmic', 'Cytoplasmic', 'Cytoplasmic', 'Cytoplasmic']","[0, 17, 0, 16]"
1109,FALDtpp_f,Formaldehyde transport via diffusion (periplasm),Inner Membrane,"Transport, Inner Membrane",nan,s0001,0,0,0,[0.0],[0.0],['Inner Membrane'],[0]
1110,EX_tym_e_f,Tyramine exchange,Exchange,Extracellular exchange,nan,,0,0,0,[0],[0],['Exchange'],[0]
1111,METSOXR1,L-methionine-S-oxide reductase,Cytoplasmic,Methionine Metabolism,0.048,(b2582 and b4219) or (b3781 and b4219) or (b3551 and b2582) or (b3551 and b3781),35122.0,0.0,0,"[38870.0, 35122.0, 101406.0, 97658.0]","[0.0, 0.0, 0.0, 0.0]","['Cytoplasmic', 'Cytoplasmic', 'Cytoplasmic', 'Cytoplasmic']","[0, 0, 0, 0]"
1112,METSOXR2,L-methionine-R-sulfoxide reductase,Cytoplasmic,Methionine Metabolism,3.455,(b2582 and b1778) or (b3781 and b1778) or (b1832 and b3781) or (b1832 and b2582),27258.0,0.0,0,"[31006.0, 27258.0, 29929.0, 33677.0]","[0.0, 0.0, 0.0, 0.0]","['Cytoplasmic', 'Cytoplasmic', 'Cytoplasmic', 'Cytoplasmic']","[0, 0, 0, 0]"
1113,DAPAL,"2,3-diaminopropionate amonnia lyase",Cytoplasmic,Alternate Carbon Metabolism,24.6,b2871,43328.0,0,0,[43328.0],[0.0],['Cytoplasmic'],[0]
1114,AMPTASECG,Alanyl aminopeptidase (cys-gly),Cytoplasmic,Cysteine Metabolism,38.75333333,b0932 or b4260 or b2523 or b0237,46180.0,0.0,0,"[98919.0, 54880.0, 46180.0, 52915.0]","[0.0, 0.0, 0.0, 0.0]","['Cytoplasmic', 'Cytoplasmic', 'Cytoplasmic', 'Cytoplasmic']","[0, 0, 0, 0]"
1115,EX_imp_e_f,IMP exchange,Exchange,Extracellular exchange,nan,,0,0,0,[0],[0],['Exchange'],[0]
1116,DOPAtex_f,Dopamine transport via diffusion (extracellular to periplasm),Cytoplasmic,"Transport, Outer Membrane Porin",100000000.0,b0241 or b0929 or b1377 or b2215,38922.0,0.0,0,"[38922.0, 39333.0, 41220.0, 40368.0]","[0.0, 21633.15, 0.0, 17383.90751]","['Cytoplasmic', 'Cytoplasmic', 'Cytoplasmic', 'Cytoplasmic']","[0, 17, 0, 16]"
1117,4HOXPACDtex_f,4-hydroxyphenylacetaldehyde transport via diffusion (extracellular to periplasm),Cytoplasmic,"Transport, Outer Membrane Porin",100000000.0,b0241 or b0929 or b1377 or b2215,38922.0,0.0,0,"[38922.0, 39333.0, 41220.0, 40368.0]","[0.0, 21633.15, 0.0, 17383.90751]","['Cytoplasmic', 'Cytoplasmic', 'Cytoplasmic', 'Cytoplasmic']","[0, 17, 0, 16]"
1118,LACZpp,B-galactosidase,Cytoplasmic,Alternate Carbon Metabolism,11.7,b2132,83460.0,0,0,[83460.0],[0.0],['Cytoplasmic'],[0]
1119,GPDDA1pp,Glycerophosphodiester phosphodiesterase (Glycerophosphocholine),Cytoplasmic,Glycerophospholipid Metabolism,3.2,b2239,40843.0,0,0,[40843.0],[0.0],['Cytoplasmic'],[0]
1120,GPDDA5pp,Glycerophosphodiester phosphodiesterase (Glycerophosphoinositol),Cytoplasmic,Glycerophospholipid Metabolism,3.2,b2239,40843.0,0,0,[40843.0],[0.0],['Cytoplasmic'],[0]
1121,ETHAtex_f,Ethanolamine transport via diffusion (extracellular),Cytoplasmic,"Transport, Outer Membrane Porin",100000000.0,b0241 or b0929 or b1377 or b2215,38922.0,0.0,0,"[38922.0, 39333.0, 41220.0, 40368.0]","[0.0, 21633.15, 0.0, 17383.90751]","['Cytoplasmic', 'Cytoplasmic', 'Cytoplasmic', 'Cytoplasmic']","[0, 17, 0, 16]"
1122,G3PStex_f,Glycerophosphserine transport via diffusion (extracellular to periplasm),Cytoplasmic,"Transport, Outer Membrane Porin",100000000.0,b0241 or b0929 or b1377 or b2215,38922.0,0.0,0,"[38922.0, 39333.0, 41220.0, 40368.0]","[0.0, 21633.15, 0.0, 17383.90751]","['Cytoplasmic', 'Cytoplasmic', 'Cytoplasmic', 'Cytoplasmic']","[0, 17, 0, 16]"
1123,FEENTERR2,Fe-enterobactin reduction (Fe(III)-unloading),Cytoplasmic,Inorganic Ion Transport and Metabolism,nan,,0,0,0,[0],[0],['Cytoplasmic'],[0]
1124,FLVR,Flavin reductase,Cytoplasmic,Cofactor and Prosthetic Group Biosynthesis,263.2083333,b3844 or (b2764 and b2763),26242.0,0,0,"[26242.0, 130268.0]","[0.0, 0.0]","['Cytoplasmic', 'Cytoplasmic']","[0, 0]"
1125,FE3HOXR1,Fe(III)hydroxamate reductase,Cytoplasmic,Inorganic Ion Transport and Metabolism,nan,,0,0,0,[0],[0],['Cytoplasmic'],[0]
1126,FEENTERexs,Enterobactin Fe(III) binding (spontaneous),Inner Membrane,Inorganic Ion Transport and Metabolism,nan,s0001,0,0,0,[0.0],[0.0],['Inner Membrane'],[0]
1127,FE3HOXexs,Fe(III) hydroxamate Fe-loading reaction (spontaneaous),Inner Membrane,Inorganic Ion Transport and Metabolism,nan,s0001,0,0,0,[0.0],[0.0],['Inner Membrane'],[0]
1128,FECRMR3,Ferrichrome reductase,Cytoplasmic,Inorganic Ion Transport and Metabolism,nan,,0,0,0,[0],[0],['Cytoplasmic'],[0]
1129,FDMO2,FMNH2-dependent monooxygenase (methanesulfonate),Cytoplasmic,Inorganic Ion Transport and Metabolism,0.86,b0935,41736.0,0,0,[41736.0],[0.0],['Cytoplasmic'],[0]
1130,LALGP,L-alanyl-gamma-L-glutamate peptidase,Cytoplasmic,Murein Recycling,0.7,b0237,52915.0,0,0,[52915.0],[0.0],['Cytoplasmic'],[0]
1131,AGM4PApp,N-Acetyl-D-glucosamine(anhydrous)N-Acetylmuramyl-tetrapeptide amidase (periplasm),Cytoplasmic,Murein Recycling,25.0,b2817 or b4169 or b2435 or b0867,31072.0,0.0,0,"[45634.0, 47985.0, 31412.0, 31072.0]","[0.0, 0.0, 0.0, 0.0]","['Cytoplasmic', 'Cytoplasmic', 'Cytoplasmic', 'Cytoplasmic']","[0, 0, 0, 0]"
1132,AGM4PA,N-Acetyl-D-glucosamine(anhydrous)N-Acetylmuramyl-tetrapeptide amidase,Cytoplasmic,Murein Recycling,25.0,b0110,20536.0,0,0,[20536.0],[0.0],['Cytoplasmic'],[0]
1133,RNDR3b,Ribonucleoside-diphosphate reductase (CDP) (glutaredoxin),Cytoplasmic,Nucleotide Salvage Pathway,8.115,(b0849 and (b2675 and b2676)) or ((b2675 and b2676) and b3610) or ((b2675 and b2676) and b1064) or ((b2675 and b2676) and b1654),126059.0,0.0,0,"[126607.0, 126059.0, 141272.0, 129801.0]","[0.0, 0.0, 0.0, 0.0]","['Cytoplasmic', 'Cytoplasmic', 'Cytoplasmic', 'Cytoplasmic']","[0, 0, 0, 0]"
1134,RNDR4b,Ribonucleoside-diphosphate reductase (UDP) (glutaredoxin),Cytoplasmic,Nucleotide Salvage Pathway,8.115,(b0849 and (b2675 and b2676)) or ((b2675 and b2676) and b3610) or ((b2675 and b2676) and b1654) or ((b2675 and b2676) and b1064),126059.0,0.0,0,"[126607.0, 126059.0, 129801.0, 141272.0]","[0.0, 0.0, 0.0, 0.0]","['Cytoplasmic', 'Cytoplasmic', 'Cytoplasmic', 'Cytoplasmic']","[0, 0, 0, 0]"
1135,ACGAL1Ptex_f,N-acetyl-D-galactosamine 1-phosphate transport via diffusion (extracellular to periplasm),Cytoplasmic,"Transport, Outer Membrane Porin",100000000.0,b0241 or b0929 or b1377 or b2215,38922.0,0.0,0,"[38922.0, 39333.0, 41220.0, 40368.0]","[0.0, 21633.15, 0.0, 17383.90751]","['Cytoplasmic', 'Cytoplasmic', 'Cytoplasmic', 'Cytoplasmic']","[0, 17, 0, 16]"
1136,ACGALtex_f,N-acetyl-D-galactosamine transport via diffusion (extracellular to periplasm),Cytoplasmic,"Transport, Outer Membrane Porin",100000000.0,b0241 or b0929 or b1377 or b2215,38922.0,0.0,0,"[38922.0, 39333.0, 41220.0, 40368.0]","[0.0, 21633.15, 0.0, 17383.90751]","['Cytoplasmic', 'Cytoplasmic', 'Cytoplasmic', 'Cytoplasmic']","[0, 17, 0, 16]"
1137,GLCUR1Ptex_f,D-glucuronate 1-phosphate transport via diffusion (extracellular to periplasm),Cytoplasmic,"Transport, Outer Membrane Porin",100000000.0,b0241 or b0929 or b1377 or b2215,38922.0,0.0,0,"[38922.0, 39333.0, 41220.0, 40368.0]","[0.0, 21633.15, 0.0, 17383.90751]","['Cytoplasmic', 'Cytoplasmic', 'Cytoplasmic', 'Cytoplasmic']","[0, 17, 0, 16]"
1138,UDPGLCURtex_f,UDP-D-glucuronate transport via diffusion (extracellular to periplasm),Cytoplasmic,"Transport, Outer Membrane Porin",100000000.0,b0241 or b0929 or b1377 or b2215,38922.0,0.0,0,"[38922.0, 39333.0, 41220.0, 40368.0]","[0.0, 21633.15, 0.0, 17383.90751]","['Cytoplasmic', 'Cytoplasmic', 'Cytoplasmic', 'Cytoplasmic']","[0, 17, 0, 16]"
1139,UDPGALPpp,UDPgalactose pyrophosphohydrolase,Cytoplasmic,Alternate Carbon Metabolism,405.0,b0480,60824.0,0,0,[60824.0],[0.0],['Cytoplasmic'],[0]
1140,UACGAMPpp,UDP-N-acetyl-D-glucosamine pyrophosphohydrolase (periplasm),Cytoplasmic,Alternate Carbon Metabolism,405.0,b0480,60824.0,0,0,[60824.0],[0.0],['Cytoplasmic'],[0]
1141,UACGALPpp,UDP-N-acetyl-D-galactosamine pyrophosphohydrolase (periplasm),Cytoplasmic,Alternate Carbon Metabolism,405.0,b0480,60824.0,0,0,[60824.0],[0.0],['Cytoplasmic'],[0]
1142,UGLCURPpp,UDP-D-glucuronate pyrophosphohydrolase (periplasm),Cytoplasmic,Alternate Carbon Metabolism,207.42,b0480,60824.0,0,0,[60824.0],[0.0],['Cytoplasmic'],[0]
1143,FEROpp,Ferroxidase,Cytoplasmic,Inorganic Ion Transport and Metabolism,3.91,b0123 or b3336,18495.0,0.0,0,"[56556.0, 18495.0]","[0.0, 0.0]","['Cytoplasmic', 'Cytoplasmic']","[0, 0]"
1144,ISETACabcpp,Isethionate transport via ABC system (periplasm),Inner Membrane,"Transport, Inner Membrane",95.19583333,(b0365 and b0366 and b0367) or (b0933 and b0934 and b0936),91221.0,18586.78707,8,"[92375.0, 91221.0]","[16152.68364, 18586.78707]","['Inner Membrane', 'Inner Membrane']","[7, 8]"
1145,ISETACtex_f,Isethionate transport via diffusion (extracellular to periplasm),Cytoplasmic,"Transport, Outer Membrane Porin",100000000.0,b0241 or b0929 or b1377 or b2215,38922.0,0.0,0,"[38922.0, 39333.0, 41220.0, 40368.0]","[0.0, 21633.15, 0.0, 17383.90751]","['Cytoplasmic', 'Cytoplasmic', 'Cytoplasmic', 'Cytoplasmic']","[0, 17, 0, 16]"
1146,GUR1PPpp,Glucuronate 1-phosphate phosphatase (periplasm),Cytoplasmic,Alternate Carbon Metabolism,nan,,0,0,0,[0],[0],['Cytoplasmic'],[0]
1147,UDPGtex_f,UDPglucose transport via diffusion (extracellular to periplasm),Cytoplasmic,"Transport, Outer Membrane Porin",100000000.0,b0241 or b0929 or b1377 or b2215,38922.0,0.0,0,"[38922.0, 39333.0, 41220.0, 40368.0]","[0.0, 21633.15, 0.0, 17383.90751]","['Cytoplasmic', 'Cytoplasmic', 'Cytoplasmic', 'Cytoplasmic']","[0, 17, 0, 16]"
1148,ACGAL1PPpp,N-acetyl-D-galactosamine 1-phosphatase (periplasm),Cytoplasmic,Alternate Carbon Metabolism,nan,,0,0,0,[0],[0],['Cytoplasmic'],[0]
1149,UDPGALtex_f,UDPgalactose transport via diffusion (extracellular to periplasm),Cytoplasmic,"Transport, Outer Membrane Porin",100000000.0,b0929 or b1377 or b2215 or b0241,38922.0,0.0,0,"[39333.0, 41220.0, 40368.0, 38922.0]","[21633.15, 0.0, 17383.90751, 0.0]","['Cytoplasmic', 'Cytoplasmic', 'Cytoplasmic', 'Cytoplasmic']","[17, 0, 16, 0]"
1150,ACGAM1Ptex_f,N-acetyl-D-glucosamine 1-phosphate transport via diffusion (extracellular to periplasm),Cytoplasmic,"Transport, Outer Membrane Porin",100000000.0,b0241 or b0929 or b1377 or b2215,38922.0,0.0,0,"[38922.0, 39333.0, 41220.0, 40368.0]","[0.0, 21633.15, 0.0, 17383.90751]","['Cytoplasmic', 'Cytoplasmic', 'Cytoplasmic', 'Cytoplasmic']","[0, 17, 0, 16]"
1151,UACGAMtex_f,UDP-N-acetyl-D-glucosamine transport via diffusion (extracellular to periplasm),Cytoplasmic,"Transport, Outer Membrane Porin",100000000.0,b0241 or b0929 or b1377 or b2215,38922.0,0.0,0,"[38922.0, 39333.0, 41220.0, 40368.0]","[0.0, 21633.15, 0.0, 17383.90751]","['Cytoplasmic', 'Cytoplasmic', 'Cytoplasmic', 'Cytoplasmic']","[0, 17, 0, 16]"
1152,UDPACGALtex_f,UDP-N-acetyl-D-galactosamine transport via diffusion (extracellular to periplasm),Cytoplasmic,"Transport, Outer Membrane Porin",100000000.0,b0241 or b0929 or b1377 or b2215,38922.0,0.0,0,"[38922.0, 39333.0, 41220.0, 40368.0]","[0.0, 21633.15, 0.0, 17383.90751]","['Cytoplasmic', 'Cytoplasmic', 'Cytoplasmic', 'Cytoplasmic']","[0, 17, 0, 16]"
1153,AM4PCP,"Anhydrous-N-Acetylmuramyl-tetrapeptide L,D-carboxypeptidase",Cytoplasmic,Murein Recycling,160.0,b1192,33567.0,0,0,[33567.0],[0.0],['Cytoplasmic'],[0]
1154,AM3PA,Anhydrous-N-Acetylmuramyl-tripeptide amidase,Cytoplasmic,Murein Recycling,25.0,b0110,20536.0,0,0,[20536.0],[0.0],['Cytoplasmic'],[0]
1155,UM4PCP,"UDP-N-acetylmuramoyl-L-alanyl-D-gamma-glutamyl-meso-2,6-diaminopimelate-D-alanine L,D-carboxypeptidase",Cytoplasmic,Murein Recycling,160.0,b1192,33567.0,0,0,[33567.0],[0.0],['Cytoplasmic'],[0]
1156,CBLAT_f,Cob(I)alamin adenosyltransferase,Cytoplasmic,Cofactor and Prosthetic Group Biosynthesis,0.05,b1270,21999.0,0,0,[21999.0],[0.0],['Cytoplasmic'],[0]
1157,MSO3abcpp,Methanesulfonate transport via ABC system (periplasm),Inner Membrane,"Transport, Inner Membrane",95.19583333,b0933 and b0936 and b0934,91221.0,18586.78707,8,[91221.0],[18586.78707],['Inner Membrane'],[8]
1158,MSO3tex_f,Methanesulfonate transport via diffusion (extracellular to periplasm),Cytoplasmic,"Transport, Outer Membrane Porin",100000000.0,b0241 or b0929 or b1377 or b2215,38922.0,0.0,0,"[38922.0, 39333.0, 41220.0, 40368.0]","[0.0, 21633.15, 0.0, 17383.90751]","['Cytoplasmic', 'Cytoplasmic', 'Cytoplasmic', 'Cytoplasmic']","[0, 17, 0, 16]"
1159,FECRMR1,Ferrichrome reductase,Cytoplasmic,Inorganic Ion Transport and Metabolism,nan,,0,0,0,[0],[0],['Cytoplasmic'],[0]
1160,FECRMR2,Ferrichrome reductase,Cytoplasmic,Inorganic Ion Transport and Metabolism,nan,,0,0,0,[0],[0],['Cytoplasmic'],[0]
1161,TDP,Thiamin pyrophosphatase,Cytoplasmic,Cofactor and Prosthetic Group Biosynthesis,90.13177273,b1134,17433.0,0,0,[17433.0],[0.0],['Cytoplasmic'],[0]
1162,3PEPTabcpp,Tripeptide (LalaDgluMdap) transport via ABC system (periplasm),Inner Membrane,Murein Recycling,22.0,(b1245 and b1247 and b1244 and b1329 and b1246) or (b2177 and b2180 and b2178 and b2179) or (b1245 and b1247 and b1246 and b1244 and b1243),200751.0,27547.93075,12,"[200751.0, 206847.0, 201750.0]","[27547.93075, 30374.280619999998, 27547.93075]","['Inner Membrane', 'Inner Membrane', 'Inner Membrane']","[12, 13, 12]"
1163,4PEPTabcpp,Tetrapeptide (LalaDgluMdapDala) transport via ABC system (periplasm),Inner Membrane,Murein Recycling,22.0,(b1243 and b1247 and b1244 and b1245 and b1246) or (b2177 and b2180 and b2178 and b2179),201750.0,27547.93075,12,"[201750.0, 206847.0]","[27547.93075, 30374.280619999998]","['Inner Membrane', 'Inner Membrane']","[12, 13]"
1164,AGM3Pt2pp,GlcNAc-anhMurNAc tripeptide transport in via proton symport (periplasm),Inner Membrane,Murein Recycling,22.0,b0433,53245.0,22881.25255,10,[53245.0],[22881.25255],['Inner Membrane'],[10]
1165,AGM4Pt2pp,GlcNAc-anhMurNAc tetrapeptide transport in via proton symport (periplasm),Inner Membrane,Murein Recycling,22.0,b0433,53245.0,22881.25255,10,[53245.0],[22881.25255],['Inner Membrane'],[10]
1166,AGMt2pp,GlcNAc-anhMurNAc transport in via proton symport (periplasm),Inner Membrane,Murein Recycling,22.0,b0433,53245.0,22881.25255,10,[53245.0],[22881.25255],['Inner Membrane'],[10]
1167,FECRMexs,Ferrichrome Fe(III)-loading reaction (spontaneous),Inner Membrane,Inorganic Ion Transport and Metabolism,nan,s0001,0,0,0,[0.0],[0.0],['Inner Membrane'],[0]
1168,ARBTNR1,Aerobactin reductase,Cytoplasmic,Inorganic Ion Transport and Metabolism,nan,,0,0,0,[0],[0],['Cytoplasmic'],[0]
1169,ARBTNR2,Aerobactin reductase,Cytoplasmic,Inorganic Ion Transport and Metabolism,nan,,0,0,0,[0],[0],['Cytoplasmic'],[0]
1170,ARBTNR3,Aerobactin reductase,Cytoplasmic,Inorganic Ion Transport and Metabolism,nan,,0,0,0,[0],[0],['Cytoplasmic'],[0]
1171,ARBTNexs,Aerobactin Fe-loading reaction (spontaneous),Inner Membrane,Inorganic Ion Transport and Metabolism,nan,s0001,0,0,0,[0.0],[0.0],['Inner Membrane'],[0]
1172,FEOXAMexs,Ferroxamine Fe3-loading reaction (spontaneous),Inner Membrane,Inorganic Ion Transport and Metabolism,nan,s0001,0,0,0,[0.0],[0.0],['Inner Membrane'],[0]
1173,FEOXAMR1,Ferroxamine reductase,Cytoplasmic,Inorganic Ion Transport and Metabolism,22.0,b4367,30113.0,0,0,[30113.0],[0.0],['Cytoplasmic'],[0]
1174,FEOXAMR2,Ferroxamine reductase,Cytoplasmic,Inorganic Ion Transport and Metabolism,22.0,b4367,30113.0,0,0,[30113.0],[0.0],['Cytoplasmic'],[0]
1175,FEOXAMR3,Ferroxamine reductase,Cytoplasmic,Inorganic Ion Transport and Metabolism,22.0,b4367,30113.0,0,0,[30113.0],[0.0],['Cytoplasmic'],[0]
1176,PTHRpp,Phospho-L-threonine phosphatase (periplasmic),Cytoplasmic,Threonine and Lysine Metabolism,67.0,b4055 or b0383,26104.0,0,0,"[26104.0, 49439.0]","[0.0, 0.0]","['Cytoplasmic', 'Cytoplasmic']","[0, 0]"
1177,ARABDI_f,L-fucose isomerase,Cytoplasmic,Alternate Carbon Metabolism,0.1823,b2802,64977.0,0,0,[64977.0],[0.0],['Cytoplasmic'],[0]
1178,AGt3,Silver transport out via proton antiport,Inner Membrane,Inorganic Ion Transport and Metabolism,22.0,b0572 and b0574 and b0573 and b0575,221533.0,27608.5616,12,[221533.0],[27608.5616],['Inner Membrane'],[12]
1179,CD2t3pp,Cadmium (Cd+2) transport out via proton antiport (periplasm),Inner Membrane,Inorganic Ion Transport and Metabolism,22.0,b3915 or b0752,32927.0,11304.93667,6,"[32927.0, 34678.0]","[11304.93667, 13959.83387]","['Inner Membrane', 'Inner Membrane']","[6, 6]"
1180,ZNabcpp,Zinc (Zn+2) transport via ABC system (periplasm),Inner Membrane,Inorganic Ion Transport and Metabolism,95.19583333,b1859 and b1858 and b1857,89373.0,15617.48276,7,[89373.0],[15617.48276],['Inner Membrane'],[7]
1181,SKMt2pp,Shikimate transport in via proton symport (periplasm),Inner Membrane,"Transport, Inner Membrane",22.0,b1981,47817.0,27620.32192,12,[47817.0],[27620.32192],['Inner Membrane'],[12]
1182,FE2t2pp,Iron (II) transport in via proton symport (periplasm),Inner Membrane,Inorganic Ion Transport and Metabolism,22.0,b2392,44194.0,24027.80583,11,[44194.0],[24027.80583],['Inner Membrane'],[11]
1183,R5PPpp,Ribose 5-phosphate phosphatase,Cytoplasmic,Alternate Carbon Metabolism,67.0,b4055 or b0383,26104.0,0,0,"[26104.0, 49439.0]","[0.0, 0.0]","['Cytoplasmic', 'Cytoplasmic']","[0, 0]"
1184,PSP_Lpp,Phospho-L-serine phosphatase (periplasmic),Cytoplasmic,Glycine and Serine Metabolism,37.55,b4055 or b0383,26104.0,0,0,"[26104.0, 49439.0]","[0.0, 0.0]","['Cytoplasmic', 'Cytoplasmic']","[0, 0]"
1185,TYRPpp,Phospho-L-tyrosine phosphatase (periplasmic),Cytoplasmic,"Tyrosine, Tryptophan, and Phenylalanine Metabolism",62.4,b4055,26104.0,0,0,[26104.0],[0.0],['Cytoplasmic'],[0]
1186,GLYC2Ptex_f,Glycerol-2-phosphate transport via diffusion (extracellular to periplasm),Cytoplasmic,"Transport, Outer Membrane Porin",100000000.0,b0241 or b0929 or b1377 or b2215,38922.0,0.0,0,"[38922.0, 39333.0, 41220.0, 40368.0]","[0.0, 21633.15, 0.0, 17383.90751]","['Cytoplasmic', 'Cytoplasmic', 'Cytoplasmic', 'Cytoplasmic']","[0, 17, 0, 16]"
1187,PSERtex_f,Phospho-L-serine transport via diffusion (extracellular to periplasm),Cytoplasmic,"Transport, Outer Membrane Porin",100000000.0,b0241 or b0929 or b1377 or b2215,38922.0,0.0,0,"[38922.0, 39333.0, 41220.0, 40368.0]","[0.0, 21633.15, 0.0, 17383.90751]","['Cytoplasmic', 'Cytoplasmic', 'Cytoplasmic', 'Cytoplasmic']","[0, 17, 0, 16]"
1188,R5Ptex_f,Ribose 5-phosphate transport via diffusion (extracellular to periplasm),Cytoplasmic,"Transport, Outer Membrane Porin",100000000.0,b0241 or b0929 or b1377 or b2215,38922.0,0.0,0,"[38922.0, 39333.0, 41220.0, 40368.0]","[0.0, 21633.15, 0.0, 17383.90751]","['Cytoplasmic', 'Cytoplasmic', 'Cytoplasmic', 'Cytoplasmic']","[0, 17, 0, 16]"
1189,THRPtex_f,Phospho-L-threonine transport via diffusion (extracellular to periplasm),Cytoplasmic,"Transport, Outer Membrane Porin",100000000.0,b0241 or b0929 or b1377 or b2215,38922.0,0.0,0,"[38922.0, 39333.0, 41220.0, 40368.0]","[0.0, 21633.15, 0.0, 17383.90751]","['Cytoplasmic', 'Cytoplasmic', 'Cytoplasmic', 'Cytoplasmic']","[0, 17, 0, 16]"
1190,TYRPtex_f,Phopho-L-tyrosine transport via diffusion (extracellular to periplasm),Cytoplasmic,"Transport, Outer Membrane Porin",100000000.0,b0241 or b0929 or b1377 or b2215,38922.0,0.0,0,"[38922.0, 39333.0, 41220.0, 40368.0]","[0.0, 21633.15, 0.0, 17383.90751]","['Cytoplasmic', 'Cytoplasmic', 'Cytoplasmic', 'Cytoplasmic']","[0, 17, 0, 16]"
1191,PAPSR2,Phosphoadenylyl-sulfate reductase (glutaredoxin),Cytoplasmic,Cysteine Metabolism,3.5,(b3610 and b2762) or (b0849 and b2762) or (b1064 and b2762) or (b1654 and b2762),37113.0,0,0,"[37113.0, 37661.0, 52326.0, 40855.0]","[0.0, 0.0, 0.0, 0.0]","['Cytoplasmic', 'Cytoplasmic', 'Cytoplasmic', 'Cytoplasmic']","[0, 0, 0, 0]"
1192,GRXR,Glutaredoxin reductase,Cytoplasmic,Unassigned,22.0,b1064 or b3610 or b1654 or b0849,9137.0,0.0,0,"[24350.0, 9137.0, 12879.0, 9685.0]","[0.0, 0.0, 0.0, 0.0]","['Cytoplasmic', 'Cytoplasmic', 'Cytoplasmic', 'Cytoplasmic']","[0, 0, 0, 0]"
1193,RNDR1b,Ribonucleoside-diphosphate reductase (ADP) (glutaredoxin),Cytoplasmic,Nucleotide Salvage Pathway,8.115,((b2675 and b2676) and b1064) or ((b2675 and b2676) and b3610) or (b0849 and (b2675 and b2676)) or ((b2675 and b2676) and b1654),126059.0,0.0,0,"[141272.0, 126059.0, 126607.0, 129801.0]","[0.0, 0.0, 0.0, 0.0]","['Cytoplasmic', 'Cytoplasmic', 'Cytoplasmic', 'Cytoplasmic']","[0, 0, 0, 0]"
1194,RNDR2b,Ribonucleoside-diphosphate reductase (GDP) (glutaredoxin),Cytoplasmic,Nucleotide Salvage Pathway,8.115,(b0849 and (b2675 and b2676)) or ((b2675 and b2676) and b1064) or ((b2675 and b2676) and b1654) or ((b2675 and b2676) and b3610),126059.0,0.0,0,"[126607.0, 141272.0, 129801.0, 126059.0]","[0.0, 0.0, 0.0, 0.0]","['Cytoplasmic', 'Cytoplasmic', 'Cytoplasmic', 'Cytoplasmic']","[0, 0, 0, 0]"
1195,FACOAE181,Fatty-acid-CoA thioesterase (octadecenoate),Cytoplasmic,Cell Envelope Biosynthesis,39.26175,b0452,31966.0,0,0,[31966.0],[0.0],['Cytoplasmic'],[0]
1196,FACOAE160,Fatty-acid-CoA thioesterase (hexadecanoate),Cytoplasmic,Cell Envelope Biosynthesis,3.7,b0452,31966.0,0,0,[31966.0],[0.0],['Cytoplasmic'],[0]
1197,FACOAE140,Fatty-acid-CoA thioesterase (tetradecanoate),Cytoplasmic,Cell Envelope Biosynthesis,6.2,b0452,31966.0,0,0,[31966.0],[0.0],['Cytoplasmic'],[0]
1198,CPGNR1,Coprogen(Fe(III)) reductase,Cytoplasmic,Inorganic Ion Transport and Metabolism,nan,,0,0,0,[0],[0],['Cytoplasmic'],[0]
1199,CPGNR2,Coprogen(Fe(III)) reductase,Cytoplasmic,Inorganic Ion Transport and Metabolism,nan,,0,0,0,[0],[0],['Cytoplasmic'],[0]
1200,CPGNR3,Coprogen(Fe(III)) reductase,Cytoplasmic,Inorganic Ion Transport and Metabolism,nan,,0,0,0,[0],[0],['Cytoplasmic'],[0]
1201,CPGNUtpp,Coprogen unloaded secretion,Cytoplasmic,Inorganic Ion Transport and Metabolism,nan,,0,0,0,[0],[0],['Cytoplasmic'],[0]
1202,CPGNUtex,Coprogen unloaded secretion (extracellular),Cytoplasmic,Inorganic Ion Transport and Metabolism,nan,,0,0,0,[0],[0],['Cytoplasmic'],[0]
1203,AAMYL,Alpha-amylase,Cytoplasmic,Alternate Carbon Metabolism,132.0,b1927,56639.0,0,0,[56639.0],[0.0],['Cytoplasmic'],[0]
1204,AAMYLpp,Alpha-amylase (periplasm),Cytoplasmic,Alternate Carbon Metabolism,132.0,b3571,75713.0,0,0,[75713.0],[0.0],['Cytoplasmic'],[0]
1205,FACOAL80t2pp,Fatty-acid-CoA ligase (octanoate transport via vectoral Co-A coupling),Cytoplasmic,Cell Envelope Biosynthesis,0.029,b1805 or b1701,62332.0,0,0,"[62332.0, 62759.0]","[0.0, 0.0]","['Cytoplasmic', 'Cytoplasmic']","[0, 0]"
1206,PPGPPDP,"Guanosine-3',5'-bis(diphosphate) 3'-diphosphatase",Cytoplasmic,Cofactor and Prosthetic Group Biosynthesis,2.985,b3650,79342.0,0,0,[79342.0],[0.0],['Cytoplasmic'],[0]
1207,CPGNabcpp,Coprogen transport via ABC system (periplasm),Inner Membrane,"Transport, Inner Membrane",95.19583333,b0151 and b0153 and b0152,132307.0,40333.17273,18,[132307.0],[40333.17273],['Inner Membrane'],[18]
1208,CPGNexs,Coprogen Fe-loading reaction (spontaneaous),Inner Membrane,Inorganic Ion Transport and Metabolism,nan,s0001,0,0,0,[0.0],[0.0],['Inner Membrane'],[0]
1209,CITtex_f,Citrate transport via diffusion (extracellular to periplasm),Cytoplasmic,"Transport, Outer Membrane Porin",100000000.0,b0241 or b0929 or b1377 or b2215,38922.0,0.0,0,"[38922.0, 39333.0, 41220.0, 40368.0]","[0.0, 21633.15, 0.0, 17383.90751]","['Cytoplasmic', 'Cytoplasmic', 'Cytoplasmic', 'Cytoplasmic']","[0, 17, 0, 16]"
1210,ACGAtex_f,N-Acetyl-D-glucosamine transport via diffusion (extracellular to periplasm),Cytoplasmic,"Transport, Outer Membrane Porin",100000000.0,b0241 or b0929 or b1377 or b2215,38922.0,0.0,0,"[38922.0, 39333.0, 41220.0, 40368.0]","[0.0, 21633.15, 0.0, 17383.90751]","['Cytoplasmic', 'Cytoplasmic', 'Cytoplasmic', 'Cytoplasmic']","[0, 17, 0, 16]"
1211,DDCAtexi,Fatty acid (dodecanoate) transport via facilitated irreversible diffusion (extracellular to periplasm),Cytoplasmic,"Transport, Outer Membrane",100000000.0,b2344,48542.0,0,0,[48542.0],[0.0],['Cytoplasmic'],[0]
1212,TTDCAtexi,Tetradecanoate transport via facilitated irreversible diffusion (extracellular to periplasm),Cytoplasmic,"Transport, Outer Membrane",100000000.0,b2344,48542.0,0,0,[48542.0],[0.0],['Cytoplasmic'],[0]
1213,HDCAtexi,Hexadecanoate transport via facilitated irreversible diffusion (extracellular to periplasm),Cytoplasmic,"Transport, Outer Membrane",100000000.0,b2344,48542.0,0,0,[48542.0],[0.0],['Cytoplasmic'],[0]
1214,GUACYC,Guanylate cyclase,Cytoplasmic,Nucleotide Salvage Pathway,nan,,0,0,0,[0],[0],['Cytoplasmic'],[0]
1215,23PDE2pp,"2',3'-cyclic-nucleotide phosphodiesterase (UMP) (periplasm)",Cytoplasmic,Nucleotide Salvage Pathway,7.63,b4213,70832.0,0,0,[70832.0],[0.0],['Cytoplasmic'],[0]
1216,23PDE4pp,"2',3'-cyclic-nucleotide phosphodiesterase (CMP) (periplasm)",Cytoplasmic,Nucleotide Salvage Pathway,7.63,b4213,70832.0,0,0,[70832.0],[0.0],['Cytoplasmic'],[0]
1217,23PDE9pp,"2',3'-cyclic-nucleotide phosphodiesterase (GMP) (periplasm)",Cytoplasmic,Nucleotide Salvage Pathway,1.97,b4213,70832.0,0,0,[70832.0],[0.0],['Cytoplasmic'],[0]
1218,ATPHs,ATP amine hydrolysis (spontaneous),Inner Membrane,Nucleotide Salvage Pathway,nan,s0001,0,0,0,[0.0],[0.0],['Inner Membrane'],[0]
1219,SARCOX,Sarcosine oxidase,Cytoplasmic,Glycine and Serine Metabolism,25.025,b1059,40902.0,0,0,[40902.0],[0.0],['Cytoplasmic'],[0]
1220,GTPHs,GTP amine hydrolysis (spontaneous),Inner Membrane,Nucleotide Salvage Pathway,nan,s0001,0,0,0,[0.0],[0.0],['Inner Membrane'],[0]
1221,MN6PP,Mannose 6-phosphate phosphatase,Cytoplasmic,Alternate Carbon Metabolism,0.012,b0822 or b1727 or b3697 or b3826,24330.0,0.0,0,"[30413.0, 24330.0, 29721.0, 29708.0]","[0.0, 0.0, 0.0, 0.0]","['Cytoplasmic', 'Cytoplasmic', 'Cytoplasmic', 'Cytoplasmic']","[0, 0, 0, 0]"
1222,3KGK,3-keto-L-gulonate kinase,Cytoplasmic,Alternate Carbon Metabolism,14.80483333,b3580,55155.0,0,0,[55155.0],[0.0],['Cytoplasmic'],[0]
1223,EX_cd2_e_f,Cadmium exchange,Exchange,Extracellular exchange,nan,,0,0,0,[0],[0],['Exchange'],[0]
1224,F6PP,D-fructose 6-phosphate phosphatase,Cytoplasmic,Alternate Carbon Metabolism,2.817,b0822 or b3697 or b2690 or b2293 or b3826,20780.0,0.0,0,"[30413.0, 29721.0, 20780.0, 23008.0, 29708.0]","[0.0, 0.0, 0.0, 0.0, 0.0]","['Cytoplasmic', 'Cytoplasmic', 'Cytoplasmic', 'Cytoplasmic', 'Cytoplasmic']","[0, 0, 0, 0, 0]"
1225,GDPMNH,GDP-mannose mannosyl hydrolase,Cytoplasmic,Cell Envelope Biosynthesis,151.0,b2051,18273.0,0,0,[18273.0],[0.0],['Cytoplasmic'],[0]
1226,FACOAL60t2pp,Fatty-acid-CoA ligase (hexanoate transport via vectoral Co-A coupling),Cytoplasmic,Cell Envelope Biosynthesis,0.029,b1805 or b1701,62332.0,0,0,"[62332.0, 62759.0]","[0.0, 0.0]","['Cytoplasmic', 'Cytoplasmic']","[0, 0]"
1227,IDONt2rpp_f,"L-idonate transport via proton symport, reversible (periplasm)",Inner Membrane,"Transport, Inner Membrane",59.36758824,b4265,46041.0,28107.03417,12,[46041.0],[28107.03417],['Inner Membrane'],[12]
1228,ILEabcpp,L-isoleucine transport via ABC system (periplasm),Inner Membrane,"Transport, Inner Membrane",22.0,b3456 and b3455 and b3460 and b3457 and b3454,173064.0,43138.744170000005,19,[173064.0],[43138.744170000005],['Inner Membrane'],[19]
1229,INDOLEt2pp,"Indole transport via proton symport, irreversible (periplasm)",Inner Membrane,"Transport, Inner Membrane",22.0,(b3266 and b3265) and b3035,206513.0,31992.925209,16,[206513.0],[31992.925209],['Inner Membrane'],[16]
1230,INSt2pp,Inosine transport in via proton symport (periplasm),Inner Membrane,"Transport, Inner Membrane",22.0,b2964 or b2406 or b2393,43476.0,20542.41,9,"[46389.0, 46140.0, 43476.0]","[29631.2512, 27816.45933, 20542.41]","['Inner Membrane', 'Inner Membrane', 'Inner Membrane']","[12, 12, 9]"
1231,LYXt2pp,L-Lyxose transport via proton symport (periplasm),Inner Membrane,"Transport, Inner Membrane",22.0,b3907,37320.0,22782.55814,10,[37320.0],[22782.55814],['Inner Membrane'],[10]
1232,GDPDPK,GDP diphosphokinase,Cytoplasmic,Cofactor and Prosthetic Group Biosynthesis,73.0,b2784 or b3650,79342.0,0.0,0,"[83876.0, 79342.0]","[0.0, 0.0]","['Cytoplasmic', 'Cytoplasmic']","[0, 0]"
1233,OCDCAtexi,Octadecanoate transport via facilitated irreversible diffusion (extracellular to periplasm),Cytoplasmic,"Transport, Outer Membrane",100000000.0,b2344,48542.0,0,0,[48542.0],[0.0],['Cytoplasmic'],[0]
1234,OCDCEAtexi,Octadecenoate (n-C18:1) transport via facilitated irreversible diffusion (extracellular to periplasm),Cytoplasmic,"Transport, Outer Membrane",100000000.0,b2344,48542.0,0,0,[48542.0],[0.0],['Cytoplasmic'],[0]
1235,G6Ptex_f,Glucose 6-phosphate transport via diffusion (extracellular to periplasm),Cytoplasmic,"Transport, Outer Membrane Porin",100000000.0,b0241 or b0929 or b1377 or b2215,38922.0,0.0,0,"[38922.0, 39333.0, 41220.0, 40368.0]","[0.0, 21633.15, 0.0, 17383.90751]","['Cytoplasmic', 'Cytoplasmic', 'Cytoplasmic', 'Cytoplasmic']","[0, 17, 0, 16]"
1236,TUNGSabcpp,Tungstate transport via ABC system (periplasm),Inner Membrane,Inorganic Ion Transport and Metabolism,95.19583333,b0764 and b0765 and b0763,91405.0,11434.91266,5,[91405.0],[11434.91266],['Inner Membrane'],[5]
1237,MOBDabcpp,Molybdate transport via ABC system (periplasm),Inner Membrane,Inorganic Ion Transport and Metabolism,95.19583333,(b0764 and b0765 and b0763) or (b2422 and b2423 and b2424 and b3917) or (b2425 and b2422 and b2423 and b2424),91405.0,11434.91266,5,"[91405.0, 140548.0, 141504.0]","[11434.91266, 30164.15647, 30164.15647]","['Inner Membrane', 'Inner Membrane', 'Inner Membrane']","[5, 13, 13]"
1238,MOBDtex_f,Molybdate transport via diffusion (extracellular to periplasm),Cytoplasmic,"Transport, Outer Membrane Porin",100000000.0,b0241 or b0929 or b1377 or b2215,38922.0,0.0,0,"[38922.0, 39333.0, 41220.0, 40368.0]","[0.0, 21633.15, 0.0, 17383.90751]","['Cytoplasmic', 'Cytoplasmic', 'Cytoplasmic', 'Cytoplasmic']","[0, 17, 0, 16]"
1239,NI2uabcpp,"Nickel transport via ABC system (uptake, periplasm)",Inner Membrane,Inorganic Ion Transport and Metabolism,95.19583333,(b3480 and b3476 and b3479 and b3477 and b3478) or b4242,99466.0,22595.83964,10,"[180871.0, 99466.0]","[27954.97556, 22595.83964]","['Inner Membrane', 'Inner Membrane']","[12, 10]"
1240,NI2tex_f,Nickel transport via diffusion (extracellular to periplasm),Cytoplasmic,"Transport, Outer Membrane Porin",100000000.0,b0241 or b0929 or b1377 or b2215,38922.0,0.0,0,"[38922.0, 39333.0, 41220.0, 40368.0]","[0.0, 21633.15, 0.0, 17383.90751]","['Cytoplasmic', 'Cytoplasmic', 'Cytoplasmic', 'Cytoplasmic']","[0, 17, 0, 16]"
1241,R1PK,Ribose 1-phosphokinase,Cytoplasmic,Alternate Carbon Metabolism,nan,,0,0,0,[0],[0],['Cytoplasmic'],[0]
1242,R15BPK,"Ribose-1,5-bisphosphokinase",Cytoplasmic,Alternate Carbon Metabolism,23.6,b4094,20730.0,0,0,[20730.0],[0.0],['Cytoplasmic'],[0]
1243,Kabcpp,Potassium ABC transporter (periplasm),Inner Membrane,Inorganic Ion Transport and Metabolism,95.19583333,(b0698 and b0697 and b0696) or (b0698 and b0696 and b0697 and b4513),151655.0,41399.418810999996,18,"[151655.0, 154727.0]","[41399.418810999996, 43729.90157]","['Inner Membrane', 'Inner Membrane']","[18, 19]"
1244,LEUabcpp,L-leucine transport via ABC system (periplasm),Inner Membrane,"Transport, Inner Membrane",22.0,(b3455 and b3460 and b3457 and b3454 and b3456) or (b3458 and b3456 and b3455 and b3457 and b3454),173064.0,43138.744170000005,19,"[173064.0, 173367.0]","[43138.744170000005, 43138.744170000005]","['Inner Membrane', 'Inner Membrane']","[19, 19]"
1245,L_LACt2rpp_f,L-lactate reversible transport via proton symport (periplasm),Inner Membrane,"Transport, Inner Membrane",22.0,b3603 or b2975,58920.0,28723.5,13,"[59168.0, 58920.0]","[29315.54265, 28723.5]","['Inner Membrane', 'Inner Membrane']","[13, 13]"
1246,MALt2_2pp,Malate transport via proton symport (2 H) (periplasm),Inner Membrane,"Transport, Inner Membrane",22.0,b3528,45436.0,19002.43925,8,[45436.0],[19002.43925],['Inner Membrane'],[8]
1247,MALt2_3pp,Malate transport via proton symport (3 H) (periplasm),Inner Membrane,"Transport, Inner Membrane",22.0,b4123 or b4138,45751.0,18701.90993,10,"[47935.0, 45751.0]","[17733.80045, 18701.90993]","['Inner Membrane', 'Inner Membrane']","[9, 10]"
1248,MALTabcpp,Maltose transport via ABC system (periplasm),Inner Membrane,"Transport, Inner Membrane",95.19583333,b4033 and b4035 and b4032 and b4034,173616.0,34348.56207,14,[173616.0],[34348.56207],['Inner Membrane'],[14]
1249,MALTHXabcpp,Maltohexaose transport via ABC system (periplasm),Inner Membrane,"Transport, Inner Membrane",95.19583333,b4034 and b4032 and b4033 and b4035,173616.0,34348.56207,14,[173616.0],[34348.56207],['Inner Membrane'],[14]
1250,MALTPTabcpp,Maltopentaose transport via ABC system (periplasm),Inner Membrane,"Transport, Inner Membrane",95.19583333,b4035 and b4032 and b4033 and b4034,173616.0,34348.56207,14,[173616.0],[34348.56207],['Inner Membrane'],[14]
1251,MALTTRabcpp,Maltotriose transport via ABC system (periplasm),Inner Membrane,"Transport, Inner Membrane",95.19583333,b4034 and b4035 and b4033 and b4032,173616.0,34348.56207,14,[173616.0],[34348.56207],['Inner Membrane'],[14]
1252,MALTTTRabcpp,Maltotetraose transport via ABC system (periplasm),Inner Membrane,"Transport, Inner Membrane",95.19583333,b4033 and b4032 and b4034 and b4035,173616.0,34348.56207,14,[173616.0],[34348.56207],['Inner Membrane'],[14]
1253,MAN6Pt6_2pp,Mannose-6-phosphate transport via phosphate antiport (periplasm),Inner Membrane,"Transport, Inner Membrane",22.0,b3666,50607.0,27434.89633,12,[50607.0],[27434.89633],['Inner Membrane'],[12]
1254,MANGLYCptspp,2-O-alpha-mannosyl-D-glycerate transport via PEP:Pyr PTS (periplasm),Inner Membrane,"Transport, Inner Membrane",3204.0,b2415 and b0731 and b2416,142349.0,20011.02128,9,[142349.0],[20011.02128],['Inner Membrane'],[9]
1255,MELIBt2pp,Melibiose transport in via symport (periplasm),Inner Membrane,"Transport, Inner Membrane",22.0,b4120 or b0343,46503.0,33009.32374,12,"[52636.0, 46503.0]","[28102.27119, 33009.32374]","['Inner Membrane', 'Inner Membrane']","[12, 12]"
1256,METabcpp,L-methionine transport via ABC system (periplasm),Inner Membrane,"Transport, Inner Membrane",95.19583333,b0198 and b0197 and b0199,90476.0,11252.90323,5,[90476.0],[11252.90323],['Inner Membrane'],[5]
1257,EX_fe3hox_un_e_f,"Fe(III)hydoxamate, unloaded exchange",Exchange,Extracellular exchange,nan,,0,0,0,[0],[0],['Exchange'],[0]
1258,GGPTRCS,Gamma glutamyl putrescine synthase,Cytoplasmic,Alternate Carbon Metabolism,5.94,b1297,53177.0,0,0,[53177.0],[0.0],['Cytoplasmic'],[0]
1259,EX_23dappa_e_f,"2,3-diaminopropionate exchange",Exchange,Extracellular exchange,nan,,0,0,0,[0],[0],['Exchange'],[0]
1260,RMNtpp,L-rhamnose transport via proton symport (periplasm),Inner Membrane,"Transport, Inner Membrane",22.0,b3907,37320.0,22782.55814,10,[37320.0],[22782.55814],['Inner Membrane'],[10]
1261,SERt4pp,L-serine via sodium symport (periplasm),Inner Membrane,"Transport, Inner Membrane",22.0,b3089,43478.0,17685.9661,8,[43478.0],[17685.9661],['Inner Membrane'],[8]
1262,SUCCt2_3pp,Succintate transport via proton symport (3 H) (periplasm),Inner Membrane,"Transport, Inner Membrane",22.0,b4123 or b4138,45751.0,18701.90993,10,"[47935.0, 45751.0]","[17733.80045, 18701.90993]","['Inner Membrane', 'Inner Membrane']","[9, 10]"
1263,MNLptspp,Mannitol transport via PEP:Pyr PTS (periplasm),Inner Membrane,"Transport, Inner Membrane",72.77916667,(b2415 and b3599 and b2416) or (b2415 and b2934 and b2933 and b2416) or (b2415 and b2704 and b2702 and b2703 and b2416),137698.0,13567.72294,6,"[140653.0, 137698.0, 139897.0]","[13658.42386, 13567.72294, 17904.716944]","['Inner Membrane', 'Inner Membrane', 'Inner Membrane']","[6, 6, 8]"
1264,NAt3_1p5pp,Sodium proton antiporter (H:NA is 1.5) (periplasm),Inner Membrane,Inorganic Ion Transport and Metabolism,22.0,b1186,56728.0,27866.38596,12,[56728.0],[27866.38596],['Inner Membrane'],[12]
1265,NAt3_2pp,Sodium proton antiporter (H:NA is 2) (periplasm),Inner Membrane,Inorganic Ion Transport and Metabolism,22.0,b0019,41356.0,23449.27835,12,[41356.0],[23449.27835],['Inner Membrane'],[12]
1266,NH4tpp_f,Ammonia reversible transport (periplasm),Inner Membrane,Inorganic Ion Transport and Metabolism,30000.0,s0001 or b0451,0,0,0,"[0.0, 44515.0]","[0.0, 27081.78571]","['Inner Membrane', 'Inner Membrane']","[0, 11]"
1267,NMNPtpp,NMN permease (periplasm),Inner Membrane,"Transport, Inner Membrane",22.0,b0751,26996.0,13554.47699,6,[26996.0],[13554.47699],['Inner Membrane'],[6]
1268,NO2t2rpp_f,"Nitrite transport in via proton symport, reversible (periplasm)",Inner Membrane,Inorganic Ion Transport and Metabolism,22.0,b1223 or b3367,28563.0,13428.87313,6,"[49693.0, 28563.0]","[29407.95248, 13428.87313]","['Inner Membrane', 'Inner Membrane']","[12, 6]"
1269,NO3t7pp,Nitrate transport in via nitrite antiport (periplasm),Inner Membrane,Inorganic Ion Transport and Metabolism,22.0,b1223 or b1469,49693.0,29407.95248,12,"[49693.0, 49890.0]","[29407.95248, 27212.72727]","['Inner Membrane', 'Inner Membrane']","[12, 12]"
1270,ORNabcpp,Ornithine transport via ABC system (periplasm),Inner Membrane,"Transport, Inner Membrane",95.19583333,b2307 and b2308 and b2306 and b2310,108164.0,23422.144220000002,10,[108164.0],[23422.144220000002],['Inner Membrane'],[10]
1271,PIuabcpp,"Phosphate transport via ABC system (uptake, periplasm)",Inner Membrane,Inorganic Ion Transport and Metabolism,51.02916667,b3725 and b3727 and b3728 and b3726,132494.0,25938.9994,12,[132494.0],[25938.9994],['Inner Membrane'],[12]
1272,PNTOt4pp,Pantothenate sodium symporter (periplasm),Inner Membrane,"Transport, Inner Membrane",22.0,b3258,51717.0,29231.34783,13,[51717.0],[29231.34783],['Inner Membrane'],[13]
1273,FRULYSDG_f,Fructoselysine phosphate deglycase,Cytoplasmic,Alternate Carbon Metabolism,105.2504048,b3371,38569.0,0,0,[38569.0],[0.0],['Cytoplasmic'],[0]
1274,METDabcpp,D-methionine transport via ABC system (periplasm),Inner Membrane,"Transport, Inner Membrane",95.19583333,b0198 and b0199 and b0197,90476.0,11252.90323,5,[90476.0],[11252.90323],['Inner Membrane'],[5]
1275,PROabcpp,L-proline transport via ABC system (periplasm),Inner Membrane,"Transport, Inner Membrane",0.097333333,b2677 and b2678 and b2679,117806.0,13390.16949,6,[117806.0],[13390.16949],['Inner Membrane'],[6]
1276,PROt2rpp_f,L-proline reversible transport via proton symport (periplasm),Inner Membrane,"Transport, Inner Membrane",22.0,b4111 or b0402,50216.0,27690.22319,12,"[54846.0, 50216.0]","[27642.384, 27690.22319]","['Inner Membrane', 'Inner Membrane']","[12, 12]"
1277,PROt4pp,Na+/Proline-L symporter (periplasm),Inner Membrane,"Transport, Inner Membrane",22.0,b1015,54344.0,29553.60956,13,[54344.0],[29553.60956],['Inner Membrane'],[13]
1278,PTRCabcpp,Putrescine transport via ABC system (periplasm),Inner Membrane,"Transport, Inner Membrane",95.19583333,(b0854 and b0855 and b0857 and b0856) or (b1440 and b1442 and b1441 and b1443) or (b1125 and b1126 and b1124 and b1123),142068.0,27464.31637,12,"[148802.0, 142418.0, 142068.0]","[26477.12025, 32150.65539, 27464.31637]","['Inner Membrane', 'Inner Membrane', 'Inner Membrane']","[12, 14, 12]"
1279,ASNNpp,L-asparaginase,Cytoplasmic,Alanine and Aspartate Metabolism,24.0,b2957,36851.0,0,0,[36851.0],[0.0],['Cytoplasmic'],[0]
1280,GLUNpp,Glutaminase,Cytoplasmic,Glutamate Metabolism,0.33,b2957,36851.0,0,0,[36851.0],[0.0],['Cytoplasmic'],[0]
1281,NTD12,5'-nucleotidase (dIMP),Cytoplasmic,Nucleotide Salvage Pathway,0.24,b2744 or b2291 or b3399 or b2361,20255.0,0.0,0,"[26900.0, 22708.0, 25399.0, 20255.0]","[0.0, 0.0, 0.0, 0.0]","['Cytoplasmic', 'Cytoplasmic', 'Cytoplasmic', 'Cytoplasmic']","[0, 0, 0, 0]"
1282,FECRMtonex,Ferrichrome transport via ton system (extracellular),Inner Membrane,"Transport, Outer Membrane",22.0,(b1252 and b3005 and b3006) and b0150,150090.0,37868.713024,27,[150090.0],[37868.713024],['Inner Membrane'],[27]
1283,ARBTNtonex,Aerobactin transport via ton system (extracellular),Cytoplasmic,"Transport, Outer Membrane",nan,,0,0,0,[0],[0],['Cytoplasmic'],[0]
1284,ADOCBLabcpp,Adenosylcobalamin transport via ABC system (periplasm),Inner Membrane,"Transport, Inner Membrane",0.845,b1709 and b0158 and b1711,91397.0,21869.92638,10,[91397.0],[21869.92638],['Inner Membrane'],[10]
1285,EX_enter_e_f,Enterochelin exchange,Exchange,Extracellular exchange,nan,,0,0,0,[0],[0],['Exchange'],[0]
1286,EX_fecrm_un_e_f,Ferrichrome minus Fe(III) exchange,Exchange,Extracellular exchange,nan,,0,0,0,[0],[0],['Exchange'],[0]
1287,EX_cgly_e_f,Cys-Gly exchange,Exchange,Extracellular exchange,nan,,0,0,0,[0],[0],['Exchange'],[0]
1288,EX_chtbs_e_f,Chitobiose exchange,Exchange,Extracellular exchange,nan,,0,0,0,[0],[0],['Exchange'],[0]
1289,EX_gmp_e_f,GMP exchange,Exchange,Extracellular exchange,nan,,0,0,0,[0],[0],['Exchange'],[0]
1290,EX_h2o2_e_f,Hydrogen peroxide exchange,Exchange,Extracellular exchange,nan,,0,0,0,[0],[0],['Exchange'],[0]
1291,EX_ump_e_f,UMP exchange,Exchange,Extracellular exchange,nan,,0,0,0,[0],[0],['Exchange'],[0]
1292,EX_pydam_e_f,Pyridoxamine exchange,Exchange,Extracellular exchange,nan,,0,0,0,[0],[0],['Exchange'],[0]
1293,CRNabcpp,L-carnitine transport via ABC system (periplasm),Inner Membrane,"Transport, Inner Membrane",0.097333333,b2679 and b2677 and b2678,117806.0,13390.16949,6,[117806.0],[13390.16949],['Inner Membrane'],[6]
1294,CRNDabcpp,D-carnitine transport via ABC system (periplasm),Inner Membrane,"Transport, Inner Membrane",0.097333333,b2679 and b2677 and b2678,117806.0,13390.16949,6,[117806.0],[13390.16949],['Inner Membrane'],[6]
1295,DNTPPA,Dihydroneopterin triphosphate pyrophosphatase,Cytoplasmic,Cofactor and Prosthetic Group Biosynthesis,11.6,b1865 or b0099,14927.0,0.0,0,"[17306.0, 14927.0]","[0.0, 0.0]","['Cytoplasmic', 'Cytoplasmic']","[0, 0]"
1296,CTBTabcpp,Crotonobetaine transport via ABC system (periplasm),Inner Membrane,"Transport, Inner Membrane",0.097333333,b2678 and b2677 and b2679,117806.0,13390.16949,6,[117806.0],[13390.16949],['Inner Membrane'],[6]
1297,NTPP9,Nucleoside triphosphate pyrophosphorylase (itp),Cytoplasmic,Nucleotide Salvage Pathway,911.7,b2954,21039.0,0,0,[21039.0],[0.0],['Cytoplasmic'],[0]
1298,NTPP10,Nucleoside triphosphate pyrophosphorylase (ditp),Cytoplasmic,Nucleotide Salvage Pathway,152.4,b2954,21039.0,0,0,[21039.0],[0.0],['Cytoplasmic'],[0]
1299,NTPP11,Nucleoside triphosphate pyrophosphorylase (xtp),Cytoplasmic,Nucleotide Salvage Pathway,1009.0,b2954,21039.0,0,0,[21039.0],[0.0],['Cytoplasmic'],[0]
1300,NTD10pp,5'-nucleotidase (XMP),Cytoplasmic,Nucleotide Salvage Pathway,171.9466667,b4055 or b0480,26104.0,0,0,"[26104.0, 60824.0]","[0.0, 0.0]","['Cytoplasmic', 'Cytoplasmic']","[0, 0]"
1301,NTD1pp,5'-nucleotidase (dUMP),Cytoplasmic,Nucleotide Salvage Pathway,171.9466667,b0480 or b4055,26104.0,0.0,0,"[60824.0, 26104.0]","[0.0, 0.0]","['Cytoplasmic', 'Cytoplasmic']","[0, 0]"
1302,NTD2pp,5'-nucleotidase (UMP),Cytoplasmic,Nucleotide Salvage Pathway,1.2,b4055 or b0480 or b0383,26104.0,0,0,"[26104.0, 60824.0, 49439.0]","[0.0, 0.0, 0.0]","['Cytoplasmic', 'Cytoplasmic', 'Cytoplasmic']","[0, 0, 0]"
1303,NTD3pp,5'-nucleotidase (dCMP),Cytoplasmic,Nucleotide Salvage Pathway,0.23,b0480 or b4055,26104.0,0.0,0,"[60824.0, 26104.0]","[0.0, 0.0]","['Cytoplasmic', 'Cytoplasmic']","[0, 0]"
1304,NTD4pp,5'-nucleotidase (CMP),Cytoplasmic,Nucleotide Salvage Pathway,202.0,b0480 or b4055 or b0383,26104.0,0.0,0,"[60824.0, 26104.0, 49439.0]","[0.0, 0.0, 0.0]","['Cytoplasmic', 'Cytoplasmic', 'Cytoplasmic']","[0, 0, 0]"
1305,NTD5pp,5'-nucleotidase (dTMP),Cytoplasmic,Nucleotide Salvage Pathway,0.195,b4055 or b0480,26104.0,0,0,"[26104.0, 60824.0]","[0.0, 0.0]","['Cytoplasmic', 'Cytoplasmic']","[0, 0]"
1306,NTD6pp,5'-nucleotidase (dAMP),Cytoplasmic,Nucleotide Salvage Pathway,0.3,b0480 or b4055,26104.0,0.0,0,"[60824.0, 26104.0]","[0.0, 0.0]","['Cytoplasmic', 'Cytoplasmic']","[0, 0]"
1307,NTD7pp,5'-nucleotidase (AMP),Cytoplasmic,Nucleotide Salvage Pathway,577.5,b0480 or b4055 or b0383,26104.0,0.0,0,"[60824.0, 26104.0, 49439.0]","[0.0, 0.0, 0.0]","['Cytoplasmic', 'Cytoplasmic', 'Cytoplasmic']","[0, 0, 0]"
1308,NTD9pp,5'-nucleotidase (GMP),Cytoplasmic,Nucleotide Salvage Pathway,11.0,b0480 or b4055 or b0383,26104.0,0.0,0,"[60824.0, 26104.0, 49439.0]","[0.0, 0.0, 0.0]","['Cytoplasmic', 'Cytoplasmic', 'Cytoplasmic']","[0, 0, 0]"
1309,PEAMNOpp,Phenethylamine oxidase,Cytoplasmic,Nitrogen Metabolism,12.4,b1386,84379.0,0,0,[84379.0],[0.0],['Cytoplasmic'],[0]
1310,GAL1PPpp,D-galactose 1-phosphatase,Cytoplasmic,Alternate Carbon Metabolism,0.0348,b1002,45683.0,0,0,[45683.0],[0.0],['Cytoplasmic'],[0]
1311,H2O2tex_f,Hydrogen peroxide transport via diffusion (external),Cytoplasmic,"Transport, Outer Membrane Porin",100000000.0,b0241 or b0929 or b1377 or b2215,38922.0,0.0,0,"[38922.0, 39333.0, 41220.0, 40368.0]","[0.0, 21633.15, 0.0, 17383.90751]","['Cytoplasmic', 'Cytoplasmic', 'Cytoplasmic', 'Cytoplasmic']","[0, 17, 0, 16]"
1312,ARGDCpp,Arginine decarboxylase,Cytoplasmic,Arginine and Proline Metabolism,2.296666667,b2938,73898.0,0,0,[73898.0],[0.0],['Cytoplasmic'],[0]
1313,ALLPI_f,Allose 6-phosphate isomerase,Cytoplasmic,Alternate Carbon Metabolism,2100.0,b4090,16073.0,0,0,[16073.0],[0.0],['Cytoplasmic'],[0]
1314,ALLK,Allose kinase,Cytoplasmic,Alternate Carbon Metabolism,14.80483333,b4084,33821.0,0,0,[33821.0],[0.0],['Cytoplasmic'],[0]
1315,ALLULPE_f,Allulose 6-phosphate epimerase,Cytoplasmic,Alternate Carbon Metabolism,9201.8125,b4085,26109.0,0,0,[26109.0],[0.0],['Cytoplasmic'],[0]
1316,ADEtex_f,Adenine transport via diffusion (extracellular to periplasm),Cytoplasmic,"Transport, Outer Membrane Porin",100000000.0,b0241 or b0929 or b1377 or b2215,38922.0,0.0,0,"[38922.0, 39333.0, 41220.0, 40368.0]","[0.0, 21633.15, 0.0, 17383.90751]","['Cytoplasmic', 'Cytoplasmic', 'Cytoplasmic', 'Cytoplasmic']","[0, 17, 0, 16]"
1317,ADNtex_f,Adenosine transport via diffusion (extracellular to periplasm),Cytoplasmic,"Transport, Outer Membrane",100000000.0,b0411,33589.0,0,0,[33589.0],[0.0],['Cytoplasmic'],[0]
1318,AGMtex_f,Agmatine transport via diffusion (extracellular to periplasm),Cytoplasmic,"Transport, Outer Membrane Porin",100000000.0,b0241 or b0929 or b1377 or b2215,38922.0,0.0,0,"[38922.0, 39333.0, 41220.0, 40368.0]","[0.0, 21633.15, 0.0, 17383.90751]","['Cytoplasmic', 'Cytoplasmic', 'Cytoplasmic', 'Cytoplasmic']","[0, 17, 0, 16]"
1319,ALAtex_f,L-alanine transport via diffusion (extracellular to periplasm),Cytoplasmic,"Transport, Outer Membrane Porin",100000000.0,b0241 or b1377 or b2215 or b0929,38922.0,0.0,0,"[38922.0, 41220.0, 40368.0, 39333.0]","[0.0, 0.0, 17383.90751, 21633.15]","['Cytoplasmic', 'Cytoplasmic', 'Cytoplasmic', 'Cytoplasmic']","[0, 0, 16, 17]"
1320,BALAtex_f,Beta-alanine transport via diffusion (extracellular to periplasm),Cytoplasmic,"Transport, Outer Membrane Porin",100000000.0,b0241 or b0929 or b1377 or b2215,38922.0,0.0,0,"[38922.0, 39333.0, 41220.0, 40368.0]","[0.0, 21633.15, 0.0, 17383.90751]","['Cytoplasmic', 'Cytoplasmic', 'Cytoplasmic', 'Cytoplasmic']","[0, 17, 0, 16]"
1321,DALAtex_f,D-Alanine transport via diffusion (extracellular to periplasm),Cytoplasmic,"Transport, Outer Membrane Porin",100000000.0,b0241 or b0929 or b1377 or b2215,38922.0,0.0,0,"[38922.0, 39333.0, 41220.0, 40368.0]","[0.0, 21633.15, 0.0, 17383.90751]","['Cytoplasmic', 'Cytoplasmic', 'Cytoplasmic', 'Cytoplasmic']","[0, 17, 0, 16]"
1322,AMPtex_f,AMP transport via diffusion (extracellular to periplasm),Cytoplasmic,"Transport, Outer Membrane Porin",100000000.0,b2215 or b0241 or b0929 or b1377,38922.0,0.0,0,"[40368.0, 38922.0, 39333.0, 41220.0]","[17383.90751, 0.0, 21633.15, 0.0]","['Cytoplasmic', 'Cytoplasmic', 'Cytoplasmic', 'Cytoplasmic']","[16, 0, 17, 0]"
1323,ARBtex_f,L-arabinose transport via diffusion (extracellular to periplasm),Cytoplasmic,"Transport, Outer Membrane Porin",100000000.0,b0241 or b0929 or b1377 or b2215,38922.0,0.0,0,"[38922.0, 39333.0, 41220.0, 40368.0]","[0.0, 21633.15, 0.0, 17383.90751]","['Cytoplasmic', 'Cytoplasmic', 'Cytoplasmic', 'Cytoplasmic']","[0, 17, 0, 16]"
1324,ARGtex_f,L-arginine transport via diffusion (extracellular to periplasm),Cytoplasmic,"Transport, Outer Membrane Porin",100000000.0,b0241 or b0929 or b1377 or b2215,38922.0,0.0,0,"[38922.0, 39333.0, 41220.0, 40368.0]","[0.0, 21633.15, 0.0, 17383.90751]","['Cytoplasmic', 'Cytoplasmic', 'Cytoplasmic', 'Cytoplasmic']","[0, 17, 0, 16]"
1325,ASCBtex_f,L-ascorbate transport via diffusion (extracellular to periplasm),Cytoplasmic,"Transport, Outer Membrane Porin",100000000.0,b0241 or b0929 or b1377 or b2215,38922.0,0.0,0,"[38922.0, 39333.0, 41220.0, 40368.0]","[0.0, 21633.15, 0.0, 17383.90751]","['Cytoplasmic', 'Cytoplasmic', 'Cytoplasmic', 'Cytoplasmic']","[0, 17, 0, 16]"
1326,FACOAL100t2pp,Fatty-acid-CoA ligase (decanoate transport via vectoral Co-A coupling),Cytoplasmic,Cell Envelope Biosynthesis,0.029,b1805 or b1701,62332.0,0,0,"[62332.0, 62759.0]","[0.0, 0.0]","['Cytoplasmic', 'Cytoplasmic']","[0, 0]"
1327,RIBabcpp,D-ribose transport via ABC system (periplasm),Inner Membrane,"Transport, Inner Membrane",95.19583333,(b4230 and b4227 and b4485 and b4231) or (b3750 and b3751 and b3749 and b3748) or (b4088 and b4086 and b4087),123971.0,22105.39877,10,"[160242.0, 134736.0, 123971.0]","[39713.27227, 13130.69159, 22105.39877]","['Inner Membrane', 'Inner Membrane', 'Inner Membrane']","[18, 6, 10]"
1328,GPDDA3pp,Glycerophosphodiester phosphodiesterase (Glycerophosphoserine),Cytoplasmic,Glycerophospholipid Metabolism,2.8,b2239,40843.0,0,0,[40843.0],[0.0],['Cytoplasmic'],[0]
1329,GPDDA4pp,Glycerophosphodiester phosphodiesterase (Glycerophosphoglycerol),Cytoplasmic,Glycerophospholipid Metabolism,3.3,b2239,40843.0,0,0,[40843.0],[0.0],['Cytoplasmic'],[0]
1330,GPDDA2pp,Glycerophosphodiester phosphodiesterase (Glycerophosphoethanolamine),Cytoplasmic,Glycerophospholipid Metabolism,1.1,b2239,40843.0,0,0,[40843.0],[0.0],['Cytoplasmic'],[0]
1331,FACOAL120t2pp,Fatty-acid-CoA ligase (dodecanoate transport via vectoral Co-A coupling),Cytoplasmic,Cell Envelope Biosynthesis,0.029,b1701 or b1805,62332.0,0.0,0,"[62759.0, 62332.0]","[0.0, 0.0]","['Cytoplasmic', 'Cytoplasmic']","[0, 0]"
1332,FACOAL140t2pp,Fatty-acid-CoA ligase (tetradecanoate transport via vectoral Co-A coupling),Cytoplasmic,Cell Envelope Biosynthesis,0.029,b1701 or b1805,62332.0,0.0,0,"[62759.0, 62332.0]","[0.0, 0.0]","['Cytoplasmic', 'Cytoplasmic']","[0, 0]"
1333,FE3HOXtonex,Fe(III)hydroxamine transport via ton system (extracellular),Inner Membrane,"Transport, Outer Membrane",22.0,(b1252 and b3005 and b3006) and b0150,150090.0,37868.713024,27,[150090.0],[37868.713024],['Inner Membrane'],[27]
1334,CU2abcpp,Copper (Cu+2) ABC transporter (periplasm),Inner Membrane,Inorganic Ion Transport and Metabolism,300.0,b3469,76840.0,16900.60109,8,[76840.0],[16900.60109],['Inner Membrane'],[8]
1335,COBALT2abcpp,Cobalt (Co+2) ABC transporter (periplasm),Inner Membrane,Inorganic Ion Transport and Metabolism,300.0,b3469,76840.0,16900.60109,8,[76840.0],[16900.60109],['Inner Membrane'],[8]
1336,NI2abcpp,Nickle (Ni+2) ABC transporter (periplasm),Inner Membrane,Inorganic Ion Transport and Metabolism,95.19583333,b3469,76840.0,16900.60109,8,[76840.0],[16900.60109],['Inner Membrane'],[8]
1337,MG2uabcpp,"Magnesium (Mg+2) ABC transporter (ubtake, periplasm)",Inner Membrane,Inorganic Ion Transport and Metabolism,95.19583333,b4242,99466.0,22595.83964,10,[99466.0],[22595.83964],['Inner Membrane'],[10]
1338,HCYSMT2,Homocysteine Methyltransferase,Cytoplasmic,Methionine Metabolism,0.38,b0261,33423.0,0,0,[33423.0],[0.0],['Cytoplasmic'],[0]
1339,MMETtex_f,S-methyl-L-methionine transport via diffusion (extracellular to periplasm),Cytoplasmic,"Transport, Outer Membrane Porin",100000000.0,b0241 or b0929 or b1377 or b2215,38922.0,0.0,0,"[38922.0, 39333.0, 41220.0, 40368.0]","[0.0, 21633.15, 0.0, 17383.90751]","['Cytoplasmic', 'Cytoplasmic', 'Cytoplasmic', 'Cytoplasmic']","[0, 17, 0, 16]"
1340,FE3tex_f,Iron (III) transport via diffusion (extracellular to periplasm),Cytoplasmic,"Transport, Outer Membrane Porin",100000000.0,b0241 or b0929 or b1377 or b2215,38922.0,0.0,0,"[38922.0, 39333.0, 41220.0, 40368.0]","[0.0, 21633.15, 0.0, 17383.90751]","['Cytoplasmic', 'Cytoplasmic', 'Cytoplasmic', 'Cytoplasmic']","[0, 17, 0, 16]"
1341,MG2tex_f,Magnesium (Mg+2) transport via diffusion (extracellular to periplasm),Cytoplasmic,"Transport, Outer Membrane Porin",100000000.0,b0241 or b0929 or b1377 or b2215,38922.0,0.0,0,"[38922.0, 39333.0, 41220.0, 40368.0]","[0.0, 21633.15, 0.0, 17383.90751]","['Cytoplasmic', 'Cytoplasmic', 'Cytoplasmic', 'Cytoplasmic']","[0, 17, 0, 16]"
1342,Zn2tex_f,Zinc (Zn+2) transport via diffusion (extracellular to periplasm),Cytoplasmic,"Transport, Outer Membrane Porin",100000000.0,b0241 or b0929 or b1377 or b2215,38922.0,0.0,0,"[38922.0, 39333.0, 41220.0, 40368.0]","[0.0, 21633.15, 0.0, 17383.90751]","['Cytoplasmic', 'Cytoplasmic', 'Cytoplasmic', 'Cytoplasmic']","[0, 17, 0, 16]"
1343,MMETt2pp,S-methylmethionine permease (periplasm),Inner Membrane,"Transport, Inner Membrane",22.0,b0260,50526.0,27264.56531,12,[50526.0],[27264.56531],['Inner Membrane'],[12]
1344,CD2tex_f,Cadmium (Cd+2) transport via diffusion (extracellular to periplasm),Cytoplasmic,"Transport, Outer Membrane Porin",100000000.0,b0241 or b0929 or b1377 or b2215,38922.0,0.0,0,"[38922.0, 39333.0, 41220.0, 40368.0]","[0.0, 21633.15, 0.0, 17383.90751]","['Cytoplasmic', 'Cytoplasmic', 'Cytoplasmic', 'Cytoplasmic']","[0, 17, 0, 16]"
1345,GLNabcpp,L-glutamine transport via ABC system (periplasm),Inner Membrane,"Transport, Inner Membrane",95.19583333,b0811 and b0809 and b0810,78285.0,11681.36986,5,[78285.0],[11681.36986],['Inner Membrane'],[5]
1346,GLUabcpp,L-glutamate transport via ABC system (periplasm),Inner Membrane,"Transport, Inner Membrane",95.19583333,b0653 and b0655 and b0654 and b0652,112499.0,22748.90614,10,[112499.0],[22748.90614],['Inner Membrane'],[10]
1347,GLUABUTt7pp_f,4-aminobutyrate/glutamate antiport (periplasm),Inner Membrane,"Transport, Inner Membrane",22.0,b1492,55077.0,33736.00978,12,[55077.0],[33736.00978],['Inner Membrane'],[12]
1348,GLUt2rpp_f,"L-glutamate transport via proton symport, reversible (periplasm)",Inner Membrane,"Transport, Inner Membrane",22.0,b4077,47159.0,22662.21968,10,[47159.0],[22662.21968],['Inner Membrane'],[10]
1349,GLUt4pp,Na+/glutamate symport (periplasm),Inner Membrane,"Transport, Inner Membrane",22.0,b3653,42425.0,22217.58105,10,[42425.0],[22217.58105],['Inner Membrane'],[10]
1350,GLYALDtpp_f,Glyceraldehyde facilitated diffusion (periplasm),Inner Membrane,"Transport, Inner Membrane",100000000.0,b3927,29780.0,14837.01068,6,[29780.0],[14837.01068],['Inner Membrane'],[6]
1351,EX_etha_e_f,Ethanolamine exchange,Exchange,Extracellular exchange,nan,,0,0,0,[0],[0],['Exchange'],[0]
1352,ACGK,Acetylglutamate kinase,Cytoplasmic,Arginine and Proline Metabolism,38.25,b3959,27160.0,0,0,[27160.0],[0.0],['Cytoplasmic'],[0]
1353,LCTSt3ipp,Lactose transport via proton aniport (periplasm),Inner Membrane,"Transport, Inner Membrane",22.0,b1528 or b2170 or b0070,42538.0,27069.63636,12,"[42538.0, 42746.0, 42713.0]","[27069.63636, 27409.64885, 27458.35714]","['Inner Membrane', 'Inner Membrane', 'Inner Membrane']","[12, 12, 12]"
1354,ARBt3ipp,L-arabinose transport via proton antiport (periplasm),Inner Membrane,"Transport, Inner Membrane",22.0,b1528,42538.0,27069.63636,12,[42538.0],[27069.63636],['Inner Membrane'],[12]
1355,14GLUCANabcpp,"1,4-alpha-D-glucan transport via ABC system (periplasm)",Inner Membrane,"Transport, Inner Membrane",95.19583333,b4032 and b4034 and b4035 and b4033,173616.0,34348.56207,14,[173616.0],[34348.56207],['Inner Membrane'],[14]
1356,14GLUCANtexi,"1,4-alpha-D-glucan transport via diffusion (extracellular to periplasm) irreversible",Cytoplasmic,"Transport, Outer Membrane",100000000.0,b4036,49912.0,27030.72684,18,[49912.0],[27030.72684],['Cytoplasmic'],[18]
1357,DHPTPE_f,Dihydroneopterin triphosphate 2'-epimerase,Cytoplasmic,Cofactor and Prosthetic Group Biosynthesis,933.676,b2303,14082.0,0,0,[14082.0],[0.0],['Cytoplasmic'],[0]
1358,NADPHQR2,NADPH Quinone Reductase (Ubiquinone-8),Cytoplasmic,Oxidative Phosphorylation,22.0,b3028,21891.0,0,0,[21891.0],[0.0],['Cytoplasmic'],[0]
1359,NADPHQR3,NADPH Quinone Reductase (Menaquinone-8),Cytoplasmic,Oxidative Phosphorylation,22.0,b3028,21891.0,0,0,[21891.0],[0.0],['Cytoplasmic'],[0]
1360,NADPHQR4,NADPH Quinone Reductase (2-Demethylmenaquinone-8),Cytoplasmic,Oxidative Phosphorylation,22.0,b3028,21891.0,0,0,[21891.0],[0.0],['Cytoplasmic'],[0]
1361,GLBRAN2,"1,4-alpha-glucan branching enzyme (glycogen -> bglycogen)",Cytoplasmic,Glycolysis/Gluconeogenesis,0.15,b3432,84337.0,0,0,[84337.0],[0.0],['Cytoplasmic'],[0]
1362,ASR,Arsenate reductase,Cytoplasmic,Inorganic Ion Transport and Metabolism,0.3,b1064 and b3503,40203.0,0,0,[40203.0],[0.0],['Cytoplasmic'],[0]
1363,ASO3tex_f,Arsenite transport via diffusion (extracellular to periplasm),Cytoplasmic,"Transport, Outer Membrane Porin",100000000.0,b0241 or b0929 or b1377 or b2215,38922.0,0.0,0,"[38922.0, 39333.0, 41220.0, 40368.0]","[0.0, 21633.15, 0.0, 17383.90751]","['Cytoplasmic', 'Cytoplasmic', 'Cytoplasmic', 'Cytoplasmic']","[0, 17, 0, 16]"
1364,MANGLYCtex_f,2-O-alpha-mannosyl-D-glycerate transport via diffusion (extracellular to periplasm),Cytoplasmic,"Transport, Outer Membrane Porin",100000000.0,b0241 or b0929 or b1377 or b2215,38922.0,0.0,0,"[38922.0, 39333.0, 41220.0, 40368.0]","[0.0, 21633.15, 0.0, 17383.90751]","['Cytoplasmic', 'Cytoplasmic', 'Cytoplasmic', 'Cytoplasmic']","[0, 17, 0, 16]"
1365,EX_frulys_e_f,Fructoselysine exchange,Exchange,Extracellular exchange,nan,,0,0,0,[0],[0],['Exchange'],[0]
1366,METOX1s,Methionine oxidation (spontaneous),Inner Membrane,Methionine Metabolism,nan,s0001,0,0,0,[0.0],[0.0],['Inner Membrane'],[0]
1367,METOX2s,Methionine oxidation 2 (spontaneous),Inner Membrane,Methionine Metabolism,nan,s0001,0,0,0,[0.0],[0.0],['Inner Membrane'],[0]
1368,FRUURt2rpp_f,"D-fructuronate transport via proton symport, reversible (periplasm)",Inner Membrane,"Transport, Inner Membrane",22.0,b4321,47138.0,28788.97987,13,[47138.0],[28788.97987],['Inner Membrane'],[13]
1369,FRUURtex_f,D-fructuronate transport via diffusion (extracellular),Cytoplasmic,"Transport, Outer Membrane Porin",100000000.0,b0241 or b0929 or b1377 or b2215,38922.0,0.0,0,"[38922.0, 39333.0, 41220.0, 40368.0]","[0.0, 21633.15, 0.0, 17383.90751]","['Cytoplasmic', 'Cytoplasmic', 'Cytoplasmic', 'Cytoplasmic']","[0, 17, 0, 16]"
1370,ECAtpp,"Enterobacterial common antigen transferase (flippase, cytoplasm to periplasm)",Inner Membrane,Lipopolysaccharide Biosynthesis / Recycling,22.0,b3792,44960.0,27235.38462,12,[44960.0],[27235.38462],['Inner Membrane'],[12]
1371,O16AT,Rhamanosyl-N-acetylglucosamyl-undecaprenyl diphosphate O-acetyltransferase (LPS O16 antigen biosynthesis),Cytoplasmic,Lipopolysaccharide Biosynthesis / Recycling,32.4876,b2033,21675.0,0,0,[21675.0],[0.0],['Cytoplasmic'],[0]
1372,O16GALFT,Galactofuranosyltransferase (LPS O16 antigen biosynthesis),Cytoplasmic,Lipopolysaccharide Biosynthesis / Recycling,3.236666667,b2034,37757.0,0,0,[37757.0],[0.0],['Cytoplasmic'],[0]
1373,O16GLCT2,Glucosyltransferase II (LPS O16 antigen biosynthesis),Cytoplasmic,Lipopolysaccharide Biosynthesis / Recycling,nan,,0,0,0,[0],[0],['Cytoplasmic'],[0]
1374,O16AUNDtpp,"O16 antigen (flippase, cytoplasm to periplasm)",Inner Membrane,Lipopolysaccharide Biosynthesis / Recycling,22.0,b2037,45383.0,22964.89157,10,[45383.0],[22964.89157],['Inner Membrane'],[10]
1375,O16AP1pp,O16 antigen polymerase (periplasm),Inner Membrane,Lipopolysaccharide Biosynthesis / Recycling,18.3185,b2027 and b2035,81199.0,26492.058502,11,[81199.0],[26492.058502],['Inner Membrane'],[11]
1376,GLYCAt2rpp_f,"D-glycerate transport via proton symport, reversible (periplasm)",Inner Membrane,"Transport, Inner Membrane",22.0,b3127 or b2789,49009.0,27815.91892,12,"[49009.0, 49142.0]","[27815.91892, 27628.72444]","['Inner Membrane', 'Inner Membrane']","[12, 12]"
1377,GLYCAtex_f,D-glycerate transport via diffusion (extracellular to periplasm),Cytoplasmic,"Transport, Outer Membrane Porin",100000000.0,b0241 or b0929 or b1377 or b2215,38922.0,0.0,0,"[38922.0, 39333.0, 41220.0, 40368.0]","[0.0, 21633.15, 0.0, 17383.90751]","['Cytoplasmic', 'Cytoplasmic', 'Cytoplasmic', 'Cytoplasmic']","[0, 17, 0, 16]"
1378,EX_enlipa_e_f,Phosphoethanolamine KDO(2)-lipid (A) exchange,Exchange,Extracellular exchange,nan,,0,0,0,[0],[0],['Exchange'],[0]
1379,EX_hacolipa_e_f,Hepta-acylated core oligosaccharide lipid A (E. coli) exchange,Exchange,Extracellular exchange,nan,,0,0,0,[0],[0],['Exchange'],[0]
1380,AGM4PCP,"N-Acetyl-D-glucosamine(anhydrous)N-Acetylmuramyl-tetrapeptide L,D-carboxypeptidase",Cytoplasmic,Murein Recycling,160.0,b1192,33567.0,0,0,[33567.0],[0.0],['Cytoplasmic'],[0]
1381,4PCP,"Tetrapeptide L,D-carboxypeptidase",Cytoplasmic,Murein Recycling,160.0,b1192,33567.0,0,0,[33567.0],[0.0],['Cytoplasmic'],[0]
1382,4PCPpp,"Tetrapeptide L,D-carboxypeptidase (periplasm)",Cytoplasmic,Murein Recycling,160.0,b2175,21040.0,0,0,[21040.0],[0.0],['Cytoplasmic'],[0]
1383,FALDH2_f,Formaldehyde dehydrogenase,Cytoplasmic,Cofactor and Prosthetic Group Biosynthesis,11.75,b0356,39359.0,0,0,[39359.0],[0.0],['Cytoplasmic'],[0]
1384,GLYBabcpp,Glycine betaine transport via ABC system (periplasm),Inner Membrane,"Transport, Inner Membrane",0.097333333,(b2131 and b2129 and b2130 and b2128) or (b2677 and b2679 and b2678),117806.0,13390.16949,6,"[133688.0, 117806.0]","[35669.454549999995, 13390.16949]","['Inner Membrane', 'Inner Membrane']","[16, 6]"
1385,GLYC3Pt6pp,Glycerol-3-phosphate : phosphate antiporter (periplasm),Inner Membrane,"Transport, Inner Membrane",22.0,b2240,50310.0,27492.4115,12,[50310.0],[27492.4115],['Inner Membrane'],[12]
1386,GLYCLTt4pp,Glycolate transport via sodium symport (periplasm),Inner Membrane,"Transport, Inner Membrane",22.0,b4067,59197.0,32240.26047,13,[59197.0],[32240.26047],['Inner Membrane'],[13]
1387,GLYCtpp_f,Glycerol transport via channel (periplasm),Inner Membrane,"Transport, Inner Membrane",22.0,s0001 or b3927,0,0,0,"[0.0, 29780.0]","[0.0, 14837.01068]","['Inner Membrane', 'Inner Membrane']","[0, 6]"
1388,H2Otpp_f,H2O transport via diffusion (periplasm),Inner Membrane,"Transport, Inner Membrane",100000000.0,s0001 or b0875,0,0,0,"[0.0, 23703.0]","[0.0, 12928.90909]","['Inner Membrane', 'Inner Membrane']","[0, 6]"
1389,HCINNMt2rpp_f,"3-hydroxycinnamic acid transport via proton symport, reversible (periplasm)",Inner Membrane,"Transport, Inner Membrane",22.0,b0353,41551.0,25982.26303,12,[41551.0],[25982.26303],['Inner Membrane'],[12]
1390,HISabcpp,L-histidine transport via ABC system (periplasm),Inner Membrane,"Transport, Inner Membrane",95.19583333,b2307 and b2306 and b2308 and b2309,108655.0,23422.144220000002,10,[108655.0],[23422.144220000002],['Inner Membrane'],[10]
1391,HISt2rpp_f,L-histidine reversible transport via proton symport (periplasm),Inner Membrane,"Transport, Inner Membrane",22.0,b0112,49690.0,27400.17505,12,[49690.0],[27400.17505],['Inner Membrane'],[12]
1392,CBIAT_f,Cobinamide adenyltransferase,Cytoplasmic,Cofactor and Prosthetic Group Biosynthesis,0.03,b1270,21999.0,0,0,[21999.0],[0.0],['Cytoplasmic'],[0]
1393,LYSabcpp,L-lysine transport via ABC system (periplasm),Inner Membrane,"Transport, Inner Membrane",95.19583333,b2308 and b2306 and b2310 and b2307,108164.0,23422.144220000002,10,[108164.0],[23422.144220000002],['Inner Membrane'],[10]
1394,COBALT2tex_f,Cobalt (Co+2) transport via diffusion (extracellular to periplasm),Cytoplasmic,"Transport, Outer Membrane Porin",100000000.0,b0241 or b0929 or b1377 or b2215,38922.0,0.0,0,"[38922.0, 39333.0, 41220.0, 40368.0]","[0.0, 21633.15, 0.0, 17383.90751]","['Cytoplasmic', 'Cytoplasmic', 'Cytoplasmic', 'Cytoplasmic']","[0, 17, 0, 16]"
1395,PPDOy,"Propane-1,2-diol:NADP+ 1-oxidoreductase",Cytoplasmic,Alternate Carbon Metabolism,38.1,b0325,37978.0,0,0,[37978.0],[0.0],['Cytoplasmic'],[0]
1396,FALGTHLs_f,Formaldehyde glutathione ligase (spontaneous),Inner Membrane,Cofactor and Prosthetic Group Biosynthesis,nan,s0001,0,0,0,[0.0],[0.0],['Inner Membrane'],[0]
1397,NTD12pp,5'-nucleotidase (dIMP) (periplasm),Cytoplasmic,Nucleotide Salvage Pathway,0.24,b0480 or b4055,26104.0,0.0,0,"[60824.0, 26104.0]","[0.0, 0.0]","['Cytoplasmic', 'Cytoplasmic']","[0, 0]"
1398,PPA2,Inorganic triphosphatase,Cytoplasmic,Anaplerotic Reactions,3.46,b2502 or b2744,26900.0,0.0,0,"[58136.0, 26900.0]","[0.0, 0.0]","['Cytoplasmic', 'Cytoplasmic']","[0, 0]"
1399,DIMPtex_f,DIMP transport via diffusion (extracellular to periplasm),Cytoplasmic,"Transport, Outer Membrane Porin",100000000.0,b0241 or b0929 or b1377 or b2215,38922.0,0.0,0,"[38922.0, 39333.0, 41220.0, 40368.0]","[0.0, 21633.15, 0.0, 17383.90751]","['Cytoplasmic', 'Cytoplasmic', 'Cytoplasmic', 'Cytoplasmic']","[0, 17, 0, 16]"
1400,3NTD7pp,3'-nucleotidase (AMP) (periplasm),Cytoplasmic,Nucleotide Salvage Pathway,9.84,b4213 or b0383,49439.0,0.0,0,"[70832.0, 49439.0]","[0.0, 0.0]","['Cytoplasmic', 'Cytoplasmic']","[0, 0]"
1401,3NTD4pp,3'-nucleotidase (CMP) (periplasm),Cytoplasmic,Nucleotide Salvage Pathway,5.93,b4213 or b0383 or b0383,49439.0,0.0,0,"[70832.0, 49439.0, 49439.0]","[0.0, 0.0, 0.0]","['Cytoplasmic', 'Cytoplasmic', 'Cytoplasmic']","[0, 0, 0]"
1402,3NTD2pp,3'-nucleotidase (UMP) (periplasm),Cytoplasmic,Nucleotide Salvage Pathway,16.82333333,b4213 or b0383,49439.0,0.0,0,"[70832.0, 49439.0]","[0.0, 0.0]","['Cytoplasmic', 'Cytoplasmic']","[0, 0]"
1403,3NTD9pp,3'-nucleotidase (GMP) (periplasm),Cytoplasmic,Nucleotide Salvage Pathway,16.82333333,b4213 or b0383,49439.0,0.0,0,"[70832.0, 49439.0]","[0.0, 0.0]","['Cytoplasmic', 'Cytoplasmic']","[0, 0]"
1404,23PDE7pp,"2',3'-cyclic-nucleotide phosphodiesterase (AMP) (periplasm)",Cytoplasmic,Nucleotide Salvage Pathway,7.63,b4213,70832.0,0,0,[70832.0],[0.0],['Cytoplasmic'],[0]
1405,GALTptspp,Galactitol transport via PEP:Pyr PTS (periplasm),Inner Membrane,"Transport, Inner Membrane",3204.0,b2092 and b2415 and b2094 and b2093 and b2416,148175.0,22520.28825,10,[148175.0],[22520.28825],['Inner Membrane'],[10]
1406,GALURt2rpp_f,"D-galacturonate transport via proton symport, reversible (periplasm)",Inner Membrane,"Transport, Inner Membrane",22.0,b3093,46892.0,27012.5985,11,[46892.0],[27012.5985],['Inner Membrane'],[11]
1407,GLCNt2rpp_f,"D-gluconate transport via proton symport, reversible (periplasm)",Inner Membrane,"Transport, Inner Membrane",22.0,b4321 or b4476 or b3415 or b4265,45967.0,28650.66438,13,"[47138.0, 46416.0, 45967.0, 46041.0]","[28788.97987, 28411.58744, 28650.66438, 28107.03417]","['Inner Membrane', 'Inner Membrane', 'Inner Membrane', 'Inner Membrane']","[13, 13, 13, 12]"
1408,GLCptspp,D-glucose transport via PEP:Pyr PTS (periplasm),Inner Membrane,"Transport, Inner Membrane",73.8,(b1621 and b2415 and b2417 and b2416) or (b1101 and b2416 and b2415 and b2417) or (b1819 and b2415 and b1818 and b1817 and b2416),141609.0,22310.62893,10,"[147559.0, 141609.0, 166320.0]","[22437.11321, 22310.62893, 25948.7428]","['Inner Membrane', 'Inner Membrane', 'Inner Membrane']","[10, 10, 10]"
1409,GLCRt2rpp_f,"D-glucarate transport via proton symport, reversible (periplasm)",Inner Membrane,"Transport, Inner Membrane",22.0,b3127 or b2789,49009.0,27815.91892,12,"[49009.0, 49142.0]","[27815.91892, 27628.72444]","['Inner Membrane', 'Inner Membrane']","[12, 12]"
1410,GLCt2pp,D-glucose transport in via proton symport (periplasm),Inner Membrane,"Transport, Inner Membrane",22.0,b2943,50983.0,27689.0431,12,[50983.0],[27689.0431],['Inner Membrane'],[12]
1411,GLCURt2rpp_f,"D-glucuronate transport via proton symport, reversible (periplasm)",Inner Membrane,"Transport, Inner Membrane",22.0,b3909 or b3093,33669.0,21622.29358,10,"[33669.0, 46892.0]","[21622.29358, 27012.5985]","['Inner Membrane', 'Inner Membrane']","[10, 11]"
1412,ACMUMptspp,N-acetylmuramate transport via PEP:Pyr PTS (periplasm),Inner Membrane,"Transport, Inner Membrane",3204.0,b2417 and b2416 and b2415 and b2429,140734.0,22064.17722,10,[140734.0],[22064.17722],['Inner Membrane'],[10]
1413,EX_h2o_e_f,H2O exchange,Exchange,Extracellular exchange,nan,,0,0,0,[0],[0],['Exchange'],[0]
1414,EX_ala__D_e_f,D-Alanine exchange,Exchange,Extracellular exchange,nan,,0,0,0,[0],[0],['Exchange'],[0]
1415,HSTPT,Histidinol-phosphate transaminase,Cytoplasmic,Histidine Metabolism,426.0,b2021,39360.0,0,0,[39360.0],[0.0],['Cytoplasmic'],[0]
1416,THDPS,Tetrahydrodipicolinate succinylase,Cytoplasmic,Threonine and Lysine Metabolism,1.1,b0166,29892.0,0,0,[29892.0],[0.0],['Cytoplasmic'],[0]
1417,ACONMT,Trans-aconitate methyltransferase,Cytoplasmic,Unassigned,0.0524684,b1519,29006.0,0,0,[29006.0],[0.0],['Cytoplasmic'],[0]
1418,XTSNtex_f,Xanthosine transport via diffusion (extracellular to periplasm),Cytoplasmic,"Transport, Outer Membrane Porin",100000000.0,b0241 or b0929 or b1377 or b2215,38922.0,0.0,0,"[38922.0, 39333.0, 41220.0, 40368.0]","[0.0, 21633.15, 0.0, 17383.90751]","['Cytoplasmic', 'Cytoplasmic', 'Cytoplasmic', 'Cytoplasmic']","[0, 17, 0, 16]"
1419,EX_hdca_e_f,Hexadecanoate (n-C16:0) exchange,Exchange,Extracellular exchange,nan,,0,0,0,[0],[0],['Exchange'],[0]
1420,EX_glcr_e_f,D-Glucarate exchange,Exchange,Extracellular exchange,nan,,0,0,0,[0],[0],['Exchange'],[0]
1421,GNK,Gluconokinase,Cytoplasmic,Alternate Carbon Metabolism,9.4,b3437 or b4268,19543.0,0,0,"[19543.0, 21004.0]","[0.0, 0.0]","['Cytoplasmic', 'Cytoplasmic']","[0, 0]"
1422,HMBS,Hydroxymethylbilane synthase,Cytoplasmic,Cofactor and Prosthetic Group Biosynthesis,0.25,b3805,33852.0,0,0,[33852.0],[0.0],['Cytoplasmic'],[0]
1423,RMK,Rhamnulokinase,Cytoplasmic,Alternate Carbon Metabolism,14.80483333,b3904,54069.0,0,0,[54069.0],[0.0],['Cytoplasmic'],[0]
1424,FHL,Formate-hydrogen lyase,Inner Membrane,Pyruvate Metabolism,112.5575,(b4079 and (b2489 and b2487 and b2485 and b2482 and b2483 and b2486 and b2490 and b2488 and b2484 and b2481)) or (b4079 and (b2722 and b2723 and b2724 and b2720 and b2721 and b2719)),311641.0,45370.46051,20,"[467573.0, 311641.0]","[131746.24099999998, 45370.46051]","['Inner Membrane', 'Inner Membrane']","[58, 20]"
1425,HYPOE,Hypothetical enyme,Cytoplasmic,Cofactor and Prosthetic Group Biosynthesis,nan,,0,0,0,[0],[0],['Cytoplasmic'],[0]
1426,MEPCT,2-C-methyl-D-erythritol 4-phosphate cytidylyltransferase,Cytoplasmic,Cofactor and Prosthetic Group Biosynthesis,51.25,b2747,25737.0,0,0,[25737.0],[0.0],['Cytoplasmic'],[0]
1427,GLUDy_f,Glutamate dehydrogenase (NADP),Cytoplasmic,Glutamate Metabolism,37.3,b1761 or (b3213 and b3212),48581.0,0,0,"[48581.0, 215312.0]","[0.0, 0.0]","['Cytoplasmic', 'Cytoplasmic']","[0, 0]"
1428,ZN2abcpp,"Zinc (Zn+2) ABC transporter, efflux (periplasm)",Inner Membrane,Inorganic Ion Transport and Metabolism,300.0,b3469,76840.0,16900.60109,8,[76840.0],[16900.60109],['Inner Membrane'],[8]
1429,GLYCLTDy,Glycolate dehydrogenase (NADP),Cytoplasmic,Glyoxylate Metabolism,24.55,b1033 or b3553,35343.0,0,0,"[35343.0, 35396.0]","[0.0, 0.0]","['Cytoplasmic', 'Cytoplasmic']","[0, 0]"
1430,LYSDC,Lysine decarboxylase,Cytoplasmic,Threonine and Lysine Metabolism,30.0,b0186 or b4131,80590.0,0,0,"[80590.0, 81260.0]","[0.0, 0.0]","['Cytoplasmic', 'Cytoplasmic']","[0, 0]"
1431,DAAD,D-Amino acid dehydrogenase,Cytoplasmic,Alanine and Aspartate Metabolism,0.74,b1189,47607.0,0,0,[47607.0],[0.0],['Cytoplasmic'],[0]
1432,UREAtpp_f,Urea transport via facilitate diffusion (periplasm),Inner Membrane,"Transport, Inner Membrane",100000000.0,b3927,29780.0,14837.01068,6,[29780.0],[14837.01068],['Inner Membrane'],[6]
1433,XANt2pp,Xanthine transport in via proton symport (periplasm),Inner Membrane,"Transport, Inner Membrane",22.0,b2882 or b3654 or b2888,48868.0,26597.70194,12,"[49108.0, 48868.0, 51758.0]","[26450.87554, 26597.70194, 27060.19917]","['Inner Membrane', 'Inner Membrane', 'Inner Membrane']","[12, 12, 12]"
1434,GLYC3Pabcpp,Sn-Glycerol 3-phosphate transport via ABC system (periplasm),Inner Membrane,"Transport, Inner Membrane",95.19583333,b3452 and b3451 and b3453 and b3450,152737.0,28332.229740000002,12,[152737.0],[28332.229740000002],['Inner Membrane'],[12]
1435,PPPNt2rpp_f,"3-phenylpropionate transport via proton symport, reversible (periplasm)",Inner Membrane,"Transport, Inner Membrane",22.0,b2536,41593.0,30728.33773,12,[41593.0],[30728.33773],['Inner Membrane'],[12]
1436,PTRCORNt7pp_f,Putrescine/ornithine antiporter (periplasm),Inner Membrane,"Transport, Inner Membrane",22.0,b0692,46495.0,26689.61276,12,[46495.0],[26689.61276],['Inner Membrane'],[12]
1437,SPMDabcpp,Spermidine transport via ABC system (periplasm),Inner Membrane,"Transport, Inner Membrane",95.19583333,(b1123 and b1125 and b1124 and b1126) or (b1443 and b1442 and b1441 and b1440),142068.0,27464.31637,12,"[142068.0, 142418.0]","[27464.31637, 32150.65539]","['Inner Membrane', 'Inner Membrane']","[12, 14]"
1438,HG2tex_f,Mercury (Hg+2) transport via diffusion (extracellular to periplasm),Cytoplasmic,"Transport, Outer Membrane Porin",100000000.0,b0241 or b0929 or b1377 or b2215,38922.0,0.0,0,"[38922.0, 39333.0, 41220.0, 40368.0]","[0.0, 21633.15, 0.0, 17383.90751]","['Cytoplasmic', 'Cytoplasmic', 'Cytoplasmic', 'Cytoplasmic']","[0, 17, 0, 16]"
1439,NTPP5,Nucleoside triphosphate pyrophosphorylase (datp),Cytoplasmic,Nucleotide Salvage Pathway,4.59,b1865 or b2781,17306.0,0,0,"[17306.0, 30412.0]","[0.0, 0.0]","['Cytoplasmic', 'Cytoplasmic']","[0, 0]"
1440,ATPM,ATP maintenance requirement,Cytoplasmic,Biomass and maintenance functions,22.0,,0,0,0,[0],[0],['Cytoplasmic'],[0]
1441,NADPPPS,NADP phosphatase,Cytoplasmic,Cofactor and Prosthetic Group Biosynthesis,nan,,0,0,0,[0],[0],['Cytoplasmic'],[0]
1442,EX_mnl_e_f,D-Mannitol exchange,Exchange,Extracellular exchange,nan,,0,0,0,[0],[0],['Exchange'],[0]
1443,NTD3,5'-nucleotidase (dCMP),Cytoplasmic,Nucleotide Salvage Pathway,0.23,b2744 or b2291 or b2361,20255.0,0.0,0,"[26900.0, 22708.0, 20255.0]","[0.0, 0.0, 0.0]","['Cytoplasmic', 'Cytoplasmic', 'Cytoplasmic']","[0, 0, 0]"
1444,GLYOX,Hydroxyacylglutathione hydrolase,Cytoplasmic,Methylglyoxal Metabolism,780.0,b0212,28434.0,0,0,[28434.0],[0.0],['Cytoplasmic'],[0]
1445,DADNtex_f,Deoxyadenosine transport via diffusion (extracellular to periplasm),Cytoplasmic,"Transport, Outer Membrane",100000000.0,b0411,33589.0,0,0,[33589.0],[0.0],['Cytoplasmic'],[0]
1446,DHAtex_f,Dihydroxyacetone transport via diffusion (extracellular to periplasm),Cytoplasmic,"Transport, Outer Membrane Porin",100000000.0,b0241 or b0929 or b1377 or b2215,38922.0,0.0,0,"[38922.0, 39333.0, 41220.0, 40368.0]","[0.0, 21633.15, 0.0, 17383.90751]","['Cytoplasmic', 'Cytoplasmic', 'Cytoplasmic', 'Cytoplasmic']","[0, 17, 0, 16]"
1447,ETOHtex_f,Ethanol transport via diffusion (extracellular to periplasm),Cytoplasmic,"Transport, Outer Membrane Porin",100000000.0,b0241 or b0929 or b1377 or b2215,38922.0,0.0,0,"[38922.0, 39333.0, 41220.0, 40368.0]","[0.0, 21633.15, 0.0, 17383.90751]","['Cytoplasmic', 'Cytoplasmic', 'Cytoplasmic', 'Cytoplasmic']","[0, 17, 0, 16]"
1448,MTRPOX,N-methyltryptophan oxidase,Cytoplasmic,Glycine and Serine Metabolism,18.9,b1059,40902.0,0,0,[40902.0],[0.0],['Cytoplasmic'],[0]
1449,AGM4PCPpp,"N-Acetyl-D-glucosamine(anhydrous)N-Acetylmuramyl-tetrapeptide L,D-carboxypeptidase (periplasmic)",Cytoplasmic,Murein Recycling,160.0,b2175,21040.0,0,0,[21040.0],[0.0],['Cytoplasmic'],[0]
1450,GTPDPDP,"Guanosine-5'-triphosphate,3'-diphosphate diphosphatase",Cytoplasmic,Cofactor and Prosthetic Group Biosynthesis,0.023,b3779,54871.0,0,0,[54871.0],[0.0],['Cytoplasmic'],[0]
1451,RNDR2,Ribonucleoside-diphosphate reductase (GDP),Cytoplasmic,Nucleotide Salvage Pathway,8.115,(b3781 and (b2234 and b2235)) or (b2582 and (b2234 and b2235)),141099.0,0,0,"[141099.0, 144847.0]","[0.0, 0.0]","['Cytoplasmic', 'Cytoplasmic']","[0, 0]"
1452,EX_asn__L_e_f,L-Asparagine exchange,Exchange,Extracellular exchange,nan,,0,0,0,[0],[0],['Exchange'],[0]
1453,EX_mal__L_e_f,L-Malate exchange,Exchange,Extracellular exchange,nan,,0,0,0,[0],[0],['Exchange'],[0]
1454,NMNN,NMN nucleosidase,Cytoplasmic,Cofactor and Prosthetic Group Biosynthesis,nan,,0,0,0,[0],[0],['Cytoplasmic'],[0]
1455,XAND,Xanthine dehydrogenase,Cytoplasmic,Nucleotide Salvage Pathway,69.0,b2866 and b2867 and b2868,129800.0,0,0,[129800.0],[0.0],['Cytoplasmic'],[0]
1456,EX_no2_e_f,Nitrite exchange,Exchange,Extracellular exchange,nan,,0,0,0,[0],[0],['Exchange'],[0]
1457,HACD3_f,3-hydroxyacyl-CoA dehydrogenase (3-oxooctanoyl-CoA),Cytoplasmic,Membrane Lipid Metabolism,229.0,b3846 or b2341,77072.0,0.0,0,"[79594.0, 77072.0]","[0.0, 0.0]","['Cytoplasmic', 'Cytoplasmic']","[0, 0]"
1458,ACACtex_f,Acetoacetate transport via diffusion (extracellular to periplasm),Cytoplasmic,"Transport, Outer Membrane Porin",100000000.0,b0241 or b0929 or b1377 or b2215,38922.0,0.0,0,"[38922.0, 39333.0, 41220.0, 40368.0]","[0.0, 21633.15, 0.0, 17383.90751]","['Cytoplasmic', 'Cytoplasmic', 'Cytoplasmic', 'Cytoplasmic']","[0, 17, 0, 16]"
1459,ACNAMtex_f,N-acetylneuraminate transport via diffusion (extracellular to periplasm),Cytoplasmic,"Transport, Outer Membrane",100000000.0,b4311 or b0929 or b2215,27888.0,17121.93488,12,"[27888.0, 39333.0, 40368.0]","[17121.93488, 21633.15, 17383.90751]","['Cytoplasmic', 'Cytoplasmic', 'Cytoplasmic']","[12, 17, 16]"
1460,ARBTNabcpp,Aerobactin transport via ABC system (periplasm),Inner Membrane,"Transport, Inner Membrane",95.19583333,b0151 and b0153 and b0152,132307.0,40333.17273,18,[132307.0],[40333.17273],['Inner Membrane'],[18]
1461,NNDMBRT,Nicotinate-nucleotide dimethylbenzimidazole phosphoribosyltransferase,Cytoplasmic,Cofactor and Prosthetic Group Biosynthesis,1.6,b1991,36987.0,0,0,[36987.0],[0.0],['Cytoplasmic'],[0]
1462,THRA2,L-allo-Threonine Aldolase,Cytoplasmic,Threonine and Lysine Metabolism,3.55,b2551 or b0870,36495.0,0.0,0,"[45317.0, 36495.0]","[0.0, 0.0]","['Cytoplasmic', 'Cytoplasmic']","[0, 0]"
1463,ASO3t8pp,Arsenite efflux via ATP hydrolysis (periplasm),Inner Membrane,"Transport, Inner Membrane",95.19583333,b3502,45497.0,24498.38462,11,[45497.0],[24498.38462],['Inner Membrane'],[11]
1464,H2Stex_f,H2s transport via diffusion (extracellular to periplasm),Cytoplasmic,"Transport, Outer Membrane Porin",100000000.0,b1377 or b2215 or b0241 or b0929,38922.0,0.0,0,"[41220.0, 40368.0, 38922.0, 39333.0]","[0.0, 17383.90751, 0.0, 21633.15]","['Cytoplasmic', 'Cytoplasmic', 'Cytoplasmic', 'Cytoplasmic']","[0, 16, 0, 17]"
1465,PPK,Polyphosphate kinase,Cytoplasmic,Oxidative Phosphorylation,23.6,b2501,80432.0,0,0,[80432.0],[0.0],['Cytoplasmic'],[0]
1466,OMCDC,2-Oxo-4-methyl-3-carboxypentanoate decarboxylation,Inner Membrane,"Valine, Leucine, and Isoleucine Metabolism",nan,s0001,0,0,0,[0.0],[0.0],['Inner Membrane'],[0]
1467,ABUTD,Aminobutyraldehyde dehydrogenase,Cytoplasmic,Arginine and Proline Metabolism,7.7,b1444,50830.0,0,0,[50830.0],[0.0],['Cytoplasmic'],[0]
1468,E4PD_f,Erythrose 4-phosphate dehydrogenase,Cytoplasmic,Cofactor and Prosthetic Group Biosynthesis,20.0,b2927 or b1779,35532.0,0.0,0,"[37299.0, 35532.0]","[0.0, 0.0]","['Cytoplasmic', 'Cytoplasmic']","[0, 0]"
1469,IG3PS,Imidazole-glycerol-3-phosphate synthase,Cytoplasmic,Histidine Metabolism,138.0,b2023 and b2025,50107.0,0,0,[50107.0],[0.0],['Cytoplasmic'],[0]
1470,EX_nh4_e_f,Ammonia exchange,Exchange,Extracellular exchange,nan,,0,0,0,[0],[0],['Exchange'],[0]
1471,DADK_f,Deoxyadenylate kinase,Cytoplasmic,Nucleotide Salvage Pathway,879.0,b0474,23586.0,0,0,[23586.0],[0.0],['Cytoplasmic'],[0]
1472,DUTPDP,DUTP diphosphatase,Cytoplasmic,Nucleotide Salvage Pathway,58.3,b3640 or b2251,16287.0,0,0,"[16287.0, 16371.0]","[0.0, 0.0]","['Cytoplasmic', 'Cytoplasmic']","[0, 0]"
1473,EX_ddca_e_f,Dodecanoate (n-C12:0) exchange,Exchange,Extracellular exchange,nan,,0,0,0,[0],[0],['Exchange'],[0]
1474,NTP5,Nucleoside-triphosphatase (CTP),Cytoplasmic,Nucleotide Salvage Pathway,449.17,b4161,39193.0,0,0,[39193.0],[0.0],['Cytoplasmic'],[0]
1475,FORt2pp,"Formate transport via proton symport (uptake only, periplasm)",Inner Membrane,"Transport, Inner Membrane",22.0,b0904 or b2492,30565.0,13656.70213,6,"[30991.0, 30565.0]","[14788.68772, 13656.70213]","['Inner Membrane', 'Inner Membrane']","[6, 6]"
1476,EX_r5p_e_f,Alpha-D-Ribose 5-phosphate exchange,Exchange,Extracellular exchange,nan,,0,0,0,[0],[0],['Exchange'],[0]
1477,EX_glyc2p_e_f,Glycerol 2-phosphate exchange,Exchange,Extracellular exchange,nan,,0,0,0,[0],[0],['Exchange'],[0]
1478,MTAN,Methylthioadenosine nucleosidase,Cytoplasmic,Arginine and Proline Metabolism,4.0,b0159,24354.0,0,0,[24354.0],[0.0],['Cytoplasmic'],[0]
1479,DPR,2-dehydropantoate 2-reductase,Cytoplasmic,Cofactor and Prosthetic Group Biosynthesis,12.56,b0425 or b3774,33871.0,0,0,"[33871.0, 54069.0]","[0.0, 0.0]","['Cytoplasmic', 'Cytoplasmic']","[0, 0]"
1480,THRD_L,L-threonine deaminase,Cytoplasmic,"Valine, Leucine, and Isoleucine Metabolism",5.2,b3772 or b3117,35232.0,0.0,0,"[56195.0, 35232.0]","[0.0, 0.0]","['Cytoplasmic', 'Cytoplasmic']","[0, 0]"
1481,EX_malt_e_f,Maltose exchange,Exchange,Extracellular exchange,nan,,0,0,0,[0],[0],['Exchange'],[0]
1482,4PEPTtex_f,LalaDgluMdapDala (pentapeptide) transport via diffusion (extracellular to periplasm),Cytoplasmic,"Transport, Outer Membrane Porin",100000000.0,b0241 or b0929 or b1377 or b2215,38922.0,0.0,0,"[38922.0, 39333.0, 41220.0, 40368.0]","[0.0, 21633.15, 0.0, 17383.90751]","['Cytoplasmic', 'Cytoplasmic', 'Cytoplasmic', 'Cytoplasmic']","[0, 17, 0, 16]"
1483,NAMNPP,Nicotinic acid mononucleotide pyrophosphorylase,Cytoplasmic,Cofactor and Prosthetic Group Biosynthesis,0.158,b0931,45897.0,0,0,[45897.0],[0.0],['Cytoplasmic'],[0]
1484,EX_pnto__R_e_f,(R)-Pantothenate exchange,Exchange,Extracellular exchange,nan,,0,0,0,[0],[0],['Exchange'],[0]
1485,SELNPS,Selenophosphate synthase,Cytoplasmic,Unassigned,0.25,b1764,36687.0,0,0,[36687.0],[0.0],['Cytoplasmic'],[0]
1486,CRNCAR_f,Carnitine-CoA racemase,Cytoplasmic,Oxidative Phosphorylation,368.4865,b0036,28190.0,0,0,[28190.0],[0.0],['Cytoplasmic'],[0]
1487,GALabcpp,D-galactose transport via ABC system (periplasm),Inner Membrane,"Transport, Inner Membrane",95.19583333,(b2148 and b2149 and b2150) or (b4227 and b4230 and b4485 and b4231),127678.0,19996.875,9,"[127678.0, 160242.0]","[19996.875, 39713.27227]","['Inner Membrane', 'Inner Membrane']","[9, 18]"
1488,GLYCLTt2rpp_f,"Glycolate transport via proton symport, reversible (periplasm)",Inner Membrane,"Transport, Inner Membrane",22.0,b3603 or b2975,58920.0,28723.5,13,"[59168.0, 58920.0]","[29315.54265, 28723.5]","['Inner Membrane', 'Inner Membrane']","[13, 13]"
1489,GUAt2pp,Guanine transport in via proton symport (periplasm),Inner Membrane,"Transport, Inner Membrane",22.0,b3654,48868.0,26597.70194,12,[48868.0],[26597.70194],['Inner Membrane'],[12]
1490,HPPPNt2rpp_f,"3-(3-hydroxyphenyl)propionate transport via proton symport, reversible (periplasm)",Inner Membrane,"Transport, Inner Membrane",22.0,b0353,41551.0,25982.26303,12,[41551.0],[25982.26303],['Inner Membrane'],[12]
1491,ANHMK,"1,6-anhydrous-N-Acetylmuramate kinase",Cytoplasmic,Murein Recycling,7000.0,b1640,39496.0,0,0,[39496.0],[0.0],['Cytoplasmic'],[0]
1492,DHFR_f,Dihydrofolate reductase,Cytoplasmic,Cofactor and Prosthetic Group Biosynthesis,21.75,b1606 or b0048,17999.0,0.0,0,"[26348.0, 17999.0]","[0.0, 0.0]","['Cytoplasmic', 'Cytoplasmic']","[0, 0]"
1493,EX_cit_e_f,Citrate exchange,Exchange,Extracellular exchange,nan,,0,0,0,[0],[0],['Exchange'],[0]
1494,PRAIi,Phosphoribosylanthranilate isomerase (irreversible),Cytoplasmic,"Tyrosine, Tryptophan, and Phenylalanine Metabolism",36.0,b1262,49492.0,0,0,[49492.0],[0.0],['Cytoplasmic'],[0]
1495,TYRTA_f,Tyrosine transaminase,Cytoplasmic,"Tyrosine, Tryptophan, and Phenylalanine Metabolism",153.85,b4054 or b0928 or b3770,34094.0,0.0,0,"[43538.0, 43573.0, 34094.0]","[0.0, 0.0, 0.0]","['Cytoplasmic', 'Cytoplasmic', 'Cytoplasmic']","[0, 0, 0]"
1496,SHKK,Shikimate kinase,Cytoplasmic,"Tyrosine, Tryptophan, and Phenylalanine Metabolism",35.0,b3390 or b0388,19151.0,0.0,0,"[19538.0, 19151.0]","[0.0, 0.0]","['Cytoplasmic', 'Cytoplasmic']","[0, 0]"
1497,EX_gam_e_f,D-Glucosamine exchange,Exchange,Extracellular exchange,nan,,0,0,0,[0],[0],['Exchange'],[0]
1498,EX_inost_e_f,Myo-Inositol exchange,Exchange,Extracellular exchange,nan,,0,0,0,[0],[0],['Exchange'],[0]
1499,EX_mobd_e_f,Molybdate exchange,Exchange,Extracellular exchange,nan,,0,0,0,[0],[0],['Exchange'],[0]
1500,EX_so4_e_f,Sulfate exchange,Exchange,Extracellular exchange,nan,,0,0,0,[0],[0],['Exchange'],[0]
1501,SADH,Succinylarginine dihydrolase,Cytoplasmic,Arginine and Proline Metabolism,3.2,b1745,49299.0,0,0,[49299.0],[0.0],['Cytoplasmic'],[0]
1502,GLUSy,Glutamate synthase (NADPH),Cytoplasmic,Glutamate Metabolism,4.35,b3213 and b3212,215312.0,0,0,[215312.0],[0.0],['Cytoplasmic'],[0]
1503,GUAPRT,Guanine phosphoribosyltransferase,Cytoplasmic,Nucleotide Salvage Pathway,112.0,b0125 or b0238,16971.0,0.0,0,"[20115.0, 16971.0]","[0.0, 0.0]","['Cytoplasmic', 'Cytoplasmic']","[0, 0]"
1504,EX_phe__L_e_f,L-Phenylalanine exchange,Exchange,Extracellular exchange,nan,,0,0,0,[0],[0],['Exchange'],[0]
1505,EX_thr__L_e_f,L-Threonine exchange,Exchange,Extracellular exchange,nan,,0,0,0,[0],[0],['Exchange'],[0]
1506,EX_uri_e_f,Uridine exchange,Exchange,Extracellular exchange,nan,,0,0,0,[0],[0],['Exchange'],[0]
1507,PDH,Pyruvate dehydrogenase,Cytoplasmic,Glycolysis/Gluconeogenesis,66.45,b0115 and b0116 and b0114,216452.0,0,0,[216452.0],[0.0],['Cytoplasmic'],[0]
1508,DMSOR2pp,Dimethyl sulfoxide reductase (Demethylmenaquinol 8) (periplasm),Inner Membrane,Oxidative Phosphorylation,40.2,b1872 and b1873,129250.0,2311.491803,1,[129250.0],[2311.491803],['Inner Membrane'],[1]
1509,H2St1pp,H2s transport (periplasm),Inner Membrane,"Transport, Inner Membrane",nan,s0001,0,0,0,[0.0],[0.0],['Inner Membrane'],[0]
1510,HYD3pp,Hydrogenase (Demethylmenaquinone-8: 2 protons) (periplasm),Inner Membrane,Oxidative Phosphorylation,1500.0,(b0973 and b0974 and b0972) or (b2994 and b2997 and b2996 and b2995),134531.0,12373.512187,5,"[134531.0, 181748.0]","[12373.512187, 25694.03571]","['Inner Membrane', 'Inner Membrane']","[5, 11]"
1511,NO3R1pp,Nitrate reductase (Ubiquinol-8) (periplasm),Inner Membrane,Oxidative Phosphorylation,68.0,(b1467 and b1468 and b1466 and b1465) or (b1224 and b1227 and b1226 and b1225),250501.0,13485.08,5,"[250964.0, 250501.0]","[13699.74336, 13485.08]","['Inner Membrane', 'Inner Membrane']","[5, 5]"
1512,EX_halipa_e_f,Hepta-acylated KDO(2)-lipid (A) exchange,Exchange,Extracellular exchange,nan,,0,0,0,[0],[0],['Exchange'],[0]
1513,AACPS5,Acyl-[acyl-carrier-protein] synthetase  (n-C18:1),Inner Membrane,Cell Envelope Biosynthesis,21.94,b1094 and b2836,89340.0,5050.764951,2,[89340.0],[5050.764951],['Inner Membrane'],[2]
1514,MANptspp,D-mannose transport via PEP:Pyr PTS (periplasm),Inner Membrane,"Transport, Inner Membrane",1068.078333,b1819 and b1818 and b1817 and b2416 and b2415,166320.0,25948.7428,10,[166320.0],[25948.7428],['Inner Membrane'],[10]
1515,EX_cmp_e_f,CMP exchange,Exchange,Extracellular exchange,nan,,0,0,0,[0],[0],['Exchange'],[0]
1516,NTD8,5'-nucleotidase (dGMP),Cytoplasmic,Nucleotide Salvage Pathway,2.16,b2744 or b2291 or b3399 or b2361,20255.0,0.0,0,"[26900.0, 22708.0, 25399.0, 20255.0]","[0.0, 0.0, 0.0, 0.0]","['Cytoplasmic', 'Cytoplasmic', 'Cytoplasmic', 'Cytoplasmic']","[0, 0, 0, 0]"
1517,GALCTD,Galactarate dehydratase,Cytoplasmic,Alternate Carbon Metabolism,22.0,b3128,56402.0,0,0,[56402.0],[0.0],['Cytoplasmic'],[0]
1518,EX_malthx_e_f,Maltohexaose exchange,Exchange,Extracellular exchange,nan,,0,0,0,[0],[0],['Exchange'],[0]
1519,MLTG4,Maltodextrin glucosidase (maltohexaose),Cytoplasmic,Alternate Carbon Metabolism,845.0,b0403,69041.0,0,0,[69041.0],[0.0],['Cytoplasmic'],[0]
1520,UDPGDC,UDP-glucuronate C-4'' decarboxylase,Cytoplasmic,Lipopolysaccharide Biosynthesis / Recycling,0.3025,b2255,74289.0,0,0,[74289.0],[0.0],['Cytoplasmic'],[0]
1521,PUNP4_f,Purine-nucleoside phosphorylase (Deoxyguanosine),Cytoplasmic,Nucleotide Salvage Pathway,44.93,b2407 or b4384,25950.0,0.0,0,"[29835.0, 25950.0]","[0.0, 0.0]","['Cytoplasmic', 'Cytoplasmic']","[0, 0]"
1522,AMAOTr_f,Adenosylmethionine-8-amino-7-oxononanoate transaminase,Cytoplasmic,Cofactor and Prosthetic Group Biosynthesis,0.283,b0774,47336.0,0,0,[47336.0],[0.0],['Cytoplasmic'],[0]
1523,EX_csn_e_f,Cytosine exchange,Exchange,Extracellular exchange,nan,,0,0,0,[0],[0],['Exchange'],[0]
1524,EX_etoh_e_f,Ethanol exchange,Exchange,Extracellular exchange,nan,,0,0,0,[0],[0],['Exchange'],[0]
1525,EX_his__L_e_f,L-Histidine exchange,Exchange,Extracellular exchange,nan,,0,0,0,[0],[0],['Exchange'],[0]
1526,EX_k_e_f,K+ exchange,Exchange,Extracellular exchange,nan,,0,0,0,[0],[0],['Exchange'],[0]
1527,EX_na1_e_f,Sodium exchange,Exchange,Extracellular exchange,nan,,0,0,0,[0],[0],['Exchange'],[0]
1528,ARGORNt7pp_f,Arginine/ornithine antiporter (periplasm),Inner Membrane,"Transport, Inner Membrane",22.0,b1605,49501.0,29377.76739,13,[49501.0],[29377.76739],['Inner Membrane'],[13]
1529,EX_dmso_e_f,Dimethyl sulfoxide exchange,Exchange,Extracellular exchange,nan,,0,0,0,[0],[0],['Exchange'],[0]
1530,EX_12ppd__S_e_f,"(S)-Propane-1,2-diol exchange",Exchange,Extracellular exchange,nan,,0,0,0,[0],[0],['Exchange'],[0]
1531,EX_pppn_e_f,Phenylpropanoate exchange,Exchange,Extracellular exchange,nan,,0,0,0,[0],[0],['Exchange'],[0]
1532,EX_acgam1p_e_f,N-Acetyl-D-glucosamine 1-phosphate exchange,Exchange,Extracellular exchange,nan,,0,0,0,[0],[0],['Exchange'],[0]
1533,NTD11pp,5'-nucleotidase (IMP),Cytoplasmic,Nucleotide Salvage Pathway,104.0,b0480 or b4055,26104.0,0.0,0,"[60824.0, 26104.0]","[0.0, 0.0]","['Cytoplasmic', 'Cytoplasmic']","[0, 0]"
1534,EX_galt_e_f,Galactitol exchange,Exchange,Extracellular exchange,nan,,0,0,0,[0],[0],['Exchange'],[0]
1535,DKGLCNR2x,"2,5-diketo-D-gluconate reductase (NADH)",Cytoplasmic,Alternate Carbon Metabolism,60503.775,b3553,35396.0,0,0,[35396.0],[0.0],['Cytoplasmic'],[0]
1536,ACGS,N-acetylglutamate synthase,Cytoplasmic,Arginine and Proline Metabolism,200.0,b2818,49195.0,0,0,[49195.0],[0.0],['Cytoplasmic'],[0]
1537,PDE1,"3',5'-cyclic-nucleotide phosphodiesterase",Cytoplasmic,Nucleotide Salvage Pathway,0.000945,b1489 or b3032,30938.0,0.0,0,"[90260.0, 30938.0]","[0.0, 0.0]","['Cytoplasmic', 'Cytoplasmic']","[0, 0]"
1538,MCITD,2-methylcitrate dehydratase,Cytoplasmic,Alternate Carbon Metabolism,368.4865,b0334,53952.0,0,0,[53952.0],[0.0],['Cytoplasmic'],[0]
1539,CU2tex_f,Copper (Cu+2) transport via diffusion (extracellular to periplasm),Cytoplasmic,"Transport, Outer Membrane Porin",100000000.0,b1377 or b2215 or b0241 or b0929,38922.0,0.0,0,"[41220.0, 40368.0, 38922.0, 39333.0]","[0.0, 17383.90751, 0.0, 21633.15]","['Cytoplasmic', 'Cytoplasmic', 'Cytoplasmic', 'Cytoplasmic']","[0, 16, 0, 17]"
1540,GLCATr_f,D-glucose O-acetyltransferase,Cytoplasmic,Alternate Carbon Metabolism,32.4876,b0459,20096.0,0,0,[20096.0],[0.0],['Cytoplasmic'],[0]
1541,FECRMUtex,Ferrichrome (minus Fe) secretion (to extracellular),Cytoplasmic,Inorganic Ion Transport and Metabolism,nan,,0,0,0,[0],[0],['Cytoplasmic'],[0]
1542,ALAALAr_f,D-alanine-D-alanine ligase (reversible),Cytoplasmic,Cell Envelope Biosynthesis,14.7,b0381 or b0092,32840.0,0.0,0,"[39316.0, 32840.0]","[0.0, 0.0]","['Cytoplasmic', 'Cytoplasmic']","[0, 0]"
1543,CLtex_f,Chloride (Cl-1) transport via diffusion (extracellular to periplasm),Cytoplasmic,"Transport, Outer Membrane Porin",100000000.0,b0241 or b0929 or b1377 or b2215,38922.0,0.0,0,"[38922.0, 39333.0, 41220.0, 40368.0]","[0.0, 21633.15, 0.0, 17383.90751]","['Cytoplasmic', 'Cytoplasmic', 'Cytoplasmic', 'Cytoplasmic']","[0, 17, 0, 16]"
1544,CELBpts,Cellobiose transport via PEPPyr PTS,Inner Membrane,"Transport, Inner Membrane",72.77916667,(b2715 and b2416 and b2415) or (b2416 and (b1738 and b1737 and b1736) and b2415),123707.0,22093.73196,10,"[123707.0, 145188.0]","[22093.73196, 22455.13274]","['Inner Membrane', 'Inner Membrane']","[10, 10]"
1545,ACACT1r_f,Acetyl-CoA C-acetyltransferase,Cytoplasmic,Membrane Lipid Metabolism,1.4,b2224 or b2342 or b3845,40352.0,0,0,"[40352.0, 46531.0, 40876.0]","[0.0, 0.0, 0.0]","['Cytoplasmic', 'Cytoplasmic', 'Cytoplasmic']","[0, 0, 0]"
1546,MALTptspp,Maltose transport via PEP:Pyr PTS (periplasm),Inner Membrane,"Transport, Inner Membrane",3204.0,b1621 and b2417 and b2415 and b2416,147559.0,22437.11321,10,[147559.0],[22437.11321],['Inner Membrane'],[10]
1547,EX_glcur1p_e_f,D-Glucuronate 1-phosphate exchange,Exchange,Extracellular exchange,nan,,0,0,0,[0],[0],['Exchange'],[0]
1548,EX_thrp_e_f,L-Threonine O-3-phosphate exchange,Exchange,Extracellular exchange,nan,,0,0,0,[0],[0],['Exchange'],[0]
1549,EX_pydxn_e_f,Pyridoxine exchange,Exchange,Extracellular exchange,nan,,0,0,0,[0],[0],['Exchange'],[0]
1550,CD2abcpp,Cadmium (Cd+2) ABC transporter (periplasm),Inner Membrane,Inorganic Ion Transport and Metabolism,300.0,b3469,76840.0,16900.60109,8,[76840.0],[16900.60109],['Inner Membrane'],[8]
1551,G2PPpp,Glycerol 2-phosphate phosphatase (periplasmic),Cytoplasmic,Alternate Carbon Metabolism,1831.0,b4055 or b0383,26104.0,0,0,"[26104.0, 49439.0]","[0.0, 0.0]","['Cytoplasmic', 'Cytoplasmic']","[0, 0]"
1552,Kt3pp,Potassium transport out via proton antiport (periplasm),Inner Membrane,Inorganic Ion Transport and Metabolism,22.0,b3350 or b0047 or b1216 or b0842,39168.0,24720.78689,11,"[66411.0, 67796.0, 39168.0, 44321.0]","[30166.72712, 29414.71613, 24720.78689, 26700.7]","['Inner Membrane', 'Inner Membrane', 'Inner Membrane', 'Inner Membrane']","[13, 13, 11, 12]"
1553,AGM3PApp,N-Acetyl-D-glucosamine(anhydrous)N-Acetylmuramyl-tripeptide amidase (periplasm),Cytoplasmic,Murein Recycling,25.0,b4169 or b2435 or b2817 or b0867,31072.0,0.0,0,"[47985.0, 31412.0, 45634.0, 31072.0]","[0.0, 0.0, 0.0, 0.0]","['Cytoplasmic', 'Cytoplasmic', 'Cytoplasmic', 'Cytoplasmic']","[0, 0, 0, 0]"
1554,SUCOAS_f,Succinyl-CoA synthetase (ADP-forming),Cytoplasmic,Citric Acid Cycle,26.21,b0729 and b0728,71170.0,0,0,[71170.0],[0.0],['Cytoplasmic'],[0]
1555,NTP1,Nucleoside-triphosphatase (ATP),Cytoplasmic,Biomass and maintenance functions,8.6095,b0650 or b4161,39193.0,0.0,0,"[61986.0, 39193.0]","[0.0, 0.0]","['Cytoplasmic', 'Cytoplasmic']","[0, 0]"
1556,GALKr_f,Galactokinase,Cytoplasmic,Alternate Carbon Metabolism,63.62,b0757,41442.0,0,0,[41442.0],[0.0],['Cytoplasmic'],[0]
1557,PANTS,Pantothenate synthase,Cytoplasmic,Cofactor and Prosthetic Group Biosynthesis,1.4,b0133,31598.0,0,0,[31598.0],[0.0],['Cytoplasmic'],[0]
1558,YUMPS_f,YUMP synthetase,Cytoplasmic,Purine and Pyrimidine Biosynthesis,0.00833,b2165,32910.0,0,0,[32910.0],[0.0],['Cytoplasmic'],[0]
1559,DHQS,3-dehydroquinate synthase,Cytoplasmic,"Tyrosine, Tryptophan, and Phenylalanine Metabolism",16.0,b3389,38881.0,0,0,[38881.0],[0.0],['Cytoplasmic'],[0]
1560,PGCD,Phosphoglycerate dehydrogenase,Cytoplasmic,Glycine and Serine Metabolism,13.5,b2913,44176.0,0,0,[44176.0],[0.0],['Cytoplasmic'],[0]
1561,EX_cys__L_e_f,L-Cysteine exchange,Exchange,Extracellular exchange,nan,,0,0,0,[0],[0],['Exchange'],[0]
1562,EX_gsn_e_f,Guanosine exchange,Exchange,Extracellular exchange,nan,,0,0,0,[0],[0],['Exchange'],[0]
1563,EX_orot_e_f,Orotate exchange,Exchange,Extracellular exchange,nan,,0,0,0,[0],[0],['Exchange'],[0]
1564,ADSL1r_f,Adenylsuccinate lyase,Cytoplasmic,Purine and Pyrimidine Biosynthesis,5.8,b1131,51543.0,0,0,[51543.0],[0.0],['Cytoplasmic'],[0]
1565,SERD_D,D-serine deaminase,Cytoplasmic,Glycine and Serine Metabolism,118.0,b2366,47901.0,0,0,[47901.0],[0.0],['Cytoplasmic'],[0]
1566,AICART_f,Phosphoribosylaminoimidazolecarboxamide formyltransferase,Cytoplasmic,Purine and Pyrimidine Biosynthesis,13.5,b4006,57329.0,0,0,[57329.0],[0.0],['Cytoplasmic'],[0]
1567,FRUpts2pp,Fructose transport via PEP:Pyr PTS (f6p generating) (periplasm),Inner Membrane,"Transport, Inner Membrane",806.33125,b1818 and b1817 and b2416 and b1819 and b2415,166320.0,25948.7428,10,[166320.0],[25948.7428],['Inner Membrane'],[10]
1568,G6Pt6_2pp,Glucose-6-phosphate transport via phosphate antiport (periplasm),Inner Membrane,"Transport, Inner Membrane",22.0,b3666,50607.0,27434.89633,12,[50607.0],[27434.89633],['Inner Membrane'],[12]
1569,PROtex_f,L-proline transport via diffusion (extracellular to periplasm),Cytoplasmic,"Transport, Outer Membrane Porin",100000000.0,b1377 or b2215 or b0241 or b0929,38922.0,0.0,0,"[41220.0, 40368.0, 38922.0, 39333.0]","[0.0, 17383.90751, 0.0, 21633.15]","['Cytoplasmic', 'Cytoplasmic', 'Cytoplasmic', 'Cytoplasmic']","[0, 16, 0, 17]"
1570,SBTtex_f,D-sorbitol transport via diffusion (extracellular to periplasm),Cytoplasmic,"Transport, Outer Membrane Porin",100000000.0,b0241 or b0929 or b1377 or b2215,38922.0,0.0,0,"[38922.0, 39333.0, 41220.0, 40368.0]","[0.0, 21633.15, 0.0, 17383.90751]","['Cytoplasmic', 'Cytoplasmic', 'Cytoplasmic', 'Cytoplasmic']","[0, 17, 0, 16]"
1571,PFK,Phosphofructokinase,Cytoplasmic,Glycolysis/Gluconeogenesis,79.8,b3916 or b1723,32456.0,0.0,0,"[34842.0, 32456.0]","[0.0, 0.0]","['Cytoplasmic', 'Cytoplasmic']","[0, 0]"
1572,PGM_f,Phosphoglycerate mutase,Cytoplasmic,Glycolysis/Gluconeogenesis,14.0,b0755 or b3612,28556.0,0,0,"[28556.0, 56194.0]","[0.0, 0.0]","['Cytoplasmic', 'Cytoplasmic']","[0, 0]"
1573,TPI_f,Triose-phosphate isomerase,Cytoplasmic,Glycolysis/Gluconeogenesis,327.0,b3919,26972.0,0,0,[26972.0],[0.0],['Cytoplasmic'],[0]
1574,RPI_f,Ribose-5-phosphate isomerase,Cytoplasmic,Pentose Phosphate Pathway,1076.0,b2914 or b4090,16073.0,0.0,0,"[22860.0, 16073.0]","[0.0, 0.0]","['Cytoplasmic', 'Cytoplasmic']","[0, 0]"
1575,PERD_f,Erythronate 4-phosphate (4per) dehydrogenase,Cytoplasmic,Cofactor and Prosthetic Group Biosynthesis,1.4,b2320,41368.0,0,0,[41368.0],[0.0],['Cytoplasmic'],[0]
1576,PYDAMK,Pyridoxamine kinase,Cytoplasmic,Cofactor and Prosthetic Group Biosynthesis,0.55,b2418,30847.0,0,0,[30847.0],[0.0],['Cytoplasmic'],[0]
1577,AKGtex_f,Alpha-ketoglutarate transport via diffusion (extracellular to periplasm),Cytoplasmic,"Transport, Outer Membrane Porin",100000000.0,b0241 or b0929 or b1377 or b2215,38922.0,0.0,0,"[38922.0, 39333.0, 41220.0, 40368.0]","[0.0, 21633.15, 0.0, 17383.90751]","['Cytoplasmic', 'Cytoplasmic', 'Cytoplasmic', 'Cytoplasmic']","[0, 17, 0, 16]"
1578,ALLTNtex_f,Allantoin transport via diffusion (extracellular to periplasm),Cytoplasmic,"Transport, Outer Membrane Porin",100000000.0,b0241 or b0929 or b1377 or b2215,38922.0,0.0,0,"[38922.0, 39333.0, 41220.0, 40368.0]","[0.0, 21633.15, 0.0, 17383.90751]","['Cytoplasmic', 'Cytoplasmic', 'Cytoplasmic', 'Cytoplasmic']","[0, 17, 0, 16]"
1579,ASNtex_f,L-asparagine transport via diffusion (extracellular to periplasm),Cytoplasmic,"Transport, Outer Membrane Porin",100000000.0,b0241 or b0929 or b1377 or b2215,38922.0,0.0,0,"[38922.0, 39333.0, 41220.0, 40368.0]","[0.0, 21633.15, 0.0, 17383.90751]","['Cytoplasmic', 'Cytoplasmic', 'Cytoplasmic', 'Cytoplasmic']","[0, 17, 0, 16]"
1580,FE3HOXabcpp,Ferric-dicitrate transport via ABC system (periplasm),Inner Membrane,Inorganic Ion Transport and Metabolism,95.19583333,b0151 and b0152 and b0153,132307.0,40333.17273,18,[132307.0],[40333.17273],['Inner Membrane'],[18]
1581,FADRx2,FAD reductase,Cytoplasmic,Cofactor and Prosthetic Group Biosynthesis,247.0357143,b2764 and b2763,130268.0,0,0,[130268.0],[0.0],['Cytoplasmic'],[0]
1582,EX_o2_e_f,O2 exchange,Exchange,Extracellular exchange,nan,,0,0,0,[0],[0],['Exchange'],[0]
1583,EX_gal_bD_e_f,Beta D-Galactose exchange,Exchange,Extracellular exchange,nan,,0,0,0,[0],[0],['Exchange'],[0]
1584,PDE4,"3',5'-cyclic-nucleotide phosphodiesterase",Cytoplasmic,Nucleotide Salvage Pathway,0.000363333,b1489,90260.0,0,0,[90260.0],[0.0],['Cytoplasmic'],[0]
1585,AGM4PH,"N-Acetyl-D-glucosamine(anhydrous)N-Acetylmuramyl-tetrapeptide beta -1,4-N-acetylglucosaminidase",Cytoplasmic,Murein Recycling,185.2,b1107,37595.0,0,0,[37595.0],[0.0],['Cytoplasmic'],[0]
1586,AM4PA,Anhydrous-N-Acetylmuramyl-tetrapeptide amidase,Cytoplasmic,Murein Recycling,25.0,b0110,20536.0,0,0,[20536.0],[0.0],['Cytoplasmic'],[0]
1587,EX_dump_e_f,DUMP exchange,Exchange,Extracellular exchange,nan,,0,0,0,[0],[0],['Exchange'],[0]
1588,EX_o2s_e_f,Superoxide anion exchange,Exchange,Extracellular exchange,nan,,0,0,0,[0],[0],['Exchange'],[0]
1589,EX_gal1p_e_f,Alpha-D-Galactose 1-phosphate exchange,Exchange,Extracellular exchange,nan,,0,0,0,[0],[0],['Exchange'],[0]
1590,EX_dcmp_e_f,DCMP exchange,Exchange,Extracellular exchange,nan,,0,0,0,[0],[0],['Exchange'],[0]
1591,EX_23ccmp_e_f,"2',3'-Cyclic CMP exchange",Exchange,Extracellular exchange,nan,,0,0,0,[0],[0],['Exchange'],[0]
1592,EX_3cmp_e_f,3'-cmp exchange,Exchange,Extracellular exchange,nan,,0,0,0,[0],[0],['Exchange'],[0]
1593,ATHRDHr_f,L-allo-threonine dehydrogenase,Cytoplasmic,Threonine and Lysine Metabolism,5.76,b1539,27249.0,0,0,[27249.0],[0.0],['Cytoplasmic'],[0]
1594,LSERDHr_f,L-serine dehydrogenase,Cytoplasmic,Glycine and Serine Metabolism,4.2,b1539,27249.0,0,0,[27249.0],[0.0],['Cytoplasmic'],[0]
1595,DSERDHr_f,D-serine dehydrogenase,Cytoplasmic,Glycine and Serine Metabolism,3.5,b1539,27249.0,0,0,[27249.0],[0.0],['Cytoplasmic'],[0]
1596,EX_skm_e_f,Shikimate exchange,Exchange,Extracellular exchange,nan,,0,0,0,[0],[0],['Exchange'],[0]
1597,EX_ag_e_f,Silver exchange,Exchange,Extracellular exchange,nan,,0,0,0,[0],[0],['Exchange'],[0]
1598,EX_cys__D_e_f,D-Cysteine exchange,Exchange,Extracellular exchange,nan,,0,0,0,[0],[0],['Exchange'],[0]
1599,EX_acser_e_f,O-Acetyl-L-serine exchange,Exchange,Extracellular exchange,nan,,0,0,0,[0],[0],['Exchange'],[0]
1600,EX_cu_e_f,Cu+ exchange,Exchange,Extracellular exchange,nan,,0,0,0,[0],[0],['Exchange'],[0]
1601,EX_arbtn_e_f,Aerobactin minus Fe3 exchange,Exchange,Extracellular exchange,nan,,0,0,0,[0],[0],['Exchange'],[0]
1602,EX_dopa_e_f,Dopamine exchange,Exchange,Extracellular exchange,nan,,0,0,0,[0],[0],['Exchange'],[0]
1603,EX_hom__L_e_f,L-Homoserine exchange,Exchange,Extracellular exchange,nan,,0,0,0,[0],[0],['Exchange'],[0]
1604,OBTFL,2-Oxobutanoate formate lyase,Cytoplasmic,Alternate Carbon Metabolism,4.065,((b0902 and b0903) and b2579) or (b0902 and b0903) or (b0902 and b3114),113561.0,0.0,0,"[127845.0, 113561.0, 114140.0]","[0.0, 0.0, 0.0]","['Cytoplasmic', 'Cytoplasmic', 'Cytoplasmic']","[0, 0, 0]"
1605,THRt2pp,L-threonine efflux transport via proton antiport (periplasm),Inner Membrane,"Transport, Inner Membrane",22.0,b0813 or b3823,22474.0,9491.446602,4,"[31168.0, 22474.0]","[22187.38983, 9491.446602]","['Inner Membrane', 'Inner Membrane']","[10, 4]"
1606,EX_LalaDgluMdapDala_e_f,"L-alanine-D-glutamate-meso-2,6-diaminoheptanedioate-D-alanine exchange",Exchange,Extracellular exchange,nan,,0,0,0,[0],[0],['Exchange'],[0]
1607,EX_LalaDgluMdap_e_f,"L-alanine-D-glutamate-meso-2,6-diaminoheptanedioate exchange",Exchange,Extracellular exchange,nan,,0,0,0,[0],[0],['Exchange'],[0]
1608,EX_anhgm_e_f,N-Acetyl-D-glucosamine(anhydrous)N-Acetylmuramic acid exchange,Exchange,Extracellular exchange,nan,,0,0,0,[0],[0],['Exchange'],[0]
1609,EX_fald_e_f,Formaldehyde exchange,Exchange,Extracellular exchange,nan,,0,0,0,[0],[0],['Exchange'],[0]
1610,G6PP,Glucose-6-phosphate phosphatase,Cytoplasmic,Glycolysis/Gluconeogenesis,2.49,b0822 or b3826 or b2293,23008.0,0.0,0,"[30413.0, 29708.0, 23008.0]","[0.0, 0.0, 0.0]","['Cytoplasmic', 'Cytoplasmic', 'Cytoplasmic']","[0, 0, 0]"
1611,MMCD,Methylmalonyl-CoA decarboxylase,Cytoplasmic,Alternate Carbon Metabolism,1.71,b2919,29173.0,0,0,[29173.0],[0.0],['Cytoplasmic'],[0]
1612,GLNS,Glutamine synthetase,Cytoplasmic,Glutamate Metabolism,50.0,b3870,51904.0,0,0,[51904.0],[0.0],['Cytoplasmic'],[0]
1613,TYMtex_f,Tyramine transport via diffusion (extracellular to periplasm),Cytoplasmic,"Transport, Outer Membrane Porin",100000000.0,b0241 or b0929 or b1377 or b2215,38922.0,0.0,0,"[38922.0, 39333.0, 41220.0, 40368.0]","[0.0, 21633.15, 0.0, 17383.90751]","['Cytoplasmic', 'Cytoplasmic', 'Cytoplasmic', 'Cytoplasmic']","[0, 17, 0, 16]"
1614,GTHS,Glutathione synthetase,Cytoplasmic,Cofactor and Prosthetic Group Biosynthesis,6.752,b2947,35561.0,0,0,[35561.0],[0.0],['Cytoplasmic'],[0]
1615,EX_g3pe_e_f,Sn-Glycero-3-phosphoethanolamine exchange,Exchange,Extracellular exchange,nan,,0,0,0,[0],[0],['Exchange'],[0]
1616,EX_pacald_e_f,Phenylacetaldehyde exchange,Exchange,Extracellular exchange,nan,,0,0,0,[0],[0],['Exchange'],[0]
1617,CMPtex_f,CMP transport via diffusion (extracellular to periplasm),Cytoplasmic,"Transport, Outer Membrane Porin",100000000.0,b0241 or b0929 or b1377 or b2215,38922.0,0.0,0,"[38922.0, 39333.0, 41220.0, 40368.0]","[0.0, 21633.15, 0.0, 17383.90751]","['Cytoplasmic', 'Cytoplasmic', 'Cytoplasmic', 'Cytoplasmic']","[0, 17, 0, 16]"
1618,DUMPtex_f,DUMP transport via diffusion (extracellular to periplasm),Cytoplasmic,"Transport, Outer Membrane Porin",100000000.0,b0241 or b0929 or b1377 or b2215,38922.0,0.0,0,"[38922.0, 39333.0, 41220.0, 40368.0]","[0.0, 21633.15, 0.0, 17383.90751]","['Cytoplasmic', 'Cytoplasmic', 'Cytoplasmic', 'Cytoplasmic']","[0, 17, 0, 16]"
1619,XMPtex_f,XMP transport via diffusion (extracellular to periplasm),Cytoplasmic,"Transport, Outer Membrane Porin",100000000.0,b0241 or b0929 or b1377 or b2215,38922.0,0.0,0,"[38922.0, 39333.0, 41220.0, 40368.0]","[0.0, 21633.15, 0.0, 17383.90751]","['Cytoplasmic', 'Cytoplasmic', 'Cytoplasmic', 'Cytoplasmic']","[0, 17, 0, 16]"
1620,3PEPTtex_f,LalaDgluMdap (tripeptide) transport via diffusion (extracellular to periplasm),Cytoplasmic,"Transport, Outer Membrane Porin",100000000.0,b0241 or b0929 or b1377 or b2215,38922.0,0.0,0,"[38922.0, 39333.0, 41220.0, 40368.0]","[0.0, 21633.15, 0.0, 17383.90751]","['Cytoplasmic', 'Cytoplasmic', 'Cytoplasmic', 'Cytoplasmic']","[0, 17, 0, 16]"
1621,ANHGMtex_f,GlcNAc-anhMurNAc transport via diffusion (extracellular to periplasm),Cytoplasmic,"Transport, Outer Membrane Porin",100000000.0,b0241 or b0929 or b1377 or b2215,38922.0,0.0,0,"[38922.0, 39333.0, 41220.0, 40368.0]","[0.0, 21633.15, 0.0, 17383.90751]","['Cytoplasmic', 'Cytoplasmic', 'Cytoplasmic', 'Cytoplasmic']","[0, 17, 0, 16]"
1622,UDPKAAT_f,UDP-4''-ketopentose:UDP-4-amino-4-deoxy-L-arabinose aminotransferase,Cytoplasmic,Lipopolysaccharide Biosynthesis / Recycling,339.905,b2253,42238.0,0,0,[42238.0],[0.0],['Cytoplasmic'],[0]
1623,ULA4NFT,UDP-L-Ara4N formyltransferase,Cytoplasmic,Lipopolysaccharide Biosynthesis / Recycling,13.5,b2255,74289.0,0,0,[74289.0],[0.0],['Cytoplasmic'],[0]
1624,UPLA4FNT,Undecaprenyl phosphate-L-Ara4FN transferase,Inner Membrane,Lipopolysaccharide Biosynthesis / Recycling,24.0530625,b2254,36339.0,4739.869565,2,[36339.0],[4739.869565],['Inner Membrane'],[2]
1625,UPLA4FNF,Undecaprenyl phosphate-L-Ara4FN formylase,Cytoplasmic,Lipopolysaccharide Biosynthesis / Recycling,111.8694444,b2256,33112.0,0,0,[33112.0],[0.0],['Cytoplasmic'],[0]
1626,ULA4Ntppi,Transport (cytoplasm to periplasm),Inner Membrane,Lipopolysaccharide Biosynthesis / Recycling,22.0,b2258 and b4544,26277.0,16163.065034,7,[26277.0],[16163.065034],['Inner Membrane'],[7]
1627,HEPT1,Heptosyltransferase I (LPS core synthesis),Cytoplasmic,Lipopolysaccharide Biosynthesis / Recycling,79.47949376,b3621,35544.0,0,0,[35544.0],[0.0],['Cytoplasmic'],[0]
1628,FALDtex_f,Formaldehyde transport via diffusion (extracellular to periplasm),Cytoplasmic,"Transport, Outer Membrane Porin",100000000.0,b0241 or b0929 or b1377 or b2215,38922.0,0.0,0,"[38922.0, 39333.0, 41220.0, 40368.0]","[0.0, 21633.15, 0.0, 17383.90751]","['Cytoplasmic', 'Cytoplasmic', 'Cytoplasmic', 'Cytoplasmic']","[0, 17, 0, 16]"
1629,ALR2,Aldose reductase (methylglyoxal),Cytoplasmic,Methylglyoxal Metabolism,45.92333333,b3012 or b0207 or b1781 or b3001,29437.0,0.0,0,"[31110.0, 29437.0, 30987.0, 38832.0]","[0.0, 0.0, 0.0, 0.0]","['Cytoplasmic', 'Cytoplasmic', 'Cytoplasmic', 'Cytoplasmic']","[0, 0, 0, 0]"
1630,AMALT2,Amylomaltase (maltotetraose),Cytoplasmic,Alternate Carbon Metabolism,1.3,b3416,78503.0,0,0,[78503.0],[0.0],['Cytoplasmic'],[0]
1631,MLTP1_f,Maltodextrin phosphorylase (maltopentaose),Cytoplasmic,Alternate Carbon Metabolism,47.0,b3417,90522.0,0,0,[90522.0],[0.0],['Cytoplasmic'],[0]
1632,HEPT2,Heptosyltransferase II (LPS core synthesis),Cytoplasmic,Lipopolysaccharide Biosynthesis / Recycling,79.47949376,b3620,39042.0,0,0,[39042.0],[0.0],['Cytoplasmic'],[0]
1633,CYSDtex_f,D-cysteine transport via diffusion (extracellular to periplasm),Cytoplasmic,"Transport, Outer Membrane Porin",100000000.0,b0241 or b0929 or b1377 or b2215,38922.0,0.0,0,"[38922.0, 39333.0, 41220.0, 40368.0]","[0.0, 21633.15, 0.0, 17383.90751]","['Cytoplasmic', 'Cytoplasmic', 'Cytoplasmic', 'Cytoplasmic']","[0, 17, 0, 16]"
1634,CYSDabcpp,D-cysteine uptake via ABC system (periplasm),Cytoplasmic,"Transport, Inner Membrane",nan,,0,0,0,[0],[0],['Cytoplasmic'],[0]
1635,HXAND,Hypoxanthine dehydrogenase,Cytoplasmic,Nucleotide Salvage Pathway,30.0,b2866 and b2867 and b2868,129800.0,0,0,[129800.0],[0.0],['Cytoplasmic'],[0]
1636,EX_acgal_e_f,N-Acetyl-D-galactosamine exchange,Exchange,Extracellular exchange,nan,,0,0,0,[0],[0],['Exchange'],[0]
1637,EX_so2_e_f,Sulfur dioxide exchange,Exchange,Extracellular exchange,nan,,0,0,0,[0],[0],['Exchange'],[0]
1638,EX_dms_e_f,Dimethyl sulfide exchange,Exchange,Extracellular exchange,nan,,0,0,0,[0],[0],['Exchange'],[0]
1639,G3PItex_f,Glycero-3-phospho-1-inositol transport via diffusion (extracellular to periplasm),Cytoplasmic,"Transport, Outer Membrane Porin",100000000.0,b0241 or b0929 or b1377 or b2215,38922.0,0.0,0,"[38922.0, 39333.0, 41220.0, 40368.0]","[0.0, 21633.15, 0.0, 17383.90751]","['Cytoplasmic', 'Cytoplasmic', 'Cytoplasmic', 'Cytoplasmic']","[0, 17, 0, 16]"
1640,G3PGtex_f,Glycerophoglycerol transport via diffusion (extracellular to periplasm),Cytoplasmic,"Transport, Outer Membrane Porin",100000000.0,b0241 or b0929 or b1377 or b2215,38922.0,0.0,0,"[38922.0, 39333.0, 41220.0, 40368.0]","[0.0, 21633.15, 0.0, 17383.90751]","['Cytoplasmic', 'Cytoplasmic', 'Cytoplasmic', 'Cytoplasmic']","[0, 17, 0, 16]"
1641,G3PEtex_f,Glycero-3-phosphoethanolamine transport via diffusion (extracellular to periplasm),Cytoplasmic,"Transport, Outer Membrane Porin",100000000.0,b0929 or b1377 or b2215 or b0241,38922.0,0.0,0,"[39333.0, 41220.0, 40368.0, 38922.0]","[21633.15, 0.0, 17383.90751, 0.0]","['Cytoplasmic', 'Cytoplasmic', 'Cytoplasmic', 'Cytoplasmic']","[17, 0, 16, 0]"
1642,G3PCtex_f,Glycero-3-phosphocholine transport via diffusion (extracellular to periplasm),Cytoplasmic,"Transport, Outer Membrane Porin",100000000.0,b0241 or b0929 or b1377 or b2215,38922.0,0.0,0,"[38922.0, 39333.0, 41220.0, 40368.0]","[0.0, 21633.15, 0.0, 17383.90751]","['Cytoplasmic', 'Cytoplasmic', 'Cytoplasmic', 'Cytoplasmic']","[0, 17, 0, 16]"
1643,MOAT3C,3-deoxy-D-manno-octulosonic acid transferase III (LPS core biosynthesis),Cytoplasmic,Lipopolysaccharide Biosynthesis / Recycling,2.866666667,b3624,32920.0,0,0,[32920.0],[0.0],['Cytoplasmic'],[0]
1644,RHAT1,Rhamnosyltransferase I (LPS core biosynthesis),Cytoplasmic,Lipopolysaccharide Biosynthesis / Recycling,18.3185,b3629,36730.0,0,0,[36730.0],[0.0],['Cytoplasmic'],[0]
1645,GLCabcpp,D-glucose transport via ABC system (periplasm),Inner Membrane,"Transport, Inner Membrane",95.19583333,b2149 and b2148 and b2150,127678.0,19996.875,9,[127678.0],[19996.875],['Inner Membrane'],[9]
1646,GALT1,Galactosyltransferase I (LPS core synthesis),Cytoplasmic,Lipopolysaccharide Biosynthesis / Recycling,4.357545811,b3628,40826.0,0,0,[40826.0],[0.0],['Cytoplasmic'],[0]
1647,GLCTR2,Glucosyltransferase II (LPS core synthesis),Cytoplasmic,Lipopolysaccharide Biosynthesis / Recycling,4.357545811,b3627,39423.0,0,0,[39423.0],[0.0],['Cytoplasmic'],[0]
1648,UDPGPpp,UDPglucose pyrophosphohydrolase,Cytoplasmic,Alternate Carbon Metabolism,71.0,b0480,60824.0,0,0,[60824.0],[0.0],['Cytoplasmic'],[0]
1649,EX_acgal1p_e_f,N-Acetyl-D-galactosamine 1-phosphate exchange,Exchange,Extracellular exchange,nan,,0,0,0,[0],[0],['Exchange'],[0]
1650,EX_cyan_e_f,Hydrogen cyanide exchange,Exchange,Extracellular exchange,nan,,0,0,0,[0],[0],['Exchange'],[0]
1651,EX_tyrp_e_f,Phosphotyrosine exchange,Exchange,Extracellular exchange,nan,,0,0,0,[0],[0],['Exchange'],[0]
1652,EX_uacgam_e_f,UDP-N-acetyl-D-glucosamine exchange,Exchange,Extracellular exchange,nan,,0,0,0,[0],[0],['Exchange'],[0]
1653,EX_udpacgal_e_f,UDP-N-acetyl-D-galactosamine exchange,Exchange,Extracellular exchange,nan,,0,0,0,[0],[0],['Exchange'],[0]
1654,EX_udpg_e_f,UDPglucose exchange,Exchange,Extracellular exchange,nan,,0,0,0,[0],[0],['Exchange'],[0]
1655,EX_udpgal_e_f,UDPgalactose exchange,Exchange,Extracellular exchange,nan,,0,0,0,[0],[0],['Exchange'],[0]
1656,EX_udpglcur_e_f,UDP-D-glucuronate exchange,Exchange,Extracellular exchange,nan,,0,0,0,[0],[0],['Exchange'],[0]
1657,EX_14glucan_e_f,"1,4-alpha-D-glucan exchange",Exchange,Extracellular exchange,nan,,0,0,0,[0],[0],['Exchange'],[0]
1658,EX_pser__L_e_f,O-Phospho-L-serine exchange,Exchange,Extracellular exchange,nan,,0,0,0,[0],[0],['Exchange'],[0]
1659,EX_aso3_e_f,Arsenite exchange,Exchange,Extracellular exchange,nan,,0,0,0,[0],[0],['Exchange'],[0]
1660,EX_tcynt_e_f,Thiocyanate exchange,Exchange,Extracellular exchange,nan,,0,0,0,[0],[0],['Exchange'],[0]
1661,EX_fe3dhbzs_e_f,"Ferric 2,3-dihydroxybenzoylserine exchange",Exchange,Extracellular exchange,nan,,0,0,0,[0],[0],['Exchange'],[0]
1662,PPPGO,Protoporphyrinogen oxidase (aerobic),Cytoplasmic,Cofactor and Prosthetic Group Biosynthesis,0.292,b3850,21226.0,0,0,[21226.0],[0.0],['Cytoplasmic'],[0]
1663,EX_feoxam_un_e_f,Ferroxamine minus Fe(3) exchange,Exchange,Extracellular exchange,nan,,0,0,0,[0],[0],['Exchange'],[0]
1664,EX_g3pc_e_f,Sn-Glycero-3-phosphocholine exchange,Exchange,Extracellular exchange,nan,,0,0,0,[0],[0],['Exchange'],[0]
1665,EX_g3pg_e_f,Glycerophosphoglycerol exchange,Exchange,Extracellular exchange,nan,,0,0,0,[0],[0],['Exchange'],[0]
1666,EX_g3pi_e_f,Sn-Glycero-3-phospho-1-inositol exchange,Exchange,Extracellular exchange,nan,,0,0,0,[0],[0],['Exchange'],[0]
1667,EX_g3ps_e_f,Glycerophosphoserine exchange,Exchange,Extracellular exchange,nan,,0,0,0,[0],[0],['Exchange'],[0]
1668,EX_peamn_e_f,Phenethylamine exchange,Exchange,Extracellular exchange,nan,,0,0,0,[0],[0],['Exchange'],[0]
1669,EX_34dhpac_e_f,"3,4-Dihydroxyphenylacetaldehyde exchange",Exchange,Extracellular exchange,nan,,0,0,0,[0],[0],['Exchange'],[0]
1670,DAMPtex_f,DAMP transport via diffusion (extracellular to periplasm),Cytoplasmic,"Transport, Outer Membrane Porin",100000000.0,b0241 or b0929 or b1377 or b2215,38922.0,0.0,0,"[38922.0, 39333.0, 41220.0, 40368.0]","[0.0, 21633.15, 0.0, 17383.90751]","['Cytoplasmic', 'Cytoplasmic', 'Cytoplasmic', 'Cytoplasmic']","[0, 17, 0, 16]"
1671,DCMPtex_f,DCMP transport via diffusion (extracellular to periplasm),Cytoplasmic,"Transport, Outer Membrane Porin",100000000.0,b0241 or b0929 or b1377 or b2215,38922.0,0.0,0,"[38922.0, 39333.0, 41220.0, 40368.0]","[0.0, 21633.15, 0.0, 17383.90751]","['Cytoplasmic', 'Cytoplasmic', 'Cytoplasmic', 'Cytoplasmic']","[0, 17, 0, 16]"
1672,DGMPtex_f,DGMP transport via diffusion (extracellular to periplasm),Cytoplasmic,"Transport, Outer Membrane Porin",100000000.0,b0241 or b0929 or b1377 or b2215,38922.0,0.0,0,"[38922.0, 39333.0, 41220.0, 40368.0]","[0.0, 21633.15, 0.0, 17383.90751]","['Cytoplasmic', 'Cytoplasmic', 'Cytoplasmic', 'Cytoplasmic']","[0, 17, 0, 16]"
1673,DTMPtex_f,DTMP transport via diffusion (extracellular to periplasm),Cytoplasmic,"Transport, Outer Membrane Porin",100000000.0,b0241 or b0929 or b1377 or b2215,38922.0,0.0,0,"[38922.0, 39333.0, 41220.0, 40368.0]","[0.0, 21633.15, 0.0, 17383.90751]","['Cytoplasmic', 'Cytoplasmic', 'Cytoplasmic', 'Cytoplasmic']","[0, 17, 0, 16]"
1674,GMPtex_f,GMP transport via diffusion (extracellular to periplasm),Cytoplasmic,"Transport, Outer Membrane Porin",100000000.0,b2215 or b0241 or b0929 or b1377,38922.0,0.0,0,"[40368.0, 38922.0, 39333.0, 41220.0]","[17383.90751, 0.0, 21633.15, 0.0]","['Cytoplasmic', 'Cytoplasmic', 'Cytoplasmic', 'Cytoplasmic']","[16, 0, 17, 0]"
1675,IMPtex_f,IMP transport via diffusion (extracellular to periplasm),Cytoplasmic,"Transport, Outer Membrane Porin",100000000.0,b0241 or b0929 or b1377 or b2215,38922.0,0.0,0,"[38922.0, 39333.0, 41220.0, 40368.0]","[0.0, 21633.15, 0.0, 17383.90751]","['Cytoplasmic', 'Cytoplasmic', 'Cytoplasmic', 'Cytoplasmic']","[0, 17, 0, 16]"
1676,UMPtex_f,UMP transport via diffusion (extracellular to periplasm),Cytoplasmic,"Transport, Outer Membrane Porin",100000000.0,b0929 or b1377 or b2215 or b0241,38922.0,0.0,0,"[39333.0, 41220.0, 40368.0, 38922.0]","[21633.15, 0.0, 17383.90751, 0.0]","['Cytoplasmic', 'Cytoplasmic', 'Cytoplasmic', 'Cytoplasmic']","[17, 0, 16, 0]"
1677,G1Ptex_f,D-glucose 1-phosphate transport via diffusion,Cytoplasmic,"Transport, Outer Membrane Porin",100000000.0,b0241 or b0929 or b1377 or b2215,38922.0,0.0,0,"[38922.0, 39333.0, 41220.0, 40368.0]","[0.0, 21633.15, 0.0, 17383.90751]","['Cytoplasmic', 'Cytoplasmic', 'Cytoplasmic', 'Cytoplasmic']","[0, 17, 0, 16]"
1678,ADNK1,Adenosine kinase,Cytoplasmic,Nucleotide Salvage Pathway,879.0,b0474,23586.0,0,0,[23586.0],[0.0],['Cytoplasmic'],[0]
1679,CUt3,Copper transport out via proton antiport,Inner Membrane,"Transport, Outer Membrane",22.0,b0572 and b0574 and b0573 and b0575,221533.0,27608.5616,12,[221533.0],[27608.5616],['Inner Membrane'],[12]
1680,ZN2t3pp,Zinc (Zn+2) transport out via proton antiport (periplasm),Inner Membrane,Inorganic Ion Transport and Metabolism,22.0,b3915 or b0752,32927.0,11304.93667,6,"[32927.0, 34678.0]","[11304.93667, 13959.83387]","['Inner Membrane', 'Inner Membrane']","[6, 6]"
1681,SKMtex_f,Shikimate transport via diffusion (extracellular to periplasm),Cytoplasmic,"Transport, Outer Membrane Porin",100000000.0,b0241 or b0929 or b1377 or b2215,38922.0,0.0,0,"[38922.0, 39333.0, 41220.0, 40368.0]","[0.0, 21633.15, 0.0, 17383.90751]","['Cytoplasmic', 'Cytoplasmic', 'Cytoplasmic', 'Cytoplasmic']","[0, 17, 0, 16]"
1682,MNt2pp,Manganese (Mn+2) transport in via proton symport (periplasm),Inner Membrane,"Transport, Inner Membrane",22.0,b2392,44194.0,24027.80583,11,[44194.0],[24027.80583],['Inner Membrane'],[11]
1683,MNtex_f,Manganese (Mn+2) transport via diffusion (extracellular to periplasm),Cytoplasmic,"Transport, Outer Membrane Porin",100000000.0,b0241 or b0929 or b1377 or b2215,38922.0,0.0,0,"[38922.0, 39333.0, 41220.0, 40368.0]","[0.0, 21633.15, 0.0, 17383.90751]","['Cytoplasmic', 'Cytoplasmic', 'Cytoplasmic', 'Cytoplasmic']","[0, 17, 0, 16]"
1684,GAL1Ptex_f,D-galactose 1-phosphate transport via diffusion (extracellular to periplasm),Cytoplasmic,"Transport, Outer Membrane Porin",100000000.0,b0241 or b0929 or b1377 or b2215,38922.0,0.0,0,"[38922.0, 39333.0, 41220.0, 40368.0]","[0.0, 21633.15, 0.0, 17383.90751]","['Cytoplasmic', 'Cytoplasmic', 'Cytoplasmic', 'Cytoplasmic']","[0, 17, 0, 16]"
1685,O2Stex_f,Superoxide anion transport via diffusion (extracellular to periplasm),Cytoplasmic,"Transport, Outer Membrane Porin",100000000.0,b1377 or b2215 or b0241 or b0929,38922.0,0.0,0,"[41220.0, 40368.0, 38922.0, 39333.0]","[0.0, 17383.90751, 0.0, 21633.15]","['Cytoplasmic', 'Cytoplasmic', 'Cytoplasmic', 'Cytoplasmic']","[0, 16, 0, 17]"
1686,HEPK1,LPS heptose kinase I (LPS core synthesis),Cytoplasmic,Lipopolysaccharide Biosynthesis / Recycling,14.80483333,b3630,30872.0,0,0,[30872.0],[0.0],['Cytoplasmic'],[0]
1687,HEPT3,Heptosyltransferase III (LPS core synthesis),Cytoplasmic,Lipopolysaccharide Biosynthesis / Recycling,79.47949376,b3632,38731.0,0,0,[38731.0],[0.0],['Cytoplasmic'],[0]
1688,HEPK2,LPS heptose kinase II (LPS core synthesis),Cytoplasmic,Lipopolysaccharide Biosynthesis / Recycling,14.80483333,b3625,27461.0,0,0,[27461.0],[0.0],['Cytoplasmic'],[0]
1689,ALDD3y,"Aldehyde dehydrogenase (propanal, NADP)",Cytoplasmic,Alternate Carbon Metabolism,45.1,b3588 or b4269 or b3011,36502.0,0.0,0,"[56306.0, 36502.0, 42097.0]","[0.0, 0.0, 0.0]","['Cytoplasmic', 'Cytoplasmic', 'Cytoplasmic']","[0, 0, 0]"
1690,R5PP,Ribose 5-phosphate phosphatase,Cytoplasmic,Alternate Carbon Metabolism,9.84,b0822 or b2690 or b0675 or b2293 or b3697,20780.0,0.0,0,"[30413.0, 20780.0, 27163.0, 23008.0, 29721.0]","[0.0, 0.0, 0.0, 0.0, 0.0]","['Cytoplasmic', 'Cytoplasmic', 'Cytoplasmic', 'Cytoplasmic', 'Cytoplasmic']","[0, 0, 0, 0, 0]"
1691,EX_xmp_e_f,Xanthosine 5'-phosphate exchange,Exchange,Extracellular exchange,nan,,0,0,0,[0],[0],['Exchange'],[0]
1692,EX_damp_e_f,DAMP exchange,Exchange,Extracellular exchange,nan,,0,0,0,[0],[0],['Exchange'],[0]
1693,CYSSADS,L-cysteine sulfinic acid desulfurase,Cytoplasmic,Cysteine Metabolism,3.3,b2810 or b1680,43234.0,0,0,"[43234.0, 44434.0]","[0.0, 0.0]","['Cytoplasmic', 'Cytoplasmic']","[0, 0]"
1694,EX_dimp_e_f,DIMP exchange,Exchange,Extracellular exchange,nan,,0,0,0,[0],[0],['Exchange'],[0]
1695,CPPPGO2,Oxygen Independent coproporphyrinogen-III oxidase,Cytoplasmic,Cofactor and Prosthetic Group Biosynthesis,900.0,b3867,52729.0,0,0,[52729.0],[0.0],['Cytoplasmic'],[0]
1696,EX_isetac_e_f,Isethionic acid exchange,Exchange,Extracellular exchange,nan,,0,0,0,[0],[0],['Exchange'],[0]
1697,AGM3PH,"N-Acetyl-D-glucosamine(anhydrous)N-Acetylmuramyl-tripeptide beta -1,4-N-acetylglucosaminidase",Cytoplasmic,Murein Recycling,185.2,b1107,37595.0,0,0,[37595.0],[0.0],['Cytoplasmic'],[0]
1698,HOMt2pp,L-homoserineserine efflux via proton symport,Inner Membrane,"Transport, Inner Membrane",22.0,b0813 or b3824,22427.0,13717.48544,6,"[31168.0, 22427.0]","[22187.38983, 13717.48544]","['Inner Membrane', 'Inner Membrane']","[10, 6]"
1699,HOMtex_f,L-homoserine transport via diffusion (extracellular to periplasm),Cytoplasmic,"Transport, Outer Membrane Porin",100000000.0,b0241 or b0929 or b1377 or b2215,38922.0,0.0,0,"[38922.0, 39333.0, 41220.0, 40368.0]","[0.0, 21633.15, 0.0, 17383.90751]","['Cytoplasmic', 'Cytoplasmic', 'Cytoplasmic', 'Cytoplasmic']","[0, 17, 0, 16]"
1700,SO2tex_f,SO2 transport via diffusion (extracellular to periplasm),Cytoplasmic,"Transport, Outer Membrane Porin",100000000.0,b0241 or b0929 or b1377 or b2215,38922.0,0.0,0,"[38922.0, 39333.0, 41220.0, 40368.0]","[0.0, 21633.15, 0.0, 17383.90751]","['Cytoplasmic', 'Cytoplasmic', 'Cytoplasmic', 'Cytoplasmic']","[0, 17, 0, 16]"
1701,SO2tpp_f,SO2 transport via diffusion (periplasm),Inner Membrane,Inorganic Ion Transport and Metabolism,nan,s0001,0,0,0,[0.0],[0.0],['Inner Membrane'],[0]
1702,LDH_D2,D-lactate dehydrogenase,Cytoplasmic,Oxidative Phosphorylation,3011.0,b2133,64612.0,0,0,[64612.0],[0.0],['Cytoplasmic'],[0]
1703,SHCHF,Sirohydrochlorin ferrochelatase,Cytoplasmic,Cofactor and Prosthetic Group Biosynthesis,0.034,b3368,49951.0,0,0,[49951.0],[0.0],['Cytoplasmic'],[0]
1704,SUCBZL,O-succinylbenzoate-CoA ligase,Cytoplasmic,Cofactor and Prosthetic Group Biosynthesis,2.62,b2260,50185.0,0,0,[50185.0],[0.0],['Cytoplasmic'],[0]
1705,CYSDDS,D-cysteine desulfhydrase,Cytoplasmic,Cysteine Metabolism,72.0,b1919,35153.0,0,0,[35153.0],[0.0],['Cytoplasmic'],[0]
1706,CYStpp,L-cysteine export via facilitated transport,Inner Membrane,"Transport, Inner Membrane",22.0,b2578 or b1533,21248.0,13402.58462,6,"[21248.0, 32324.0]","[13402.58462, 22702.47492]","['Inner Membrane', 'Inner Membrane']","[6, 10]"
1707,ACSERtpp,O-Acetyl-L-serine export via facilitated transport,Inner Membrane,"Transport, Inner Membrane",22.0,b2578 or b1533,21248.0,13402.58462,6,"[21248.0, 32324.0]","[13402.58462, 22702.47492]","['Inner Membrane', 'Inner Membrane']","[6, 10]"
1708,ACSERtex_f,O-Acetyl-L-serine transport via diffusion (extracellular to periplasm),Cytoplasmic,"Transport, Outer Membrane Porin",100000000.0,b1377 or b2215 or b0241 or b0929,38922.0,0.0,0,"[41220.0, 40368.0, 38922.0, 39333.0]","[0.0, 17383.90751, 0.0, 21633.15]","['Cytoplasmic', 'Cytoplasmic', 'Cytoplasmic', 'Cytoplasmic']","[0, 16, 0, 17]"
1709,LALDO3,L-Lactaldehyde:NADP+ 1-oxidoreductase,Cytoplasmic,Methylglyoxal Metabolism,nan,,0,0,0,[0],[0],['Cytoplasmic'],[0]
1710,NTP10,Nucleoside-triphosphatase (ITP),Cytoplasmic,Nucleotide Salvage Pathway,226.6424,b4161 or b4394,18213.0,0.0,0,"[39193.0, 18213.0]","[0.0, 0.0]","['Cytoplasmic', 'Cytoplasmic']","[0, 0]"
1711,PRAIS,Phosphoribosylaminoimidazole synthase,Cytoplasmic,Purine and Pyrimidine Biosynthesis,1.08,b2499,36854.0,0,0,[36854.0],[0.0],['Cytoplasmic'],[0]
1712,GDMANE,GDP-4-dehydro-6-deoxy-D-mannose epimerase,Cytoplasmic,Cell Envelope Biosynthesis,0.75,b2052,36141.0,0,0,[36141.0],[0.0],['Cytoplasmic'],[0]
1713,GPDDA4,Glycerophosphodiester phosphodiesterase (Glycerophosphoglycerol),Cytoplasmic,Glycerophospholipid Metabolism,3.3,b3449,27410.0,0,0,[27410.0],[0.0],['Cytoplasmic'],[0]
1714,LPLIPAL2E140,"Lysophospholipase L2 (2-acylglycerophosphoethanolamine, n-C14:0)",Cytoplasmic,Glycerophospholipid Metabolism,1016.0,b3825,38978.0,0,0,[38978.0],[0.0],['Cytoplasmic'],[0]
1715,LPLIPAL2E180,"Lysophospholipase L2 (2-acylglycerophosphoethanolamine, n-C18:0)",Cytoplasmic,Glycerophospholipid Metabolism,1016.0,b3825,38978.0,0,0,[38978.0],[0.0],['Cytoplasmic'],[0]
1716,LPLIPAL2G161,"Lysophospholipase L2 (2-acylglycerophosphoglycerol, n-C16:1)",Cytoplasmic,Glycerophospholipid Metabolism,1016.0,b3825,38978.0,0,0,[38978.0],[0.0],['Cytoplasmic'],[0]
1717,LPLIPAL2G181,"Lysophospholipase L2 (2-acylglycerophosphoglycerol, n-C18:1)",Cytoplasmic,Glycerophospholipid Metabolism,1016.0,b3825,38978.0,0,0,[38978.0],[0.0],['Cytoplasmic'],[0]
1718,2AGPE120tipp,2-Acyl-sn-glycero-3-phosphoethanolamine (n-C12:0) transporter via facilitated diffusion (periplasm),Inner Membrane,"Transport, Inner Membrane",100000000.0,b2835,41656.0,24238.12594,11,[41656.0],[24238.12594],['Inner Membrane'],[11]
1719,AACPS6,Acyl-[acyl-carrier-protein] synthetase  (n-C18:0),Inner Membrane,Cell Envelope Biosynthesis,21.94,b1094 and b2836,89340.0,5050.764951,2,[89340.0],[5050.764951],['Inner Membrane'],[2]
1720,AACPS7,Acyl-[acyl-carrier-protein] synthetase  (n-C12:0),Inner Membrane,Cell Envelope Biosynthesis,21.94,b1094 and b2836,89340.0,5050.764951,2,[89340.0],[5050.764951],['Inner Membrane'],[2]
1721,G3PGabcpp,Sn-glycerol-3-phosphoglycerol transport via ABC system (periplasm),Inner Membrane,"Transport, Inner Membrane",95.19583333,b3450 and b3451 and b3453 and b3452,152737.0,28332.229740000002,12,[152737.0],[28332.229740000002],['Inner Membrane'],[12]
1722,G3PIabcpp,Sn-glycerol-3-phosphoethanolamine transport via ABC system (periplasm),Inner Membrane,"Transport, Inner Membrane",95.19583333,b3450 and b3451 and b3453 and b3452,152737.0,28332.229740000002,12,[152737.0],[28332.229740000002],['Inner Membrane'],[12]
1723,G3PSabcpp,Sn-glycerol-3-phosphoserine transport via ABC system (periplasm),Inner Membrane,"Transport, Inner Membrane",95.19583333,b3450 and b3451 and b3453 and b3452,152737.0,28332.229740000002,12,[152737.0],[28332.229740000002],['Inner Membrane'],[12]
1724,QMO2,Quinol monooxygenase (Ubiquinol-8),Cytoplasmic,Oxidative Phosphorylation,69.50713596,b3029,11532.0,0,0,[11532.0],[0.0],['Cytoplasmic'],[0]
1725,QMO3,Quinol monooxygenase (menaquinol 8),Cytoplasmic,Oxidative Phosphorylation,69.50713596,b3029,11532.0,0,0,[11532.0],[0.0],['Cytoplasmic'],[0]
1726,LPLIPAL2E141,"Lysophospholipase L2 (2-acylglycerophosphoethanolamine, n-C14:1)",Cytoplasmic,Glycerophospholipid Metabolism,1016.0,b3825,38978.0,0,0,[38978.0],[0.0],['Cytoplasmic'],[0]
1727,LPLIPAL2E161,"Lysophospholipase L2 (2-acylglycerophosphoethanolamine, n-C16:1)",Cytoplasmic,Glycerophospholipid Metabolism,1016.0,b3825,38978.0,0,0,[38978.0],[0.0],['Cytoplasmic'],[0]
1728,LPLIPAL2E181,"Lysophospholipase L2 (2-acylglycerophosphoethanolamine, n-C18:1)",Cytoplasmic,Glycerophospholipid Metabolism,1016.0,b3825,38978.0,0,0,[38978.0],[0.0],['Cytoplasmic'],[0]
1729,LPLIPAL2G180,"Lysophospholipase L2 (2-acylglycerophosphoglycerol, n-C18:0)",Cytoplasmic,Glycerophospholipid Metabolism,1016.0,b3825,38978.0,0,0,[38978.0],[0.0],['Cytoplasmic'],[0]
1730,LPLIPAL2G141,"Lysophospholipase L2 (2-acylglycerophosphoglycerol, n-C14:1)",Cytoplasmic,Glycerophospholipid Metabolism,1016.0,b3825,38978.0,0,0,[38978.0],[0.0],['Cytoplasmic'],[0]
1731,2AGPA120tipp,2-Acyl-sn-glycero-3-phosphatidate (n-C12:0) transporter via facilitated diffusion (periplasm),Inner Membrane,"Transport, Inner Membrane",100000000.0,b2835,41656.0,24238.12594,11,[41656.0],[24238.12594],['Inner Membrane'],[11]
1732,2AGPG180tipp,2-Acyl-sn-glycero-3-phosphoglycerol (n-C18:0) transporter via facilitated diffusion (periplasm),Inner Membrane,"Transport, Inner Membrane",100000000.0,b2835,41656.0,24238.12594,11,[41656.0],[24238.12594],['Inner Membrane'],[11]
1733,IPDDI_f,Isopentenyl-diphosphate D-isomerase,Cytoplasmic,Cofactor and Prosthetic Group Biosynthesis,4.80625,b2889,20508.0,0,0,[20508.0],[0.0],['Cytoplasmic'],[0]
1734,2AGPGAT180,2-acyl-glycerophospho-glycerol acyltransferase (n-C18:0),Inner Membrane,Glycerophospholipid Metabolism,0.016,b2836,80700.0,5050.764951,2,[80700.0],[5050.764951],['Inner Membrane'],[2]
1735,2AGPGAT181,2-acyl-glycerophospho-glycerol acyltransferase (n-C18:1),Inner Membrane,Glycerophospholipid Metabolism,0.016,b2836,80700.0,5050.764951,2,[80700.0],[5050.764951],['Inner Membrane'],[2]
1736,LPLIPAL2ATG120,"Lysophospholipase L2 (acyltransferase, 2-acyl-glycerophosphoglycerol, n-C12:0)",Cytoplasmic,Glycerophospholipid Metabolism,1016.0,b3825,38978.0,0,0,[38978.0],[0.0],['Cytoplasmic'],[0]
1737,PLIPA1E140pp,"Phospholipase A1 (phosphatidylethanolamine, n-C14:0) (periplasm)",Cytoplasmic,Glycerophospholipid Metabolism,2.48,b3821,33163.0,17875.96654,12,[33163.0],[17875.96654],['Cytoplasmic'],[12]
1738,PLIPA1E160pp,"Phospholipase A1 (phosphatidylethanolamine, n-C16:0) (periplasm)",Cytoplasmic,Glycerophospholipid Metabolism,1.1,b3821,33163.0,17875.96654,12,[33163.0],[17875.96654],['Cytoplasmic'],[12]
1739,PLIPA1E161pp,"Phospholipase A1 (phosphatidylethanolamine, n-C16:1) (periplasm)",Cytoplasmic,Glycerophospholipid Metabolism,2.48,b3821,33163.0,17875.96654,12,[33163.0],[17875.96654],['Cytoplasmic'],[12]
1740,AACPS8,Acyl-[acyl-carrier-protein] synthetase  (n-C10:0),Inner Membrane,Cell Envelope Biosynthesis,21.94,b1094 and b2836,89340.0,5050.764951,2,[89340.0],[5050.764951],['Inner Membrane'],[2]
1741,AACPS9,Acyl-[acyl-carrier-protein] synthetase  (n-C8:0),Inner Membrane,Cell Envelope Biosynthesis,21.94,b1094 and b2836,89340.0,5050.764951,2,[89340.0],[5050.764951],['Inner Membrane'],[2]
1742,HXCT,Acetyl-CoA:hexanoate-CoA transferase,Cytoplasmic,Alternate Carbon Metabolism,290.0,b2222 and b2221,46486.0,0,0,[46486.0],[0.0],['Cytoplasmic'],[0]
1743,2AGPEAT160,2-acyl-glycerophospho-ethanolamine acyltransferase (n-C16:0),Inner Membrane,Glycerophospholipid Metabolism,46.80901367,b2836,80700.0,5050.764951,2,[80700.0],[5050.764951],['Inner Membrane'],[2]
1744,DURADx_f,Dihydrouracil dehydrogenase (NAD),Cytoplasmic,Nucleotide Salvage Pathway,0.65,b2147 and b2146,89398.0,0,0,[89398.0],[0.0],['Cytoplasmic'],[0]
1745,ECOAH7_f,3-hydroxyacyl-CoA dehydratase (3-hydroxyhexadecanoyl-CoA),Cytoplasmic,Membrane Lipid Metabolism,380.5,b2341 or b3846,77072.0,0,0,"[77072.0, 79594.0]","[0.0, 0.0]","['Cytoplasmic', 'Cytoplasmic']","[0, 0]"
1746,G1PPpp,Glucose-1-phosphatase,Cytoplasmic,Glycolysis/Gluconeogenesis,117.0,b1002 or b0383,45683.0,0,0,"[45683.0, 49439.0]","[0.0, 0.0]","['Cytoplasmic', 'Cytoplasmic']","[0, 0]"
1747,GALCTND,Galactonate dehydratase,Cytoplasmic,Alternate Carbon Metabolism,1.08,b4478,42523.0,0,0,[42523.0],[0.0],['Cytoplasmic'],[0]
1748,GCALDD,Glycolaldehyde dehydrogenase,Cytoplasmic,Folate Metabolism,43.65,b1415,52273.0,0,0,[52273.0],[0.0],['Cytoplasmic'],[0]
1749,HISTP,Histidinol-phosphatase,Cytoplasmic,Histidine Metabolism,1132.5,b2022,40278.0,0,0,[40278.0],[0.0],['Cytoplasmic'],[0]
1750,LDH_D_f,D-lactate dehydrogenase,Cytoplasmic,Pyruvate Metabolism,0.07,b1380,36535.0,0,0,[36535.0],[0.0],['Cytoplasmic'],[0]
1751,AMALT4,Amylomaltase (maltohexaose),Cytoplasmic,Alternate Carbon Metabolism,1.3,b3416,78503.0,0,0,[78503.0],[0.0],['Cytoplasmic'],[0]
1752,NTD11,5'-nucleotidase (IMP),Cytoplasmic,Nucleotide Salvage Pathway,104.0,b2744 or b3399,25399.0,0.0,0,"[26900.0, 25399.0]","[0.0, 0.0]","['Cytoplasmic', 'Cytoplasmic']","[0, 0]"
1753,ORNDC,Ornithine Decarboxylase,Cytoplasmic,Arginine and Proline Metabolism,3.4,b2965 or b0693,79416.0,0,0,"[79416.0, 82416.0]","[0.0, 0.0]","['Cytoplasmic', 'Cytoplasmic']","[0, 0]"
1754,UPP3MT,Uroporphyrinogen methyltransferase,Cytoplasmic,Cofactor and Prosthetic Group Biosynthesis,38.0,b3368,49951.0,0,0,[49951.0],[0.0],['Cytoplasmic'],[0]
1755,KAS15,Beta-ketoacyl-ACP synthase (2),Cytoplasmic,Membrane Lipid Metabolism,3.765,b1091,33515.0,0,0,[33515.0],[0.0],['Cytoplasmic'],[0]
1756,ALAALAtex_f,D-alanyl-D-alanine (DalaDala) transport via diffusion (extracellular to periplasm),Cytoplasmic,"Transport, Outer Membrane Porin",100000000.0,b0241 or b0929 or b1377 or b2215,38922.0,0.0,0,"[38922.0, 39333.0, 41220.0, 40368.0]","[0.0, 21633.15, 0.0, 17383.90751]","['Cytoplasmic', 'Cytoplasmic', 'Cytoplasmic', 'Cytoplasmic']","[0, 17, 0, 16]"
1757,FACOAL181t2pp,Fatty-acid-CoA ligase (octadecenoate transport via vectoral Co-A coupling),Cytoplasmic,Cell Envelope Biosynthesis,0.029,b1805 or b1701,62332.0,0,0,"[62332.0, 62759.0]","[0.0, 0.0]","['Cytoplasmic', 'Cytoplasmic']","[0, 0]"
1758,T2DECAI_f,Trans-2-decenoyl-ACP isomerase,Cytoplasmic,Cell Envelope Biosynthesis,15.0,b0954,18969.0,0,0,[18969.0],[0.0],['Cytoplasmic'],[0]
1759,3OAS161,3-oxoacyl-[acyl-carrier-protein] synthase (n-C16:1),Cytoplasmic,Cell Envelope Biosynthesis,0.725,b2323,42613.0,0,0,[42613.0],[0.0],['Cytoplasmic'],[0]
1760,EAR141y,Enoyl-[acyl-carrier-protein] reductase (NADPH) (n-C14:1),Cytoplasmic,Cell Envelope Biosynthesis,5.3,b1288,27864.0,0,0,[27864.0],[0.0],['Cytoplasmic'],[0]
1761,EAR161x,Enoyl-[acyl-carrier-protein] reductase (NADH) (n-C16:1),Cytoplasmic,Cell Envelope Biosynthesis,5.3,b1288,27864.0,0,0,[27864.0],[0.0],['Cytoplasmic'],[0]
1762,DASYN160,CDP-diacylglycerol synthetase (n-C16:0),Inner Membrane,Glycerophospholipid Metabolism,8.92,b0175,31454.0,18541.30526,8,[31454.0],[18541.30526],['Inner Membrane'],[8]
1763,DASYN161,CDP-diacylglycerol synthetase (n-C16:1),Inner Membrane,Glycerophospholipid Metabolism,8.92,b0175,31454.0,18541.30526,8,[31454.0],[18541.30526],['Inner Membrane'],[8]
1764,DASYN181,CDP-diacylglycerol synthetase (n-C18:1),Inner Membrane,Glycerophospholipid Metabolism,8.92,b0175,31454.0,18541.30526,8,[31454.0],[18541.30526],['Inner Membrane'],[8]
1765,CDAPPA161,CDP-Diacylglycerol pyrophostatase (n-C16:1),Cytoplasmic,Glycerophospholipid Metabolism,90.13177273,b3918,28451.0,2380.36255,1,[28451.0],[2380.36255],['Cytoplasmic'],[1]
1766,PGSA180,Phosphatidylglycerol synthase (n-C18:0),Inner Membrane,Glycerophospholipid Metabolism,1.0,b1912,20701.0,10293.31492,4,[20701.0],[10293.31492],['Inner Membrane'],[4]
1767,PSSA140,Phosphatidylserine syntase (n-C14:0),Cytoplasmic,Glycerophospholipid Metabolism,1.0,b2585,52802.0,0,0,[52802.0],[0.0],['Cytoplasmic'],[0]
1768,2AGPGAT141,2-acyl-glycerophospho-glycerol acyltransferase (n-C14:1),Inner Membrane,Glycerophospholipid Metabolism,0.016,b2836,80700.0,5050.764951,2,[80700.0],[5050.764951],['Inner Membrane'],[2]
1769,FACOAE180,Fatty-acid-CoA thioesterase (octadecanoate),Cytoplasmic,Cell Envelope Biosynthesis,61.375,b0452,31966.0,0,0,[31966.0],[0.0],['Cytoplasmic'],[0]
1770,FACOAE100,Fatty-acid-CoA thioesterase (decanoate),Cytoplasmic,Cell Envelope Biosynthesis,17.0,b0452,31966.0,0,0,[31966.0],[0.0],['Cytoplasmic'],[0]
1771,FACOAE80,Fatty-acid-CoA thioesterase (octanoate),Cytoplasmic,Cell Envelope Biosynthesis,159.0,b0452,31966.0,0,0,[31966.0],[0.0],['Cytoplasmic'],[0]
1772,FACOAE60,Fatty-acid-CoA thioesterase (hexanoate),Cytoplasmic,Cell Envelope Biosynthesis,3.7615,b0452,31966.0,0,0,[31966.0],[0.0],['Cytoplasmic'],[0]
1773,PLIPA1E120pp,"Phospholipase A1 (phosphatidylethanolamine, n-C12:0) (periplasm)",Cytoplasmic,Glycerophospholipid Metabolism,2.48,b3821,33163.0,17875.96654,12,[33163.0],[17875.96654],['Cytoplasmic'],[12]
1774,MALtex_f,Malate transport via diffusion (extracellular to periplasm),Cytoplasmic,"Transport, Outer Membrane Porin",100000000.0,b0241 or b0929 or b1377 or b2215,38922.0,0.0,0,"[38922.0, 39333.0, 41220.0, 40368.0]","[0.0, 21633.15, 0.0, 17383.90751]","['Cytoplasmic', 'Cytoplasmic', 'Cytoplasmic', 'Cytoplasmic']","[0, 17, 0, 16]"
1775,NO3tex_f,Nitrate transport via diffusion (extracellular to periplasm),Cytoplasmic,"Transport, Outer Membrane Porin",100000000.0,b1377 or b0241 or b0929 or b2215,38922.0,0.0,0,"[41220.0, 38922.0, 39333.0, 40368.0]","[0.0, 0.0, 21633.15, 17383.90751]","['Cytoplasmic', 'Cytoplasmic', 'Cytoplasmic', 'Cytoplasmic']","[0, 0, 17, 16]"
1776,3OAS141,3-oxoacyl-[acyl-carrier-protein] synthase (n-C14:1),Cytoplasmic,Cell Envelope Biosynthesis,0.725,b2323,42613.0,0,0,[42613.0],[0.0],['Cytoplasmic'],[0]
1777,3OAR121,3-oxoacyl-[acyl-carrier-protein] reductase (n-C12:1),Cytoplasmic,Cell Envelope Biosynthesis,0.59,b1093,25560.0,0,0,[25560.0],[0.0],['Cytoplasmic'],[0]
1778,CFAS160G,"Cyclopropane fatty acid synthase (Phosphatidylglycerol, n-C16:0)",Cytoplasmic,Glycerophospholipid Metabolism,0.067,b1661,43909.0,0,0,[43909.0],[0.0],['Cytoplasmic'],[0]
1779,URAt2pp,Uracil transport in via proton symport (periplasm),Inner Membrane,"Transport, Inner Membrane",22.0,b2497 or b1006,45060.0,25418.46154,12,"[45060.0, 45557.0]","[25418.46154, 25973.67421]","['Inner Membrane', 'Inner Membrane']","[12, 12]"
1780,FACOAE141,Fatty-acid-CoA thioesterase (tetradecenoate),Cytoplasmic,Cell Envelope Biosynthesis,39.26175,b0452,31966.0,0,0,[31966.0],[0.0],['Cytoplasmic'],[0]
1781,FACOAE161,Fatty-acid-CoA thioesterase (hexadecenoate),Cytoplasmic,Cell Envelope Biosynthesis,39.26175,b0452,31966.0,0,0,[31966.0],[0.0],['Cytoplasmic'],[0]
1782,TTDCEAtexi,Tetradecenoate transport via facilitated irreversible diffusion (extracellular to periplasm),Cytoplasmic,"Transport, Outer Membrane",100000000.0,b2344,48542.0,0,0,[48542.0],[0.0],['Cytoplasmic'],[0]
1783,HDCEAtexi,Hexadecenoate transport via facilitated irreversible diffusion (extracellular to periplasm),Cytoplasmic,"Transport, Outer Membrane",100000000.0,b2344,48542.0,0,0,[48542.0],[0.0],['Cytoplasmic'],[0]
1784,ALAALAD,D-alanine-D-alanine dipeptidase,Cytoplasmic,Murein Recycling,22.85,b1488,21213.0,0,0,[21213.0],[0.0],['Cytoplasmic'],[0]
1785,2AGPEAT180,2-acyl-glycerophospho-ethanolamine acyltransferase (n-C18:0),Inner Membrane,Glycerophospholipid Metabolism,46.80901367,b2836,80700.0,5050.764951,2,[80700.0],[5050.764951],['Inner Membrane'],[2]
1786,2AGPEAT181,2-acyl-glycerophospho-ethanolamine acyltransferase (n-C18:1),Inner Membrane,Glycerophospholipid Metabolism,0.016,b2836,80700.0,5050.764951,2,[80700.0],[5050.764951],['Inner Membrane'],[2]
1787,2AGPGAT140,2-acyl-glycerophospho-glycerol acyltransferase (n-C14:0),Inner Membrane,Glycerophospholipid Metabolism,0.016,b2836,80700.0,5050.764951,2,[80700.0],[5050.764951],['Inner Membrane'],[2]
1788,PLIPA1E181pp,"Phospholipase A1 (phosphatidylethanolamine, n-C18:1) (periplasm)",Cytoplasmic,Glycerophospholipid Metabolism,2.48,b3821,33163.0,17875.96654,12,[33163.0],[17875.96654],['Cytoplasmic'],[12]
1789,PLIPA1G180pp,"Phospholipase A1 (phosphatidylglycerol, n-C18:0) (periplasm)",Cytoplasmic,Glycerophospholipid Metabolism,2.48,b3821,33163.0,17875.96654,12,[33163.0],[17875.96654],['Cytoplasmic'],[12]
1790,PLIPA1G181pp,"Phospholipase A1 (phosphatidylglycerol, n-C18:1) (periplasm)",Cytoplasmic,Glycerophospholipid Metabolism,2.48,b3821,33163.0,17875.96654,12,[33163.0],[17875.96654],['Cytoplasmic'],[12]
1791,ALAALAabcpp,D-alanyl-D-alanine (DalaDala) transport via ABC system (periplasm),Inner Membrane,"Transport, Inner Membrane",22.0,(b3544 and b3542 and b3543 and b3540 and b3541) or (b1487 and b1486 and b1483 and b1485 and b1484),197678.0,29883.83666,13,"[203503.0, 197678.0]","[29829.12106, 29883.83666]","['Inner Membrane', 'Inner Membrane']","[13, 13]"
1792,HEXt2rpp_f,"Hexanoate transport via proton symport, reversible (periplasm)",Inner Membrane,"Transport, Inner Membrane",22.0,b2223,47528.0,27220.58182,12,[47528.0],[27220.58182],['Inner Membrane'],[12]
1793,G3PEabcpp,Sn-glycerol-3-phosphoethanolamine transport via ABC system (periplasm),Inner Membrane,"Transport, Inner Membrane",95.19583333,b3450 and b3451 and b3453 and b3452,152737.0,28332.229740000002,12,[152737.0],[28332.229740000002],['Inner Membrane'],[12]
1794,G3PCabcpp,Sn-glycerol-3-phosphocholine transport via ABC system (periplasm),Inner Membrane,"Transport, Inner Membrane",95.19583333,b3450 and b3451 and b3453 and b3452,152737.0,28332.229740000002,12,[152737.0],[28332.229740000002],['Inner Membrane'],[12]
1795,2AGPGAT161,2-acyl-glycerophospho-glycerol acyltransferase (n-C16:1),Inner Membrane,Glycerophospholipid Metabolism,0.016,b2836,80700.0,5050.764951,2,[80700.0],[5050.764951],['Inner Membrane'],[2]
1796,AMPTASEPG,Aminopeptidase (pro-gly),Cytoplasmic,Arginine and Proline Metabolism,92.0,b2523 or b0932 or b4260 or b0237,46180.0,0,0,"[46180.0, 98919.0, 54880.0, 52915.0]","[0.0, 0.0, 0.0, 0.0]","['Cytoplasmic', 'Cytoplasmic', 'Cytoplasmic', 'Cytoplasmic']","[0, 0, 0, 0]"
1797,PROGLYabcpp,L-Prolinylglycine (Pro-Gly) transport via ABC system (periplasm),Inner Membrane,"Transport, Inner Membrane",22.0,b3544 and b3542 and b3540 and b3541 and b3543,203503.0,29829.12106,13,[203503.0],[29829.12106],['Inner Membrane'],[13]
1798,GTHRDabcpp,Reduced glutathione via ABC system (periplasm),Inner Membrane,"Transport, Inner Membrane",95.19583333,b0831 and b0830 and b0829 and b0832,192888.0,27848.91904,12,[192888.0],[27848.91904],['Inner Membrane'],[12]
1799,2AGPG140tipp,2-Acyl-sn-glycero-3-phosphoglycerol (n-C14:0) transporter via facilitated diffusion (periplasm),Inner Membrane,"Transport, Inner Membrane",100000000.0,b2835,41656.0,24238.12594,11,[41656.0],[24238.12594],['Inner Membrane'],[11]
1800,2AGPG160tipp,2-Acyl-sn-glycero-3-phosphoglycerol (n-C16:0) transporter via facilitated diffusion (periplasm),Inner Membrane,"Transport, Inner Membrane",100000000.0,b2835,41656.0,24238.12594,11,[41656.0],[24238.12594],['Inner Membrane'],[11]
1801,2AGPG141tipp,2-Acyl-sn-glycero-3-phosphoglycerol (n-C14:1) transporter via facilitated diffusion (periplasm),Inner Membrane,"Transport, Inner Membrane",100000000.0,b2835,41656.0,24238.12594,11,[41656.0],[24238.12594],['Inner Membrane'],[11]
1802,2AGPG161tipp,2-Acyl-sn-glycero-3-phosphoglycerol (n-C16:1) transporter via facilitated diffusion (periplasm),Inner Membrane,"Transport, Inner Membrane",100000000.0,b2835,41656.0,24238.12594,11,[41656.0],[24238.12594],['Inner Membrane'],[11]
1803,2AGPG181tipp,2-Acyl-sn-glycero-3-phosphoglycerol (n-C18:1) transporter via facilitated diffusion (periplasm),Inner Membrane,"Transport, Inner Membrane",100000000.0,b2835,41656.0,24238.12594,11,[41656.0],[24238.12594],['Inner Membrane'],[11]
1804,2AGPEAT140,2-acyl-glycerophospho-ethanolamine acyltransferase (n-C14:0),Inner Membrane,Glycerophospholipid Metabolism,0.016,b2836,80700.0,5050.764951,2,[80700.0],[5050.764951],['Inner Membrane'],[2]
1805,2AGPEAT120,2-acyl-glycerophospho-ethanolamine acyltransferase (n-C12:0),Inner Membrane,Glycerophospholipid Metabolism,0.016,b2836,80700.0,5050.764951,2,[80700.0],[5050.764951],['Inner Membrane'],[2]
1806,2AGPEAT161,2-acyl-glycerophospho-ethanolamine acyltransferase (n-C16:1),Inner Membrane,Glycerophospholipid Metabolism,0.016,b2836,80700.0,5050.764951,2,[80700.0],[5050.764951],['Inner Membrane'],[2]
1807,2AGPEAT141,2-acyl-glycerophospho-ethanolamine acyltransferase (n-C14:1),Inner Membrane,Glycerophospholipid Metabolism,0.016,b2836,80700.0,5050.764951,2,[80700.0],[5050.764951],['Inner Membrane'],[2]
1808,2AGPGAT160,2-acyl-glycerophospho-glycerol acyltransferase (n-C16:0),Inner Membrane,Glycerophospholipid Metabolism,0.016,b2836,80700.0,5050.764951,2,[80700.0],[5050.764951],['Inner Membrane'],[2]
1809,LPLIPAL2ATG140,"Lysophospholipase L2 (acyltransferase, 2-acyl-glycerophosphoglycerol, n-C14:0)",Cytoplasmic,Glycerophospholipid Metabolism,1016.0,b3825,38978.0,0,0,[38978.0],[0.0],['Cytoplasmic'],[0]
1810,LPLIPAL2ATG141,"Lysophospholipase L2 (acyltransferase, 2-acyl-glycerophosphoglycerol, n-C14:1)",Cytoplasmic,Glycerophospholipid Metabolism,1016.0,b3825,38978.0,0,0,[38978.0],[0.0],['Cytoplasmic'],[0]
1811,LPLIPAL2ATG160,"Lysophospholipase L2 (acyltransferase, 2-acyl-glycerophosphoglycerol, n-C16:0)",Cytoplasmic,Glycerophospholipid Metabolism,1016.0,b3825,38978.0,0,0,[38978.0],[0.0],['Cytoplasmic'],[0]
1812,LPLIPAL2ATG180,"Lysophospholipase L2 (acyltransferase, 2-acyl-glycerophosphoglycerol, n-C18:0)",Cytoplasmic,Glycerophospholipid Metabolism,1016.0,b3825,38978.0,0,0,[38978.0],[0.0],['Cytoplasmic'],[0]
1813,LPLIPAL2ATG161,"Lysophospholipase L2 (acyltransferase, 2-acyl-glycerophosphoglycerol, n-C16:1)",Cytoplasmic,Glycerophospholipid Metabolism,1016.0,b3825,38978.0,0,0,[38978.0],[0.0],['Cytoplasmic'],[0]
1814,LPLIPAL2ATG181,"Lysophospholipase L2 (acyltransferase, 2-acyl-glycerophosphoglycerol, n-C18:1)",Cytoplasmic,Glycerophospholipid Metabolism,1016.0,b3825,38978.0,0,0,[38978.0],[0.0],['Cytoplasmic'],[0]
1815,CLPNS180pp_f,"Cardiolipin synthase (periplasmic, n-C18:0)",Cytoplasmic,Glycerophospholipid Metabolism,1.0,b1249 or b0789,47634.0,0.0,0,"[54822.0, 47634.0]","[4737.703704, 0.0]","['Inner Membrane', 'Cytoplasmic']","[2, 0]"
1816,CLPNS181pp_f,"Cardiolipin synthase (periplasmic, n-C18:1)",Cytoplasmic,Glycerophospholipid Metabolism,1.0,b1249 or b0789,47634.0,0.0,0,"[54822.0, 47634.0]","[4737.703704, 0.0]","['Inner Membrane', 'Cytoplasmic']","[2, 0]"
1817,PG161abcpp,"Phosphatidylglycerol transport via ABC system (n-C16:1, periplasm)",Inner Membrane,"Transport, Inner Membrane",95.19583333,b0914,64461.0,11740.31959,5,[64461.0],[11740.31959],['Inner Membrane'],[5]
1818,PGP120abcpp,"Phosphatidylglycerophosphate transport via ABC system (n-C12:0, periplasm)",Inner Membrane,"Transport, Inner Membrane",95.19583333,b0914,64461.0,11740.31959,5,[64461.0],[11740.31959],['Inner Membrane'],[5]
1819,PGP161abcpp,"Phosphatidylglycerophosphate transport via ABC system (n-C16:1, periplasm)",Inner Membrane,"Transport, Inner Membrane",95.19583333,b0914,64461.0,11740.31959,5,[64461.0],[11740.31959],['Inner Membrane'],[5]
1820,PGP181abcpp,"Phosphatidylglycerophosphate transport via ABC system (n-C18:1, periplasm)",Inner Membrane,"Transport, Inner Membrane",95.19583333,b0914,64461.0,11740.31959,5,[64461.0],[11740.31959],['Inner Membrane'],[5]
1821,PA120abcpp,"Phosphatidate transport via ABC system (n-C12:0, periplasm)",Inner Membrane,"Transport, Inner Membrane",95.19583333,b0914,64461.0,11740.31959,5,[64461.0],[11740.31959],['Inner Membrane'],[5]
1822,PLIPA1G120pp,"Phospholipase A1 (phosphatidylglycerol, n-C12:0) (periplasm)",Cytoplasmic,Glycerophospholipid Metabolism,2.48,b3821,33163.0,17875.96654,12,[33163.0],[17875.96654],['Cytoplasmic'],[12]
1823,CLPNS120pp_f,"Cardiolipin synthase (periplasmic, n-C12:0)",Cytoplasmic,Glycerophospholipid Metabolism,1.0,b0789 or b1249,47634.0,0.0,0,"[47634.0, 54822.0]","[0.0, 4737.703704]","['Cytoplasmic', 'Inner Membrane']","[0, 2]"
1824,ALPATE160pp,"Apolipoprotein N-acyltransferase (phosphatidylethanolamine, periplasm)",Inner Membrane,Unassigned,46.80901367,b1677 and b0657,65389.0,17944.58203,8,[65389.0],[17944.58203],['Inner Membrane'],[8]
1825,ALPATG160pp,"Apolipoprotein N-acyltransferase (phosphatidylglycerol, periplasm)",Inner Membrane,Unassigned,46.80901367,b1677 and b0657,65389.0,17944.58203,8,[65389.0],[17944.58203],['Inner Membrane'],[8]
1826,2AGPGAT120,2-acyl-glycerophospho-glycerol acyltransferase (n-C12:0),Inner Membrane,Glycerophospholipid Metabolism,0.016,b2836,80700.0,5050.764951,2,[80700.0],[5050.764951],['Inner Membrane'],[2]
1827,LPLIPAL2ATE120,"Lysophospholipase L2 (acyltransferase, 2-acyl-glycerophosphoethanolamine, n-C12:0)",Cytoplasmic,Glycerophospholipid Metabolism,1016.0,b3825,38978.0,0,0,[38978.0],[0.0],['Cytoplasmic'],[0]
1828,LPLIPAL2ATE140,"Lysophospholipase L2 (acyltransferase, 2-acyl-glycerophosphoethanolamine, n-C14:0)",Cytoplasmic,Glycerophospholipid Metabolism,1016.0,b3825,38978.0,0,0,[38978.0],[0.0],['Cytoplasmic'],[0]
1829,LPLIPAL2ATE160,"Lysophospholipase L2 (acyltransferase, 2-acyl-glycerophosphoethanolamine, n-C16:0)",Cytoplasmic,Glycerophospholipid Metabolism,1016.0,b3825,38978.0,0,0,[38978.0],[0.0],['Cytoplasmic'],[0]
1830,LPLIPAL2ATE180,"Lysophospholipase L2 (acyltransferase, 2-acyl-glycerophosphoethanolamine, n-C18:0)",Cytoplasmic,Glycerophospholipid Metabolism,1016.0,b3825,38978.0,0,0,[38978.0],[0.0],['Cytoplasmic'],[0]
1831,LPLIPAL2ATE141,"Lysophospholipase L2 (acyltransferase, 2-acyl-glycerophosphoethanolamine, n-C14:1)",Cytoplasmic,Glycerophospholipid Metabolism,1016.0,b3825,38978.0,0,0,[38978.0],[0.0],['Cytoplasmic'],[0]
1832,LPLIPAL2ATE161,"Lysophospholipase L2 (acyltransferase, 2-acyl-glycerophosphoethanolamine, n-C16:1)",Cytoplasmic,Glycerophospholipid Metabolism,1016.0,b3825,38978.0,0,0,[38978.0],[0.0],['Cytoplasmic'],[0]
1833,LPLIPAL2ATE181,"Lysophospholipase L2 (acyltransferase, 2-acyl-glycerophosphoethanolamine, n-C18:1)",Cytoplasmic,Glycerophospholipid Metabolism,1016.0,b3825,38978.0,0,0,[38978.0],[0.0],['Cytoplasmic'],[0]
1834,FACOAL141t2pp,Fatty-acid-CoA ligase (tetradecenoate transport via vectoral Co-A coupling),Cytoplasmic,Cell Envelope Biosynthesis,0.029,b1701 or b1805,62332.0,0.0,0,"[62759.0, 62332.0]","[0.0, 0.0]","['Cytoplasmic', 'Cytoplasmic']","[0, 0]"
1835,FACOAL161t2pp,Fatty-acid-CoA ligase (hexadecenoate transport via vectoral Co-A coupling),Cytoplasmic,Cell Envelope Biosynthesis,0.029,b1805 or b1701,62332.0,0,0,"[62332.0, 62759.0]","[0.0, 0.0]","['Cytoplasmic', 'Cytoplasmic']","[0, 0]"
1836,PA160abcpp,"Phosphatidate transport via ABC system (n-C16:0, periplasm)",Inner Membrane,"Transport, Inner Membrane",95.19583333,b0914,64461.0,11740.31959,5,[64461.0],[11740.31959],['Inner Membrane'],[5]
1837,PA181abcpp,"Phosphatidate transport via ABC system (n-C18:1, periplasm)",Inner Membrane,"Transport, Inner Membrane",95.19583333,b0914,64461.0,11740.31959,5,[64461.0],[11740.31959],['Inner Membrane'],[5]
1838,12DGR141tipp,"1,2 diacylglycerol transport via flipping (periplasm to cytoplasm, n-C14:1)",Cytoplasmic,"Transport, Inner Membrane",nan,,0,0,0,[0],[0],['Cytoplasmic'],[0]
1839,PGPP140pp,"Phosphatidylglycerol phosphate phosphatase (periplasm, n-C14:0)",Inner Membrane,Glycerophospholipid Metabolism,24.0,b0418 or b1278,19418.0,7112.406977,3,"[19418.0, 29021.0]","[7112.406977, 13420.77866]","['Inner Membrane', 'Inner Membrane']","[3, 6]"
1840,PGPP141pp,"Phosphatidylglycerol phosphate phosphatase (periplasm, n-C14:1)",Inner Membrane,Glycerophospholipid Metabolism,24.0,b0418 or b1278,19418.0,7112.406977,3,"[19418.0, 29021.0]","[7112.406977, 13420.77866]","['Inner Membrane', 'Inner Membrane']","[3, 6]"
1841,PGPP160pp,"Phosphatidylglycerol phosphate phosphatase (periplasm, n-C16:0)",Inner Membrane,Glycerophospholipid Metabolism,24.0,b0418 or b1278,19418.0,7112.406977,3,"[19418.0, 29021.0]","[7112.406977, 13420.77866]","['Inner Membrane', 'Inner Membrane']","[3, 6]"
1842,PGPP180pp,"Phosphatidylglycerol phosphate phosphatase (periplasm, n-C18:0)",Inner Membrane,Glycerophospholipid Metabolism,24.0,b0418 or b1278,19418.0,7112.406977,3,"[19418.0, 29021.0]","[7112.406977, 13420.77866]","['Inner Membrane', 'Inner Membrane']","[3, 6]"
1843,CLPNH141pp,"Cardiolipin hydrolase (periplasm, n-C14:1)",Cytoplasmic,Glycerophospholipid Metabolism,nan,,0,0,0,[0],[0],['Cytoplasmic'],[0]
1844,CLPNH160pp,"Cardiolipin hydrolase (periplasm, n-C16:0)",Cytoplasmic,Glycerophospholipid Metabolism,nan,,0,0,0,[0],[0],['Cytoplasmic'],[0]
1845,CLPNH161pp,"Cardiolipin hydrolase (periplasm, n-C16:1)",Cytoplasmic,Glycerophospholipid Metabolism,nan,,0,0,0,[0],[0],['Cytoplasmic'],[0]
1846,CLPNH181pp,"Cardiolipin hydrolase (periplasm, n-C18:1)",Cytoplasmic,Glycerophospholipid Metabolism,nan,,0,0,0,[0],[0],['Cytoplasmic'],[0]
1847,PLIPA1E180pp,"Phospholipase A1 (phosphatidylethanolamine, n-C18:0) (periplasm)",Cytoplasmic,Glycerophospholipid Metabolism,1.1,b3821,33163.0,17875.96654,12,[33163.0],[17875.96654],['Cytoplasmic'],[12]
1848,PLIPA1G140pp,"Phospholipase A1 (phosphatidylglycerol, n-C14:0) (periplasm)",Cytoplasmic,Glycerophospholipid Metabolism,2.48,b3821,33163.0,17875.96654,12,[33163.0],[17875.96654],['Cytoplasmic'],[12]
1849,PLIPA1G161pp,"Phospholipase A1 (phosphatidylglycerol, n-C16:1) (periplasm)",Cytoplasmic,Glycerophospholipid Metabolism,2.48,b3821,33163.0,17875.96654,12,[33163.0],[17875.96654],['Cytoplasmic'],[12]
1850,CLPNS160pp_f,"Cardiolipin synthase (periplasmic, n-C16:0)",Cytoplasmic,Glycerophospholipid Metabolism,1.0,b0789 or b1249,47634.0,0.0,0,"[47634.0, 54822.0]","[0.0, 4737.703704]","['Cytoplasmic', 'Inner Membrane']","[0, 2]"
1851,CLPNS161pp_f,"Cardiolipin synthase (periplasmic, n-C16:1)",Cytoplasmic,Glycerophospholipid Metabolism,1.0,b1249 or b0789,47634.0,0.0,0,"[54822.0, 47634.0]","[4737.703704, 0.0]","['Inner Membrane', 'Cytoplasmic']","[2, 0]"
1852,PG160abcpp,"Phosphatidylglycerol transport via ABC system (n-C16:0, periplasm)",Inner Membrane,"Transport, Inner Membrane",95.19583333,b0914,64461.0,11740.31959,5,[64461.0],[11740.31959],['Inner Membrane'],[5]
1853,PGP140abcpp,"Phosphatidylglycerophosphate transport via ABC system (n-C14:0, periplasm)",Inner Membrane,"Transport, Inner Membrane",95.19583333,b0914,64461.0,11740.31959,5,[64461.0],[11740.31959],['Inner Membrane'],[5]
1854,PAPA120pp,"Phosphatidate phosphatase (periplasmic, n-C12:0)",Inner Membrane,Glycerophospholipid Metabolism,152.0,b1278,29021.0,13420.77866,6,[29021.0],[13420.77866],['Inner Membrane'],[6]
1855,PAPA140pp,"Phosphatidate phosphatase (periplasmic, n-C14:0)",Inner Membrane,Glycerophospholipid Metabolism,152.0,b1278,29021.0,13420.77866,6,[29021.0],[13420.77866],['Inner Membrane'],[6]
1856,PAPA141pp,"Phosphatidate phosphatase (periplasmic, n-C14:1)",Inner Membrane,Glycerophospholipid Metabolism,152.0,b1278,29021.0,13420.77866,6,[29021.0],[13420.77866],['Inner Membrane'],[6]
1857,PAPA160pp,"Phosphatidate phosphatase (periplasmic, n-C16:0)",Inner Membrane,Glycerophospholipid Metabolism,184.0,b1278,29021.0,13420.77866,6,[29021.0],[13420.77866],['Inner Membrane'],[6]
1858,PAPA161pp,"Phosphatidate phosphatase (periplasmic, n-C16:1)",Inner Membrane,Glycerophospholipid Metabolism,152.0,b1278,29021.0,13420.77866,6,[29021.0],[13420.77866],['Inner Membrane'],[6]
1859,PAPA180pp,"Phosphatidate phosphatase (periplasmic, n-C18:0)",Inner Membrane,Glycerophospholipid Metabolism,152.0,b1278,29021.0,13420.77866,6,[29021.0],[13420.77866],['Inner Membrane'],[6]
1860,HPYRI_f,Hydroxypyruvate isomerase,Cytoplasmic,Alternate Carbon Metabolism,1265.461667,b0508,29377.0,0,0,[29377.0],[0.0],['Cytoplasmic'],[0]
1861,FE3HOXUtex,Fe(III)hydroxamate unloaded secretion,Cytoplasmic,Inorganic Ion Transport and Metabolism,nan,,0,0,0,[0],[0],['Cytoplasmic'],[0]
1862,TPRDCOAS,Triphosphoribosyl-dephospho-CoA synthase,Cytoplasmic,Cofactor and Prosthetic Group Biosynthesis,0.01415,b0613,31644.0,0,0,[31644.0],[0.0],['Cytoplasmic'],[0]
1863,ACGAM1PPpp,N-acetyl-D-glucosamine 1-phosphatase (periplasm),Cytoplasmic,Alternate Carbon Metabolism,nan,,0,0,0,[0],[0],['Cytoplasmic'],[0]
1864,EX_dgmp_e_f,DGMP exchange,Exchange,Extracellular exchange,nan,,0,0,0,[0],[0],['Exchange'],[0]
1865,GAMptspp,D-glucosamine transport via PEP:Pyr PTS (periplasm),Inner Membrane,"Transport, Inner Membrane",3204.0,b2415 and b2416 and b1819 and b1817 and b1818,166320.0,25948.7428,10,[166320.0],[25948.7428],['Inner Membrane'],[10]
1866,GSNt2pp,Guanosine transport in via proton symport (periplasm),Inner Membrane,"Transport, Inner Membrane",22.0,b2964,46389.0,29631.2512,12,[46389.0],[29631.2512],['Inner Membrane'],[12]
1867,EX_4hoxpacd_e_f,4-Hydroxyphenylacetaldehyde exchange,Exchange,Extracellular exchange,nan,,0,0,0,[0],[0],['Exchange'],[0]
1868,GSNtex_f,Guanosine transport via diffusion (extracellular to periplasm),Cytoplasmic,"Transport, Outer Membrane Porin",100000000.0,b0241 or b0929 or b1377 or b2215,38922.0,0.0,0,"[38922.0, 39333.0, 41220.0, 40368.0]","[0.0, 21633.15, 0.0, 17383.90751]","['Cytoplasmic', 'Cytoplasmic', 'Cytoplasmic', 'Cytoplasmic']","[0, 17, 0, 16]"
1869,FORtex_f,Formate transport via diffusion (extracellular to periplasm),Cytoplasmic,"Transport, Outer Membrane Porin",100000000.0,b0241 or b0929 or b1377 or b2215,38922.0,0.0,0,"[38922.0, 39333.0, 41220.0, 40368.0]","[0.0, 21633.15, 0.0, 17383.90751]","['Cytoplasmic', 'Cytoplasmic', 'Cytoplasmic', 'Cytoplasmic']","[0, 17, 0, 16]"
1870,D_LACt2pp_f,D-lactate transport via proton symport (periplasm),Inner Membrane,"Transport, Inner Membrane",22.0,b3603 or b2975,58920.0,28723.5,13,"[59168.0, 58920.0]","[29315.54265, 28723.5]","['Inner Membrane', 'Inner Membrane']","[13, 13]"
1871,RIBtex_f,Ribose transport via diffusion (extracellular to periplasm),Cytoplasmic,"Transport, Outer Membrane Porin",100000000.0,b0241 or b0929 or b1377 or b2215,38922.0,0.0,0,"[38922.0, 39333.0, 41220.0, 40368.0]","[0.0, 21633.15, 0.0, 17383.90751]","['Cytoplasmic', 'Cytoplasmic', 'Cytoplasmic', 'Cytoplasmic']","[0, 17, 0, 16]"
1872,FLVRx,Flavin reductase (NAD),Cytoplasmic,Cofactor and Prosthetic Group Biosynthesis,36.35,b3844,26242.0,0,0,[26242.0],[0.0],['Cytoplasmic'],[0]
1873,THMtex_f,Thiamine transport via diffusion (extracellular to periplasm),Cytoplasmic,"Transport, Outer Membrane Porin",100000000.0,b0241 or b0929 or b1377 or b2215,38922.0,0.0,0,"[38922.0, 39333.0, 41220.0, 40368.0]","[0.0, 21633.15, 0.0, 17383.90751]","['Cytoplasmic', 'Cytoplasmic', 'Cytoplasmic', 'Cytoplasmic']","[0, 17, 0, 16]"
1874,XYLUtex_f,L-xylulose transport via diffusion (extracellular to periplasm),Cytoplasmic,"Transport, Outer Membrane Porin",100000000.0,b0241 or b0929 or b1377 or b2215,38922.0,0.0,0,"[38922.0, 39333.0, 41220.0, 40368.0]","[0.0, 21633.15, 0.0, 17383.90751]","['Cytoplasmic', 'Cytoplasmic', 'Cytoplasmic', 'Cytoplasmic']","[0, 17, 0, 16]"
1875,EX_manglyc_e_f,2(alpha-D-Mannosyl)-D-glycerate exchange,Exchange,Extracellular exchange,nan,,0,0,0,[0],[0],['Exchange'],[0]
1876,ALLtex_f,Allose transport via diffusion (extracellular to periplasm),Cytoplasmic,"Transport, Outer Membrane Porin",100000000.0,b0929 or b0241 or b1377 or b2215,38922.0,0.0,0,"[39333.0, 38922.0, 41220.0, 40368.0]","[21633.15, 0.0, 0.0, 17383.90751]","['Cytoplasmic', 'Cytoplasmic', 'Cytoplasmic', 'Cytoplasmic']","[17, 0, 0, 16]"
1877,GGPTRCO,Gamma glutamyl putrescine oxidase,Cytoplasmic,Alternate Carbon Metabolism,84.07596667,b1301,47170.0,0,0,[47170.0],[0.0],['Cytoplasmic'],[0]
1878,EX_metsox_R__L_e_f,L-methionine-R-sulfoxide exchange,Exchange,Extracellular exchange,nan,,0,0,0,[0],[0],['Exchange'],[0]
1879,34dhpactex_f,Dihydroxyphenylacetaldehyde transport via diffusion (extracellular to periplasm),Cytoplasmic,"Transport, Outer Membrane Porin",100000000.0,b0241 or b0929 or b1377 or b2215,38922.0,0.0,0,"[38922.0, 39333.0, 41220.0, 40368.0]","[0.0, 21633.15, 0.0, 17383.90751]","['Cytoplasmic', 'Cytoplasmic', 'Cytoplasmic', 'Cytoplasmic']","[0, 17, 0, 16]"
1880,MALTHXtexi,Maltohexaose transport via diffusion (extracellular to periplasm) irreversible,Cytoplasmic,"Transport, Outer Membrane",100000000.0,b4036,49912.0,27030.72684,18,[49912.0],[27030.72684],['Cytoplasmic'],[18]
1881,12PPDStpp_f,"(S)-Propane-1,2-diol facilitated transport (periplasm)",Cytoplasmic,"Transport, Inner Membrane",nan,,0,0,0,[0],[0],['Cytoplasmic'],[0]
1882,HYD1pp,Hydrogenase (ubiquinone-8: 2 protons) (periplasm),Inner Membrane,Oxidative Phosphorylation,1500.0,(b0973 and b0974 and b0972) or (b2994 and b2997 and b2996 and b2995) or (b2722 and b2723 and b2724 and b2720 and b2721 and b2719),134531.0,12373.512187,5,"[134531.0, 181748.0, 232267.0]","[12373.512187, 25694.03571, 45370.46051]","['Inner Membrane', 'Inner Membrane', 'Inner Membrane']","[5, 11, 20]"
1883,EX_cl_e_f,Chloride exchange,Exchange,Extracellular exchange,nan,,0,0,0,[0],[0],['Exchange'],[0]
1884,FE3DHBZStonex,"Ferric 2,3-dihydroxybenzoylserine transport via ton system (extracellular)",Inner Membrane,"Transport, Outer Membrane",22.0,((b1252 and b3005 and b3006) and b0805) or ((b1252 and b3005 and b3006) and b2155),141804.0,14963.645794,5,"[149868.0, 141804.0]","[14963.645794, 14963.645794]","['Inner Membrane', 'Inner Membrane']","[5, 5]"
1885,AACTOOR,Aminoacetone:oxygen oxidoreductase(deaminating)(flavin-containing),Cytoplasmic,Methylglyoxal Metabolism,nan,,0,0,0,[0],[0],['Cytoplasmic'],[0]
1886,H2tpp_f,Hydrogen transport diffusion (periplasm),Inner Membrane,"Transport, Inner Membrane",nan,s0001,0,0,0,[0.0],[0.0],['Inner Membrane'],[0]
1887,23DAPPAtex_f,"2,3-diaminopropionate transport via diffusion",Cytoplasmic,"Transport, Outer Membrane Porin",100000000.0,b0241 or b0929 or b1377 or b2215,38922.0,0.0,0,"[38922.0, 39333.0, 41220.0, 40368.0]","[0.0, 21633.15, 0.0, 17383.90751]","['Cytoplasmic', 'Cytoplasmic', 'Cytoplasmic', 'Cytoplasmic']","[0, 17, 0, 16]"
1888,ECAP3pp,Enterobacterial common antigen polymerase (periplasm),Inner Membrane,Lipopolysaccharide Biosynthesis / Recycling,18.3185,b3785 and b3793,91006.0,31211.307123,13,[91006.0],[31211.307123],['Inner Membrane'],[13]
1889,FEOXAMtonex,Ferroxamine transport via ton system (extracellular),Inner Membrane,"Transport, Outer Membrane",22.0,b0150 and (b1252 and b3005 and b3006),150090.0,37868.713024,27,[150090.0],[37868.713024],['Inner Membrane'],[27]
1890,FMNRx,FMN reductase,Cytoplasmic,Cofactor and Prosthetic Group Biosynthesis,34.0,b0937 or b3844,21253.0,0,0,"[21253.0, 26242.0]","[0.0, 0.0]","['Cytoplasmic', 'Cytoplasmic']","[0, 0]"
1891,EX_3hpppn_e_f,3-(3-hydroxy-phenyl)propionate exchange,Exchange,Extracellular exchange,nan,,0,0,0,[0],[0],['Exchange'],[0]
1892,EX_man6p_e_f,D-Mannose 6-phosphate exchange,Exchange,Extracellular exchange,nan,,0,0,0,[0],[0],['Exchange'],[0]
1893,EX_tsul_e_f,Thiosulfate exchange,Exchange,Extracellular exchange,nan,,0,0,0,[0],[0],['Exchange'],[0]
1894,PHEt2rpp_f,L-phenylalanine reversible transport via proton symport (periplasm),Inner Membrane,"Transport, Inner Membrane",22.0,b0576 or b0112,49690.0,27400.17505,12,"[50677.0, 49690.0]","[27883.41485, 27400.17505]","['Inner Membrane', 'Inner Membrane']","[12, 12]"
1895,DHBS,"2,3-dihydroxybenzoate adenylate synthase",Cytoplasmic,Cofactor and Prosthetic Group Biosynthesis,5.665,b0594,59112.0,0,0,[59112.0],[0.0],['Cytoplasmic'],[0]
1896,EX_n2o_e_f,Nitrous oxide exchange,Exchange,Extracellular exchange,nan,,0,0,0,[0],[0],['Exchange'],[0]
1897,MDDCP1pp,"Murein D,D-carboxypeptidase (murein5px4p) (periplasm)",Cytoplasmic,Murein Biosynthesis,1.41,b0632 or b3182 or b0839 or b2010 or b0376 or b2430,41849.0,0.0,0,"[44444.0, 51798.0, 43609.0, 43346.0, 41849.0, 47752.0]","[0.0, 0.0, 0.0, 0.0, 0.0, 2090.525346]","['Cytoplasmic', 'Cytoplasmic', 'Cytoplasmic', 'Cytoplasmic', 'Cytoplasmic', 'Cytoplasmic']","[0, 0, 0, 0, 0, 1]"
1898,GUI2_f,Glucuronate isomerase (D-galacturonate),Cytoplasmic,Alternate Carbon Metabolism,2.4,b3092,53987.0,0,0,[53987.0],[0.0],['Cytoplasmic'],[0]
1899,OMBZLM,2-Octaprenyl-6-methoxy-benzoquinol methylase,Cytoplasmic,Cofactor and Prosthetic Group Biosynthesis,0.0524684,b3833,28073.0,0,0,[28073.0],[0.0],['Cytoplasmic'],[0]
1900,EX_maltttr_e_f,Maltotetraose exchange,Exchange,Extracellular exchange,nan,,0,0,0,[0],[0],['Exchange'],[0]
1901,GLYCK,Glycerate kinase,Cytoplasmic,Glyoxylate Metabolism,350.0,b0514,38734.0,0,0,[38734.0],[0.0],['Cytoplasmic'],[0]
1902,MLTG5,Maltodextrin glucosidase (maltoheptaose),Cytoplasmic,Alternate Carbon Metabolism,845.0,b0403,69041.0,0,0,[69041.0],[0.0],['Cytoplasmic'],[0]
1903,GPDDA3,Glycerophosphodiester phosphodiesterase (Glycerophosphoserine),Cytoplasmic,Glycerophospholipid Metabolism,2.8,b3449,27410.0,0,0,[27410.0],[0.0],['Cytoplasmic'],[0]
1904,2DOXG6PP,2 deoxyglucose 6 phosphatase,Cytoplasmic,Alternate Carbon Metabolism,0.766,b3826 or b1727 or b2293 or b0446,23008.0,0.0,0,"[29708.0, 24330.0, 23008.0, 30371.0]","[0.0, 0.0, 0.0, 0.0]","['Cytoplasmic', 'Cytoplasmic', 'Cytoplasmic', 'Cytoplasmic']","[0, 0, 0, 0]"
1905,OXAMTC,Oxamate transcarbamoylase,Cytoplasmic,Nitrogen Metabolism,nan,,0,0,0,[0],[0],['Cytoplasmic'],[0]
1906,UDCPPtppi,Undecaprenyl phosphate transport (cytoplasm to periplasm),Cytoplasmic,Lipopolysaccharide Biosynthesis / Recycling,nan,,0,0,0,[0],[0],['Cytoplasmic'],[0]
1907,AGMH,"N-Acetyl-D-glucosamine(anhydrous)N-Acetylmuramyl beta -1,4-N-acetylglucosaminidase",Cytoplasmic,Murein Recycling,185.2,b1107,37595.0,0,0,[37595.0],[0.0],['Cytoplasmic'],[0]
1908,MPTG,Murein polymerizing transglycosylase,Inner Membrane,Murein Biosynthesis,36.57,(b1069 and b0089 and b3208) or (b3396 and b1069 and b0089) or (b2519 and b1069 and b0089) or (b0149 and b1069 and b0089),128596.0,65175.820593,25,"[128596.0, 194890.0, 186321.0, 195547.0]","[65175.820593, 65116.5277, 65123.176791, 65484.485236]","['Inner Membrane', 'Inner Membrane', 'Inner Membrane', 'Inner Membrane']","[25, 25, 25, 25]"
1909,MPTG2,Murein polymerizing transglycosylase 2 (three linked units),Inner Membrane,Murein Biosynthesis,36.57,(b0149 and b1069 and b0089) or (b1069 and b0089 and b3208) or (b3396 and b1069 and b0089) or (b2519 and b1069 and b0089),128596.0,65175.820593,25,"[195547.0, 128596.0, 194890.0, 186321.0]","[65484.485236, 65175.820593, 65116.5277, 65123.176791]","['Inner Membrane', 'Inner Membrane', 'Inner Membrane', 'Inner Membrane']","[25, 25, 25, 25]"
1910,MCTP1App,Murein crosslinking transpeptidase 1A:(A2pm->D-ala) (periplasm),Inner Membrane,Murein Biosynthesis,1.41,(b0635 and b0084 and b3396) or (b0635 and b0084 and b0149),228370.0,6988.878986,3,"[228370.0, 229027.0]","[6988.878986, 7356.836522]","['Inner Membrane', 'Inner Membrane']","[3, 3]"
1911,MCTP2App,Murein crosslinking transpeptidase 1A:(A2pm->D-ala) (periplasm),Inner Membrane,Murein Biosynthesis,1.41,(b0635 and b0084 and b3396) or (b0635 and b0084 and b0149),228370.0,6988.878986,3,"[228370.0, 229027.0]","[6988.878986, 7356.836522]","['Inner Membrane', 'Inner Membrane']","[3, 3]"
1912,MCTP1Bpp,Murein crosslinking transpeptidase 1B:(A2pm->A2pm) (periplasm),Cytoplasmic,Murein Biosynthesis,79.47949376,b1678 or b0925,36082.0,0.0,0,"[36082.0, 67812.0]","[0.0, 1764.214634]","['Cytoplasmic', 'Cytoplasmic']","[0, 1]"
1913,MELIBt3ipp,Melibiose transport in via antiport (periplasm),Inner Membrane,"Transport, Inner Membrane",22.0,b1528,42538.0,27069.63636,12,[42538.0],[27069.63636],['Inner Membrane'],[12]
1914,EX_lipoate_e_f,Lipoate exchange,Exchange,Extracellular exchange,nan,,0,0,0,[0],[0],['Exchange'],[0]
1915,EX_pydx_e_f,Pyridoxal exchange,Exchange,Extracellular exchange,nan,,0,0,0,[0],[0],['Exchange'],[0]
1916,EX_g1p_e_f,D-Glucose 1-phosphate exchange,Exchange,Extracellular exchange,nan,,0,0,0,[0],[0],['Exchange'],[0]
1917,GLCtex_copy2_f,Glucose transport via diffusion (extracellular to periplasm),Cytoplasmic,"Transport, Outer Membrane Porin",100000000.0,b0241 or b0929 or b1377 or b2215,38922.0,0.0,0,"[38922.0, 39333.0, 41220.0, 40368.0]","[0.0, 21633.15, 0.0, 17383.90751]","['Cytoplasmic', 'Cytoplasmic', 'Cytoplasmic', 'Cytoplasmic']","[0, 17, 0, 16]"
1918,NAt3pp,Sodium transport out via proton antiport (cytoplasm to periplasm),Inner Membrane,Inorganic Ion Transport and Metabolism,22.0,b0842 or b1216,39168.0,24720.78689,11,"[44321.0, 39168.0]","[26700.7, 24720.78689]","['Inner Membrane', 'Inner Membrane']","[12, 11]"
1919,SFGTHi,S-Formylglutathione hydralase,Cytoplasmic,Cofactor and Prosthetic Group Biosynthesis,17.505,b2154 or b0355,31259.0,0,0,"[31259.0, 31424.0]","[0.0, 0.0]","['Cytoplasmic', 'Cytoplasmic']","[0, 0]"
1920,DHORDfum,Fumarate dependent DHORD,Cytoplasmic,Purine and Pyrimidine Biosynthesis,nan,,0,0,0,[0],[0],['Cytoplasmic'],[0]
1921,K2L4Aabcpp,KDO(2)-lipid IV A transport via ABC system (periplasm),Inner Membrane,"Transport, Inner Membrane",95.19583333,b0914,64461.0,11740.31959,5,[64461.0],[11740.31959],['Inner Membrane'],[5]
1922,DSBCGT,DsbC:glutathione thiotransferase,Cytoplasmic,Unassigned,0.000564,b2893,25622.0,0,0,[25622.0],[0.0],['Cytoplasmic'],[0]
1923,DSBGGT,DsbG:glutathione thiotransferase,Cytoplasmic,Unassigned,22.0,b0604,27495.0,0,0,[27495.0],[0.0],['Cytoplasmic'],[0]
1924,DHNAOT4,"1,4-dihydroxy-2-naphthoate octaprenyltransferase",Inner Membrane,Cofactor and Prosthetic Group Biosynthesis,16.08025,b3930,33594.0,20396.35714,9,[33594.0],[20396.35714],['Inner Membrane'],[9]
1925,AMPMS2,4-amino-2-methyl-5-phosphomethylpyrimidine synthetase,Cytoplasmic,Cofactor and Prosthetic Group Biosynthesis,2.848283333,b3994,70850.0,0,0,[70850.0],[0.0],['Cytoplasmic'],[0]
1926,DM_oxam_c,Sink needed to allow oxamate to leave system,Cytoplasmic,Intracellular demand,nan,,0,0,0,[0],[0],['Cytoplasmic'],[0]
1927,THIORDXi,Hydrogen peroxide reductase (thioredoxin),Cytoplasmic,Unassigned,146.2,(b3781 and b2480) or b1710 or (b2582 and b2480),20470.0,0.0,0,"[29441.0, 20470.0, 33189.0]","[0.0, 0.0, 0.0]","['Cytoplasmic', 'Cytoplasmic', 'Cytoplasmic']","[0, 0, 0]"
1928,PPPGO3,Protoporphyrinogen oxidase (anaerobic),Cytoplasmic,Cofactor and Prosthetic Group Biosynthesis,0.292,b3850,21226.0,0,0,[21226.0],[0.0],['Cytoplasmic'],[0]
1929,PDX5POi,Pyridoxine 5'-phosphate oxidase,Cytoplasmic,Cofactor and Prosthetic Group Biosynthesis,0.13,b1638,25545.0,0,0,[25545.0],[0.0],['Cytoplasmic'],[0]
1930,PDX5PO2,Pyridoxine 5'-phosphate oxidase (anaerboic,Cytoplasmic,Cofactor and Prosthetic Group Biosynthesis,nan,,0,0,0,[0],[0],['Cytoplasmic'],[0]
1931,PLIPA1A181pp,"Phospholipase A1 (phosphatidate, n-C18:1) (periplasm)",Cytoplasmic,Glycerophospholipid Metabolism,2.48,b3821,33163.0,17875.96654,12,[33163.0],[17875.96654],['Cytoplasmic'],[12]
1932,LPLIPAL2A141,"Lysophospholipase L2 (2-acylglycerophosphotidate, n-C14:1)",Cytoplasmic,Glycerophospholipid Metabolism,1016.0,b3825,38978.0,0,0,[38978.0],[0.0],['Cytoplasmic'],[0]
1933,HG2t3pp,Mercury (Hg+2) transport out via proton antiport (periplasm),Inner Membrane,Inorganic Ion Transport and Metabolism,22.0,b3915,32927.0,11304.93667,6,[32927.0],[11304.93667],['Inner Membrane'],[6]
1934,CYTBO3_4pp,Cytochrome oxidase bo3 (ubiquinol-8: 4 protons) (periplasm),Inner Membrane,Oxidative Phosphorylation,320.5,b0432 and b0431 and b0429 and b0430,143931.0,68375.420985,25,[143931.0],[68375.420985],['Inner Membrane'],[25]
1935,EAR141x,Enoyl-[acyl-carrier-protein] reductase (NADH) (n-C14:1),Cytoplasmic,Cell Envelope Biosynthesis,5.3,b1288,27864.0,0,0,[27864.0],[0.0],['Cytoplasmic'],[0]
1936,EAR181x,Enoyl-[acyl-carrier-protein] reductase (NADH) (n-C18:1),Cytoplasmic,Cell Envelope Biosynthesis,5.3,b1288,27864.0,0,0,[27864.0],[0.0],['Cytoplasmic'],[0]
1937,EAR181y,Enoyl-[acyl-carrier-protein] reductase (NADPH) (n-C18:1),Cytoplasmic,Cell Envelope Biosynthesis,5.3,b1288,27864.0,0,0,[27864.0],[0.0],['Cytoplasmic'],[0]
1938,G3PAT141,Glycerol-3-phosphate acyltransferase (C14:1),Cytoplasmic,Glycerophospholipid Metabolism,166.8,b1094 and b4041,100021.0,0,0,[100021.0],[0.0],['Cytoplasmic'],[0]
1939,G3PAT181,Glycerol-3-phosphate acyltransferase (C18:1),Cytoplasmic,Glycerophospholipid Metabolism,166.8,b1094 and b4041,100021.0,0,0,[100021.0],[0.0],['Cytoplasmic'],[0]
1940,DASYN140,CDP-diacylglycerol synthetase (n-C14:0),Inner Membrane,Glycerophospholipid Metabolism,8.92,b0175,31454.0,18541.30526,8,[31454.0],[18541.30526],['Inner Membrane'],[8]
1941,DASYN180,CDP-diacylglycerol synthetase (n-C18:0),Inner Membrane,Glycerophospholipid Metabolism,8.92,b0175,31454.0,18541.30526,8,[31454.0],[18541.30526],['Inner Membrane'],[8]
1942,DASYN141,CDP-diacylglycerol synthetase (n-C14:1),Inner Membrane,Glycerophospholipid Metabolism,8.92,b0175,31454.0,18541.30526,8,[31454.0],[18541.30526],['Inner Membrane'],[8]
1943,CDAPPA160,CDP-Diacylglycerol pyrophostatase (n-C16:0),Cytoplasmic,Glycerophospholipid Metabolism,90.13177273,b3918,28451.0,2380.36255,1,[28451.0],[2380.36255],['Cytoplasmic'],[1]
1944,CDAPPA141,CDP-Diacylglycerol pyrophostatase (n-C14:1),Cytoplasmic,Glycerophospholipid Metabolism,90.13177273,b3918,28451.0,2380.36255,1,[28451.0],[2380.36255],['Cytoplasmic'],[1]
1945,PGSA141,Phosphatidylglycerol synthase (n-C14:1),Inner Membrane,Glycerophospholipid Metabolism,1.0,b1912,20701.0,10293.31492,4,[20701.0],[10293.31492],['Inner Membrane'],[4]
1946,EX_alaala_e_f,D-Alanyl-D-alanine exchange,Exchange,Extracellular exchange,nan,,0,0,0,[0],[0],['Exchange'],[0]
1947,EX_dtmp_e_f,DTMP exchange,Exchange,Extracellular exchange,nan,,0,0,0,[0],[0],['Exchange'],[0]
1948,5DOAN,5'-deoxyadenosine nuclosidase,Cytoplasmic,Cofactor and Prosthetic Group Biosynthesis,4.0,b0159,24354.0,0,0,[24354.0],[0.0],['Cytoplasmic'],[0]
1949,DM_5drib_c,Sink needed to allow 5'-deoxyribose to leave system,Cytoplasmic,Intracellular demand,nan,,0,0,0,[0],[0],['Cytoplasmic'],[0]
1950,MINOHPtexi,Myo-inositol phosphate transport via diffusion (extracellular to periplasm),Cytoplasmic,"Transport, Outer Membrane",nan,,0,0,0,[0],[0],['Cytoplasmic'],[0]
1951,12PPDRtpp_f,"(R)-Propane-1,2-diol facilitated transport (periplasm)",Cytoplasmic,"Transport, Inner Membrane",nan,,0,0,0,[0],[0],['Cytoplasmic'],[0]
1952,FACOAE120,Fatty-acid-CoA thioesterase (dodecanoate),Cytoplasmic,Cell Envelope Biosynthesis,7.3455,b0452,31966.0,0,0,[31966.0],[0.0],['Cytoplasmic'],[0]
1953,3OAR120_f,3-oxoacyl-[acyl-carrier-protein] reductase (n-C12:0),Cytoplasmic,Cell Envelope Biosynthesis,99.3,b1093,25560.0,0,0,[25560.0],[0.0],['Cytoplasmic'],[0]
1954,3HAD80,3-hydroxyacyl-[acyl-carrier-protein] dehydratase (n-C8:0),Cytoplasmic,Cell Envelope Biosynthesis,368.4865,b0954 or b0180,17033.0,0.0,0,"[18969.0, 17033.0]","[0.0, 0.0]","['Cytoplasmic', 'Cytoplasmic']","[0, 0]"
1955,3HAD120,3-hydroxyacyl-[acyl-carrier-protein] dehydratase (n-C12:0),Cytoplasmic,Cell Envelope Biosynthesis,368.4865,b0180 or b0954,17033.0,0,0,"[17033.0, 18969.0]","[0.0, 0.0]","['Cytoplasmic', 'Cytoplasmic']","[0, 0]"
1956,EAR180x,Enoyl-[acyl-carrier-protein] reductase (NADH) (n-C18:0),Cytoplasmic,Cell Envelope Biosynthesis,5.3,b1288,27864.0,0,0,[27864.0],[0.0],['Cytoplasmic'],[0]
1957,SO4t2pp,Sulfate transport in via proton symport (periplasm to cytoplasm),Inner Membrane,Inorganic Ion Transport and Metabolism,22.0,b2413,29305.0,9729.72332,4,[29305.0],[9729.72332],['Inner Membrane'],[4]
1958,EAR180y,Enoyl-[acyl-carrier-protein] reductase (NADPH) (n-C18:0),Cytoplasmic,Cell Envelope Biosynthesis,5.3,b1288,27864.0,0,0,[27864.0],[0.0],['Cytoplasmic'],[0]
1959,AGPAT120,1-tetradecanoyl-sn-glycerol 3-phosphate O-acyltransferase (n-C12:0),Inner Membrane,Glycerophospholipid Metabolism,46.80901367,b3018,27453.0,2353.114286,1,[27453.0],[2353.114286],['Inner Membrane'],[1]
1960,PGPP120,Phosphatidylglycerol phosphate phosphatase (n-C14:0),Inner Membrane,Glycerophospholipid Metabolism,24.0,b0418 or b1278,19418.0,7112.406977,3,"[19418.0, 29021.0]","[7112.406977, 13420.77866]","['Inner Membrane', 'Inner Membrane']","[3, 6]"
1961,DAGK120,Diacylglycerol kinase (n-C12:0),Inner Membrane,Glycerophospholipid Metabolism,10.40333333,b4042,13245.0,6458.305785,3,[13245.0],[6458.305785],['Inner Membrane'],[3]
1962,PSSA180,Phosphatidylserine syntase (n-C18:0),Cytoplasmic,Glycerophospholipid Metabolism,1.0,b2585,52802.0,0,0,[52802.0],[0.0],['Cytoplasmic'],[0]
1963,PSSA161,Phosphatidylserine syntase (n-C16:1),Cytoplasmic,Glycerophospholipid Metabolism,1.0,b2585,52802.0,0,0,[52802.0],[0.0],['Cytoplasmic'],[0]
1964,PSSA141,Phosphatidylserine syntase (n-C14:1),Cytoplasmic,Glycerophospholipid Metabolism,1.0,b2585,52802.0,0,0,[52802.0],[0.0],['Cytoplasmic'],[0]
1965,PSD160,Phosphatidylserine decarboxylase (n-C16:0),Cytoplasmic,Glycerophospholipid Metabolism,75.042,b4160,35934.0,0,0,[35934.0],[0.0],['Cytoplasmic'],[0]
1966,PSD161,Phosphatidylserine decarboxylase (n-C16:1),Cytoplasmic,Glycerophospholipid Metabolism,75.042,b4160,35934.0,0,0,[35934.0],[0.0],['Cytoplasmic'],[0]
1967,PSD180,Phosphatidylserine decarboxylase (n-C18:0),Cytoplasmic,Glycerophospholipid Metabolism,75.042,b4160,35934.0,0,0,[35934.0],[0.0],['Cytoplasmic'],[0]
1968,COLIPAabcpp,Core oligosaccharide lipid A transport via ABC system (periplasm),Inner Membrane,Lipopolysaccharide Biosynthesis / Recycling,95.19583333,b0914,64461.0,11740.31959,5,[64461.0],[11740.31959],['Inner Membrane'],[5]
1969,PLIPA2A140pp,"Phospholipase A2 (phosphatidate, n-C14:0) (periplasm)",Cytoplasmic,Glycerophospholipid Metabolism,3.86,b3821,33163.0,17875.96654,12,[33163.0],[17875.96654],['Cytoplasmic'],[12]
1970,PLIPA2A141pp,"Phospholipase A2 (phosphatidate, n-C14:1) (periplasm)",Cytoplasmic,Glycerophospholipid Metabolism,3.86,b3821,33163.0,17875.96654,12,[33163.0],[17875.96654],['Cytoplasmic'],[12]
1971,PLIPA2A180pp,"Phospholipase A2 (phosphatidate, n-C18:0) (periplasm)",Cytoplasmic,Glycerophospholipid Metabolism,3.86,b3821,33163.0,17875.96654,12,[33163.0],[17875.96654],['Cytoplasmic'],[12]
1972,GAM6Pt6_2pp,D-Glucosamine 6-phosphate transport via phosphate antiport (periplasm),Inner Membrane,"Transport, Inner Membrane",22.0,b3666,50607.0,27434.89633,12,[50607.0],[27434.89633],['Inner Membrane'],[12]
1973,PPALtex_f,Propanal transport via diffusion (extracellular to periplasm),Cytoplasmic,"Transport, Outer Membrane Porin",100000000.0,b0241 or b0929 or b1377 or b2215,38922.0,0.0,0,"[38922.0, 39333.0, 41220.0, 40368.0]","[0.0, 21633.15, 0.0, 17383.90751]","['Cytoplasmic', 'Cytoplasmic', 'Cytoplasmic', 'Cytoplasmic']","[0, 17, 0, 16]"
1974,CA2tex_f,Calcium (Ca+2) transport via diffusion (extracellular to periplasm),Cytoplasmic,"Transport, Outer Membrane Porin",100000000.0,b0241 or b0929 or b1377 or b2215,38922.0,0.0,0,"[38922.0, 39333.0, 41220.0, 40368.0]","[0.0, 21633.15, 0.0, 17383.90751]","['Cytoplasmic', 'Cytoplasmic', 'Cytoplasmic', 'Cytoplasmic']","[0, 17, 0, 16]"
1975,CUtex_f,Copper (Cu+1) transport via diffusion (extracellular to periplasm),Cytoplasmic,"Transport, Outer Membrane Porin",100000000.0,b0241 or b0929 or b1377 or b2215,38922.0,0.0,0,"[38922.0, 39333.0, 41220.0, 40368.0]","[0.0, 21633.15, 0.0, 17383.90751]","['Cytoplasmic', 'Cytoplasmic', 'Cytoplasmic', 'Cytoplasmic']","[0, 17, 0, 16]"
1976,CU1Opp,Cuprous Oxidase (Cu+1),Cytoplasmic,Inorganic Ion Transport and Metabolism,15.8,b0123,56556.0,0,0,[56556.0],[0.0],['Cytoplasmic'],[0]
1977,SUCDi,Succinate dehydrogenase (irreversible),Inner Membrane,Oxidative Phosphorylation,110.0,b0721 and b0722 and b0723 and b0724,118359.0,15146.361712,6,[118359.0],[15146.361712],['Inner Membrane'],[6]
1978,LPLIPAL1E141pp,"Lysophospholipase L1 (2-acylglycerophosphoethanolamine, n-C14:1) (periplasm)",Cytoplasmic,Glycerophospholipid Metabolism,1016.0,b0494,23622.0,0,0,[23622.0],[0.0],['Cytoplasmic'],[0]
1979,LALDO2x,D-Lactaldehyde:NAD+ 1-oxidoreductase,Cytoplasmic,Methylglyoxal Metabolism,3.3,b3945,38712.0,0,0,[38712.0],[0.0],['Cytoplasmic'],[0]
1980,12PPDRtex_f,"(R)-Propane-1,2-diol transport via diffusion (extracellular to periplasm)",Cytoplasmic,"Transport, Outer Membrane Porin",100000000.0,b0241 or b0929 or b1377 or b2215,38922.0,0.0,0,"[38922.0, 39333.0, 41220.0, 40368.0]","[0.0, 21633.15, 0.0, 17383.90751]","['Cytoplasmic', 'Cytoplasmic', 'Cytoplasmic', 'Cytoplasmic']","[0, 17, 0, 16]"
1981,LPLIPAL1E160pp,"Lysophospholipase L1 (2-acylglycerophosphoethanolamine, n-C16:0) (periplasm)",Cytoplasmic,Glycerophospholipid Metabolism,1016.0,b0494,23622.0,0,0,[23622.0],[0.0],['Cytoplasmic'],[0]
1982,LPLIPAL1E180pp,"Lysophospholipase L1 (2-acylglycerophosphoethanolamine, n-C18:0) (periplasm)",Cytoplasmic,Glycerophospholipid Metabolism,1016.0,b0494,23622.0,0,0,[23622.0],[0.0],['Cytoplasmic'],[0]
1983,LPLIPAL1E181pp,"Lysophospholipase L1 (2-acylglycerophosphoethanolamine, n-C18:1) (periplasm)",Cytoplasmic,Glycerophospholipid Metabolism,1016.0,b0494,23622.0,0,0,[23622.0],[0.0],['Cytoplasmic'],[0]
1984,LPLIPAL1G160pp,"Lysophospholipase L1 (2-acylglycerophosphoglycerol, n-C16:0) (periplasm)",Cytoplasmic,Glycerophospholipid Metabolism,1016.0,b0494,23622.0,0,0,[23622.0],[0.0],['Cytoplasmic'],[0]
1985,LPLIPAL1G161pp,"Lysophospholipase L1 (2-acylglycerophosphoglycerol, n-C16:1) (periplasm)",Cytoplasmic,Glycerophospholipid Metabolism,1016.0,b0494,23622.0,0,0,[23622.0],[0.0],['Cytoplasmic'],[0]
1986,LPLIPAL1G120pp,"Lysophospholipase L1 (2-acylglycerophosphoglycerol, n-C12:0) (periplasm)",Cytoplasmic,Glycerophospholipid Metabolism,1016.0,b0494,23622.0,0,0,[23622.0],[0.0],['Cytoplasmic'],[0]
1987,PLIPA2E140pp,"Phospholipase A2 (phosphatidylethanolamine, n-C14:0) (periplasm)",Cytoplasmic,Glycerophospholipid Metabolism,2.48,b3821,33163.0,17875.96654,12,[33163.0],[17875.96654],['Cytoplasmic'],[12]
1988,PLIPA2E160pp,"Phospholipase A2 (phosphatidylethanolamine, n-C16:0) (periplasm)",Cytoplasmic,Glycerophospholipid Metabolism,2.48,b3821,33163.0,17875.96654,12,[33163.0],[17875.96654],['Cytoplasmic'],[12]
1989,PLIPA2A161pp,"Phospholipase A2 (phosphatidate, n-C16:1) (periplasm)",Cytoplasmic,Glycerophospholipid Metabolism,2.48,b3821,33163.0,17875.96654,12,[33163.0],[17875.96654],['Cytoplasmic'],[12]
1990,PLIPA2A181pp,"Phospholipase A2 (phosphatidate, n-C18:1) (periplasm)",Cytoplasmic,Glycerophospholipid Metabolism,2.48,b3821,33163.0,17875.96654,12,[33163.0],[17875.96654],['Cytoplasmic'],[12]
1991,F6Ptex_f,Fructose 6-phosphate transport via diffusion (extracellular to periplasm),Cytoplasmic,"Transport, Outer Membrane Porin",100000000.0,b0241 or b0929 or b1377 or b2215,38922.0,0.0,0,"[38922.0, 39333.0, 41220.0, 40368.0]","[0.0, 21633.15, 0.0, 17383.90751]","['Cytoplasmic', 'Cytoplasmic', 'Cytoplasmic', 'Cytoplasmic']","[0, 17, 0, 16]"
1992,GAMAN6Ptex_f,D-glucosamine 6-phosphate transport via diffusion (extracellular to periplasm),Cytoplasmic,"Transport, Outer Membrane Porin",100000000.0,b0241 or b0929 or b1377 or b2215,38922.0,0.0,0,"[38922.0, 39333.0, 41220.0, 40368.0]","[0.0, 21633.15, 0.0, 17383.90751]","['Cytoplasmic', 'Cytoplasmic', 'Cytoplasmic', 'Cytoplasmic']","[0, 17, 0, 16]"
1993,ALR4x,Aldose reductase (acetol),Cytoplasmic,Glycerophospholipid Metabolism,3.3,b3945,38712.0,0,0,[38712.0],[0.0],['Cytoplasmic'],[0]
1994,LPLIPAL1G141pp,"Lysophospholipase L1 (2-acylglycerophosphoglycerol, n-C14:1) (periplasm)",Cytoplasmic,Glycerophospholipid Metabolism,1016.0,b0494,23622.0,0,0,[23622.0],[0.0],['Cytoplasmic'],[0]
1995,LPLIPAL1G180pp,"Lysophospholipase L1 (2-acylglycerophosphoglycerol, n-C18:0) (periplasm)",Cytoplasmic,Glycerophospholipid Metabolism,1016.0,b0494,23622.0,0,0,[23622.0],[0.0],['Cytoplasmic'],[0]
1996,LPLIPAL1G181pp,"Lysophospholipase L1 (2-acylglycerophosphoglycerol, n-C18:1) (periplasm)",Cytoplasmic,Glycerophospholipid Metabolism,1016.0,b0494,23622.0,0,0,[23622.0],[0.0],['Cytoplasmic'],[0]
1997,ACONIs_f,Aconitate isomerase (spontaneous),Inner Membrane,Unassigned,nan,s0001,0,0,0,[0.0],[0.0],['Inner Membrane'],[0]
1998,ACONTb_f,"Aconitase (half-reaction B, Isocitrate hydro-lyase)",Cytoplasmic,Citric Acid Cycle,71.0,b0118 or b1276,93498.0,0,0,"[93498.0, 97677.0]","[0.0, 0.0]","['Cytoplasmic', 'Cytoplasmic']","[0, 0]"
1999,GLCP2,Glycogen phosphorylase,Cytoplasmic,Glycolysis/Gluconeogenesis,47.0,b3417 or b3428,90522.0,0,0,"[90522.0, 93173.0]","[0.0, 0.0]","['Cytoplasmic', 'Cytoplasmic']","[0, 0]"
2000,F6Pt6_2pp,Fructose-6-phosphate transport via phosphate antiport (periplasm),Inner Membrane,"Transport, Inner Membrane",22.0,b3666,50607.0,27434.89633,12,[50607.0],[27434.89633],['Inner Membrane'],[12]
2001,PPALtpp_f,Propanal transport via channel (periplasm),Cytoplasmic,"Transport, Inner Membrane",nan,,0,0,0,[0],[0],['Cytoplasmic'],[0]
2002,PLIPA2E141pp,"Phospholipase A2 (phosphatidylethanolamine, n-C14:1) (periplasm)",Cytoplasmic,Glycerophospholipid Metabolism,2.48,b3821,33163.0,17875.96654,12,[33163.0],[17875.96654],['Cytoplasmic'],[12]
2003,PLIPA2E181pp,"Phospholipase A2 (phosphatidylethanolamine, n-C18:1) (periplasm)",Cytoplasmic,Glycerophospholipid Metabolism,2.48,b3821,33163.0,17875.96654,12,[33163.0],[17875.96654],['Cytoplasmic'],[12]
2004,PLIPA2G140pp,"Phospholipase A2 (phosphatidylglycerol, n-C14:0) (periplasm)",Cytoplasmic,Glycerophospholipid Metabolism,2.48,b3821,33163.0,17875.96654,12,[33163.0],[17875.96654],['Cytoplasmic'],[12]
2005,3HAD161,3-hydroxyacyl-[acyl-carrier-protein] dehydratase (n-C16:1),Cytoplasmic,Cell Envelope Biosynthesis,368.4865,b0954 or b0180,17033.0,0.0,0,"[18969.0, 17033.0]","[0.0, 0.0]","['Cytoplasmic', 'Cytoplasmic']","[0, 0]"
2006,PLIPA2G160pp,"Phospholipase A2 (phosphatidylglycerol, n-C16:0) (periplasm)",Cytoplasmic,Glycerophospholipid Metabolism,2.48,b3821,33163.0,17875.96654,12,[33163.0],[17875.96654],['Cytoplasmic'],[12]
2007,PLIPA2G181pp,"Phospholipase A2 (phosphatidylglycerol, n-C18:1) (periplasm)",Cytoplasmic,Glycerophospholipid Metabolism,2.48,b3821,33163.0,17875.96654,12,[33163.0],[17875.96654],['Cytoplasmic'],[12]
2008,ASNS1,Asparagine synthase (glutamine-hydrolysing),Cytoplasmic,Alanine and Aspartate Metabolism,2.68,b0674,62659.0,0,0,[62659.0],[0.0],['Cytoplasmic'],[0]
2009,EAR80y,Enoyl-[acyl-carrier-protein] reductase (NADPH) (n-C8:0),Cytoplasmic,Cell Envelope Biosynthesis,5.3,b1288,27864.0,0,0,[27864.0],[0.0],['Cytoplasmic'],[0]
2010,EAR120y,Enoyl-[acyl-carrier-protein] reductase (NADPH) (n-C12:0),Cytoplasmic,Cell Envelope Biosynthesis,5.3,b1288,27864.0,0,0,[27864.0],[0.0],['Cytoplasmic'],[0]
2011,3OAR181,3-oxoacyl-[acyl-carrier-protein] reductase (n-C18:1),Cytoplasmic,Cell Envelope Biosynthesis,0.59,b1093,25560.0,0,0,[25560.0],[0.0],['Cytoplasmic'],[0]
2012,3HAD121,3-hydroxyacyl-[acyl-carrier-protein] dehydratase (n-C12:1),Cytoplasmic,Cell Envelope Biosynthesis,368.4865,b0954 or b0180,17033.0,0.0,0,"[18969.0, 17033.0]","[0.0, 0.0]","['Cytoplasmic', 'Cytoplasmic']","[0, 0]"
2013,EAR121y,Enoyl-[acyl-carrier-protein] reductase (NADPH) (n-C12:1),Cytoplasmic,Cell Envelope Biosynthesis,5.3,b1288,27864.0,0,0,[27864.0],[0.0],['Cytoplasmic'],[0]
2014,GTHRDHpp,Glutathione hydralase (periplasmic),Cytoplasmic,Cofactor and Prosthetic Group Biosynthesis,21.5,b3447,61768.0,0,0,[61768.0],[0.0],['Cytoplasmic'],[0]
2015,PROGLYtex_f,L-Prolinylglycine transport via diffusion (extracellular to periplasm),Cytoplasmic,"Transport, Outer Membrane Porin",100000000.0,b0241 or b0929 or b1377 or b2215,38922.0,0.0,0,"[38922.0, 39333.0, 41220.0, 40368.0]","[0.0, 21633.15, 0.0, 17383.90751]","['Cytoplasmic', 'Cytoplasmic', 'Cytoplasmic', 'Cytoplasmic']","[0, 17, 0, 16]"
2016,EX_progly_e_f,L-Prolinylglycine exchange,Exchange,Extracellular exchange,nan,,0,0,0,[0],[0],['Exchange'],[0]
2017,MDDCP2pp,"Murein D,D-carboxypeptidase (murein5px4px4p) (periplasm)",Cytoplasmic,Murein Biosynthesis,1.41,b0632 or b3182 or b0839 or b2010 or b2430 or b0376,41849.0,0.0,0,"[44444.0, 51798.0, 43609.0, 43346.0, 47752.0, 41849.0]","[0.0, 0.0, 0.0, 0.0, 2090.525346, 0.0]","['Cytoplasmic', 'Cytoplasmic', 'Cytoplasmic', 'Cytoplasmic', 'Cytoplasmic', 'Cytoplasmic']","[0, 0, 0, 0, 1, 0]"
2018,MDDCP3pp,"Murein D,D-carboxypeptidase (murein5p5p) (periplasm)",Cytoplasmic,Murein Biosynthesis,1.41,b0632 or b3182 or b0839 or b2010 or b2430 or b0376,41849.0,0.0,0,"[44444.0, 51798.0, 43609.0, 43346.0, 47752.0, 41849.0]","[0.0, 0.0, 0.0, 0.0, 2090.525346, 0.0]","['Cytoplasmic', 'Cytoplasmic', 'Cytoplasmic', 'Cytoplasmic', 'Cytoplasmic', 'Cytoplasmic']","[0, 0, 0, 0, 1, 0]"
2019,EAR140x,Enoyl-[acyl-carrier-protein] reductase (NADH) (n-C14:0),Cytoplasmic,Cell Envelope Biosynthesis,5.3,b1288,27864.0,0,0,[27864.0],[0.0],['Cytoplasmic'],[0]
2020,EAR40y,Enoyl-[acyl-carrier-protein] reductase (NADPH) (n-C4:0),Cytoplasmic,Cell Envelope Biosynthesis,5.3,b1288,27864.0,0,0,[27864.0],[0.0],['Cytoplasmic'],[0]
2021,3OAS181,3-oxoacyl-[acyl-carrier-protein] synthase (n-C18:1),Cytoplasmic,Cell Envelope Biosynthesis,0.725,b1095,43046.0,0,0,[43046.0],[0.0],['Cytoplasmic'],[0]
2022,EAR161y,Enoyl-[acyl-carrier-protein] reductase (NADPH) (n-C16:1),Cytoplasmic,Cell Envelope Biosynthesis,5.3,b1288,27864.0,0,0,[27864.0],[0.0],['Cytoplasmic'],[0]
2023,G3PAT140,Glycerol-3-phosphate acyltransferase (C14:0),Cytoplasmic,Glycerophospholipid Metabolism,166.8,b1094 and b4041,100021.0,0,0,[100021.0],[0.0],['Cytoplasmic'],[0]
2024,G3PAT160,Glycerol-3-phosphate acyltransferase (C16:0),Cytoplasmic,Glycerophospholipid Metabolism,166.8,b1094 and b4041,100021.0,0,0,[100021.0],[0.0],['Cytoplasmic'],[0]
2025,G3PAT161,Glycerol-3-phosphate acyltransferase (C16:1),Cytoplasmic,Glycerophospholipid Metabolism,166.8,b1094 and b4041,100021.0,0,0,[100021.0],[0.0],['Cytoplasmic'],[0]
2026,AGPAT160,1-hexadecanoyl-sn-glycerol 3-phosphate O-acyltransferase (n-C16:0),Inner Membrane,Glycerophospholipid Metabolism,46.80901367,b3018,27453.0,2353.114286,1,[27453.0],[2353.114286],['Inner Membrane'],[1]
2027,CDAPPA140,CDP-Diacylglycerol pyrophostatase (n-C14:0),Cytoplasmic,Glycerophospholipid Metabolism,90.13177273,b3918,28451.0,2380.36255,1,[28451.0],[2380.36255],['Cytoplasmic'],[1]
2028,MLDCP1App,"Murein L,D-carboxypeptidase (murein5px4p) (periplasm)",Cytoplasmic,Murein Biosynthesis,106.3,b0925 or b1990 or b1113 or b1678 or b0819,33325.0,0.0,0,"[67812.0, 34411.0, 34636.0, 36082.0, 33325.0]","[1764.214634, 0.0, 0.0, 0.0, 0.0]","['Cytoplasmic', 'Cytoplasmic', 'Cytoplasmic', 'Cytoplasmic', 'Cytoplasmic']","[1, 0, 0, 0, 0]"
2029,EAR160y,Enoyl-[acyl-carrier-protein] reductase (NADPH) (n-C16:0),Cytoplasmic,Cell Envelope Biosynthesis,5.3,b1288,27864.0,0,0,[27864.0],[0.0],['Cytoplasmic'],[0]
2030,EAR100y,Enoyl-[acyl-carrier-protein] reductase (NADPH) (n-C10:0),Cytoplasmic,Cell Envelope Biosynthesis,5.3,b1288,27864.0,0,0,[27864.0],[0.0],['Cytoplasmic'],[0]
2031,3OAR141,3-oxoacyl-[acyl-carrier-protein] reductase (n-C14:1),Cytoplasmic,Cell Envelope Biosynthesis,0.59,b1093,25560.0,0,0,[25560.0],[0.0],['Cytoplasmic'],[0]
2032,3OAR161,3-oxoacyl-[acyl-carrier-protein] reductase (n-C16:1),Cytoplasmic,Cell Envelope Biosynthesis,0.59,b1093,25560.0,0,0,[25560.0],[0.0],['Cytoplasmic'],[0]
2033,3HAD141,3-hydroxyacyl-[acyl-carrier-protein] dehydratase (n-C14:1),Cytoplasmic,Cell Envelope Biosynthesis,368.4865,b0954 or b0180,17033.0,0.0,0,"[18969.0, 17033.0]","[0.0, 0.0]","['Cytoplasmic', 'Cytoplasmic']","[0, 0]"
2034,EAR121x,Enoyl-[acyl-carrier-protein] reductase (NADH) (n-C12:1),Cytoplasmic,Cell Envelope Biosynthesis,5.3,b1288,27864.0,0,0,[27864.0],[0.0],['Cytoplasmic'],[0]
2035,PSD140,Phosphatidylserine decarboxylase (n-C14:0),Cytoplasmic,Glycerophospholipid Metabolism,75.042,b4160,35934.0,0,0,[35934.0],[0.0],['Cytoplasmic'],[0]
2036,MICITDr_f,2-methylisocitrate dehydratase,Cytoplasmic,Alternate Carbon Metabolism,10.0,b0118,93498.0,0,0,[93498.0],[0.0],['Cytoplasmic'],[0]
2037,CDAPPA181,CDP-Diacylglycerol pyrophostatase (n-C18:1),Cytoplasmic,Glycerophospholipid Metabolism,90.13177273,b3918,28451.0,2380.36255,1,[28451.0],[2380.36255],['Cytoplasmic'],[1]
2038,PGSA140,Phosphatidylglycerol synthase (n-C14:0),Inner Membrane,Glycerophospholipid Metabolism,1.0,b1912,20701.0,10293.31492,4,[20701.0],[10293.31492],['Inner Membrane'],[4]
2039,LPLIPAL1A141pp,"Lysophospholipase L1 (2-acylglycerophosphotidate, n-C14:1) (periplasm)",Cytoplasmic,Glycerophospholipid Metabolism,1016.0,b0494,23622.0,0,0,[23622.0],[0.0],['Cytoplasmic'],[0]
2040,LPLIPAL1A180pp,"Lysophospholipase L1 (2-acylglycerophosphotidate, n-C18:0) (periplasm)",Cytoplasmic,Glycerophospholipid Metabolism,1016.0,b0494,23622.0,0,0,[23622.0],[0.0],['Cytoplasmic'],[0]
2041,LPLIPAL1E140pp,"Lysophospholipase L1 (2-acylglycerophosphoethanolamine, n-C14:0) (periplasm)",Cytoplasmic,Glycerophospholipid Metabolism,1016.0,b0494,23622.0,0,0,[23622.0],[0.0],['Cytoplasmic'],[0]
2042,LPLIPAL1E161pp,"Lysophospholipase L1 (2-acylglycerophosphoethanolamine, n-C16:1) (periplasm)",Cytoplasmic,Glycerophospholipid Metabolism,1016.0,b0494,23622.0,0,0,[23622.0],[0.0],['Cytoplasmic'],[0]
2043,LPLIPAL1G140pp,"Lysophospholipase L1 (2-acylglycerophosphoglycerol, n-C14:0) (periplasm)",Cytoplasmic,Glycerophospholipid Metabolism,1016.0,b0494,23622.0,0,0,[23622.0],[0.0],['Cytoplasmic'],[0]
2044,ACONTa_f,"Aconitase (half-reaction A, Citrate hydro-lyase)",Cytoplasmic,Citric Acid Cycle,19.6,b0118 or b1276,93498.0,0,0,"[93498.0, 97677.0]","[0.0, 0.0]","['Cytoplasmic', 'Cytoplasmic']","[0, 0]"
2045,MLDCP2App,"Murein L,D-carboxypeptidase (murein5p5p) (periplasm)",Cytoplasmic,Murein Biosynthesis,106.3,b1113 or b1678 or b0819 or b0925 or b1990,33325.0,0.0,0,"[34636.0, 36082.0, 33325.0, 67812.0, 34411.0]","[0.0, 0.0, 0.0, 1764.214634, 0.0]","['Cytoplasmic', 'Cytoplasmic', 'Cytoplasmic', 'Cytoplasmic', 'Cytoplasmic']","[0, 0, 0, 1, 0]"
2046,12DGR140tipp,"1,2 diacylglycerol transport via flipping (periplasm to cytoplasm, n-C14:0)",Cytoplasmic,"Transport, Inner Membrane",nan,,0,0,0,[0],[0],['Cytoplasmic'],[0]
2047,12DGR160tipp,"1,2 diacylglycerol transport via flipping (periplasm to cytoplasm, n-C16:0)",Cytoplasmic,"Transport, Inner Membrane",nan,,0,0,0,[0],[0],['Cytoplasmic'],[0]
2048,12DGR180tipp,"1,2 diacylglycerol transport via flipping (periplasm to cytoplasm, n-C18:0)",Cytoplasmic,"Transport, Inner Membrane",nan,,0,0,0,[0],[0],['Cytoplasmic'],[0]
2049,PGPP120pp,"Phosphatidylglycerol phosphate phosphatase (periplasm, n-C14:0)",Inner Membrane,Glycerophospholipid Metabolism,24.0,b0418 or b1278,19418.0,7112.406977,3,"[19418.0, 29021.0]","[7112.406977, 13420.77866]","['Inner Membrane', 'Inner Membrane']","[3, 6]"
2050,PGPP181pp,"Phosphatidylglycerol phosphate phosphatase (periplasm, n-C18:1)",Inner Membrane,Glycerophospholipid Metabolism,24.0,b0418 or b1278,19418.0,7112.406977,3,"[19418.0, 29021.0]","[7112.406977, 13420.77866]","['Inner Membrane', 'Inner Membrane']","[3, 6]"
2051,CLPNH120pp,"Cardiolipin hydrolase (periplasm, n-C12:0)",Cytoplasmic,Glycerophospholipid Metabolism,nan,,0,0,0,[0],[0],['Cytoplasmic'],[0]
2052,CLPNH140pp,"Cardiolipin hydrolase (periplasm, n-C14:0)",Cytoplasmic,Glycerophospholipid Metabolism,nan,,0,0,0,[0],[0],['Cytoplasmic'],[0]
2053,EX_12ppd__R_e_f,"(R)-Propane-1,2-diol exchange",Exchange,Extracellular exchange,nan,,0,0,0,[0],[0],['Exchange'],[0]
2054,PGSA181,Phosphatidylglycerol synthase (n-C18:1),Inner Membrane,Glycerophospholipid Metabolism,1.0,b1912,20701.0,10293.31492,4,[20701.0],[10293.31492],['Inner Membrane'],[4]
2055,PGPP140,Phosphatidylglycerol phosphate phosphatase (n-C14:0),Inner Membrane,Glycerophospholipid Metabolism,24.0,b0418 or b1278,19418.0,7112.406977,3,"[19418.0, 29021.0]","[7112.406977, 13420.77866]","['Inner Membrane', 'Inner Membrane']","[3, 6]"
2056,PGPP141,Phosphatidylglycerol phosphate phosphatase (n-C14:1),Inner Membrane,Glycerophospholipid Metabolism,24.0,b0418 or b1278,19418.0,7112.406977,3,"[19418.0, 29021.0]","[7112.406977, 13420.77866]","['Inner Membrane', 'Inner Membrane']","[3, 6]"
2057,MDDCP5pp,"Murein D,D-carboxypeptidase (murein5p3p) (periplasm)",Cytoplasmic,Murein Biosynthesis,1.41,b0632 or b3182 or b0839 or b2010 or b2430 or b0376,41849.0,0.0,0,"[44444.0, 51798.0, 43609.0, 43346.0, 47752.0, 41849.0]","[0.0, 0.0, 0.0, 0.0, 2090.525346, 0.0]","['Cytoplasmic', 'Cytoplasmic', 'Cytoplasmic', 'Cytoplasmic', 'Cytoplasmic', 'Cytoplasmic']","[0, 0, 0, 0, 1, 0]"
2058,MLTGY3pp,Murein lytic transglycosylase (murein3p3p) (periplasm),Cytoplasmic,Murein Recycling,291.6204286,b4392 or b2813 or b2701 or b1193 or b2963 or b2558 or b0211 or b1097,22227.0,0.0,0,"[73353.0, 40411.0, 40256.0, 22227.0, 40113.0, 58302.0, 49417.0, 38247.0]","[0.0, 0.0, 0.0, 0.0, 0.0, 0.0, 0.0, 2362.314706]","['Cytoplasmic', 'Cytoplasmic', 'Cytoplasmic', 'Cytoplasmic', 'Cytoplasmic', 'Cytoplasmic', 'Cytoplasmic', 'Inner Membrane']","[0, 0, 0, 0, 0, 0, 0, 1]"
2059,G3PAT180,Glycerol-3-phosphate acyltransferase (C18:0),Cytoplasmic,Glycerophospholipid Metabolism,166.8,b1094 and b4041,100021.0,0,0,[100021.0],[0.0],['Cytoplasmic'],[0]
2060,AGPAT140,1-tetradecanoyl-sn-glycerol 3-phosphate O-acyltransferase (n-C14:0),Inner Membrane,Glycerophospholipid Metabolism,46.80901367,b3018,27453.0,2353.114286,1,[27453.0],[2353.114286],['Inner Membrane'],[1]
2061,PGSA160,Phosphatidylglycerol synthase (n-C16:0),Inner Membrane,Glycerophospholipid Metabolism,1.0,b1912,20701.0,10293.31492,4,[20701.0],[10293.31492],['Inner Membrane'],[4]
2062,MLDCP2Bpp,"Murein L,D-carboxypeptidase (murein4p3p) (periplasm)",Cytoplasmic,Murein Biosynthesis,106.3,b1113 or b0819 or b1990 or b1678 or b0925,33325.0,0.0,0,"[34636.0, 33325.0, 34411.0, 36082.0, 67812.0]","[0.0, 0.0, 0.0, 0.0, 1764.214634]","['Cytoplasmic', 'Cytoplasmic', 'Cytoplasmic', 'Cytoplasmic', 'Cytoplasmic']","[0, 0, 0, 0, 1]"
2063,3OAS140,3-oxoacyl-[acyl-carrier-protein] synthase (n-C14:0),Cytoplasmic,Cell Envelope Biosynthesis,1.28,b2323 or b1095,42613.0,0,0,"[42613.0, 43046.0]","[0.0, 0.0]","['Cytoplasmic', 'Cytoplasmic']","[0, 0]"
2064,3OAR140_f,3-oxoacyl-[acyl-carrier-protein] reductase (n-C14:0),Cytoplasmic,Cell Envelope Biosynthesis,99.3,b1093,25560.0,0,0,[25560.0],[0.0],['Cytoplasmic'],[0]
2065,3OAR160_f,3-oxoacyl-[acyl-carrier-protein] reductase (n-C16:0),Cytoplasmic,Cell Envelope Biosynthesis,99.3,b1093,25560.0,0,0,[25560.0],[0.0],['Cytoplasmic'],[0]
2066,PGSA161,Phosphatidylglycerol synthase (n-C16:1),Inner Membrane,Glycerophospholipid Metabolism,1.0,b1912,20701.0,10293.31492,4,[20701.0],[10293.31492],['Inner Membrane'],[4]
2067,3HAD181,3-hydroxyacyl-[acyl-carrier-protein] dehydratase (n-C18:1),Cytoplasmic,Cell Envelope Biosynthesis,368.4865,b0954 or b0180,17033.0,0.0,0,"[18969.0, 17033.0]","[0.0, 0.0]","['Cytoplasmic', 'Cytoplasmic']","[0, 0]"
2068,PGPP160,Phosphatidylglycerol phosphate phosphatase (n-C16:0),Inner Membrane,Glycerophospholipid Metabolism,24.0,b0418 or b1278,19418.0,7112.406977,3,"[19418.0, 29021.0]","[7112.406977, 13420.77866]","['Inner Membrane', 'Inner Membrane']","[3, 6]"
2069,PGPP180,Phosphatidylglycerol phosphate phosphatase (n-C18:0),Inner Membrane,Glycerophospholipid Metabolism,24.0,b0418 or b1278,19418.0,7112.406977,3,"[19418.0, 29021.0]","[7112.406977, 13420.77866]","['Inner Membrane', 'Inner Membrane']","[3, 6]"
2070,PGPP161,Phosphatidylglycerol phosphate phosphatase (n-C16:1),Inner Membrane,Glycerophospholipid Metabolism,24.0,b0418 or b1278,19418.0,7112.406977,3,"[19418.0, 29021.0]","[7112.406977, 13420.77866]","['Inner Membrane', 'Inner Membrane']","[3, 6]"
2071,PGPP181,Phosphatidylglycerol phosphate phosphatase (n-C18:1),Inner Membrane,Glycerophospholipid Metabolism,24.0,b1278 or b0418,19418.0,7112.406977,3,"[29021.0, 19418.0]","[13420.77866, 7112.406977]","['Inner Membrane', 'Inner Membrane']","[6, 3]"
2072,CDAPPA180,CDP-Diacylglycerol pyrophostatase (n-C18:0),Cytoplasmic,Glycerophospholipid Metabolism,90.13177273,b3918,28451.0,2380.36255,1,[28451.0],[2380.36255],['Cytoplasmic'],[1]
2073,NTP12,Nucleoside-triphosphatase (XTP),Cytoplasmic,Nucleotide Salvage Pathway,1009.0,b4394,18213.0,0,0,[18213.0],[0.0],['Cytoplasmic'],[0]
2074,PE141abcpp,"Phosphatidylethanolamine transport via ABC system (n-C14:1, periplasm)",Inner Membrane,"Transport, Inner Membrane",95.19583333,b0914,64461.0,11740.31959,5,[64461.0],[11740.31959],['Inner Membrane'],[5]
2075,PE160abcpp,"Phosphatidylethanolamine transport via ABC system (n-C16:0, periplasm)",Inner Membrane,"Transport, Inner Membrane",95.19583333,b0914,64461.0,11740.31959,5,[64461.0],[11740.31959],['Inner Membrane'],[5]
2076,PE161abcpp,"Phosphatidylethanolamine transport via ABC system (n-C16:1, periplasm)",Inner Membrane,"Transport, Inner Membrane",95.19583333,b0914,64461.0,11740.31959,5,[64461.0],[11740.31959],['Inner Membrane'],[5]
2077,PSD141,Phosphatidylserine decarboxylase (n-C14:1),Cytoplasmic,Glycerophospholipid Metabolism,75.042,b4160,35934.0,0,0,[35934.0],[0.0],['Cytoplasmic'],[0]
2078,PG140abcpp,"Phosphatidylglycerol transport via ABC system (n-C14:0, periplasm)",Inner Membrane,"Transport, Inner Membrane",95.19583333,b0914,64461.0,11740.31959,5,[64461.0],[11740.31959],['Inner Membrane'],[5]
2079,PG141abcpp,"Phosphatidylglycerol transport via ABC system (n-C14:1, periplasm)",Inner Membrane,"Transport, Inner Membrane",95.19583333,b0914,64461.0,11740.31959,5,[64461.0],[11740.31959],['Inner Membrane'],[5]
2080,PG180abcpp,"Phosphatidylglycerol transport via ABC system (n-C18:0, periplasm)",Inner Membrane,"Transport, Inner Membrane",95.19583333,b0914,64461.0,11740.31959,5,[64461.0],[11740.31959],['Inner Membrane'],[5]
2081,PG181abcpp,"Phosphatidylglycerol transport via ABC system (n-C18:1, periplasm)",Inner Membrane,"Transport, Inner Membrane",95.19583333,b0914,64461.0,11740.31959,5,[64461.0],[11740.31959],['Inner Membrane'],[5]
2082,PGP141abcpp,"Phosphatidylglycerophosphate transport via ABC system (n-C14:1, periplasm)",Inner Membrane,"Transport, Inner Membrane",95.19583333,b0914,64461.0,11740.31959,5,[64461.0],[11740.31959],['Inner Membrane'],[5]
2083,PGP160abcpp,"Phosphatidylglycerophosphate transport via ABC system (n-C16:0, periplasm)",Inner Membrane,"Transport, Inner Membrane",95.19583333,b0914,64461.0,11740.31959,5,[64461.0],[11740.31959],['Inner Membrane'],[5]
2084,PGP180abcpp,"Phosphatidylglycerophosphate transport via ABC system (n-C18:0, periplasm)",Inner Membrane,"Transport, Inner Membrane",95.19583333,b0914,64461.0,11740.31959,5,[64461.0],[11740.31959],['Inner Membrane'],[5]
2085,PAPA181pp,"Phosphatidate phosphatase (periplasmic, n-C18:1)",Inner Membrane,Glycerophospholipid Metabolism,152.0,b1278,29021.0,13420.77866,6,[29021.0],[13420.77866],['Inner Membrane'],[6]
2086,PA140abcpp,"Phosphatidate transport via ABC system (n-C14:0, periplasm)",Inner Membrane,"Transport, Inner Membrane",95.19583333,b0914,64461.0,11740.31959,5,[64461.0],[11740.31959],['Inner Membrane'],[5]
2087,12DGR120tipp,"1,2 diacylglycerol transport via flipping (periplasm to cytoplasm, n-C12:0)",Cytoplasmic,"Transport, Inner Membrane",nan,,0,0,0,[0],[0],['Cytoplasmic'],[0]
2088,MDDCP4pp,"Murein D,D-carboxypeptidase (murein5p4p) (periplasm)",Cytoplasmic,Murein Biosynthesis,1.41,b0632 or b3182 or b0839 or b2010 or b2430 or b0376,41849.0,0.0,0,"[44444.0, 51798.0, 43609.0, 43346.0, 47752.0, 41849.0]","[0.0, 0.0, 0.0, 0.0, 2090.525346, 0.0]","['Cytoplasmic', 'Cytoplasmic', 'Cytoplasmic', 'Cytoplasmic', 'Cytoplasmic', 'Cytoplasmic']","[0, 0, 0, 0, 1, 0]"
2089,CLPNS140pp_f,"Cardiolipin synthase (periplasmic, n-C14:0)",Cytoplasmic,Glycerophospholipid Metabolism,1.0,b1249 or b0789,47634.0,0.0,0,"[54822.0, 47634.0]","[4737.703704, 0.0]","['Inner Membrane', 'Cytoplasmic']","[2, 0]"
2090,CLPNS141pp_f,"Cardiolipin synthase (periplasmic, n-C14:1)",Cytoplasmic,Glycerophospholipid Metabolism,1.0,b1249 or b0789,47634.0,0.0,0,"[54822.0, 47634.0]","[4737.703704, 0.0]","['Inner Membrane', 'Cytoplasmic']","[2, 0]"
2091,PG120abcpp,"Phosphatidylglycerol transport via ABC system (n-C12:0, periplasm)",Inner Membrane,"Transport, Inner Membrane",95.19583333,b0914,64461.0,11740.31959,5,[64461.0],[11740.31959],['Inner Membrane'],[5]
2092,PE140abcpp,"Phosphatidylethanolamine transport via ABC system (n-C14:0, periplasm)",Inner Membrane,"Transport, Inner Membrane",95.19583333,b0914,64461.0,11740.31959,5,[64461.0],[11740.31959],['Inner Membrane'],[5]
2093,CFAS160E,"Cyclopropane fatty acid synthase (Phosphatidylethanolamine, n-C16:0)",Cytoplasmic,Glycerophospholipid Metabolism,0.067,b1661,43909.0,0,0,[43909.0],[0.0],['Cytoplasmic'],[0]
2094,CFAS180E,"Cyclopropane fatty acid synthase (Phosphatidylethanolamine, n-C18:0)",Cytoplasmic,Glycerophospholipid Metabolism,0.067,b1661,43909.0,0,0,[43909.0],[0.0],['Cytoplasmic'],[0]
2095,CFAS180G,"Cyclopropane fatty acid synthase (Phosphatidylglycerol, n-C18:0)",Cytoplasmic,Glycerophospholipid Metabolism,0.067,b1661,43909.0,0,0,[43909.0],[0.0],['Cytoplasmic'],[0]
2096,PAPA160,Phosphatidate phosphatase (n-C16:0),Inner Membrane,Glycerophospholipid Metabolism,184.0,b1278,29021.0,13420.77866,6,[29021.0],[13420.77866],['Inner Membrane'],[6]
2097,PAPA180,Phosphatidate phosphatase (n-C18:0),Inner Membrane,Glycerophospholipid Metabolism,152.0,b1278,29021.0,13420.77866,6,[29021.0],[13420.77866],['Inner Membrane'],[6]
2098,PAPA181,Phosphatidate phosphatase (n-C18:1),Inner Membrane,Glycerophospholipid Metabolism,152.0,b1278,29021.0,13420.77866,6,[29021.0],[13420.77866],['Inner Membrane'],[6]
2099,PETNT161pp,Phosphoethanolamine transferase (c-C16:1),Inner Membrane,Lipopolysaccharide Biosynthesis / Recycling,1.0,b3546,63804.0,11899.50266,5,[63804.0],[11899.50266],['Inner Membrane'],[5]
2100,PSSA160,Phosphatidylserine syntase (n-C16:0),Cytoplasmic,Glycerophospholipid Metabolism,1.0,b2585,52802.0,0,0,[52802.0],[0.0],['Cytoplasmic'],[0]
2101,PSSA181,Phosphatidylserine syntase (n-C18:1),Cytoplasmic,Glycerophospholipid Metabolism,1.0,b2585,52802.0,0,0,[52802.0],[0.0],['Cytoplasmic'],[0]
2102,DAGK140,Diacylglycerol kinase (n-C14:0),Inner Membrane,Glycerophospholipid Metabolism,10.40333333,b4042,13245.0,6458.305785,3,[13245.0],[6458.305785],['Inner Membrane'],[3]
2103,DAGK160,Diacylglycerol kinase (n-C16:0),Inner Membrane,Glycerophospholipid Metabolism,10.40333333,b4042,13245.0,6458.305785,3,[13245.0],[6458.305785],['Inner Membrane'],[3]
2104,DAGK141,Diacylglycerol kinase (n-C14:1),Inner Membrane,Glycerophospholipid Metabolism,10.40333333,b4042,13245.0,6458.305785,3,[13245.0],[6458.305785],['Inner Membrane'],[3]
2105,DAGK161,Diacylglycerol kinase (n-C16:1),Inner Membrane,Glycerophospholipid Metabolism,10.40333333,b4042,13245.0,6458.305785,3,[13245.0],[6458.305785],['Inner Membrane'],[3]
2106,AGPAT181,1-octadec-7-enoyl-sn-glycerol 3-phosphate O-acyltransferase (n-C18:1),Inner Membrane,Glycerophospholipid Metabolism,46.80901367,b3018,27453.0,2353.114286,1,[27453.0],[2353.114286],['Inner Membrane'],[1]
2107,MDDEP3pp,"Murein D,D-endopeptidase (murein5px4p) (periplasm)",Cytoplasmic,Murein Recycling,1.41,b3182 or b2328 or b2134 or b2175 or b0376 or b1655 or b1856,21040.0,0.0,0,"[51798.0, 30137.0, 33887.0, 21040.0, 41849.0, 29917.0, 49058.0]","[0.0, 0.0, 0.0, 0.0, 0.0, 0.0, 2229.909091]","['Cytoplasmic', 'Cytoplasmic', 'Cytoplasmic', 'Cytoplasmic', 'Cytoplasmic', 'Cytoplasmic', 'Inner Membrane']","[0, 0, 0, 0, 0, 0, 1]"
2108,MDDEP4pp,"Murein D,D-endopeptidase (murein4px4px4p) (periplasm)",Cytoplasmic,Murein Recycling,1.41,b3182 or b2328 or b2134 or b0376 or b2175 or b1655 or b1856,21040.0,0.0,0,"[51798.0, 30137.0, 33887.0, 41849.0, 21040.0, 29917.0, 49058.0]","[0.0, 0.0, 0.0, 0.0, 0.0, 0.0, 2229.909091]","['Cytoplasmic', 'Cytoplasmic', 'Cytoplasmic', 'Cytoplasmic', 'Cytoplasmic', 'Cytoplasmic', 'Inner Membrane']","[0, 0, 0, 0, 0, 0, 1]"
2109,MLTGY1pp,Murein lytic transglycosylase (murein4p4p) (periplasm),Cytoplasmic,Murein Recycling,291.6204286,b2963 or b4392 or b2813 or b2701 or b1193 or b2558 or b0211 or b1097,22227.0,0.0,0,"[40113.0, 73353.0, 40411.0, 40256.0, 22227.0, 58302.0, 49417.0, 38247.0]","[0.0, 0.0, 0.0, 0.0, 0.0, 0.0, 0.0, 2362.314706]","['Cytoplasmic', 'Cytoplasmic', 'Cytoplasmic', 'Cytoplasmic', 'Cytoplasmic', 'Cytoplasmic', 'Cytoplasmic', 'Inner Membrane']","[0, 0, 0, 0, 0, 0, 0, 1]"
2110,CGLYtex_f,L-Cysteinylglycine transport via diffusion (extracellular to periplasm),Cytoplasmic,"Transport, Outer Membrane Porin",100000000.0,b0241 or b0929 or b1377 or b2215,38922.0,0.0,0,"[38922.0, 39333.0, 41220.0, 40368.0]","[0.0, 21633.15, 0.0, 17383.90751]","['Cytoplasmic', 'Cytoplasmic', 'Cytoplasmic', 'Cytoplasmic']","[0, 17, 0, 16]"
2111,3HAD40,3-hydroxyacyl-[acyl-carrier-protein] dehydratase (n-C4:0),Cytoplasmic,Cell Envelope Biosynthesis,368.4865,b0954 or b0180,17033.0,0.0,0,"[18969.0, 17033.0]","[0.0, 0.0]","['Cytoplasmic', 'Cytoplasmic']","[0, 0]"
2112,PLIPA1E141pp,"Phospholipase A1 (phosphatidylethanolamine, n-C14:1) (periplasm)",Cytoplasmic,Glycerophospholipid Metabolism,2.48,b3821,33163.0,17875.96654,12,[33163.0],[17875.96654],['Cytoplasmic'],[12]
2113,3OAS60,3-oxoacyl-[acyl-carrier-protein] synthase (n-C6:0),Cytoplasmic,Cell Envelope Biosynthesis,0.97,b1095 or b2323,42613.0,0.0,0,"[43046.0, 42613.0]","[0.0, 0.0]","['Cytoplasmic', 'Cytoplasmic']","[0, 0]"
2114,3OAS160,3-oxoacyl-[acyl-carrier-protein] synthase (n-C16:0),Cytoplasmic,Cell Envelope Biosynthesis,0.011,b2323 or b1095,42613.0,0,0,"[42613.0, 43046.0]","[0.0, 0.0]","['Cytoplasmic', 'Cytoplasmic']","[0, 0]"
2115,3OAR60_f,3-oxoacyl-[acyl-carrier-protein] reductase (n-C6:0),Cytoplasmic,Cell Envelope Biosynthesis,99.3,b1093,25560.0,0,0,[25560.0],[0.0],['Cytoplasmic'],[0]
2116,3OAR80_f,3-oxoacyl-[acyl-carrier-protein] reductase (n-C8:0),Cytoplasmic,Cell Envelope Biosynthesis,99.3,b1093,25560.0,0,0,[25560.0],[0.0],['Cytoplasmic'],[0]
2117,MLDCP3App,"Murein L,D-carboxypeptidase (murein5px3p) (periplasm)",Cytoplasmic,Murein Biosynthesis,106.3,b0925 or b1990 or b1113 or b1678 or b0819,33325.0,0.0,0,"[67812.0, 34411.0, 34636.0, 36082.0, 33325.0]","[1764.214634, 0.0, 0.0, 0.0, 0.0]","['Cytoplasmic', 'Cytoplasmic', 'Cytoplasmic', 'Cytoplasmic', 'Cytoplasmic']","[1, 0, 0, 0, 0]"
2118,MLDCP1Bpp,"Murein L,D-carboxypeptidase (murein4p4p) (periplasm)",Cytoplasmic,Murein Biosynthesis,106.3,b0925 or b1990 or b1113 or b1678 or b0819,33325.0,0.0,0,"[67812.0, 34411.0, 34636.0, 36082.0, 33325.0]","[1764.214634, 0.0, 0.0, 0.0, 0.0]","['Cytoplasmic', 'Cytoplasmic', 'Cytoplasmic', 'Cytoplasmic', 'Cytoplasmic']","[1, 0, 0, 0, 0]"
2119,2AGPE181tipp,2-Acyl-sn-glycero-3-phosphoethanolamine (n-C18:1) transporter via facilitated diffusion (periplasm),Inner Membrane,"Transport, Inner Membrane",100000000.0,b2835,41656.0,24238.12594,11,[41656.0],[24238.12594],['Inner Membrane'],[11]
2120,2AGPA140tipp,2-Acyl-sn-glycero-3-phosphatidate (n-C14:0) transporter via facilitated diffusion (periplasm),Inner Membrane,"Transport, Inner Membrane",100000000.0,b2835,41656.0,24238.12594,11,[41656.0],[24238.12594],['Inner Membrane'],[11]
2121,2AGPA160tipp,2-Acyl-sn-glycero-3-phosphatidate (n-C16:0) transporter via facilitated diffusion (periplasm),Inner Membrane,"Transport, Inner Membrane",100000000.0,b2835,41656.0,24238.12594,11,[41656.0],[24238.12594],['Inner Membrane'],[11]
2122,2AGPA180tipp,2-Acyl-sn-glycero-3-phosphatidate (n-C18:0) transporter via facilitated diffusion (periplasm),Inner Membrane,"Transport, Inner Membrane",100000000.0,b2835,41656.0,24238.12594,11,[41656.0],[24238.12594],['Inner Membrane'],[11]
2123,2AGPA141tipp,2-Acyl-sn-glycero-3-phosphatidate (n-C14:1) transporter via facilitated diffusion (periplasm),Inner Membrane,"Transport, Inner Membrane",100000000.0,b2835,41656.0,24238.12594,11,[41656.0],[24238.12594],['Inner Membrane'],[11]
2124,EX_urate_e_f,Urate exchange,Exchange,Extracellular exchange,nan,,0,0,0,[0],[0],['Exchange'],[0]
2125,PLIPA1G160pp,"Phospholipase A1 (phosphatidylglycerol, n-C16:0) (periplasm)",Cytoplasmic,Glycerophospholipid Metabolism,2.48,b3821,33163.0,17875.96654,12,[33163.0],[17875.96654],['Cytoplasmic'],[12]
2126,PLIPA1G141pp,"Phospholipase A1 (phosphatidylglycerol, n-C14:1) (periplasm)",Cytoplasmic,Glycerophospholipid Metabolism,2.48,b3821,33163.0,17875.96654,12,[33163.0],[17875.96654],['Cytoplasmic'],[12]
2127,LPLIPAL2E160,"Lysophospholipase L2 (2-acylglycerophosphoethanolamine, n-C16:0)",Cytoplasmic,Glycerophospholipid Metabolism,1016.0,b3825,38978.0,0,0,[38978.0],[0.0],['Cytoplasmic'],[0]
2128,LPLIPAL2G140,"Lysophospholipase L2 (2-acylglycerophosphoglycerol, n-C14:0)",Cytoplasmic,Glycerophospholipid Metabolism,1016.0,b3825,38978.0,0,0,[38978.0],[0.0],['Cytoplasmic'],[0]
2129,LPLIPAL2G160,"Lysophospholipase L2 (2-acylglycerophosphoglycerol, n-C16:0)",Cytoplasmic,Glycerophospholipid Metabolism,1016.0,b3825,38978.0,0,0,[38978.0],[0.0],['Cytoplasmic'],[0]
2130,2AGPE140tipp,2-Acyl-sn-glycero-3-phosphoethanolamine (n-C14:0) transporter via facilitated diffusion (periplasm),Inner Membrane,"Transport, Inner Membrane",100000000.0,b2835,41656.0,24238.12594,11,[41656.0],[24238.12594],['Inner Membrane'],[11]
2131,2AGPE160tipp,2-Acyl-sn-glycero-3-phosphoethanolamine (n-C16:0) transporter via facilitated diffusion (periplasm),Inner Membrane,"Transport, Inner Membrane",100000000.0,b2835,41656.0,24238.12594,11,[41656.0],[24238.12594],['Inner Membrane'],[11]
2132,2AGPE180tipp,2-Acyl-sn-glycero-3-phosphoethanolamine (n-C18:0) transporter via facilitated diffusion (periplasm),Inner Membrane,"Transport, Inner Membrane",100000000.0,b2835,41656.0,24238.12594,11,[41656.0],[24238.12594],['Inner Membrane'],[11]
2133,2AGPE141tipp,2-Acyl-sn-glycero-3-phosphoethanolamine (n-C14:1) transporter via facilitated diffusion (periplasm),Inner Membrane,"Transport, Inner Membrane",100000000.0,b2835,41656.0,24238.12594,11,[41656.0],[24238.12594],['Inner Membrane'],[11]
2134,2AGPE161tipp,2-Acyl-sn-glycero-3-phosphoethanolamine (n-C16:1) transporter via facilitated diffusion (periplasm),Inner Membrane,"Transport, Inner Membrane",100000000.0,b2835,41656.0,24238.12594,11,[41656.0],[24238.12594],['Inner Membrane'],[11]
2135,2AGPA161tipp,2-Acyl-sn-glycero-3-phosphatidate (n-C16:1) transporter via facilitated diffusion (periplasm),Inner Membrane,"Transport, Inner Membrane",100000000.0,b2835,41656.0,24238.12594,11,[41656.0],[24238.12594],['Inner Membrane'],[11]
2136,2AGPA181tipp,2-Acyl-sn-glycero-3-phosphatidate (n-C18:1) transporter via facilitated diffusion (periplasm),Inner Membrane,"Transport, Inner Membrane",100000000.0,b2835,41656.0,24238.12594,11,[41656.0],[24238.12594],['Inner Membrane'],[11]
2137,2AGPG120tipp,2-Acyl-sn-glycero-3-phosphoglycerol (n-C12:0) transporter via facilitated diffusion (periplasm),Inner Membrane,"Transport, Inner Membrane",100000000.0,b2835,41656.0,24238.12594,11,[41656.0],[24238.12594],['Inner Membrane'],[11]
2138,LPLIPAL2G120,"Lysophospholipase L2 (2-acylglycerophosphoglycerol, n-C12:0)",Cytoplasmic,Glycerophospholipid Metabolism,1016.0,b3825,38978.0,0,0,[38978.0],[0.0],['Cytoplasmic'],[0]
2139,PA141abcpp,"Phosphatidate transport via ABC system (n-C14:1, periplasm)",Inner Membrane,"Transport, Inner Membrane",95.19583333,b0914,64461.0,11740.31959,5,[64461.0],[11740.31959],['Inner Membrane'],[5]
2140,PA161abcpp,"Phosphatidate transport via ABC system (n-C16:1, periplasm)",Inner Membrane,"Transport, Inner Membrane",95.19583333,b0914,64461.0,11740.31959,5,[64461.0],[11740.31959],['Inner Membrane'],[5]
2141,PA180abcpp,"Phosphatidate transport via ABC system (n-C18:0, periplasm)",Inner Membrane,"Transport, Inner Membrane",95.19583333,b0914,64461.0,11740.31959,5,[64461.0],[11740.31959],['Inner Membrane'],[5]
2142,PGPP161pp,"Phosphatidylglycerol phosphate phosphatase (periplasm, n-C16:1)",Inner Membrane,Glycerophospholipid Metabolism,24.0,b0418 or b1278,19418.0,7112.406977,3,"[19418.0, 29021.0]","[7112.406977, 13420.77866]","['Inner Membrane', 'Inner Membrane']","[3, 6]"
2143,PE120abcpp,"Phosphatidylethanolamine transport via ABC system (n-C12:0, periplasm)",Inner Membrane,"Transport, Inner Membrane",95.19583333,b0914,64461.0,11740.31959,5,[64461.0],[11740.31959],['Inner Membrane'],[5]
2144,PE180abcpp,"Phosphatidylethanolamine transport via ABC system (n-C18:0, periplasm)",Inner Membrane,"Transport, Inner Membrane",95.19583333,b0914,64461.0,11740.31959,5,[64461.0],[11740.31959],['Inner Membrane'],[5]
2145,PAPA140,Phosphatidate phosphatase (n-C14:0),Inner Membrane,Glycerophospholipid Metabolism,152.0,b1278,29021.0,13420.77866,6,[29021.0],[13420.77866],['Inner Membrane'],[6]
2146,PAPA141,Phosphatidate phosphatase (n-C14:1),Inner Membrane,Glycerophospholipid Metabolism,152.0,b1278,29021.0,13420.77866,6,[29021.0],[13420.77866],['Inner Membrane'],[6]
2147,PAPA161,Phosphatidate phosphatase (n-C16:1),Inner Membrane,Glycerophospholipid Metabolism,152.0,b1278,29021.0,13420.77866,6,[29021.0],[13420.77866],['Inner Membrane'],[6]
2148,GTHOXtex_f,Glutathione (ox) transport via diffusion (extracellular to periplasm),Cytoplasmic,"Transport, Outer Membrane Porin",100000000.0,b0241 or b0929 or b1377 or b2215,38922.0,0.0,0,"[38922.0, 39333.0, 41220.0, 40368.0]","[0.0, 21633.15, 0.0, 17383.90751]","['Cytoplasmic', 'Cytoplasmic', 'Cytoplasmic', 'Cytoplasmic']","[0, 17, 0, 16]"
2149,DSBAO1,DsbA protein reoxidation reaction (aerobic),Inner Membrane,Unassigned,22.0,b1185 and b3860,43247.0,8011.022727,4,[43247.0],[8011.022727],['Inner Membrane'],[4]
2150,DSBAO2,DsbA protein reoxidation reaction (anaerobic),Inner Membrane,Unassigned,22.0,b1185 and b3860,43247.0,8011.022727,4,[43247.0],[8011.022727],['Inner Membrane'],[4]
2151,DSBDR,DsbD reductase,Inner Membrane,Unassigned,1.40385,(b2582 and b4136) or (b3781 and b4136),73602.0,19013.84615,8,"[77350.0, 73602.0]","[19013.84615, 19013.84615]","['Inner Membrane', 'Inner Membrane']","[8, 8]"
2152,TDSR1,Thiol:disulfide reductase (DsbC),Inner Membrane,"Transport, Inner Membrane",0.702207,b2893 and b4136,87417.0,19013.84615,8,[87417.0],[19013.84615],['Inner Membrane'],[8]
2153,CGLYabcpp,L-Cysteinylglycine (Cys-Gly) transport via ABC system (periplasm),Inner Membrane,"Transport, Inner Membrane",22.0,b3544 and b3542 and b3543 and b3540 and b3541,203503.0,29829.12106,13,[203503.0],[29829.12106],['Inner Membrane'],[13]
2154,PLIPA2A120pp,"Phospholipase A2 (phosphatidate, n-C12:0) (periplasm)",Cytoplasmic,Glycerophospholipid Metabolism,3.86,b3821,33163.0,17875.96654,12,[33163.0],[17875.96654],['Cytoplasmic'],[12]
2155,PLIPA2A160pp,"Phospholipase A2 (phosphatidate, n-C16:0) (periplasm)",Cytoplasmic,Glycerophospholipid Metabolism,3.86,b3821,33163.0,17875.96654,12,[33163.0],[17875.96654],['Cytoplasmic'],[12]
2156,CLPNH180pp,"Cardiolipin hydrolase (periplasm, n-C18:0)",Cytoplasmic,Glycerophospholipid Metabolism,nan,,0,0,0,[0],[0],['Cytoplasmic'],[0]
2157,LPLIPAL2E120,"Lysophospholipase L2 (2-acylglycerophosphoethanolamine, n-C12:0)",Cytoplasmic,Glycerophospholipid Metabolism,1016.0,b3825,38978.0,0,0,[38978.0],[0.0],['Cytoplasmic'],[0]
2158,EAR100x,Enoyl-[acyl-carrier-protein] reductase (NADH) (n-C10:0),Cytoplasmic,Cell Envelope Biosynthesis,5.3,b1288,27864.0,0,0,[27864.0],[0.0],['Cytoplasmic'],[0]
2159,EAR120x,Enoyl-[acyl-carrier-protein] reductase (NADH) (n-C12:0),Cytoplasmic,Cell Envelope Biosynthesis,5.3,b1288,27864.0,0,0,[27864.0],[0.0],['Cytoplasmic'],[0]
2160,EAR160x,Enoyl-[acyl-carrier-protein] reductase (NADH) (n-C16:0),Cytoplasmic,Cell Envelope Biosynthesis,5.3,b1288,27864.0,0,0,[27864.0],[0.0],['Cytoplasmic'],[0]
2161,EAR140y,Enoyl-[acyl-carrier-protein] reductase (NADPH) (n-C14:0),Cytoplasmic,Cell Envelope Biosynthesis,5.3,b1288,27864.0,0,0,[27864.0],[0.0],['Cytoplasmic'],[0]
2162,3OAS121,3-oxoacyl-[acyl-carrier-protein] synthase (n-C12:1),Cytoplasmic,Cell Envelope Biosynthesis,0.725,b2323,42613.0,0,0,[42613.0],[0.0],['Cytoplasmic'],[0]
2163,3OAS80,3-oxoacyl-[acyl-carrier-protein] synthase (n-C8:0),Cytoplasmic,Cell Envelope Biosynthesis,1.63,b2323 or b1095,42613.0,0,0,"[42613.0, 43046.0]","[0.0, 0.0]","['Cytoplasmic', 'Cytoplasmic']","[0, 0]"
2164,3OAS100,3-oxoacyl-[acyl-carrier-protein] synthase (n-C10:0),Cytoplasmic,Cell Envelope Biosynthesis,3.1,b2323 or b1095,42613.0,0,0,"[42613.0, 43046.0]","[0.0, 0.0]","['Cytoplasmic', 'Cytoplasmic']","[0, 0]"
2165,3OAS120,3-oxoacyl-[acyl-carrier-protein] synthase (n-C12:0),Cytoplasmic,Cell Envelope Biosynthesis,0.356,b1095 or b2323,42613.0,0.0,0,"[43046.0, 42613.0]","[0.0, 0.0]","['Cytoplasmic', 'Cytoplasmic']","[0, 0]"
2166,3OAR40_f,3-oxoacyl-[acyl-carrier-protein] reductase (n-C4:0),Cytoplasmic,Cell Envelope Biosynthesis,99.3,b1093,25560.0,0,0,[25560.0],[0.0],['Cytoplasmic'],[0]
2167,3OAR100_f,3-oxoacyl-[acyl-carrier-protein] reductase (n-C10:0),Cytoplasmic,Cell Envelope Biosynthesis,99.3,b1093,25560.0,0,0,[25560.0],[0.0],['Cytoplasmic'],[0]
2168,3HAD60,3-hydroxyacyl-[acyl-carrier-protein] dehydratase (n-C6:0),Cytoplasmic,Cell Envelope Biosynthesis,368.4865,b0954 or b0180,17033.0,0.0,0,"[18969.0, 17033.0]","[0.0, 0.0]","['Cytoplasmic', 'Cytoplasmic']","[0, 0]"
2169,3HAD100,3-hydroxyacyl-[acyl-carrier-protein] dehydratase (n-C10:0),Cytoplasmic,Cell Envelope Biosynthesis,368.4865,b0954 or b0180,17033.0,0.0,0,"[18969.0, 17033.0]","[0.0, 0.0]","['Cytoplasmic', 'Cytoplasmic']","[0, 0]"
2170,3HAD140,3-hydroxyacyl-[acyl-carrier-protein] dehydratase (n-C14:0),Cytoplasmic,Cell Envelope Biosynthesis,368.4865,b0954 or b0180,17033.0,0.0,0,"[18969.0, 17033.0]","[0.0, 0.0]","['Cytoplasmic', 'Cytoplasmic']","[0, 0]"
2171,3HAD160,3-hydroxyacyl-[acyl-carrier-protein] dehydratase (n-C16:0),Cytoplasmic,Cell Envelope Biosynthesis,368.4865,b0954 or b0180,17033.0,0.0,0,"[18969.0, 17033.0]","[0.0, 0.0]","['Cytoplasmic', 'Cytoplasmic']","[0, 0]"
2172,AGPAT180,1-octadecanoyl-sn-glycerol 3-phosphate O-acyltransferase (n-C18:0),Inner Membrane,Glycerophospholipid Metabolism,46.80901367,b3018,27453.0,2353.114286,1,[27453.0],[2353.114286],['Inner Membrane'],[1]
2173,AGPAT141,1-tetradec-7-enoyl-sn-glycerol 3-phosphate O-acyltransferase (n-C14:1),Inner Membrane,Glycerophospholipid Metabolism,46.80901367,b3018,27453.0,2353.114286,1,[27453.0],[2353.114286],['Inner Membrane'],[1]
2174,AGPAT161,1-hexadec-7-enoyl-sn-glycerol 3-phosphate O-acyltransferase (n-C16:1),Inner Membrane,Glycerophospholipid Metabolism,46.80901367,b3018,27453.0,2353.114286,1,[27453.0],[2353.114286],['Inner Membrane'],[1]
2175,DASYN120,CDP-diacylglycerol synthetase (n-C12:0),Inner Membrane,Glycerophospholipid Metabolism,8.92,b0175,31454.0,18541.30526,8,[31454.0],[18541.30526],['Inner Membrane'],[8]
2176,EAR40x,Enoyl-[acyl-carrier-protein] reductase (NADH) (n-C4:0),Cytoplasmic,Cell Envelope Biosynthesis,5.3,b1288,27864.0,0,0,[27864.0],[0.0],['Cytoplasmic'],[0]
2177,EAR60y,Enoyl-[acyl-carrier-protein] reductase (NADPH) (n-C6:0),Cytoplasmic,Cell Envelope Biosynthesis,5.3,b1288,27864.0,0,0,[27864.0],[0.0],['Cytoplasmic'],[0]
2178,MLDEP1pp,"Murein L,D-endopeptidase (murein3px3p) (periplasm)",Cytoplasmic,Murein Recycling,0.5,b2328,30137.0,0,0,[30137.0],[0.0],['Cytoplasmic'],[0]
2179,MLDEP2pp,"Murein L,D-endopeptidase (murein5px3p) (periplasm)",Cytoplasmic,Murein Recycling,0.5,b2328,30137.0,0,0,[30137.0],[0.0],['Cytoplasmic'],[0]
2180,MLTGY2pp,Murein lytic transglycosylase (murein4p3p) (periplasm),Cytoplasmic,Murein Recycling,291.6204286,b2963 or b4392 or b2813 or b2701 or b1193 or b2558 or b0211 or b1097,22227.0,0.0,0,"[40113.0, 73353.0, 40411.0, 40256.0, 22227.0, 58302.0, 49417.0, 38247.0]","[0.0, 0.0, 0.0, 0.0, 0.0, 0.0, 0.0, 2362.314706]","['Cytoplasmic', 'Cytoplasmic', 'Cytoplasmic', 'Cytoplasmic', 'Cytoplasmic', 'Cytoplasmic', 'Cytoplasmic', 'Inner Membrane']","[0, 0, 0, 0, 0, 0, 0, 1]"
2181,MLTGY4pp,Murein lytic transglycosylase (murein4px4p4p) (periplasm),Cytoplasmic,Murein Recycling,291.6204286,b4392 or b2813 or b2701 or b1193 or b2963 or b2558 or b0211 or b1097,22227.0,0.0,0,"[73353.0, 40411.0, 40256.0, 22227.0, 40113.0, 58302.0, 49417.0, 38247.0]","[0.0, 0.0, 0.0, 0.0, 0.0, 0.0, 0.0, 2362.314706]","['Cytoplasmic', 'Cytoplasmic', 'Cytoplasmic', 'Cytoplasmic', 'Cytoplasmic', 'Cytoplasmic', 'Cytoplasmic', 'Inner Membrane']","[0, 0, 0, 0, 0, 0, 0, 1]"
2182,EAR60x,Enoyl-[acyl-carrier-protein] reductase (NADH) (n-C6:0),Cytoplasmic,Cell Envelope Biosynthesis,5.3,b1288,27864.0,0,0,[27864.0],[0.0],['Cytoplasmic'],[0]
2183,EAR80x,Enoyl-[acyl-carrier-protein] reductase (NADH) (n-C8:0),Cytoplasmic,Cell Envelope Biosynthesis,5.3,b1288,27864.0,0,0,[27864.0],[0.0],['Cytoplasmic'],[0]
2184,PE181abcpp,"Phosphatidylethanolamine transport via ABC system (n-C18:1, periplasm)",Inner Membrane,"Transport, Inner Membrane",95.19583333,b0914,64461.0,11740.31959,5,[64461.0],[11740.31959],['Inner Membrane'],[5]
2185,12DGR161tipp,"1,2 diacylglycerol transport via flipping (periplasm to cytoplasm, n-C16:1)",Cytoplasmic,"Transport, Inner Membrane",nan,,0,0,0,[0],[0],['Cytoplasmic'],[0]
2186,12DGR181tipp,"1,2 diacylglycerol transport via flipping (periplasm to cytoplasm, n-C18:1)",Cytoplasmic,"Transport, Inner Membrane",nan,,0,0,0,[0],[0],['Cytoplasmic'],[0]
2187,NTP11,Nucleoside-triphosphatase (dITP),Cytoplasmic,Nucleotide Salvage Pathway,38.49325,b4394,18213.0,0,0,[18213.0],[0.0],['Cytoplasmic'],[0]
2188,3OAS180,3-oxoacyl-[acyl-carrier-protein] synthase (n-C18:0),Cytoplasmic,Cell Envelope Biosynthesis,0.725,b1095 or b2323,42613.0,0.0,0,"[43046.0, 42613.0]","[0.0, 0.0]","['Cytoplasmic', 'Cytoplasmic']","[0, 0]"
2189,3HAD180,3-hydroxyacyl-[acyl-carrier-protein] dehydratase (n-C18:0),Cytoplasmic,Cell Envelope Biosynthesis,368.4865,b0954 or b0180,17033.0,0.0,0,"[18969.0, 17033.0]","[0.0, 0.0]","['Cytoplasmic', 'Cytoplasmic']","[0, 0]"
2190,CDAPPA120,CDP-Diacylglycerol pyrophostatase (n-C12:0),Cytoplasmic,Glycerophospholipid Metabolism,90.13177273,b3918,28451.0,2380.36255,1,[28451.0],[2380.36255],['Cytoplasmic'],[1]
2191,PSSA120,Phosphatidylserine syntase (n-C12:0),Cytoplasmic,Glycerophospholipid Metabolism,1.0,b2585,52802.0,0,0,[52802.0],[0.0],['Cytoplasmic'],[0]
2192,PSD120,Phosphatidylserine decarboxylase (n-C12:0),Cytoplasmic,Glycerophospholipid Metabolism,75.042,b4160,35934.0,0,0,[35934.0],[0.0],['Cytoplasmic'],[0]
2193,PAPA120,Phosphatidate phosphatase (n-C12:0),Inner Membrane,Glycerophospholipid Metabolism,152.0,b1278,29021.0,13420.77866,6,[29021.0],[13420.77866],['Inner Membrane'],[6]
2194,EX_cpgn_un_e_f,Coprogen unloaded (no Fe(III)) exchange,Exchange,Extracellular exchange,nan,,0,0,0,[0],[0],['Exchange'],[0]
2195,MDDEP1pp,"Murein D,D-endopeptidase (murein4px4p) (periplasm)",Cytoplasmic,Murein Recycling,1.41,b3182 or b2328 or b2134 or b1655 or b1856 or b2175 or b0376,21040.0,0.0,0,"[51798.0, 30137.0, 33887.0, 29917.0, 49058.0, 21040.0, 41849.0]","[0.0, 0.0, 0.0, 0.0, 2229.909091, 0.0, 0.0]","['Cytoplasmic', 'Cytoplasmic', 'Cytoplasmic', 'Cytoplasmic', 'Inner Membrane', 'Cytoplasmic', 'Cytoplasmic']","[0, 0, 0, 0, 1, 0, 0]"
2196,MDDEP2pp,"Murein D,D-endopeptidase (murein3px4p) (periplasm)",Cytoplasmic,Murein Recycling,1.41,b3182 or b2328 or b2134 or b1655 or b1856 or b2175 or b0376,21040.0,0.0,0,"[51798.0, 30137.0, 33887.0, 29917.0, 49058.0, 21040.0, 41849.0]","[0.0, 0.0, 0.0, 0.0, 2229.909091, 0.0, 0.0]","['Cytoplasmic', 'Cytoplasmic', 'Cytoplasmic', 'Cytoplasmic', 'Inner Membrane', 'Cytoplasmic', 'Cytoplasmic']","[0, 0, 0, 0, 1, 0, 0]"
2197,PSD181,Phosphatidylserine decarboxylase (n-C18:1),Cytoplasmic,Glycerophospholipid Metabolism,75.042,b4160,35934.0,0,0,[35934.0],[0.0],['Cytoplasmic'],[0]
2198,DAGK180,Diacylglycerol kinase (n-C18:0),Inner Membrane,Glycerophospholipid Metabolism,10.40333333,b4042,13245.0,6458.305785,3,[13245.0],[6458.305785],['Inner Membrane'],[3]
2199,DAGK181,Diacylglycerol kinase (n-C18:1),Inner Membrane,Glycerophospholipid Metabolism,10.40333333,b4042,13245.0,6458.305785,3,[13245.0],[6458.305785],['Inner Membrane'],[3]
2200,PLIPA2E120pp,"Phospholipase A2 (phosphatidylethanolamine, n-C12:0) (periplasm)",Cytoplasmic,Glycerophospholipid Metabolism,2.48,b3821,33163.0,17875.96654,12,[33163.0],[17875.96654],['Cytoplasmic'],[12]
2201,PLIPA2G141pp,"Phospholipase A2 (phosphatidylglycerol, n-C14:1) (periplasm)",Cytoplasmic,Glycerophospholipid Metabolism,2.48,b3821,33163.0,17875.96654,12,[33163.0],[17875.96654],['Cytoplasmic'],[12]
2202,PLIPA2G161pp,"Phospholipase A2 (phosphatidylglycerol, n-C16:1) (periplasm)",Cytoplasmic,Glycerophospholipid Metabolism,2.48,b3821,33163.0,17875.96654,12,[33163.0],[17875.96654],['Cytoplasmic'],[12]
2203,LPLIPAL1A120pp,"Lysophospholipase L1 (2-acylglycerophosphotidate, n-C12:0) (periplasm)",Cytoplasmic,Glycerophospholipid Metabolism,1016.0,b0494,23622.0,0,0,[23622.0],[0.0],['Cytoplasmic'],[0]
2204,LPLIPAL1A140pp,"Lysophospholipase L1 (2-acylglycerophosphotidate, n-C14:0) (periplasm)",Cytoplasmic,Glycerophospholipid Metabolism,1016.0,b0494,23622.0,0,0,[23622.0],[0.0],['Cytoplasmic'],[0]
2205,LPLIPAL1A181pp,"Lysophospholipase L1 (2-acylglycerophosphotidate, n-C18:1) (periplasm)",Cytoplasmic,Glycerophospholipid Metabolism,1016.0,b0494,23622.0,0,0,[23622.0],[0.0],['Cytoplasmic'],[0]
2206,LPLIPAL1E120pp,"Lysophospholipase L1 (2-acylglycerophosphoethanolamine, n-C12:0) (periplasm)",Cytoplasmic,Glycerophospholipid Metabolism,1016.0,b0494,23622.0,0,0,[23622.0],[0.0],['Cytoplasmic'],[0]
2207,3OAR180_f,3-oxoacyl-[acyl-carrier-protein] reductase (n-C18:0),Cytoplasmic,Cell Envelope Biosynthesis,99.3,b1093,25560.0,0,0,[25560.0],[0.0],['Cytoplasmic'],[0]
2208,G3PAT120,Glycerol-3-phosphate acyltransferase (C12:0),Cytoplasmic,Glycerophospholipid Metabolism,166.8,b1094 and b4041,100021.0,0,0,[100021.0],[0.0],['Cytoplasmic'],[0]
2209,PGSA120,Phosphatidylglycerol synthase (n-C12:0),Inner Membrane,Glycerophospholipid Metabolism,1.0,b1912,20701.0,10293.31492,4,[20701.0],[10293.31492],['Inner Membrane'],[4]
2210,TDSR2,Thiol:disulfide reductase (DsbG),Inner Membrane,"Transport, Inner Membrane",1.40385,b0604 and b4136,89290.0,19013.84615,8,[89290.0],[19013.84615],['Inner Membrane'],[8]
2211,GTHRDtex_f,Glutathione transport via diffusion (extracellular to periplasm),Cytoplasmic,"Transport, Outer Membrane Porin",100000000.0,b0241 or b0929 or b1377 or b2215,38922.0,0.0,0,"[38922.0, 39333.0, 41220.0, 40368.0]","[0.0, 21633.15, 0.0, 17383.90751]","['Cytoplasmic', 'Cytoplasmic', 'Cytoplasmic', 'Cytoplasmic']","[0, 17, 0, 16]"
2212,GTHRDabc2pp,Glutathione export via ABC system (cytoplasm to periplasm),Inner Membrane,"Transport, Inner Membrane",22.0,b0886 and b0887,127976.0,27776.38295,12,[127976.0],[27776.38295],['Inner Membrane'],[12]
2213,OMMBLHX3,"2-Octaprenyl-3-methyl-6-methoxy-1,4-benzoquinol hydroxylase (anaerobic)",Cytoplasmic,Cofactor and Prosthetic Group Biosynthesis,nan,,0,0,0,[0],[0],['Cytoplasmic'],[0]
2214,NADHPO,NADH peroxidase,Cytoplasmic,Unassigned,1.1,b0606 and b0605,76938.0,0,0,[76938.0],[0.0],['Cytoplasmic'],[0]
2215,ACOAD7f_f,Acyl-CoA dehydrogenase (hexadecanoyl-CoA),Inner Membrane,Membrane Lipid Metabolism,2.3825,b0221,89224.0,15130.90333,3,[89224.0],[15130.90333],['Inner Membrane'],[3]
2216,ACOAD8f_f,Acyl-CoA dehydrogenase (octadecanoyl-CoA),Inner Membrane,Membrane Lipid Metabolism,5.13,b0221,89224.0,15130.90333,3,[89224.0],[15130.90333],['Inner Membrane'],[3]
2217,ACOAD5f_f,Acyl-CoA dehydrogenase (dodecanoyl-CoA),Inner Membrane,Membrane Lipid Metabolism,9.17,b0221,89224.0,15130.90333,3,[89224.0],[15130.90333],['Inner Membrane'],[3]
2218,ACOAD3f_f,Acyl-CoA dehydrogenase (octanoyl-CoA),Inner Membrane,Membrane Lipid Metabolism,9.625,b0221,89224.0,15130.90333,3,[89224.0],[15130.90333],['Inner Membrane'],[3]
2219,ACOAD2f_f,Acyl-CoA dehydrogenase (hexanoyl-CoA),Inner Membrane,Membrane Lipid Metabolism,4700.0,b0221,89224.0,15130.90333,3,[89224.0],[15130.90333],['Inner Membrane'],[3]
2220,ACOAD4f_f,Acyl-CoA dehydrogenase (decanoyl-CoA),Inner Membrane,Membrane Lipid Metabolism,782.8622222,b0221,89224.0,15130.90333,3,[89224.0],[15130.90333],['Inner Membrane'],[3]
2221,ACOAD6f_f,Acyl-CoA dehydrogenase (tetradecanoyl-CoA),Inner Membrane,Membrane Lipid Metabolism,5.556666667,b0221,89224.0,15130.90333,3,[89224.0],[15130.90333],['Inner Membrane'],[3]
2222,NADH16pp,NADH dehydrogenase (ubiquinone-8 & 3 protons) (periplasm),Inner Membrane,Oxidative Phosphorylation,767.5,b2279 and b2277 and b2284 and b2282 and b2278 and b2288 and b2276 and b2287 and b2283 and b2281 and b2286 and b2280 and b2285,540414.0,138491.57336,61,[540414.0],[138491.57336],['Inner Membrane'],[61]
2223,NADH18pp,NADH dehydrogenase (demethylmenaquinone-8 & 3 protons) (periplasm),Inner Membrane,Oxidative Phosphorylation,767.5,b2279 and b2277 and b2284 and b2282 and b2278 and b2288 and b2276 and b2287 and b2283 and b2281 and b2286 and b2280 and b2285,540414.0,138491.57336,61,[540414.0],[138491.57336],['Inner Membrane'],[61]
2224,EX_tartr__D_e_f,D-tartrate exchange,Exchange,Extracellular exchange,nan,,0,0,0,[0],[0],['Exchange'],[0]
2225,GLYBt2pp,Glycine betaine transport via proton symport (periplasm),Inner Membrane,"Transport, Inner Membrane",22.0,b1801 or b4111,52881.0,23087.33888,10,"[52881.0, 54846.0]","[23087.33888, 27642.384]","['Inner Membrane', 'Inner Membrane']","[10, 12]"
2226,DSERt2pp,D-serine transport in via proton symport (periplasm),Inner Membrane,"Transport, Inner Membrane",22.0,b4208,51660.0,27698.55319,12,[51660.0],[27698.55319],['Inner Membrane'],[12]
2227,ALAt4pp,L-alanine transport in via sodium symport (periplasm),Inner Membrane,"Transport, Inner Membrane",22.0,b0007,51663.0,22792.5,10,[51663.0],[22792.5],['Inner Membrane'],[10]
2228,LYSt3pp,L-lysine transport out via proton antiport (cytoplasm to periplasm),Inner Membrane,"Transport, Inner Membrane",22.0,b2923 or b0874,23176.0,14608.56872,5,"[23176.0, 32340.0]","[14608.56872, 18170.9699]","['Inner Membrane', 'Inner Membrane']","[5, 8]"
2229,EX_tungs_e_f,Tungstate exchange,Exchange,Extracellular exchange,nan,,0,0,0,[0],[0],['Exchange'],[0]
2230,CTBTCAL2,Crotonobetaine-CoA Ligase,Cytoplasmic,Oxidative Phosphorylation,11.5895,b0037,58559.0,0,0,[58559.0],[0.0],['Cytoplasmic'],[0]
2231,BGLA1,6-phospho-beta-glucosidase,Cytoplasmic,Alternate Carbon Metabolism,170.0,b1734 or b2716 or b3721,50513.0,0,0,"[50513.0, 53935.0, 53161.0]","[0.0, 0.0, 0.0]","['Cytoplasmic', 'Cytoplasmic', 'Cytoplasmic']","[0, 0, 0]"
2232,EX_crn__D_e_f,D-carnitine exchange,Exchange,Extracellular exchange,nan,,0,0,0,[0],[0],['Exchange'],[0]
2233,GDPMNP,GDP-mannose phyrophosphatase,Cytoplasmic,Cell Envelope Biosynthesis,151.0,b2467,21749.0,0,0,[21749.0],[0.0],['Cytoplasmic'],[0]
2234,OPHHX3,2-Octaprenylphenol hydroxylase (anaerobic),Cytoplasmic,Cofactor and Prosthetic Group Biosynthesis,nan,,0,0,0,[0],[0],['Cytoplasmic'],[0]
2235,AMMQLT8,S-adenosylmethione:2-demthylmenaquinole methyltransferase (menaquinone 8),Cytoplasmic,Cofactor and Prosthetic Group Biosynthesis,0.0524684,b3833,28073.0,0,0,[28073.0],[0.0],['Cytoplasmic'],[0]
2236,FA120ACPHi,Fatty-acyl-ACP hydrolase,Cytoplasmic,Cell Envelope Biosynthesis,0.004,b0404,22961.0,0,0,[22961.0],[0.0],['Cytoplasmic'],[0]
2237,FA80ACPHi,Fatty-acyl-ACP hydrolase,Cytoplasmic,Cell Envelope Biosynthesis,0.004,b0404,22961.0,0,0,[22961.0],[0.0],['Cytoplasmic'],[0]
2238,FA140ACPHi,Fatty-acyl-ACP hydrolase,Cytoplasmic,Cell Envelope Biosynthesis,0.004,b0404,22961.0,0,0,[22961.0],[0.0],['Cytoplasmic'],[0]
2239,FA100ACPHi,Fatty-acyl-ACP hydrolase,Cytoplasmic,Cell Envelope Biosynthesis,0.004,b0404,22961.0,0,0,[22961.0],[0.0],['Cytoplasmic'],[0]
2240,CRNDCAL2,D-Carnitine-CoA Ligase,Cytoplasmic,Oxidative Phosphorylation,11.5895,b0037,58559.0,0,0,[58559.0],[0.0],['Cytoplasmic'],[0]
2241,CRNCAL2,Carnitine-CoA Ligase,Cytoplasmic,Oxidative Phosphorylation,11.5895,b0037,58559.0,0,0,[58559.0],[0.0],['Cytoplasmic'],[0]
2242,CHLt2pp,Choline transport via proton symport (periplasm),Inner Membrane,"Transport, Inner Membrane",22.0,b0314 or b1801,52881.0,23087.33888,10,"[75842.0, 52881.0]","[28230.70015, 23087.33888]","['Inner Membrane', 'Inner Membrane']","[12, 10]"
2243,GLYt4pp,Glycine transport in via sodium symport (periplasm),Inner Membrane,"Transport, Inner Membrane",22.0,b0007,51663.0,22792.5,10,[51663.0],[22792.5],['Inner Membrane'],[10]
2244,FRULYSE_f,Fructoselysine 3-epimerase,Cytoplasmic,Alternate Carbon Metabolism,9201.8125,b4474,31169.0,0,0,[31169.0],[0.0],['Cytoplasmic'],[0]
2245,FRULYSt2pp,Fructoselysine transport via proton symport (periplasm),Inner Membrane,"Transport, Inner Membrane",22.0,b3370,47577.0,26835.56629,12,[47577.0],[26835.56629],['Inner Membrane'],[12]
2246,EX_psclys_e_f,Psicoselysine exchange,Exchange,Extracellular exchange,nan,,0,0,0,[0],[0],['Exchange'],[0]
2247,TUNGStex_f,Tungstate transport via diffusion (extracellular to periplasm),Cytoplasmic,"Transport, Outer Membrane Porin",100000000.0,b0929 or b2215 or b1377 or b0241,38922.0,0.0,0,"[39333.0, 40368.0, 41220.0, 38922.0]","[21633.15, 17383.90751, 0.0, 0.0]","['Cytoplasmic', 'Cytoplasmic', 'Cytoplasmic', 'Cytoplasmic']","[17, 16, 0, 0]"
2248,COBALT2tpp,Cobalt transport in via permease (no H+),Inner Membrane,Inorganic Ion Transport and Metabolism,22.0,b3040 or b3816,26485.0,17313.15175,8,"[26485.0, 36590.0]","[17313.15175, 4863.227848]","['Inner Membrane', 'Inner Membrane']","[8, 2]"
2249,OXCDC,Oxalyl-CoA decarboxylase,Cytoplasmic,Alternate Carbon Metabolism,60.7,b2373,60581.0,0,0,[60581.0],[0.0],['Cytoplasmic'],[0]
2250,LPLIPAL2A140,"Lysophospholipase L2 (2-acylglycerophosphotidate, n-C14:0)",Cytoplasmic,Glycerophospholipid Metabolism,1016.0,b3825,38978.0,0,0,[38978.0],[0.0],['Cytoplasmic'],[0]
2251,LPLIPAL2A160,"Lysophospholipase L2 (2-acylglycerophosphotidate, n-C16:0)",Cytoplasmic,Glycerophospholipid Metabolism,1016.0,b3825,38978.0,0,0,[38978.0],[0.0],['Cytoplasmic'],[0]
2252,LPLIPAL2A161,"Lysophospholipase L2 (2-acylglycerophosphotidate, n-C16:1)",Cytoplasmic,Glycerophospholipid Metabolism,1016.0,b3825,38978.0,0,0,[38978.0],[0.0],['Cytoplasmic'],[0]
2253,LPLIPAL2A180,"Lysophospholipase L2 (2-acylglycerophosphotidate, n-C18:0)",Cytoplasmic,Glycerophospholipid Metabolism,1016.0,b3825,38978.0,0,0,[38978.0],[0.0],['Cytoplasmic'],[0]
2254,LPLIPAL2A181,"Lysophospholipase L2 (2-acylglycerophosphotidate, n-C18:1)",Cytoplasmic,Glycerophospholipid Metabolism,1016.0,b3825,38978.0,0,0,[38978.0],[0.0],['Cytoplasmic'],[0]
2255,DM_aacald_c,Sink needed to allow aminoacetaldehyde to leave system,Cytoplasmic,Intracellular demand,nan,,0,0,0,[0],[0],['Cytoplasmic'],[0]
2256,UM3PL,UDP-N-acetylmuramate:L-alanyl-gamma-D-glutamyl-meso-diaminopimelate ligase,Cytoplasmic,Murein Recycling,4.83,b4233,49874.0,0,0,[49874.0],[0.0],['Cytoplasmic'],[0]
2257,UM4PL,UDP-N-acetylmuramate:L-alanyl-gamma-D-glutamyl-meso-diaminopimelate-D-alanine ligase,Cytoplasmic,Murein Recycling,4.83,b4233,49874.0,0,0,[49874.0],[0.0],['Cytoplasmic'],[0]
2258,2MAHMP,2-Methyl-4-amino-5-hydroxymethylpyrimidine diphosphatase,Cytoplasmic,Cofactor and Prosthetic Group Biosynthesis,90.13177273,b0446 or b1134,17433.0,0.0,0,"[30371.0, 17433.0]","[0.0, 0.0]","['Cytoplasmic', 'Cytoplasmic']","[0, 0]"
2259,ZN2tpp,Zinc transport in via permease (no H+),Inner Membrane,Inorganic Ion Transport and Metabolism,22.0,b3040,26485.0,17313.15175,8,[26485.0],[17313.15175],['Inner Membrane'],[8]
2260,NI2tpp,Nickel (+2) transport in via permease (no H+),Inner Membrane,Inorganic Ion Transport and Metabolism,22.0,b3816,36590.0,4863.227848,2,[36590.0],[4863.227848],['Inner Membrane'],[2]
2261,COBALT2t3pp,Cobalt (Co+2) transport out via proton antiport (periplasm),Inner Membrane,Inorganic Ion Transport and Metabolism,22.0,b0752 or b3915,32927.0,11304.93667,6,"[34678.0, 32927.0]","[13959.83387, 11304.93667]","['Inner Membrane', 'Inner Membrane']","[6, 6]"
2262,23DAPPAt2pp,"2,3-diaminopropionate transport in via proton symport",Cytoplasmic,"Transport, Inner Membrane",nan,,0,0,0,[0],[0],['Cytoplasmic'],[0]
2263,PLIPA1A120pp,"Phospholipase A1 (phosphatidate, n-C12:0) (periplasm)",Cytoplasmic,Glycerophospholipid Metabolism,1.1,b3821,33163.0,17875.96654,12,[33163.0],[17875.96654],['Cytoplasmic'],[12]
2264,PLIPA1A140pp,"Phospholipase A1 (phosphatidate, n-C14:0) (periplasm)",Cytoplasmic,Glycerophospholipid Metabolism,1.1,b3821,33163.0,17875.96654,12,[33163.0],[17875.96654],['Cytoplasmic'],[12]
2265,PLIPA1A141pp,"Phospholipase A1 (phosphatidate, n-C14:1) (periplasm)",Cytoplasmic,Glycerophospholipid Metabolism,1.1,b3821,33163.0,17875.96654,12,[33163.0],[17875.96654],['Cytoplasmic'],[12]
2266,PLIPA1A160pp,"Phospholipase A1 (phosphatidate, n-C16:0) (periplasm)",Cytoplasmic,Glycerophospholipid Metabolism,1.1,b3821,33163.0,17875.96654,12,[33163.0],[17875.96654],['Cytoplasmic'],[12]
2267,PLIPA1A161pp,"Phospholipase A1 (phosphatidate, n-C16:1) (periplasm)",Cytoplasmic,Glycerophospholipid Metabolism,2.48,b3821,33163.0,17875.96654,12,[33163.0],[17875.96654],['Cytoplasmic'],[12]
2268,PLIPA1A180pp,"Phospholipase A1 (phosphatidate, n-C18:0) (periplasm)",Cytoplasmic,Glycerophospholipid Metabolism,1.1,b3821,33163.0,17875.96654,12,[33163.0],[17875.96654],['Cytoplasmic'],[12]
2269,LPLIPAL2A120,"Lysophospholipase L2 (2-acylglycerophosphotidate, n-C12:0)",Cytoplasmic,Glycerophospholipid Metabolism,1016.0,b3825,38978.0,0,0,[38978.0],[0.0],['Cytoplasmic'],[0]
2270,CAt6pp_f,Calcium / sodium antiporter (1:1),Inner Membrane,Inorganic Ion Transport and Metabolism,22.0,b3196,34741.0,22448.03077,10,[34741.0],[22448.03077],['Inner Membrane'],[10]
2271,5DGLCNt2rpp_f,"5-Dehydro-D-gluconate transport via proton symport, reversible (periplasm)",Inner Membrane,"Transport, Inner Membrane",22.0,b4265,46041.0,28107.03417,12,[46041.0],[28107.03417],['Inner Membrane'],[12]
2272,GALCTNt2pp,D-galactonate transport via proton symport (periplasm),Inner Membrane,"Transport, Inner Membrane",22.0,b3691,47077.0,28574.64419,12,[47077.0],[28574.64419],['Inner Membrane'],[12]
2273,GALCTNLtex_f,L-galactonate transport via diffusion (extracellular to periplasm),Cytoplasmic,"Transport, Outer Membrane Porin",100000000.0,b2215 or b1377 or b0929 or b0241,38922.0,0.0,0,"[40368.0, 41220.0, 39333.0, 38922.0]","[17383.90751, 0.0, 21633.15, 0.0]","['Cytoplasmic', 'Cytoplasmic', 'Cytoplasmic', 'Cytoplasmic']","[16, 0, 17, 0]"
2274,EX_galctn__L_e_f,L-Galactonate exchange,Exchange,Extracellular exchange,nan,,0,0,0,[0],[0],['Exchange'],[0]
2275,KDUI,5-keto-4-deoxyuronate isomerase,Cytoplasmic,Cell Envelope Biosynthesis,1265.461667,b2843,31076.0,0,0,[31076.0],[0.0],['Cytoplasmic'],[0]
2276,CA2t3pp,Calcium (Ca+2) transport out via proton antiport (periplasm),Inner Membrane,Inorganic Ion Transport and Metabolism,22.0,b1216,39168.0,24720.78689,11,[39168.0],[24720.78689],['Inner Membrane'],[11]
2277,NADH17pp,NADH dehydrogenase (menaquinone-8 & 3 protons) (periplasm),Inner Membrane,Oxidative Phosphorylation,767.5,b2279 and b2277 and b2284 and b2282 and b2278 and b2288 and b2276 and b2287 and b2283 and b2281 and b2286 and b2280 and b2285,540414.0,138491.57336,61,[540414.0],[138491.57336],['Inner Membrane'],[61]
2278,FA161ACPHi,Fatty-acyl-ACP hydrolase,Cytoplasmic,Cell Envelope Biosynthesis,0.004,b0404,22961.0,0,0,[22961.0],[0.0],['Cytoplasmic'],[0]
2279,FA141ACPHi,Fatty-acyl-ACP hydrolase,Cytoplasmic,Cell Envelope Biosynthesis,0.004,b0404,22961.0,0,0,[22961.0],[0.0],['Cytoplasmic'],[0]
2280,ARGt3pp,L-arginine transport out via proton antiport (cytoplasm to periplasm),Inner Membrane,"Transport, Inner Membrane",22.0,b2923,23176.0,14608.56872,5,[23176.0],[14608.56872],['Inner Membrane'],[5]
2281,FA160ACPHi,Fatty-acyl-ACP hydrolase,Cytoplasmic,Cell Envelope Biosynthesis,0.004,b0404,22961.0,0,0,[22961.0],[0.0],['Cytoplasmic'],[0]
2282,MALDtex_f,D-Malate transport via diffusion (extracellular to periplasm),Cytoplasmic,"Transport, Outer Membrane Porin",100000000.0,b1377 or b2215 or b0241 or b0929,38922.0,0.0,0,"[41220.0, 40368.0, 38922.0, 39333.0]","[0.0, 17383.90751, 0.0, 21633.15]","['Cytoplasmic', 'Cytoplasmic', 'Cytoplasmic', 'Cytoplasmic']","[0, 16, 0, 17]"
2283,OROTtex_f,Orotate transport via diffusion (extracellular to periplasm),Cytoplasmic,"Transport, Outer Membrane Porin",100000000.0,b1377 or b0929 or b2215 or b0241,38922.0,0.0,0,"[41220.0, 39333.0, 40368.0, 38922.0]","[0.0, 21633.15, 17383.90751, 0.0]","['Cytoplasmic', 'Cytoplasmic', 'Cytoplasmic', 'Cytoplasmic']","[0, 17, 16, 0]"
2284,PPAt4pp,Na+/Propionate symporter (periplasm),Inner Membrane,"Transport, Inner Membrane",22.0,b1015,54344.0,29553.60956,13,[54344.0],[29553.60956],['Inner Membrane'],[13]
2285,OROTt2_2pp,Orotate transport via proton symport (2 H) (periplasm),Inner Membrane,"Transport, Inner Membrane",22.0,b3528,45436.0,19002.43925,8,[45436.0],[19002.43925],['Inner Membrane'],[8]
2286,MALDt2_2pp,D-Malate transport via proton symport (2 H) (periplasm),Inner Membrane,"Transport, Inner Membrane",22.0,b3528,45436.0,19002.43925,8,[45436.0],[19002.43925],['Inner Membrane'],[8]
2287,5DGLCNtex_f,5-Dehydro-D-gluconate transport via diffusion (extracellular to periplasm),Cytoplasmic,"Transport, Outer Membrane Porin",100000000.0,b1377 or b0241 or b0929 or b2215,38922.0,0.0,0,"[41220.0, 38922.0, 39333.0, 40368.0]","[0.0, 0.0, 21633.15, 17383.90751]","['Cytoplasmic', 'Cytoplasmic', 'Cytoplasmic', 'Cytoplasmic']","[0, 0, 17, 16]"
2288,EX_5dglcn_e_f,5-Dehydro-D-gluconate exchange,Exchange,Extracellular exchange,nan,,0,0,0,[0],[0],['Exchange'],[0]
2289,DTARTD,D(-)-tartrate dehydratase,Cytoplasmic,Alternate Carbon Metabolism,1149.5,b4122,60105.0,0,0,[60105.0],[0.0],['Cytoplasmic'],[0]
2290,PLIPA2E161pp,"Phospholipase A2 (phosphatidylethanolamine, n-C16:1) (periplasm)",Cytoplasmic,Glycerophospholipid Metabolism,2.48,b3821,33163.0,17875.96654,12,[33163.0],[17875.96654],['Cytoplasmic'],[12]
2291,PLIPA2E180pp,"Phospholipase A2 (phosphatidylethanolamine, n-C18:0) (periplasm)",Cytoplasmic,Glycerophospholipid Metabolism,2.48,b3821,33163.0,17875.96654,12,[33163.0],[17875.96654],['Cytoplasmic'],[12]
2292,PLIPA2G120pp,"Phospholipase A2 (phosphatidylglycerol, n-C12:0) (periplasm)",Cytoplasmic,Glycerophospholipid Metabolism,2.48,b3821,33163.0,17875.96654,12,[33163.0],[17875.96654],['Cytoplasmic'],[12]
2293,PLIPA2G180pp,"Phospholipase A2 (phosphatidylglycerol, n-C18:0) (periplasm)",Cytoplasmic,Glycerophospholipid Metabolism,2.48,b3821,33163.0,17875.96654,12,[33163.0],[17875.96654],['Cytoplasmic'],[12]
2294,LPLIPAL1A161pp,"Lysophospholipase L1 (2-acylglycerophosphotidate, n-C16:1) (periplasm)",Cytoplasmic,Glycerophospholipid Metabolism,1016.0,b0494,23622.0,0,0,[23622.0],[0.0],['Cytoplasmic'],[0]
2295,LPLIPAL1A160pp,"Lysophospholipase L1 (2-acylglycerophosphotidate, n-C16:0) (periplasm)",Cytoplasmic,Glycerophospholipid Metabolism,1016.0,b0494,23622.0,0,0,[23622.0],[0.0],['Cytoplasmic'],[0]
2296,PSCLYSt2pp,Psicoselysine transport via proton symport (periplasm),Inner Membrane,"Transport, Inner Membrane",22.0,b3370,47577.0,26835.56629,12,[47577.0],[26835.56629],['Inner Membrane'],[12]
2297,LYSt2pp,L-lysine transport in via proton symport (periplasm),Inner Membrane,"Transport, Inner Membrane",22.0,b2156,53576.0,27666.29508,12,[53576.0],[27666.29508],['Inner Membrane'],[12]
2298,GLYt2pp,Glycine transport in via proton symport (periplasm),Inner Membrane,"Transport, Inner Membrane",22.0,b1801 or b4208,51660.0,27698.55319,12,"[52881.0, 51660.0]","[23087.33888, 27698.55319]","['Inner Membrane', 'Inner Membrane']","[10, 12]"
2299,ALAt2pp,L-alanine transport in via proton symport (periplasm),Inner Membrane,"Transport, Inner Membrane",22.0,b4208 or b4130,51660.0,27698.55319,12,"[51660.0, 53055.0]","[27698.55319, 32598.74227]","['Inner Membrane', 'Inner Membrane']","[12, 14]"
2300,BALAt2pp,Beta-alanine transport in via proton symport (periplasm),Inner Membrane,"Transport, Inner Membrane",22.0,b4208,51660.0,27698.55319,12,[51660.0],[27698.55319],['Inner Membrane'],[12]
2301,DALAt2pp,D-alanine transport in via proton symport (periplasm),Inner Membrane,"Transport, Inner Membrane",22.0,b4208,51660.0,27698.55319,12,[51660.0],[27698.55319],['Inner Membrane'],[12]
2302,FE2tpp,Iron (+2) transport in via permease (no H+),Inner Membrane,Inorganic Ion Transport and Metabolism,22.0,b3040,26485.0,17313.15175,8,[26485.0],[17313.15175],['Inner Membrane'],[8]
2303,MN2tpp,Manganese transport in via permease (no H+),Inner Membrane,Inorganic Ion Transport and Metabolism,22.0,b3040,26485.0,17313.15175,8,[26485.0],[17313.15175],['Inner Membrane'],[8]
2304,MG2tpp,Magnesium (+2) transport in via diffusion,Inner Membrane,Inorganic Ion Transport and Metabolism,100000000.0,b3816,36590.0,4863.227848,2,[36590.0],[4863.227848],['Inner Membrane'],[2]
2305,NI2t3pp,Nickle (Ni+2) transport out via proton antiport (periplasm),Inner Membrane,Inorganic Ion Transport and Metabolism,22.0,b3915 or b0752,32927.0,11304.93667,6,"[32927.0, 34678.0]","[11304.93667, 13959.83387]","['Inner Membrane', 'Inner Membrane']","[6, 6]"
2306,PPAtex_f,Propionate transport via diffusion,Cytoplasmic,"Transport, Outer Membrane Porin",100000000.0,b0241 or b1377 or b0929 or b2215,38922.0,0.0,0,"[38922.0, 41220.0, 39333.0, 40368.0]","[0.0, 0.0, 21633.15, 17383.90751]","['Cytoplasmic', 'Cytoplasmic', 'Cytoplasmic', 'Cytoplasmic']","[0, 0, 17, 16]"
2307,GALCTNLt2pp,L-galactonate transport via proton symport (periplasm),Inner Membrane,"Transport, Inner Membrane",22.0,b4356,49440.0,25211.12583,11,[49440.0],[25211.12583],['Inner Membrane'],[11]
2308,GALCTLO,L-galactonate oxidoreductase,Cytoplasmic,Alternate Carbon Metabolism,76.08846667,b4358,36448.0,0,0,[36448.0],[0.0],['Cytoplasmic'],[0]
2309,THYMt3pp,Thymine transport out via proton antiport (periplasm),Cytoplasmic,"Transport, Inner Membrane",nan,,0,0,0,[0],[0],['Cytoplasmic'],[0]
2310,PSCLYStex_f,Psicoselysine transporter via diffusion (extracellular),Cytoplasmic,"Transport, Outer Membrane Porin",100000000.0,b0929 or b2215 or b1377 or b0241,38922.0,0.0,0,"[39333.0, 40368.0, 41220.0, 38922.0]","[21633.15, 17383.90751, 0.0, 0.0]","['Cytoplasmic', 'Cytoplasmic', 'Cytoplasmic', 'Cytoplasmic']","[17, 16, 0, 0]"
2311,THYMtex_f,Thymine transport via diffusion (extracellular to periplasm),Cytoplasmic,"Transport, Outer Membrane Porin",100000000.0,b0241 or b1377 or b2215 or b0929,38922.0,0.0,0,"[38922.0, 41220.0, 40368.0, 39333.0]","[0.0, 0.0, 17383.90751, 21633.15]","['Cytoplasmic', 'Cytoplasmic', 'Cytoplasmic', 'Cytoplasmic']","[0, 0, 16, 17]"
2312,CU2tpp,Copper transport in via permease (no H+),Inner Membrane,Inorganic Ion Transport and Metabolism,22.0,b3040,26485.0,17313.15175,8,[26485.0],[17313.15175],['Inner Membrane'],[8]
2313,FE2t3pp,Iron (Fe+2) transport out via proton antiport (periplasm),Inner Membrane,Inorganic Ion Transport and Metabolism,22.0,b3915,32927.0,11304.93667,6,[32927.0],[11304.93667],['Inner Membrane'],[6]
2314,MN2t3pp,Manganese (Mn+2) transport out via proton antiport (periplasm),Inner Membrane,Inorganic Ion Transport and Metabolism,22.0,b3915 or b0752,32927.0,11304.93667,6,"[32927.0, 34678.0]","[11304.93667, 13959.83387]","['Inner Membrane', 'Inner Membrane']","[6, 6]"
2315,MG2t3_2pp_f,Magnesium (Mg+2) transport in/out via proton antiport (periplasm),Cytoplasmic,Inorganic Ion Transport and Metabolism,nan,,0,0,0,[0],[0],['Cytoplasmic'],[0]
2316,CD2tpp,Cadmium (+2) transport in via permease (no H+),Inner Membrane,Inorganic Ion Transport and Metabolism,22.0,b3040,26485.0,17313.15175,8,[26485.0],[17313.15175],['Inner Membrane'],[8]
2317,ETHAt2pp,Ethanolamine transport in via proton symport,Cytoplasmic,"Transport, Inner Membrane",nan,,0,0,0,[0],[0],['Cytoplasmic'],[0]
2318,FE3abcpp,Iron (III) transport via ABC system (periplasm to cytoplasm),Cytoplasmic,Inorganic Ion Transport and Metabolism,nan,,0,0,0,[0],[0],['Cytoplasmic'],[0]
2319,THRA,Threonine aldolase,Cytoplasmic,Threonine and Lysine Metabolism,1.87,b2551 or b0870,36495.0,0.0,0,"[45317.0, 36495.0]","[0.0, 0.0]","['Cytoplasmic', 'Cytoplasmic']","[0, 0]"
2320,XYLK2,L-xylulokinase,Cytoplasmic,Alternate Carbon Metabolism,35.42,b0063 or b3580,55155.0,0.0,0,"[61089.0, 55155.0]","[0.0, 0.0]","['Cytoplasmic', 'Cytoplasmic']","[0, 0]"
2321,GLDBRAN2,Glycogen debranching enzyme (bglycogen -> glycogen),Cytoplasmic,Glycolysis/Gluconeogenesis,40.46666667,b3431,73577.0,0,0,[73577.0],[0.0],['Cytoplasmic'],[0]
2322,CLt3_2pp,Chloride transport out via proton antiport (2:1) (periplasm),Inner Membrane,Inorganic Ion Transport and Metabolism,22.0,b0155,50349.0,24056.81607,10,[50349.0],[24056.81607],['Inner Membrane'],[10]
2323,EX_ppal_e_f,Propanal exchange,Exchange,Extracellular exchange,nan,,0,0,0,[0],[0],['Exchange'],[0]
2324,POR5_f,Pyruvate synthase,Cytoplasmic,Pyruvate Metabolism,10.84975,(b1378 and b0684) or (b1378 and b2895),148524.0,0.0,0,"[148561.0, 148524.0]","[0.0, 0.0]","['Cytoplasmic', 'Cytoplasmic']","[0, 0]"
2325,HACD8_f,"3-hydroxyacyl-CoA dehydrogenase (3-oxooctadecanoyl-CoA), peroxisomal",Cytoplasmic,Membrane Lipid Metabolism,229.0,b3846 or b2341,77072.0,0.0,0,"[79594.0, 77072.0]","[0.0, 0.0]","['Cytoplasmic', 'Cytoplasmic']","[0, 0]"
2326,CTECOAI8_f,3-cis-2-trans-enoyl-CoA isomerase,Cytoplasmic,Membrane Lipid Metabolism,63.0,b3846,79594.0,0,0,[79594.0],[0.0],['Cytoplasmic'],[0]
2327,CTECOAI6_f,3-cis-2-trans-enoyl-CoA isomerase,Cytoplasmic,Membrane Lipid Metabolism,63.0,b3846,79594.0,0,0,[79594.0],[0.0],['Cytoplasmic'],[0]
2328,MTHTHFSs,"(2R,4S)-2-methyl-2,3,3,4-tetrahydroxytetrahydrofuran synthesis (spontaneous)",Inner Membrane,Methionine Metabolism,nan,s0001,0,0,0,[0.0],[0.0],['Inner Membrane'],[0]
2329,SELGTHR,Selenate glutathione reductase,Cytoplasmic,Inorganic Ion Transport and Metabolism,nan,,0,0,0,[0],[0],['Cytoplasmic'],[0]
2330,SELGTHR3,Selenate glutathione reductase III,Cytoplasmic,Inorganic Ion Transport and Metabolism,nan,,0,0,0,[0],[0],['Cytoplasmic'],[0]
2331,EX_slnt_e_f,Selenite exchange,Exchange,Extracellular exchange,nan,,0,0,0,[0],[0],['Exchange'],[0]
2332,MALCOAMT,Malonyl-CoA methyltransferase,Cytoplasmic,Cofactor and Prosthetic Group Biosynthesis,173.0,b0777,28276.0,0,0,[28276.0],[0.0],['Cytoplasmic'],[0]
2333,OGMEACPS,3-Oxo-glutaryl-[ACP] methyl ester synthase,Cytoplasmic,Cofactor and Prosthetic Group Biosynthesis,0.46,b1091,33515.0,0,0,[33515.0],[0.0],['Cytoplasmic'],[0]
2334,OGMEACPR,3-Oxo-glutaryl-[ACP] methyl ester reductase,Cytoplasmic,Cofactor and Prosthetic Group Biosynthesis,0.59,b1093,25560.0,0,0,[25560.0],[0.0],['Cytoplasmic'],[0]
2335,OPMEACPS,3-Oxo-pimeloyl-[ACP] methyl ester synthase,Cytoplasmic,Cofactor and Prosthetic Group Biosynthesis,0.05165,b2323,42613.0,0,0,[42613.0],[0.0],['Cytoplasmic'],[0]
2336,LIPAabctex,Lipid A transport via ABC system (periplasm to extracellular),Inner Membrane,Lipopolysaccharide Biosynthesis / Recycling,95.19583333,b4262 and b4261 and b3199 and b3201 and b3200 and b0054 and b0641,259636.0,29919.324872999998,13,[259636.0],[29919.324872999998],['Inner Membrane'],[13]
2337,DGUNC,Diguanylate cyclase,Cytoplasmic,Nucleotide Salvage Pathway,1.2,b1341 or b1794 or b1535 or b1025 or b1490,33863.0,0.0,0,"[46452.0, 38546.0, 33863.0, 51783.0, 53178.0]","[0.0, 0.0, 0.0, 19246.77876, 0.0]","['Cytoplasmic', 'Cytoplasmic', 'Cytoplasmic', 'Inner Membrane', 'Cytoplasmic']","[0, 0, 0, 8, 0]"
2338,CDGUNPD,"3,5-cyclic-nucleotide phosphodiesterase",Cytoplasmic,Alternate Carbon Metabolism,0.000363333,b2503 or b1489 or b3525 or b1285 or b0315,29601.0,0.0,0,"[85608.0, 90260.0, 29601.0, 74665.0, 40725.0]","[22576.6747, 0.0, 0.0, 0.0, 0.0]","['Inner Membrane', 'Cytoplasmic', 'Cytoplasmic', 'Cytoplasmic', 'Cytoplasmic']","[9, 0, 0, 0, 0]"
2339,LDGUNPD,Linear diguanylate phosphodiesterase,Cytoplasmic,Nucleotide Salvage Pathway,0.000363333,b1285,74665.0,0,0,[74665.0],[0.0],['Cytoplasmic'],[0]
2340,MPTAT,Molybdopterin adenylyltransferase,Cytoplasmic,Cofactor and Prosthetic Group Biosynthesis,0.0012,b0009,21222.0,0,0,[21222.0],[0.0],['Cytoplasmic'],[0]
2341,MOADSUx,"MoaD sulfuration (nadh, assumed)",Cytoplasmic,Cofactor and Prosthetic Group Biosynthesis,0.5,b0784 and b2530,53848.0,0,0,[53848.0],[0.0],['Cytoplasmic'],[0]
2342,CMtpp,Chloramphenicol transport via TolC system,Inner Membrane,"Transport, Outer Membrane",22.0,(b0463 and b3035 and b2470) or (b0463 and b3035 and b0462),208985.0,32294.110929000002,16,"[208985.0, 209512.0]","[32294.110929000002, 31244.770739]","['Inner Membrane', 'Inner Membrane']","[16, 16]"
2343,FUSAtpp,Fusidic acid transport via TolC system,Inner Membrane,"Transport, Outer Membrane",22.0,(b0463 and b3035 and b0462) or (b0463 and b3035 and b2470),208985.0,32294.110929000002,16,"[209512.0, 208985.0]","[31244.770739, 32294.110929000002]","['Inner Membrane', 'Inner Membrane']","[16, 16]"
2344,RFAMPtex_f,Rifampin transport via diffusion (extracellular to periplasm),Inner Membrane,"Transport, Outer Membrane",nan,s0001,0,0,0,[0.0],[0.0],['Inner Membrane'],[0]
2345,MINCYCtex_f,Minocycline transport via diffusion (extracellular to periplasm),Cytoplasmic,"Transport, Outer Membrane Porin",100000000.0,b1377 or b0241 or b0929 or b2215,38922.0,0.0,0,"[41220.0, 38922.0, 39333.0, 40368.0]","[0.0, 0.0, 21633.15, 17383.90751]","['Cytoplasmic', 'Cytoplasmic', 'Cytoplasmic', 'Cytoplasmic']","[0, 0, 17, 16]"
2346,MINCYCtpp,Minocycline transport via TolC system,Inner Membrane,"Transport, Outer Membrane",22.0,(b0463 and b3035 and b2470) or (b0463 and b3035 and b0462),208985.0,32294.110929000002,16,"[208985.0, 209512.0]","[32294.110929000002, 31244.770739]","['Inner Membrane', 'Inner Membrane']","[16, 16]"
2347,DOXRBCNtex_f,Doxorubicin transport via diffusion (extracellular to periplasm),Cytoplasmic,"Transport, Outer Membrane Porin",100000000.0,b0929 or b2215 or b1377 or b0241,38922.0,0.0,0,"[39333.0, 40368.0, 41220.0, 38922.0]","[21633.15, 17383.90751, 0.0, 0.0]","['Cytoplasmic', 'Cytoplasmic', 'Cytoplasmic', 'Cytoplasmic']","[17, 16, 0, 0]"
2348,DOXRBCNtpp,Doxorubicin transport via TolC system,Inner Membrane,"Transport, Outer Membrane",22.0,(b0463 and b3035 and b0462) or (b0463 and b3035 and b2470),208985.0,32294.110929000002,16,"[209512.0, 208985.0]","[31244.770739, 32294.110929000002]","['Inner Membrane', 'Inner Membrane']","[16, 16]"
2349,ETOHtrpp_f,Ethanol reversible transport via diffusion (periplasm),Inner Membrane,"Transport, Inner Membrane",nan,s0001,0,0,0,[0.0],[0.0],['Inner Membrane'],[0]
2350,REPHACCOAI_f,"Ring 1,2-epoxyphenylacetyl-CoA isomerase (oxepin-CoA forming)",Cytoplasmic,Alternate Carbon Metabolism,63.0,b1394,28405.0,0,0,[28405.0],[0.0],['Cytoplasmic'],[0]
2351,ACPPAT141,Acyl-(acyl carrier protein):phosphate acyltransferase (C14:1),Cytoplasmic,Glycerophospholipid Metabolism,1500.0,b1094 and b1090,46854.0,0,0,[46854.0],[0.0],['Cytoplasmic'],[0]
2352,ACPPAT161,Acyl-(acyl carrier protein):phosphate acyltransferase (C16:1),Cytoplasmic,Glycerophospholipid Metabolism,1500.0,b1094 and b1090,46854.0,0,0,[46854.0],[0.0],['Cytoplasmic'],[0]
2353,ACPPAT180,Acyl-(acyl carrier protein):phosphate acyltransferase (C18:0),Cytoplasmic,Glycerophospholipid Metabolism,1500.0,b1094 and b1090,46854.0,0,0,[46854.0],[0.0],['Cytoplasmic'],[0]
2354,APG3PAT160,Acyl-phosphate:glycerol-3-phosphate acyltransferase (C16:0),Inner Membrane,Glycerophospholipid Metabolism,166.8,b3059,22193.0,11367.14634,5,[22193.0],[11367.14634],['Inner Membrane'],[5]
2355,APG3PAT161,Acyl-phosphate:glycerol-3-phosphate acyltransferase (C16:1),Inner Membrane,Glycerophospholipid Metabolism,166.8,b3059,22193.0,11367.14634,5,[22193.0],[11367.14634],['Inner Membrane'],[5]
2356,APG3PAT180,Acyl-phosphate:glycerol-3-phosphate acyltransferase (C18:0),Inner Membrane,Glycerophospholipid Metabolism,166.8,b3059,22193.0,11367.14634,5,[22193.0],[11367.14634],['Inner Membrane'],[5]
2357,ICYSDS,ISC Cysteine desulfuration,Cytoplasmic,Cofactor and Prosthetic Group Biosynthesis,0.5,b2530,45090.0,0,0,[45090.0],[0.0],['Cytoplasmic'],[0]
2358,I4FE4SR,ISC [4Fe-4S] Reduction,Cytoplasmic,Cofactor and Prosthetic Group Biosynthesis,22.0,b2529,13849.0,0,0,[13849.0],[0.0],['Cytoplasmic'],[0]
2359,S2FE2ST,SUF [2Fe-2S] Transfer,Cytoplasmic,Cofactor and Prosthetic Group Biosynthesis,22.0,b1682 and b1681 and b1684 and b1683,142450.0,0,0,[142450.0],[0.0],['Cytoplasmic'],[0]
2360,BMOCOS,Bis-molybdenum cofactor synthase,Cytoplasmic,Cofactor and Prosthetic Group Biosynthesis,1.375,b0827,44067.0,0,0,[44067.0],[0.0],['Cytoplasmic'],[0]
2361,BWCOS,Tungsten bispterin cofactor synthase,Cytoplasmic,Cofactor and Prosthetic Group Biosynthesis,1.375,b0827,44067.0,0,0,[44067.0],[0.0],['Cytoplasmic'],[0]
2362,BWCOGDS1,Tungsten bispterin guanine dinucleotide synthase (single GDP),Cytoplasmic,Cofactor and Prosthetic Group Biosynthesis,0.0048,(b3857 and b3856) or b3857,21643.0,0.0,0,"[41006.0, 21643.0]","[0.0, 0.0]","['Cytoplasmic', 'Cytoplasmic']","[0, 0]"
2363,BWCOGDS2,Tungsten bispterin guanine dinucleotide synthase,Cytoplasmic,Cofactor and Prosthetic Group Biosynthesis,0.0048,(b3857 and b3856) or b3857,21643.0,0.0,0,"[41006.0, 21643.0]","[0.0, 0.0]","['Cytoplasmic', 'Cytoplasmic']","[0, 0]"
2364,DHNPTE_f,Dihydroneopterin epimerase,Cytoplasmic,Cofactor and Prosthetic Group Biosynthesis,0.089,b3058,13620.0,0,0,[13620.0],[0.0],['Cytoplasmic'],[0]
2365,DHMPTR,Dihydromonapterin reductase,Cytoplasmic,Cofactor and Prosthetic Group Biosynthesis,19.2,b1606,26348.0,0,0,[26348.0],[0.0],['Cytoplasmic'],[0]
2366,NOVBCNtpp,Novobiocin transport via TolC system,Inner Membrane,"Transport, Outer Membrane",22.0,(b0463 and b3035 and b2470) or (b0463 and b3035 and b0462),208985.0,32294.110929000002,16,"[208985.0, 209512.0]","[32294.110929000002, 31244.770739]","['Inner Membrane', 'Inner Membrane']","[16, 16]"
2367,CMtex_f,Chloramphenicol transport via diffusion (extracellular to periplasm),Cytoplasmic,"Transport, Outer Membrane Porin",100000000.0,b2215 or b0929 or b1377 or b0241,38922.0,0.0,0,"[40368.0, 39333.0, 41220.0, 38922.0]","[17383.90751, 21633.15, 0.0, 0.0]","['Cytoplasmic', 'Cytoplasmic', 'Cytoplasmic', 'Cytoplasmic']","[16, 17, 0, 0]"
2368,LALALGLUtex_f,L-alanyl-L-glutamate transport via diffusion (extracellular to periplasm),Cytoplasmic,"Transport, Outer Membrane Porin",100000000.0,b1377 or b0241 or b0929 or b2215,38922.0,0.0,0,"[41220.0, 38922.0, 39333.0, 40368.0]","[0.0, 0.0, 21633.15, 17383.90751]","['Cytoplasmic', 'Cytoplasmic', 'Cytoplasmic', 'Cytoplasmic']","[0, 0, 17, 16]"
2369,LALADGLUtpp,L-alanyl-D-glutamate transport in via proton symport (periplasm),Inner Membrane,"Transport, Inner Membrane",22.0,b0709 or b1634 or b3496 or b4130,53055.0,32598.74227,14,"[54159.0, 53991.0, 53575.0, 53055.0]","[32297.65923, 31962.672, 32210.7362, 32598.74227]","['Inner Membrane', 'Inner Membrane', 'Inner Membrane', 'Inner Membrane']","[14, 14, 14, 14]"
2370,I2FE2SS,ISC [2Fe-2S] Synthesis,Cytoplasmic,Cofactor and Prosthetic Group Biosynthesis,0.5,b2530 and b2529,58939.0,0,0,[58939.0],[0.0],['Cytoplasmic'],[0]
2371,I2FE2ST,ISC [2Fe-2S] Transfer,Cytoplasmic,Cofactor and Prosthetic Group Biosynthesis,22.0,b2529 and b2528,25405.0,0,0,[25405.0],[0.0],['Cytoplasmic'],[0]
2372,I2FE2SS2,ISC [2Fe-2S] Synthesis II,Cytoplasmic,Cofactor and Prosthetic Group Biosynthesis,0.5,b2530 and b2529,58939.0,0,0,[58939.0],[0.0],['Cytoplasmic'],[0]
2373,I4FE4ST,ISC [4Fe-4S] Transfer,Cytoplasmic,Cofactor and Prosthetic Group Biosynthesis,22.0,b2529 and b2528,25405.0,0,0,[25405.0],[0.0],['Cytoplasmic'],[0]
2374,S4FE4ST,SUF [4Fe-4S] Transfer,Cytoplasmic,Cofactor and Prosthetic Group Biosynthesis,22.0,b1682 and b1681 and b1684 and b1683,142450.0,0,0,[142450.0],[0.0],['Cytoplasmic'],[0]
2375,S2FE2SS2,SUF [2Fe-2S] Synthesis II,Cytoplasmic,Cofactor and Prosthetic Group Biosynthesis,0.425,b1680 and b1683 and b1681 and b1682 and b1679,189384.0,0,0,[189384.0],[0.0],['Cytoplasmic'],[0]
2376,BTS5,Biotin synthase,Cytoplasmic,Cofactor and Prosthetic Group Biosynthesis,13.9,b0775,38648.0,0,0,[38648.0],[0.0],['Cytoplasmic'],[0]
2377,5MTRtex_f,5-Methylthio-D-ribose transport via proton diffusion (extracellular to periplasm),Cytoplasmic,"Transport, Outer Membrane Porin",100000000.0,b1377 or b0929 or b2215 or b0241,38922.0,0.0,0,"[41220.0, 39333.0, 40368.0, 38922.0]","[0.0, 21633.15, 17383.90751, 0.0]","['Cytoplasmic', 'Cytoplasmic', 'Cytoplasmic', 'Cytoplasmic']","[0, 17, 16, 0]"
2378,LALADGLUtex_f,L-alanyl-D-glutamate transport via diffusion (extracellular to periplasm),Cytoplasmic,"Transport, Outer Membrane Porin",100000000.0,b2215 or b1377 or b0241 or b0929,38922.0,0.0,0,"[40368.0, 41220.0, 38922.0, 39333.0]","[17383.90751, 0.0, 0.0, 21633.15]","['Cytoplasmic', 'Cytoplasmic', 'Cytoplasmic', 'Cytoplasmic']","[16, 0, 0, 17]"
2379,LALALGLUtpp,L-alanyl-L-glutamate transport in via proton symport (periplasm),Inner Membrane,"Transport, Inner Membrane",22.0,b1634 or b3496 or b4130 or b0709,53055.0,32598.74227,14,"[53991.0, 53575.0, 53055.0, 54159.0]","[31962.672, 32210.7362, 32598.74227, 32297.65923]","['Inner Membrane', 'Inner Membrane', 'Inner Membrane', 'Inner Membrane']","[14, 14, 14, 14]"
2380,3AMACHYD,3-aminoacrylate hydrolase,Cytoplasmic,Nucleotide Salvage Pathway,111.8694444,b1009,28898.0,0,0,[28898.0],[0.0],['Cytoplasmic'],[0]
2381,3HPPtex_f,3-hydroxypropionate transport via diffusion (extracellular to periplasm),Cytoplasmic,"Transport, Outer Membrane Porin",100000000.0,b1377 or b0929 or b2215 or b0241,38922.0,0.0,0,"[41220.0, 39333.0, 40368.0, 38922.0]","[0.0, 21633.15, 17383.90751, 0.0]","['Cytoplasmic', 'Cytoplasmic', 'Cytoplasmic', 'Cytoplasmic']","[0, 17, 16, 0]"
2382,EX_LalaDglu_e_f,L-alanine-D-glutamate exchange,Exchange,Extracellular exchange,nan,,0,0,0,[0],[0],['Exchange'],[0]
2383,CCGS,7-cyano-7-carbaguanine synthase,Cytoplasmic,Cofactor and Prosthetic Group Biosynthesis,5.289444444,b0444,25514.0,0,0,[25514.0],[0.0],['Cytoplasmic'],[0]
2384,CDGR,7-cyano-7-deazaguanine reductase,Cytoplasmic,Cofactor and Prosthetic Group Biosynthesis,0.06515,b2794,32588.0,0,0,[32588.0],[0.0],['Cytoplasmic'],[0]
2385,CBMD,Carbamate deaminase,Inner Membrane,Nucleotide Salvage Pathway,nan,s0001,0,0,0,[0.0],[0.0],['Inner Membrane'],[0]
2386,MSAR,Malonic semialdehyde reductase,Cytoplasmic,Nucleotide Salvage Pathway,115.0,b1008 or b1539,21570.0,0,0,"[21570.0, 27249.0]","[0.0, 0.0]","['Cytoplasmic', 'Cytoplasmic']","[0, 0]"
2387,EX_LalaLglu_e_f,L-alanine-L-glutamate exchange,Exchange,Extracellular exchange,nan,,0,0,0,[0],[0],['Exchange'],[0]
2388,ACPPAT120,Acyl-(acyl carrier protein):phosphate acyltransferase (C12:0),Cytoplasmic,Glycerophospholipid Metabolism,1500.0,b1094 and b1090,46854.0,0,0,[46854.0],[0.0],['Cytoplasmic'],[0]
2389,CPH4S,"6-carboxy-5,6,7,8-tetrahydropterin synthase",Cytoplasmic,Cofactor and Prosthetic Group Biosynthesis,13.15414286,b2765,13773.0,0,0,[13773.0],[0.0],['Cytoplasmic'],[0]
2390,SHCHCS3,"2-succinyl-6-hydroxy-2,4-cyclohexadiene 1-carboxylate synthase",Cytoplasmic,Cofactor and Prosthetic Group Biosynthesis,8.5,b2263,27682.0,0,0,[27682.0],[0.0],['Cytoplasmic'],[0]
2391,EX_ttrcyc_e_f,Tetracycline exchange,Exchange,Extracellular exchange,nan,,0,0,0,[0],[0],['Exchange'],[0]
2392,EX_mincyc_e_f,Minocycline exchange,Exchange,Extracellular exchange,nan,,0,0,0,[0],[0],['Exchange'],[0]
2393,DM_4crsol_c,Sink needed to allow p-Cresol to leave system,Cytoplasmic,Intracellular demand,nan,,0,0,0,[0],[0],['Cytoplasmic'],[0]
2394,URACPAH,Peroxyureidoacrylate hydrolase,Cytoplasmic,Nucleotide Salvage Pathway,111.8694444,b1011,25209.0,0,0,[25209.0],[0.0],['Cytoplasmic'],[0]
2395,POAACR,Peroxyaminoacrylate reductase,Cytoplasmic,Nucleotide Salvage Pathway,93.55647875,b1010,13763.0,0,0,[13763.0],[0.0],['Cytoplasmic'],[0]
2396,ACPPAT160,Acyl-(acyl carrier protein):phosphate acyltransferase (C16:0),Cytoplasmic,Glycerophospholipid Metabolism,1500.0,b1094 and b1090,46854.0,0,0,[46854.0],[0.0],['Cytoplasmic'],[0]
2397,ACPPAT181,Acyl-(acyl carrier protein):phosphate acyltransferase (C18:1),Cytoplasmic,Glycerophospholipid Metabolism,1500.0,b1094 and b1090,46854.0,0,0,[46854.0],[0.0],['Cytoplasmic'],[0]
2398,APH141,Acylphosphatase (C14:1),Cytoplasmic,Glycerophospholipid Metabolism,1.55e-06,b0968,10300.0,0,0,[10300.0],[0.0],['Cytoplasmic'],[0]
2399,APH161,Acylphosphatase (C16:1),Cytoplasmic,Glycerophospholipid Metabolism,1.55e-06,b0968,10300.0,0,0,[10300.0],[0.0],['Cytoplasmic'],[0]
2400,APH180,Acylphosphatase (C18:0),Cytoplasmic,Glycerophospholipid Metabolism,1.55e-06,b0968,10300.0,0,0,[10300.0],[0.0],['Cytoplasmic'],[0]
2401,APH181,Acylphosphatase (C18:1),Cytoplasmic,Glycerophospholipid Metabolism,1.55e-06,b0968,10300.0,0,0,[10300.0],[0.0],['Cytoplasmic'],[0]
2402,GTHPi,Glutathione peridoxase,Cytoplasmic,Unassigned,241.6128571,b1710,20470.0,0,0,[20470.0],[0.0],['Cytoplasmic'],[0]
2403,SEPHCHCS,2-succinyl-5-enolpyruvyl-6-hydroxy-3-cyclohexene-1-carboxylate synthase,Cytoplasmic,Cofactor and Prosthetic Group Biosynthesis,0.0625,b2264,61367.0,0,0,[61367.0],[0.0],['Cytoplasmic'],[0]
2404,DHNCOAS,"1,4-dihydroxy-2-napthoyl-CoA synthase",Cytoplasmic,Cofactor and Prosthetic Group Biosynthesis,0.062,b2262,31633.0,0,0,[31633.0],[0.0],['Cytoplasmic'],[0]
2405,DHNCOAT,"1,4-dihydroxy-2-napthoyl-CoA thioesterase",Cytoplasmic,Cofactor and Prosthetic Group Biosynthesis,3.165,b1686,14945.0,0,0,[14945.0],[0.0],['Cytoplasmic'],[0]
2406,FESD1s,"Iron-sulfur cluster damage (peroxide, spontaneous)",Inner Membrane,Cofactor and Prosthetic Group Biosynthesis,nan,s0001,0,0,0,[0.0],[0.0],['Inner Membrane'],[0]
2407,EX_doxrbcn_e_f,Doxorubicin exchange,Exchange,Extracellular exchange,nan,,0,0,0,[0],[0],['Exchange'],[0]
2408,EX_fusa_e_f,Fusidic acid exchange,Exchange,Extracellular exchange,nan,,0,0,0,[0],[0],['Exchange'],[0]
2409,EX_cm_e_f,Chloramphenicol exchange,Exchange,Extracellular exchange,nan,,0,0,0,[0],[0],['Exchange'],[0]
2410,EX_novbcn_e_f,Novobiocin exchange,Exchange,Extracellular exchange,nan,,0,0,0,[0],[0],['Exchange'],[0]
2411,I2FE2SR,ISC [2Fe-2S] regeneration,Cytoplasmic,Cofactor and Prosthetic Group Biosynthesis,0.5,b2529 and b2530,58939.0,0,0,[58939.0],[0.0],['Cytoplasmic'],[0]
2412,TYRL,Tyrosine lyase,Cytoplasmic,Cofactor and Prosthetic Group Biosynthesis,85.46666667,b3991,26896.0,0,0,[26896.0],[0.0],['Cytoplasmic'],[0]
2413,THZPSN3,Thiazole phosphate synthesis,Cytoplasmic,Cofactor and Prosthetic Group Biosynthesis,0.5,b0423 and b3990 and b2530 and b3992 and b4407,177664.0,0,0,[177664.0],[0.0],['Cytoplasmic'],[0]
2414,APG3PAT120,Acyl-phosphate:glycerol-3-phosphate acyltransferase (C12:0),Inner Membrane,Glycerophospholipid Metabolism,166.8,b3059,22193.0,11367.14634,5,[22193.0],[11367.14634],['Inner Membrane'],[5]
2415,APH120,Acylphosphatase (C12:0),Cytoplasmic,Glycerophospholipid Metabolism,1.55e-06,b0968,10300.0,0,0,[10300.0],[0.0],['Cytoplasmic'],[0]
2416,MOCDS,Molybdopterin cytidine dinucleotide synthase,Cytoplasmic,Cofactor and Prosthetic Group Biosynthesis,0.0046,b2877,21514.0,0,0,[21514.0],[0.0],['Cytoplasmic'],[0]
2417,FUSAtex_f,Fusidic acid transport via diffusion (extracellular to periplasm),Cytoplasmic,"Transport, Outer Membrane Porin",100000000.0,b2215 or b0929 or b1377 or b0241,38922.0,0.0,0,"[40368.0, 39333.0, 41220.0, 38922.0]","[17383.90751, 21633.15, 0.0, 0.0]","['Cytoplasmic', 'Cytoplasmic', 'Cytoplasmic', 'Cytoplasmic']","[16, 17, 0, 0]"
2418,NOVBCNtex_f,Novobiocin transport via diffusion (extracellular to periplasm),Inner Membrane,"Transport, Outer Membrane",nan,s0001,0,0,0,[0.0],[0.0],['Inner Membrane'],[0]
2419,EX_rfamp_e_f,Rifampin exchange,Exchange,Extracellular exchange,nan,,0,0,0,[0],[0],['Exchange'],[0]
2420,QUIN2tex_f,Quinate transport via diffusion (extracellular to periplasm),Cytoplasmic,"Transport, Outer Membrane Porin",100000000.0,b2215 or b1377 or b0241 or b0929,38922.0,0.0,0,"[40368.0, 41220.0, 38922.0, 39333.0]","[17383.90751, 0.0, 0.0, 21633.15]","['Cytoplasmic', 'Cytoplasmic', 'Cytoplasmic', 'Cytoplasmic']","[16, 0, 0, 17]"
2421,EX_quin_e_f,Quinate exchange,Exchange,Extracellular exchange,nan,,0,0,0,[0],[0],['Exchange'],[0]
2422,FORCT_f,Formyl-CoA Transferase,Cytoplasmic,Alternate Carbon Metabolism,4.75,b2374,45828.0,0,0,[45828.0],[0.0],['Cytoplasmic'],[0]
2423,DHPTDCs2,"4,5-dihydroxy-2,3-pentanedione cyclization (spontaneous)",Inner Membrane,Methionine Metabolism,nan,s0001,0,0,0,[0.0],[0.0],['Inner Membrane'],[0]
2424,EX_3hpp_e_f,3-Hydroxypropanoate exchange,Exchange,Extracellular exchange,nan,,0,0,0,[0],[0],['Exchange'],[0]
2425,PACCOAE,"Ring 1,2-phenylacetyl-CoA epoxidase (NADPH)",Cytoplasmic,Alternate Carbon Metabolism,6.470507937,b1391 and b1388 and b1392 and b1389 and b1390,131962.0,0,0,[131962.0],[0.0],['Cytoplasmic'],[0]
2426,OXDHCOAT,"3-oxo-5,6-dehydrosuberyl-CoA thiolase",Cytoplasmic,Alternate Carbon Metabolism,7.8,b1397 and b1394,70682.0,0,0,[70682.0],[0.0],['Cytoplasmic'],[0]
2427,HADPCOADH3_f,3-hydroxyadipyl-CoA dehydrogenase (NAD+),Cytoplasmic,Alternate Carbon Metabolism,76.08846667,b1395,51733.0,0,0,[51733.0],[0.0],['Cytoplasmic'],[0]
2428,O16A4COLIPAabctex,O16 antigen (x4) core oligosaccharide lipid A transport via ABC system (periplasm to extracellular),Inner Membrane,Lipopolysaccharide Biosynthesis / Recycling,95.19583333,b4262 and b4261 and b3199 and b3201 and b3200 and b0054 and b0641,259636.0,29919.324872999998,13,[259636.0],[29919.324872999998],['Inner Membrane'],[13]
2429,COLIPAabctex,Core oligosaccharide lipid A transport via ABC system (periplasm to extracellular),Inner Membrane,Lipopolysaccharide Biosynthesis / Recycling,95.19583333,b0641 and b3200 and b4262 and b3201 and b3199 and b0054 and b4261,259636.0,29919.324872999998,13,[259636.0],[29919.324872999998],['Inner Membrane'],[13]
2430,ENLIPAabctex,Phosphoethanolamine lipid A transport via ABC system (periplasm to extracellular),Inner Membrane,Lipopolysaccharide Biosynthesis / Recycling,95.19583333,b4262 and b4261 and b3199 and b3201 and b3200 and b0054 and b0641,259636.0,29919.324872999998,13,[259636.0],[29919.324872999998],['Inner Membrane'],[13]
2431,DM_mththf_c,"Sink needed to allow (2R,4S)-2-methyl-2,3,3,4-tetrahydroxytetrahydrofuran to leave system",Cytoplasmic,Intracellular demand,nan,,0,0,0,[0],[0],['Cytoplasmic'],[0]
2432,PYROX,Pyrimidine oxygenase,Cytoplasmic,Nucleotide Salvage Pathway,15.5,b1007 and b1012,59968.0,0,0,[59968.0],[0.0],['Cytoplasmic'],[0]
2433,BMOGDS1,Bis-molybdopterin guanine dinucleotide synthase (single GDP),Cytoplasmic,Cofactor and Prosthetic Group Biosynthesis,0.0048,b3857 or (b3857 and b3856),21643.0,0,0,"[21643.0, 41006.0]","[0.0, 0.0]","['Cytoplasmic', 'Cytoplasmic']","[0, 0]"
2434,MPTS,Molybdopterin synthase,Cytoplasmic,Cofactor and Prosthetic Group Biosynthesis,85.46666667,b0785 and b0784,25739.0,0,0,[25739.0],[0.0],['Cytoplasmic'],[0]
2435,MOCOS,Molybdenum cofactor synthase,Cytoplasmic,Cofactor and Prosthetic Group Biosynthesis,1.375,b0827,44067.0,0,0,[44067.0],[0.0],['Cytoplasmic'],[0]
2436,BMOGDS2,Bis-molybdopterin guanine dinucleotide synthase,Cytoplasmic,Cofactor and Prosthetic Group Biosynthesis,0.0048,(b3857 and b3856) or b3857,21643.0,0.0,0,"[41006.0, 21643.0]","[0.0, 0.0]","['Cytoplasmic', 'Cytoplasmic']","[0, 0]"
2437,FESD2s,"Iron-sulfur cluster damage (nitrous oxide, spontaneous)",Inner Membrane,Cofactor and Prosthetic Group Biosynthesis,nan,s0001,0,0,0,[0.0],[0.0],['Inner Membrane'],[0]
2438,S2FE2SR,SUF [2Fe-2S] regeneration,Cytoplasmic,Cofactor and Prosthetic Group Biosynthesis,0.425,b1680 and b1679 and b1682 and b1681 and b1683,189384.0,0,0,[189384.0],[0.0],['Cytoplasmic'],[0]
2439,ACACT8r_f,"Acetyl-CoA acyltransferase (hexadecanoyl-CoA), (r)",Cytoplasmic,Membrane Lipid Metabolism,1.4,b2342 or b3845,40876.0,0.0,0,"[46531.0, 40876.0]","[0.0, 0.0]","['Cytoplasmic', 'Cytoplasmic']","[0, 0]"
2440,CTECOAI7_f,3-cis-2-trans-enoyl-CoA isomerase,Cytoplasmic,Membrane Lipid Metabolism,63.0,b3846,79594.0,0,0,[79594.0],[0.0],['Cytoplasmic'],[0]
2441,CLIPAabctex,Cold lipid A transport via ABC system (periplasm to extracellular),Inner Membrane,Lipopolysaccharide Biosynthesis / Recycling,95.19583333,b4262 and b4261 and b3199 and b3201 and b3200 and b0054 and b0641,259636.0,29919.324872999998,13,[259636.0],[29919.324872999998],['Inner Membrane'],[13]
2442,K2L4Aabctex,KDO(2)-lipid IV A transport via ABC system (periplasm to extracellular),Inner Membrane,Lipopolysaccharide Biosynthesis / Recycling,95.19583333,b4262 and b4261 and b3199 and b3201 and b3200 and b0054 and b0641,259636.0,29919.324872999998,13,[259636.0],[29919.324872999998],['Inner Membrane'],[13]
2443,FDH4pp,Formate dehydrogenase (quinone-8) (periplasm),Inner Membrane,Oxidative Phosphorylation,36.1,(b3893 and b3894 and b3892) or (b1474 and b1476 and b1475),170255.0,10376.077409000001,5,"[170255.0, 170570.0]","[10376.077409000001, 13744.808319]","['Inner Membrane', 'Inner Membrane']","[5, 5]"
2444,FDH5pp,Formate Dehydrogenase (menaquinone-8) (periplasm),Inner Membrane,Oxidative Phosphorylation,36.1,(b1474 and b1476 and b1475) or (b3893 and b3894 and b3892),170255.0,10376.077409000001,5,"[170570.0, 170255.0]","[13744.808319, 10376.077409000001]","['Inner Membrane', 'Inner Membrane']","[5, 5]"
2445,ACPPAT140,Acyl-(acyl carrier protein):phosphate acyltransferase (C14:0),Cytoplasmic,Glycerophospholipid Metabolism,1500.0,b1094 and b1090,46854.0,0,0,[46854.0],[0.0],['Cytoplasmic'],[0]
2446,APG3PAT140,Acyl-phosphate:glycerol-3-phosphate acyltransferase (C14:0),Inner Membrane,Glycerophospholipid Metabolism,166.8,b3059,22193.0,11367.14634,5,[22193.0],[11367.14634],['Inner Membrane'],[5]
2447,APG3PAT141,Acyl-phosphate:glycerol-3-phosphate acyltransferase (C14:1),Inner Membrane,Glycerophospholipid Metabolism,166.8,b3059,22193.0,11367.14634,5,[22193.0],[11367.14634],['Inner Membrane'],[5]
2448,APG3PAT181,Acyl-phosphate:glycerol-3-phosphate acyltransferase (C18:1),Inner Membrane,Glycerophospholipid Metabolism,166.8,b3059,22193.0,11367.14634,5,[22193.0],[11367.14634],['Inner Membrane'],[5]
2449,APH140,Acylphosphatase (C14:0),Cytoplasmic,Glycerophospholipid Metabolism,1.55e-06,b0968,10300.0,0,0,[10300.0],[0.0],['Cytoplasmic'],[0]
2450,APH160,Acylphosphatase (C16:0),Cytoplasmic,Glycerophospholipid Metabolism,1.55e-06,b0968,10300.0,0,0,[10300.0],[0.0],['Cytoplasmic'],[0]
2451,OPMEACPD,3-Oxo-pimeloyl-[ACP] methyl ester dehydratase,Cytoplasmic,Cofactor and Prosthetic Group Biosynthesis,368.4865,b0180,17033.0,0,0,[17033.0],[0.0],['Cytoplasmic'],[0]
2452,EPMEACPR,Enoylpimeloyl-[ACP] methyl ester reductase,Cytoplasmic,Cofactor and Prosthetic Group Biosynthesis,5.3,b1288,27864.0,0,0,[27864.0],[0.0],['Cytoplasmic'],[0]
2453,AOXSr2,8-amino-7-oxononanoate synthase,Cytoplasmic,Cofactor and Prosthetic Group Biosynthesis,0.028,b0776,41594.0,0,0,[41594.0],[0.0],['Cytoplasmic'],[0]
2454,MEOHtrpp_f,Methanol reversible transport via diffusion (periplasm),Inner Membrane,"Transport, Inner Membrane",nan,s0001,0,0,0,[0.0],[0.0],['Inner Membrane'],[0]
2455,SCYSDS,SUF Cysteine desulfuration,Cytoplasmic,Cofactor and Prosthetic Group Biosynthesis,0.5,b1680 and b1679,60234.0,0,0,[60234.0],[0.0],['Cytoplasmic'],[0]
2456,S2FE2SS,SUF [2Fe-2S] Synthesis,Cytoplasmic,Cofactor and Prosthetic Group Biosynthesis,0.425,b1680 and b1683 and b1681 and b1682 and b1679,189384.0,0,0,[189384.0],[0.0],['Cytoplasmic'],[0]
2457,S4FE4SR,SUF [4Fe-4S] Reduction,Cytoplasmic,Cofactor and Prosthetic Group Biosynthesis,22.0,b1682 and b1681 and b1683,129150.0,0,0,[129150.0],[0.0],['Cytoplasmic'],[0]
2458,SELtex_f,Selenate transport via diffusion (extracellular to periplasm),Cytoplasmic,"Transport, Outer Membrane Porin",100000000.0,b1377 or b0929 or b2215 or b0241,38922.0,0.0,0,"[41220.0, 39333.0, 40368.0, 38922.0]","[0.0, 21633.15, 17383.90751, 0.0]","['Cytoplasmic', 'Cytoplasmic', 'Cytoplasmic', 'Cytoplasmic']","[0, 17, 16, 0]"
2459,SELR,Selenate reductase,Inner Membrane,Inorganic Ion Transport and Metabolism,227.5,b1589 and b1590 and b1588 and b1587,233043.0,18056.4507,8,[233043.0],[18056.4507],['Inner Membrane'],[8]
2460,OGMEACPD,3-Oxo-glutaryl-[ACP] methyl ester dehydratase,Cytoplasmic,Cofactor and Prosthetic Group Biosynthesis,368.4865,b0180,17033.0,0,0,[17033.0],[0.0],['Cytoplasmic'],[0]
2461,EGMEACPR,Enoylglutaryl-[ACP] methyl ester reductase,Cytoplasmic,Cofactor and Prosthetic Group Biosynthesis,5.3,b1288,27864.0,0,0,[27864.0],[0.0],['Cytoplasmic'],[0]
2462,OPMEACPR,3-Oxo-pimeloyl-[ACP] methyl ester reductase,Cytoplasmic,Cofactor and Prosthetic Group Biosynthesis,0.59,b1093,25560.0,0,0,[25560.0],[0.0],['Cytoplasmic'],[0]
2463,PMEACPE,Pimeloyl-[ACP] methyl ester esterase,Cytoplasmic,Cofactor and Prosthetic Group Biosynthesis,18.5,b3412,28505.0,0,0,[28505.0],[0.0],['Cytoplasmic'],[0]
2464,MEOHtex_f,Methanol transport via diffusion (extracellular to periplasm),Cytoplasmic,"Transport, Outer Membrane Porin",100000000.0,b0929 or b1377 or b2215 or b0241,38922.0,0.0,0,"[39333.0, 41220.0, 40368.0, 38922.0]","[21633.15, 0.0, 17383.90751, 0.0]","['Cytoplasmic', 'Cytoplasmic', 'Cytoplasmic', 'Cytoplasmic']","[17, 0, 16, 0]"
2465,EX_5mtr_e_f,5-Methylthio-D-ribose exchange,Exchange,Extracellular exchange,nan,,0,0,0,[0],[0],['Exchange'],[0]
2466,MECDPDH5,"2C-methyl-D-erythritol 2,4 cyclodiphosphate dehydratase",Cytoplasmic,Cofactor and Prosthetic Group Biosynthesis,3.7,(b2515 and b2895) or (b2515 and b0684),60384.0,0,0,"[60384.0, 60421.0]","[0.0, 0.0]","['Cytoplasmic', 'Cytoplasmic']","[0, 0]"
2467,RNTR1c2,Ribonucleoside-triphosphate reductase (ATP) (flavodoxin),Cytoplasmic,Nucleotide Salvage Pathway,34.15,(b3924 and b0684 and b4238 and b4237) or (b3924 and b2895 and b4238 and b4237) or (b0684 and b4238) or (b2895 and b4238),99723.0,0.0,0,"[144957.0, 144920.0, 99760.0, 99723.0]","[0.0, 0.0, 0.0, 0.0]","['Cytoplasmic', 'Cytoplasmic', 'Cytoplasmic', 'Cytoplasmic']","[0, 0, 0, 0]"
2468,RNTR2c2,Ribonucleoside-triphosphate reductase (GTP) (flavodoxin),Cytoplasmic,Nucleotide Salvage Pathway,34.15,(b3924 and b2895 and b4238 and b4237) or (b2895 and b4238) or (b3924 and b0684 and b4238 and b4237) or (b0684 and b4238),99723.0,0.0,0,"[144920.0, 99723.0, 144957.0, 99760.0]","[0.0, 0.0, 0.0, 0.0]","['Cytoplasmic', 'Cytoplasmic', 'Cytoplasmic', 'Cytoplasmic']","[0, 0, 0, 0]"
2469,RNTR3c2,Ribonucleoside-triphosphate reductase (CTP) (flavodoxin),Cytoplasmic,Nucleotide Salvage Pathway,34.15,(b3924 and b0684 and b4238 and b4237) or (b3924 and b2895 and b4238 and b4237) or (b2895 and b4238) or (b0684 and b4238),99723.0,0.0,0,"[144957.0, 144920.0, 99723.0, 99760.0]","[0.0, 0.0, 0.0, 0.0]","['Cytoplasmic', 'Cytoplasmic', 'Cytoplasmic', 'Cytoplasmic']","[0, 0, 0, 0]"
2470,RNTR4c2,Ribonucleoside-triphosphate reductase (UTP) (flavodoxin),Cytoplasmic,Nucleotide Salvage Pathway,34.15,(b3924 and b0684 and b4238 and b4237) or (b3924 and b2895 and b4238 and b4237) or (b0684 and b4238) or (b2895 and b4238),99723.0,0.0,0,"[144957.0, 144920.0, 99760.0, 99723.0]","[0.0, 0.0, 0.0, 0.0]","['Cytoplasmic', 'Cytoplasmic', 'Cytoplasmic', 'Cytoplasmic']","[0, 0, 0, 0]"
2471,FLDR2,Flavodoxin reductase (NADPH),Cytoplasmic,Unassigned,21.925,(b3924 and b2895) or (b3924 and b0684),47451.0,0,0,"[47451.0, 47488.0]","[0.0, 0.0]","['Cytoplasmic', 'Cytoplasmic']","[0, 0]"
2472,CDGS,7-deaza-7-carboxyguanine synthase,Cytoplasmic,Cofactor and Prosthetic Group Biosynthesis,nan,,0,0,0,[0],[0],['Cytoplasmic'],[0]
2473,5MTRtpp,5-Methylthio-D-ribose transport via proton symport (periplasm),Cytoplasmic,"Transport, Inner Membrane",nan,,0,0,0,[0],[0],['Cytoplasmic'],[0]
2474,TTRCYCtex_f,Tetracycline transport via diffusion (extracellular to periplasm),Cytoplasmic,"Transport, Outer Membrane Porin",100000000.0,b0929 or b0241 or b1377 or b2215,38922.0,0.0,0,"[39333.0, 38922.0, 41220.0, 40368.0]","[21633.15, 0.0, 0.0, 17383.90751]","['Cytoplasmic', 'Cytoplasmic', 'Cytoplasmic', 'Cytoplasmic']","[17, 0, 0, 16]"
2475,TTRCYCtpp,Tetracycline transport via TolC system,Inner Membrane,"Transport, Outer Membrane",22.0,(b0463 and b3035 and b2470) or (b0463 and b3035 and b0462),208985.0,32294.110929000002,16,"[208985.0, 209512.0]","[32294.110929000002, 31244.770739]","['Inner Membrane', 'Inner Membrane']","[16, 16]"
2476,FESR,Iron-sulfur cluster repair,Cytoplasmic,Cofactor and Prosthetic Group Biosynthesis,22.0,b4209,24883.0,0,0,[24883.0],[0.0],['Cytoplasmic'],[0]
2477,OXCOAHDH,"Oxepin-CoA hydrolase/ 3-oxo-5,6-dehydrosuberyl-CoA semialdehyde dehydrogenase (NADP+)",Cytoplasmic,Alternate Carbon Metabolism,39.0,b1387,73003.0,0,0,[73003.0],[0.0],['Cytoplasmic'],[0]
2478,DHACOAH_f,"2,3-dehydroadipyl-CoA hydratase",Cytoplasmic,Alternate Carbon Metabolism,15.0,b1393,27237.0,0,0,[27237.0],[0.0],['Cytoplasmic'],[0]
2479,THFAT,Tetrahydrofolate aminomethyltransferase,Cytoplasmic,Folate Metabolism,12.285,b2551,45317.0,0,0,[45317.0],[0.0],['Cytoplasmic'],[0]
2480,FOMETRi,Aminomethyltransferase,Cytoplasmic,Folate Metabolism,1.515,b2912,21105.0,0,0,[21105.0],[0.0],['Cytoplasmic'],[0]
2481,SLNTtex_f,Selenite transport via diffusion (extracellular to periplasm),Cytoplasmic,"Transport, Outer Membrane Porin",100000000.0,b1377 or b0929 or b2215 or b0241,38922.0,0.0,0,"[41220.0, 39333.0, 40368.0, 38922.0]","[0.0, 21633.15, 17383.90751, 0.0]","['Cytoplasmic', 'Cytoplasmic', 'Cytoplasmic', 'Cytoplasmic']","[0, 17, 16, 0]"
2482,SELGTHR2,Selenate glutathione reductase II,Cytoplasmic,Inorganic Ion Transport and Metabolism,nan,,0,0,0,[0],[0],['Cytoplasmic'],[0]
2483,GDPTPDP,Guanosine 3'-diphosphate 5'-triphosphate 3'-diphosphatase,Cytoplasmic,Cofactor and Prosthetic Group Biosynthesis,2.985,b3650,79342.0,0,0,[79342.0],[0.0],['Cytoplasmic'],[0]
2484,COLIPAKpp,Lipid A core kinase (periplasm),Inner Membrane,Lipopolysaccharide Biosynthesis / Recycling,96.06077778,b2174,26759.0,11855.25316,5,[26759.0],[11855.25316],['Inner Membrane'],[5]
2485,3HPPtpp,3-hydroxypropionate transport via proton symport (periplasm),Cytoplasmic,"Transport, Inner Membrane",nan,,0,0,0,[0],[0],['Cytoplasmic'],[0]
2486,MPTSS,Molybdopterin synthase sulfurylase,Cytoplasmic,Cofactor and Prosthetic Group Biosynthesis,370.0,b0826,26719.0,0,0,[26719.0],[0.0],['Cytoplasmic'],[0]
2487,CPMPS,Cyclic pyranopterin monophosphate synthase,Cytoplasmic,Cofactor and Prosthetic Group Biosynthesis,0.0007,b0783 and b0781,54813.0,0,0,[54813.0],[0.0],['Cytoplasmic'],[0]
2488,LIPOCT,Lipoyl(octanoyl) transferase,Cytoplasmic,Cofactor and Prosthetic Group Biosynthesis,0.2,b0630,23883.0,0,0,[23883.0],[0.0],['Cytoplasmic'],[0]
2489,LIPOS,Lipoate synthase,Cytoplasmic,Cofactor and Prosthetic Group Biosynthesis,85.46666667,b0628,36072.0,0,0,[36072.0],[0.0],['Cytoplasmic'],[0]
2490,OCTNLL,Octanoate non-lipoylated apo domain ligase,Cytoplasmic,Cofactor and Prosthetic Group Biosynthesis,0.133,b4386,37926.0,0,0,[37926.0],[0.0],['Cytoplasmic'],[0]
2491,LIPATPT,Lipoate-ATP adenylate transferase,Cytoplasmic,Cofactor and Prosthetic Group Biosynthesis,0.176,b4386,37926.0,0,0,[37926.0],[0.0],['Cytoplasmic'],[0]
2492,LIPAMPL,Lipoyl-adenylate protein ligase,Cytoplasmic,Cofactor and Prosthetic Group Biosynthesis,0.133,b4386,37926.0,0,0,[37926.0],[0.0],['Cytoplasmic'],[0]
2493,ALDD19xr_f,"Aldehyde dehydrogenase (phenylacetaldehyde, NAD)",Cytoplasmic,Alternate Carbon Metabolism,40.15666667,b1385,53699.0,0,0,[53699.0],[0.0],['Cytoplasmic'],[0]
2494,MMM,Methylmalonyl-CoA mutase,Cytoplasmic,Alternate Carbon Metabolism,48.0,b2917,77871.0,0,0,[77871.0],[0.0],['Cytoplasmic'],[0]
2495,MOGDS,Molybdopterin guanine dinucleotide synthase,Cytoplasmic,Cofactor and Prosthetic Group Biosynthesis,0.0048,(b3857 and b3856) or b3857,21643.0,0.0,0,"[41006.0, 21643.0]","[0.0, 0.0]","['Cytoplasmic', 'Cytoplasmic']","[0, 0]"
2496,WCOS,Tungsten pterin cofactor synthase,Cytoplasmic,Cofactor and Prosthetic Group Biosynthesis,1.375,b0827,44067.0,0,0,[44067.0],[0.0],['Cytoplasmic'],[0]
2497,RFAMPtpp,Rifampin transport via TolC system,Inner Membrane,"Transport, Outer Membrane",22.0,(b0463 and b3035 and b0462) or (b0463 and b3035 and b2470),208985.0,32294.110929000002,16,"[209512.0, 208985.0]","[31244.770739, 32294.110929000002]","['Inner Membrane', 'Inner Membrane']","[16, 16]"
2498,VPAMTr_f,Valine-pyruvate aminotransferase,Cytoplasmic,"Valine, Leucine, and Isoleucine Metabolism",13.67,b3572,46711.0,0,0,[46711.0],[0.0],['Cytoplasmic'],[0]
2499,ACOLIPAabctex,Arabinose modified core oligosaccharide lipid A transport via ABC system (periplasm to extracellular),Inner Membrane,Lipopolysaccharide Biosynthesis / Recycling,95.19583333,b4262 and b4261 and b3199 and b3201 and b3200 and b0054 and b0641,259636.0,29919.324872999998,13,[259636.0],[29919.324872999998],['Inner Membrane'],[13]
2500,ECA4COLIPAabctex,Enterobacterial common antigen (x4) core oligosaccharide lipid A transport via ABC system (periplasm to extracellular),Inner Membrane,Lipopolysaccharide Biosynthesis / Recycling,95.19583333,b4262 and b4261 and b3199 and b3201 and b3200 and b0054 and b0641,259636.0,29919.324872999998,13,[259636.0],[29919.324872999998],['Inner Membrane'],[13]
2501,COLIPAPabctex,Core oligosaccharide lipid A diphosphate transport via ABC system (periplasm to extracellular),Inner Membrane,Lipopolysaccharide Biosynthesis / Recycling,95.19583333,b4262 and b4261 and b3199 and b3201 and b3200 and b0054 and b0641,259636.0,29919.324872999998,13,[259636.0],[29919.324872999998],['Inner Membrane'],[13]
2502,CH4tex_f,Methane Transport(extracellular via diffusion),Cytoplasmic,"Transport, Outer Membrane",nan,,0,0,0,[0],[0],['Cytoplasmic'],[0]
2503,TARTRDtex_f,D-tartrate transport via diffusion (extracellular to periplasm),Cytoplasmic,"Transport, Outer Membrane Porin",100000000.0,b1377 or b2215 or b0241 or b0929,38922.0,0.0,0,"[41220.0, 40368.0, 38922.0, 39333.0]","[0.0, 17383.90751, 0.0, 21633.15]","['Cytoplasmic', 'Cytoplasmic', 'Cytoplasmic', 'Cytoplasmic']","[0, 16, 0, 17]"
2504,3OXCOAT,3-oxoadipyl-CoA thiolase,Cytoplasmic,Alternate Carbon Metabolism,7.8,b1397,42277.0,0,0,[42277.0],[0.0],['Cytoplasmic'],[0]
2505,BTNt2ipp,Biotin transport via proton symport (periplasm),Cytoplasmic,"Transport, Inner Membrane",nan,,0,0,0,[0],[0],['Cytoplasmic'],[0]
2506,BTNtex_f,Biotin transport via diffusion (extracellular to periplasm),Cytoplasmic,"Transport, Outer Membrane Porin",100000000.0,b2215 or b1377 or b0241 or b0929,38922.0,0.0,0,"[40368.0, 41220.0, 38922.0, 39333.0]","[17383.90751, 0.0, 0.0, 21633.15]","['Cytoplasmic', 'Cytoplasmic', 'Cytoplasmic', 'Cytoplasmic']","[16, 0, 0, 17]"
2507,2DGULRGx,2-Dehydro-L-gulonate reductase to gluconate (NADH),Cytoplasmic,Alternate Carbon Metabolism,60503.775,b3553,35396.0,0,0,[35396.0],[0.0],['Cytoplasmic'],[0]
2508,2DGULRGy,2-Dehydro-L-gulonate reductase to gluconate (NADPH),Cytoplasmic,Alternate Carbon Metabolism,6.725,b3553,35396.0,0,0,[35396.0],[0.0],['Cytoplasmic'],[0]
2509,AP4AS,Ap4A synthetase,Cytoplasmic,Nucleotide Salvage Pathway,3.4,b4129,57827.0,0,0,[57827.0],[0.0],['Cytoplasmic'],[0]
2510,ARBTptspp,Arbutin transport via PEP:Pyr PTS (periplasm),Inner Membrane,"Transport, Inner Membrane",3204.0,(b3722 and b2416 and b2415) or (b2715 and b2416 and b2415),123707.0,22093.73196,10,"[139164.0, 123707.0]","[24572.1168, 22093.73196]","['Inner Membrane', 'Inner Membrane']","[11, 10]"
2511,ARBTtex,Arbutin transport via diffusion (extracellular to periplasm),Cytoplasmic,"Transport, Outer Membrane Porin",100000000.0,b2215 or b0929 or b1377 or b0241,38922.0,0.0,0,"[40368.0, 39333.0, 41220.0, 38922.0]","[17383.90751, 21633.15, 0.0, 0.0]","['Cytoplasmic', 'Cytoplasmic', 'Cytoplasmic', 'Cytoplasmic']","[16, 17, 0, 0]"
2512,EX_arbt_e_f,Arbutin exchange,Exchange,Extracellular exchange,nan,,0,0,0,[0],[0],['Exchange'],[0]
2513,DMSOtpp_f,Dimethyl sulfoxide transport via diffusion (periplasm),Inner Membrane,"Transport, Inner Membrane",nan,s0001,0,0,0,[0.0],[0.0],['Inner Membrane'],[0]
2514,PYDXtex_f,Pyridoxal transport via diffusion (extracellular),Cytoplasmic,"Transport, Outer Membrane Porin",100000000.0,b2215 or b0929 or b1377 or b0241,38922.0,0.0,0,"[40368.0, 39333.0, 41220.0, 38922.0]","[17383.90751, 21633.15, 0.0, 0.0]","['Cytoplasmic', 'Cytoplasmic', 'Cytoplasmic', 'Cytoplasmic']","[16, 17, 0, 0]"
2515,PYDXtpp,Pyridoxal import,Cytoplasmic,"Transport, Inner Membrane",nan,,0,0,0,[0],[0],['Cytoplasmic'],[0]
2516,SUCASPtpp_f,Succinate:aspartate antiporter (periplasm),Inner Membrane,"Transport, Inner Membrane",22.0,b4138 or b4123 or b0621,45751.0,18701.90993,10,"[45751.0, 47935.0, 48412.0]","[18701.90993, 17733.80045, 26463.82646]","['Inner Membrane', 'Inner Membrane', 'Inner Membrane']","[10, 9, 12]"
2517,SUCMALtpp_f,Succinate:malate antiporter (periplasm),Inner Membrane,"Transport, Inner Membrane",22.0,b4138 or b4123 or b0621,45751.0,18701.90993,10,"[45751.0, 47935.0, 48412.0]","[18701.90993, 17733.80045, 26463.82646]","['Inner Membrane', 'Inner Membrane', 'Inner Membrane']","[10, 9, 12]"
2518,PYDXNtex_f,Pyridoxine transport via diffusion (extracellular),Cytoplasmic,"Transport, Outer Membrane Porin",100000000.0,b2215 or b0929 or b1377 or b0241,38922.0,0.0,0,"[40368.0, 39333.0, 41220.0, 38922.0]","[17383.90751, 21633.15, 0.0, 0.0]","['Cytoplasmic', 'Cytoplasmic', 'Cytoplasmic', 'Cytoplasmic']","[16, 17, 0, 0]"
2519,PYDXNtpp,Pyridoxine import,Cytoplasmic,"Transport, Inner Membrane",nan,,0,0,0,[0],[0],['Cytoplasmic'],[0]
2520,PYDAMtex_f,Pyridoxamine transport via diffusion (extracellular),Cytoplasmic,"Transport, Outer Membrane Porin",100000000.0,b2215 or b0929 or b1377 or b0241,38922.0,0.0,0,"[40368.0, 39333.0, 41220.0, 38922.0]","[17383.90751, 21633.15, 0.0, 0.0]","['Cytoplasmic', 'Cytoplasmic', 'Cytoplasmic', 'Cytoplasmic']","[16, 17, 0, 0]"
2521,PYDAMtpp,Pyridoxamine import,Cytoplasmic,"Transport, Inner Membrane",nan,,0,0,0,[0],[0],['Cytoplasmic'],[0]
2522,13PPDH2_f,"1,3-propanediol dehydrogenase",Cytoplasmic,Alternate Carbon Metabolism,7.3275,b3011,42097.0,0,0,[42097.0],[0.0],['Cytoplasmic'],[0]
2523,TARTt2_3pp,D-tartrate transport via proton symport (3 H) (periplasm),Inner Membrane,"Transport, Inner Membrane",22.0,b4123,47935.0,17733.80045,9,[47935.0],[17733.80045],['Inner Membrane'],[9]
2524,SUCTARTtpp_f,Succinate:D-tartrate antiporter (periplasm),Inner Membrane,"Transport, Inner Membrane",22.0,b4123,47935.0,17733.80045,9,[47935.0],[17733.80045],['Inner Membrane'],[9]
2525,APCS,Aminopropylcadaverine synthase,Cytoplasmic,Arginine and Proline Metabolism,0.14,b0121,32321.0,0,0,[32321.0],[0.0],['Cytoplasmic'],[0]
2526,CHTBSptspp,Chitobiose transport via PEP:Pyr PTS (periplasm),Inner Membrane,"Transport, Inner Membrane",3204.0,(b1738 and b1737 and b1736) and b2415 and b2416,145188.0,22455.13274,10,[145188.0],[22455.13274],['Inner Membrane'],[10]
2527,CHTBStex_f,Chitobiose transport via diffusion (extracellular to periplasm),Cytoplasmic,"Transport, Outer Membrane Porin",100000000.0,b2215 or b0929 or b1377 or b0241 or b0681,38922.0,0.0,0,"[40368.0, 39333.0, 41220.0, 38922.0, 52780.0]","[17383.90751, 21633.15, 0.0, 0.0, 0.0]","['Cytoplasmic', 'Cytoplasmic', 'Cytoplasmic', 'Cytoplasmic', 'Cytoplasmic']","[16, 17, 0, 0, 0]"
2528,TRPtipp,L-tryptophan transport out (periplasm),Inner Membrane,"Transport, Inner Membrane",22.0,b1473,31539.0,22604.74403,10,[31539.0],[22604.74403],['Inner Membrane'],[10]
2529,TYRtipp,L-tyrosine transport out (periplasm),Inner Membrane,"Transport, Inner Membrane",22.0,b1473,31539.0,22604.74403,10,[31539.0],[22604.74403],['Inner Membrane'],[10]
2530,ThDPAT,ThDP adenylyl transferase,Cytoplasmic,Cofactor and Prosthetic Group Biosynthesis,nan,,0,0,0,[0],[0],['Cytoplasmic'],[0]
2531,GHBDHx_f,Gamma-hydroxybutyrate dehydrogenase (NADH),Cytoplasmic,Arginine and Proline Metabolism,213.4339433,b3882,31158.0,0,0,[31158.0],[0.0],['Cytoplasmic'],[0]
2532,APPLDHr_f,Aminopropanol dehydrogenase reversible,Cytoplasmic,Threonine and Lysine Metabolism,3.3,b3945,38712.0,0,0,[38712.0],[0.0],['Cytoplasmic'],[0]
2533,SPMDt3pp,Spermidine transport out via proton antiport (periplasm),Inner Membrane,"Transport, Inner Membrane",22.0,b1600 and b1599,24835.0,18136.554705000002,8,[24835.0],[18136.554705000002],['Inner Membrane'],[8]
2534,PHEtipp,L-phenylalanine transport out (periplasm),Inner Membrane,"Transport, Inner Membrane",22.0,b1473,31539.0,22604.74403,10,[31539.0],[22604.74403],['Inner Membrane'],[10]
2535,G2PP,Glycerol-2-phosphate phosphatase,Cytoplasmic,Alternate Carbon Metabolism,4.6,b2533,29172.0,0,0,[29172.0],[0.0],['Cytoplasmic'],[0]
2536,MALt3pp,L-malate transport out via proton antiport (periplasm),Cytoplasmic,"Transport, Inner Membrane",nan,,0,0,0,[0],[0],['Cytoplasmic'],[0]
2537,CITt3pp,Citrate transport out via proton antiport (periplasm),Cytoplasmic,"Transport, Inner Membrane",nan,,0,0,0,[0],[0],['Cytoplasmic'],[0]
2538,DHNPA2r_f,Dihydroneopterin aldolase reversible,Cytoplasmic,Cofactor and Prosthetic Group Biosynthesis,0.089,b3058,13620.0,0,0,[13620.0],[0.0],['Cytoplasmic'],[0]
2539,QUIN2tpp_f,Quinate transport (periplasm),Cytoplasmic,"Transport, Inner Membrane",nan,,0,0,0,[0],[0],['Cytoplasmic'],[0]
2540,GLYC2Pabcpp,Sn-Glycerol 2-phosphate transport via ABC system (periplasm),Inner Membrane,"Transport, Inner Membrane",95.19583333,b3450 and b3453 and b3451 and b3452,152737.0,28332.229740000002,12,[152737.0],[28332.229740000002],['Inner Membrane'],[12]
2541,CRNDtex_f,D-carnitine transport via diffusion (extracellular to periplasm),Cytoplasmic,"Transport, Outer Membrane Porin",100000000.0,b1377 or b2215 or b0241 or b0929,38922.0,0.0,0,"[41220.0, 40368.0, 38922.0, 39333.0]","[0.0, 17383.90751, 0.0, 21633.15]","['Cytoplasmic', 'Cytoplasmic', 'Cytoplasmic', 'Cytoplasmic']","[0, 16, 0, 17]"
2542,SHGO,S-2-hydroxyglutarate oxidase,Cytoplasmic,Glycine and Serine Metabolism,4.7,b2660,46082.0,0,0,[46082.0],[0.0],['Cytoplasmic'],[0]
2543,NADHXD,NADHX dehydratase,Cytoplasmic,Metabolite Repair,0.33,b4167,54650.0,0,0,[54650.0],[0.0],['Cytoplasmic'],[0]
2544,NADPHHR,NADPH hydratase,Inner Membrane,Metabolite Repair,73.56,s0001 or b1779,0,0,0,"[0.0, 35532.0]","[0.0, 0.0]","['Inner Membrane', 'Cytoplasmic']","[0, 0]"
2545,NADPHHS,NADPH hydratase,Inner Membrane,Metabolite Repair,73.56,b1779 or s0001,0,0.0,0,"[35532.0, 0.0]","[0.0, 0.0]","['Cytoplasmic', 'Inner Membrane']","[0, 0]"
2546,NADHHS,NADH hydratase,Inner Membrane,Metabolite Repair,73.6,s0001 or b1779,0,0,0,"[0.0, 35532.0]","[0.0, 0.0]","['Inner Membrane', 'Cytoplasmic']","[0, 0]"
2547,NADHXE_f,NADHX epimerase,Cytoplasmic,Metabolite Repair,0.33,b4167,54650.0,0,0,[54650.0],[0.0],['Cytoplasmic'],[0]
2548,SELabcpp,Selenatenate transport via ABC system (periplasm),Inner Membrane,Inorganic Ion Transport and Metabolism,95.19583333,(b2423 and b2422 and b2425 and b2424) or (b2423 and b2422 and b3917 and b2424),140548.0,30164.15647,13,"[141504.0, 140548.0]","[30164.15647, 30164.15647]","['Inner Membrane', 'Inner Membrane']","[13, 13]"
2549,PYK2,Pyruvate kinase(2),Cytoplasmic,Nucleotide Salvage Pathway,3204.0,b1854,51357.0,0,0,[51357.0],[0.0],['Cytoplasmic'],[0]
2550,PYK3,Pyruvate kinase(3),Cytoplasmic,Nucleotide Salvage Pathway,110.0,b1854,51357.0,0,0,[51357.0],[0.0],['Cytoplasmic'],[0]
2551,PYK4,Pyruvate kinase(4),Cytoplasmic,Nucleotide Salvage Pathway,3204.0,b1854,51357.0,0,0,[51357.0],[0.0],['Cytoplasmic'],[0]
2552,NADPHXD,NADPHX dehydratase,Cytoplasmic,Metabolite Repair,0.33,b4167,54650.0,0,0,[54650.0],[0.0],['Cytoplasmic'],[0]
2553,NADHHR,NADH hydratase,Inner Membrane,Metabolite Repair,73.6,s0001 or b1779,0,0,0,"[0.0, 35532.0]","[0.0, 0.0]","['Inner Membrane', 'Cytoplasmic']","[0, 0]"
2554,NADPHXE_f,NADPHX epimerase,Cytoplasmic,Metabolite Repair,0.33,b4167,54650.0,0,0,[54650.0],[0.0],['Cytoplasmic'],[0]
2555,ALAtpp,L-alanine export via facilited diffusion,Inner Membrane,"Transport, Inner Membrane",100000000.0,b2670,16949.0,9555.14094,4,[16949.0],[9555.14094],['Inner Membrane'],[4]
2556,DHBSZ3FEabcpp,23dhbsz3 Fe III transport via ABC system periplasm,Inner Membrane,Inorganic Ion Transport and Metabolism,95.19583333,b0588 and b0589 and b0590 and b0592,132848.0,39160.43304,18,[132848.0],[39160.43304],['Inner Membrane'],[18]
2557,FE3DHBZS3R,"Fe(III)-(2,3-dihydroxybenzoylserine)3 reductase via NADPH",Cytoplasmic,Inorganic Ion Transport and Metabolism,1.475,b3070,28872.0,0,0,[28872.0],[0.0],['Cytoplasmic'],[0]
2558,DXYLONtpp_f,D-xylonate reversible tranposrt (periplasm),Cytoplasmic,"Transport, Inner Membrane",nan,,0,0,0,[0],[0],['Cytoplasmic'],[0]
2559,DXYLTD_f,D-xylonate dehydratase,Cytoplasmic,Alternate Carbon Metabolism,368.4865,b0269 or b4297,69399.0,0,0,"[69399.0, 70017.0]","[0.0, 0.0]","['Cytoplasmic', 'Cytoplasmic']","[0, 0]"
2560,2DDARAA_f,2-dehydro-3-deoxy-D-arabinonate Aldolase,Cytoplasmic,Alternate Carbon Metabolism,13.15414286,b4298 or b0268,32530.0,0.0,0,"[32722.0, 32530.0]","[0.0, 0.0]","['Cytoplasmic', 'Cytoplasmic']","[0, 0]"
2561,2DGLCptspp,2-Deoxy-D-glucose transport via PEP:Pyr PTS (periplasm),Inner Membrane,"Transport, Inner Membrane",1618.85,b2415 and b1817 and b1819 and b2416 and b1818,166320.0,25948.7428,10,[166320.0],[25948.7428],['Inner Membrane'],[10]
2562,GNP,Phosphogluconate phosphatase,Cytoplasmic,Alternate Carbon Metabolism,749.8136875,b3715 or b2690,20780.0,0.0,0,"[24664.0, 20780.0]","[0.0, 0.0]","['Cytoplasmic', 'Cytoplasmic']","[0, 0]"
2563,ALLTAMH2,Allantoate amidinohydrolase,Cytoplasmic,Nitrogen Metabolism,18.0,b0516,45694.0,0,0,[45694.0],[0.0],['Cytoplasmic'],[0]
2564,UGCIAMH,Ureidoglycine aminohydrolase,Cytoplasmic,Nitrogen Metabolism,761.0,b0515,28730.0,0,0,[28730.0],[0.0],['Cytoplasmic'],[0]
2565,METGLCUR,1-O-Methyl-Beta-D-glucuronidase,Cytoplasmic,Alternate Carbon Metabolism,0.001,b1617,68447.0,0,0,[68447.0],[0.0],['Cytoplasmic'],[0]
2566,ACOAD1fr,Acyl-CoA dehydrogenase (butanoyl-CoA),Cytoplasmic,Membrane Lipid Metabolism,11.5,b1695,43002.0,0,0,[43002.0],[0.0],['Cytoplasmic'],[0]
2567,23DOGULNt4pp,"Na+/ 2,3-Dioxo-L-gulonate symport (periplasm)",Inner Membrane,"Transport, Inner Membrane",22.0,b3577 and b3579 and b3578,98854.0,34588.294579,15,[98854.0],[34588.294579],['Inner Membrane'],[15]
2568,FE3DCITexs,Dicitrate Fe(III) binding (spontaneous),Inner Membrane,Inorganic Ion Transport and Metabolism,nan,s0001,0,0,0,[0.0],[0.0],['Inner Membrane'],[0]
2569,FEENTERES,Enterochelin Esterase (Fe containing),Cytoplasmic,Inorganic Ion Transport and Metabolism,22.0,b0585,45652.0,0,0,[45652.0],[0.0],['Cytoplasmic'],[0]
2570,FEENTERR4,Fe-enterobactin reduction via nadph,Cytoplasmic,Inorganic Ion Transport and Metabolism,1.475,b3070,28872.0,0,0,[28872.0],[0.0],['Cytoplasmic'],[0]
2571,DXYLONtex_f,D-xylonate transport via diffusion (extracellular),Cytoplasmic,"Transport, Outer Membrane Porin",100000000.0,b1377 or b0929 or b2215,39333.0,21633.15,17,"[41220.0, 39333.0, 40368.0]","[0.0, 21633.15, 17383.90751]","['Cytoplasmic', 'Cytoplasmic', 'Cytoplasmic']","[0, 17, 16]"
2572,PSURItex_f,Pseudouridine transport via diffusion (extracellular to periplasm),Cytoplasmic,"Transport, Outer Membrane Porin",100000000.0,b0929 or b1377 or b2215 or b0241,38922.0,0.0,0,"[39333.0, 41220.0, 40368.0, 38922.0]","[21633.15, 0.0, 17383.90751, 0.0]","['Cytoplasmic', 'Cytoplasmic', 'Cytoplasmic', 'Cytoplasmic']","[17, 0, 16, 0]"
2573,ALR2x,Aldose reductase (methylglyoxal) (nadh),Cytoplasmic,Methylglyoxal Metabolism,171.5562908,b1771,36329.0,0,0,[36329.0],[0.0],['Cytoplasmic'],[0]
2574,OMPHHXy,2-octaprenyl-6-methoxyphenol hydroxylase (NADPH),Cytoplasmic,Cofactor and Prosthetic Group Biosynthesis,6.470507937,b2907,42288.0,0,0,[42288.0],[0.0],['Cytoplasmic'],[0]
2575,CHLt3pp,Choline transport via proton antiport (periplasm),Inner Membrane,"Transport, Inner Membrane",22.0,b0543,11958.0,8479.309091,4,[11958.0],[8479.309091],['Inner Membrane'],[4]
2576,GLYBt3pp,Glycine betaine transport via proton antiport (periplasm),Inner Membrane,"Transport, Inner Membrane",22.0,b0543,11958.0,8479.309091,4,[11958.0],[8479.309091],['Inner Membrane'],[4]
2577,AI2tpp,Quorum signal AI-2 exporter,Inner Membrane,"Transport, Inner Membrane",22.0,b1601,37543.0,18334.95349,8,[37543.0],[18334.95349],['Inner Membrane'],[8]
2578,Ftpp,F- efflux transport,Inner Membrane,"Transport, Inner Membrane",22.0,b0624,13777.0,9112.346457,4,[13777.0],[9112.346457],['Inner Membrane'],[4]
2579,SQVOSI,Sulfoquinovose isomerase,Cytoplasmic,Alternate Carbon Metabolism,1265.461667,b3880,47433.0,0,0,[47433.0],[0.0],['Cytoplasmic'],[0]
2580,6D6SPA,6-deoxy-6-sulfofructose-1-phosphate aldolase,Cytoplasmic,Alternate Carbon Metabolism,13.15414286,b3881,31983.0,0,0,[31983.0],[0.0],['Cytoplasmic'],[0]
2581,DHPStr,"2,3-dihydroxypropane 1-sulfonate transporter",Inner Membrane,"Transport, Inner Membrane",22.0,b3877,50982.0,27868.68547,12,[50982.0],[27868.68547],['Inner Membrane'],[12]
2582,SQtr,Sulfoquinovose transporter,Inner Membrane,"Transport, Inner Membrane",22.0,b3876,51574.0,27830.08137,12,[51574.0],[27830.08137],['Inner Membrane'],[12]
2583,DHPStex_f,"2,3-dihydroxypropane 1-sulfonate transport via diffusion",Cytoplasmic,"Transport, Outer Membrane",100000000.0,b3875,27200.0,0,0,[27200.0],[0.0],['Cytoplasmic'],[0]
2584,FMNtex_f,"FMN transport, outer membrane",Cytoplasmic,"Transport, Outer Membrane",22.0,b0929 or b0241 or b2215 or b1377,38922.0,0.0,0,"[39333.0, 38922.0, 40368.0, 41220.0]","[21633.15, 0.0, 17383.90751, 0.0]","['Cytoplasmic', 'Cytoplasmic', 'Cytoplasmic', 'Cytoplasmic']","[17, 0, 16, 0]"
2585,EX_dxylnt_e_f,D-Xylonate exchange,Exchange,Extracellular exchange,nan,,0,0,0,[0],[0],['Exchange'],[0]
2586,AI2K,Autoinducer-2 kinase,Cytoplasmic,Methionine Metabolism,7.6,b1511,57545.0,0,0,[57545.0],[0.0],['Cytoplasmic'],[0]
2587,CLBtex_f,Cellobiose transport transport via diffusion extracellular to periplasm,Cytoplasmic,"Transport, Outer Membrane",100000000.0,b0241 or b1377 or b0929 or b2215,38922.0,0.0,0,"[38922.0, 41220.0, 39333.0, 40368.0]","[0.0, 0.0, 21633.15, 17383.90751]","['Cytoplasmic', 'Cytoplasmic', 'Cytoplasmic', 'Cytoplasmic']","[0, 0, 17, 16]"
2588,ACOXT_f,Acetyl-CoA:oxalate CoA-transferase,Cytoplasmic,Membrane Lipid Metabolism,13.0,b2371,41671.0,0,0,[41671.0],[0.0],['Cytoplasmic'],[0]
2589,EX_mththf_e_f,"(2R,4S)-2-methyl-2,3,3,4-tetrahydroxytetrahydrofuran exchange",Exchange,Extracellular exchange,nan,,0,0,0,[0],[0],['Exchange'],[0]
2590,2HESR,2-hydroxyethyldisulfide reductase,Cytoplasmic,Alternate Carbon Metabolism,8.4,b2989 or b2302,24516.0,0.0,0,"[32392.0, 24516.0]","[0.0, 0.0]","['Cytoplasmic', 'Cytoplasmic']","[0, 0]"
2591,CHOLID,7-?-hydroxysteroid dehydrogenase,Cytoplasmic,Alternate Carbon Metabolism,107.15,b1619,26779.0,0,0,[26779.0],[0.0],['Cytoplasmic'],[0]
2592,CHOLATEtpp,Cholate transport via proton antiport,Inner Membrane,"Transport, Inner Membrane",22.0,b4337,44688.0,27466.77073,12,[44688.0],[27466.77073],['Inner Membrane'],[12]
2593,4ABZGLUH_f,P-aminobenzoyl-glutamate hydrolase,Cytoplasmic,Cofactor and Prosthetic Group Biosynthesis,14.75,b1337 and b1338,98782.0,0,0,[98782.0],[0.0],['Cytoplasmic'],[0]
2594,4ABZGLUtr_f,P-aminobenzoyl glutamate:H+ symporter,Inner Membrane,"Transport, Inner Membrane",22.0,b1336,54886.0,29171.69291,13,[54886.0],[29171.69291],['Inner Membrane'],[13]
2595,PHDA,Phenylhydantoinase,Cytoplasmic,Alternate Carbon Metabolism,94.65,b2873,51025.0,0,0,[51025.0],[0.0],['Cytoplasmic'],[0]
2596,TEO2M,Tellurite methyltransferase,Cytoplasmic,Unassigned,0.0524684,b1430,22531.0,0,0,[22531.0],[0.0],['Cytoplasmic'],[0]
2597,PACOAT,Phenylacetyl-CoA thioesterase,Cytoplasmic,Alternate Carbon Metabolism,4.905,b1396,14851.0,0,0,[14851.0],[0.0],['Cytoplasmic'],[0]
2598,CYSItpp,Cystine efflux transport,Inner Membrane,"Transport, Inner Membrane",22.0,b3943,32866.0,22929.76744,10,[32866.0],[22929.76744],['Inner Membrane'],[10]
2599,DHPTDNR,Dihydropteridine reductase,Cytoplasmic,Alternate Carbon Metabolism,20.0,b0578,23905.0,0,0,[23905.0],[0.0],['Cytoplasmic'],[0]
2600,DHPTDNRN,Dihydropteridine reductase (NADH),Cytoplasmic,Alternate Carbon Metabolism,152.75,b0578,23905.0,0,0,[23905.0],[0.0],['Cytoplasmic'],[0]
2601,PCNO_f,Propanoyl-CoA:NADP+ 2-oxidoreductase,Cytoplasmic,Alternate Carbon Metabolism,45.0,b3253,34724.0,0,0,[34724.0],[0.0],['Cytoplasmic'],[0]
2602,HPACOAT,Hydroxyphenylacetyl-CoA thioesterase,Cytoplasmic,Alternate Carbon Metabolism,100.0,b1396,14851.0,0,0,[14851.0],[0.0],['Cytoplasmic'],[0]
2603,PUACGAMtr,"Transport of poly-?-1,6-N-acetyl-D-glucosamine (poly-?-1,6-N-acetyl-D-glucosamine synthase)",Inner Membrane,"Transport, Inner Membrane",18.3185,b1021 and b1022,66848.0,17017.391035,7,[66848.0],[17017.391035],['Inner Membrane'],[7]
2604,DC6PDA,Chito-oligosaccharide mono-deacetylase,Cytoplasmic,Alternate Carbon Metabolism,29.5,b1733,27774.0,0,0,[27774.0],[0.0],['Cytoplasmic'],[0]
2605,5DGLCNR,5-dehydro-D-gluconate reductase,Cytoplasmic,Alternate Carbon Metabolism,7.3275,b4266,27563.0,0,0,[27563.0],[0.0],['Cytoplasmic'],[0]
2606,PIt2rpp,Phosphate reversible transport via symport (periplasm),Inner Membrane,Inorganic Ion Transport and Metabolism,22.0,b3493 or b2987,53389.0,22468.31663,10,"[53389.0, 53809.0]","[22468.31663, 22645.07014]","['Inner Membrane', 'Inner Membrane']","[10, 10]"
2607,LEUt2rpp,L-leucine reversible transport via proton symport (periplasm),Inner Membrane,"Transport, Inner Membrane",22.0,b0401,46209.0,26525.43964,12,[46209.0],[26525.43964],['Inner Membrane'],[12]
2608,LCTStpp,Lactose transport via proton symport (periplasm),Inner Membrane,"Transport, Inner Membrane",22.0,b0343,46503.0,33009.32374,12,[46503.0],[33009.32374],['Inner Membrane'],[12]
2609,ILEt3pp,L-isoleucine transport out via proton antiport (periplasm),Inner Membrane,"Transport, Inner Membrane",22.0,b4141,44778.0,24745.73684,11,[44778.0],[24745.73684],['Inner Membrane'],[11]
2610,METt3pp,L-methionine tranport out via proton antiport (periplasm),Inner Membrane,"Transport, Inner Membrane",22.0,b1798 or b4141,23201.0,13789.27358,6,"[23201.0, 44778.0]","[13789.27358, 24745.73684]","['Inner Membrane', 'Inner Membrane']","[6, 11]"
2611,GSNt3pp,Guanosine transport out via proton antiport (periplasm),Inner Membrane,"Transport, Inner Membrane",22.0,b3662,41842.0,26626.72727,12,[41842.0],[26626.72727],['Inner Membrane'],[12]
2612,CLtipp,Chloride ion transport in via diffusion (periplasm),Inner Membrane,Inorganic Ion Transport and Metabolism,100000000.0,b1592,44153.0,22393.38756,10,[44153.0],[22393.38756],['Inner Membrane'],[10]
2613,5DKGR_f,5-keto-D-gluconate 5-reductase,Cytoplasmic,Alternate Carbon Metabolism,0.024,b2842 or b4266,27070.0,0,0,"[27070.0, 27563.0]","[0.0, 0.0]","['Cytoplasmic', 'Cytoplasmic']","[0, 0]"
2614,PItpp,Phosphate export via facillated diffusion (periplasm),Inner Membrane,Inorganic Ion Transport and Metabolism,100000000.0,b4020,59467.0,18398.62983,8,[59467.0],[18398.62983],['Inner Membrane'],[8]
2615,LEUt3pp,L-leucine transport out via proton antiport (periplasm),Inner Membrane,"Transport, Inner Membrane",22.0,b1798 or b4141,23201.0,13789.27358,6,"[23201.0, 44778.0]","[13789.27358, 24745.73684]","['Inner Membrane', 'Inner Membrane']","[6, 11]"
2616,INSt3pp,Inosine transport out via proton antiport (perisplasm),Inner Membrane,"Transport, Inner Membrane",22.0,b3662,41842.0,26626.72727,12,[41842.0],[26626.72727],['Inner Membrane'],[12]
2617,INDOLEt2rpp,"Indole transport via proton symport, reversible (periplasm)",Inner Membrane,"Transport, Inner Membrane",22.0,b3161,44333.0,24736.52899,11,[44333.0],[24736.52899],['Inner Membrane'],[11]
2618,ILEt2rpp,L-isoleucine reversible transport via proton symport (periplasm),Inner Membrane,"Transport, Inner Membrane",22.0,b0401,46209.0,26525.43964,12,[46209.0],[26525.43964],['Inner Membrane'],[12]
2619,GLYtpp_f,Glycine transport via facillitated diffusion,Inner Membrane,"Transport, Inner Membrane",100000000.0,b3927,29780.0,14837.01068,6,[29780.0],[14837.01068],['Inner Membrane'],[6]
2620,PYK6,RE2954,Cytoplasmic,Nucleotide Salvage Pathway,3204.0,b1854,51357.0,0,0,[51357.0],[0.0],['Cytoplasmic'],[0]
2621,FADt,"FAD transporter, periplasm",Inner Membrane,"Transport, Inner Membrane",22.0,b1985,60061.0,25583.57038,11,[60061.0],[25583.57038],['Inner Membrane'],[11]
2622,FADtex_f,"FAD transport, outer membrane",Cytoplasmic,"Transport, Outer Membrane",22.0,b0241 or b2215 or b1377 or b0929,38922.0,0.0,0,"[38922.0, 40368.0, 41220.0, 39333.0]","[0.0, 17383.90751, 0.0, 21633.15]","['Cytoplasmic', 'Cytoplasmic', 'Cytoplasmic', 'Cytoplasmic']","[0, 16, 0, 17]"
2623,AI2abcpp,Autoinducer-2 ABC transporter,Inner Membrane,"Transport, Inner Membrane",95.19583333,b1516 and b1513 and b1515 and b1514,163357.0,42039.57177,19,[163357.0],[42039.57177],['Inner Membrane'],[19]
2624,PAI2I,Phospho-AI-2 isomerase,Cytoplasmic,Methionine Metabolism,1265.461667,b1518,11255.0,0,0,[11255.0],[0.0],['Cytoplasmic'],[0]
2625,4HBZt3pp,4-hydroxybenzoate transport out via antiporter,Inner Membrane,"Transport, Inner Membrane",22.0,b3240 and b3241,108366.0,28309.192986,12,[108366.0],[28309.192986],['Inner Membrane'],[12]
2626,CURR,NADPH-dependent curcumin reductase,Cytoplasmic,Alternate Carbon Metabolism,9.5,b1449,37610.0,0,0,[37610.0],[0.0],['Cytoplasmic'],[0]
2627,LKDRA_f,2-keto-3-deoxy-L-rhamnonate aldolase,Cytoplasmic,Alternate Carbon Metabolism,0.35,b2245,28916.0,0,0,[28916.0],[0.0],['Cytoplasmic'],[0]
2628,METNA_f,L-amino acid N-acyltransferase,Cytoplasmic,Methionine Metabolism,32.4876,b1448,19248.0,0,0,[19248.0],[0.0],['Cytoplasmic'],[0]
2629,XYHDL,?-D-xyloside xylohydrolase,Cytoplasmic,Cell Envelope Biosynthesis,51.3,b3656,88079.0,0,0,[88079.0],[0.0],['Cytoplasmic'],[0]
2630,2DGLCtex_f,2-Deoxy-D-glucose transport via diffusion (extracellular),Cytoplasmic,"Transport, Outer Membrane",100000000.0,b1377 or b0241 or b2215 or b0929,38922.0,0.0,0,"[41220.0, 38922.0, 40368.0, 39333.0]","[0.0, 0.0, 17383.90751, 21633.15]","['Cytoplasmic', 'Cytoplasmic', 'Cytoplasmic', 'Cytoplasmic']","[0, 0, 16, 17]"
2631,E4PP,Erythrose-4-phosphate phosphatase,Cytoplasmic,Alternate Carbon Metabolism,0.766,b0822 or b2293 or b2690 or b3826 or b1727,20780.0,0.0,0,"[30413.0, 23008.0, 20780.0, 29708.0, 24330.0]","[0.0, 0.0, 0.0, 0.0, 0.0]","['Cytoplasmic', 'Cytoplasmic', 'Cytoplasmic', 'Cytoplasmic', 'Cytoplasmic']","[0, 0, 0, 0, 0]"
2632,PUACGAMS_f,"Poly-?-1,6-N-acetyl-D-glucosamine synthase",Inner Membrane,Cell Envelope Biosynthesis,35.875,b1021 and b1022,66848.0,17017.391035,7,[66848.0],[17017.391035],['Inner Membrane'],[7]
2633,RU5PP,Ribulose-5-Phosphate Phosphatase,Cytoplasmic,Alternate Carbon Metabolism,0.012,b2293,23008.0,0,0,[23008.0],[0.0],['Cytoplasmic'],[0]
2634,6D6SFK,6-deoxy-6-sulfofructose kinase,Cytoplasmic,Alternate Carbon Metabolism,14.80483333,b3883,31728.0,0,0,[31728.0],[0.0],['Cytoplasmic'],[0]
2635,3SLAR,3-sulfolactaldehyde reductase,Cytoplasmic,Alternate Carbon Metabolism,213.4339433,b3882,31158.0,0,0,[31158.0],[0.0],['Cytoplasmic'],[0]
2636,SQtex_f,Sulphoquinovose transport via diffusion,Cytoplasmic,"Transport, Outer Membrane",100000000.0,b3875,27200.0,0,0,[27200.0],[0.0],['Cytoplasmic'],[0]
2637,EX_dhps_e_f,"2,3-Dihydroxypropane-1-sulfonate exchange",Exchange,Extracellular exchange,nan,,0,0,0,[0],[0],['Exchange'],[0]
2638,MOX,Malate oxidase,Cytoplasmic,Citric Acid Cycle,nan,,0,0,0,[0],[0],['Cytoplasmic'],[0]
2639,URATEtex_f,Uric acid transport,Cytoplasmic,"Transport, Outer Membrane Porin",22.0,b2215 or b0241 or b0929 or b1377,38922.0,0.0,0,"[40368.0, 38922.0, 39333.0, 41220.0]","[17383.90751, 0.0, 21633.15, 0.0]","['Cytoplasmic', 'Cytoplasmic', 'Cytoplasmic', 'Cytoplasmic']","[16, 0, 17, 0]"
2640,EX_cs1_e_f,Cesium ion exchange,Exchange,Extracellular exchange,nan,,0,0,0,[0],[0],['Exchange'],[0]
2641,CBL1tonex,Cob(1)alamin transport via ton system (extermal),Inner Membrane,"Transport, Outer Membrane",22.0,(b1252 and b3005 and b3006) and b3966,136315.0,49512.635694,27,[136315.0],[49512.635694],['Inner Membrane'],[27]
2642,CBItonex,Cobinamide transport via ton system (extermal),Inner Membrane,"Transport, Outer Membrane",22.0,(b1252 and b3005 and b3006) and b3966,136315.0,49512.635694,27,[136315.0],[49512.635694],['Inner Membrane'],[27]
2643,ARHGDx_f,(R)-alpha-hydroxyglutarate dehydrogenase,Cytoplasmic,Glycine and Serine Metabolism,110.6,b2913,44176.0,0,0,[44176.0],[0.0],['Cytoplasmic'],[0]
2644,CPL,Carbon-phosphorous lyase,Cytoplasmic,Alternate Carbon Metabolism,126.7850538,b4098,31845.0,0,0,[31845.0],[0.0],['Cytoplasmic'],[0]
2645,EX_mepn_e_f,Methylphosphonic acid exchange,Exchange,Extracellular exchange,nan,,0,0,0,[0],[0],['Exchange'],[0]
2646,CH4t2pp,Methane Transport(periplasm),Cytoplasmic,"Transport, Inner Membrane",nan,,0,0,0,[0],[0],['Cytoplasmic'],[0]
2647,INOSTO_f,Myo-Inositol:oxygen oxidoreductase,Cytoplasmic,Alternate Carbon Metabolism,3.7015,b3488,61164.0,0,0,[61164.0],[0.0],['Cytoplasmic'],[0]
2648,HPYRP,3-phosphohydroxypyruvate phosphatase,Cytoplasmic,Alternate Carbon Metabolism,90.13177273,b1813,21436.0,0,0,[21436.0],[0.0],['Cytoplasmic'],[0]
2649,PSURIK,Pseudouridine kinase,Cytoplasmic,Purine and Pyrimidine Biosynthesis,14.80483333,b2166,33573.0,0,0,[33573.0],[0.0],['Cytoplasmic'],[0]
2650,Ftex_f,Fluoride transport via diffusion,Cytoplasmic,"Transport, Outer Membrane Porin",100000000.0,b0241 or b0929 or b2215 or b1377,38922.0,0.0,0,"[38922.0, 39333.0, 40368.0, 41220.0]","[0.0, 21633.15, 17383.90751, 0.0]","['Cytoplasmic', 'Cytoplasmic', 'Cytoplasmic', 'Cytoplasmic']","[0, 17, 16, 0]"
2651,CYSItex_f,L cystine transport via diffusion extracellular to periplasm,Cytoplasmic,"Transport, Outer Membrane Porin",100000000.0,b0929 or b0241 or b1377 or b2215,38922.0,0.0,0,"[39333.0, 38922.0, 41220.0, 40368.0]","[21633.15, 0.0, 0.0, 17383.90751]","['Cytoplasmic', 'Cytoplasmic', 'Cytoplasmic', 'Cytoplasmic']","[17, 0, 0, 16]"
2652,SERtpp,L-serine export via facilitated transport,Inner Membrane,"Transport, Inner Membrane",22.0,b1533,32324.0,22702.47492,10,[32324.0],[22702.47492],['Inner Membrane'],[10]
2653,QUINDHyi,Quinate dehydrogenase (NADP),Cytoplasmic,"Tyrosine, Tryptophan, and Phenylalanine Metabolism",0.0825,b1692,31228.0,0,0,[31228.0],[0.0],['Cytoplasmic'],[0]
2654,DHGLYH,Dehydroglycine Hydratase,Inner Membrane,Glyoxylate Metabolism,nan,s0001,0,0,0,[0.0],[0.0],['Inner Membrane'],[0]
2655,PNSPA,Purine Nucleoside Phorphoramidase,Cytoplasmic,Purine and Pyrimidine Biosynthesis,1.12,b1103,13241.0,0,0,[13241.0],[0.0],['Cytoplasmic'],[0]
2656,4HTHRK,4-Hydroxy-L-threonine kinase,Cytoplasmic,Glycine and Serine Metabolism,14.2,b0003,33624.0,0,0,[33624.0],[0.0],['Cytoplasmic'],[0]
2657,EX_sq_e_f,Sulphoquinovose exchange,Exchange,Extracellular exchange,nan,,0,0,0,[0],[0],['Exchange'],[0]
2658,URATEtpp,Uric acid transporter,Inner Membrane,"Transport, Inner Membrane",22.0,b2888,51758.0,27060.19917,12,[51758.0],[27060.19917],['Inner Membrane'],[12]
2659,CS1tex_f,Cesium transport via diffusion,Cytoplasmic,"Transport, Outer Membrane",100000000.0,b0929 or b2215 or b0241 or b1377,38922.0,0.0,0,"[39333.0, 40368.0, 38922.0, 41220.0]","[21633.15, 17383.90751, 0.0, 0.0]","['Cytoplasmic', 'Cytoplasmic', 'Cytoplasmic', 'Cytoplasmic']","[17, 16, 0, 0]"
2660,ADOCBLtonex,Adenosylcobalimin transport via ton system (extermal),Inner Membrane,"Transport, Outer Membrane",22.0,(b1252 and b3005 and b3006) and b3966,136315.0,49512.635694,27,[136315.0],[49512.635694],['Inner Membrane'],[27]
2661,PETNT181pp,Phosphoethanolamine transferase (c-C16:1),Inner Membrane,Lipopolysaccharide Biosynthesis / Recycling,1.0,b3546,63804.0,11899.50266,5,[63804.0],[11899.50266],['Inner Membrane'],[5]
2662,ARMEPNS,?-D-ribose 1-methylphosphonate 5-triphosphate synthase,Cytoplasmic,Alternate Carbon Metabolism,1.0,b4096 and b4100 and b4099 and b4101,101125.0,0,0,[101125.0],[0.0],['Cytoplasmic'],[0]
2663,RPNTPH,RPnTP hydrolase,Cytoplasmic,Alternate Carbon Metabolism,90.13177273,b4095,42010.0,0,0,[42010.0],[0.0],['Cytoplasmic'],[0]
2664,PRCPD,"5-phospho-?-D-ribosyl 1,2-cyclic phosphate phosphodiesterase",Cytoplasmic,Alternate Carbon Metabolism,1.71,b4092,27848.0,0,0,[27848.0],[0.0],['Cytoplasmic'],[0]
2665,MEPNtex_f,Methylphosphonic acid transport via diffusion (extracellular to periplasm),Cytoplasmic,"Transport, Outer Membrane",100000000.0,b0929 or b0241 or b2215 or b1377,38922.0,0.0,0,"[39333.0, 38922.0, 40368.0, 41220.0]","[21633.15, 0.0, 17383.90751, 0.0]","['Cytoplasmic', 'Cytoplasmic', 'Cytoplasmic', 'Cytoplasmic']","[17, 0, 16, 0]"
2666,UDPGPT_f,Undecaprenyl-phosphate glucose phosphotransferase,Inner Membrane,Cell Envelope Biosynthesis,5.315,b2047,52408.0,11859.56897,5,[52408.0],[11859.56897],['Inner Membrane'],[5]
2667,MEPNabcpp,Methylpshophonic acid abc transporter,Inner Membrane,"Transport, Inner Membrane",95.19583333,b4104 and b4105 and b4106,89599.0,6971.898058,3,[89599.0],[6971.898058],['Inner Membrane'],[3]
2668,OMMBLHXy,"2-Octaprenyl-3-methyl-6-methoxy-1,4-benzoquinol hydroxylase (NADPHl)",Cytoplasmic,Cofactor and Prosthetic Group Biosynthesis,6.470507937,b0662,42953.0,0,0,[42953.0],[0.0],['Cytoplasmic'],[0]
2669,OPHHXy,2-Octaprenylphenol hydroxylase (NADPH),Cytoplasmic,Cofactor and Prosthetic Group Biosynthesis,6.470507937,b2906,44245.0,0,0,[44245.0],[0.0],['Cytoplasmic'],[0]
2670,PROD3,Proline dehydrogenase (q8),Cytoplasmic,Arginine and Proline Metabolism,20.0,b1014,143815.0,0,0,[143815.0],[0.0],['Cytoplasmic'],[0]
2671,F1PP,D-fructose 1-phosphate phosphatase,Cytoplasmic,Alternate Carbon Metabolism,0.012,b2690 or b2293 or b0822 or b3697,20780.0,0,0,"[20780.0, 23008.0, 30413.0, 29721.0]","[0.0, 0.0, 0.0, 0.0]","['Cytoplasmic', 'Cytoplasmic', 'Cytoplasmic', 'Cytoplasmic']","[0, 0, 0, 0]"
2672,ACP1p,Acid phosphatase (FMN),Cytoplasmic,Cofactor and Prosthetic Group Biosynthesis,33.0,b0383,49439.0,0,0,[49439.0],[0.0],['Cytoplasmic'],[0]
2673,EX_4abzglu_e_f,4-aminobenzoyl-glutamate exchange,Exchange,Extracellular exchange,nan,,0,0,0,[0],[0],['Exchange'],[0]
2674,3HPADHi,3-Hydroxypropanal Dehydrogenase,Cytoplasmic,Alternate Carbon Metabolism,0.0017,b1300,53419.0,0,0,[53419.0],[0.0],['Cytoplasmic'],[0]
2675,4ABZGLUtex_f,P-aminobenzoyl glutamate transport via diffusion (extracellular to periplasm),Cytoplasmic,"Transport, Outer Membrane",100000000.0,b0241 or b1377 or b2215 or b0929,38922.0,0.0,0,"[38922.0, 41220.0, 40368.0, 39333.0]","[0.0, 0.0, 17383.90751, 21633.15]","['Cytoplasmic', 'Cytoplasmic', 'Cytoplasmic', 'Cytoplasmic']","[0, 0, 16, 17]"
2676,2HPTCOAT,"2-hydroxycyclohepta-1,4,6-triene-1-carboxyl-CoA thioesterase",Cytoplasmic,Alternate Carbon Metabolism,22.0,b1400,21325.0,0,0,[21325.0],[0.0],['Cytoplasmic'],[0]
2677,EX_metglcur_e_f,1-O-methyl-Beta-D-glucuronate exchange,Exchange,Extracellular exchange,nan,,0,0,0,[0],[0],['Exchange'],[0]
2678,MC6PH,Monoacetylchitobiose-6-phosphate hydrolase,Cytoplasmic,Alternate Carbon Metabolism,2.0,b1734,50513.0,0,0,[50513.0],[0.0],['Cytoplasmic'],[0]
2679,SLNTabcpp,Selenite ABC transporter (periplasm),Inner Membrane,Inorganic Ion Transport and Metabolism,95.19583333,(b2423 and b2422 and b2425 and b2424) or (b2423 and b2422 and b3917 and b2424),140548.0,30164.15647,13,"[141504.0, 140548.0]","[30164.15647, 30164.15647]","['Inner Membrane', 'Inner Membrane']","[13, 13]"
2680,VALt2rpp,L-valine reversible transport via proton symport (periplasm),Inner Membrane,"Transport, Inner Membrane",22.0,b0401,46209.0,26525.43964,12,[46209.0],[26525.43964],['Inner Membrane'],[12]
2681,VALt3pp,L-valine transport out via proton antiport (periplasm),Inner Membrane,"Transport, Inner Membrane",22.0,(b2683 and b2682) or b4141,38132.0,33054.38319,10,"[38132.0, 44778.0]","[33054.38319, 24745.73684]","['Inner Membrane', 'Inner Membrane']","[10, 11]"
2682,MN2tipp,Manganese transport in via permease (no H+),Inner Membrane,"Transport, Inner Membrane",22.0,b1821,20117.0,11342.56383,5,[20117.0],[11342.56383],['Inner Membrane'],[5]
2683,PSURItpp,Pseudouridine transport via permease,Inner Membrane,"Transport, Inner Membrane",22.0,b2164,43432.0,17539.84615,8,[43432.0],[17539.84615],['Inner Membrane'],[8]
2684,CYSTA,Cysteine transaminase,Cytoplasmic,Cysteine Metabolism,27.0,b0928,43573.0,0,0,[43573.0],[0.0],['Cytoplasmic'],[0]
2685,FE3DCITR5,Ferric-dicitrate reductase via nadph,Cytoplasmic,Inorganic Ion Transport and Metabolism,1.475,b3070,28872.0,0,0,[28872.0],[0.0],['Cytoplasmic'],[0]
2686,4HTHRA_f,4-hydroxy-L-threonine aldolase,Cytoplasmic,Glycine and Serine Metabolism,1.44,b0870,36495.0,0,0,[36495.0],[0.0],['Cytoplasmic'],[0]
2687,GAPP,Glyceraldehyde-3-phosphate phosphatase,Cytoplasmic,Alternate Carbon Metabolism,0.012,b1727,24330.0,0,0,[24330.0],[0.0],['Cytoplasmic'],[0]
2688,METGLCURt2pp,1-O-methyl-Beta-D-glucuronate transport via proton symport (periplasm),Inner Membrane,"Transport, Inner Membrane",22.0,b1616,49908.0,28066.42451,12,[49908.0],[28066.42451],['Inner Membrane'],[12]
2689,METGLCURtex_f,1-O-methyl-Beta-D-glucuronate via diffusion (extracellular),Cytoplasmic,"Transport, Outer Membrane",100000000.0,b1377 or b0241 or b2215 or b0929,38922.0,0.0,0,"[41220.0, 38922.0, 40368.0, 39333.0]","[0.0, 0.0, 17383.90751, 21633.15]","['Cytoplasmic', 'Cytoplasmic', 'Cytoplasmic', 'Cytoplasmic']","[0, 0, 16, 17]"
2690,FMNt,"FMN transporter, periplasm",Inner Membrane,"Transport, Inner Membrane",22.0,b1985,60061.0,25583.57038,11,[60061.0],[25583.57038],['Inner Membrane'],[11]
2691,AI2tex_f,"Ai2 transport, outer membrane",Cytoplasmic,"Transport, Outer Membrane",22.0,b2215 or b0929 or b0241 or b1377,38922.0,0.0,0,"[40368.0, 39333.0, 38922.0, 41220.0]","[17383.90751, 21633.15, 0.0, 0.0]","['Cytoplasmic', 'Cytoplasmic', 'Cytoplasmic', 'Cytoplasmic']","[16, 17, 0, 0]"
2692,PAI2T,"3-hydroxy-2,4-pentadione 5-phosphate thiolase",Cytoplasmic,Methionine Metabolism,109.4666667,b1517,31893.0,0,0,[31893.0],[0.0],['Cytoplasmic'],[0]
2693,CUt2pp,Copper transport out via permease (no H+),Inner Membrane,"Transport, Inner Membrane",22.0,b3291 or b0465 or b1330 or b0577 or b4159 or b2924 or b0808,14957.0,5388.919118,2,"[14957.0, 127215.0, 38755.0, 46603.0, 123968.0, 30896.0, 81904.0]","[5388.919118, 27034.65041, 11863.77551, 11791.12048, 26320.41176, 6913.79021, 26168.49793]","['Inner Membrane', 'Inner Membrane', 'Inner Membrane', 'Inner Membrane', 'Inner Membrane', 'Inner Membrane', 'Inner Membrane']","[2, 11, 5, 5, 11, 3, 11]"
2694,DHCURR,NADPH-dependent dihydrocurcumin reductase,Cytoplasmic,Alternate Carbon Metabolism,9.5,b1449,37610.0,0,0,[37610.0],[0.0],['Cytoplasmic'],[0]
2695,RHMND_f,L-rhamnonate dehydratase,Cytoplasmic,Alternate Carbon Metabolism,3.2,b2247,44226.0,0,0,[44226.0],[0.0],['Cytoplasmic'],[0]
2696,3HBZCT,3-hydroxybenzoyl-CoA thioesterase,Cytoplasmic,Lipopolysaccharide Biosynthesis / Recycling,10.3,b0597,14970.0,0,0,[14970.0],[0.0],['Cytoplasmic'],[0]
2697,CXSAMS,Carboxy-S-adenosyl-L-methionine synthase,Cytoplasmic,Cofactor and Prosthetic Group Biosynthesis,417.0,b1870,27777.0,0,0,[27777.0],[0.0],['Cytoplasmic'],[0]
2698,EX_2dglc_e_f,2-Deoxy-D-glucose exchange,Exchange,Extracellular exchange,nan,,0,0,0,[0],[0],['Exchange'],[0]
2699,THRt2rpp,L-threonine reversible transport via proton symport (periplasm),Inner Membrane,"Transport, Inner Membrane",22.0,b3116,48879.0,25487.69526,11,[48879.0],[25487.69526],['Inner Membrane'],[11]
2700,SERt2rpp,L-serine reversible transport via proton symport (periplasm),Inner Membrane,"Transport, Inner Membrane",22.0,b2796 or b3116,46906.0,25257.07692,11,"[46906.0, 48879.0]","[25257.07692, 25487.69526]","['Inner Membrane', 'Inner Membrane']","[11, 11]"
2701,ACOAD1f,Acyl-CoA dehydrogenase (butanoyl-CoA),Inner Membrane,Membrane Lipid Metabolism,8.01,b0221,89224.0,15130.90333,3,[89224.0],[15130.90333],['Inner Membrane'],[3]
2702,AMPNTAT,Aminoalkylphosphonate N-acetyltransferase,Cytoplasmic,Inorganic Ion Transport and Metabolism,32.4876,b4093,16570.0,0,0,[16570.0],[0.0],['Cytoplasmic'],[0]
2703,SQGH,Sulfoquinovosidase,Cytoplasmic,Alternate Carbon Metabolism,14.3,b3878,77275.0,0,0,[77275.0],[0.0],['Cytoplasmic'],[0]
2704,URAtpp,Uracil export via facillitated diffusion (periplasm),Cytoplasmic,"Transport, Inner Membrane",nan,,0,0,0,[0],[0],['Cytoplasmic'],[0]
2705,ASPtpp_f,L-aspartate uptake via facillitated diffusion,Inner Membrane,"Transport, Inner Membrane",100000000.0,b1206,59429.0,24558.31664,11,[59429.0],[24558.31664],['Inner Membrane'],[11]
2706,FUMt1pp_f,Fumarate transport via diffusion in (periplasm),Inner Membrane,"Transport, Inner Membrane",100000000.0,b1206,59429.0,24558.31664,11,[59429.0],[24558.31664],['Inner Membrane'],[11]
2707,SUCCt1pp_f,Succinate transport via diffusion in (periplasm),Inner Membrane,"Transport, Inner Membrane",100000000.0,b1206,59429.0,24558.31664,11,[59429.0],[24558.31664],['Inner Membrane'],[11]
2708,QUINDH,Quinate dehydrogenase,Cytoplasmic,"Tyrosine, Tryptophan, and Phenylalanine Metabolism",0.092,b1692,31228.0,0,0,[31228.0],[0.0],['Cytoplasmic'],[0]
2709,LCARSyi,"Lacaldehyde reductase (S-propane-1,2-diol forming)",Cytoplasmic,Alternate Carbon Metabolism,38.1,b0325,37978.0,0,0,[37978.0],[0.0],['Cytoplasmic'],[0]
2710,BIOMASS_Ec_iML1515_core_75p37M,E. coli biomass objective function (iML1515) - core - with 75.37 GAM estimate,Cytoplasmic,Biomass and maintenance functions,nan,,0,0,0,[0],[0],['Cytoplasmic'],[0]
2711,BIOMASS_Ec_iML1515_WT_75p37M,E. coli biomass objective function (iML1515) - WT - with 75.37 GAM estimate,Cytoplasmic,Biomass and maintenance functions,nan,,0,0,0,[0],[0],['Cytoplasmic'],[0]
2712,GTHOr_b,Glutathione oxidoreductase,Cytoplasmic,Cofactor and Prosthetic Group Biosynthesis,733.3,b3500,48773.0,0,0,[48773.0],[0.0],['Cytoplasmic'],[0]
2713,EX_acgam_e_b,N-Acetyl-D-glucosamine exchange,Exchange,Extracellular exchange,nan,,0,0,0,[0],[0],['Exchange'],[0]
2714,EX_cellb_e_b,Cellobiose exchange,Exchange,Extracellular exchange,nan,,0,0,0,[0],[0],['Exchange'],[0]
2715,EX_chol_e_b,Choline exchange,Exchange,Extracellular exchange,nan,,0,0,0,[0],[0],['Exchange'],[0]
2716,SHK3Dr_b,Shikimate dehydrogenase,Cytoplasmic,"Tyrosine, Tryptophan, and Phenylalanine Metabolism",118.5425,b3281 or b1692,29414.0,0,0,"[29414.0, 31228.0]","[0.0, 0.0]","['Cytoplasmic', 'Cytoplasmic']","[0, 0]"
2717,MAN6PI_b,Mannose-6-phosphate isomerase,Cytoplasmic,Alternate Carbon Metabolism,141.0,b1613,42850.0,0,0,[42850.0],[0.0],['Cytoplasmic'],[0]
2718,EX_pi_e_b,Phosphate exchange,Exchange,Extracellular exchange,nan,,0,0,0,[0],[0],['Exchange'],[0]
2719,EX_h_e_b,H+ exchange,Exchange,Extracellular exchange,nan,,0,0,0,[0],[0],['Exchange'],[0]
2720,TMDPP_b,Thymidine phosphorylase,Cytoplasmic,Nucleotide Salvage Pathway,0.275,b4382,47207.0,0,0,[47207.0],[0.0],['Cytoplasmic'],[0]
2721,EX_ade_e_b,Adenine exchange,Exchange,Extracellular exchange,nan,,0,0,0,[0],[0],['Exchange'],[0]
2722,EX_4abut_e_b,4-Aminobutanoate exchange,Exchange,Extracellular exchange,nan,,0,0,0,[0],[0],['Exchange'],[0]
2723,EX_ac_e_b,Acetate exchange,Exchange,Extracellular exchange,nan,,0,0,0,[0],[0],['Exchange'],[0]
2724,EX_akg_e_b,2-Oxoglutarate exchange,Exchange,Extracellular exchange,nan,,0,0,0,[0],[0],['Exchange'],[0]
2725,EX_ala__L_e_b,L-Alanine exchange,Exchange,Extracellular exchange,nan,,0,0,0,[0],[0],['Exchange'],[0]
2726,EX_arg__L_e_b,L-Arginine exchange,Exchange,Extracellular exchange,nan,,0,0,0,[0],[0],['Exchange'],[0]
2727,EX_asp__L_e_b,L-Aspartate exchange,Exchange,Extracellular exchange,nan,,0,0,0,[0],[0],['Exchange'],[0]
2728,EX_cytd_e_b,Cytidine exchange,Exchange,Extracellular exchange,nan,,0,0,0,[0],[0],['Exchange'],[0]
2729,EX_dcyt_e_b,Deoxycytidine exchange,Exchange,Extracellular exchange,nan,,0,0,0,[0],[0],['Exchange'],[0]
2730,EX_fum_e_b,Fumarate exchange,Exchange,Extracellular exchange,nan,,0,0,0,[0],[0],['Exchange'],[0]
2731,EX_glu__L_e_b,L-Glutamate exchange,Exchange,Extracellular exchange,nan,,0,0,0,[0],[0],['Exchange'],[0]
2732,EX_gua_e_b,Guanine exchange,Exchange,Extracellular exchange,nan,,0,0,0,[0],[0],['Exchange'],[0]
2733,HCO3E_b,HCO3 equilibration reaction,Cytoplasmic,Unassigned,46000.0,b0126 or b0339,23764.0,0.0,0,"[25097.0, 23764.0]","[0.0, 0.0]","['Cytoplasmic', 'Cytoplasmic']","[0, 0]"
2734,IMPC_b,IMP cyclohydrolase,Cytoplasmic,Purine and Pyrimidine Biosynthesis,8.6,b4006,57329.0,0,0,[57329.0],[0.0],['Cytoplasmic'],[0]
2735,ECOAH4_b,3-hydroxyacyl-CoA dehydratase (3-hydroxydecanoyl-CoA),Cytoplasmic,Membrane Lipid Metabolism,7.5465,b2341 or b3846,77072.0,0,0,"[77072.0, 79594.0]","[0.0, 0.0]","['Cytoplasmic', 'Cytoplasmic']","[0, 0]"
2736,NDPK5_b,Nucleoside-diphosphate kinase (ATP:dGDP),Cytoplasmic,Nucleotide Salvage Pathway,783.0,b0474 or b2518,15463.0,0.0,0,"[23586.0, 15463.0]","[0.0, 0.0]","['Cytoplasmic', 'Cytoplasmic']","[0, 0]"
2737,DHORTS_b,Dihydroorotase,Cytoplasmic,Purine and Pyrimidine Biosynthesis,181.1,b1062,38827.0,0,0,[38827.0],[0.0],['Cytoplasmic'],[0]
2738,ICDHyr_b,Isocitrate dehydrogenase (NADP),Cytoplasmic,Citric Acid Cycle,88.1,b1136,45757.0,0,0,[45757.0],[0.0],['Cytoplasmic'],[0]
2739,ACALD_b,Acetaldehyde dehydrogenase (acetylating),Cytoplasmic,Pyruvate Metabolism,15.7,b0351 or b1241,33442.0,0,0,"[33442.0, 96127.0]","[0.0, 0.0]","['Cytoplasmic', 'Cytoplasmic']","[0, 0]"
2740,ALAR_b,Alanine racemase,Cytoplasmic,Alanine and Aspartate Metabolism,2.0,b1190 or b4053,38845.0,0,0,"[38845.0, 39153.0]","[0.0, 0.0]","['Cytoplasmic', 'Cytoplasmic']","[0, 0]"
2741,ALATA_L_b,L-alanine transaminase,Cytoplasmic,Alanine and Aspartate Metabolism,131.85,b2290 or b2379,45517.0,0,0,"[45517.0, 46216.0]","[0.0, 0.0]","['Cytoplasmic', 'Cytoplasmic']","[0, 0]"
2742,PPM_b,Phosphopentomutase,Cytoplasmic,Alternate Carbon Metabolism,173.0,b4383,44370.0,0,0,[44370.0],[0.0],['Cytoplasmic'],[0]
2743,ASPTA_b,Aspartate transaminase,Cytoplasmic,Alanine and Aspartate Metabolism,585.0,b0928 or b4054,43538.0,0.0,0,"[43573.0, 43538.0]","[0.0, 0.0]","['Cytoplasmic', 'Cytoplasmic']","[0, 0]"
2744,A5PISO_b,Arabinose-5-phosphate isomerase,Cytoplasmic,Alternate Carbon Metabolism,16.8,b3197 or b2708,34031.0,0.0,0,"[35196.0, 34031.0]","[0.0, 0.0]","['Cytoplasmic', 'Cytoplasmic']","[0, 0]"
2745,EX_met__L_e_b,L-Methionine exchange,Exchange,Extracellular exchange,nan,,0,0,0,[0],[0],['Exchange'],[0]
2746,EX_metsox_S__L_e_b,L-Methionine S-oxide exchange,Exchange,Extracellular exchange,nan,,0,0,0,[0],[0],['Exchange'],[0]
2747,IPPMIb_b,2-isopropylmalate hydratase,Cytoplasmic,"Valine, Leucine, and Isoleucine Metabolism",368.4865,b0071 and b0072,72369.0,0,0,[72369.0],[0.0],['Cytoplasmic'],[0]
2748,PSCVT_b,3-phosphoshikimate 1-carboxyvinyltransferase,Cytoplasmic,"Tyrosine, Tryptophan, and Phenylalanine Metabolism",1.2e-05,b0908,46096.0,0,0,[46096.0],[0.0],['Cytoplasmic'],[0]
2749,EX_crn_e_b,L-Carnitine exchange,Exchange,Extracellular exchange,nan,,0,0,0,[0],[0],['Exchange'],[0]
2750,EX_fe3_e_b,Fe3+ exchange,Exchange,Extracellular exchange,nan,,0,0,0,[0],[0],['Exchange'],[0]
2751,EX_glcn_e_b,D-Gluconate exchange,Exchange,Extracellular exchange,nan,,0,0,0,[0],[0],['Exchange'],[0]
2752,EX_gln__L_e_b,L-Glutamine exchange,Exchange,Extracellular exchange,nan,,0,0,0,[0],[0],['Exchange'],[0]
2753,EX_glyc_e_b,Glycerol exchange,Exchange,Extracellular exchange,nan,,0,0,0,[0],[0],['Exchange'],[0]
2754,EX_man_e_b,D-Mannose exchange,Exchange,Extracellular exchange,nan,,0,0,0,[0],[0],['Exchange'],[0]
2755,EX_mn2_e_b,Mn2+ exchange,Exchange,Extracellular exchange,nan,,0,0,0,[0],[0],['Exchange'],[0]
2756,EX_rib__D_e_b,D-Ribose exchange,Exchange,Extracellular exchange,nan,,0,0,0,[0],[0],['Exchange'],[0]
2757,EX_sbt__D_e_b,D-Sorbitol exchange,Exchange,Extracellular exchange,nan,,0,0,0,[0],[0],['Exchange'],[0]
2758,ECOAH6_b,3-hydroxyacyl-CoA dehydratase (3-hydroxytetradecanoyl-CoA),Cytoplasmic,Membrane Lipid Metabolism,7.5465,b2341 or b3846,77072.0,0,0,"[77072.0, 79594.0]","[0.0, 0.0]","['Cytoplasmic', 'Cytoplasmic']","[0, 0]"
2759,ENO_b,Enolase,Cytoplasmic,Glycolysis/Gluconeogenesis,34.07,b2779,45655.0,0,0,[45655.0],[0.0],['Cytoplasmic'],[0]
2760,FBA_b,Fructose-bisphosphate aldolase,Cytoplasmic,Glycolysis/Gluconeogenesis,2.6,b2925 or b2097,38109.0,0.0,0,"[39147.0, 38109.0]","[0.0, 0.0]","['Cytoplasmic', 'Cytoplasmic']","[0, 0]"
2761,PGI_b,Glucose-6-phosphate isomerase,Cytoplasmic,Glycolysis/Gluconeogenesis,5.0,b4025,61530.0,0,0,[61530.0],[0.0],['Cytoplasmic'],[0]
2762,PGK_b,Phosphoglycerate kinase,Cytoplasmic,Glycolysis/Gluconeogenesis,2633.0,b2926,41118.0,0,0,[41118.0],[0.0],['Cytoplasmic'],[0]
2763,RPE_b,Ribulose 5-phosphate 3-epimerase,Cytoplasmic,Pentose Phosphate Pathway,1300.0,b3386,24554.0,0,0,[24554.0],[0.0],['Cytoplasmic'],[0]
2764,TALA_b,Transaldolase,Cytoplasmic,Pentose Phosphate Pathway,53.0,b0008 or b2464,35219.0,0,0,"[35219.0, 35659.0]","[0.0, 0.0]","['Cytoplasmic', 'Cytoplasmic']","[0, 0]"
2765,TKT1_b,Transketolase,Cytoplasmic,Pentose Phosphate Pathway,73.5,b2935 or b2465,72212.0,0,0,"[72212.0, 73043.0]","[0.0, 0.0]","['Cytoplasmic', 'Cytoplasmic']","[0, 0]"
2766,ALCD2x_b,Alcohol dehydrogenase (ethanol),Cytoplasmic,Pyruvate Metabolism,0.3,b1241 or b1478,35380.0,0.0,0,"[96127.0, 35380.0]","[0.0, 0.0]","['Cytoplasmic', 'Cytoplasmic']","[0, 0]"
2767,RMI_b,L-rhamnose isomerase,Cytoplasmic,Alternate Carbon Metabolism,1717.0,b3903,47199.0,0,0,[47199.0],[0.0],['Cytoplasmic'],[0]
2768,EX_ura_e_b,Uracil exchange,Exchange,Extracellular exchange,nan,,0,0,0,[0],[0],['Exchange'],[0]
2769,EX_val__L_e_b,L-Valine exchange,Exchange,Extracellular exchange,nan,,0,0,0,[0],[0],['Exchange'],[0]
2770,EX_xan_e_b,Xanthine exchange,Exchange,Extracellular exchange,nan,,0,0,0,[0],[0],['Exchange'],[0]
2771,NDPK6_b,Nucleoside-diphosphate kinase (ATP:dUDP),Cytoplasmic,Nucleotide Salvage Pathway,783.0,b0474 or b2518,15463.0,0.0,0,"[23586.0, 15463.0]","[0.0, 0.0]","['Cytoplasmic', 'Cytoplasmic']","[0, 0]"
2772,NDPK8_b,Nucleoside-diphosphate kinase (ATP:dADP),Cytoplasmic,Nucleotide Salvage Pathway,783.0,b0474 or b2518,15463.0,0.0,0,"[23586.0, 15463.0]","[0.0, 0.0]","['Cytoplasmic', 'Cytoplasmic']","[0, 0]"
2773,PYNP2r_b,Pyrimidine-nucleoside phosphorylase (uracil),Cytoplasmic,Nucleotide Salvage Pathway,56.0,b3831,27159.0,0,0,[27159.0],[0.0],['Cytoplasmic'],[0]
2774,DURIPP_b,Deoxyuridine phosphorylase,Cytoplasmic,Nucleotide Salvage Pathway,1.5225,b4382 or b4384,25950.0,0.0,0,"[47207.0, 25950.0]","[0.0, 0.0]","['Cytoplasmic', 'Cytoplasmic']","[0, 0]"
2775,TRPAS2_b,Tryptophanase (L-tryptophan),Cytoplasmic,"Tyrosine, Tryptophan, and Phenylalanine Metabolism",5.4,b3708,52773.0,0,0,[52773.0],[0.0],['Cytoplasmic'],[0]
2776,EX_co2_e_b,CO2 exchange,Exchange,Extracellular exchange,nan,,0,0,0,[0],[0],['Exchange'],[0]
2777,ILETA_b,Isoleucine transaminase,Cytoplasmic,"Valine, Leucine, and Isoleucine Metabolism",18.375,b3770,34094.0,0,0,[34094.0],[0.0],['Cytoplasmic'],[0]
2778,VALTA_b,Valine transaminase,Cytoplasmic,"Valine, Leucine, and Isoleucine Metabolism",13.67,b3770,34094.0,0,0,[34094.0],[0.0],['Cytoplasmic'],[0]
2779,ORPT_b,Orotate phosphoribosyltransferase,Cytoplasmic,Purine and Pyrimidine Biosynthesis,5.433333333,b3642,23567.0,0,0,[23567.0],[0.0],['Cytoplasmic'],[0]
2780,PTAr_b,Phosphotransacetylase,Cytoplasmic,Pyruvate Metabolism,415.0,b2297 or b2458,36067.0,0.0,0,"[77172.0, 36067.0]","[0.0, 0.0]","['Cytoplasmic', 'Cytoplasmic']","[0, 0]"
2781,ACKr_b,Acetate kinase,Cytoplasmic,Pyruvate Metabolism,3557.5,b2296 or b1849 or b3115,42434.0,0.0,0,"[43290.0, 42434.0, 43384.0]","[0.0, 0.0, 0.0]","['Cytoplasmic', 'Cytoplasmic', 'Cytoplasmic']","[0, 0, 0]"
2782,EX_hxan_e_b,Hypoxanthine exchange,Exchange,Extracellular exchange,nan,,0,0,0,[0],[0],['Exchange'],[0]
2783,EX_ile__L_e_b,L-Isoleucine exchange,Exchange,Extracellular exchange,nan,,0,0,0,[0],[0],['Exchange'],[0]
2784,EX_lac__L_e_b,L-Lactate exchange,Exchange,Extracellular exchange,nan,,0,0,0,[0],[0],['Exchange'],[0]
2785,EX_leu__L_e_b,L-Leucine exchange,Exchange,Extracellular exchange,nan,,0,0,0,[0],[0],['Exchange'],[0]
2786,EX_no3_e_b,Nitrate exchange,Exchange,Extracellular exchange,nan,,0,0,0,[0],[0],['Exchange'],[0]
2787,EX_orn_e_b,Ornithine exchange,Exchange,Extracellular exchange,nan,,0,0,0,[0],[0],['Exchange'],[0]
2788,EX_pro__L_e_b,L-Proline exchange,Exchange,Extracellular exchange,nan,,0,0,0,[0],[0],['Exchange'],[0]
2789,EX_pyr_e_b,Pyruvate exchange,Exchange,Extracellular exchange,nan,,0,0,0,[0],[0],['Exchange'],[0]
2790,EX_succ_e_b,Succinate exchange,Exchange,Extracellular exchange,nan,,0,0,0,[0],[0],['Exchange'],[0]
2791,EX_thymd_e_b,Thymidine exchange,Exchange,Extracellular exchange,nan,,0,0,0,[0],[0],['Exchange'],[0]
2792,EX_tyr__L_e_b,L-Tyrosine exchange,Exchange,Extracellular exchange,nan,,0,0,0,[0],[0],['Exchange'],[0]
2793,EX_btn_e_b,Biotin exchange,Exchange,Extracellular exchange,nan,,0,0,0,[0],[0],['Exchange'],[0]
2794,EX_ptrc_e_b,Putrescine exchange,Exchange,Extracellular exchange,nan,,0,0,0,[0],[0],['Exchange'],[0]
2795,EX_spmd_e_b,Spermidine exchange,Exchange,Extracellular exchange,nan,,0,0,0,[0],[0],['Exchange'],[0]
2796,EX_thym_e_b,Thymine exchange,Exchange,Extracellular exchange,nan,,0,0,0,[0],[0],['Exchange'],[0]
2797,EX_xtsn_e_b,Xanthosine exchange,Exchange,Extracellular exchange,nan,,0,0,0,[0],[0],['Exchange'],[0]
2798,AIRC3_b,Phosphoribosylaminoimidazole carboxylase (mutase rxn),Cytoplasmic,Purine and Pyrimidine Biosynthesis,15.5,b0523,17780.0,0,0,[17780.0],[0.0],['Cytoplasmic'],[0]
2799,ADSL2r_b,Adenylosuccinate lyase,Cytoplasmic,Purine and Pyrimidine Biosynthesis,2.9,b1131,51543.0,0,0,[51543.0],[0.0],['Cytoplasmic'],[0]
2800,EX_fe2_e_b,Fe2+ exchange,Exchange,Extracellular exchange,nan,,0,0,0,[0],[0],['Exchange'],[0]
2801,PUNP5_b,Purine-nucleoside phosphorylase (Inosine),Cytoplasmic,Nucleotide Salvage Pathway,111.6666667,b2407 or b4384,25950.0,0.0,0,"[29835.0, 25950.0]","[0.0, 0.0]","['Cytoplasmic', 'Cytoplasmic']","[0, 0]"
2802,PUNP6_b,Purine-nucleoside phosphorylase (Deoxyinosine),Cytoplasmic,Nucleotide Salvage Pathway,112.5,b4384 or b2407,25950.0,0,0,"[25950.0, 29835.0]","[0.0, 0.0]","['Cytoplasmic', 'Cytoplasmic']","[0, 0]"
2803,PUNP7_b,Purine-nucleoside phosphorylase (Xanthosine),Cytoplasmic,Nucleotide Salvage Pathway,110.0,b2407,29835.0,0,0,[29835.0],[0.0],['Cytoplasmic'],[0]
2804,EX_glc__D_e_b,D-Glucose exchange,Exchange,Extracellular exchange,nan,,0,0,0,[0],[0],['Exchange'],[0]
2805,PUNP1_b,Purine-nucleoside phosphorylase (Adenosine),Cytoplasmic,Nucleotide Salvage Pathway,110.0,b4384,25950.0,0,0,[25950.0],[0.0],['Cytoplasmic'],[0]
2806,PUNP2_b,Purine-nucleoside phosphorylase (Deoxyadenosine),Cytoplasmic,Nucleotide Salvage Pathway,2.77,b4384,25950.0,0,0,[25950.0],[0.0],['Cytoplasmic'],[0]
2807,PUNP3_b,Purine-nucleoside phosphorylase (Guanosine),Cytoplasmic,Nucleotide Salvage Pathway,110.6,b2407 or b4384,25950.0,0.0,0,"[29835.0, 25950.0]","[0.0, 0.0]","['Cytoplasmic', 'Cytoplasmic']","[0, 0]"
2808,LYSAM_b,"Lysine 2,3-aminomutase",Cytoplasmic,Threonine and Lysine Metabolism,0.083,b4146,38750.0,0,0,[38750.0],[0.0],['Cytoplasmic'],[0]
2809,IPPMIa_b,3-isopropylmalate dehydratase,Cytoplasmic,"Valine, Leucine, and Isoleucine Metabolism",10.0,b0071 and b0072,72369.0,0,0,[72369.0],[0.0],['Cytoplasmic'],[0]
2810,EX_alltn_e_b,Allantoin exchange,Exchange,Extracellular exchange,nan,,0,0,0,[0],[0],['Exchange'],[0]
2811,MDH_b,Malate dehydrogenase,Cytoplasmic,Citric Acid Cycle,1108.0,b3236,32337.0,0,0,[32337.0],[0.0],['Cytoplasmic'],[0]
2812,FUM_b,Fumarase,Cytoplasmic,Citric Acid Cycle,129.0,b1612 or b4122 or b1611,50489.0,0.0,0,"[60299.0, 60105.0, 50489.0]","[0.0, 0.0, 0.0]","['Cytoplasmic', 'Cytoplasmic', 'Cytoplasmic']","[0, 0, 0]"
2813,OHPBAT_b,O-Phospho-4-hydroxy-L-threonine:2-oxoglutarate aminotransferase,Cytoplasmic,Cofactor and Prosthetic Group Biosynthesis,0.115,b0907,39783.0,0,0,[39783.0],[0.0],['Cytoplasmic'],[0]
2814,EX_dgsn_e_b,Deoxyguanosine exchange,Exchange,Extracellular exchange,nan,,0,0,0,[0],[0],['Exchange'],[0]
2815,EX_arab__L_e_b,L-Arabinose exchange,Exchange,Extracellular exchange,nan,,0,0,0,[0],[0],['Exchange'],[0]
2816,EX_fru_e_b,D-Fructose exchange,Exchange,Extracellular exchange,nan,,0,0,0,[0],[0],['Exchange'],[0]
2817,EX_gal_e_b,D-Galactose exchange,Exchange,Extracellular exchange,nan,,0,0,0,[0],[0],['Exchange'],[0]
2818,EX_xyl__D_e_b,D-Xylose exchange,Exchange,Extracellular exchange,nan,,0,0,0,[0],[0],['Exchange'],[0]
2819,EX_duri_e_b,Deoxyuridine exchange,Exchange,Extracellular exchange,nan,,0,0,0,[0],[0],['Exchange'],[0]
2820,EX_for_e_b,Formate exchange,Exchange,Extracellular exchange,nan,,0,0,0,[0],[0],['Exchange'],[0]
2821,EX_gly_e_b,Glycine exchange,Exchange,Extracellular exchange,nan,,0,0,0,[0],[0],['Exchange'],[0]
2822,EX_h2_e_b,H2 exchange,Exchange,Extracellular exchange,nan,,0,0,0,[0],[0],['Exchange'],[0]
2823,EX_lys__L_e_b,L-Lysine exchange,Exchange,Extracellular exchange,nan,,0,0,0,[0],[0],['Exchange'],[0]
2824,EX_ser__L_e_b,L-Serine exchange,Exchange,Extracellular exchange,nan,,0,0,0,[0],[0],['Exchange'],[0]
2825,EX_thm_e_b,Thiamin exchange,Exchange,Extracellular exchange,nan,,0,0,0,[0],[0],['Exchange'],[0]
2826,EX_trp__L_e_b,L-Tryptophan exchange,Exchange,Extracellular exchange,nan,,0,0,0,[0],[0],['Exchange'],[0]
2827,EX_din_e_b,Deoxyinosine exchange,Exchange,Extracellular exchange,nan,,0,0,0,[0],[0],['Exchange'],[0]
2828,EX_fmn_e_b,FMN exchange,Exchange,Extracellular exchange,nan,,0,0,0,[0],[0],['Exchange'],[0]
2829,EX_gthox_e_b,Oxidized glutathione exchange,Exchange,Extracellular exchange,nan,,0,0,0,[0],[0],['Exchange'],[0]
2830,AGPR_b,N-acetyl-g-glutamyl-phosphate reductase,Cytoplasmic,Arginine and Proline Metabolism,176.8525,b3958,35952.0,0,0,[35952.0],[0.0],['Cytoplasmic'],[0]
2831,G1SAT_b,Glutamate-1-semialdehyde aminotransferase,Cytoplasmic,Cofactor and Prosthetic Group Biosynthesis,0.51,b0154,45366.0,0,0,[45366.0],[0.0],['Cytoplasmic'],[0]
2832,GUI1_b,Glucuronate isomerase (D-glucuronate),Cytoplasmic,Alternate Carbon Metabolism,196.0,b3092,53987.0,0,0,[53987.0],[0.0],['Cytoplasmic'],[0]
2833,PGAMT_b,Phosphoglucosamine mutase,Cytoplasmic,Cell Envelope Biosynthesis,5.16,b3176,47544.0,0,0,[47544.0],[0.0],['Cytoplasmic'],[0]
2834,GLUR_b,Glutamate racemase,Cytoplasmic,Cell Envelope Biosynthesis,6.285,b3967,31002.0,0,0,[31002.0],[0.0],['Cytoplasmic'],[0]
2835,UAG2E_b,UDP-N-acetylglucosamine 2-epimerase,Cytoplasmic,Cell Envelope Biosynthesis,3.625,b3786,42245.0,0,0,[42245.0],[0.0],['Cytoplasmic'],[0]
2836,EX_acald_e_b,Acetaldehyde exchange,Exchange,Extracellular exchange,nan,,0,0,0,[0],[0],['Exchange'],[0]
2837,EX_melib_e_b,Melibiose exchange,Exchange,Extracellular exchange,nan,,0,0,0,[0],[0],['Exchange'],[0]
2838,EX_sucr_e_b,Sucrose exchange,Exchange,Extracellular exchange,nan,,0,0,0,[0],[0],['Exchange'],[0]
2839,EX_tre_e_b,Trehalose exchange,Exchange,Extracellular exchange,nan,,0,0,0,[0],[0],['Exchange'],[0]
2840,EX_zn2_e_b,Zinc exchange,Exchange,Extracellular exchange,nan,,0,0,0,[0],[0],['Exchange'],[0]
2841,HACD5_b,3-hydroxyacyl-CoA dehydrogenase (3-oxododecanoyl-CoA),Cytoplasmic,Membrane Lipid Metabolism,0.004,b3846 or b2341,77072.0,0.0,0,"[79594.0, 77072.0]","[0.0, 0.0]","['Cytoplasmic', 'Cytoplasmic']","[0, 0]"
2842,GHMT2r_b,"Glycine hydroxymethyltransferase, reversible",Cytoplasmic,Glycine and Serine Metabolism,5.0,b2551,45317.0,0,0,[45317.0],[0.0],['Cytoplasmic'],[0]
2843,ADK4_b,Adentylate kinase (ITP),Cytoplasmic,Nucleotide Salvage Pathway,783.0,b0474,23586.0,0,0,[23586.0],[0.0],['Cytoplasmic'],[0]
2844,KARA1_b,"Ketol-acid reductoisomerase (2,3-dihydroxy-3-methylbutanoate)",Cytoplasmic,"Valine, Leucine, and Isoleucine Metabolism",0.96,b3774,54069.0,0,0,[54069.0],[0.0],['Cytoplasmic'],[0]
2845,KARA2_b,Ketol-acid reductoisomerase (2-Acetolactate),Cytoplasmic,"Valine, Leucine, and Isoleucine Metabolism",0.00417,b3774,54069.0,0,0,[54069.0],[0.0],['Cytoplasmic'],[0]
2846,ICHORS_copy2_b,Isochorismate synthase,Cytoplasmic,Cofactor and Prosthetic Group Biosynthesis,1.8,b2265,48765.0,0,0,[48765.0],[0.0],['Cytoplasmic'],[0]
2847,DHBD_b,"2,3-dihydro-2,3-dihydroxybenzoate dehydrogenase",Cytoplasmic,Cofactor and Prosthetic Group Biosynthesis,25.3,b0596,26250.0,0,0,[26250.0],[0.0],['Cytoplasmic'],[0]
2848,RBP4E_b,L-ribulose-phosphate 4-epimerase,Cytoplasmic,Alternate Carbon Metabolism,15.825,b0061 or b4198 or b3583,25278.0,0.0,0,"[25519.0, 25278.0, 25561.0]","[0.0, 0.0, 0.0]","['Cytoplasmic', 'Cytoplasmic', 'Cytoplasmic']","[0, 0, 0]"
2849,HACD6_b,3-hydroxyacyl-CoA dehydrogenase (3-oxotetradecanoyl-CoA),Cytoplasmic,Membrane Lipid Metabolism,0.004,b3846 or b2341,77072.0,0.0,0,"[79594.0, 77072.0]","[0.0, 0.0]","['Cytoplasmic', 'Cytoplasmic']","[0, 0]"
2850,ECOAH1_b,3-hydroxyacyl-CoA dehydratase (3-hydroxybutanoyl-CoA),Cytoplasmic,Membrane Lipid Metabolism,971.0,b2341 or b3846,77072.0,0,0,"[77072.0, 79594.0]","[0.0, 0.0]","['Cytoplasmic', 'Cytoplasmic']","[0, 0]"
2851,ECOAH2_b,3-hydroxyacyl-CoA dehydratase (3-hydroxyhexanoyl-CoA),Cytoplasmic,Membrane Lipid Metabolism,7.5465,b2341 or b3846,77072.0,0,0,"[77072.0, 79594.0]","[0.0, 0.0]","['Cytoplasmic', 'Cytoplasmic']","[0, 0]"
2852,ECOAH3_b,3-hydroxyacyl-CoA dehydratase (3-hydroxyoctanoyl-CoA),Cytoplasmic,Membrane Lipid Metabolism,7.5465,b2341 or b3846,77072.0,0,0,"[77072.0, 79594.0]","[0.0, 0.0]","['Cytoplasmic', 'Cytoplasmic']","[0, 0]"
2853,UGLT_b,UDPglucose--hexose-1-phosphate uridylyltransferase,Cytoplasmic,Alternate Carbon Metabolism,283.0,b0758,39646.0,0,0,[39646.0],[0.0],['Cytoplasmic'],[0]
2854,XYLI2_b,Xylose isomerase,Cytoplasmic,Alternate Carbon Metabolism,1.67,b3565,49742.0,0,0,[49742.0],[0.0],['Cytoplasmic'],[0]
2855,PMANM_b,Phosphomannomutase,Cytoplasmic,Alternate Carbon Metabolism,82.93,b2048,50463.0,0,0,[50463.0],[0.0],['Cytoplasmic'],[0]
2856,UDPG4E_b,UDPglucose 4-epimerase,Cytoplasmic,Alternate Carbon Metabolism,20.15,b0759,37265.0,0,0,[37265.0],[0.0],['Cytoplasmic'],[0]
2857,XYLI1_b,Xylose isomerase,Cytoplasmic,Alternate Carbon Metabolism,7.7,b3565,49742.0,0,0,[49742.0],[0.0],['Cytoplasmic'],[0]
2858,LCARS_b,"Lacaldehyde reductase (S-propane-1,2-diol forming)",Cytoplasmic,Alternate Carbon Metabolism,76.08846667,b2799,40513.0,0,0,[40513.0],[0.0],['Cytoplasmic'],[0]
2859,ALCD19_b,Alcohol dehydrogenase (glycerol),Cytoplasmic,Alternate Carbon Metabolism,1.0,b1478 or b1241,35380.0,0,0,"[35380.0, 96127.0]","[0.0, 0.0]","['Cytoplasmic', 'Cytoplasmic']","[0, 0]"
2860,RMPA_b,Rhamnulose-1-phosphate aldolase,Cytoplasmic,Alternate Carbon Metabolism,9.1,b3902,30145.0,0,0,[30145.0],[0.0],['Cytoplasmic'],[0]
2861,SBTPD_b,Sorbitol-6-phosphate dehydrogenase,Cytoplasmic,Alternate Carbon Metabolism,213.4339433,b2705,27858.0,0,0,[27858.0],[0.0],['Cytoplasmic'],[0]
2862,GLTPD_b,Galactitol-1-phosphate dehydrogenase,Cytoplasmic,Alternate Carbon Metabolism,213.4339433,b2091,37390.0,0,0,[37390.0],[0.0],['Cytoplasmic'],[0]
2863,TGBPA_b,Tagatose-bisphosphate aldolase,Cytoplasmic,Alternate Carbon Metabolism,5.38,(b3132 and b3137) or (b2095 and b2096),77921.0,0.0,0,"[78486.0, 77921.0]","[0.0, 0.0]","['Cytoplasmic', 'Cytoplasmic']","[0, 0]"
2864,MANAO_b,Mannonate oxidoreductase,Cytoplasmic,Alternate Carbon Metabolism,213.4339433,b4323,53580.0,0,0,[53580.0],[0.0],['Cytoplasmic'],[0]
2865,TAGURr_b,Tagaturonate reductase,Cytoplasmic,Alternate Carbon Metabolism,213.4339433,b1521,54808.0,0,0,[54808.0],[0.0],['Cytoplasmic'],[0]
2866,EX_tmao_e_b,Trimethylamine N-oxide exchange,Exchange,Extracellular exchange,nan,,0,0,0,[0],[0],['Exchange'],[0]
2867,HACD4_b,3-hydroxyacyl-CoA dehydrogenase (3-oxodecanoyl-CoA),Cytoplasmic,Membrane Lipid Metabolism,0.004,b3846 or b2341,77072.0,0.0,0,"[79594.0, 77072.0]","[0.0, 0.0]","['Cytoplasmic', 'Cytoplasmic']","[0, 0]"
2868,HACD7_b,3-hydroxyacyl-CoA dehydrogenase (3-oxohexadecanoyl-CoA),Cytoplasmic,Membrane Lipid Metabolism,0.004,b2341 or b3846,77072.0,0,0,"[77072.0, 79594.0]","[0.0, 0.0]","['Cytoplasmic', 'Cytoplasmic']","[0, 0]"
2869,ADK1_b,Adenylate kinase,Cytoplasmic,Nucleotide Salvage Pathway,783.0,b0474,23586.0,0,0,[23586.0],[0.0],['Cytoplasmic'],[0]
2870,EX_26dap__M_e_b,"Meso-2,6-Diaminoheptanedioate exchange",Exchange,Extracellular exchange,nan,,0,0,0,[0],[0],['Exchange'],[0]
2871,EX_acnam_e_b,N-Acetylneuraminate exchange,Exchange,Extracellular exchange,nan,,0,0,0,[0],[0],['Exchange'],[0]
2872,EX_amp_e_b,AMP exchange,Exchange,Extracellular exchange,nan,,0,0,0,[0],[0],['Exchange'],[0]
2873,EX_dha_e_b,Dihydroxyacetone exchange,Exchange,Extracellular exchange,nan,,0,0,0,[0],[0],['Exchange'],[0]
2874,EX_fuc__L_e_b,L-Fucose exchange,Exchange,Extracellular exchange,nan,,0,0,0,[0],[0],['Exchange'],[0]
2875,EX_glyald_e_b,D-Glyceraldehyde exchange,Exchange,Extracellular exchange,nan,,0,0,0,[0],[0],['Exchange'],[0]
2876,EX_rmn_e_b,L-Rhamnose exchange,Exchange,Extracellular exchange,nan,,0,0,0,[0],[0],['Exchange'],[0]
2877,EX_ttdca_e_b,Tetradecanoate (n-C14:0) exchange,Exchange,Extracellular exchange,nan,,0,0,0,[0],[0],['Exchange'],[0]
2878,EX_glyclt_e_b,Glycolate exchange,Exchange,Extracellular exchange,nan,,0,0,0,[0],[0],['Exchange'],[0]
2879,EX_g6p_e_b,D-Glucose 6-phosphate exchange,Exchange,Extracellular exchange,nan,,0,0,0,[0],[0],['Exchange'],[0]
2880,EX_2ddglcn_e_b,2-Dehydro-3-deoxy-D-gluconate exchange,Exchange,Extracellular exchange,nan,,0,0,0,[0],[0],['Exchange'],[0]
2881,EX_galct__D_e_b,D-Galactarate exchange,Exchange,Extracellular exchange,nan,,0,0,0,[0],[0],['Exchange'],[0]
2882,EX_idon__L_e_b,L-Idonate exchange,Exchange,Extracellular exchange,nan,,0,0,0,[0],[0],['Exchange'],[0]
2883,EX_indole_e_b,Indole exchange,Exchange,Extracellular exchange,nan,,0,0,0,[0],[0],['Exchange'],[0]
2884,EX_3hcinnm_e_b,3-hydroxycinnamic acid exchange,Exchange,Extracellular exchange,nan,,0,0,0,[0],[0],['Exchange'],[0]
2885,EX_acmana_e_b,N-Acetyl-D-mannosamine exchange,Exchange,Extracellular exchange,nan,,0,0,0,[0],[0],['Exchange'],[0]
2886,EX_galur_e_b,D-Galacturonate exchange,Exchange,Extracellular exchange,nan,,0,0,0,[0],[0],['Exchange'],[0]
2887,EX_but_e_b,Butyrate (n-C4:0) exchange,Exchange,Extracellular exchange,nan,,0,0,0,[0],[0],['Exchange'],[0]
2888,EX_cbl1_e_b,Cob(I)alamin exchange,Exchange,Extracellular exchange,nan,,0,0,0,[0],[0],['Exchange'],[0]
2889,SERASr_b,(L-seryl)adenylate synthase,Cytoplasmic,Cofactor and Prosthetic Group Biosynthesis,2.133333333,b0586,141991.0,0,0,[141991.0],[0.0],['Cytoplasmic'],[0]
2890,MLTP2_b,Maltodextrin phosphorylase (maltohexaose),Cytoplasmic,Alternate Carbon Metabolism,0.001,b3417,90522.0,0,0,[90522.0],[0.0],['Cytoplasmic'],[0]
2891,EX_gbbtn_e_b,Gamma-butyrobetaine exchange,Exchange,Extracellular exchange,nan,,0,0,0,[0],[0],['Exchange'],[0]
2892,EX_tma_e_b,Trimethylamine exchange,Exchange,Extracellular exchange,nan,,0,0,0,[0],[0],['Exchange'],[0]
2893,EX_malttr_e_b,Maltotriose exchange,Exchange,Extracellular exchange,nan,,0,0,0,[0],[0],['Exchange'],[0]
2894,CYTK1_b,Cytidylate kinase (CMP),Cytoplasmic,Nucleotide Salvage Pathway,68.68233333,b0910,24746.0,0,0,[24746.0],[0.0],['Cytoplasmic'],[0]
2895,CYTK2_b,Cytidylate kinase (dCMP),Cytoplasmic,Nucleotide Salvage Pathway,68.68233333,b0910,24746.0,0,0,[24746.0],[0.0],['Cytoplasmic'],[0]
2896,GK1_b,Guanylate kinase (GMP:ATP),Cytoplasmic,Nucleotide Salvage Pathway,209.0,b3648,23593.0,0,0,[23593.0],[0.0],['Cytoplasmic'],[0]
2897,HACD1_b,3-hydroxyacyl-CoA dehydrogenase (acetoacetyl-CoA),Cytoplasmic,Membrane Lipid Metabolism,7.504,b3846 or b2341,77072.0,0.0,0,"[79594.0, 77072.0]","[0.0, 0.0]","['Cytoplasmic', 'Cytoplasmic']","[0, 0]"
2898,HACD2_b,3-hydroxyacyl-CoA dehydrogenase (3-oxohexanoyl-CoA),Cytoplasmic,Membrane Lipid Metabolism,0.004,b3846 or b2341,77072.0,0.0,0,"[79594.0, 77072.0]","[0.0, 0.0]","['Cytoplasmic', 'Cytoplasmic']","[0, 0]"
2899,EX_hdcea_e_b,Hexadecenoate (n-C16:1) exchange,Exchange,Extracellular exchange,nan,,0,0,0,[0],[0],['Exchange'],[0]
2900,NDPK7_b,Nucleoside-diphosphate kinase (ATP:dCDP),Cytoplasmic,Nucleotide Salvage Pathway,783.0,b0474 or b2518,15463.0,0.0,0,"[23586.0, 15463.0]","[0.0, 0.0]","['Cytoplasmic', 'Cytoplasmic']","[0, 0]"
2901,GLYAT_b,Glycine C-acetyltransferase,Cytoplasmic,Glycine and Serine Metabolism,109.4666667,b3617,43117.0,0,0,[43117.0],[0.0],['Cytoplasmic'],[0]
2902,CRNBTCT_b,Gamma-butyrobetainyl-CoA: carnitine CoA transferase,Cytoplasmic,Oxidative Phosphorylation,76.1108,b0038,45127.0,0,0,[45127.0],[0.0],['Cytoplasmic'],[0]
2903,CRNCBCT_b,Crotonobetainyl-CoA: carnitine CoA transferase,Cytoplasmic,Oxidative Phosphorylation,76.1108,b0038,45127.0,0,0,[45127.0],[0.0],['Cytoplasmic'],[0]
2904,CRNCDH_b,Carnityl-CoA dehydratse,Cytoplasmic,Oxidative Phosphorylation,10.0,b0036,28190.0,0,0,[28190.0],[0.0],['Cytoplasmic'],[0]
2905,NDPK2_b,Nucleoside-diphosphate kinase (ATP:UDP),Cytoplasmic,Nucleotide Salvage Pathway,783.0,b0474 or b2518,15463.0,0.0,0,"[23586.0, 15463.0]","[0.0, 0.0]","['Cytoplasmic', 'Cytoplasmic']","[0, 0]"
2906,NDPK3_b,Nucleoside-diphosphate kinase (ATP:CDP),Cytoplasmic,Nucleotide Salvage Pathway,458.7,b2518 or b0474,15463.0,0,0,"[15463.0, 23586.0]","[0.0, 0.0]","['Cytoplasmic', 'Cytoplasmic']","[0, 0]"
2907,NDPK4_b,Nucleoside-diphosphate kinase (ATP:dTDP),Cytoplasmic,Nucleotide Salvage Pathway,783.0,b0474 or b2518,15463.0,0.0,0,"[23586.0, 15463.0]","[0.0, 0.0]","['Cytoplasmic', 'Cytoplasmic']","[0, 0]"
2908,DGK1_b,Deoxyguanylate kinase (dGMP:ATP),Cytoplasmic,Nucleotide Salvage Pathway,209.0,b3648,23593.0,0,0,[23593.0],[0.0],['Cytoplasmic'],[0]
2909,DTMPK_b,DTMP kinase,Cytoplasmic,Nucleotide Salvage Pathway,0.86,b1098,23783.0,0,0,[23783.0],[0.0],['Cytoplasmic'],[0]
2910,NDPK1_b,Nucleoside-diphosphate kinase (ATP:GDP),Cytoplasmic,Nucleotide Salvage Pathway,407.3333333,b0474 or b2518,15463.0,0.0,0,"[23586.0, 15463.0]","[0.0, 0.0]","['Cytoplasmic', 'Cytoplasmic']","[0, 0]"
2911,PGMT_b,Phosphoglucomutase,Cytoplasmic,Alternate Carbon Metabolism,48.895,b2690 or b0688 or b1317,20780.0,0,0,"[20780.0, 58361.0, 23565.0]","[0.0, 0.0, 0.0]","['Cytoplasmic', 'Cytoplasmic', 'Cytoplasmic']","[0, 0, 0]"
2912,EX_nmn_e_b,NMN exchange,Exchange,Extracellular exchange,nan,,0,0,0,[0],[0],['Exchange'],[0]
2913,EX_urea_e_b,Urea exchange,Exchange,Extracellular exchange,nan,,0,0,0,[0],[0],['Exchange'],[0]
2914,EX_f6p_e_b,D-fructose 6-phosphate exchange,Exchange,Extracellular exchange,nan,,0,0,0,[0],[0],['Exchange'],[0]
2915,EX_lac__D_e_b,D-lactate exchange,Exchange,Extracellular exchange,nan,,0,0,0,[0],[0],['Exchange'],[0]
2916,UMPK_b,UMP kinase,Cytoplasmic,Nucleotide Salvage Pathway,68.68233333,b0910 or b0171,24746.0,0,0,"[24746.0, 25970.0]","[0.0, 0.0]","['Cytoplasmic', 'Cytoplasmic']","[0, 0]"
2917,DDPGALA_b,2-dehydro-3-deoxy-6-phosphogalactonate aldolase,Cytoplasmic,Alternate Carbon Metabolism,0.94,b4477,21391.0,0,0,[21391.0],[0.0],['Cytoplasmic'],[0]
2918,EX_ttdcea_e_b,Tetradecenoate (n-C14:1) exchange,Exchange,Extracellular exchange,nan,,0,0,0,[0],[0],['Exchange'],[0]
2919,F6PA_b,Fructose 6-phosphate aldolase,Cytoplasmic,Glycolysis/Gluconeogenesis,0.002,b0825 or b3946,22997.0,0,0,"[22997.0, 23555.0]","[0.0, 0.0]","['Cytoplasmic', 'Cytoplasmic']","[0, 0]"
2920,EX_h2s_e_b,Hydrogen sulfide exchange,Exchange,Extracellular exchange,nan,,0,0,0,[0],[0],['Exchange'],[0]
2921,EX_gthrd_e_b,Reduced glutathione exchange,Exchange,Extracellular exchange,nan,,0,0,0,[0],[0],['Exchange'],[0]
2922,IDOND_b,L-idonate 5-dehydrogenase,Cytoplasmic,Alternate Carbon Metabolism,76.08846667,b4267,37147.0,0,0,[37147.0],[0.0],['Cytoplasmic'],[0]
2923,MCOATA_b,Malonyl-CoA-ACP transacylase,Cytoplasmic,Membrane Lipid Metabolism,9.1,b1094 and b1092,41057.0,0,0,[41057.0],[0.0],['Cytoplasmic'],[0]
2924,DAPE_b,Diaminopimelate epimerase,Cytoplasmic,Threonine and Lysine Metabolism,67.0,b3809,30209.0,0,0,[30209.0],[0.0],['Cytoplasmic'],[0]
2925,SDPTA_b,Succinyldiaminopimelate transaminase,Cytoplasmic,Threonine and Lysine Metabolism,0.67,b3359 or b1302 or b1748 or b2662 or b0907,39783.0,0.0,0,"[43767.0, 44729.0, 43665.0, 45775.0, 39783.0]","[0.0, 0.0, 0.0, 0.0, 0.0]","['Cytoplasmic', 'Cytoplasmic', 'Cytoplasmic', 'Cytoplasmic', 'Cytoplasmic']","[0, 0, 0, 0, 0]"
2926,EX_met__D_e_b,D-Methionine exchange,Exchange,Extracellular exchange,nan,,0,0,0,[0],[0],['Exchange'],[0]
2927,EX_tartr__L_e_b,L-tartrate exchange,Exchange,Extracellular exchange,nan,,0,0,0,[0],[0],['Exchange'],[0]
2928,EX_taur_e_b,Taurine exchange,Exchange,Extracellular exchange,nan,,0,0,0,[0],[0],['Exchange'],[0]
2929,EX_maltpt_e_b,Maltopentaose exchange,Exchange,Extracellular exchange,nan,,0,0,0,[0],[0],['Exchange'],[0]
2930,EX_glcur_e_b,D-Glucuronate exchange,Exchange,Extracellular exchange,nan,,0,0,0,[0],[0],['Exchange'],[0]
2931,ARAI_b,L-arabinose isomerase,Cytoplasmic,Alternate Carbon Metabolism,241.7,b0062,56074.0,0,0,[56074.0],[0.0],['Cytoplasmic'],[0]
2932,M1PD_b,Mannitol-1-phosphate 5-dehydrogenase,Cytoplasmic,Alternate Carbon Metabolism,125.0,b3600,41139.0,0,0,[41139.0],[0.0],['Cytoplasmic'],[0]
2933,G3PD2_b,Glycerol-3-phosphate dehydrogenase (NADP),Cytoplasmic,Alternate Carbon Metabolism,7.3275,b3608,36362.0,0,0,[36362.0],[0.0],['Cytoplasmic'],[0]
2934,FCI_b,L-fucose isomerase,Cytoplasmic,Alternate Carbon Metabolism,0.0287,b2802,64977.0,0,0,[64977.0],[0.0],['Cytoplasmic'],[0]
2935,FCLPA_b,L-fuculose 1-phosphate aldolase,Cytoplasmic,Alternate Carbon Metabolism,9.83,b2738 or b2800,23222.0,0,0,"[23222.0, 23775.0]","[0.0, 0.0]","['Cytoplasmic', 'Cytoplasmic']","[0, 0]"
2936,UAGAAT_b,UDP-N-acetylglucosamine acyltransferase,Cytoplasmic,Lipopolysaccharide Biosynthesis / Recycling,9.166666667,b1094 and b0181,36720.0,0,0,[36720.0],[0.0],['Cytoplasmic'],[0]
2937,PRPPS_b,Phosphoribosylpyrophosphate synthetase,Cytoplasmic,Histidine Metabolism,0.66,b1207,34218.0,0,0,[34218.0],[0.0],['Cytoplasmic'],[0]
2938,PRMICI_b,1-(5-phosphoribosyl)-5-[(5-phosphoribosylamino)methylideneamino)imidazole-4-carboxamide isomerase,Cytoplasmic,Histidine Metabolism,14.3,b2024,26033.0,0,0,[26033.0],[0.0],['Cytoplasmic'],[0]
2939,SERAT_b,Serine O-acetyltransferase,Cytoplasmic,Cysteine Metabolism,0.068,b3607,29317.0,0,0,[29317.0],[0.0],['Cytoplasmic'],[0]
2940,ASPK_b,Aspartate kinase,Cytoplasmic,Threonine and Lysine Metabolism,22.13,b0002 or b3940 or b4024,48532.0,0.0,0,"[89120.0, 88888.0, 48532.0]","[0.0, 0.0, 0.0]","['Cytoplasmic', 'Cytoplasmic', 'Cytoplasmic']","[0, 0, 0]"
2941,ASAD_b,Aspartate-semialdehyde dehydrogenase,Cytoplasmic,Threonine and Lysine Metabolism,15.6,b3433,40018.0,0,0,[40018.0],[0.0],['Cytoplasmic'],[0]
2942,EX_mmet_e_b,S-Methyl-L-methionine exchange,Exchange,Extracellular exchange,nan,,0,0,0,[0],[0],['Exchange'],[0]
2943,CBMKr_b,Carbamate kinase,Cytoplasmic,Nitrogen Metabolism,319.0,b0521,31644.0,0,0,[31644.0],[0.0],['Cytoplasmic'],[0]
2944,AMANAPEr_b,N-acetylmannosamine 6-phosphate epimerase,Cytoplasmic,Alternate Carbon Metabolism,9201.8125,b3223,24074.0,0,0,[24074.0],[0.0],['Cytoplasmic'],[0]
2945,NNATr_b,Nicotinate-nucleotide adenylyltransferase,Cytoplasmic,Nucleotide Salvage Pathway,5.5,b0639,24528.0,0,0,[24528.0],[0.0],['Cytoplasmic'],[0]
2946,GAPD_b,Glyceraldehyde-3-phosphate dehydrogenase,Cytoplasmic,Glycolysis/Gluconeogenesis,73.56,b1779,35532.0,0,0,[35532.0],[0.0],['Cytoplasmic'],[0]
2947,ARGSL_b,Argininosuccinate lyase,Cytoplasmic,Arginine and Proline Metabolism,34.5,b3960,50318.0,0,0,[50318.0],[0.0],['Cytoplasmic'],[0]
2948,EX_mg2_e_b,Mg exchange,Exchange,Extracellular exchange,nan,,0,0,0,[0],[0],['Exchange'],[0]
2949,ACOATA_b,Acetyl-CoA ACP transacylase,Cytoplasmic,Membrane Lipid Metabolism,0.46,b1094 and b1091,42155.0,0,0,[42155.0],[0.0],['Cytoplasmic'],[0]
2950,MLTP3_b,Maltodextrin phosphorylase (maltoheptaose),Cytoplasmic,Alternate Carbon Metabolism,0.001,b3417,90522.0,0,0,[90522.0],[0.0],['Cytoplasmic'],[0]
2951,OCBT_b,Ornithine carbamoyltransferase,Cytoplasmic,Arginine and Proline Metabolism,8.0,b4254 or b0273,36827.0,0.0,0,"[36907.0, 36827.0]","[0.0, 0.0]","['Cytoplasmic', 'Cytoplasmic']","[0, 0]"
2952,GARFT_b,Phosphoribosylglycinamide formyltransferase,Cytoplasmic,Purine and Pyrimidine Biosynthesis,13.5,b2500,23238.0,0,0,[23238.0],[0.0],['Cytoplasmic'],[0]
2953,PHETA1_b,Phenylalanine transaminase,Cytoplasmic,"Tyrosine, Tryptophan, and Phenylalanine Metabolism",670.0,b4054 or b0928 or b3770,34094.0,0.0,0,"[43538.0, 43573.0, 34094.0]","[0.0, 0.0, 0.0]","['Cytoplasmic', 'Cytoplasmic', 'Cytoplasmic']","[0, 0, 0]"
2954,MCITL2_b,Methylisocitrate lyase,Cytoplasmic,Alternate Carbon Metabolism,19.0,b0331,32135.0,0,0,[32135.0],[0.0],['Cytoplasmic'],[0]
2955,ACOTA_b,Acetylornithine transaminase,Cytoplasmic,Arginine and Proline Metabolism,25.45,b1748 or b3359 or b2662 or b1302,43665.0,0,0,"[43665.0, 43767.0, 45775.0, 44729.0]","[0.0, 0.0, 0.0, 0.0]","['Cytoplasmic', 'Cytoplasmic', 'Cytoplasmic', 'Cytoplasmic']","[0, 0, 0, 0]"
2956,PRAGSr_b,Phosphoribosylglycinamide synthase,Cytoplasmic,Purine and Pyrimidine Biosynthesis,2.3,b4005,45940.0,0,0,[45940.0],[0.0],['Cytoplasmic'],[0]
2957,EX_acac_e_b,Acetoacetate exchange,Exchange,Extracellular exchange,nan,,0,0,0,[0],[0],['Exchange'],[0]
2958,PPAKr_b,Propionate kinase,Cytoplasmic,Alternate Carbon Metabolism,114.0,b3115,43384.0,0,0,[43384.0],[0.0],['Cytoplasmic'],[0]
2959,PPM2_b,Phosphopentomutase 2 (deoxyribose),Cytoplasmic,Alternate Carbon Metabolism,173.0,b4383,44370.0,0,0,[44370.0],[0.0],['Cytoplasmic'],[0]
2960,EX_adn_e_b,Adenosine exchange,Exchange,Extracellular exchange,nan,,0,0,0,[0],[0],['Exchange'],[0]
2961,EX_ins_e_b,Inosine exchange,Exchange,Extracellular exchange,nan,,0,0,0,[0],[0],['Exchange'],[0]
2962,G6PDH2r_b,Glucose 6-phosphate dehydrogenase,Cytoplasmic,Pentose Phosphate Pathway,288.0,b1852,55704.0,0,0,[55704.0],[0.0],['Cytoplasmic'],[0]
2963,EX_glyc3p_e_b,Glycerol 3-phosphate exchange,Exchange,Extracellular exchange,nan,,0,0,0,[0],[0],['Exchange'],[0]
2964,EX_lcts_e_b,Lactose exchange,Exchange,Extracellular exchange,nan,,0,0,0,[0],[0],['Exchange'],[0]
2965,EX_nac_e_b,Nicotinate exchange,Exchange,Extracellular exchange,nan,,0,0,0,[0],[0],['Exchange'],[0]
2966,EX_ocdca_e_b,Octadecanoate (n-C18:0) exchange,Exchange,Extracellular exchange,nan,,0,0,0,[0],[0],['Exchange'],[0]
2967,FBA3_b,"Sedoheptulose 1,7-bisphosphate D-glyceraldehyde-3-phosphate-lyase",Cytoplasmic,Pentose Phosphate Pathway,0.002,b2925,39147.0,0,0,[39147.0],[0.0],['Cytoplasmic'],[0]
2968,ADK3_b,Adentylate kinase (GTP),Cytoplasmic,Nucleotide Salvage Pathway,783.0,b0474,23586.0,0,0,[23586.0],[0.0],['Cytoplasmic'],[0]
2969,HSDy_b,Homoserine dehydrogenase (NADPH),Cytoplasmic,Threonine and Lysine Metabolism,156.7,b3940 or b0002,88888.0,0,0,"[88888.0, 89120.0]","[0.0, 0.0]","['Cytoplasmic', 'Cytoplasmic']","[0, 0]"
2970,EX_dad_2_e_b,Deoxyadenosine exchange,Exchange,Extracellular exchange,nan,,0,0,0,[0],[0],['Exchange'],[0]
2971,EX_ser__D_e_b,D-Serine exchange,Exchange,Extracellular exchange,nan,,0,0,0,[0],[0],['Exchange'],[0]
2972,EX_gam6p_e_b,D-Glucosamine 6-phosphate exchange,Exchange,Extracellular exchange,nan,,0,0,0,[0],[0],['Exchange'],[0]
2973,EX_15dap_e_b,"1,5-Diaminopentane exchange",Exchange,Extracellular exchange,nan,,0,0,0,[0],[0],['Exchange'],[0]
2974,EX_ocdcea_e_b,Octadecenoate (n-C18:1) exchange,Exchange,Extracellular exchange,nan,,0,0,0,[0],[0],['Exchange'],[0]
2975,EX_cynt_e_b,Cyanate exchange,Exchange,Extracellular exchange,nan,,0,0,0,[0],[0],['Exchange'],[0]
2976,EX_galctn__D_e_b,D-Galactonate exchange,Exchange,Extracellular exchange,nan,,0,0,0,[0],[0],['Exchange'],[0]
2977,EX_glyb_e_b,Glycine betaine exchange,Exchange,Extracellular exchange,nan,,0,0,0,[0],[0],['Exchange'],[0]
2978,GLUtex_b,L-glutamate transport via diffusion (extracellular to periplasm),Cytoplasmic,"Transport, Outer Membrane Porin",100000000.0,b0241 or b0929 or b1377 or b2215,38922.0,0.0,0,"[38922.0, 39333.0, 41220.0, 40368.0]","[0.0, 21633.15, 0.0, 17383.90751]","['Cytoplasmic', 'Cytoplasmic', 'Cytoplasmic', 'Cytoplasmic']","[0, 17, 0, 16]"
2979,GLYtex_b,Glycine transport via diffusion (extracellular to periplasm),Cytoplasmic,"Transport, Outer Membrane Porin",100000000.0,b0241 or b0929 or b1377 or b2215,38922.0,0.0,0,"[38922.0, 39333.0, 41220.0, 40368.0]","[0.0, 21633.15, 0.0, 17383.90751]","['Cytoplasmic', 'Cytoplasmic', 'Cytoplasmic', 'Cytoplasmic']","[0, 17, 0, 16]"
2980,GLYALDtex_b,Glyceraldehyde transport via diffusion (extracellular to periplasm),Cytoplasmic,"Transport, Outer Membrane Porin",100000000.0,b0241 or b0929 or b1377 or b2215,38922.0,0.0,0,"[38922.0, 39333.0, 41220.0, 40368.0]","[0.0, 21633.15, 0.0, 17383.90751]","['Cytoplasmic', 'Cytoplasmic', 'Cytoplasmic', 'Cytoplasmic']","[0, 17, 0, 16]"
2981,GLYBtex_b,Glycine betaine transport via diffusion (extracellular to periplasm),Cytoplasmic,"Transport, Outer Membrane Porin",100000000.0,b0241 or b0929 or b1377 or b2215,38922.0,0.0,0,"[38922.0, 39333.0, 41220.0, 40368.0]","[0.0, 21633.15, 0.0, 17383.90751]","['Cytoplasmic', 'Cytoplasmic', 'Cytoplasmic', 'Cytoplasmic']","[0, 17, 0, 16]"
2982,GLYCtex_b,Glycerol transport via diffusion (extracellular to periplasm),Cytoplasmic,"Transport, Outer Membrane Porin",100000000.0,b0241 or b0929 or b1377 or b2215,38922.0,0.0,0,"[38922.0, 39333.0, 41220.0, 40368.0]","[0.0, 21633.15, 0.0, 17383.90751]","['Cytoplasmic', 'Cytoplasmic', 'Cytoplasmic', 'Cytoplasmic']","[0, 17, 0, 16]"
2983,GLYC3Ptex_b,Glycerol-3-phosphate transport via diffusion (extracellular to periplasm),Cytoplasmic,"Transport, Outer Membrane Porin",100000000.0,b0241 or b0929 or b1377 or b2215,38922.0,0.0,0,"[38922.0, 39333.0, 41220.0, 40368.0]","[0.0, 21633.15, 0.0, 17383.90751]","['Cytoplasmic', 'Cytoplasmic', 'Cytoplasmic', 'Cytoplasmic']","[0, 17, 0, 16]"
2984,GLYCLTtex_b,Glycolate transport via diffusion (extracellular to periplasm),Cytoplasmic,"Transport, Outer Membrane Porin",100000000.0,b0241 or b0929 or b1377 or b2215,38922.0,0.0,0,"[38922.0, 39333.0, 41220.0, 40368.0]","[0.0, 21633.15, 0.0, 17383.90751]","['Cytoplasmic', 'Cytoplasmic', 'Cytoplasmic', 'Cytoplasmic']","[0, 17, 0, 16]"
2985,GTPtex_b,GTP transport via diffusion (extracellular to periplasm),Cytoplasmic,"Transport, Outer Membrane Porin",100000000.0,b1377 or b2215 or b0241 or b0929,38922.0,0.0,0,"[41220.0, 40368.0, 38922.0, 39333.0]","[0.0, 17383.90751, 0.0, 21633.15]","['Cytoplasmic', 'Cytoplasmic', 'Cytoplasmic', 'Cytoplasmic']","[0, 16, 0, 17]"
2986,GUAtex_b,Guanine transport via diffusion (extracellular to periplasm),Cytoplasmic,"Transport, Outer Membrane",100000000.0,b0411,33589.0,0,0,[33589.0],[0.0],['Cytoplasmic'],[0]
2987,Htex_b,Proton transport via diffusion (extracellular to periplasm),Cytoplasmic,"Transport, Outer Membrane Porin",100000000.0,b0241 or b0929 or b1377 or b2215,38922.0,0.0,0,"[38922.0, 39333.0, 41220.0, 40368.0]","[0.0, 21633.15, 0.0, 17383.90751]","['Cytoplasmic', 'Cytoplasmic', 'Cytoplasmic', 'Cytoplasmic']","[0, 17, 0, 16]"
2988,H2tex_b,Hydrogen transport via diffusion (extracellular to periplasm),Cytoplasmic,"Transport, Outer Membrane Porin",100000000.0,b0241 or b0929 or b1377 or b2215,38922.0,0.0,0,"[38922.0, 39333.0, 41220.0, 40368.0]","[0.0, 21633.15, 0.0, 17383.90751]","['Cytoplasmic', 'Cytoplasmic', 'Cytoplasmic', 'Cytoplasmic']","[0, 17, 0, 16]"
2989,H2Otex_b,H2O transport via diffusion (extracellular to periplasm),Inner Membrane,"Transport, Outer Membrane Porin",100000000.0,b3875 or s0001 or b1319 or b0957 or b2215 or b0241 or b1377 or b0929,0,0.0,0,"[27200.0, 0.0, 34913.0, 37201.0, 40368.0, 38922.0, 41220.0, 39333.0]","[0.0, 0.0, 19825.59643, 9386.098462, 17383.90751, 0.0, 0.0, 21633.15]","['Cytoplasmic', 'Inner Membrane', 'Cytoplasmic', 'Cytoplasmic', 'Cytoplasmic', 'Cytoplasmic', 'Cytoplasmic', 'Cytoplasmic']","[0, 0, 16, 8, 16, 0, 0, 17]"
2990,O2tpp_b,O2 transport via diffusion (periplasm),Inner Membrane,Inorganic Ion Transport and Metabolism,nan,s0001,0,0,0,[0.0],[0.0],['Inner Membrane'],[0]
2991,PYRt2rpp_b,Pyruvate reversible transport via proton symport (periplasm),Cytoplasmic,"Transport, Inner Membrane",nan,,0,0,0,[0],[0],['Cytoplasmic'],[0]
2992,XANtpp_b,Xanthine reversible transport (periplasm),Cytoplasmic,"Transport, Inner Membrane",nan,,0,0,0,[0],[0],['Cytoplasmic'],[0]
2993,DAPtex_b,"1,5-Diaminopentane transport via diffusion (extracellular to periplasm)",Cytoplasmic,"Transport, Outer Membrane Porin",100000000.0,b0241 or b0929 or b1377 or b2215,38922.0,0.0,0,"[38922.0, 39333.0, 41220.0, 40368.0]","[0.0, 21633.15, 0.0, 17383.90751]","['Cytoplasmic', 'Cytoplasmic', 'Cytoplasmic', 'Cytoplasmic']","[0, 17, 0, 16]"
2994,12PPDStex_b,"(S)-Propane-1,2-diol transport via diffusion (extracellular to periplasm)",Cytoplasmic,"Transport, Outer Membrane Porin",100000000.0,b0241 or b0929 or b1377 or b2215,38922.0,0.0,0,"[38922.0, 39333.0, 41220.0, 40368.0]","[0.0, 21633.15, 0.0, 17383.90751]","['Cytoplasmic', 'Cytoplasmic', 'Cytoplasmic', 'Cytoplasmic']","[0, 17, 0, 16]"
2995,DDGLCNtex_b,2-dehydro-3-deoxy-D-gluconate transport via diffusion (extracellular to periplasm),Cytoplasmic,"Transport, Outer Membrane Porin",100000000.0,b0241 or b0929 or b1377 or b2215,38922.0,0.0,0,"[38922.0, 39333.0, 41220.0, 40368.0]","[0.0, 21633.15, 0.0, 17383.90751]","['Cytoplasmic', 'Cytoplasmic', 'Cytoplasmic', 'Cytoplasmic']","[0, 17, 0, 16]"
2996,26DAHtex_b,"Meso-2,6-Diaminoheptanedioate transport via diffusion (extracellular to periplasm)",Cytoplasmic,"Transport, Outer Membrane Porin",100000000.0,b0241 or b0929 or b1377 or b2215,38922.0,0.0,0,"[38922.0, 39333.0, 41220.0, 40368.0]","[0.0, 21633.15, 0.0, 17383.90751]","['Cytoplasmic', 'Cytoplasmic', 'Cytoplasmic', 'Cytoplasmic']","[0, 17, 0, 16]"
2997,HCINNMtex_b,3-hydroxycinnamic acid transport via diffusion (extracellular to periplasm),Cytoplasmic,"Transport, Outer Membrane Porin",100000000.0,b0241 or b0929 or b1377 or b2215,38922.0,0.0,0,"[38922.0, 39333.0, 41220.0, 40368.0]","[0.0, 21633.15, 0.0, 17383.90751]","['Cytoplasmic', 'Cytoplasmic', 'Cytoplasmic', 'Cytoplasmic']","[0, 17, 0, 16]"
2998,HPPPNtex_b,3-(3-hydroxyphenyl)propionate transport via diffusion (extracellular to periplasm),Cytoplasmic,"Transport, Outer Membrane Porin",100000000.0,b0929 or b1377 or b2215 or b0241,38922.0,0.0,0,"[39333.0, 41220.0, 40368.0, 38922.0]","[21633.15, 0.0, 17383.90751, 0.0]","['Cytoplasmic', 'Cytoplasmic', 'Cytoplasmic', 'Cytoplasmic']","[17, 0, 16, 0]"
2999,ACtex_b,Acetate transport via diffusion (extracellular to periplasm),Cytoplasmic,"Transport, Outer Membrane Porin",100000000.0,b0241 or b0929 or b1377 or b2215,38922.0,0.0,0,"[38922.0, 39333.0, 41220.0, 40368.0]","[0.0, 21633.15, 0.0, 17383.90751]","['Cytoplasmic', 'Cytoplasmic', 'Cytoplasmic', 'Cytoplasmic']","[0, 17, 0, 16]"
3000,ACALDtex_b,Acetaldehyde transport via diffusion (extracellular to periplasm),Cytoplasmic,"Transport, Outer Membrane Porin",100000000.0,b0241 or b0929 or b1377 or b2215,38922.0,0.0,0,"[38922.0, 39333.0, 41220.0, 40368.0]","[0.0, 21633.15, 0.0, 17383.90751]","['Cytoplasmic', 'Cytoplasmic', 'Cytoplasmic', 'Cytoplasmic']","[0, 17, 0, 16]"
3001,ACMANAtex_b,N-acetyl-D-mannosamine transport via diffusion (extracellular to periplasm),Cytoplasmic,"Transport, Outer Membrane Porin",100000000.0,b2215 or b0241 or b0929 or b1377,38922.0,0.0,0,"[40368.0, 38922.0, 39333.0, 41220.0]","[17383.90751, 0.0, 21633.15, 0.0]","['Cytoplasmic', 'Cytoplasmic', 'Cytoplasmic', 'Cytoplasmic']","[16, 0, 17, 0]"
3002,ACACT7r_b,Acetyl-CoA C-acyltransferase (tetradecanoyl-CoA) (r),Cytoplasmic,Membrane Lipid Metabolism,14.8,b2342 or b3845,40876.0,0.0,0,"[46531.0, 40876.0]","[0.0, 0.0]","['Cytoplasmic', 'Cytoplasmic']","[0, 0]"
3003,ACACT2r_b,Acetyl-CoA C-acyltransferase (butanoyl-CoA) (r),Cytoplasmic,Membrane Lipid Metabolism,14.8,b2342 or b3845,40876.0,0.0,0,"[46531.0, 40876.0]","[0.0, 0.0]","['Cytoplasmic', 'Cytoplasmic']","[0, 0]"
3004,ACACT3r_b,Acetyl-CoA C-acyltransferase (hexanoyl-CoA) (r),Cytoplasmic,Membrane Lipid Metabolism,14.8,b2342 or b3845,40876.0,0.0,0,"[46531.0, 40876.0]","[0.0, 0.0]","['Cytoplasmic', 'Cytoplasmic']","[0, 0]"
3005,ACACT4r_b,Acetyl-CoA C-acyltransferase (octanoyl-CoA) (r),Cytoplasmic,Membrane Lipid Metabolism,14.8,b2342 or b3845,40876.0,0.0,0,"[46531.0, 40876.0]","[0.0, 0.0]","['Cytoplasmic', 'Cytoplasmic']","[0, 0]"
3006,SUCFUMtpp_b,Succinate:fumarate antiporter (periplasm),Inner Membrane,"Transport, Inner Membrane",22.0,b4123 or b0621 or b4138,45751.0,18701.90993,10,"[47935.0, 48412.0, 45751.0]","[17733.80045, 26463.82646, 18701.90993]","['Inner Membrane', 'Inner Membrane', 'Inner Membrane']","[9, 12, 10]"
3007,TARTRt7pp_b,Tartrate/succinate antiporter (periplasm),Inner Membrane,"Transport, Inner Membrane",22.0,b3063,52906.0,31939.14579,14,[52906.0],[31939.14579],['Inner Membrane'],[14]
3008,AHGDx_b,(S)-alpha-hydroxyglutarate dehydrogenase,Cytoplasmic,Glycine and Serine Metabolism,16.82075,b2913,44176.0,0,0,[44176.0],[0.0],['Cytoplasmic'],[0]
3009,EX_ca2_e_b,Calcium exchange,Exchange,Extracellular exchange,nan,,0,0,0,[0],[0],['Exchange'],[0]
3010,EX_so3_e_b,Sulfite exchange,Exchange,Extracellular exchange,nan,,0,0,0,[0],[0],['Exchange'],[0]
3011,AKGt2rpp_b,2-oxoglutarate reversible transport via symport (periplasm),Inner Membrane,"Transport, Inner Membrane",22.0,b2587,47052.0,27447.0,12,[47052.0],[27447.0],['Inner Membrane'],[12]
3012,EX_ascb__L_e_b,L-Ascorbate exchange,Exchange,Extracellular exchange,nan,,0,0,0,[0],[0],['Exchange'],[0]
3013,EX_ala_B_e_b,Beta-Alanine exchange,Exchange,Extracellular exchange,nan,,0,0,0,[0],[0],['Exchange'],[0]
3014,EX_agm_e_b,Agmatine exchange,Exchange,Extracellular exchange,nan,,0,0,0,[0],[0],['Exchange'],[0]
3015,EX_minohp_e_b,Myo-Inositol hexakisphosphate exchange,Exchange,Extracellular exchange,nan,,0,0,0,[0],[0],['Exchange'],[0]
3016,EX_ppt_e_b,Phosphonate exchange,Exchange,Extracellular exchange,nan,,0,0,0,[0],[0],['Exchange'],[0]
3017,EX_hxa_e_b,Hexanoate (n-C6:0) exchange,Exchange,Extracellular exchange,nan,,0,0,0,[0],[0],['Exchange'],[0]
3018,EX_lyx__L_e_b,L-Lyxose exchange,Exchange,Extracellular exchange,nan,,0,0,0,[0],[0],['Exchange'],[0]
3019,EX_acmum_e_b,N-Acetylmuramate exchange,Exchange,Extracellular exchange,nan,,0,0,0,[0],[0],['Exchange'],[0]
3020,EX_dca_e_b,Decanoate (n-C10:0) exchange,Exchange,Extracellular exchange,nan,,0,0,0,[0],[0],['Exchange'],[0]
3021,EX_all__D_e_b,D-Allose exchange,Exchange,Extracellular exchange,nan,,0,0,0,[0],[0],['Exchange'],[0]
3022,EX_octa_e_b,Octanoate (n-C8:0) exchange,Exchange,Extracellular exchange,nan,,0,0,0,[0],[0],['Exchange'],[0]
3023,EX_xylu__L_e_b,L-Xylulose exchange,Exchange,Extracellular exchange,nan,,0,0,0,[0],[0],['Exchange'],[0]
3024,EX_gdp_e_b,GDP exchange,Exchange,Extracellular exchange,nan,,0,0,0,[0],[0],['Exchange'],[0]
3025,EX_gtp_e_b,GTP exchange,Exchange,Extracellular exchange,nan,,0,0,0,[0],[0],['Exchange'],[0]
3026,THMDt2pp_copy2_b,Thymidine transport in via proton symport (periplasm),Inner Membrane,"Transport, Inner Membrane",22.0,b2406,46140.0,27816.45933,12,[46140.0],[27816.45933],['Inner Membrane'],[12]
3027,TRPt2rpp_b,L-tryptophan reversible transport via proton symport (periplasm),Inner Membrane,"Transport, Inner Membrane",22.0,b3161 or b3709 or b0112,44333.0,24736.52899,11,"[44333.0, 45211.0, 49690.0]","[24736.52899, 25165.64096, 27400.17505]","['Inner Membrane', 'Inner Membrane', 'Inner Membrane']","[11, 11, 12]"
3028,TYRt2rpp_b,L-tyrosine reversible transport via proton symport (periplasm),Inner Membrane,"Transport, Inner Membrane",22.0,b1907 or b0112,42819.0,24543.8933,11,"[42819.0, 49690.0]","[24543.8933, 27400.17505]","['Inner Membrane', 'Inner Membrane']","[11, 12]"
3029,URIt2pp_copy2_b,Uridine transport in via proton symport (periplasm),Inner Membrane,"Transport, Inner Membrane",22.0,b2406,46140.0,27816.45933,12,[46140.0],[27816.45933],['Inner Membrane'],[12]
3030,XTSNt2rpp_b,Xanthosine transport via proton symport (periplasm),Inner Membrane,"Transport, Inner Membrane",22.0,b2406,46140.0,27816.45933,12,[46140.0],[27816.45933],['Inner Membrane'],[12]
3031,EX_fruur_e_b,D-Fructuronate exchange,Exchange,Extracellular exchange,nan,,0,0,0,[0],[0],['Exchange'],[0]
3032,GALtex_b,D-galactose transport via diffusion (extracellular to periplasm),Cytoplasmic,"Transport, Outer Membrane Porin",100000000.0,b0241 or b0929 or b1377 or b2215,38922.0,0.0,0,"[38922.0, 39333.0, 41220.0, 40368.0]","[0.0, 21633.15, 0.0, 17383.90751]","['Cytoplasmic', 'Cytoplasmic', 'Cytoplasmic', 'Cytoplasmic']","[0, 17, 0, 16]"
3033,GALCTtex_b,D-galactarte transport via diffusion (extracellular to periplasm),Cytoplasmic,"Transport, Outer Membrane Porin",100000000.0,b0241 or b0929 or b1377 or b2215,38922.0,0.0,0,"[38922.0, 39333.0, 41220.0, 40368.0]","[0.0, 21633.15, 0.0, 17383.90751]","['Cytoplasmic', 'Cytoplasmic', 'Cytoplasmic', 'Cytoplasmic']","[0, 17, 0, 16]"
3034,GALCTNtex_b,D-galactonate transport via diffusion (extracellular to periplasm),Cytoplasmic,"Transport, Outer Membrane Porin",100000000.0,b0241 or b0929 or b1377 or b2215,38922.0,0.0,0,"[38922.0, 39333.0, 41220.0, 40368.0]","[0.0, 21633.15, 0.0, 17383.90751]","['Cytoplasmic', 'Cytoplasmic', 'Cytoplasmic', 'Cytoplasmic']","[0, 17, 0, 16]"
3035,GALTtex_b,Galactitol transport via diffusion (extracellular to periplasm),Cytoplasmic,"Transport, Outer Membrane Porin",100000000.0,b0241 or b0929 or b1377 or b2215,38922.0,0.0,0,"[38922.0, 39333.0, 41220.0, 40368.0]","[0.0, 21633.15, 0.0, 17383.90751]","['Cytoplasmic', 'Cytoplasmic', 'Cytoplasmic', 'Cytoplasmic']","[0, 17, 0, 16]"
3036,GALURtex_b,D-galacturonate transport via diffusion (extracellular to periplasm),Cytoplasmic,"Transport, Outer Membrane Porin",100000000.0,b0241 or b0929 or b1377 or b2215,38922.0,0.0,0,"[38922.0, 39333.0, 41220.0, 40368.0]","[0.0, 21633.15, 0.0, 17383.90751]","['Cytoplasmic', 'Cytoplasmic', 'Cytoplasmic', 'Cytoplasmic']","[0, 17, 0, 16]"
3037,ACACt2pp_b,Acetoacetate transport via proton symport  (periplasm),Inner Membrane,"Transport, Inner Membrane",22.0,b2223,47528.0,27220.58182,12,[47528.0],[27220.58182],['Inner Membrane'],[12]
3038,TKT2_b,Transketolase,Cytoplasmic,Pentose Phosphate Pathway,85.25,b2935 or b2465,72212.0,0,0,"[72212.0, 73043.0]","[0.0, 0.0]","['Cytoplasmic', 'Cytoplasmic']","[0, 0]"
3039,EX_ch4_e_b,EX ch4 LPAREN e RPAREN,Exchange,Extracellular exchange,nan,,0,0,0,[0],[0],['Exchange'],[0]
3040,GAMtex_b,D-glucosamine transport via diffusion (extracellular to periplasm),Cytoplasmic,"Transport, Outer Membrane Porin",100000000.0,b0241 or b0929 or b1377 or b2215,38922.0,0.0,0,"[38922.0, 39333.0, 41220.0, 40368.0]","[0.0, 21633.15, 0.0, 17383.90751]","['Cytoplasmic', 'Cytoplasmic', 'Cytoplasmic', 'Cytoplasmic']","[0, 17, 0, 16]"
3041,GBBTNtex_b,Gamma-butyrobetaine transport via diffusion (extracellular to periplasm),Cytoplasmic,"Transport, Outer Membrane Porin",100000000.0,b0241 or b0929 or b1377 or b2215,38922.0,0.0,0,"[38922.0, 39333.0, 41220.0, 40368.0]","[0.0, 21633.15, 0.0, 17383.90751]","['Cytoplasmic', 'Cytoplasmic', 'Cytoplasmic', 'Cytoplasmic']","[0, 17, 0, 16]"
3042,ARBt2rpp_b,L-arabinose transport via proton symport (periplasm),Inner Membrane,"Transport, Inner Membrane",22.0,b2841,51684.0,27594.0,12,[51684.0],[27594.0],['Inner Membrane'],[12]
3043,CO2tpp_b,CO2 transporter via diffusion (periplasm),Inner Membrane,"Transport, Inner Membrane",nan,s0001,0,0,0,[0.0],[0.0],['Inner Membrane'],[0]
3044,DHAtpp_b,Dihydroxyacetone transport via facilitated diffusion (periplasm),Cytoplasmic,"Transport, Inner Membrane",nan,,0,0,0,[0],[0],['Cytoplasmic'],[0]
3045,ARGAGMt7pp_b,Arginine/agmatine antiport (periplasm),Inner Membrane,"Transport, Inner Membrane",22.0,b4115,46843.0,27579.47416,12,[46843.0],[27579.47416],['Inner Membrane'],[12]
3046,ASNt2rpp_b,L-asparagine reversible transport via proton symport (periplasm),Inner Membrane,"Transport, Inner Membrane",22.0,b1453,54233.0,27388.20842,12,[54233.0],[27388.20842],['Inner Membrane'],[12]
3047,HIStex_b,L-histidine transport via diffusion (extracellular to periplasm),Cytoplasmic,"Transport, Outer Membrane Porin",100000000.0,b0241 or b0929 or b1377 or b2215,38922.0,0.0,0,"[38922.0, 39333.0, 41220.0, 40368.0]","[0.0, 21633.15, 0.0, 17383.90751]","['Cytoplasmic', 'Cytoplasmic', 'Cytoplasmic', 'Cytoplasmic']","[0, 17, 0, 16]"
3048,HXAtex_b,Hexanoate transport via diffusion (extracellular to periplasm),Cytoplasmic,"Transport, Outer Membrane Porin",100000000.0,b0241 or b0929 or b1377 or b2215,38922.0,0.0,0,"[38922.0, 39333.0, 41220.0, 40368.0]","[0.0, 21633.15, 0.0, 17383.90751]","['Cytoplasmic', 'Cytoplasmic', 'Cytoplasmic', 'Cytoplasmic']","[0, 17, 0, 16]"
3049,HYXNtex_b,Hypoxanthine transport via diffusion (extracellular to periplasm),Cytoplasmic,"Transport, Outer Membrane Porin",100000000.0,b2215 or b0241 or b0929 or b1377,38922.0,0.0,0,"[40368.0, 38922.0, 39333.0, 41220.0]","[17383.90751, 0.0, 21633.15, 0.0]","['Cytoplasmic', 'Cytoplasmic', 'Cytoplasmic', 'Cytoplasmic']","[16, 0, 17, 0]"
3050,IDONtex_b,L-idonate transport via diffusion (extracellular to periplasm),Cytoplasmic,"Transport, Outer Membrane Porin",100000000.0,b0241 or b0929 or b1377 or b2215,38922.0,0.0,0,"[38922.0, 39333.0, 41220.0, 40368.0]","[0.0, 21633.15, 0.0, 17383.90751]","['Cytoplasmic', 'Cytoplasmic', 'Cytoplasmic', 'Cytoplasmic']","[0, 17, 0, 16]"
3051,ILEtex_b,L-isoleucine transport via diffusion (extracellular to periplasm),Cytoplasmic,"Transport, Outer Membrane Porin",100000000.0,b0241 or b0929 or b1377 or b2215,38922.0,0.0,0,"[38922.0, 39333.0, 41220.0, 40368.0]","[0.0, 21633.15, 0.0, 17383.90751]","['Cytoplasmic', 'Cytoplasmic', 'Cytoplasmic', 'Cytoplasmic']","[0, 17, 0, 16]"
3052,INSTtex_b,Inositol transport via diffusion (extracellular to periplasm),Cytoplasmic,"Transport, Outer Membrane Porin",100000000.0,b0241 or b0929 or b1377 or b2215,38922.0,0.0,0,"[38922.0, 39333.0, 41220.0, 40368.0]","[0.0, 21633.15, 0.0, 17383.90751]","['Cytoplasmic', 'Cytoplasmic', 'Cytoplasmic', 'Cytoplasmic']","[0, 17, 0, 16]"
3053,INStex_b,Inosine transport via diffusion (extracellular to periplasm),Cytoplasmic,"Transport, Outer Membrane",100000000.0,b0411,33589.0,0,0,[33589.0],[0.0],['Cytoplasmic'],[0]
3054,Ktex_b,Potassium transport via diffusion (extracellular to periplasm),Cytoplasmic,"Transport, Outer Membrane Porin",100000000.0,b0241 or b0929 or b1377 or b2215,38922.0,0.0,0,"[38922.0, 39333.0, 41220.0, 40368.0]","[0.0, 21633.15, 0.0, 17383.90751]","['Cytoplasmic', 'Cytoplasmic', 'Cytoplasmic', 'Cytoplasmic']","[0, 17, 0, 16]"
3055,D_LACtex_b,D-lactate transport via diffusion (extracellular to periplasm),Cytoplasmic,"Transport, Outer Membrane Porin",100000000.0,b0241 or b0929 or b1377 or b2215,38922.0,0.0,0,"[38922.0, 39333.0, 41220.0, 40368.0]","[0.0, 21633.15, 0.0, 17383.90751]","['Cytoplasmic', 'Cytoplasmic', 'Cytoplasmic', 'Cytoplasmic']","[0, 17, 0, 16]"
3056,FRULYStex_b,Fructoselysine transporter via diffusion (extracellular),Cytoplasmic,"Transport, Outer Membrane Porin",100000000.0,b0241 or b0929 or b1377 or b2215,38922.0,0.0,0,"[38922.0, 39333.0, 41220.0, 40368.0]","[0.0, 21633.15, 0.0, 17383.90751]","['Cytoplasmic', 'Cytoplasmic', 'Cytoplasmic', 'Cytoplasmic']","[0, 17, 0, 16]"
3057,EX_fad_e_b,Exchange of Flavin adenine dinucleotide oxidized,Exchange,Extracellular exchange,nan,,0,0,0,[0],[0],['Exchange'],[0]
3058,GALCTt2rpp_b,"D-galactarte transport via proton symport, reversible (periplasm)",Inner Membrane,"Transport, Inner Membrane",22.0,b2789 or b3127,49009.0,27815.91892,12,"[49142.0, 49009.0]","[27628.72444, 27815.91892]","['Inner Membrane', 'Inner Membrane']","[12, 12]"
3059,ASPtex_b,L-aspartate transport via diffusion (extracellular to periplasm),Cytoplasmic,"Transport, Outer Membrane Porin",100000000.0,b0241 or b0929 or b1377 or b2215,38922.0,0.0,0,"[38922.0, 39333.0, 41220.0, 40368.0]","[0.0, 21633.15, 0.0, 17383.90751]","['Cytoplasmic', 'Cytoplasmic', 'Cytoplasmic', 'Cytoplasmic']","[0, 17, 0, 16]"
3060,ACALDtpp_b,Acetaldehyde reversible transport (periplasm),Inner Membrane,"Transport, Inner Membrane",nan,s0001,0,0,0,[0.0],[0.0],['Inner Membrane'],[0]
3061,ACt2rpp_b,Acetate reversible transport via proton symport (periplasm),Inner Membrane,"Transport, Inner Membrane",22.0,b0010,20071.0,13451.84043,6,[20071.0],[13451.84043],['Inner Membrane'],[6]
3062,EX_fe3dcit_e_b,Fe(III)dicitrate exchange,Exchange,Extracellular exchange,nan,,0,0,0,[0],[0],['Exchange'],[0]
3063,EX_fe3hox_e_b,Fe(III)hydroxamate exchange,Exchange,Extracellular exchange,nan,,0,0,0,[0],[0],['Exchange'],[0]
3064,EX_fecrm_e_b,Ferrichrome exchange,Exchange,Extracellular exchange,nan,,0,0,0,[0],[0],['Exchange'],[0]
3065,EX_feenter_e_b,Fe-enterobactin exchange,Exchange,Extracellular exchange,nan,,0,0,0,[0],[0],['Exchange'],[0]
3066,EX_feoxam_e_b,Ferroxamine exchange,Exchange,Extracellular exchange,nan,,0,0,0,[0],[0],['Exchange'],[0]
3067,EX_cbi_e_b,Cobinamide exchange,Exchange,Extracellular exchange,nan,,0,0,0,[0],[0],['Exchange'],[0]
3068,EX_arbtn_fe3_e_b,Aerobactin exchange,Exchange,Extracellular exchange,nan,,0,0,0,[0],[0],['Exchange'],[0]
3069,EX_cpgn_e_b,Coprogen exchange,Exchange,Extracellular exchange,nan,,0,0,0,[0],[0],['Exchange'],[0]
3070,EX_adocbl_e_b,Adenosylcobalamin exchange,Exchange,Extracellular exchange,nan,,0,0,0,[0],[0],['Exchange'],[0]
3071,ATPS4rpp_b,ATP synthase (four protons for one ATP) (periplasm),Inner Membrane,Oxidative Phosphorylation,285.0,(b3739 and (b3731 and b3733 and b3735 and b3734 and b3732) and (b3738 and b3736 and b3737)) or ((b3731 and b3733 and b3735 and b3734 and b3732) and (b3738 and b3736 and b3737)),227347.0,18454.280583,8,"[240979.0, 227347.0]","[27505.928583, 18454.280583]","['Inner Membrane', 'Inner Membrane']","[12, 8]"
3072,INDOLEtex_b,Indole transport via diffusion (extracellular to periplasm),Cytoplasmic,"Transport, Outer Membrane Porin",100000000.0,b0241 or b0929 or b1377 or b2215,38922.0,0.0,0,"[38922.0, 39333.0, 41220.0, 40368.0]","[0.0, 21633.15, 0.0, 17383.90751]","['Cytoplasmic', 'Cytoplasmic', 'Cytoplasmic', 'Cytoplasmic']","[0, 17, 0, 16]"
3073,L_LACtex_b,L-lactate transport via diffusion (extracellular to periplasm),Cytoplasmic,"Transport, Outer Membrane Porin",100000000.0,b0929 or b1377 or b2215 or b0241,38922.0,0.0,0,"[39333.0, 41220.0, 40368.0, 38922.0]","[21633.15, 0.0, 17383.90751, 0.0]","['Cytoplasmic', 'Cytoplasmic', 'Cytoplasmic', 'Cytoplasmic']","[17, 0, 16, 0]"
3074,ADEt2rpp_b,Adenine transport via proton symport (reversible) (periplasm),Inner Membrane,"Transport, Inner Membrane",22.0,b3654 or b3714 or b3664,46866.0,24644.14382,12,"[48868.0, 46866.0, 46934.0]","[26597.70194, 24644.14382, 24735.48649]","['Inner Membrane', 'Inner Membrane', 'Inner Membrane']","[12, 12, 12]"
3075,ADNt2pp_copy2_b,Adenosine transport in via proton symport (periplasm),Inner Membrane,"Transport, Inner Membrane",22.0,b2406,46140.0,27816.45933,12,[46140.0],[27816.45933],['Inner Membrane'],[12]
3076,ALLTNt2rpp_b,Allantoin transport in via proton symport (periplasm),Inner Membrane,"Transport, Inner Membrane",22.0,b0511,52456.0,27311.80165,12,[52456.0],[27311.80165],['Inner Membrane'],[12]
3077,ECOAH8_b,3-hydroxyacyl-CoA dehydratase (3-hydroxyoctadecanoyl-CoA),Cytoplasmic,Membrane Lipid Metabolism,7.5465,b2341 or b3846,77072.0,0,0,"[77072.0, 79594.0]","[0.0, 0.0]","['Cytoplasmic', 'Cytoplasmic']","[0, 0]"
3078,GUAtpp_b,Guanine transport via diffusion (periplasm),Inner Membrane,"Transport, Inner Membrane",100000000.0,b4464 or b4064,45711.0,23924.46548,12,"[46758.0, 45711.0]","[24149.73626, 23924.46548]","['Inner Membrane', 'Inner Membrane']","[12, 12]"
3079,HYXNtpp_b,Hypoxanthine transport (periplasm),Inner Membrane,"Transport, Inner Membrane",22.0,b4064 or b4464,45711.0,23924.46548,12,"[45711.0, 46758.0]","[23924.46548, 24149.73626]","['Inner Membrane', 'Inner Membrane']","[12, 12]"
3080,GLCRtex_b,D-glucarate transport via diffusion (extracellular to periplasm),Cytoplasmic,"Transport, Outer Membrane Porin",100000000.0,b0241 or b0929 or b1377 or b2215,38922.0,0.0,0,"[38922.0, 39333.0, 41220.0, 40368.0]","[0.0, 21633.15, 0.0, 17383.90751]","['Cytoplasmic', 'Cytoplasmic', 'Cytoplasmic', 'Cytoplasmic']","[0, 17, 0, 16]"
3081,GLCNtex_b,D-gluconate transport via diffusion (extracellular to periplasm),Cytoplasmic,"Transport, Outer Membrane Porin",100000000.0,b0241 or b0929 or b1377 or b2215,38922.0,0.0,0,"[38922.0, 39333.0, 41220.0, 40368.0]","[0.0, 21633.15, 0.0, 17383.90751]","['Cytoplasmic', 'Cytoplasmic', 'Cytoplasmic', 'Cytoplasmic']","[0, 17, 0, 16]"
3082,GLCURtex_b,D-glucuronat transport via diffusion (extracellular to periplasm),Cytoplasmic,"Transport, Outer Membrane Porin",100000000.0,b0241 or b0929 or b1377 or b2215,38922.0,0.0,0,"[38922.0, 39333.0, 41220.0, 40368.0]","[0.0, 21633.15, 0.0, 17383.90751]","['Cytoplasmic', 'Cytoplasmic', 'Cytoplasmic', 'Cytoplasmic']","[0, 17, 0, 16]"
3083,GLNtex_b,L-glutamine transport via diffusion (extracellular to periplasm),Cytoplasmic,"Transport, Outer Membrane Porin",100000000.0,b0929 or b1377 or b2215 or b0241,38922.0,0.0,0,"[39333.0, 41220.0, 40368.0, 38922.0]","[21633.15, 0.0, 17383.90751, 0.0]","['Cytoplasmic', 'Cytoplasmic', 'Cytoplasmic', 'Cytoplasmic']","[17, 0, 16, 0]"
3084,O2tex_b,Oxygen transport via diffusion (extracellular to periplasm),Cytoplasmic,"Transport, Outer Membrane Porin",100000000.0,b0241 or b0929 or b1377 or b2215,38922.0,0.0,0,"[38922.0, 39333.0, 41220.0, 40368.0]","[0.0, 21633.15, 0.0, 17383.90751]","['Cytoplasmic', 'Cytoplasmic', 'Cytoplasmic', 'Cytoplasmic']","[0, 17, 0, 16]"
3085,EX_ppa_e_b,Propionate exchange,Exchange,Extracellular exchange,nan,,0,0,0,[0],[0],['Exchange'],[0]
3086,OCTAtex_b,Octanoate transport via diffusion (extracellular to periplasm),Cytoplasmic,"Transport, Outer Membrane Porin",100000000.0,b0241 or b0929 or b1377 or b2215,38922.0,0.0,0,"[38922.0, 39333.0, 41220.0, 40368.0]","[0.0, 21633.15, 0.0, 17383.90751]","['Cytoplasmic', 'Cytoplasmic', 'Cytoplasmic', 'Cytoplasmic']","[0, 17, 0, 16]"
3087,ORNtex_b,Ornithine transport via diffusion (extracellular to periplasm),Cytoplasmic,"Transport, Outer Membrane Porin",100000000.0,b0241 or b0929 or b1377 or b2215,38922.0,0.0,0,"[38922.0, 39333.0, 41220.0, 40368.0]","[0.0, 21633.15, 0.0, 17383.90751]","['Cytoplasmic', 'Cytoplasmic', 'Cytoplasmic', 'Cytoplasmic']","[0, 17, 0, 16]"
3088,ECOAH5_b,3-hydroxyacyl-CoA dehydratase (3-hydroxydodecanoyl-CoA),Cytoplasmic,Membrane Lipid Metabolism,7.5465,b2341 or b3846,77072.0,0,0,"[77072.0, 79594.0]","[0.0, 0.0]","['Cytoplasmic', 'Cytoplasmic']","[0, 0]"
3089,EX_ni2_e_b,Ni2+ exchange,Exchange,Extracellular exchange,nan,,0,0,0,[0],[0],['Exchange'],[0]
3090,EX_no_e_b,Nitric oxide exchange,Exchange,Extracellular exchange,nan,,0,0,0,[0],[0],['Exchange'],[0]
3091,FUCtpp_b,L-fucose transport via proton symport (periplasm),Inner Membrane,"Transport, Inner Membrane",22.0,b2801,47545.0,34053.97025,12,[47545.0],[34053.97025],['Inner Membrane'],[12]
3092,CYTDt2pp_copy2_b,Cytidine transport in via proton symport (periplasm),Inner Membrane,"Transport, Inner Membrane",22.0,b2406,46140.0,27816.45933,12,[46140.0],[27816.45933],['Inner Membrane'],[12]
3093,DDGLCNt2rpp_b,"2-dehydro-3-deoxy-D-gluconate transport via proton symport, reversible (periplasm)",Inner Membrane,"Transport, Inner Membrane",22.0,b3909,33669.0,21622.29358,10,[33669.0],[21622.29358],['Inner Membrane'],[10]
3094,RMNtex_b,L-rhamnose transport via diffusion (extracellular to periplasm),Cytoplasmic,"Transport, Outer Membrane Porin",100000000.0,b0241 or b2215 or b0929 or b1377,38922.0,0.0,0,"[38922.0, 40368.0, 39333.0, 41220.0]","[0.0, 17383.90751, 21633.15, 0.0]","['Cytoplasmic', 'Cytoplasmic', 'Cytoplasmic', 'Cytoplasmic']","[0, 16, 17, 0]"
3095,EX_meoh_e_b,Methanol exchange,Exchange,Extracellular exchange,nan,,0,0,0,[0],[0],['Exchange'],[0]
3096,PHEtex_b,L-phenylalanine transport via diffusion (extracellular to periplasm),Cytoplasmic,"Transport, Outer Membrane Porin",100000000.0,b0241 or b0929 or b1377 or b2215,38922.0,0.0,0,"[38922.0, 39333.0, 41220.0, 40368.0]","[0.0, 21633.15, 0.0, 17383.90751]","['Cytoplasmic', 'Cytoplasmic', 'Cytoplasmic', 'Cytoplasmic']","[0, 17, 0, 16]"
3097,PItex_b,Phosphate transport via diffusion (extracellular to periplasm),Cytoplasmic,"Transport, Outer Membrane Porin",100000000.0,b0241 or b0929 or b1377 or b2215,38922.0,0.0,0,"[38922.0, 39333.0, 41220.0, 40368.0]","[0.0, 21633.15, 0.0, 17383.90751]","['Cytoplasmic', 'Cytoplasmic', 'Cytoplasmic', 'Cytoplasmic']","[0, 17, 0, 16]"
3098,EX_cu2_e_b,Cu2+ exchange,Exchange,Extracellular exchange,nan,,0,0,0,[0],[0],['Exchange'],[0]
3099,TRSARr_b,Tartronate semialdehyde reductase,Cytoplasmic,Alternate Carbon Metabolism,243.0,b0509 or b3125,30427.0,0.0,0,"[30801.0, 30427.0]","[0.0, 0.0]","['Cytoplasmic', 'Cytoplasmic']","[0, 0]"
3100,EX_pheme_e_b,Protoheme exchange,Exchange,Extracellular exchange,nan,,0,0,0,[0],[0],['Exchange'],[0]
3101,PNTOtex_b,Pantothenate transport via diffusion (extracellular to periplasm),Cytoplasmic,"Transport, Outer Membrane Porin",100000000.0,b0241 or b0929 or b1377 or b2215,38922.0,0.0,0,"[38922.0, 39333.0, 41220.0, 40368.0]","[0.0, 21633.15, 0.0, 17383.90751]","['Cytoplasmic', 'Cytoplasmic', 'Cytoplasmic', 'Cytoplasmic']","[0, 17, 0, 16]"
3102,PPPNtex_b,3-phenylpropionate transport via diffusion (extracellular to periplasm),Cytoplasmic,"Transport, Outer Membrane Porin",100000000.0,b0241 or b0929 or b1377 or b2215,38922.0,0.0,0,"[38922.0, 39333.0, 41220.0, 40368.0]","[0.0, 21633.15, 0.0, 17383.90751]","['Cytoplasmic', 'Cytoplasmic', 'Cytoplasmic', 'Cytoplasmic']","[0, 17, 0, 16]"
3103,PPTtex_b,Phosphonate transport via diffusion (extracellular to periplasm),Cytoplasmic,"Transport, Outer Membrane Porin",100000000.0,b0241 or b0929 or b1377 or b2215,38922.0,0.0,0,"[38922.0, 39333.0, 41220.0, 40368.0]","[0.0, 21633.15, 0.0, 17383.90751]","['Cytoplasmic', 'Cytoplasmic', 'Cytoplasmic', 'Cytoplasmic']","[0, 17, 0, 16]"
3104,PTRCtex_b,Putrescine transport via diffusion (extracellular to periplasm),Cytoplasmic,"Transport, Outer Membrane Porin",100000000.0,b0241 or b0929 or b1377 or b2215,38922.0,0.0,0,"[38922.0, 39333.0, 41220.0, 40368.0]","[0.0, 21633.15, 0.0, 17383.90751]","['Cytoplasmic', 'Cytoplasmic', 'Cytoplasmic', 'Cytoplasmic']","[0, 17, 0, 16]"
3105,PYRtex_b,Pyruvate transport via diffusion (extracellular to periplasm),Cytoplasmic,"Transport, Outer Membrane Porin",100000000.0,b0241 or b0929 or b1377 or b2215,38922.0,0.0,0,"[38922.0, 39333.0, 41220.0, 40368.0]","[0.0, 21633.15, 0.0, 17383.90751]","['Cytoplasmic', 'Cytoplasmic', 'Cytoplasmic', 'Cytoplasmic']","[0, 17, 0, 16]"
3106,DSERtex_b,D-serine transport via diffusion (extracellular to periplasm),Cytoplasmic,"Transport, Outer Membrane Porin",100000000.0,b0241 or b0929 or b1377 or b2215,38922.0,0.0,0,"[38922.0, 39333.0, 41220.0, 40368.0]","[0.0, 21633.15, 0.0, 17383.90751]","['Cytoplasmic', 'Cytoplasmic', 'Cytoplasmic', 'Cytoplasmic']","[0, 17, 0, 16]"
3107,SERtex_b,L-serine transport via diffusion (extracellular to periplasm),Cytoplasmic,"Transport, Outer Membrane Porin",100000000.0,b0241 or b0929 or b1377 or b2215,38922.0,0.0,0,"[38922.0, 39333.0, 41220.0, 40368.0]","[0.0, 21633.15, 0.0, 17383.90751]","['Cytoplasmic', 'Cytoplasmic', 'Cytoplasmic', 'Cytoplasmic']","[0, 17, 0, 16]"
3108,SO4tex_b,Sulfate transport via diffusion (extracellular to periplasm),Cytoplasmic,"Transport, Outer Membrane Porin",100000000.0,b0241 or b0929 or b1377 or b2215,38922.0,0.0,0,"[38922.0, 39333.0, 41220.0, 40368.0]","[0.0, 21633.15, 0.0, 17383.90751]","['Cytoplasmic', 'Cytoplasmic', 'Cytoplasmic', 'Cytoplasmic']","[0, 17, 0, 16]"
3109,SPMDtex_b,Spermidine transport via diffusion (extracellular to periplasm),Cytoplasmic,"Transport, Outer Membrane Porin",100000000.0,b2215 or b0241 or b0929 or b1377,38922.0,0.0,0,"[40368.0, 38922.0, 39333.0, 41220.0]","[17383.90751, 0.0, 21633.15, 0.0]","['Cytoplasmic', 'Cytoplasmic', 'Cytoplasmic', 'Cytoplasmic']","[16, 0, 17, 0]"
3110,SUCCtex_b,Succinate transport via diffusion (extracellular to periplasm),Cytoplasmic,"Transport, Outer Membrane Porin",100000000.0,b0241 or b0929 or b1377 or b2215,38922.0,0.0,0,"[38922.0, 39333.0, 41220.0, 40368.0]","[0.0, 21633.15, 0.0, 17383.90751]","['Cytoplasmic', 'Cytoplasmic', 'Cytoplasmic', 'Cytoplasmic']","[0, 17, 0, 16]"
3111,SUCRtex_b,Sucrose transport transport via diffusion (extracellular to periplasm),Cytoplasmic,"Transport, Outer Membrane Porin",100000000.0,b0241 or b0929 or b1377 or b2215,38922.0,0.0,0,"[38922.0, 39333.0, 41220.0, 40368.0]","[0.0, 21633.15, 0.0, 17383.90751]","['Cytoplasmic', 'Cytoplasmic', 'Cytoplasmic', 'Cytoplasmic']","[0, 17, 0, 16]"
3112,TARTRtex_b,Tartrate transport via diffusion (extracellular to periplasm),Cytoplasmic,"Transport, Outer Membrane Porin",100000000.0,b0241 or b0929 or b1377 or b2215,38922.0,0.0,0,"[38922.0, 39333.0, 41220.0, 40368.0]","[0.0, 21633.15, 0.0, 17383.90751]","['Cytoplasmic', 'Cytoplasmic', 'Cytoplasmic', 'Cytoplasmic']","[0, 17, 0, 16]"
3113,TAURtex_b,Taurine transport via diffusion (extracellular to periplasm),Cytoplasmic,"Transport, Outer Membrane Porin",100000000.0,b0241 or b0929 or b1377 or b2215,38922.0,0.0,0,"[38922.0, 39333.0, 41220.0, 40368.0]","[0.0, 21633.15, 0.0, 17383.90751]","['Cytoplasmic', 'Cytoplasmic', 'Cytoplasmic', 'Cytoplasmic']","[0, 17, 0, 16]"
3114,THRtex_b,L-threonine transport via diffusion (extracellular to periplasm),Cytoplasmic,"Transport, Outer Membrane Porin",100000000.0,b0241 or b0929 or b1377 or b2215,38922.0,0.0,0,"[38922.0, 39333.0, 41220.0, 40368.0]","[0.0, 21633.15, 0.0, 17383.90751]","['Cytoplasmic', 'Cytoplasmic', 'Cytoplasmic', 'Cytoplasmic']","[0, 17, 0, 16]"
3115,THMDtex_b,Thymidine transport via diffusion (extracellular to periplasm),Cytoplasmic,"Transport, Outer Membrane Porin",100000000.0,b0241 or b0929 or b1377 or b2215,38922.0,0.0,0,"[38922.0, 39333.0, 41220.0, 40368.0]","[0.0, 21633.15, 0.0, 17383.90751]","['Cytoplasmic', 'Cytoplasmic', 'Cytoplasmic', 'Cytoplasmic']","[0, 17, 0, 16]"
3116,METDtex_b,D-methionine transport via diffusion (extracellular to periplasm),Cytoplasmic,"Transport, Outer Membrane Porin",100000000.0,b0241 or b0929 or b1377 or b2215,38922.0,0.0,0,"[38922.0, 39333.0, 41220.0, 40368.0]","[0.0, 21633.15, 0.0, 17383.90751]","['Cytoplasmic', 'Cytoplasmic', 'Cytoplasmic', 'Cytoplasmic']","[0, 17, 0, 16]"
3117,METtex_b,L-methionine transport via diffusion (extracellular to periplasm),Cytoplasmic,"Transport, Outer Membrane Porin",100000000.0,b0241 or b0929 or b1377 or b2215,38922.0,0.0,0,"[38922.0, 39333.0, 41220.0, 40368.0]","[0.0, 21633.15, 0.0, 17383.90751]","['Cytoplasmic', 'Cytoplasmic', 'Cytoplasmic', 'Cytoplasmic']","[0, 17, 0, 16]"
3118,MNLtex_b,Mannitol transport via diffusion (extracellular to periplasm),Cytoplasmic,"Transport, Outer Membrane Porin",100000000.0,b1377 or b2215 or b0241 or b0929,38922.0,0.0,0,"[41220.0, 40368.0, 38922.0, 39333.0]","[0.0, 17383.90751, 0.0, 21633.15]","['Cytoplasmic', 'Cytoplasmic', 'Cytoplasmic', 'Cytoplasmic']","[0, 16, 0, 17]"
3119,NAtex_b,Sodium transport via diffusion (extracellular to periplasm),Cytoplasmic,"Transport, Outer Membrane Porin",100000000.0,b0241 or b0929 or b1377 or b2215,38922.0,0.0,0,"[38922.0, 39333.0, 41220.0, 40368.0]","[0.0, 21633.15, 0.0, 17383.90751]","['Cytoplasmic', 'Cytoplasmic', 'Cytoplasmic', 'Cytoplasmic']","[0, 17, 0, 16]"
3120,NACtex_b,Nicotinic acid transport via diffusion (extracellular to periplasm),Cytoplasmic,"Transport, Outer Membrane Porin",100000000.0,b0241 or b0929 or b1377 or b2215,38922.0,0.0,0,"[38922.0, 39333.0, 41220.0, 40368.0]","[0.0, 21633.15, 0.0, 17383.90751]","['Cytoplasmic', 'Cytoplasmic', 'Cytoplasmic', 'Cytoplasmic']","[0, 17, 0, 16]"
3121,NH4tex_b,Ammonia transport via diffusion (extracellular to periplasm),Cytoplasmic,"Transport, Outer Membrane Porin",100000000.0,b1377 or b2215 or b0241 or b0929,38922.0,0.0,0,"[41220.0, 40368.0, 38922.0, 39333.0]","[0.0, 17383.90751, 0.0, 21633.15]","['Cytoplasmic', 'Cytoplasmic', 'Cytoplasmic', 'Cytoplasmic']","[0, 16, 0, 17]"
3122,BUTtex_b,Butyrate transport via diffusion (extracellular to periplasm),Cytoplasmic,"Transport, Outer Membrane Porin",100000000.0,b0241 or b0929 or b1377 or b2215,38922.0,0.0,0,"[38922.0, 39333.0, 41220.0, 40368.0]","[0.0, 21633.15, 0.0, 17383.90751]","['Cytoplasmic', 'Cytoplasmic', 'Cytoplasmic', 'Cytoplasmic']","[0, 17, 0, 16]"
3123,CHLtex_b,Choline transport via diffusion (extracellular to periplasm),Cytoplasmic,"Transport, Outer Membrane Porin",100000000.0,b0241 or b0929 or b1377 or b2215,38922.0,0.0,0,"[38922.0, 39333.0, 41220.0, 40368.0]","[0.0, 21633.15, 0.0, 17383.90751]","['Cytoplasmic', 'Cytoplasmic', 'Cytoplasmic', 'Cytoplasmic']","[0, 17, 0, 16]"
3124,CO2tex_b,CO2 transport via diffusion (extracellular to periplasm),Cytoplasmic,"Transport, Outer Membrane Porin",100000000.0,b0241 or b0929 or b1377 or b2215,38922.0,0.0,0,"[38922.0, 39333.0, 41220.0, 40368.0]","[0.0, 21633.15, 0.0, 17383.90751]","['Cytoplasmic', 'Cytoplasmic', 'Cytoplasmic', 'Cytoplasmic']","[0, 17, 0, 16]"
3125,CRNtex_b,L-carnitine transport via diffusion (extracellular to periplasm),Cytoplasmic,"Transport, Outer Membrane Porin",100000000.0,b0241 or b0929 or b1377 or b2215,38922.0,0.0,0,"[38922.0, 39333.0, 41220.0, 40368.0]","[0.0, 21633.15, 0.0, 17383.90751]","['Cytoplasmic', 'Cytoplasmic', 'Cytoplasmic', 'Cytoplasmic']","[0, 17, 0, 16]"
3126,DINStex_b,Deoxyinosine transport via diffusion (extracellular to periplasm),Cytoplasmic,"Transport, Outer Membrane Porin",100000000.0,b0241 or b0929 or b1377 or b2215,38922.0,0.0,0,"[38922.0, 39333.0, 41220.0, 40368.0]","[0.0, 21633.15, 0.0, 17383.90751]","['Cytoplasmic', 'Cytoplasmic', 'Cytoplasmic', 'Cytoplasmic']","[0, 17, 0, 16]"
3127,DMStex_b,Dimethyl sulfide transport via diffusion (extracellular to periplasm),Cytoplasmic,"Transport, Outer Membrane Porin",100000000.0,b0241 or b0929 or b1377 or b2215,38922.0,0.0,0,"[38922.0, 39333.0, 41220.0, 40368.0]","[0.0, 21633.15, 0.0, 17383.90751]","['Cytoplasmic', 'Cytoplasmic', 'Cytoplasmic', 'Cytoplasmic']","[0, 17, 0, 16]"
3128,CSNtex_b,Cytosine transport via diffusion (extracellular to periplasm),Cytoplasmic,"Transport, Outer Membrane Porin",100000000.0,b0241 or b0929 or b1377 or b2215,38922.0,0.0,0,"[38922.0, 39333.0, 41220.0, 40368.0]","[0.0, 21633.15, 0.0, 17383.90751]","['Cytoplasmic', 'Cytoplasmic', 'Cytoplasmic', 'Cytoplasmic']","[0, 17, 0, 16]"
3129,CYNTtex_b,Cyanate transport via diffusion (extracellular to periplasm),Cytoplasmic,"Transport, Outer Membrane Porin",100000000.0,b2215 or b0241 or b0929 or b1377,38922.0,0.0,0,"[40368.0, 38922.0, 39333.0, 41220.0]","[17383.90751, 0.0, 21633.15, 0.0]","['Cytoplasmic', 'Cytoplasmic', 'Cytoplasmic', 'Cytoplasmic']","[16, 0, 17, 0]"
3130,CYStex_b,L-cysteine transport via diffusion (extracellular to periplasm),Cytoplasmic,"Transport, Outer Membrane Porin",100000000.0,b0241 or b0929 or b1377 or b2215,38922.0,0.0,0,"[38922.0, 39333.0, 41220.0, 40368.0]","[0.0, 21633.15, 0.0, 17383.90751]","['Cytoplasmic', 'Cytoplasmic', 'Cytoplasmic', 'Cytoplasmic']","[0, 17, 0, 16]"
3131,CYTDtex_b,Cytidine transport via diffusion (extracellular to periplasm),Cytoplasmic,"Transport, Outer Membrane Porin",100000000.0,b0241 or b0929 or b1377 or b2215,38922.0,0.0,0,"[38922.0, 39333.0, 41220.0, 40368.0]","[0.0, 21633.15, 0.0, 17383.90751]","['Cytoplasmic', 'Cytoplasmic', 'Cytoplasmic', 'Cytoplasmic']","[0, 17, 0, 16]"
3132,DCAtex_b,Decanoate transport via diffusion (extracellular to periplasm),Cytoplasmic,"Transport, Outer Membrane Porin",100000000.0,b0241 or b0929 or b1377 or b2215,38922.0,0.0,0,"[38922.0, 39333.0, 41220.0, 40368.0]","[0.0, 21633.15, 0.0, 17383.90751]","['Cytoplasmic', 'Cytoplasmic', 'Cytoplasmic', 'Cytoplasmic']","[0, 17, 0, 16]"
3133,DCYTtex_b,Deoxycytidine transport via diffusion (extracellular to periplasm),Cytoplasmic,"Transport, Outer Membrane",100000000.0,b0411,33589.0,0,0,[33589.0],[0.0],['Cytoplasmic'],[0]
3134,DGSNtex_b,Deoxyguanosine transport via diffusion (extracellular to periplasm),Cytoplasmic,"Transport, Outer Membrane Porin",100000000.0,b0241 or b0929 or b1377 or b2215,38922.0,0.0,0,"[38922.0, 39333.0, 41220.0, 40368.0]","[0.0, 21633.15, 0.0, 17383.90751]","['Cytoplasmic', 'Cytoplasmic', 'Cytoplasmic', 'Cytoplasmic']","[0, 17, 0, 16]"
3135,LCTStex_b,Lactose transport via diffusion (extracellular to periplasm),Cytoplasmic,"Transport, Outer Membrane Porin",100000000.0,b0241 or b0929 or b1377 or b2215,38922.0,0.0,0,"[38922.0, 39333.0, 41220.0, 40368.0]","[0.0, 21633.15, 0.0, 17383.90751]","['Cytoplasmic', 'Cytoplasmic', 'Cytoplasmic', 'Cytoplasmic']","[0, 17, 0, 16]"
3136,LEUtex_b,L-leucine transport via diffusion (extracellular to periplasm),Cytoplasmic,"Transport, Outer Membrane Porin",100000000.0,b0241 or b0929 or b1377 or b2215,38922.0,0.0,0,"[38922.0, 39333.0, 41220.0, 40368.0]","[0.0, 21633.15, 0.0, 17383.90751]","['Cytoplasmic', 'Cytoplasmic', 'Cytoplasmic', 'Cytoplasmic']","[0, 17, 0, 16]"
3137,LYStex_b,L-lysine transport via diffusion (extracellular to periplasm),Cytoplasmic,"Transport, Outer Membrane Porin",100000000.0,b0241 or b0929 or b1377 or b2215,38922.0,0.0,0,"[38922.0, 39333.0, 41220.0, 40368.0]","[0.0, 21633.15, 0.0, 17383.90751]","['Cytoplasmic', 'Cytoplasmic', 'Cytoplasmic', 'Cytoplasmic']","[0, 17, 0, 16]"
3138,LYXtex_b,L-Lyxose transport via diffusion (extracellular to periplasm),Cytoplasmic,"Transport, Outer Membrane Porin",100000000.0,b0241 or b0929 or b1377 or b2215,38922.0,0.0,0,"[38922.0, 39333.0, 41220.0, 40368.0]","[0.0, 21633.15, 0.0, 17383.90751]","['Cytoplasmic', 'Cytoplasmic', 'Cytoplasmic', 'Cytoplasmic']","[0, 17, 0, 16]"
3139,MANtex_b,D-mannose transport via diffusion (extracellular to periplasm),Cytoplasmic,"Transport, Outer Membrane Porin",100000000.0,b0241 or b0929 or b1377 or b2215,38922.0,0.0,0,"[38922.0, 39333.0, 41220.0, 40368.0]","[0.0, 21633.15, 0.0, 17383.90751]","['Cytoplasmic', 'Cytoplasmic', 'Cytoplasmic', 'Cytoplasmic']","[0, 17, 0, 16]"
3140,MAN6Ptex_b,Mannose 6-phosphate transport via diffusion (extracellular to periplasm),Cytoplasmic,"Transport, Outer Membrane Porin",100000000.0,b2215 or b0241 or b0929 or b1377,38922.0,0.0,0,"[40368.0, 38922.0, 39333.0, 41220.0]","[17383.90751, 0.0, 21633.15, 0.0]","['Cytoplasmic', 'Cytoplasmic', 'Cytoplasmic', 'Cytoplasmic']","[16, 0, 17, 0]"
3141,MELIBtex_b,Melibiose transport via diffusion (extracellular to periplasm),Cytoplasmic,"Transport, Outer Membrane Porin",100000000.0,b0241 or b0929 or b1377 or b2215,38922.0,0.0,0,"[38922.0, 39333.0, 41220.0, 40368.0]","[0.0, 21633.15, 0.0, 17383.90751]","['Cytoplasmic', 'Cytoplasmic', 'Cytoplasmic', 'Cytoplasmic']","[0, 17, 0, 16]"
3142,DMSOtex_b,Dimethyl sulfoxide transport via diffusion (extracellular to periplasm),Cytoplasmic,"Transport, Outer Membrane Porin",100000000.0,b0241 or b0929 or b1377 or b2215,38922.0,0.0,0,"[38922.0, 39333.0, 41220.0, 40368.0]","[0.0, 21633.15, 0.0, 17383.90751]","['Cytoplasmic', 'Cytoplasmic', 'Cytoplasmic', 'Cytoplasmic']","[0, 17, 0, 16]"
3143,DURItex_b,Deoxyuridine transport via diffusion (extracellular to periplasm),Cytoplasmic,"Transport, Outer Membrane",100000000.0,b0411,33589.0,0,0,[33589.0],[0.0],['Cytoplasmic'],[0]
3144,EX_mal__D_e_b,D-Malate exchange,Exchange,Extracellular exchange,nan,,0,0,0,[0],[0],['Exchange'],[0]
3145,FRUtex_b,D-fructose transport via diffusion (extracellular to periplasm),Cytoplasmic,"Transport, Outer Membrane Porin",100000000.0,b0241 or b0929 or b1377 or b2215,38922.0,0.0,0,"[38922.0, 39333.0, 41220.0, 40368.0]","[0.0, 21633.15, 0.0, 17383.90751]","['Cytoplasmic', 'Cytoplasmic', 'Cytoplasmic', 'Cytoplasmic']","[0, 17, 0, 16]"
3146,FUCtex_b,L-fucose transport via diffusion (extracellular to periplasm),Cytoplasmic,"Transport, Outer Membrane Porin",100000000.0,b0241 or b0929 or b1377 or b2215,38922.0,0.0,0,"[38922.0, 39333.0, 41220.0, 40368.0]","[0.0, 21633.15, 0.0, 17383.90751]","['Cytoplasmic', 'Cytoplasmic', 'Cytoplasmic', 'Cytoplasmic']","[0, 17, 0, 16]"
3147,FUMtex_b,Fumarate transport via diffusion (extracellular to periplasm),Cytoplasmic,"Transport, Outer Membrane Porin",100000000.0,b0241 or b0929 or b1377 or b2215,38922.0,0.0,0,"[38922.0, 39333.0, 41220.0, 40368.0]","[0.0, 21633.15, 0.0, 17383.90751]","['Cytoplasmic', 'Cytoplasmic', 'Cytoplasmic', 'Cytoplasmic']","[0, 17, 0, 16]"
3148,ACACT5r_b,Acetyl-CoA C-acyltransferase (decanoyl-CoA) (r),Cytoplasmic,Membrane Lipid Metabolism,14.8,b3845 or b2342,40876.0,0,0,"[40876.0, 46531.0]","[0.0, 0.0]","['Cytoplasmic', 'Cytoplasmic']","[0, 0]"
3149,FE2tex_b,Iron (II) transport via diffusion (extracellular to periplasm),Cytoplasmic,"Transport, Outer Membrane Porin",100000000.0,b1377 or b2215 or b0241 or b0929,38922.0,0.0,0,"[41220.0, 40368.0, 38922.0, 39333.0]","[0.0, 17383.90751, 0.0, 21633.15]","['Cytoplasmic', 'Cytoplasmic', 'Cytoplasmic', 'Cytoplasmic']","[0, 16, 0, 17]"
3150,NMNtex_b,NMN transport via diffusion (extracellular to periplasm),Cytoplasmic,"Transport, Outer Membrane Porin",100000000.0,b0241 or b0929 or b1377 or b2215,38922.0,0.0,0,"[38922.0, 39333.0, 41220.0, 40368.0]","[0.0, 21633.15, 0.0, 17383.90751]","['Cytoplasmic', 'Cytoplasmic', 'Cytoplasmic', 'Cytoplasmic']","[0, 17, 0, 16]"
3151,NO2tex_b,Nitrite transport via diffusion (extracellular to periplasm),Cytoplasmic,"Transport, Outer Membrane Porin",100000000.0,b0241 or b0929 or b1377 or b2215,38922.0,0.0,0,"[38922.0, 39333.0, 41220.0, 40368.0]","[0.0, 21633.15, 0.0, 17383.90751]","['Cytoplasmic', 'Cytoplasmic', 'Cytoplasmic', 'Cytoplasmic']","[0, 17, 0, 16]"
3152,MTHFC_b,Methenyltetrahydrofolate cyclohydrolase,Cytoplasmic,Folate Metabolism,134.0,b0529,31044.0,0,0,[31044.0],[0.0],['Cytoplasmic'],[0]
3153,MTHFD_b,Methylenetetrahydrofolate dehydrogenase (NADP),Cytoplasmic,Folate Metabolism,14.0,b0529,31044.0,0,0,[31044.0],[0.0],['Cytoplasmic'],[0]
3154,BUTt2rpp_b,"Butyrate transport via proton symport, reversible (periplasm)",Inner Membrane,"Transport, Inner Membrane",22.0,b2223,47528.0,27220.58182,12,[47528.0],[27220.58182],['Inner Membrane'],[12]
3155,GDPtex_b,GDP transport via diffusion (extracellular to periplasm),Cytoplasmic,"Transport, Outer Membrane Porin",100000000.0,b0929 or b1377 or b2215 or b0241,38922.0,0.0,0,"[39333.0, 41220.0, 40368.0, 38922.0]","[21633.15, 0.0, 17383.90751, 0.0]","['Cytoplasmic', 'Cytoplasmic', 'Cytoplasmic', 'Cytoplasmic']","[17, 0, 16, 0]"
3156,EX_cobalt2_e_b,Co2+ exchange,Exchange,Extracellular exchange,nan,,0,0,0,[0],[0],['Exchange'],[0]
3157,TMAtex_b,Trimethylamine transport via diffusion (extracellular to periplasm),Cytoplasmic,"Transport, Outer Membrane Porin",100000000.0,b0241 or b0929 or b1377 or b2215,38922.0,0.0,0,"[38922.0, 39333.0, 41220.0, 40368.0]","[0.0, 21633.15, 0.0, 17383.90751]","['Cytoplasmic', 'Cytoplasmic', 'Cytoplasmic', 'Cytoplasmic']","[0, 17, 0, 16]"
3158,TMAOtex_b,Trimethylamine N-oxide transport via diffusion (extracellular to periplasm),Cytoplasmic,"Transport, Outer Membrane Porin",100000000.0,b0241 or b0929 or b1377 or b2215,38922.0,0.0,0,"[38922.0, 39333.0, 41220.0, 40368.0]","[0.0, 21633.15, 0.0, 17383.90751]","['Cytoplasmic', 'Cytoplasmic', 'Cytoplasmic', 'Cytoplasmic']","[0, 17, 0, 16]"
3159,TREtex_b,Trehalose transport via diffusion (extracellular to periplasm),Cytoplasmic,"Transport, Outer Membrane Porin",100000000.0,b0241 or b0929 or b1377 or b2215,38922.0,0.0,0,"[38922.0, 39333.0, 41220.0, 40368.0]","[0.0, 21633.15, 0.0, 17383.90751]","['Cytoplasmic', 'Cytoplasmic', 'Cytoplasmic', 'Cytoplasmic']","[0, 17, 0, 16]"
3160,ACACT6r_b,Acetyl-CoA C-acyltransferase (dodecanoyl-CoA) (r),Cytoplasmic,Membrane Lipid Metabolism,14.8,b2342 or b3845,40876.0,0.0,0,"[46531.0, 40876.0]","[0.0, 0.0]","['Cytoplasmic', 'Cytoplasmic']","[0, 0]"
3161,TRPtex_b,L-tryptophan transport via diffusion (extracellular to periplasm),Cytoplasmic,"Transport, Outer Membrane Porin",100000000.0,b0241 or b0929 or b1377 or b2215,38922.0,0.0,0,"[38922.0, 39333.0, 41220.0, 40368.0]","[0.0, 21633.15, 0.0, 17383.90751]","['Cytoplasmic', 'Cytoplasmic', 'Cytoplasmic', 'Cytoplasmic']","[0, 17, 0, 16]"
3162,TSULtex_b,Thiosulfate transport via diffusion (extracellular to periplasm),Cytoplasmic,"Transport, Outer Membrane Porin",100000000.0,b0241 or b0929 or b1377 or b2215,38922.0,0.0,0,"[38922.0, 39333.0, 41220.0, 40368.0]","[0.0, 21633.15, 0.0, 17383.90751]","['Cytoplasmic', 'Cytoplasmic', 'Cytoplasmic', 'Cytoplasmic']","[0, 17, 0, 16]"
3163,TYRtex_b,L-tyrosine transport via diffusion (extracellular to periplasm),Cytoplasmic,"Transport, Outer Membrane Porin",100000000.0,b0241 or b0929 or b1377 or b2215,38922.0,0.0,0,"[38922.0, 39333.0, 41220.0, 40368.0]","[0.0, 21633.15, 0.0, 17383.90751]","['Cytoplasmic', 'Cytoplasmic', 'Cytoplasmic', 'Cytoplasmic']","[0, 17, 0, 16]"
3164,URAtex_b,Uracil transport via diffusion (extracellular to periplasm),Cytoplasmic,"Transport, Outer Membrane Porin",100000000.0,b0241 or b0929 or b1377 or b2215,38922.0,0.0,0,"[38922.0, 39333.0, 41220.0, 40368.0]","[0.0, 21633.15, 0.0, 17383.90751]","['Cytoplasmic', 'Cytoplasmic', 'Cytoplasmic', 'Cytoplasmic']","[0, 17, 0, 16]"
3165,UREAtex_b,Urea transport via diffusion (extracellular to periplasm),Cytoplasmic,"Transport, Outer Membrane Porin",100000000.0,b0241 or b0929 or b1377 or b2215,38922.0,0.0,0,"[38922.0, 39333.0, 41220.0, 40368.0]","[0.0, 21633.15, 0.0, 17383.90751]","['Cytoplasmic', 'Cytoplasmic', 'Cytoplasmic', 'Cytoplasmic']","[0, 17, 0, 16]"
3166,URItex_b,Uridine transport via diffusion (extracellular to periplasm),Cytoplasmic,"Transport, Outer Membrane",100000000.0,b0411,33589.0,0,0,[33589.0],[0.0],['Cytoplasmic'],[0]
3167,VALtex_b,L-valine transport via diffusion (extracellular to periplasm),Cytoplasmic,"Transport, Outer Membrane Porin",100000000.0,b0241 or b0929 or b1377 or b2215,38922.0,0.0,0,"[38922.0, 39333.0, 41220.0, 40368.0]","[0.0, 21633.15, 0.0, 17383.90751]","['Cytoplasmic', 'Cytoplasmic', 'Cytoplasmic', 'Cytoplasmic']","[0, 17, 0, 16]"
3168,XANtex_b,Xanthine transport via diffusion (extracellular to periplasm),Cytoplasmic,"Transport, Outer Membrane Porin",100000000.0,b0241 or b0929 or b1377 or b2215,38922.0,0.0,0,"[38922.0, 39333.0, 41220.0, 40368.0]","[0.0, 21633.15, 0.0, 17383.90751]","['Cytoplasmic', 'Cytoplasmic', 'Cytoplasmic', 'Cytoplasmic']","[0, 17, 0, 16]"
3169,XYLtex_b,D-xylose transport via diffusion (extracellular to periplasm),Cytoplasmic,"Transport, Outer Membrane Porin",100000000.0,b0241 or b0929 or b1377 or b2215,38922.0,0.0,0,"[38922.0, 39333.0, 41220.0, 40368.0]","[0.0, 21633.15, 0.0, 17383.90751]","['Cytoplasmic', 'Cytoplasmic', 'Cytoplasmic', 'Cytoplasmic']","[0, 17, 0, 16]"
3170,ABUTtex_b,4-aminobutyrate transport via diffusion (extracellular to periplasm),Cytoplasmic,"Transport, Outer Membrane Porin",100000000.0,b0241 or b0929 or b1377 or b2215,38922.0,0.0,0,"[38922.0, 39333.0, 41220.0, 40368.0]","[0.0, 21633.15, 0.0, 17383.90751]","['Cytoplasmic', 'Cytoplasmic', 'Cytoplasmic', 'Cytoplasmic']","[0, 17, 0, 16]"
3171,GGGABADr_b,Gamma-glutamyl-gamma aminobutyric acid dehydrogenase,Cytoplasmic,Alternate Carbon Metabolism,26.1,b1300,53419.0,0,0,[53419.0],[0.0],['Cytoplasmic'],[0]
3172,EX_mso3_e_b,Methanesulfonate exchange,Exchange,Extracellular exchange,nan,,0,0,0,[0],[0],['Exchange'],[0]
3173,EX_23camp_e_b,"2',3'-Cyclic AMP exchange",Exchange,Extracellular exchange,nan,,0,0,0,[0],[0],['Exchange'],[0]
3174,EX_23cgmp_e_b,"2',3'-Cyclic GMP exchange",Exchange,Extracellular exchange,nan,,0,0,0,[0],[0],['Exchange'],[0]
3175,EX_23cump_e_b,"2',3'-Cyclic UMP exchange",Exchange,Extracellular exchange,nan,,0,0,0,[0],[0],['Exchange'],[0]
3176,EX_3amp_e_b,3'-AMP exchange,Exchange,Extracellular exchange,nan,,0,0,0,[0],[0],['Exchange'],[0]
3177,EX_3gmp_e_b,3'-GMP exchange,Exchange,Extracellular exchange,nan,,0,0,0,[0],[0],['Exchange'],[0]
3178,EX_3ump_e_b,3'-UMP exchange,Exchange,Extracellular exchange,nan,,0,0,0,[0],[0],['Exchange'],[0]
3179,EX_glyc__R_e_b,(R)-Glycerate exchange,Exchange,Extracellular exchange,nan,,0,0,0,[0],[0],['Exchange'],[0]
3180,EX_eca4colipa_e_b,(enterobacterial common antigen)x4 core oligosaccharide lipid A exchange,Exchange,Extracellular exchange,nan,,0,0,0,[0],[0],['Exchange'],[0]
3181,EX_sel_e_b,Selenate exchange,Exchange,Extracellular exchange,nan,,0,0,0,[0],[0],['Exchange'],[0]
3182,EX_hg2_e_b,Hg2+ exchange,Exchange,Extracellular exchange,nan,,0,0,0,[0],[0],['Exchange'],[0]
3183,MALTATr_b,Maltose O-acetyltransferase,Cytoplasmic,Alternate Carbon Metabolism,109.4666667,b0459,20096.0,0,0,[20096.0],[0.0],['Cytoplasmic'],[0]
3184,23CAMPtex_b,23cAMP transport via diffusion (extracellular to periplasm),Cytoplasmic,"Transport, Outer Membrane Porin",100000000.0,b0241 or b0929 or b1377 or b2215,38922.0,0.0,0,"[38922.0, 39333.0, 41220.0, 40368.0]","[0.0, 21633.15, 0.0, 17383.90751]","['Cytoplasmic', 'Cytoplasmic', 'Cytoplasmic', 'Cytoplasmic']","[0, 17, 0, 16]"
3185,23CCMPtex_b,23cCMP transport via diffusion (extracellular to periplasm),Cytoplasmic,"Transport, Outer Membrane Porin",100000000.0,b0241 or b0929 or b1377 or b2215,38922.0,0.0,0,"[38922.0, 39333.0, 41220.0, 40368.0]","[0.0, 21633.15, 0.0, 17383.90751]","['Cytoplasmic', 'Cytoplasmic', 'Cytoplasmic', 'Cytoplasmic']","[0, 17, 0, 16]"
3186,23CUMPtex_b,23cUMP transport via diffusion (extracellular to periplasm),Cytoplasmic,"Transport, Outer Membrane Porin",100000000.0,b0241 or b0929 or b1377 or b2215,38922.0,0.0,0,"[38922.0, 39333.0, 41220.0, 40368.0]","[0.0, 21633.15, 0.0, 17383.90751]","['Cytoplasmic', 'Cytoplasmic', 'Cytoplasmic', 'Cytoplasmic']","[0, 17, 0, 16]"
3187,23CGMPtex_b,23cGMP transport via diffusion (extracellular to periplasm),Cytoplasmic,"Transport, Outer Membrane Porin",100000000.0,b0241 or b0929 or b1377 or b2215,38922.0,0.0,0,"[38922.0, 39333.0, 41220.0, 40368.0]","[0.0, 21633.15, 0.0, 17383.90751]","['Cytoplasmic', 'Cytoplasmic', 'Cytoplasmic', 'Cytoplasmic']","[0, 17, 0, 16]"
3188,3AMPtex_b,3AMP transport via diffusion (extracellular to periplasm),Cytoplasmic,"Transport, Outer Membrane Porin",100000000.0,b0241 or b0929 or b1377 or b2215,38922.0,0.0,0,"[38922.0, 39333.0, 41220.0, 40368.0]","[0.0, 21633.15, 0.0, 17383.90751]","['Cytoplasmic', 'Cytoplasmic', 'Cytoplasmic', 'Cytoplasmic']","[0, 17, 0, 16]"
3189,3CMPtex_b,3CMP transport via diffusion (extracellular to periplasm),Cytoplasmic,"Transport, Outer Membrane Porin",100000000.0,b0241 or b0929 or b1377 or b2215,38922.0,0.0,0,"[38922.0, 39333.0, 41220.0, 40368.0]","[0.0, 21633.15, 0.0, 17383.90751]","['Cytoplasmic', 'Cytoplasmic', 'Cytoplasmic', 'Cytoplasmic']","[0, 17, 0, 16]"
3190,ALAGLUE_b,L-alanyl-gamma-glutamate epimerase,Cytoplasmic,Murein Recycling,17.0,b1325,34674.0,0,0,[34674.0],[0.0],['Cytoplasmic'],[0]
3191,ETHSO3tex_b,Ethanesulfonate transport via diffusion (extracellular to periplasm),Cytoplasmic,"Transport, Outer Membrane Porin",100000000.0,b0241 or b0929 or b1377 or b2215,38922.0,0.0,0,"[38922.0, 39333.0, 41220.0, 40368.0]","[0.0, 21633.15, 0.0, 17383.90751]","['Cytoplasmic', 'Cytoplasmic', 'Cytoplasmic', 'Cytoplasmic']","[0, 17, 0, 16]"
3192,BUTSO3tex_b,Butanesulfonate transport via diffusion (extracellular to periplasm),Cytoplasmic,"Transport, Outer Membrane Porin",100000000.0,b0241 or b0929 or b1377 or b2215,38922.0,0.0,0,"[38922.0, 39333.0, 41220.0, 40368.0]","[0.0, 21633.15, 0.0, 17383.90751]","['Cytoplasmic', 'Cytoplasmic', 'Cytoplasmic', 'Cytoplasmic']","[0, 17, 0, 16]"
3193,LIPOtex_b,Lipoate transport via diffusion (extracellular to periplasm),Cytoplasmic,"Transport, Outer Membrane Porin",100000000.0,b1377 or b2215 or b0929 or b0241,38922.0,0.0,0,"[41220.0, 40368.0, 39333.0, 38922.0]","[0.0, 17383.90751, 21633.15, 0.0]","['Cytoplasmic', 'Cytoplasmic', 'Cytoplasmic', 'Cytoplasmic']","[0, 16, 17, 0]"
3194,GALBDtex_b,Beta D-galactose transport via diffusion (extracellular to periplasm),Cytoplasmic,"Transport, Outer Membrane Porin",100000000.0,b2215 or b0241 or b0929 or b1377,38922.0,0.0,0,"[40368.0, 38922.0, 39333.0, 41220.0]","[17383.90751, 0.0, 21633.15, 0.0]","['Cytoplasmic', 'Cytoplasmic', 'Cytoplasmic', 'Cytoplasmic']","[16, 0, 17, 0]"
3195,SULFACtex_b,Sulfoaceate transport via diffusion (extracellular to periplasm),Cytoplasmic,"Transport, Outer Membrane Porin",100000000.0,b1377 or b2215 or b0241 or b0929,38922.0,0.0,0,"[41220.0, 40368.0, 38922.0, 39333.0]","[0.0, 17383.90751, 0.0, 21633.15]","['Cytoplasmic', 'Cytoplasmic', 'Cytoplasmic', 'Cytoplasmic']","[0, 16, 0, 17]"
3196,EX_sulfac_e_b,Sulfoacetate exchange,Exchange,Extracellular exchange,nan,,0,0,0,[0],[0],['Exchange'],[0]
3197,EX_butso3_e_b,Butanesulfonate exchange,Exchange,Extracellular exchange,nan,,0,0,0,[0],[0],['Exchange'],[0]
3198,EX_ethso3_e_b,Ethanesulfonate exchange,Exchange,Extracellular exchange,nan,,0,0,0,[0],[0],['Exchange'],[0]
3199,NOtex_b,Nitric oxide transport via diffusion (extracellular to periplasm),Cytoplasmic,"Transport, Outer Membrane Porin",100000000.0,b0241 or b0929 or b1377 or b2215,38922.0,0.0,0,"[38922.0, 39333.0, 41220.0, 40368.0]","[0.0, 21633.15, 0.0, 17383.90751]","['Cytoplasmic', 'Cytoplasmic', 'Cytoplasmic', 'Cytoplasmic']","[0, 17, 0, 16]"
3200,NOtpp_b,NO transport (diffusion),Inner Membrane,Inorganic Ion Transport and Metabolism,nan,s0001,0,0,0,[0.0],[0.0],['Inner Membrane'],[0]
3201,N2Otpp_b,Nitrious oxide transport (diffusion),Inner Membrane,Inorganic Ion Transport and Metabolism,nan,s0001,0,0,0,[0.0],[0.0],['Inner Membrane'],[0]
3202,N2Otex_b,Nitrious oxide transport via diffusion (extracellular to periplasm),Cytoplasmic,"Transport, Outer Membrane Porin",100000000.0,b0241 or b0929 or b1377 or b2215,38922.0,0.0,0,"[38922.0, 39333.0, 41220.0, 40368.0]","[0.0, 21633.15, 0.0, 17383.90751]","['Cytoplasmic', 'Cytoplasmic', 'Cytoplasmic', 'Cytoplasmic']","[0, 17, 0, 16]"
3203,CRNt2rpp_b,L-carnitine outward transport (H+ antiport),Inner Membrane,"Transport, Inner Membrane",22.0,b4111,54846.0,27642.384,12,[54846.0],[27642.384],['Inner Membrane'],[12]
3204,CRNDt2rpp_b,D-carnitine outward transport (H+ antiport),Inner Membrane,"Transport, Inner Membrane",22.0,b4111,54846.0,27642.384,12,[54846.0],[27642.384],['Inner Membrane'],[12]
3205,CTBTt2rpp_b,Cronobetaine outward transport (H+ antiport),Inner Membrane,"Transport, Inner Membrane",22.0,b4111,54846.0,27642.384,12,[54846.0],[27642.384],['Inner Membrane'],[12]
3206,PACALDt2rpp_b,Phenylacetaldehyde reversible transport via proton symport (periplasm),Cytoplasmic,"Transport, Inner Membrane",nan,,0,0,0,[0],[0],['Cytoplasmic'],[0]
3207,PEAMNtex_b,Phenethylamine transport via diffusion (extracellular to periplasm),Cytoplasmic,"Transport, Outer Membrane Porin",100000000.0,b0241 or b0929 or b1377 or b2215,38922.0,0.0,0,"[38922.0, 39333.0, 41220.0, 40368.0]","[0.0, 21633.15, 0.0, 17383.90751]","['Cytoplasmic', 'Cytoplasmic', 'Cytoplasmic', 'Cytoplasmic']","[0, 17, 0, 16]"
3208,PACALDtex_b,Phenethylacetaldehyde transport via diffusion (extracellular to periplasm),Cytoplasmic,"Transport, Outer Membrane Porin",100000000.0,b0241 or b0929 or b1377 or b2215,38922.0,0.0,0,"[38922.0, 39333.0, 41220.0, 40368.0]","[0.0, 21633.15, 0.0, 17383.90751]","['Cytoplasmic', 'Cytoplasmic', 'Cytoplasmic', 'Cytoplasmic']","[0, 17, 0, 16]"
3209,CYANtex_b,Cyanide transport via diffusion (extracellular to periplasm),Cytoplasmic,"Transport, Outer Membrane Porin",100000000.0,b0241 or b0929 or b1377 or b2215,38922.0,0.0,0,"[38922.0, 39333.0, 41220.0, 40368.0]","[0.0, 21633.15, 0.0, 17383.90751]","['Cytoplasmic', 'Cytoplasmic', 'Cytoplasmic', 'Cytoplasmic']","[0, 17, 0, 16]"
3210,SO3tex_b,Sulfite transport via diffusion (extracellular to periplasm),Cytoplasmic,"Transport, Outer Membrane Porin",100000000.0,b0241 or b0929 or b1377 or b2215,38922.0,0.0,0,"[38922.0, 39333.0, 41220.0, 40368.0]","[0.0, 21633.15, 0.0, 17383.90751]","['Cytoplasmic', 'Cytoplasmic', 'Cytoplasmic', 'Cytoplasmic']","[0, 17, 0, 16]"
3211,TCYNTtex_b,Thiocyanate transport via diffusion (extracellular to periplasm),Cytoplasmic,"Transport, Outer Membrane Porin",100000000.0,b0241 or b0929 or b1377 or b2215,38922.0,0.0,0,"[38922.0, 39333.0, 41220.0, 40368.0]","[0.0, 21633.15, 0.0, 17383.90751]","['Cytoplasmic', 'Cytoplasmic', 'Cytoplasmic', 'Cytoplasmic']","[0, 17, 0, 16]"
3212,METSOX1tex_b,L-methionine S-oxide diffusion (extracellular),Cytoplasmic,"Transport, Outer Membrane Porin",100000000.0,b0241 or b0929 or b1377 or b2215,38922.0,0.0,0,"[38922.0, 39333.0, 41220.0, 40368.0]","[0.0, 21633.15, 0.0, 17383.90751]","['Cytoplasmic', 'Cytoplasmic', 'Cytoplasmic', 'Cytoplasmic']","[0, 17, 0, 16]"
3213,METSOX2tex_b,L-methionine R-oxide diffusion (extracellular),Cytoplasmic,"Transport, Outer Membrane Porin",100000000.0,b0241 or b0929 or b1377 or b2215,38922.0,0.0,0,"[38922.0, 39333.0, 41220.0, 40368.0]","[0.0, 21633.15, 0.0, 17383.90751]","['Cytoplasmic', 'Cytoplasmic', 'Cytoplasmic', 'Cytoplasmic']","[0, 17, 0, 16]"
3214,3UMPtex_b,3UMP transport via diffusion (extracellular to periplasm),Cytoplasmic,"Transport, Outer Membrane Porin",100000000.0,b0241 or b0929 or b1377 or b2215,38922.0,0.0,0,"[38922.0, 39333.0, 41220.0, 40368.0]","[0.0, 21633.15, 0.0, 17383.90751]","['Cytoplasmic', 'Cytoplasmic', 'Cytoplasmic', 'Cytoplasmic']","[0, 17, 0, 16]"
3215,3GMPtex_b,3GMP transport via diffusion (extracellular to periplasm),Cytoplasmic,"Transport, Outer Membrane Porin",100000000.0,b0241 or b0929 or b1377 or b2215,38922.0,0.0,0,"[38922.0, 39333.0, 41220.0, 40368.0]","[0.0, 21633.15, 0.0, 17383.90751]","['Cytoplasmic', 'Cytoplasmic', 'Cytoplasmic', 'Cytoplasmic']","[0, 17, 0, 16]"
3216,FALDtpp_b,Formaldehyde transport via diffusion (periplasm),Inner Membrane,"Transport, Inner Membrane",nan,s0001,0,0,0,[0.0],[0.0],['Inner Membrane'],[0]
3217,EX_tym_e_b,Tyramine exchange,Exchange,Extracellular exchange,nan,,0,0,0,[0],[0],['Exchange'],[0]
3218,EX_imp_e_b,IMP exchange,Exchange,Extracellular exchange,nan,,0,0,0,[0],[0],['Exchange'],[0]
3219,DOPAtex_b,Dopamine transport via diffusion (extracellular to periplasm),Cytoplasmic,"Transport, Outer Membrane Porin",100000000.0,b0241 or b0929 or b1377 or b2215,38922.0,0.0,0,"[38922.0, 39333.0, 41220.0, 40368.0]","[0.0, 21633.15, 0.0, 17383.90751]","['Cytoplasmic', 'Cytoplasmic', 'Cytoplasmic', 'Cytoplasmic']","[0, 17, 0, 16]"
3220,4HOXPACDtex_b,4-hydroxyphenylacetaldehyde transport via diffusion (extracellular to periplasm),Cytoplasmic,"Transport, Outer Membrane Porin",100000000.0,b0241 or b0929 or b1377 or b2215,38922.0,0.0,0,"[38922.0, 39333.0, 41220.0, 40368.0]","[0.0, 21633.15, 0.0, 17383.90751]","['Cytoplasmic', 'Cytoplasmic', 'Cytoplasmic', 'Cytoplasmic']","[0, 17, 0, 16]"
3221,ETHAtex_b,Ethanolamine transport via diffusion (extracellular),Cytoplasmic,"Transport, Outer Membrane Porin",100000000.0,b0241 or b0929 or b1377 or b2215,38922.0,0.0,0,"[38922.0, 39333.0, 41220.0, 40368.0]","[0.0, 21633.15, 0.0, 17383.90751]","['Cytoplasmic', 'Cytoplasmic', 'Cytoplasmic', 'Cytoplasmic']","[0, 17, 0, 16]"
3222,G3PStex_b,Glycerophosphserine transport via diffusion (extracellular to periplasm),Cytoplasmic,"Transport, Outer Membrane Porin",100000000.0,b0241 or b0929 or b1377 or b2215,38922.0,0.0,0,"[38922.0, 39333.0, 41220.0, 40368.0]","[0.0, 21633.15, 0.0, 17383.90751]","['Cytoplasmic', 'Cytoplasmic', 'Cytoplasmic', 'Cytoplasmic']","[0, 17, 0, 16]"
3223,ACGAL1Ptex_b,N-acetyl-D-galactosamine 1-phosphate transport via diffusion (extracellular to periplasm),Cytoplasmic,"Transport, Outer Membrane Porin",100000000.0,b0241 or b0929 or b1377 or b2215,38922.0,0.0,0,"[38922.0, 39333.0, 41220.0, 40368.0]","[0.0, 21633.15, 0.0, 17383.90751]","['Cytoplasmic', 'Cytoplasmic', 'Cytoplasmic', 'Cytoplasmic']","[0, 17, 0, 16]"
3224,ACGALtex_b,N-acetyl-D-galactosamine transport via diffusion (extracellular to periplasm),Cytoplasmic,"Transport, Outer Membrane Porin",100000000.0,b0241 or b0929 or b1377 or b2215,38922.0,0.0,0,"[38922.0, 39333.0, 41220.0, 40368.0]","[0.0, 21633.15, 0.0, 17383.90751]","['Cytoplasmic', 'Cytoplasmic', 'Cytoplasmic', 'Cytoplasmic']","[0, 17, 0, 16]"
3225,GLCUR1Ptex_b,D-glucuronate 1-phosphate transport via diffusion (extracellular to periplasm),Cytoplasmic,"Transport, Outer Membrane Porin",100000000.0,b0241 or b0929 or b1377 or b2215,38922.0,0.0,0,"[38922.0, 39333.0, 41220.0, 40368.0]","[0.0, 21633.15, 0.0, 17383.90751]","['Cytoplasmic', 'Cytoplasmic', 'Cytoplasmic', 'Cytoplasmic']","[0, 17, 0, 16]"
3226,UDPGLCURtex_b,UDP-D-glucuronate transport via diffusion (extracellular to periplasm),Cytoplasmic,"Transport, Outer Membrane Porin",100000000.0,b0241 or b0929 or b1377 or b2215,38922.0,0.0,0,"[38922.0, 39333.0, 41220.0, 40368.0]","[0.0, 21633.15, 0.0, 17383.90751]","['Cytoplasmic', 'Cytoplasmic', 'Cytoplasmic', 'Cytoplasmic']","[0, 17, 0, 16]"
3227,ISETACtex_b,Isethionate transport via diffusion (extracellular to periplasm),Cytoplasmic,"Transport, Outer Membrane Porin",100000000.0,b0241 or b0929 or b1377 or b2215,38922.0,0.0,0,"[38922.0, 39333.0, 41220.0, 40368.0]","[0.0, 21633.15, 0.0, 17383.90751]","['Cytoplasmic', 'Cytoplasmic', 'Cytoplasmic', 'Cytoplasmic']","[0, 17, 0, 16]"
3228,UDPGtex_b,UDPglucose transport via diffusion (extracellular to periplasm),Cytoplasmic,"Transport, Outer Membrane Porin",100000000.0,b0241 or b0929 or b1377 or b2215,38922.0,0.0,0,"[38922.0, 39333.0, 41220.0, 40368.0]","[0.0, 21633.15, 0.0, 17383.90751]","['Cytoplasmic', 'Cytoplasmic', 'Cytoplasmic', 'Cytoplasmic']","[0, 17, 0, 16]"
3229,UDPGALtex_b,UDPgalactose transport via diffusion (extracellular to periplasm),Cytoplasmic,"Transport, Outer Membrane Porin",100000000.0,b0929 or b1377 or b2215 or b0241,38922.0,0.0,0,"[39333.0, 41220.0, 40368.0, 38922.0]","[21633.15, 0.0, 17383.90751, 0.0]","['Cytoplasmic', 'Cytoplasmic', 'Cytoplasmic', 'Cytoplasmic']","[17, 0, 16, 0]"
3230,ACGAM1Ptex_b,N-acetyl-D-glucosamine 1-phosphate transport via diffusion (extracellular to periplasm),Cytoplasmic,"Transport, Outer Membrane Porin",100000000.0,b0241 or b0929 or b1377 or b2215,38922.0,0.0,0,"[38922.0, 39333.0, 41220.0, 40368.0]","[0.0, 21633.15, 0.0, 17383.90751]","['Cytoplasmic', 'Cytoplasmic', 'Cytoplasmic', 'Cytoplasmic']","[0, 17, 0, 16]"
3231,UACGAMtex_b,UDP-N-acetyl-D-glucosamine transport via diffusion (extracellular to periplasm),Cytoplasmic,"Transport, Outer Membrane Porin",100000000.0,b0241 or b0929 or b1377 or b2215,38922.0,0.0,0,"[38922.0, 39333.0, 41220.0, 40368.0]","[0.0, 21633.15, 0.0, 17383.90751]","['Cytoplasmic', 'Cytoplasmic', 'Cytoplasmic', 'Cytoplasmic']","[0, 17, 0, 16]"
3232,UDPACGALtex_b,UDP-N-acetyl-D-galactosamine transport via diffusion (extracellular to periplasm),Cytoplasmic,"Transport, Outer Membrane Porin",100000000.0,b0241 or b0929 or b1377 or b2215,38922.0,0.0,0,"[38922.0, 39333.0, 41220.0, 40368.0]","[0.0, 21633.15, 0.0, 17383.90751]","['Cytoplasmic', 'Cytoplasmic', 'Cytoplasmic', 'Cytoplasmic']","[0, 17, 0, 16]"
3233,CBLAT_b,Cob(I)alamin adenosyltransferase,Cytoplasmic,Cofactor and Prosthetic Group Biosynthesis,0.11,b1270,21999.0,0,0,[21999.0],[0.0],['Cytoplasmic'],[0]
3234,MSO3tex_b,Methanesulfonate transport via diffusion (extracellular to periplasm),Cytoplasmic,"Transport, Outer Membrane Porin",100000000.0,b0241 or b0929 or b1377 or b2215,38922.0,0.0,0,"[38922.0, 39333.0, 41220.0, 40368.0]","[0.0, 21633.15, 0.0, 17383.90751]","['Cytoplasmic', 'Cytoplasmic', 'Cytoplasmic', 'Cytoplasmic']","[0, 17, 0, 16]"
3235,ARABDI_b,L-fucose isomerase,Cytoplasmic,Alternate Carbon Metabolism,0.0287,b2802,64977.0,0,0,[64977.0],[0.0],['Cytoplasmic'],[0]
3236,GLYC2Ptex_b,Glycerol-2-phosphate transport via diffusion (extracellular to periplasm),Cytoplasmic,"Transport, Outer Membrane Porin",100000000.0,b0241 or b0929 or b1377 or b2215,38922.0,0.0,0,"[38922.0, 39333.0, 41220.0, 40368.0]","[0.0, 21633.15, 0.0, 17383.90751]","['Cytoplasmic', 'Cytoplasmic', 'Cytoplasmic', 'Cytoplasmic']","[0, 17, 0, 16]"
3237,PSERtex_b,Phospho-L-serine transport via diffusion (extracellular to periplasm),Cytoplasmic,"Transport, Outer Membrane Porin",100000000.0,b0241 or b0929 or b1377 or b2215,38922.0,0.0,0,"[38922.0, 39333.0, 41220.0, 40368.0]","[0.0, 21633.15, 0.0, 17383.90751]","['Cytoplasmic', 'Cytoplasmic', 'Cytoplasmic', 'Cytoplasmic']","[0, 17, 0, 16]"
3238,R5Ptex_b,Ribose 5-phosphate transport via diffusion (extracellular to periplasm),Cytoplasmic,"Transport, Outer Membrane Porin",100000000.0,b0241 or b0929 or b1377 or b2215,38922.0,0.0,0,"[38922.0, 39333.0, 41220.0, 40368.0]","[0.0, 21633.15, 0.0, 17383.90751]","['Cytoplasmic', 'Cytoplasmic', 'Cytoplasmic', 'Cytoplasmic']","[0, 17, 0, 16]"
3239,THRPtex_b,Phospho-L-threonine transport via diffusion (extracellular to periplasm),Cytoplasmic,"Transport, Outer Membrane Porin",100000000.0,b0241 or b0929 or b1377 or b2215,38922.0,0.0,0,"[38922.0, 39333.0, 41220.0, 40368.0]","[0.0, 21633.15, 0.0, 17383.90751]","['Cytoplasmic', 'Cytoplasmic', 'Cytoplasmic', 'Cytoplasmic']","[0, 17, 0, 16]"
3240,TYRPtex_b,Phopho-L-tyrosine transport via diffusion (extracellular to periplasm),Cytoplasmic,"Transport, Outer Membrane Porin",100000000.0,b0241 or b0929 or b1377 or b2215,38922.0,0.0,0,"[38922.0, 39333.0, 41220.0, 40368.0]","[0.0, 21633.15, 0.0, 17383.90751]","['Cytoplasmic', 'Cytoplasmic', 'Cytoplasmic', 'Cytoplasmic']","[0, 17, 0, 16]"
3241,CITtex_b,Citrate transport via diffusion (extracellular to periplasm),Cytoplasmic,"Transport, Outer Membrane Porin",100000000.0,b0241 or b0929 or b1377 or b2215,38922.0,0.0,0,"[38922.0, 39333.0, 41220.0, 40368.0]","[0.0, 21633.15, 0.0, 17383.90751]","['Cytoplasmic', 'Cytoplasmic', 'Cytoplasmic', 'Cytoplasmic']","[0, 17, 0, 16]"
3242,ACGAtex_b,N-Acetyl-D-glucosamine transport via diffusion (extracellular to periplasm),Cytoplasmic,"Transport, Outer Membrane Porin",100000000.0,b0241 or b0929 or b1377 or b2215,38922.0,0.0,0,"[38922.0, 39333.0, 41220.0, 40368.0]","[0.0, 21633.15, 0.0, 17383.90751]","['Cytoplasmic', 'Cytoplasmic', 'Cytoplasmic', 'Cytoplasmic']","[0, 17, 0, 16]"
3243,EX_cd2_e_b,Cadmium exchange,Exchange,Extracellular exchange,nan,,0,0,0,[0],[0],['Exchange'],[0]
3244,IDONt2rpp_b,"L-idonate transport via proton symport, reversible (periplasm)",Inner Membrane,"Transport, Inner Membrane",59.36758824,b4265,46041.0,28107.03417,12,[46041.0],[28107.03417],['Inner Membrane'],[12]
3245,G6Ptex_b,Glucose 6-phosphate transport via diffusion (extracellular to periplasm),Cytoplasmic,"Transport, Outer Membrane Porin",100000000.0,b0241 or b0929 or b1377 or b2215,38922.0,0.0,0,"[38922.0, 39333.0, 41220.0, 40368.0]","[0.0, 21633.15, 0.0, 17383.90751]","['Cytoplasmic', 'Cytoplasmic', 'Cytoplasmic', 'Cytoplasmic']","[0, 17, 0, 16]"
3246,MOBDtex_b,Molybdate transport via diffusion (extracellular to periplasm),Cytoplasmic,"Transport, Outer Membrane Porin",100000000.0,b0241 or b0929 or b1377 or b2215,38922.0,0.0,0,"[38922.0, 39333.0, 41220.0, 40368.0]","[0.0, 21633.15, 0.0, 17383.90751]","['Cytoplasmic', 'Cytoplasmic', 'Cytoplasmic', 'Cytoplasmic']","[0, 17, 0, 16]"
3247,NI2tex_b,Nickel transport via diffusion (extracellular to periplasm),Cytoplasmic,"Transport, Outer Membrane Porin",100000000.0,b0241 or b0929 or b1377 or b2215,38922.0,0.0,0,"[38922.0, 39333.0, 41220.0, 40368.0]","[0.0, 21633.15, 0.0, 17383.90751]","['Cytoplasmic', 'Cytoplasmic', 'Cytoplasmic', 'Cytoplasmic']","[0, 17, 0, 16]"
3248,L_LACt2rpp_b,L-lactate reversible transport via proton symport (periplasm),Inner Membrane,"Transport, Inner Membrane",22.0,b3603 or b2975,58920.0,28723.5,13,"[59168.0, 58920.0]","[29315.54265, 28723.5]","['Inner Membrane', 'Inner Membrane']","[13, 13]"
3249,EX_fe3hox_un_e_b,"Fe(III)hydoxamate, unloaded exchange",Exchange,Extracellular exchange,nan,,0,0,0,[0],[0],['Exchange'],[0]
3250,EX_23dappa_e_b,"2,3-diaminopropionate exchange",Exchange,Extracellular exchange,nan,,0,0,0,[0],[0],['Exchange'],[0]
3251,NH4tpp_b,Ammonia reversible transport (periplasm),Inner Membrane,Inorganic Ion Transport and Metabolism,22.0,s0001 or b0451,0,0,0,"[0.0, 44515.0]","[0.0, 27081.78571]","['Inner Membrane', 'Inner Membrane']","[0, 11]"
3252,NO2t2rpp_b,"Nitrite transport in via proton symport, reversible (periplasm)",Inner Membrane,Inorganic Ion Transport and Metabolism,22.0,b1223 or b3367,28563.0,13428.87313,6,"[49693.0, 28563.0]","[29407.95248, 13428.87313]","['Inner Membrane', 'Inner Membrane']","[12, 6]"
3253,FRULYSDG_b,Fructoselysine phosphate deglycase,Cytoplasmic,Alternate Carbon Metabolism,0.254816667,b3371,38569.0,0,0,[38569.0],[0.0],['Cytoplasmic'],[0]
3254,PROt2rpp_b,L-proline reversible transport via proton symport (periplasm),Inner Membrane,"Transport, Inner Membrane",22.0,b4111 or b0402,50216.0,27690.22319,12,"[54846.0, 50216.0]","[27642.384, 27690.22319]","['Inner Membrane', 'Inner Membrane']","[12, 12]"
3255,EX_enter_e_b,Enterochelin exchange,Exchange,Extracellular exchange,nan,,0,0,0,[0],[0],['Exchange'],[0]
3256,EX_fecrm_un_e_b,Ferrichrome minus Fe(III) exchange,Exchange,Extracellular exchange,nan,,0,0,0,[0],[0],['Exchange'],[0]
3257,EX_cgly_e_b,Cys-Gly exchange,Exchange,Extracellular exchange,nan,,0,0,0,[0],[0],['Exchange'],[0]
3258,EX_chtbs_e_b,Chitobiose exchange,Exchange,Extracellular exchange,nan,,0,0,0,[0],[0],['Exchange'],[0]
3259,EX_gmp_e_b,GMP exchange,Exchange,Extracellular exchange,nan,,0,0,0,[0],[0],['Exchange'],[0]
3260,EX_h2o2_e_b,Hydrogen peroxide exchange,Exchange,Extracellular exchange,nan,,0,0,0,[0],[0],['Exchange'],[0]
3261,EX_ump_e_b,UMP exchange,Exchange,Extracellular exchange,nan,,0,0,0,[0],[0],['Exchange'],[0]
3262,EX_pydam_e_b,Pyridoxamine exchange,Exchange,Extracellular exchange,nan,,0,0,0,[0],[0],['Exchange'],[0]
3263,H2O2tex_b,Hydrogen peroxide transport via diffusion (external),Cytoplasmic,"Transport, Outer Membrane Porin",100000000.0,b0241 or b0929 or b1377 or b2215,38922.0,0.0,0,"[38922.0, 39333.0, 41220.0, 40368.0]","[0.0, 21633.15, 0.0, 17383.90751]","['Cytoplasmic', 'Cytoplasmic', 'Cytoplasmic', 'Cytoplasmic']","[0, 17, 0, 16]"
3264,ALLPI_b,Allose 6-phosphate isomerase,Cytoplasmic,Alternate Carbon Metabolism,2100.0,b4090,16073.0,0,0,[16073.0],[0.0],['Cytoplasmic'],[0]
3265,ALLULPE_b,Allulose 6-phosphate epimerase,Cytoplasmic,Alternate Carbon Metabolism,9201.8125,b4085,26109.0,0,0,[26109.0],[0.0],['Cytoplasmic'],[0]
3266,ADEtex_b,Adenine transport via diffusion (extracellular to periplasm),Cytoplasmic,"Transport, Outer Membrane Porin",100000000.0,b0241 or b0929 or b1377 or b2215,38922.0,0.0,0,"[38922.0, 39333.0, 41220.0, 40368.0]","[0.0, 21633.15, 0.0, 17383.90751]","['Cytoplasmic', 'Cytoplasmic', 'Cytoplasmic', 'Cytoplasmic']","[0, 17, 0, 16]"
3267,ADNtex_b,Adenosine transport via diffusion (extracellular to periplasm),Cytoplasmic,"Transport, Outer Membrane",100000000.0,b0411,33589.0,0,0,[33589.0],[0.0],['Cytoplasmic'],[0]
3268,AGMtex_b,Agmatine transport via diffusion (extracellular to periplasm),Cytoplasmic,"Transport, Outer Membrane Porin",100000000.0,b0241 or b0929 or b1377 or b2215,38922.0,0.0,0,"[38922.0, 39333.0, 41220.0, 40368.0]","[0.0, 21633.15, 0.0, 17383.90751]","['Cytoplasmic', 'Cytoplasmic', 'Cytoplasmic', 'Cytoplasmic']","[0, 17, 0, 16]"
3269,ALAtex_b,L-alanine transport via diffusion (extracellular to periplasm),Cytoplasmic,"Transport, Outer Membrane Porin",100000000.0,b0241 or b1377 or b2215 or b0929,38922.0,0.0,0,"[38922.0, 41220.0, 40368.0, 39333.0]","[0.0, 0.0, 17383.90751, 21633.15]","['Cytoplasmic', 'Cytoplasmic', 'Cytoplasmic', 'Cytoplasmic']","[0, 0, 16, 17]"
3270,BALAtex_b,Beta-alanine transport via diffusion (extracellular to periplasm),Cytoplasmic,"Transport, Outer Membrane Porin",100000000.0,b0241 or b0929 or b1377 or b2215,38922.0,0.0,0,"[38922.0, 39333.0, 41220.0, 40368.0]","[0.0, 21633.15, 0.0, 17383.90751]","['Cytoplasmic', 'Cytoplasmic', 'Cytoplasmic', 'Cytoplasmic']","[0, 17, 0, 16]"
3271,DALAtex_b,D-Alanine transport via diffusion (extracellular to periplasm),Cytoplasmic,"Transport, Outer Membrane Porin",100000000.0,b0241 or b0929 or b1377 or b2215,38922.0,0.0,0,"[38922.0, 39333.0, 41220.0, 40368.0]","[0.0, 21633.15, 0.0, 17383.90751]","['Cytoplasmic', 'Cytoplasmic', 'Cytoplasmic', 'Cytoplasmic']","[0, 17, 0, 16]"
3272,AMPtex_b,AMP transport via diffusion (extracellular to periplasm),Cytoplasmic,"Transport, Outer Membrane Porin",100000000.0,b2215 or b0241 or b0929 or b1377,38922.0,0.0,0,"[40368.0, 38922.0, 39333.0, 41220.0]","[17383.90751, 0.0, 21633.15, 0.0]","['Cytoplasmic', 'Cytoplasmic', 'Cytoplasmic', 'Cytoplasmic']","[16, 0, 17, 0]"
3273,ARBtex_b,L-arabinose transport via diffusion (extracellular to periplasm),Cytoplasmic,"Transport, Outer Membrane Porin",100000000.0,b0241 or b0929 or b1377 or b2215,38922.0,0.0,0,"[38922.0, 39333.0, 41220.0, 40368.0]","[0.0, 21633.15, 0.0, 17383.90751]","['Cytoplasmic', 'Cytoplasmic', 'Cytoplasmic', 'Cytoplasmic']","[0, 17, 0, 16]"
3274,ARGtex_b,L-arginine transport via diffusion (extracellular to periplasm),Cytoplasmic,"Transport, Outer Membrane Porin",100000000.0,b0241 or b0929 or b1377 or b2215,38922.0,0.0,0,"[38922.0, 39333.0, 41220.0, 40368.0]","[0.0, 21633.15, 0.0, 17383.90751]","['Cytoplasmic', 'Cytoplasmic', 'Cytoplasmic', 'Cytoplasmic']","[0, 17, 0, 16]"
3275,ASCBtex_b,L-ascorbate transport via diffusion (extracellular to periplasm),Cytoplasmic,"Transport, Outer Membrane Porin",100000000.0,b0241 or b0929 or b1377 or b2215,38922.0,0.0,0,"[38922.0, 39333.0, 41220.0, 40368.0]","[0.0, 21633.15, 0.0, 17383.90751]","['Cytoplasmic', 'Cytoplasmic', 'Cytoplasmic', 'Cytoplasmic']","[0, 17, 0, 16]"
3276,MMETtex_b,S-methyl-L-methionine transport via diffusion (extracellular to periplasm),Cytoplasmic,"Transport, Outer Membrane Porin",100000000.0,b0241 or b0929 or b1377 or b2215,38922.0,0.0,0,"[38922.0, 39333.0, 41220.0, 40368.0]","[0.0, 21633.15, 0.0, 17383.90751]","['Cytoplasmic', 'Cytoplasmic', 'Cytoplasmic', 'Cytoplasmic']","[0, 17, 0, 16]"
3277,FE3tex_b,Iron (III) transport via diffusion (extracellular to periplasm),Cytoplasmic,"Transport, Outer Membrane Porin",100000000.0,b0241 or b0929 or b1377 or b2215,38922.0,0.0,0,"[38922.0, 39333.0, 41220.0, 40368.0]","[0.0, 21633.15, 0.0, 17383.90751]","['Cytoplasmic', 'Cytoplasmic', 'Cytoplasmic', 'Cytoplasmic']","[0, 17, 0, 16]"
3278,MG2tex_b,Magnesium (Mg+2) transport via diffusion (extracellular to periplasm),Cytoplasmic,"Transport, Outer Membrane Porin",100000000.0,b0241 or b0929 or b1377 or b2215,38922.0,0.0,0,"[38922.0, 39333.0, 41220.0, 40368.0]","[0.0, 21633.15, 0.0, 17383.90751]","['Cytoplasmic', 'Cytoplasmic', 'Cytoplasmic', 'Cytoplasmic']","[0, 17, 0, 16]"
3279,Zn2tex_b,Zinc (Zn+2) transport via diffusion (extracellular to periplasm),Cytoplasmic,"Transport, Outer Membrane Porin",100000000.0,b0241 or b0929 or b1377 or b2215,38922.0,0.0,0,"[38922.0, 39333.0, 41220.0, 40368.0]","[0.0, 21633.15, 0.0, 17383.90751]","['Cytoplasmic', 'Cytoplasmic', 'Cytoplasmic', 'Cytoplasmic']","[0, 17, 0, 16]"
3280,CD2tex_b,Cadmium (Cd+2) transport via diffusion (extracellular to periplasm),Cytoplasmic,"Transport, Outer Membrane Porin",100000000.0,b0241 or b0929 or b1377 or b2215,38922.0,0.0,0,"[38922.0, 39333.0, 41220.0, 40368.0]","[0.0, 21633.15, 0.0, 17383.90751]","['Cytoplasmic', 'Cytoplasmic', 'Cytoplasmic', 'Cytoplasmic']","[0, 17, 0, 16]"
3281,GLUABUTt7pp_b,4-aminobutyrate/glutamate antiport (periplasm),Inner Membrane,"Transport, Inner Membrane",22.0,b1492,55077.0,33736.00978,12,[55077.0],[33736.00978],['Inner Membrane'],[12]
3282,GLUt2rpp_b,"L-glutamate transport via proton symport, reversible (periplasm)",Inner Membrane,"Transport, Inner Membrane",22.0,b4077,47159.0,22662.21968,10,[47159.0],[22662.21968],['Inner Membrane'],[10]
3283,GLYALDtpp_b,Glyceraldehyde facilitated diffusion (periplasm),Inner Membrane,"Transport, Inner Membrane",100000000.0,b3927,29780.0,14837.01068,6,[29780.0],[14837.01068],['Inner Membrane'],[6]
3284,EX_etha_e_b,Ethanolamine exchange,Exchange,Extracellular exchange,nan,,0,0,0,[0],[0],['Exchange'],[0]
3285,DHPTPE_b,Dihydroneopterin triphosphate 2'-epimerase,Cytoplasmic,Cofactor and Prosthetic Group Biosynthesis,933.676,b2303,14082.0,0,0,[14082.0],[0.0],['Cytoplasmic'],[0]
3286,ASO3tex_b,Arsenite transport via diffusion (extracellular to periplasm),Cytoplasmic,"Transport, Outer Membrane Porin",100000000.0,b0241 or b0929 or b1377 or b2215,38922.0,0.0,0,"[38922.0, 39333.0, 41220.0, 40368.0]","[0.0, 21633.15, 0.0, 17383.90751]","['Cytoplasmic', 'Cytoplasmic', 'Cytoplasmic', 'Cytoplasmic']","[0, 17, 0, 16]"
3287,MANGLYCtex_b,2-O-alpha-mannosyl-D-glycerate transport via diffusion (extracellular to periplasm),Cytoplasmic,"Transport, Outer Membrane Porin",100000000.0,b0241 or b0929 or b1377 or b2215,38922.0,0.0,0,"[38922.0, 39333.0, 41220.0, 40368.0]","[0.0, 21633.15, 0.0, 17383.90751]","['Cytoplasmic', 'Cytoplasmic', 'Cytoplasmic', 'Cytoplasmic']","[0, 17, 0, 16]"
3288,EX_frulys_e_b,Fructoselysine exchange,Exchange,Extracellular exchange,nan,,0,0,0,[0],[0],['Exchange'],[0]
3289,FRUURt2rpp_b,"D-fructuronate transport via proton symport, reversible (periplasm)",Inner Membrane,"Transport, Inner Membrane",22.0,b4321,47138.0,28788.97987,13,[47138.0],[28788.97987],['Inner Membrane'],[13]
3290,FRUURtex_b,D-fructuronate transport via diffusion (extracellular),Cytoplasmic,"Transport, Outer Membrane Porin",100000000.0,b0241 or b0929 or b1377 or b2215,38922.0,0.0,0,"[38922.0, 39333.0, 41220.0, 40368.0]","[0.0, 21633.15, 0.0, 17383.90751]","['Cytoplasmic', 'Cytoplasmic', 'Cytoplasmic', 'Cytoplasmic']","[0, 17, 0, 16]"
3291,GLYCAt2rpp_b,"D-glycerate transport via proton symport, reversible (periplasm)",Inner Membrane,"Transport, Inner Membrane",22.0,b3127 or b2789,49009.0,27815.91892,12,"[49009.0, 49142.0]","[27815.91892, 27628.72444]","['Inner Membrane', 'Inner Membrane']","[12, 12]"
3292,GLYCAtex_b,D-glycerate transport via diffusion (extracellular to periplasm),Cytoplasmic,"Transport, Outer Membrane Porin",100000000.0,b0241 or b0929 or b1377 or b2215,38922.0,0.0,0,"[38922.0, 39333.0, 41220.0, 40368.0]","[0.0, 21633.15, 0.0, 17383.90751]","['Cytoplasmic', 'Cytoplasmic', 'Cytoplasmic', 'Cytoplasmic']","[0, 17, 0, 16]"
3293,EX_enlipa_e_b,Phosphoethanolamine KDO(2)-lipid (A) exchange,Exchange,Extracellular exchange,nan,,0,0,0,[0],[0],['Exchange'],[0]
3294,EX_hacolipa_e_b,Hepta-acylated core oligosaccharide lipid A (E. coli) exchange,Exchange,Extracellular exchange,nan,,0,0,0,[0],[0],['Exchange'],[0]
3295,FALDH2_b,Formaldehyde dehydrogenase,Cytoplasmic,Cofactor and Prosthetic Group Biosynthesis,93.75,b0356,39359.0,0,0,[39359.0],[0.0],['Cytoplasmic'],[0]
3296,GLYCtpp_b,Glycerol transport via channel (periplasm),Inner Membrane,"Transport, Inner Membrane",22.0,s0001 or b3927,0,0,0,"[0.0, 29780.0]","[0.0, 14837.01068]","['Inner Membrane', 'Inner Membrane']","[0, 6]"
3297,H2Otpp_b,H2O transport via diffusion (periplasm),Inner Membrane,"Transport, Inner Membrane",100000000.0,s0001 or b0875,0,0,0,"[0.0, 23703.0]","[0.0, 12928.90909]","['Inner Membrane', 'Inner Membrane']","[0, 6]"
3298,HCINNMt2rpp_b,"3-hydroxycinnamic acid transport via proton symport, reversible (periplasm)",Inner Membrane,"Transport, Inner Membrane",22.0,b0353,41551.0,25982.26303,12,[41551.0],[25982.26303],['Inner Membrane'],[12]
3299,HISt2rpp_b,L-histidine reversible transport via proton symport (periplasm),Inner Membrane,"Transport, Inner Membrane",22.0,b0112,49690.0,27400.17505,12,[49690.0],[27400.17505],['Inner Membrane'],[12]
3300,CBIAT_b,Cobinamide adenyltransferase,Cytoplasmic,Cofactor and Prosthetic Group Biosynthesis,0.11,b1270,21999.0,0,0,[21999.0],[0.0],['Cytoplasmic'],[0]
3301,COBALT2tex_b,Cobalt (Co+2) transport via diffusion (extracellular to periplasm),Cytoplasmic,"Transport, Outer Membrane Porin",100000000.0,b0241 or b0929 or b1377 or b2215,38922.0,0.0,0,"[38922.0, 39333.0, 41220.0, 40368.0]","[0.0, 21633.15, 0.0, 17383.90751]","['Cytoplasmic', 'Cytoplasmic', 'Cytoplasmic', 'Cytoplasmic']","[0, 17, 0, 16]"
3302,FALGTHLs_b,Formaldehyde glutathione ligase (spontaneous),Inner Membrane,Cofactor and Prosthetic Group Biosynthesis,nan,s0001,0,0,0,[0.0],[0.0],['Inner Membrane'],[0]
3303,DIMPtex_b,DIMP transport via diffusion (extracellular to periplasm),Cytoplasmic,"Transport, Outer Membrane Porin",100000000.0,b0241 or b0929 or b1377 or b2215,38922.0,0.0,0,"[38922.0, 39333.0, 41220.0, 40368.0]","[0.0, 21633.15, 0.0, 17383.90751]","['Cytoplasmic', 'Cytoplasmic', 'Cytoplasmic', 'Cytoplasmic']","[0, 17, 0, 16]"
3304,GALURt2rpp_b,"D-galacturonate transport via proton symport, reversible (periplasm)",Inner Membrane,"Transport, Inner Membrane",22.0,b3093,46892.0,27012.5985,11,[46892.0],[27012.5985],['Inner Membrane'],[11]
3305,GLCNt2rpp_b,"D-gluconate transport via proton symport, reversible (periplasm)",Inner Membrane,"Transport, Inner Membrane",22.0,b4321 or b4476 or b3415 or b4265,45967.0,28650.66438,13,"[47138.0, 46416.0, 45967.0, 46041.0]","[28788.97987, 28411.58744, 28650.66438, 28107.03417]","['Inner Membrane', 'Inner Membrane', 'Inner Membrane', 'Inner Membrane']","[13, 13, 13, 12]"
3306,GLCRt2rpp_b,"D-glucarate transport via proton symport, reversible (periplasm)",Inner Membrane,"Transport, Inner Membrane",22.0,b3127 or b2789,49009.0,27815.91892,12,"[49009.0, 49142.0]","[27815.91892, 27628.72444]","['Inner Membrane', 'Inner Membrane']","[12, 12]"
3307,GLCURt2rpp_b,"D-glucuronate transport via proton symport, reversible (periplasm)",Inner Membrane,"Transport, Inner Membrane",22.0,b3909 or b3093,33669.0,21622.29358,10,"[33669.0, 46892.0]","[21622.29358, 27012.5985]","['Inner Membrane', 'Inner Membrane']","[10, 11]"
3308,EX_h2o_e_b,H2O exchange,Exchange,Extracellular exchange,nan,,0,0,0,[0],[0],['Exchange'],[0]
3309,EX_ala__D_e_b,D-Alanine exchange,Exchange,Extracellular exchange,nan,,0,0,0,[0],[0],['Exchange'],[0]
3310,XTSNtex_b,Xanthosine transport via diffusion (extracellular to periplasm),Cytoplasmic,"Transport, Outer Membrane Porin",100000000.0,b0241 or b0929 or b1377 or b2215,38922.0,0.0,0,"[38922.0, 39333.0, 41220.0, 40368.0]","[0.0, 21633.15, 0.0, 17383.90751]","['Cytoplasmic', 'Cytoplasmic', 'Cytoplasmic', 'Cytoplasmic']","[0, 17, 0, 16]"
3311,EX_hdca_e_b,Hexadecanoate (n-C16:0) exchange,Exchange,Extracellular exchange,nan,,0,0,0,[0],[0],['Exchange'],[0]
3312,EX_glcr_e_b,D-Glucarate exchange,Exchange,Extracellular exchange,nan,,0,0,0,[0],[0],['Exchange'],[0]
3313,GLUDy_b,Glutamate dehydrogenase (NADP),Cytoplasmic,Glutamate Metabolism,190.0,b1761 or (b3213 and b3212),48581.0,0,0,"[48581.0, 215312.0]","[0.0, 0.0]","['Cytoplasmic', 'Cytoplasmic']","[0, 0]"
3314,UREAtpp_b,Urea transport via facilitate diffusion (periplasm),Inner Membrane,"Transport, Inner Membrane",100000000.0,b3927,29780.0,14837.01068,6,[29780.0],[14837.01068],['Inner Membrane'],[6]
3315,PPPNt2rpp_b,"3-phenylpropionate transport via proton symport, reversible (periplasm)",Inner Membrane,"Transport, Inner Membrane",22.0,b2536,41593.0,30728.33773,12,[41593.0],[30728.33773],['Inner Membrane'],[12]
3316,PTRCORNt7pp_b,Putrescine/ornithine antiporter (periplasm),Inner Membrane,"Transport, Inner Membrane",22.0,b0692,46495.0,26689.61276,12,[46495.0],[26689.61276],['Inner Membrane'],[12]
3317,HG2tex_b,Mercury (Hg+2) transport via diffusion (extracellular to periplasm),Cytoplasmic,"Transport, Outer Membrane Porin",100000000.0,b0241 or b0929 or b1377 or b2215,38922.0,0.0,0,"[38922.0, 39333.0, 41220.0, 40368.0]","[0.0, 21633.15, 0.0, 17383.90751]","['Cytoplasmic', 'Cytoplasmic', 'Cytoplasmic', 'Cytoplasmic']","[0, 17, 0, 16]"
3318,EX_mnl_e_b,D-Mannitol exchange,Exchange,Extracellular exchange,nan,,0,0,0,[0],[0],['Exchange'],[0]
3319,DADNtex_b,Deoxyadenosine transport via diffusion (extracellular to periplasm),Cytoplasmic,"Transport, Outer Membrane",100000000.0,b0411,33589.0,0,0,[33589.0],[0.0],['Cytoplasmic'],[0]
3320,DHAtex_b,Dihydroxyacetone transport via diffusion (extracellular to periplasm),Cytoplasmic,"Transport, Outer Membrane Porin",100000000.0,b0241 or b0929 or b1377 or b2215,38922.0,0.0,0,"[38922.0, 39333.0, 41220.0, 40368.0]","[0.0, 21633.15, 0.0, 17383.90751]","['Cytoplasmic', 'Cytoplasmic', 'Cytoplasmic', 'Cytoplasmic']","[0, 17, 0, 16]"
3321,ETOHtex_b,Ethanol transport via diffusion (extracellular to periplasm),Cytoplasmic,"Transport, Outer Membrane Porin",100000000.0,b0241 or b0929 or b1377 or b2215,38922.0,0.0,0,"[38922.0, 39333.0, 41220.0, 40368.0]","[0.0, 21633.15, 0.0, 17383.90751]","['Cytoplasmic', 'Cytoplasmic', 'Cytoplasmic', 'Cytoplasmic']","[0, 17, 0, 16]"
3322,EX_asn__L_e_b,L-Asparagine exchange,Exchange,Extracellular exchange,nan,,0,0,0,[0],[0],['Exchange'],[0]
3323,EX_mal__L_e_b,L-Malate exchange,Exchange,Extracellular exchange,nan,,0,0,0,[0],[0],['Exchange'],[0]
3324,EX_no2_e_b,Nitrite exchange,Exchange,Extracellular exchange,nan,,0,0,0,[0],[0],['Exchange'],[0]
3325,HACD3_b,3-hydroxyacyl-CoA dehydrogenase (3-oxooctanoyl-CoA),Cytoplasmic,Membrane Lipid Metabolism,0.004,b3846 or b2341,77072.0,0.0,0,"[79594.0, 77072.0]","[0.0, 0.0]","['Cytoplasmic', 'Cytoplasmic']","[0, 0]"
3326,ACACtex_b,Acetoacetate transport via diffusion (extracellular to periplasm),Cytoplasmic,"Transport, Outer Membrane Porin",100000000.0,b0241 or b0929 or b1377 or b2215,38922.0,0.0,0,"[38922.0, 39333.0, 41220.0, 40368.0]","[0.0, 21633.15, 0.0, 17383.90751]","['Cytoplasmic', 'Cytoplasmic', 'Cytoplasmic', 'Cytoplasmic']","[0, 17, 0, 16]"
3327,ACNAMtex_b,N-acetylneuraminate transport via diffusion (extracellular to periplasm),Cytoplasmic,"Transport, Outer Membrane",100000000.0,b4311 or b0929 or b2215,27888.0,17121.93488,12,"[27888.0, 39333.0, 40368.0]","[17121.93488, 21633.15, 17383.90751]","['Cytoplasmic', 'Cytoplasmic', 'Cytoplasmic']","[12, 17, 16]"
3328,H2Stex_b,H2s transport via diffusion (extracellular to periplasm),Cytoplasmic,"Transport, Outer Membrane Porin",100000000.0,b1377 or b2215 or b0241 or b0929,38922.0,0.0,0,"[41220.0, 40368.0, 38922.0, 39333.0]","[0.0, 17383.90751, 0.0, 21633.15]","['Cytoplasmic', 'Cytoplasmic', 'Cytoplasmic', 'Cytoplasmic']","[0, 16, 0, 17]"
3329,E4PD_b,Erythrose 4-phosphate dehydrogenase,Cytoplasmic,Cofactor and Prosthetic Group Biosynthesis,73.6,b2927 or b1779,35532.0,0.0,0,"[37299.0, 35532.0]","[0.0, 0.0]","['Cytoplasmic', 'Cytoplasmic']","[0, 0]"
3330,EX_nh4_e_b,Ammonia exchange,Exchange,Extracellular exchange,nan,,0,0,0,[0],[0],['Exchange'],[0]
3331,DADK_b,Deoxyadenylate kinase,Cytoplasmic,Nucleotide Salvage Pathway,783.0,b0474,23586.0,0,0,[23586.0],[0.0],['Cytoplasmic'],[0]
3332,EX_ddca_e_b,Dodecanoate (n-C12:0) exchange,Exchange,Extracellular exchange,nan,,0,0,0,[0],[0],['Exchange'],[0]
3333,EX_r5p_e_b,Alpha-D-Ribose 5-phosphate exchange,Exchange,Extracellular exchange,nan,,0,0,0,[0],[0],['Exchange'],[0]
3334,EX_glyc2p_e_b,Glycerol 2-phosphate exchange,Exchange,Extracellular exchange,nan,,0,0,0,[0],[0],['Exchange'],[0]
3335,EX_malt_e_b,Maltose exchange,Exchange,Extracellular exchange,nan,,0,0,0,[0],[0],['Exchange'],[0]
3336,4PEPTtex_b,LalaDgluMdapDala (pentapeptide) transport via diffusion (extracellular to periplasm),Cytoplasmic,"Transport, Outer Membrane Porin",100000000.0,b0241 or b0929 or b1377 or b2215,38922.0,0.0,0,"[38922.0, 39333.0, 41220.0, 40368.0]","[0.0, 21633.15, 0.0, 17383.90751]","['Cytoplasmic', 'Cytoplasmic', 'Cytoplasmic', 'Cytoplasmic']","[0, 17, 0, 16]"
3337,EX_pnto__R_e_b,(R)-Pantothenate exchange,Exchange,Extracellular exchange,nan,,0,0,0,[0],[0],['Exchange'],[0]
3338,CRNCAR_b,Carnitine-CoA racemase,Cytoplasmic,Oxidative Phosphorylation,368.4865,b0036,28190.0,0,0,[28190.0],[0.0],['Cytoplasmic'],[0]
3339,GLYCLTt2rpp_b,"Glycolate transport via proton symport, reversible (periplasm)",Inner Membrane,"Transport, Inner Membrane",22.0,b3603 or b2975,58920.0,28723.5,13,"[59168.0, 58920.0]","[29315.54265, 28723.5]","['Inner Membrane', 'Inner Membrane']","[13, 13]"
3340,HPPPNt2rpp_b,"3-(3-hydroxyphenyl)propionate transport via proton symport, reversible (periplasm)",Inner Membrane,"Transport, Inner Membrane",22.0,b0353,41551.0,25982.26303,12,[41551.0],[25982.26303],['Inner Membrane'],[12]
3341,DHFR_b,Dihydrofolate reductase,Cytoplasmic,Cofactor and Prosthetic Group Biosynthesis,22.6,b1606 or b0048,17999.0,0.0,0,"[26348.0, 17999.0]","[0.0, 0.0]","['Cytoplasmic', 'Cytoplasmic']","[0, 0]"
3342,EX_cit_e_b,Citrate exchange,Exchange,Extracellular exchange,nan,,0,0,0,[0],[0],['Exchange'],[0]
3343,TYRTA_b,Tyrosine transaminase,Cytoplasmic,"Tyrosine, Tryptophan, and Phenylalanine Metabolism",670.0,b4054 or b0928 or b3770,34094.0,0.0,0,"[43538.0, 43573.0, 34094.0]","[0.0, 0.0, 0.0]","['Cytoplasmic', 'Cytoplasmic', 'Cytoplasmic']","[0, 0, 0]"
3344,EX_gam_e_b,D-Glucosamine exchange,Exchange,Extracellular exchange,nan,,0,0,0,[0],[0],['Exchange'],[0]
3345,EX_inost_e_b,Myo-Inositol exchange,Exchange,Extracellular exchange,nan,,0,0,0,[0],[0],['Exchange'],[0]
3346,EX_mobd_e_b,Molybdate exchange,Exchange,Extracellular exchange,nan,,0,0,0,[0],[0],['Exchange'],[0]
3347,EX_so4_e_b,Sulfate exchange,Exchange,Extracellular exchange,nan,,0,0,0,[0],[0],['Exchange'],[0]
3348,EX_phe__L_e_b,L-Phenylalanine exchange,Exchange,Extracellular exchange,nan,,0,0,0,[0],[0],['Exchange'],[0]
3349,EX_thr__L_e_b,L-Threonine exchange,Exchange,Extracellular exchange,nan,,0,0,0,[0],[0],['Exchange'],[0]
3350,EX_uri_e_b,Uridine exchange,Exchange,Extracellular exchange,nan,,0,0,0,[0],[0],['Exchange'],[0]
3351,EX_halipa_e_b,Hepta-acylated KDO(2)-lipid (A) exchange,Exchange,Extracellular exchange,nan,,0,0,0,[0],[0],['Exchange'],[0]
3352,EX_cmp_e_b,CMP exchange,Exchange,Extracellular exchange,nan,,0,0,0,[0],[0],['Exchange'],[0]
3353,EX_malthx_e_b,Maltohexaose exchange,Exchange,Extracellular exchange,nan,,0,0,0,[0],[0],['Exchange'],[0]
3354,PUNP4_b,Purine-nucleoside phosphorylase (Deoxyguanosine),Cytoplasmic,Nucleotide Salvage Pathway,111.0,b2407 or b4384,25950.0,0.0,0,"[29835.0, 25950.0]","[0.0, 0.0]","['Cytoplasmic', 'Cytoplasmic']","[0, 0]"
3355,AMAOTr_b,Adenosylmethionine-8-amino-7-oxononanoate transaminase,Cytoplasmic,Cofactor and Prosthetic Group Biosynthesis,0.283,b0774,47336.0,0,0,[47336.0],[0.0],['Cytoplasmic'],[0]
3356,EX_csn_e_b,Cytosine exchange,Exchange,Extracellular exchange,nan,,0,0,0,[0],[0],['Exchange'],[0]
3357,EX_etoh_e_b,Ethanol exchange,Exchange,Extracellular exchange,nan,,0,0,0,[0],[0],['Exchange'],[0]
3358,EX_his__L_e_b,L-Histidine exchange,Exchange,Extracellular exchange,nan,,0,0,0,[0],[0],['Exchange'],[0]
3359,EX_k_e_b,K+ exchange,Exchange,Extracellular exchange,nan,,0,0,0,[0],[0],['Exchange'],[0]
3360,EX_na1_e_b,Sodium exchange,Exchange,Extracellular exchange,nan,,0,0,0,[0],[0],['Exchange'],[0]
3361,ARGORNt7pp_b,Arginine/ornithine antiporter (periplasm),Inner Membrane,"Transport, Inner Membrane",22.0,b1605,49501.0,29377.76739,13,[49501.0],[29377.76739],['Inner Membrane'],[13]
3362,EX_dmso_e_b,Dimethyl sulfoxide exchange,Exchange,Extracellular exchange,nan,,0,0,0,[0],[0],['Exchange'],[0]
3363,EX_12ppd__S_e_b,"(S)-Propane-1,2-diol exchange",Exchange,Extracellular exchange,nan,,0,0,0,[0],[0],['Exchange'],[0]
3364,EX_pppn_e_b,Phenylpropanoate exchange,Exchange,Extracellular exchange,nan,,0,0,0,[0],[0],['Exchange'],[0]
3365,EX_acgam1p_e_b,N-Acetyl-D-glucosamine 1-phosphate exchange,Exchange,Extracellular exchange,nan,,0,0,0,[0],[0],['Exchange'],[0]
3366,EX_galt_e_b,Galactitol exchange,Exchange,Extracellular exchange,nan,,0,0,0,[0],[0],['Exchange'],[0]
3367,CU2tex_b,Copper (Cu+2) transport via diffusion (extracellular to periplasm),Cytoplasmic,"Transport, Outer Membrane Porin",100000000.0,b1377 or b2215 or b0241 or b0929,38922.0,0.0,0,"[41220.0, 40368.0, 38922.0, 39333.0]","[0.0, 17383.90751, 0.0, 21633.15]","['Cytoplasmic', 'Cytoplasmic', 'Cytoplasmic', 'Cytoplasmic']","[0, 16, 0, 17]"
3368,GLCATr_b,D-glucose O-acetyltransferase,Cytoplasmic,Alternate Carbon Metabolism,109.4666667,b0459,20096.0,0,0,[20096.0],[0.0],['Cytoplasmic'],[0]
3369,ALAALAr_b,D-alanine-D-alanine ligase (reversible),Cytoplasmic,Cell Envelope Biosynthesis,14.7,b0381 or b0092,32840.0,0.0,0,"[39316.0, 32840.0]","[0.0, 0.0]","['Cytoplasmic', 'Cytoplasmic']","[0, 0]"
3370,CLtex_b,Chloride (Cl-1) transport via diffusion (extracellular to periplasm),Cytoplasmic,"Transport, Outer Membrane Porin",100000000.0,b0241 or b0929 or b1377 or b2215,38922.0,0.0,0,"[38922.0, 39333.0, 41220.0, 40368.0]","[0.0, 21633.15, 0.0, 17383.90751]","['Cytoplasmic', 'Cytoplasmic', 'Cytoplasmic', 'Cytoplasmic']","[0, 17, 0, 16]"
3371,ACACT1r_b,Acetyl-CoA C-acetyltransferase,Cytoplasmic,Membrane Lipid Metabolism,47.4,b2224 or b2342 or b3845,40352.0,0,0,"[40352.0, 46531.0, 40876.0]","[0.0, 0.0, 0.0]","['Cytoplasmic', 'Cytoplasmic', 'Cytoplasmic']","[0, 0, 0]"
3372,EX_glcur1p_e_b,D-Glucuronate 1-phosphate exchange,Exchange,Extracellular exchange,nan,,0,0,0,[0],[0],['Exchange'],[0]
3373,EX_thrp_e_b,L-Threonine O-3-phosphate exchange,Exchange,Extracellular exchange,nan,,0,0,0,[0],[0],['Exchange'],[0]
3374,EX_pydxn_e_b,Pyridoxine exchange,Exchange,Extracellular exchange,nan,,0,0,0,[0],[0],['Exchange'],[0]
3375,SUCOAS_b,Succinyl-CoA synthetase (ADP-forming),Cytoplasmic,Citric Acid Cycle,201.0,b0729 and b0728,71170.0,0,0,[71170.0],[0.0],['Cytoplasmic'],[0]
3376,GALKr_b,Galactokinase,Cytoplasmic,Alternate Carbon Metabolism,0.195,b0757,41442.0,0,0,[41442.0],[0.0],['Cytoplasmic'],[0]
3377,YUMPS_b,YUMP synthetase,Cytoplasmic,Purine and Pyrimidine Biosynthesis,0.00833,b2165,32910.0,0,0,[32910.0],[0.0],['Cytoplasmic'],[0]
3378,EX_cys__L_e_b,L-Cysteine exchange,Exchange,Extracellular exchange,nan,,0,0,0,[0],[0],['Exchange'],[0]
3379,EX_gsn_e_b,Guanosine exchange,Exchange,Extracellular exchange,nan,,0,0,0,[0],[0],['Exchange'],[0]
3380,EX_orot_e_b,Orotate exchange,Exchange,Extracellular exchange,nan,,0,0,0,[0],[0],['Exchange'],[0]
3381,ADSL1r_b,Adenylsuccinate lyase,Cytoplasmic,Purine and Pyrimidine Biosynthesis,2.9,b1131,51543.0,0,0,[51543.0],[0.0],['Cytoplasmic'],[0]
3382,AICART_b,Phosphoribosylaminoimidazolecarboxamide formyltransferase,Cytoplasmic,Purine and Pyrimidine Biosynthesis,5.0,b4006,57329.0,0,0,[57329.0],[0.0],['Cytoplasmic'],[0]
3383,PROtex_b,L-proline transport via diffusion (extracellular to periplasm),Cytoplasmic,"Transport, Outer Membrane Porin",100000000.0,b1377 or b2215 or b0241 or b0929,38922.0,0.0,0,"[41220.0, 40368.0, 38922.0, 39333.0]","[0.0, 17383.90751, 0.0, 21633.15]","['Cytoplasmic', 'Cytoplasmic', 'Cytoplasmic', 'Cytoplasmic']","[0, 16, 0, 17]"
3384,SBTtex_b,D-sorbitol transport via diffusion (extracellular to periplasm),Cytoplasmic,"Transport, Outer Membrane Porin",100000000.0,b0241 or b0929 or b1377 or b2215,38922.0,0.0,0,"[38922.0, 39333.0, 41220.0, 40368.0]","[0.0, 21633.15, 0.0, 17383.90751]","['Cytoplasmic', 'Cytoplasmic', 'Cytoplasmic', 'Cytoplasmic']","[0, 17, 0, 16]"
3385,PGM_b,Phosphoglycerate mutase,Cytoplasmic,Glycolysis/Gluconeogenesis,275.0,b0755 or b3612,28556.0,0,0,"[28556.0, 56194.0]","[0.0, 0.0]","['Cytoplasmic', 'Cytoplasmic']","[0, 0]"
3386,TPI_b,Triose-phosphate isomerase,Cytoplasmic,Glycolysis/Gluconeogenesis,9000.0,b3919,26972.0,0,0,[26972.0],[0.0],['Cytoplasmic'],[0]
3387,RPI_b,Ribose-5-phosphate isomerase,Cytoplasmic,Pentose Phosphate Pathway,8.0,b2914 or b4090,16073.0,0.0,0,"[22860.0, 16073.0]","[0.0, 0.0]","['Cytoplasmic', 'Cytoplasmic']","[0, 0]"
3388,PERD_b,Erythronate 4-phosphate (4per) dehydrogenase,Cytoplasmic,Cofactor and Prosthetic Group Biosynthesis,1.0,b2320,41368.0,0,0,[41368.0],[0.0],['Cytoplasmic'],[0]
3389,AKGtex_b,Alpha-ketoglutarate transport via diffusion (extracellular to periplasm),Cytoplasmic,"Transport, Outer Membrane Porin",100000000.0,b0241 or b0929 or b1377 or b2215,38922.0,0.0,0,"[38922.0, 39333.0, 41220.0, 40368.0]","[0.0, 21633.15, 0.0, 17383.90751]","['Cytoplasmic', 'Cytoplasmic', 'Cytoplasmic', 'Cytoplasmic']","[0, 17, 0, 16]"
3390,ALLTNtex_b,Allantoin transport via diffusion (extracellular to periplasm),Cytoplasmic,"Transport, Outer Membrane Porin",100000000.0,b0241 or b0929 or b1377 or b2215,38922.0,0.0,0,"[38922.0, 39333.0, 41220.0, 40368.0]","[0.0, 21633.15, 0.0, 17383.90751]","['Cytoplasmic', 'Cytoplasmic', 'Cytoplasmic', 'Cytoplasmic']","[0, 17, 0, 16]"
3391,ASNtex_b,L-asparagine transport via diffusion (extracellular to periplasm),Cytoplasmic,"Transport, Outer Membrane Porin",100000000.0,b0241 or b0929 or b1377 or b2215,38922.0,0.0,0,"[38922.0, 39333.0, 41220.0, 40368.0]","[0.0, 21633.15, 0.0, 17383.90751]","['Cytoplasmic', 'Cytoplasmic', 'Cytoplasmic', 'Cytoplasmic']","[0, 17, 0, 16]"
3392,EX_o2_e_b,O2 exchange,Exchange,Extracellular exchange,nan,,0,0,0,[0],[0],['Exchange'],[0]
3393,EX_gal_bD_e_b,Beta D-Galactose exchange,Exchange,Extracellular exchange,nan,,0,0,0,[0],[0],['Exchange'],[0]
3394,EX_dump_e_b,DUMP exchange,Exchange,Extracellular exchange,nan,,0,0,0,[0],[0],['Exchange'],[0]
3395,EX_o2s_e_b,Superoxide anion exchange,Exchange,Extracellular exchange,nan,,0,0,0,[0],[0],['Exchange'],[0]
3396,EX_gal1p_e_b,Alpha-D-Galactose 1-phosphate exchange,Exchange,Extracellular exchange,nan,,0,0,0,[0],[0],['Exchange'],[0]
3397,EX_dcmp_e_b,DCMP exchange,Exchange,Extracellular exchange,nan,,0,0,0,[0],[0],['Exchange'],[0]
3398,EX_23ccmp_e_b,"2',3'-Cyclic CMP exchange",Exchange,Extracellular exchange,nan,,0,0,0,[0],[0],['Exchange'],[0]
3399,EX_3cmp_e_b,3'-cmp exchange,Exchange,Extracellular exchange,nan,,0,0,0,[0],[0],['Exchange'],[0]
3400,ATHRDHr_b,L-allo-threonine dehydrogenase,Cytoplasmic,Threonine and Lysine Metabolism,3.78,b1539,27249.0,0,0,[27249.0],[0.0],['Cytoplasmic'],[0]
3401,LSERDHr_b,L-serine dehydrogenase,Cytoplasmic,Glycine and Serine Metabolism,3.78,b1539,27249.0,0,0,[27249.0],[0.0],['Cytoplasmic'],[0]
3402,DSERDHr_b,D-serine dehydrogenase,Cytoplasmic,Glycine and Serine Metabolism,3.78,b1539,27249.0,0,0,[27249.0],[0.0],['Cytoplasmic'],[0]
3403,EX_skm_e_b,Shikimate exchange,Exchange,Extracellular exchange,nan,,0,0,0,[0],[0],['Exchange'],[0]
3404,EX_ag_e_b,Silver exchange,Exchange,Extracellular exchange,nan,,0,0,0,[0],[0],['Exchange'],[0]
3405,EX_cys__D_e_b,D-Cysteine exchange,Exchange,Extracellular exchange,nan,,0,0,0,[0],[0],['Exchange'],[0]
3406,EX_acser_e_b,O-Acetyl-L-serine exchange,Exchange,Extracellular exchange,nan,,0,0,0,[0],[0],['Exchange'],[0]
3407,EX_cu_e_b,Cu+ exchange,Exchange,Extracellular exchange,nan,,0,0,0,[0],[0],['Exchange'],[0]
3408,EX_arbtn_e_b,Aerobactin minus Fe3 exchange,Exchange,Extracellular exchange,nan,,0,0,0,[0],[0],['Exchange'],[0]
3409,EX_dopa_e_b,Dopamine exchange,Exchange,Extracellular exchange,nan,,0,0,0,[0],[0],['Exchange'],[0]
3410,EX_hom__L_e_b,L-Homoserine exchange,Exchange,Extracellular exchange,nan,,0,0,0,[0],[0],['Exchange'],[0]
3411,EX_LalaDgluMdapDala_e_b,"L-alanine-D-glutamate-meso-2,6-diaminoheptanedioate-D-alanine exchange",Exchange,Extracellular exchange,nan,,0,0,0,[0],[0],['Exchange'],[0]
3412,EX_LalaDgluMdap_e_b,"L-alanine-D-glutamate-meso-2,6-diaminoheptanedioate exchange",Exchange,Extracellular exchange,nan,,0,0,0,[0],[0],['Exchange'],[0]
3413,EX_anhgm_e_b,N-Acetyl-D-glucosamine(anhydrous)N-Acetylmuramic acid exchange,Exchange,Extracellular exchange,nan,,0,0,0,[0],[0],['Exchange'],[0]
3414,EX_fald_e_b,Formaldehyde exchange,Exchange,Extracellular exchange,nan,,0,0,0,[0],[0],['Exchange'],[0]
3415,TYMtex_b,Tyramine transport via diffusion (extracellular to periplasm),Cytoplasmic,"Transport, Outer Membrane Porin",100000000.0,b0241 or b0929 or b1377 or b2215,38922.0,0.0,0,"[38922.0, 39333.0, 41220.0, 40368.0]","[0.0, 21633.15, 0.0, 17383.90751]","['Cytoplasmic', 'Cytoplasmic', 'Cytoplasmic', 'Cytoplasmic']","[0, 17, 0, 16]"
3416,EX_g3pe_e_b,Sn-Glycero-3-phosphoethanolamine exchange,Exchange,Extracellular exchange,nan,,0,0,0,[0],[0],['Exchange'],[0]
3417,EX_pacald_e_b,Phenylacetaldehyde exchange,Exchange,Extracellular exchange,nan,,0,0,0,[0],[0],['Exchange'],[0]
3418,CMPtex_b,CMP transport via diffusion (extracellular to periplasm),Cytoplasmic,"Transport, Outer Membrane Porin",100000000.0,b0241 or b0929 or b1377 or b2215,38922.0,0.0,0,"[38922.0, 39333.0, 41220.0, 40368.0]","[0.0, 21633.15, 0.0, 17383.90751]","['Cytoplasmic', 'Cytoplasmic', 'Cytoplasmic', 'Cytoplasmic']","[0, 17, 0, 16]"
3419,DUMPtex_b,DUMP transport via diffusion (extracellular to periplasm),Cytoplasmic,"Transport, Outer Membrane Porin",100000000.0,b0241 or b0929 or b1377 or b2215,38922.0,0.0,0,"[38922.0, 39333.0, 41220.0, 40368.0]","[0.0, 21633.15, 0.0, 17383.90751]","['Cytoplasmic', 'Cytoplasmic', 'Cytoplasmic', 'Cytoplasmic']","[0, 17, 0, 16]"
3420,XMPtex_b,XMP transport via diffusion (extracellular to periplasm),Cytoplasmic,"Transport, Outer Membrane Porin",100000000.0,b0241 or b0929 or b1377 or b2215,38922.0,0.0,0,"[38922.0, 39333.0, 41220.0, 40368.0]","[0.0, 21633.15, 0.0, 17383.90751]","['Cytoplasmic', 'Cytoplasmic', 'Cytoplasmic', 'Cytoplasmic']","[0, 17, 0, 16]"
3421,3PEPTtex_b,LalaDgluMdap (tripeptide) transport via diffusion (extracellular to periplasm),Cytoplasmic,"Transport, Outer Membrane Porin",100000000.0,b0241 or b0929 or b1377 or b2215,38922.0,0.0,0,"[38922.0, 39333.0, 41220.0, 40368.0]","[0.0, 21633.15, 0.0, 17383.90751]","['Cytoplasmic', 'Cytoplasmic', 'Cytoplasmic', 'Cytoplasmic']","[0, 17, 0, 16]"
3422,ANHGMtex_b,GlcNAc-anhMurNAc transport via diffusion (extracellular to periplasm),Cytoplasmic,"Transport, Outer Membrane Porin",100000000.0,b0241 or b0929 or b1377 or b2215,38922.0,0.0,0,"[38922.0, 39333.0, 41220.0, 40368.0]","[0.0, 21633.15, 0.0, 17383.90751]","['Cytoplasmic', 'Cytoplasmic', 'Cytoplasmic', 'Cytoplasmic']","[0, 17, 0, 16]"
3423,UDPKAAT_b,UDP-4''-ketopentose:UDP-4-amino-4-deoxy-L-arabinose aminotransferase,Cytoplasmic,Lipopolysaccharide Biosynthesis / Recycling,278.0,b2253,42238.0,0,0,[42238.0],[0.0],['Cytoplasmic'],[0]
3424,FALDtex_b,Formaldehyde transport via diffusion (extracellular to periplasm),Cytoplasmic,"Transport, Outer Membrane Porin",100000000.0,b0241 or b0929 or b1377 or b2215,38922.0,0.0,0,"[38922.0, 39333.0, 41220.0, 40368.0]","[0.0, 21633.15, 0.0, 17383.90751]","['Cytoplasmic', 'Cytoplasmic', 'Cytoplasmic', 'Cytoplasmic']","[0, 17, 0, 16]"
3425,MLTP1_b,Maltodextrin phosphorylase (maltopentaose),Cytoplasmic,Alternate Carbon Metabolism,0.001,b3417,90522.0,0,0,[90522.0],[0.0],['Cytoplasmic'],[0]
3426,CYSDtex_b,D-cysteine transport via diffusion (extracellular to periplasm),Cytoplasmic,"Transport, Outer Membrane Porin",100000000.0,b0241 or b0929 or b1377 or b2215,38922.0,0.0,0,"[38922.0, 39333.0, 41220.0, 40368.0]","[0.0, 21633.15, 0.0, 17383.90751]","['Cytoplasmic', 'Cytoplasmic', 'Cytoplasmic', 'Cytoplasmic']","[0, 17, 0, 16]"
3427,EX_acgal_e_b,N-Acetyl-D-galactosamine exchange,Exchange,Extracellular exchange,nan,,0,0,0,[0],[0],['Exchange'],[0]
3428,EX_so2_e_b,Sulfur dioxide exchange,Exchange,Extracellular exchange,nan,,0,0,0,[0],[0],['Exchange'],[0]
3429,EX_dms_e_b,Dimethyl sulfide exchange,Exchange,Extracellular exchange,nan,,0,0,0,[0],[0],['Exchange'],[0]
3430,G3PItex_b,Glycero-3-phospho-1-inositol transport via diffusion (extracellular to periplasm),Cytoplasmic,"Transport, Outer Membrane Porin",100000000.0,b0241 or b0929 or b1377 or b2215,38922.0,0.0,0,"[38922.0, 39333.0, 41220.0, 40368.0]","[0.0, 21633.15, 0.0, 17383.90751]","['Cytoplasmic', 'Cytoplasmic', 'Cytoplasmic', 'Cytoplasmic']","[0, 17, 0, 16]"
3431,G3PGtex_b,Glycerophoglycerol transport via diffusion (extracellular to periplasm),Cytoplasmic,"Transport, Outer Membrane Porin",100000000.0,b0241 or b0929 or b1377 or b2215,38922.0,0.0,0,"[38922.0, 39333.0, 41220.0, 40368.0]","[0.0, 21633.15, 0.0, 17383.90751]","['Cytoplasmic', 'Cytoplasmic', 'Cytoplasmic', 'Cytoplasmic']","[0, 17, 0, 16]"
3432,G3PEtex_b,Glycero-3-phosphoethanolamine transport via diffusion (extracellular to periplasm),Cytoplasmic,"Transport, Outer Membrane Porin",100000000.0,b0929 or b1377 or b2215 or b0241,38922.0,0.0,0,"[39333.0, 41220.0, 40368.0, 38922.0]","[21633.15, 0.0, 17383.90751, 0.0]","['Cytoplasmic', 'Cytoplasmic', 'Cytoplasmic', 'Cytoplasmic']","[17, 0, 16, 0]"
3433,G3PCtex_b,Glycero-3-phosphocholine transport via diffusion (extracellular to periplasm),Cytoplasmic,"Transport, Outer Membrane Porin",100000000.0,b0241 or b0929 or b1377 or b2215,38922.0,0.0,0,"[38922.0, 39333.0, 41220.0, 40368.0]","[0.0, 21633.15, 0.0, 17383.90751]","['Cytoplasmic', 'Cytoplasmic', 'Cytoplasmic', 'Cytoplasmic']","[0, 17, 0, 16]"
3434,EX_acgal1p_e_b,N-Acetyl-D-galactosamine 1-phosphate exchange,Exchange,Extracellular exchange,nan,,0,0,0,[0],[0],['Exchange'],[0]
3435,EX_cyan_e_b,Hydrogen cyanide exchange,Exchange,Extracellular exchange,nan,,0,0,0,[0],[0],['Exchange'],[0]
3436,EX_tyrp_e_b,Phosphotyrosine exchange,Exchange,Extracellular exchange,nan,,0,0,0,[0],[0],['Exchange'],[0]
3437,EX_uacgam_e_b,UDP-N-acetyl-D-glucosamine exchange,Exchange,Extracellular exchange,nan,,0,0,0,[0],[0],['Exchange'],[0]
3438,EX_udpacgal_e_b,UDP-N-acetyl-D-galactosamine exchange,Exchange,Extracellular exchange,nan,,0,0,0,[0],[0],['Exchange'],[0]
3439,EX_udpg_e_b,UDPglucose exchange,Exchange,Extracellular exchange,nan,,0,0,0,[0],[0],['Exchange'],[0]
3440,EX_udpgal_e_b,UDPgalactose exchange,Exchange,Extracellular exchange,nan,,0,0,0,[0],[0],['Exchange'],[0]
3441,EX_udpglcur_e_b,UDP-D-glucuronate exchange,Exchange,Extracellular exchange,nan,,0,0,0,[0],[0],['Exchange'],[0]
3442,EX_14glucan_e_b,"1,4-alpha-D-glucan exchange",Exchange,Extracellular exchange,nan,,0,0,0,[0],[0],['Exchange'],[0]
3443,EX_pser__L_e_b,O-Phospho-L-serine exchange,Exchange,Extracellular exchange,nan,,0,0,0,[0],[0],['Exchange'],[0]
3444,EX_aso3_e_b,Arsenite exchange,Exchange,Extracellular exchange,nan,,0,0,0,[0],[0],['Exchange'],[0]
3445,EX_tcynt_e_b,Thiocyanate exchange,Exchange,Extracellular exchange,nan,,0,0,0,[0],[0],['Exchange'],[0]
3446,EX_fe3dhbzs_e_b,"Ferric 2,3-dihydroxybenzoylserine exchange",Exchange,Extracellular exchange,nan,,0,0,0,[0],[0],['Exchange'],[0]
3447,EX_feoxam_un_e_b,Ferroxamine minus Fe(3) exchange,Exchange,Extracellular exchange,nan,,0,0,0,[0],[0],['Exchange'],[0]
3448,EX_g3pc_e_b,Sn-Glycero-3-phosphocholine exchange,Exchange,Extracellular exchange,nan,,0,0,0,[0],[0],['Exchange'],[0]
3449,EX_g3pg_e_b,Glycerophosphoglycerol exchange,Exchange,Extracellular exchange,nan,,0,0,0,[0],[0],['Exchange'],[0]
3450,EX_g3pi_e_b,Sn-Glycero-3-phospho-1-inositol exchange,Exchange,Extracellular exchange,nan,,0,0,0,[0],[0],['Exchange'],[0]
3451,EX_g3ps_e_b,Glycerophosphoserine exchange,Exchange,Extracellular exchange,nan,,0,0,0,[0],[0],['Exchange'],[0]
3452,EX_peamn_e_b,Phenethylamine exchange,Exchange,Extracellular exchange,nan,,0,0,0,[0],[0],['Exchange'],[0]
3453,EX_34dhpac_e_b,"3,4-Dihydroxyphenylacetaldehyde exchange",Exchange,Extracellular exchange,nan,,0,0,0,[0],[0],['Exchange'],[0]
3454,DAMPtex_b,DAMP transport via diffusion (extracellular to periplasm),Cytoplasmic,"Transport, Outer Membrane Porin",100000000.0,b0241 or b0929 or b1377 or b2215,38922.0,0.0,0,"[38922.0, 39333.0, 41220.0, 40368.0]","[0.0, 21633.15, 0.0, 17383.90751]","['Cytoplasmic', 'Cytoplasmic', 'Cytoplasmic', 'Cytoplasmic']","[0, 17, 0, 16]"
3455,DCMPtex_b,DCMP transport via diffusion (extracellular to periplasm),Cytoplasmic,"Transport, Outer Membrane Porin",100000000.0,b0241 or b0929 or b1377 or b2215,38922.0,0.0,0,"[38922.0, 39333.0, 41220.0, 40368.0]","[0.0, 21633.15, 0.0, 17383.90751]","['Cytoplasmic', 'Cytoplasmic', 'Cytoplasmic', 'Cytoplasmic']","[0, 17, 0, 16]"
3456,DGMPtex_b,DGMP transport via diffusion (extracellular to periplasm),Cytoplasmic,"Transport, Outer Membrane Porin",100000000.0,b0241 or b0929 or b1377 or b2215,38922.0,0.0,0,"[38922.0, 39333.0, 41220.0, 40368.0]","[0.0, 21633.15, 0.0, 17383.90751]","['Cytoplasmic', 'Cytoplasmic', 'Cytoplasmic', 'Cytoplasmic']","[0, 17, 0, 16]"
3457,DTMPtex_b,DTMP transport via diffusion (extracellular to periplasm),Cytoplasmic,"Transport, Outer Membrane Porin",100000000.0,b0241 or b0929 or b1377 or b2215,38922.0,0.0,0,"[38922.0, 39333.0, 41220.0, 40368.0]","[0.0, 21633.15, 0.0, 17383.90751]","['Cytoplasmic', 'Cytoplasmic', 'Cytoplasmic', 'Cytoplasmic']","[0, 17, 0, 16]"
3458,GMPtex_b,GMP transport via diffusion (extracellular to periplasm),Cytoplasmic,"Transport, Outer Membrane Porin",100000000.0,b2215 or b0241 or b0929 or b1377,38922.0,0.0,0,"[40368.0, 38922.0, 39333.0, 41220.0]","[17383.90751, 0.0, 21633.15, 0.0]","['Cytoplasmic', 'Cytoplasmic', 'Cytoplasmic', 'Cytoplasmic']","[16, 0, 17, 0]"
3459,IMPtex_b,IMP transport via diffusion (extracellular to periplasm),Cytoplasmic,"Transport, Outer Membrane Porin",100000000.0,b0241 or b0929 or b1377 or b2215,38922.0,0.0,0,"[38922.0, 39333.0, 41220.0, 40368.0]","[0.0, 21633.15, 0.0, 17383.90751]","['Cytoplasmic', 'Cytoplasmic', 'Cytoplasmic', 'Cytoplasmic']","[0, 17, 0, 16]"
3460,UMPtex_b,UMP transport via diffusion (extracellular to periplasm),Cytoplasmic,"Transport, Outer Membrane Porin",100000000.0,b0929 or b1377 or b2215 or b0241,38922.0,0.0,0,"[39333.0, 41220.0, 40368.0, 38922.0]","[21633.15, 0.0, 17383.90751, 0.0]","['Cytoplasmic', 'Cytoplasmic', 'Cytoplasmic', 'Cytoplasmic']","[17, 0, 16, 0]"
3461,G1Ptex_b,D-glucose 1-phosphate transport via diffusion,Cytoplasmic,"Transport, Outer Membrane Porin",100000000.0,b0241 or b0929 or b1377 or b2215,38922.0,0.0,0,"[38922.0, 39333.0, 41220.0, 40368.0]","[0.0, 21633.15, 0.0, 17383.90751]","['Cytoplasmic', 'Cytoplasmic', 'Cytoplasmic', 'Cytoplasmic']","[0, 17, 0, 16]"
3462,SKMtex_b,Shikimate transport via diffusion (extracellular to periplasm),Cytoplasmic,"Transport, Outer Membrane Porin",100000000.0,b0241 or b0929 or b1377 or b2215,38922.0,0.0,0,"[38922.0, 39333.0, 41220.0, 40368.0]","[0.0, 21633.15, 0.0, 17383.90751]","['Cytoplasmic', 'Cytoplasmic', 'Cytoplasmic', 'Cytoplasmic']","[0, 17, 0, 16]"
3463,MNtex_b,Manganese (Mn+2) transport via diffusion (extracellular to periplasm),Cytoplasmic,"Transport, Outer Membrane Porin",100000000.0,b0241 or b0929 or b1377 or b2215,38922.0,0.0,0,"[38922.0, 39333.0, 41220.0, 40368.0]","[0.0, 21633.15, 0.0, 17383.90751]","['Cytoplasmic', 'Cytoplasmic', 'Cytoplasmic', 'Cytoplasmic']","[0, 17, 0, 16]"
3464,GAL1Ptex_b,D-galactose 1-phosphate transport via diffusion (extracellular to periplasm),Cytoplasmic,"Transport, Outer Membrane Porin",100000000.0,b0241 or b0929 or b1377 or b2215,38922.0,0.0,0,"[38922.0, 39333.0, 41220.0, 40368.0]","[0.0, 21633.15, 0.0, 17383.90751]","['Cytoplasmic', 'Cytoplasmic', 'Cytoplasmic', 'Cytoplasmic']","[0, 17, 0, 16]"
3465,O2Stex_b,Superoxide anion transport via diffusion (extracellular to periplasm),Cytoplasmic,"Transport, Outer Membrane Porin",100000000.0,b1377 or b2215 or b0241 or b0929,38922.0,0.0,0,"[41220.0, 40368.0, 38922.0, 39333.0]","[0.0, 17383.90751, 0.0, 21633.15]","['Cytoplasmic', 'Cytoplasmic', 'Cytoplasmic', 'Cytoplasmic']","[0, 16, 0, 17]"
3466,EX_xmp_e_b,Xanthosine 5'-phosphate exchange,Exchange,Extracellular exchange,nan,,0,0,0,[0],[0],['Exchange'],[0]
3467,EX_damp_e_b,DAMP exchange,Exchange,Extracellular exchange,nan,,0,0,0,[0],[0],['Exchange'],[0]
3468,EX_dimp_e_b,DIMP exchange,Exchange,Extracellular exchange,nan,,0,0,0,[0],[0],['Exchange'],[0]
3469,EX_isetac_e_b,Isethionic acid exchange,Exchange,Extracellular exchange,nan,,0,0,0,[0],[0],['Exchange'],[0]
3470,HOMtex_b,L-homoserine transport via diffusion (extracellular to periplasm),Cytoplasmic,"Transport, Outer Membrane Porin",100000000.0,b0241 or b0929 or b1377 or b2215,38922.0,0.0,0,"[38922.0, 39333.0, 41220.0, 40368.0]","[0.0, 21633.15, 0.0, 17383.90751]","['Cytoplasmic', 'Cytoplasmic', 'Cytoplasmic', 'Cytoplasmic']","[0, 17, 0, 16]"
3471,SO2tex_b,SO2 transport via diffusion (extracellular to periplasm),Cytoplasmic,"Transport, Outer Membrane Porin",100000000.0,b0241 or b0929 or b1377 or b2215,38922.0,0.0,0,"[38922.0, 39333.0, 41220.0, 40368.0]","[0.0, 21633.15, 0.0, 17383.90751]","['Cytoplasmic', 'Cytoplasmic', 'Cytoplasmic', 'Cytoplasmic']","[0, 17, 0, 16]"
3472,SO2tpp_b,SO2 transport via diffusion (periplasm),Inner Membrane,Inorganic Ion Transport and Metabolism,nan,s0001,0,0,0,[0.0],[0.0],['Inner Membrane'],[0]
3473,ACSERtex_b,O-Acetyl-L-serine transport via diffusion (extracellular to periplasm),Cytoplasmic,"Transport, Outer Membrane Porin",100000000.0,b1377 or b2215 or b0241 or b0929,38922.0,0.0,0,"[41220.0, 40368.0, 38922.0, 39333.0]","[0.0, 17383.90751, 0.0, 21633.15]","['Cytoplasmic', 'Cytoplasmic', 'Cytoplasmic', 'Cytoplasmic']","[0, 16, 0, 17]"
3474,IPDDI_b,Isopentenyl-diphosphate D-isomerase,Cytoplasmic,Cofactor and Prosthetic Group Biosynthesis,4.80625,b2889,20508.0,0,0,[20508.0],[0.0],['Cytoplasmic'],[0]
3475,DURADx_b,Dihydrouracil dehydrogenase (NAD),Cytoplasmic,Nucleotide Salvage Pathway,0.64,b2147 and b2146,89398.0,0,0,[89398.0],[0.0],['Cytoplasmic'],[0]
3476,ECOAH7_b,3-hydroxyacyl-CoA dehydratase (3-hydroxyhexadecanoyl-CoA),Cytoplasmic,Membrane Lipid Metabolism,7.5465,b2341 or b3846,77072.0,0,0,"[77072.0, 79594.0]","[0.0, 0.0]","['Cytoplasmic', 'Cytoplasmic']","[0, 0]"
3477,LDH_D_b,D-lactate dehydrogenase,Cytoplasmic,Pyruvate Metabolism,525.0,b1380,36535.0,0,0,[36535.0],[0.0],['Cytoplasmic'],[0]
3478,ALAALAtex_b,D-alanyl-D-alanine (DalaDala) transport via diffusion (extracellular to periplasm),Cytoplasmic,"Transport, Outer Membrane Porin",100000000.0,b0241 or b0929 or b1377 or b2215,38922.0,0.0,0,"[38922.0, 39333.0, 41220.0, 40368.0]","[0.0, 21633.15, 0.0, 17383.90751]","['Cytoplasmic', 'Cytoplasmic', 'Cytoplasmic', 'Cytoplasmic']","[0, 17, 0, 16]"
3479,T2DECAI_b,Trans-2-decenoyl-ACP isomerase,Cytoplasmic,Cell Envelope Biosynthesis,15.0,b0954,18969.0,0,0,[18969.0],[0.0],['Cytoplasmic'],[0]
3480,MALtex_b,Malate transport via diffusion (extracellular to periplasm),Cytoplasmic,"Transport, Outer Membrane Porin",100000000.0,b0241 or b0929 or b1377 or b2215,38922.0,0.0,0,"[38922.0, 39333.0, 41220.0, 40368.0]","[0.0, 21633.15, 0.0, 17383.90751]","['Cytoplasmic', 'Cytoplasmic', 'Cytoplasmic', 'Cytoplasmic']","[0, 17, 0, 16]"
3481,NO3tex_b,Nitrate transport via diffusion (extracellular to periplasm),Cytoplasmic,"Transport, Outer Membrane Porin",100000000.0,b1377 or b0241 or b0929 or b2215,38922.0,0.0,0,"[41220.0, 38922.0, 39333.0, 40368.0]","[0.0, 0.0, 21633.15, 17383.90751]","['Cytoplasmic', 'Cytoplasmic', 'Cytoplasmic', 'Cytoplasmic']","[0, 0, 17, 16]"
3482,HEXt2rpp_b,"Hexanoate transport via proton symport, reversible (periplasm)",Inner Membrane,"Transport, Inner Membrane",22.0,b2223,47528.0,27220.58182,12,[47528.0],[27220.58182],['Inner Membrane'],[12]
3483,CLPNS180pp_b,"Cardiolipin synthase (periplasmic, n-C18:0)",Cytoplasmic,Glycerophospholipid Metabolism,0.025375,b1249 or b0789,47634.0,0.0,0,"[54822.0, 47634.0]","[4737.703704, 0.0]","['Inner Membrane', 'Cytoplasmic']","[2, 0]"
3484,CLPNS181pp_b,"Cardiolipin synthase (periplasmic, n-C18:1)",Cytoplasmic,Glycerophospholipid Metabolism,0.025375,b1249 or b0789,47634.0,0.0,0,"[54822.0, 47634.0]","[4737.703704, 0.0]","['Inner Membrane', 'Cytoplasmic']","[2, 0]"
3485,CLPNS120pp_b,"Cardiolipin synthase (periplasmic, n-C12:0)",Cytoplasmic,Glycerophospholipid Metabolism,0.025375,b0789 or b1249,47634.0,0.0,0,"[47634.0, 54822.0]","[0.0, 4737.703704]","['Cytoplasmic', 'Inner Membrane']","[0, 2]"
3486,CLPNS160pp_b,"Cardiolipin synthase (periplasmic, n-C16:0)",Cytoplasmic,Glycerophospholipid Metabolism,0.025375,b0789 or b1249,47634.0,0.0,0,"[47634.0, 54822.0]","[0.0, 4737.703704]","['Cytoplasmic', 'Inner Membrane']","[0, 2]"
3487,CLPNS161pp_b,"Cardiolipin synthase (periplasmic, n-C16:1)",Cytoplasmic,Glycerophospholipid Metabolism,0.025375,b1249 or b0789,47634.0,0.0,0,"[54822.0, 47634.0]","[4737.703704, 0.0]","['Inner Membrane', 'Cytoplasmic']","[2, 0]"
3488,HPYRI_b,Hydroxypyruvate isomerase,Cytoplasmic,Alternate Carbon Metabolism,1265.461667,b0508,29377.0,0,0,[29377.0],[0.0],['Cytoplasmic'],[0]
3489,EX_dgmp_e_b,DGMP exchange,Exchange,Extracellular exchange,nan,,0,0,0,[0],[0],['Exchange'],[0]
3490,EX_4hoxpacd_e_b,4-Hydroxyphenylacetaldehyde exchange,Exchange,Extracellular exchange,nan,,0,0,0,[0],[0],['Exchange'],[0]
3491,GSNtex_b,Guanosine transport via diffusion (extracellular to periplasm),Cytoplasmic,"Transport, Outer Membrane Porin",100000000.0,b0241 or b0929 or b1377 or b2215,38922.0,0.0,0,"[38922.0, 39333.0, 41220.0, 40368.0]","[0.0, 21633.15, 0.0, 17383.90751]","['Cytoplasmic', 'Cytoplasmic', 'Cytoplasmic', 'Cytoplasmic']","[0, 17, 0, 16]"
3492,FORtex_b,Formate transport via diffusion (extracellular to periplasm),Cytoplasmic,"Transport, Outer Membrane Porin",100000000.0,b0241 or b0929 or b1377 or b2215,38922.0,0.0,0,"[38922.0, 39333.0, 41220.0, 40368.0]","[0.0, 21633.15, 0.0, 17383.90751]","['Cytoplasmic', 'Cytoplasmic', 'Cytoplasmic', 'Cytoplasmic']","[0, 17, 0, 16]"
3493,D_LACt2pp_b,D-lactate transport via proton symport (periplasm),Inner Membrane,"Transport, Inner Membrane",22.0,b3603 or b2975,58920.0,28723.5,13,"[59168.0, 58920.0]","[29315.54265, 28723.5]","['Inner Membrane', 'Inner Membrane']","[13, 13]"
3494,RIBtex_b,Ribose transport via diffusion (extracellular to periplasm),Cytoplasmic,"Transport, Outer Membrane Porin",100000000.0,b0241 or b0929 or b1377 or b2215,38922.0,0.0,0,"[38922.0, 39333.0, 41220.0, 40368.0]","[0.0, 21633.15, 0.0, 17383.90751]","['Cytoplasmic', 'Cytoplasmic', 'Cytoplasmic', 'Cytoplasmic']","[0, 17, 0, 16]"
3495,THMtex_b,Thiamine transport via diffusion (extracellular to periplasm),Cytoplasmic,"Transport, Outer Membrane Porin",100000000.0,b0241 or b0929 or b1377 or b2215,38922.0,0.0,0,"[38922.0, 39333.0, 41220.0, 40368.0]","[0.0, 21633.15, 0.0, 17383.90751]","['Cytoplasmic', 'Cytoplasmic', 'Cytoplasmic', 'Cytoplasmic']","[0, 17, 0, 16]"
3496,XYLUtex_b,L-xylulose transport via diffusion (extracellular to periplasm),Cytoplasmic,"Transport, Outer Membrane Porin",100000000.0,b0241 or b0929 or b1377 or b2215,38922.0,0.0,0,"[38922.0, 39333.0, 41220.0, 40368.0]","[0.0, 21633.15, 0.0, 17383.90751]","['Cytoplasmic', 'Cytoplasmic', 'Cytoplasmic', 'Cytoplasmic']","[0, 17, 0, 16]"
3497,EX_manglyc_e_b,2(alpha-D-Mannosyl)-D-glycerate exchange,Exchange,Extracellular exchange,nan,,0,0,0,[0],[0],['Exchange'],[0]
3498,ALLtex_b,Allose transport via diffusion (extracellular to periplasm),Cytoplasmic,"Transport, Outer Membrane Porin",100000000.0,b0929 or b0241 or b1377 or b2215,38922.0,0.0,0,"[39333.0, 38922.0, 41220.0, 40368.0]","[21633.15, 0.0, 0.0, 17383.90751]","['Cytoplasmic', 'Cytoplasmic', 'Cytoplasmic', 'Cytoplasmic']","[17, 0, 0, 16]"
3499,EX_metsox_R__L_e_b,L-methionine-R-sulfoxide exchange,Exchange,Extracellular exchange,nan,,0,0,0,[0],[0],['Exchange'],[0]
3500,34dhpactex_b,Dihydroxyphenylacetaldehyde transport via diffusion (extracellular to periplasm),Cytoplasmic,"Transport, Outer Membrane Porin",100000000.0,b0241 or b0929 or b1377 or b2215,38922.0,0.0,0,"[38922.0, 39333.0, 41220.0, 40368.0]","[0.0, 21633.15, 0.0, 17383.90751]","['Cytoplasmic', 'Cytoplasmic', 'Cytoplasmic', 'Cytoplasmic']","[0, 17, 0, 16]"
3501,12PPDStpp_b,"(S)-Propane-1,2-diol facilitated transport (periplasm)",Cytoplasmic,"Transport, Inner Membrane",nan,,0,0,0,[0],[0],['Cytoplasmic'],[0]
3502,EX_cl_e_b,Chloride exchange,Exchange,Extracellular exchange,nan,,0,0,0,[0],[0],['Exchange'],[0]
3503,H2tpp_b,Hydrogen transport diffusion (periplasm),Inner Membrane,"Transport, Inner Membrane",nan,s0001,0,0,0,[0.0],[0.0],['Inner Membrane'],[0]
3504,23DAPPAtex_b,"2,3-diaminopropionate transport via diffusion",Cytoplasmic,"Transport, Outer Membrane Porin",100000000.0,b0241 or b0929 or b1377 or b2215,38922.0,0.0,0,"[38922.0, 39333.0, 41220.0, 40368.0]","[0.0, 21633.15, 0.0, 17383.90751]","['Cytoplasmic', 'Cytoplasmic', 'Cytoplasmic', 'Cytoplasmic']","[0, 17, 0, 16]"
3505,EX_3hpppn_e_b,3-(3-hydroxy-phenyl)propionate exchange,Exchange,Extracellular exchange,nan,,0,0,0,[0],[0],['Exchange'],[0]
3506,EX_man6p_e_b,D-Mannose 6-phosphate exchange,Exchange,Extracellular exchange,nan,,0,0,0,[0],[0],['Exchange'],[0]
3507,EX_tsul_e_b,Thiosulfate exchange,Exchange,Extracellular exchange,nan,,0,0,0,[0],[0],['Exchange'],[0]
3508,PHEt2rpp_b,L-phenylalanine reversible transport via proton symport (periplasm),Inner Membrane,"Transport, Inner Membrane",22.0,b0576 or b0112,49690.0,27400.17505,12,"[50677.0, 49690.0]","[27883.41485, 27400.17505]","['Inner Membrane', 'Inner Membrane']","[12, 12]"
3509,EX_n2o_e_b,Nitrous oxide exchange,Exchange,Extracellular exchange,nan,,0,0,0,[0],[0],['Exchange'],[0]
3510,GUI2_b,Glucuronate isomerase (D-galacturonate),Cytoplasmic,Alternate Carbon Metabolism,196.0,b3092,53987.0,0,0,[53987.0],[0.0],['Cytoplasmic'],[0]
3511,EX_maltttr_e_b,Maltotetraose exchange,Exchange,Extracellular exchange,nan,,0,0,0,[0],[0],['Exchange'],[0]
3512,EX_lipoate_e_b,Lipoate exchange,Exchange,Extracellular exchange,nan,,0,0,0,[0],[0],['Exchange'],[0]
3513,EX_pydx_e_b,Pyridoxal exchange,Exchange,Extracellular exchange,nan,,0,0,0,[0],[0],['Exchange'],[0]
3514,EX_g1p_e_b,D-Glucose 1-phosphate exchange,Exchange,Extracellular exchange,nan,,0,0,0,[0],[0],['Exchange'],[0]
3515,GLCtex_copy2_b,Glucose transport via diffusion (extracellular to periplasm),Cytoplasmic,"Transport, Outer Membrane Porin",100000000.0,b0241 or b0929 or b1377 or b2215,38922.0,0.0,0,"[38922.0, 39333.0, 41220.0, 40368.0]","[0.0, 21633.15, 0.0, 17383.90751]","['Cytoplasmic', 'Cytoplasmic', 'Cytoplasmic', 'Cytoplasmic']","[0, 17, 0, 16]"
3516,EX_alaala_e_b,D-Alanyl-D-alanine exchange,Exchange,Extracellular exchange,nan,,0,0,0,[0],[0],['Exchange'],[0]
3517,EX_dtmp_e_b,DTMP exchange,Exchange,Extracellular exchange,nan,,0,0,0,[0],[0],['Exchange'],[0]
3518,12PPDRtpp_b,"(R)-Propane-1,2-diol facilitated transport (periplasm)",Cytoplasmic,"Transport, Inner Membrane",nan,,0,0,0,[0],[0],['Cytoplasmic'],[0]
3519,3OAR120_b,3-oxoacyl-[acyl-carrier-protein] reductase (n-C12:0),Cytoplasmic,Cell Envelope Biosynthesis,0.59,b1093,25560.0,0,0,[25560.0],[0.0],['Cytoplasmic'],[0]
3520,PPALtex_b,Propanal transport via diffusion (extracellular to periplasm),Cytoplasmic,"Transport, Outer Membrane Porin",100000000.0,b0241 or b0929 or b1377 or b2215,38922.0,0.0,0,"[38922.0, 39333.0, 41220.0, 40368.0]","[0.0, 21633.15, 0.0, 17383.90751]","['Cytoplasmic', 'Cytoplasmic', 'Cytoplasmic', 'Cytoplasmic']","[0, 17, 0, 16]"
3521,CA2tex_b,Calcium (Ca+2) transport via diffusion (extracellular to periplasm),Cytoplasmic,"Transport, Outer Membrane Porin",100000000.0,b0241 or b0929 or b1377 or b2215,38922.0,0.0,0,"[38922.0, 39333.0, 41220.0, 40368.0]","[0.0, 21633.15, 0.0, 17383.90751]","['Cytoplasmic', 'Cytoplasmic', 'Cytoplasmic', 'Cytoplasmic']","[0, 17, 0, 16]"
3522,CUtex_b,Copper (Cu+1) transport via diffusion (extracellular to periplasm),Cytoplasmic,"Transport, Outer Membrane Porin",100000000.0,b0241 or b0929 or b1377 or b2215,38922.0,0.0,0,"[38922.0, 39333.0, 41220.0, 40368.0]","[0.0, 21633.15, 0.0, 17383.90751]","['Cytoplasmic', 'Cytoplasmic', 'Cytoplasmic', 'Cytoplasmic']","[0, 17, 0, 16]"
3523,12PPDRtex_b,"(R)-Propane-1,2-diol transport via diffusion (extracellular to periplasm)",Cytoplasmic,"Transport, Outer Membrane Porin",100000000.0,b0241 or b0929 or b1377 or b2215,38922.0,0.0,0,"[38922.0, 39333.0, 41220.0, 40368.0]","[0.0, 21633.15, 0.0, 17383.90751]","['Cytoplasmic', 'Cytoplasmic', 'Cytoplasmic', 'Cytoplasmic']","[0, 17, 0, 16]"
3524,F6Ptex_b,Fructose 6-phosphate transport via diffusion (extracellular to periplasm),Cytoplasmic,"Transport, Outer Membrane Porin",100000000.0,b0241 or b0929 or b1377 or b2215,38922.0,0.0,0,"[38922.0, 39333.0, 41220.0, 40368.0]","[0.0, 21633.15, 0.0, 17383.90751]","['Cytoplasmic', 'Cytoplasmic', 'Cytoplasmic', 'Cytoplasmic']","[0, 17, 0, 16]"
3525,GAMAN6Ptex_b,D-glucosamine 6-phosphate transport via diffusion (extracellular to periplasm),Cytoplasmic,"Transport, Outer Membrane Porin",100000000.0,b0241 or b0929 or b1377 or b2215,38922.0,0.0,0,"[38922.0, 39333.0, 41220.0, 40368.0]","[0.0, 21633.15, 0.0, 17383.90751]","['Cytoplasmic', 'Cytoplasmic', 'Cytoplasmic', 'Cytoplasmic']","[0, 17, 0, 16]"
3526,ACONIs_b,Aconitate isomerase (spontaneous),Inner Membrane,Unassigned,nan,s0001,0,0,0,[0.0],[0.0],['Inner Membrane'],[0]
3527,ACONTb_b,"Aconitase (half-reaction B, Isocitrate hydro-lyase)",Cytoplasmic,Citric Acid Cycle,1.1,b0118 or b1276,93498.0,0,0,"[93498.0, 97677.0]","[0.0, 0.0]","['Cytoplasmic', 'Cytoplasmic']","[0, 0]"
3528,PPALtpp_b,Propanal transport via channel (periplasm),Cytoplasmic,"Transport, Inner Membrane",nan,,0,0,0,[0],[0],['Cytoplasmic'],[0]
3529,PROGLYtex_b,L-Prolinylglycine transport via diffusion (extracellular to periplasm),Cytoplasmic,"Transport, Outer Membrane Porin",100000000.0,b0241 or b0929 or b1377 or b2215,38922.0,0.0,0,"[38922.0, 39333.0, 41220.0, 40368.0]","[0.0, 21633.15, 0.0, 17383.90751]","['Cytoplasmic', 'Cytoplasmic', 'Cytoplasmic', 'Cytoplasmic']","[0, 17, 0, 16]"
3530,EX_progly_e_b,L-Prolinylglycine exchange,Exchange,Extracellular exchange,nan,,0,0,0,[0],[0],['Exchange'],[0]
3531,MICITDr_b,2-methylisocitrate dehydratase,Cytoplasmic,Alternate Carbon Metabolism,368.4865,b0118,93498.0,0,0,[93498.0],[0.0],['Cytoplasmic'],[0]
3532,ACONTa_b,"Aconitase (half-reaction A, Citrate hydro-lyase)",Cytoplasmic,Citric Acid Cycle,5.2,b0118 or b1276,93498.0,0,0,"[93498.0, 97677.0]","[0.0, 0.0]","['Cytoplasmic', 'Cytoplasmic']","[0, 0]"
3533,EX_12ppd__R_e_b,"(R)-Propane-1,2-diol exchange",Exchange,Extracellular exchange,nan,,0,0,0,[0],[0],['Exchange'],[0]
3534,3OAR140_b,3-oxoacyl-[acyl-carrier-protein] reductase (n-C14:0),Cytoplasmic,Cell Envelope Biosynthesis,0.59,b1093,25560.0,0,0,[25560.0],[0.0],['Cytoplasmic'],[0]
3535,3OAR160_b,3-oxoacyl-[acyl-carrier-protein] reductase (n-C16:0),Cytoplasmic,Cell Envelope Biosynthesis,0.59,b1093,25560.0,0,0,[25560.0],[0.0],['Cytoplasmic'],[0]
3536,CLPNS140pp_b,"Cardiolipin synthase (periplasmic, n-C14:0)",Cytoplasmic,Glycerophospholipid Metabolism,0.025375,b1249 or b0789,47634.0,0.0,0,"[54822.0, 47634.0]","[4737.703704, 0.0]","['Inner Membrane', 'Cytoplasmic']","[2, 0]"
3537,CLPNS141pp_b,"Cardiolipin synthase (periplasmic, n-C14:1)",Cytoplasmic,Glycerophospholipid Metabolism,0.025375,b1249 or b0789,47634.0,0.0,0,"[54822.0, 47634.0]","[4737.703704, 0.0]","['Inner Membrane', 'Cytoplasmic']","[2, 0]"
3538,CGLYtex_b,L-Cysteinylglycine transport via diffusion (extracellular to periplasm),Cytoplasmic,"Transport, Outer Membrane Porin",100000000.0,b0241 or b0929 or b1377 or b2215,38922.0,0.0,0,"[38922.0, 39333.0, 41220.0, 40368.0]","[0.0, 21633.15, 0.0, 17383.90751]","['Cytoplasmic', 'Cytoplasmic', 'Cytoplasmic', 'Cytoplasmic']","[0, 17, 0, 16]"
3539,3OAR60_b,3-oxoacyl-[acyl-carrier-protein] reductase (n-C6:0),Cytoplasmic,Cell Envelope Biosynthesis,0.59,b1093,25560.0,0,0,[25560.0],[0.0],['Cytoplasmic'],[0]
3540,3OAR80_b,3-oxoacyl-[acyl-carrier-protein] reductase (n-C8:0),Cytoplasmic,Cell Envelope Biosynthesis,0.59,b1093,25560.0,0,0,[25560.0],[0.0],['Cytoplasmic'],[0]
3541,EX_urate_e_b,Urate exchange,Exchange,Extracellular exchange,nan,,0,0,0,[0],[0],['Exchange'],[0]
3542,GTHOXtex_b,Glutathione (ox) transport via diffusion (extracellular to periplasm),Cytoplasmic,"Transport, Outer Membrane Porin",100000000.0,b0241 or b0929 or b1377 or b2215,38922.0,0.0,0,"[38922.0, 39333.0, 41220.0, 40368.0]","[0.0, 21633.15, 0.0, 17383.90751]","['Cytoplasmic', 'Cytoplasmic', 'Cytoplasmic', 'Cytoplasmic']","[0, 17, 0, 16]"
3543,3OAR40_b,3-oxoacyl-[acyl-carrier-protein] reductase (n-C4:0),Cytoplasmic,Cell Envelope Biosynthesis,0.59,b1093,25560.0,0,0,[25560.0],[0.0],['Cytoplasmic'],[0]
3544,3OAR100_b,3-oxoacyl-[acyl-carrier-protein] reductase (n-C10:0),Cytoplasmic,Cell Envelope Biosynthesis,0.59,b1093,25560.0,0,0,[25560.0],[0.0],['Cytoplasmic'],[0]
3545,EX_cpgn_un_e_b,Coprogen unloaded (no Fe(III)) exchange,Exchange,Extracellular exchange,nan,,0,0,0,[0],[0],['Exchange'],[0]
3546,3OAR180_b,3-oxoacyl-[acyl-carrier-protein] reductase (n-C18:0),Cytoplasmic,Cell Envelope Biosynthesis,0.59,b1093,25560.0,0,0,[25560.0],[0.0],['Cytoplasmic'],[0]
3547,GTHRDtex_b,Glutathione transport via diffusion (extracellular to periplasm),Cytoplasmic,"Transport, Outer Membrane Porin",100000000.0,b0241 or b0929 or b1377 or b2215,38922.0,0.0,0,"[38922.0, 39333.0, 41220.0, 40368.0]","[0.0, 21633.15, 0.0, 17383.90751]","['Cytoplasmic', 'Cytoplasmic', 'Cytoplasmic', 'Cytoplasmic']","[0, 17, 0, 16]"
3548,ACOAD7f_b,Acyl-CoA dehydrogenase (hexadecanoyl-CoA),Inner Membrane,Membrane Lipid Metabolism,2.33,b0221,89224.0,15130.90333,3,[89224.0],[15130.90333],['Inner Membrane'],[3]
3549,ACOAD8f_b,Acyl-CoA dehydrogenase (octadecanoyl-CoA),Inner Membrane,Membrane Lipid Metabolism,5.13,b0221,89224.0,15130.90333,3,[89224.0],[15130.90333],['Inner Membrane'],[3]
3550,ACOAD5f_b,Acyl-CoA dehydrogenase (dodecanoyl-CoA),Inner Membrane,Membrane Lipid Metabolism,9.17,b0221,89224.0,15130.90333,3,[89224.0],[15130.90333],['Inner Membrane'],[3]
3551,ACOAD3f_b,Acyl-CoA dehydrogenase (octanoyl-CoA),Inner Membrane,Membrane Lipid Metabolism,35.0,b0221,89224.0,15130.90333,3,[89224.0],[15130.90333],['Inner Membrane'],[3]
3552,ACOAD2f_b,Acyl-CoA dehydrogenase (hexanoyl-CoA),Inner Membrane,Membrane Lipid Metabolism,782.8622222,b0221,89224.0,15130.90333,3,[89224.0],[15130.90333],['Inner Membrane'],[3]
3553,ACOAD4f_b,Acyl-CoA dehydrogenase (decanoyl-CoA),Inner Membrane,Membrane Lipid Metabolism,782.8622222,b0221,89224.0,15130.90333,3,[89224.0],[15130.90333],['Inner Membrane'],[3]
3554,ACOAD6f_b,Acyl-CoA dehydrogenase (tetradecanoyl-CoA),Inner Membrane,Membrane Lipid Metabolism,6.0,b0221,89224.0,15130.90333,3,[89224.0],[15130.90333],['Inner Membrane'],[3]
3555,EX_tartr__D_e_b,D-tartrate exchange,Exchange,Extracellular exchange,nan,,0,0,0,[0],[0],['Exchange'],[0]
3556,EX_tungs_e_b,Tungstate exchange,Exchange,Extracellular exchange,nan,,0,0,0,[0],[0],['Exchange'],[0]
3557,EX_crn__D_e_b,D-carnitine exchange,Exchange,Extracellular exchange,nan,,0,0,0,[0],[0],['Exchange'],[0]
3558,FRULYSE_b,Fructoselysine 3-epimerase,Cytoplasmic,Alternate Carbon Metabolism,9201.8125,b4474,31169.0,0,0,[31169.0],[0.0],['Cytoplasmic'],[0]
3559,EX_psclys_e_b,Psicoselysine exchange,Exchange,Extracellular exchange,nan,,0,0,0,[0],[0],['Exchange'],[0]
3560,TUNGStex_b,Tungstate transport via diffusion (extracellular to periplasm),Cytoplasmic,"Transport, Outer Membrane Porin",100000000.0,b0929 or b2215 or b1377 or b0241,38922.0,0.0,0,"[39333.0, 40368.0, 41220.0, 38922.0]","[21633.15, 17383.90751, 0.0, 0.0]","['Cytoplasmic', 'Cytoplasmic', 'Cytoplasmic', 'Cytoplasmic']","[17, 16, 0, 0]"
3561,CAt6pp_b,Calcium / sodium antiporter (1:1),Inner Membrane,Inorganic Ion Transport and Metabolism,22.0,b3196,34741.0,22448.03077,10,[34741.0],[22448.03077],['Inner Membrane'],[10]
3562,5DGLCNt2rpp_b,"5-Dehydro-D-gluconate transport via proton symport, reversible (periplasm)",Inner Membrane,"Transport, Inner Membrane",22.0,b4265,46041.0,28107.03417,12,[46041.0],[28107.03417],['Inner Membrane'],[12]
3563,GALCTNLtex_b,L-galactonate transport via diffusion (extracellular to periplasm),Cytoplasmic,"Transport, Outer Membrane Porin",100000000.0,b2215 or b1377 or b0929 or b0241,38922.0,0.0,0,"[40368.0, 41220.0, 39333.0, 38922.0]","[17383.90751, 0.0, 21633.15, 0.0]","['Cytoplasmic', 'Cytoplasmic', 'Cytoplasmic', 'Cytoplasmic']","[16, 0, 17, 0]"
3564,EX_galctn__L_e_b,L-Galactonate exchange,Exchange,Extracellular exchange,nan,,0,0,0,[0],[0],['Exchange'],[0]
3565,MALDtex_b,D-Malate transport via diffusion (extracellular to periplasm),Cytoplasmic,"Transport, Outer Membrane Porin",100000000.0,b1377 or b2215 or b0241 or b0929,38922.0,0.0,0,"[41220.0, 40368.0, 38922.0, 39333.0]","[0.0, 17383.90751, 0.0, 21633.15]","['Cytoplasmic', 'Cytoplasmic', 'Cytoplasmic', 'Cytoplasmic']","[0, 16, 0, 17]"
3566,OROTtex_b,Orotate transport via diffusion (extracellular to periplasm),Cytoplasmic,"Transport, Outer Membrane Porin",100000000.0,b1377 or b0929 or b2215 or b0241,38922.0,0.0,0,"[41220.0, 39333.0, 40368.0, 38922.0]","[0.0, 21633.15, 17383.90751, 0.0]","['Cytoplasmic', 'Cytoplasmic', 'Cytoplasmic', 'Cytoplasmic']","[0, 17, 16, 0]"
3567,5DGLCNtex_b,5-Dehydro-D-gluconate transport via diffusion (extracellular to periplasm),Cytoplasmic,"Transport, Outer Membrane Porin",100000000.0,b1377 or b0241 or b0929 or b2215,38922.0,0.0,0,"[41220.0, 38922.0, 39333.0, 40368.0]","[0.0, 0.0, 21633.15, 17383.90751]","['Cytoplasmic', 'Cytoplasmic', 'Cytoplasmic', 'Cytoplasmic']","[0, 0, 17, 16]"
3568,EX_5dglcn_e_b,5-Dehydro-D-gluconate exchange,Exchange,Extracellular exchange,nan,,0,0,0,[0],[0],['Exchange'],[0]
3569,PPAtex_b,Propionate transport via diffusion,Cytoplasmic,"Transport, Outer Membrane Porin",100000000.0,b0241 or b1377 or b0929 or b2215,38922.0,0.0,0,"[38922.0, 41220.0, 39333.0, 40368.0]","[0.0, 0.0, 21633.15, 17383.90751]","['Cytoplasmic', 'Cytoplasmic', 'Cytoplasmic', 'Cytoplasmic']","[0, 0, 17, 16]"
3570,PSCLYStex_b,Psicoselysine transporter via diffusion (extracellular),Cytoplasmic,"Transport, Outer Membrane Porin",100000000.0,b0929 or b2215 or b1377 or b0241,38922.0,0.0,0,"[39333.0, 40368.0, 41220.0, 38922.0]","[21633.15, 17383.90751, 0.0, 0.0]","['Cytoplasmic', 'Cytoplasmic', 'Cytoplasmic', 'Cytoplasmic']","[17, 16, 0, 0]"
3571,THYMtex_b,Thymine transport via diffusion (extracellular to periplasm),Cytoplasmic,"Transport, Outer Membrane Porin",100000000.0,b0241 or b1377 or b2215 or b0929,38922.0,0.0,0,"[38922.0, 41220.0, 40368.0, 39333.0]","[0.0, 0.0, 17383.90751, 21633.15]","['Cytoplasmic', 'Cytoplasmic', 'Cytoplasmic', 'Cytoplasmic']","[0, 0, 16, 17]"
3572,MG2t3_2pp_b,Magnesium (Mg+2) transport in/out via proton antiport (periplasm),Cytoplasmic,Inorganic Ion Transport and Metabolism,nan,,0,0,0,[0],[0],['Cytoplasmic'],[0]
3573,EX_ppal_e_b,Propanal exchange,Exchange,Extracellular exchange,nan,,0,0,0,[0],[0],['Exchange'],[0]
3574,POR5_b,Pyruvate synthase,Cytoplasmic,Pyruvate Metabolism,362.7222222,(b1378 and b0684) or (b1378 and b2895),148524.0,0.0,0,"[148561.0, 148524.0]","[0.0, 0.0]","['Cytoplasmic', 'Cytoplasmic']","[0, 0]"
3575,HACD8_b,"3-hydroxyacyl-CoA dehydrogenase (3-oxooctadecanoyl-CoA), peroxisomal",Cytoplasmic,Membrane Lipid Metabolism,0.004,b3846 or b2341,77072.0,0.0,0,"[79594.0, 77072.0]","[0.0, 0.0]","['Cytoplasmic', 'Cytoplasmic']","[0, 0]"
3576,CTECOAI8_b,3-cis-2-trans-enoyl-CoA isomerase,Cytoplasmic,Membrane Lipid Metabolism,63.0,b3846,79594.0,0,0,[79594.0],[0.0],['Cytoplasmic'],[0]
3577,CTECOAI6_b,3-cis-2-trans-enoyl-CoA isomerase,Cytoplasmic,Membrane Lipid Metabolism,63.0,b3846,79594.0,0,0,[79594.0],[0.0],['Cytoplasmic'],[0]
3578,EX_slnt_e_b,Selenite exchange,Exchange,Extracellular exchange,nan,,0,0,0,[0],[0],['Exchange'],[0]
3579,RFAMPtex_b,Rifampin transport via diffusion (extracellular to periplasm),Inner Membrane,"Transport, Outer Membrane",nan,s0001,0,0,0,[0.0],[0.0],['Inner Membrane'],[0]
3580,MINCYCtex_b,Minocycline transport via diffusion (extracellular to periplasm),Cytoplasmic,"Transport, Outer Membrane Porin",100000000.0,b1377 or b0241 or b0929 or b2215,38922.0,0.0,0,"[41220.0, 38922.0, 39333.0, 40368.0]","[0.0, 0.0, 21633.15, 17383.90751]","['Cytoplasmic', 'Cytoplasmic', 'Cytoplasmic', 'Cytoplasmic']","[0, 0, 17, 16]"
3581,DOXRBCNtex_b,Doxorubicin transport via diffusion (extracellular to periplasm),Cytoplasmic,"Transport, Outer Membrane Porin",100000000.0,b0929 or b2215 or b1377 or b0241,38922.0,0.0,0,"[39333.0, 40368.0, 41220.0, 38922.0]","[21633.15, 17383.90751, 0.0, 0.0]","['Cytoplasmic', 'Cytoplasmic', 'Cytoplasmic', 'Cytoplasmic']","[17, 16, 0, 0]"
3582,ETOHtrpp_b,Ethanol reversible transport via diffusion (periplasm),Inner Membrane,"Transport, Inner Membrane",nan,s0001,0,0,0,[0.0],[0.0],['Inner Membrane'],[0]
3583,REPHACCOAI_b,"Ring 1,2-epoxyphenylacetyl-CoA isomerase (oxepin-CoA forming)",Cytoplasmic,Alternate Carbon Metabolism,63.0,b1394,28405.0,0,0,[28405.0],[0.0],['Cytoplasmic'],[0]
3584,DHNPTE_b,Dihydroneopterin epimerase,Cytoplasmic,Cofactor and Prosthetic Group Biosynthesis,0.089,b3058,13620.0,0,0,[13620.0],[0.0],['Cytoplasmic'],[0]
3585,CMtex_b,Chloramphenicol transport via diffusion (extracellular to periplasm),Cytoplasmic,"Transport, Outer Membrane Porin",100000000.0,b2215 or b0929 or b1377 or b0241,38922.0,0.0,0,"[40368.0, 39333.0, 41220.0, 38922.0]","[17383.90751, 21633.15, 0.0, 0.0]","['Cytoplasmic', 'Cytoplasmic', 'Cytoplasmic', 'Cytoplasmic']","[16, 17, 0, 0]"
3586,LALALGLUtex_b,L-alanyl-L-glutamate transport via diffusion (extracellular to periplasm),Cytoplasmic,"Transport, Outer Membrane Porin",100000000.0,b1377 or b0241 or b0929 or b2215,38922.0,0.0,0,"[41220.0, 38922.0, 39333.0, 40368.0]","[0.0, 0.0, 21633.15, 17383.90751]","['Cytoplasmic', 'Cytoplasmic', 'Cytoplasmic', 'Cytoplasmic']","[0, 0, 17, 16]"
3587,5MTRtex_b,5-Methylthio-D-ribose transport via proton diffusion (extracellular to periplasm),Cytoplasmic,"Transport, Outer Membrane Porin",100000000.0,b1377 or b0929 or b2215 or b0241,38922.0,0.0,0,"[41220.0, 39333.0, 40368.0, 38922.0]","[0.0, 21633.15, 17383.90751, 0.0]","['Cytoplasmic', 'Cytoplasmic', 'Cytoplasmic', 'Cytoplasmic']","[0, 17, 16, 0]"
3588,LALADGLUtex_b,L-alanyl-D-glutamate transport via diffusion (extracellular to periplasm),Cytoplasmic,"Transport, Outer Membrane Porin",100000000.0,b2215 or b1377 or b0241 or b0929,38922.0,0.0,0,"[40368.0, 41220.0, 38922.0, 39333.0]","[17383.90751, 0.0, 0.0, 21633.15]","['Cytoplasmic', 'Cytoplasmic', 'Cytoplasmic', 'Cytoplasmic']","[16, 0, 0, 17]"
3589,3HPPtex_b,3-hydroxypropionate transport via diffusion (extracellular to periplasm),Cytoplasmic,"Transport, Outer Membrane Porin",100000000.0,b1377 or b0929 or b2215 or b0241,38922.0,0.0,0,"[41220.0, 39333.0, 40368.0, 38922.0]","[0.0, 21633.15, 17383.90751, 0.0]","['Cytoplasmic', 'Cytoplasmic', 'Cytoplasmic', 'Cytoplasmic']","[0, 17, 16, 0]"
3590,EX_LalaDglu_e_b,L-alanine-D-glutamate exchange,Exchange,Extracellular exchange,nan,,0,0,0,[0],[0],['Exchange'],[0]
3591,EX_LalaLglu_e_b,L-alanine-L-glutamate exchange,Exchange,Extracellular exchange,nan,,0,0,0,[0],[0],['Exchange'],[0]
3592,EX_ttrcyc_e_b,Tetracycline exchange,Exchange,Extracellular exchange,nan,,0,0,0,[0],[0],['Exchange'],[0]
3593,EX_mincyc_e_b,Minocycline exchange,Exchange,Extracellular exchange,nan,,0,0,0,[0],[0],['Exchange'],[0]
3594,EX_doxrbcn_e_b,Doxorubicin exchange,Exchange,Extracellular exchange,nan,,0,0,0,[0],[0],['Exchange'],[0]
3595,EX_fusa_e_b,Fusidic acid exchange,Exchange,Extracellular exchange,nan,,0,0,0,[0],[0],['Exchange'],[0]
3596,EX_cm_e_b,Chloramphenicol exchange,Exchange,Extracellular exchange,nan,,0,0,0,[0],[0],['Exchange'],[0]
3597,EX_novbcn_e_b,Novobiocin exchange,Exchange,Extracellular exchange,nan,,0,0,0,[0],[0],['Exchange'],[0]
3598,FUSAtex_b,Fusidic acid transport via diffusion (extracellular to periplasm),Cytoplasmic,"Transport, Outer Membrane Porin",100000000.0,b2215 or b0929 or b1377 or b0241,38922.0,0.0,0,"[40368.0, 39333.0, 41220.0, 38922.0]","[17383.90751, 21633.15, 0.0, 0.0]","['Cytoplasmic', 'Cytoplasmic', 'Cytoplasmic', 'Cytoplasmic']","[16, 17, 0, 0]"
3599,NOVBCNtex_b,Novobiocin transport via diffusion (extracellular to periplasm),Inner Membrane,"Transport, Outer Membrane",nan,s0001,0,0,0,[0.0],[0.0],['Inner Membrane'],[0]
3600,EX_rfamp_e_b,Rifampin exchange,Exchange,Extracellular exchange,nan,,0,0,0,[0],[0],['Exchange'],[0]
3601,QUIN2tex_b,Quinate transport via diffusion (extracellular to periplasm),Cytoplasmic,"Transport, Outer Membrane Porin",100000000.0,b2215 or b1377 or b0241 or b0929,38922.0,0.0,0,"[40368.0, 41220.0, 38922.0, 39333.0]","[17383.90751, 0.0, 0.0, 21633.15]","['Cytoplasmic', 'Cytoplasmic', 'Cytoplasmic', 'Cytoplasmic']","[16, 0, 0, 17]"
3602,EX_quin_e_b,Quinate exchange,Exchange,Extracellular exchange,nan,,0,0,0,[0],[0],['Exchange'],[0]
3603,FORCT_b,Formyl-CoA Transferase,Cytoplasmic,Alternate Carbon Metabolism,4.5,b2374,45828.0,0,0,[45828.0],[0.0],['Cytoplasmic'],[0]
3604,EX_3hpp_e_b,3-Hydroxypropanoate exchange,Exchange,Extracellular exchange,nan,,0,0,0,[0],[0],['Exchange'],[0]
3605,HADPCOADH3_b,3-hydroxyadipyl-CoA dehydrogenase (NAD+),Cytoplasmic,Alternate Carbon Metabolism,213.4339433,b1395,51733.0,0,0,[51733.0],[0.0],['Cytoplasmic'],[0]
3606,ACACT8r_b,"Acetyl-CoA acyltransferase (hexadecanoyl-CoA), (r)",Cytoplasmic,Membrane Lipid Metabolism,1.4,b2342 or b3845,40876.0,0.0,0,"[46531.0, 40876.0]","[0.0, 0.0]","['Cytoplasmic', 'Cytoplasmic']","[0, 0]"
3607,CTECOAI7_b,3-cis-2-trans-enoyl-CoA isomerase,Cytoplasmic,Membrane Lipid Metabolism,63.0,b3846,79594.0,0,0,[79594.0],[0.0],['Cytoplasmic'],[0]
3608,MEOHtrpp_b,Methanol reversible transport via diffusion (periplasm),Inner Membrane,"Transport, Inner Membrane",nan,s0001,0,0,0,[0.0],[0.0],['Inner Membrane'],[0]
3609,SELtex_b,Selenate transport via diffusion (extracellular to periplasm),Cytoplasmic,"Transport, Outer Membrane Porin",100000000.0,b1377 or b0929 or b2215 or b0241,38922.0,0.0,0,"[41220.0, 39333.0, 40368.0, 38922.0]","[0.0, 21633.15, 17383.90751, 0.0]","['Cytoplasmic', 'Cytoplasmic', 'Cytoplasmic', 'Cytoplasmic']","[0, 17, 16, 0]"
3610,MEOHtex_b,Methanol transport via diffusion (extracellular to periplasm),Cytoplasmic,"Transport, Outer Membrane Porin",100000000.0,b0929 or b1377 or b2215 or b0241,38922.0,0.0,0,"[39333.0, 41220.0, 40368.0, 38922.0]","[21633.15, 0.0, 17383.90751, 0.0]","['Cytoplasmic', 'Cytoplasmic', 'Cytoplasmic', 'Cytoplasmic']","[17, 0, 16, 0]"
3611,EX_5mtr_e_b,5-Methylthio-D-ribose exchange,Exchange,Extracellular exchange,nan,,0,0,0,[0],[0],['Exchange'],[0]
3612,TTRCYCtex_b,Tetracycline transport via diffusion (extracellular to periplasm),Cytoplasmic,"Transport, Outer Membrane Porin",100000000.0,b0929 or b0241 or b1377 or b2215,38922.0,0.0,0,"[39333.0, 38922.0, 41220.0, 40368.0]","[21633.15, 0.0, 0.0, 17383.90751]","['Cytoplasmic', 'Cytoplasmic', 'Cytoplasmic', 'Cytoplasmic']","[17, 0, 0, 16]"
3613,DHACOAH_b,"2,3-dehydroadipyl-CoA hydratase",Cytoplasmic,Alternate Carbon Metabolism,15.0,b1393,27237.0,0,0,[27237.0],[0.0],['Cytoplasmic'],[0]
3614,SLNTtex_b,Selenite transport via diffusion (extracellular to periplasm),Cytoplasmic,"Transport, Outer Membrane Porin",100000000.0,b1377 or b0929 or b2215 or b0241,38922.0,0.0,0,"[41220.0, 39333.0, 40368.0, 38922.0]","[0.0, 21633.15, 17383.90751, 0.0]","['Cytoplasmic', 'Cytoplasmic', 'Cytoplasmic', 'Cytoplasmic']","[0, 17, 16, 0]"
3615,ALDD19xr_b,"Aldehyde dehydrogenase (phenylacetaldehyde, NAD)",Cytoplasmic,Alternate Carbon Metabolism,26.7,b1385,53699.0,0,0,[53699.0],[0.0],['Cytoplasmic'],[0]
3616,VPAMTr_b,Valine-pyruvate aminotransferase,Cytoplasmic,"Valine, Leucine, and Isoleucine Metabolism",19.0,b3572,46711.0,0,0,[46711.0],[0.0],['Cytoplasmic'],[0]
3617,CH4tex_b,Methane Transport(extracellular via diffusion),Cytoplasmic,"Transport, Outer Membrane",nan,,0,0,0,[0],[0],['Cytoplasmic'],[0]
3618,TARTRDtex_b,D-tartrate transport via diffusion (extracellular to periplasm),Cytoplasmic,"Transport, Outer Membrane Porin",100000000.0,b1377 or b2215 or b0241 or b0929,38922.0,0.0,0,"[41220.0, 40368.0, 38922.0, 39333.0]","[0.0, 17383.90751, 0.0, 21633.15]","['Cytoplasmic', 'Cytoplasmic', 'Cytoplasmic', 'Cytoplasmic']","[0, 16, 0, 17]"
3619,BTNtex_b,Biotin transport via diffusion (extracellular to periplasm),Cytoplasmic,"Transport, Outer Membrane Porin",100000000.0,b2215 or b1377 or b0241 or b0929,38922.0,0.0,0,"[40368.0, 41220.0, 38922.0, 39333.0]","[17383.90751, 0.0, 0.0, 21633.15]","['Cytoplasmic', 'Cytoplasmic', 'Cytoplasmic', 'Cytoplasmic']","[16, 0, 0, 17]"
3620,EX_arbt_e_b,Arbutin exchange,Exchange,Extracellular exchange,nan,,0,0,0,[0],[0],['Exchange'],[0]
3621,DMSOtpp_b,Dimethyl sulfoxide transport via diffusion (periplasm),Inner Membrane,"Transport, Inner Membrane",nan,s0001,0,0,0,[0.0],[0.0],['Inner Membrane'],[0]
3622,PYDXtex_b,Pyridoxal transport via diffusion (extracellular),Cytoplasmic,"Transport, Outer Membrane Porin",100000000.0,b2215 or b0929 or b1377 or b0241,38922.0,0.0,0,"[40368.0, 39333.0, 41220.0, 38922.0]","[17383.90751, 21633.15, 0.0, 0.0]","['Cytoplasmic', 'Cytoplasmic', 'Cytoplasmic', 'Cytoplasmic']","[16, 17, 0, 0]"
3623,SUCASPtpp_b,Succinate:aspartate antiporter (periplasm),Inner Membrane,"Transport, Inner Membrane",22.0,b4138 or b4123 or b0621,45751.0,18701.90993,10,"[45751.0, 47935.0, 48412.0]","[18701.90993, 17733.80045, 26463.82646]","['Inner Membrane', 'Inner Membrane', 'Inner Membrane']","[10, 9, 12]"
3624,SUCMALtpp_b,Succinate:malate antiporter (periplasm),Inner Membrane,"Transport, Inner Membrane",22.0,b4138 or b4123 or b0621,45751.0,18701.90993,10,"[45751.0, 47935.0, 48412.0]","[18701.90993, 17733.80045, 26463.82646]","['Inner Membrane', 'Inner Membrane', 'Inner Membrane']","[10, 9, 12]"
3625,PYDXNtex_b,Pyridoxine transport via diffusion (extracellular),Cytoplasmic,"Transport, Outer Membrane Porin",100000000.0,b2215 or b0929 or b1377 or b0241,38922.0,0.0,0,"[40368.0, 39333.0, 41220.0, 38922.0]","[17383.90751, 21633.15, 0.0, 0.0]","['Cytoplasmic', 'Cytoplasmic', 'Cytoplasmic', 'Cytoplasmic']","[16, 17, 0, 0]"
3626,PYDAMtex_b,Pyridoxamine transport via diffusion (extracellular),Cytoplasmic,"Transport, Outer Membrane Porin",100000000.0,b2215 or b0929 or b1377 or b0241,38922.0,0.0,0,"[40368.0, 39333.0, 41220.0, 38922.0]","[17383.90751, 21633.15, 0.0, 0.0]","['Cytoplasmic', 'Cytoplasmic', 'Cytoplasmic', 'Cytoplasmic']","[16, 17, 0, 0]"
3627,13PPDH2_b,"1,3-propanediol dehydrogenase",Cytoplasmic,Alternate Carbon Metabolism,113.1567,b3011,42097.0,0,0,[42097.0],[0.0],['Cytoplasmic'],[0]
3628,SUCTARTtpp_b,Succinate:D-tartrate antiporter (periplasm),Inner Membrane,"Transport, Inner Membrane",22.0,b4123,47935.0,17733.80045,9,[47935.0],[17733.80045],['Inner Membrane'],[9]
3629,CHTBStex_b,Chitobiose transport via diffusion (extracellular to periplasm),Cytoplasmic,"Transport, Outer Membrane Porin",100000000.0,b2215 or b0929 or b1377 or b0241 or b0681,38922.0,0.0,0,"[40368.0, 39333.0, 41220.0, 38922.0, 52780.0]","[17383.90751, 21633.15, 0.0, 0.0, 0.0]","['Cytoplasmic', 'Cytoplasmic', 'Cytoplasmic', 'Cytoplasmic', 'Cytoplasmic']","[16, 17, 0, 0, 0]"
3630,GHBDHx_b,Gamma-hydroxybutyrate dehydrogenase (NADH),Cytoplasmic,Arginine and Proline Metabolism,76.08846667,b3882,31158.0,0,0,[31158.0],[0.0],['Cytoplasmic'],[0]
3631,APPLDHr_b,Aminopropanol dehydrogenase reversible,Cytoplasmic,Threonine and Lysine Metabolism,3.3,b3945,38712.0,0,0,[38712.0],[0.0],['Cytoplasmic'],[0]
3632,DHNPA2r_b,Dihydroneopterin aldolase reversible,Cytoplasmic,Cofactor and Prosthetic Group Biosynthesis,0.089,b3058,13620.0,0,0,[13620.0],[0.0],['Cytoplasmic'],[0]
3633,QUIN2tpp_b,Quinate transport (periplasm),Cytoplasmic,"Transport, Inner Membrane",nan,,0,0,0,[0],[0],['Cytoplasmic'],[0]
3634,CRNDtex_b,D-carnitine transport via diffusion (extracellular to periplasm),Cytoplasmic,"Transport, Outer Membrane Porin",100000000.0,b1377 or b2215 or b0241 or b0929,38922.0,0.0,0,"[41220.0, 40368.0, 38922.0, 39333.0]","[0.0, 17383.90751, 0.0, 21633.15]","['Cytoplasmic', 'Cytoplasmic', 'Cytoplasmic', 'Cytoplasmic']","[0, 16, 0, 17]"
3635,NADHXE_b,NADHX epimerase,Cytoplasmic,Metabolite Repair,0.33,b4167,54650.0,0,0,[54650.0],[0.0],['Cytoplasmic'],[0]
3636,NADPHXE_b,NADPHX epimerase,Cytoplasmic,Metabolite Repair,0.33,b4167,54650.0,0,0,[54650.0],[0.0],['Cytoplasmic'],[0]
3637,DXYLONtpp_b,D-xylonate reversible tranposrt (periplasm),Cytoplasmic,"Transport, Inner Membrane",nan,,0,0,0,[0],[0],['Cytoplasmic'],[0]
3638,DXYLTD_b,D-xylonate dehydratase,Cytoplasmic,Alternate Carbon Metabolism,10.0,b0269 or b4297,69399.0,0,0,"[69399.0, 70017.0]","[0.0, 0.0]","['Cytoplasmic', 'Cytoplasmic']","[0, 0]"
3639,2DDARAA_b,2-dehydro-3-deoxy-D-arabinonate Aldolase,Cytoplasmic,Alternate Carbon Metabolism,0.0121,b4298 or b0268,32530.0,0.0,0,"[32722.0, 32530.0]","[0.0, 0.0]","['Cytoplasmic', 'Cytoplasmic']","[0, 0]"
3640,DXYLONtex_b,D-xylonate transport via diffusion (extracellular),Cytoplasmic,"Transport, Outer Membrane Porin",100000000.0,b1377 or b0929 or b2215,39333.0,21633.15,17,"[41220.0, 39333.0, 40368.0]","[0.0, 21633.15, 17383.90751]","['Cytoplasmic', 'Cytoplasmic', 'Cytoplasmic']","[0, 17, 16]"
3641,PSURItex_b,Pseudouridine transport via diffusion (extracellular to periplasm),Cytoplasmic,"Transport, Outer Membrane Porin",100000000.0,b0929 or b1377 or b2215 or b0241,38922.0,0.0,0,"[39333.0, 41220.0, 40368.0, 38922.0]","[21633.15, 0.0, 17383.90751, 0.0]","['Cytoplasmic', 'Cytoplasmic', 'Cytoplasmic', 'Cytoplasmic']","[17, 0, 16, 0]"
3642,DHPStex_b,"2,3-dihydroxypropane 1-sulfonate transport via diffusion",Cytoplasmic,"Transport, Outer Membrane",100000000.0,b3875,27200.0,0,0,[27200.0],[0.0],['Cytoplasmic'],[0]
3643,FMNtex_b,"FMN transport, outer membrane",Cytoplasmic,"Transport, Outer Membrane",22.0,b0929 or b0241 or b2215 or b1377,38922.0,0.0,0,"[39333.0, 38922.0, 40368.0, 41220.0]","[21633.15, 0.0, 17383.90751, 0.0]","['Cytoplasmic', 'Cytoplasmic', 'Cytoplasmic', 'Cytoplasmic']","[17, 0, 16, 0]"
3644,EX_dxylnt_e_b,D-Xylonate exchange,Exchange,Extracellular exchange,nan,,0,0,0,[0],[0],['Exchange'],[0]
3645,CLBtex_b,Cellobiose transport transport via diffusion extracellular to periplasm,Cytoplasmic,"Transport, Outer Membrane",100000000.0,b0241 or b1377 or b0929 or b2215,38922.0,0.0,0,"[38922.0, 41220.0, 39333.0, 40368.0]","[0.0, 0.0, 21633.15, 17383.90751]","['Cytoplasmic', 'Cytoplasmic', 'Cytoplasmic', 'Cytoplasmic']","[0, 0, 17, 16]"
3646,ACOXT_b,Acetyl-CoA:oxalate CoA-transferase,Cytoplasmic,Membrane Lipid Metabolism,11.0,b2371,41671.0,0,0,[41671.0],[0.0],['Cytoplasmic'],[0]
3647,EX_mththf_e_b,"(2R,4S)-2-methyl-2,3,3,4-tetrahydroxytetrahydrofuran exchange",Exchange,Extracellular exchange,nan,,0,0,0,[0],[0],['Exchange'],[0]
3648,4ABZGLUH_b,P-aminobenzoyl-glutamate hydrolase,Cytoplasmic,Cofactor and Prosthetic Group Biosynthesis,1515.25,b1337 and b1338,98782.0,0,0,[98782.0],[0.0],['Cytoplasmic'],[0]
3649,4ABZGLUtr_b,P-aminobenzoyl glutamate:H+ symporter,Inner Membrane,"Transport, Inner Membrane",22.0,b1336,54886.0,29171.69291,13,[54886.0],[29171.69291],['Inner Membrane'],[13]
3650,PCNO_b,Propanoyl-CoA:NADP+ 2-oxidoreductase,Cytoplasmic,Alternate Carbon Metabolism,45.0,b3253,34724.0,0,0,[34724.0],[0.0],['Cytoplasmic'],[0]
3651,5DKGR_b,5-keto-D-gluconate 5-reductase,Cytoplasmic,Alternate Carbon Metabolism,0.024,b2842 or b4266,27070.0,0,0,"[27070.0, 27563.0]","[0.0, 0.0]","['Cytoplasmic', 'Cytoplasmic']","[0, 0]"
3652,GLYtpp_b,Glycine transport via facillitated diffusion,Inner Membrane,"Transport, Inner Membrane",100000000.0,b3927,29780.0,14837.01068,6,[29780.0],[14837.01068],['Inner Membrane'],[6]
3653,FADtex_b,"FAD transport, outer membrane",Cytoplasmic,"Transport, Outer Membrane",22.0,b0241 or b2215 or b1377 or b0929,38922.0,0.0,0,"[38922.0, 40368.0, 41220.0, 39333.0]","[0.0, 17383.90751, 0.0, 21633.15]","['Cytoplasmic', 'Cytoplasmic', 'Cytoplasmic', 'Cytoplasmic']","[0, 16, 0, 17]"
3654,LKDRA_b,2-keto-3-deoxy-L-rhamnonate aldolase,Cytoplasmic,Alternate Carbon Metabolism,0.3,b2245,28916.0,0,0,[28916.0],[0.0],['Cytoplasmic'],[0]
3655,METNA_b,L-amino acid N-acyltransferase,Cytoplasmic,Methionine Metabolism,109.4666667,b1448,19248.0,0,0,[19248.0],[0.0],['Cytoplasmic'],[0]
3656,2DGLCtex_b,2-Deoxy-D-glucose transport via diffusion (extracellular),Cytoplasmic,"Transport, Outer Membrane",100000000.0,b1377 or b0241 or b2215 or b0929,38922.0,0.0,0,"[41220.0, 38922.0, 40368.0, 39333.0]","[0.0, 0.0, 17383.90751, 21633.15]","['Cytoplasmic', 'Cytoplasmic', 'Cytoplasmic', 'Cytoplasmic']","[0, 0, 16, 17]"
3657,PUACGAMS_b,"Poly-?-1,6-N-acetyl-D-glucosamine synthase",Inner Membrane,Cell Envelope Biosynthesis,0.338783333,b1021 and b1022,66848.0,17017.391035,7,[66848.0],[17017.391035],['Inner Membrane'],[7]
3658,SQtex_b,Sulphoquinovose transport via diffusion,Cytoplasmic,"Transport, Outer Membrane",100000000.0,b3875,27200.0,0,0,[27200.0],[0.0],['Cytoplasmic'],[0]
3659,EX_dhps_e_b,"2,3-Dihydroxypropane-1-sulfonate exchange",Exchange,Extracellular exchange,nan,,0,0,0,[0],[0],['Exchange'],[0]
3660,URATEtex_b,Uric acid transport,Cytoplasmic,"Transport, Outer Membrane Porin",22.0,b2215 or b0241 or b0929 or b1377,38922.0,0.0,0,"[40368.0, 38922.0, 39333.0, 41220.0]","[17383.90751, 0.0, 21633.15, 0.0]","['Cytoplasmic', 'Cytoplasmic', 'Cytoplasmic', 'Cytoplasmic']","[16, 0, 17, 0]"
3661,EX_cs1_e_b,Cesium ion exchange,Exchange,Extracellular exchange,nan,,0,0,0,[0],[0],['Exchange'],[0]
3662,ARHGDx_b,(R)-alpha-hydroxyglutarate dehydrogenase,Cytoplasmic,Glycine and Serine Metabolism,16.82075,b2913,44176.0,0,0,[44176.0],[0.0],['Cytoplasmic'],[0]
3663,EX_mepn_e_b,Methylphosphonic acid exchange,Exchange,Extracellular exchange,nan,,0,0,0,[0],[0],['Exchange'],[0]
3664,INOSTO_b,Myo-Inositol:oxygen oxidoreductase,Cytoplasmic,Alternate Carbon Metabolism,3.7015,b3488,61164.0,0,0,[61164.0],[0.0],['Cytoplasmic'],[0]
3665,Ftex_b,Fluoride transport via diffusion,Cytoplasmic,"Transport, Outer Membrane Porin",100000000.0,b0241 or b0929 or b2215 or b1377,38922.0,0.0,0,"[38922.0, 39333.0, 40368.0, 41220.0]","[0.0, 21633.15, 17383.90751, 0.0]","['Cytoplasmic', 'Cytoplasmic', 'Cytoplasmic', 'Cytoplasmic']","[0, 17, 16, 0]"
3666,CYSItex_b,L cystine transport via diffusion extracellular to periplasm,Cytoplasmic,"Transport, Outer Membrane Porin",100000000.0,b0929 or b0241 or b1377 or b2215,38922.0,0.0,0,"[39333.0, 38922.0, 41220.0, 40368.0]","[21633.15, 0.0, 0.0, 17383.90751]","['Cytoplasmic', 'Cytoplasmic', 'Cytoplasmic', 'Cytoplasmic']","[17, 0, 0, 16]"
3667,EX_sq_e_b,Sulphoquinovose exchange,Exchange,Extracellular exchange,nan,,0,0,0,[0],[0],['Exchange'],[0]
3668,CS1tex_b,Cesium transport via diffusion,Cytoplasmic,"Transport, Outer Membrane",100000000.0,b0929 or b2215 or b0241 or b1377,38922.0,0.0,0,"[39333.0, 40368.0, 38922.0, 41220.0]","[21633.15, 17383.90751, 0.0, 0.0]","['Cytoplasmic', 'Cytoplasmic', 'Cytoplasmic', 'Cytoplasmic']","[17, 16, 0, 0]"
3669,MEPNtex_b,Methylphosphonic acid transport via diffusion (extracellular to periplasm),Cytoplasmic,"Transport, Outer Membrane",100000000.0,b0929 or b0241 or b2215 or b1377,38922.0,0.0,0,"[39333.0, 38922.0, 40368.0, 41220.0]","[21633.15, 0.0, 17383.90751, 0.0]","['Cytoplasmic', 'Cytoplasmic', 'Cytoplasmic', 'Cytoplasmic']","[17, 0, 16, 0]"
3670,UDPGPT_b,Undecaprenyl-phosphate glucose phosphotransferase,Inner Membrane,Cell Envelope Biosynthesis,1.0,b2047,52408.0,11859.56897,5,[52408.0],[11859.56897],['Inner Membrane'],[5]
3671,EX_4abzglu_e_b,4-aminobenzoyl-glutamate exchange,Exchange,Extracellular exchange,nan,,0,0,0,[0],[0],['Exchange'],[0]
3672,4ABZGLUtex_b,P-aminobenzoyl glutamate transport via diffusion (extracellular to periplasm),Cytoplasmic,"Transport, Outer Membrane",100000000.0,b0241 or b1377 or b2215 or b0929,38922.0,0.0,0,"[38922.0, 41220.0, 40368.0, 39333.0]","[0.0, 0.0, 17383.90751, 21633.15]","['Cytoplasmic', 'Cytoplasmic', 'Cytoplasmic', 'Cytoplasmic']","[0, 0, 16, 17]"
3673,EX_metglcur_e_b,1-O-methyl-Beta-D-glucuronate exchange,Exchange,Extracellular exchange,nan,,0,0,0,[0],[0],['Exchange'],[0]
3674,4HTHRA_b,4-hydroxy-L-threonine aldolase,Cytoplasmic,Glycine and Serine Metabolism,1.44,b0870,36495.0,0,0,[36495.0],[0.0],['Cytoplasmic'],[0]
3675,METGLCURtex_b,1-O-methyl-Beta-D-glucuronate via diffusion (extracellular),Cytoplasmic,"Transport, Outer Membrane",100000000.0,b1377 or b0241 or b2215 or b0929,38922.0,0.0,0,"[41220.0, 38922.0, 40368.0, 39333.0]","[0.0, 0.0, 17383.90751, 21633.15]","['Cytoplasmic', 'Cytoplasmic', 'Cytoplasmic', 'Cytoplasmic']","[0, 0, 16, 17]"
3676,AI2tex_b,"Ai2 transport, outer membrane",Cytoplasmic,"Transport, Outer Membrane",22.0,b2215 or b0929 or b0241 or b1377,38922.0,0.0,0,"[40368.0, 39333.0, 38922.0, 41220.0]","[17383.90751, 21633.15, 0.0, 0.0]","['Cytoplasmic', 'Cytoplasmic', 'Cytoplasmic', 'Cytoplasmic']","[16, 17, 0, 0]"
3677,RHMND_b,L-rhamnonate dehydratase,Cytoplasmic,Alternate Carbon Metabolism,0.02,b2247,44226.0,0,0,[44226.0],[0.0],['Cytoplasmic'],[0]
3678,EX_2dglc_e_b,2-Deoxy-D-glucose exchange,Exchange,Extracellular exchange,nan,,0,0,0,[0],[0],['Exchange'],[0]
3679,ASPtpp_b,L-aspartate uptake via facillitated diffusion,Inner Membrane,"Transport, Inner Membrane",100000000.0,b1206,59429.0,24558.31664,11,[59429.0],[24558.31664],['Inner Membrane'],[11]
3680,FUMt1pp_b,Fumarate transport via diffusion in (periplasm),Inner Membrane,"Transport, Inner Membrane",100000000.0,b1206,59429.0,24558.31664,11,[59429.0],[24558.31664],['Inner Membrane'],[11]
3681,SUCCt1pp_b,Succinate transport via diffusion in (periplasm),Inner Membrane,"Transport, Inner Membrane",100000000.0,b1206,59429.0,24558.31664,11,[59429.0],[24558.31664],['Inner Membrane'],[11]
