iteration,gamma,acetate_threshold,max_growth_rate
1,1.0,0.7431330543349166,0.99023596117499
2,1.0,0.7406791203064359,0.9886679920959939
3,1.0,0.7436436581921373,1.0002086583337693
4,1.0,0.7436184685464798,0.9911352718126104
5,1.0,0.7405433974829229,0.9861569558286392
6,1.0,0.7431681570155133,0.9767376202159614
7,1.0,0.7460538364972568,1.0152410219998376
8,1.0,0.7437804962125112,0.9847071304022803
9,1.0,0.7460633905503046,1.0016283659273102
10,1.0,0.7492383968628202,1.0174968753922027
11,1.0,0.7444085670011142,0.988144013273612
12,1.0,0.7412282278830062,0.9892162791827973
13,1.0,0.7430395136601469,0.9940517986666438
14,1.0,0.7410447857870448,0.9804611700696366
15,1.0,0.7433878341622219,0.9883387126522686
16,1.0,0.7435012870259545,1.0049643717467507
17,1.0,0.743249487556312,0.9971965746029705
18,1.0,0.7451978510960294,1.0012665173133786
19,1.0,0.7399951005794148,0.9795927546510508
20,1.0,0.7436615499032717,0.9950831969405368
21,1.0,0.7445961331855373,0.9835152417065147
22,1.0,0.7421794172336399,0.986919844302461
23,1.0,0.742444453033713,0.9849991498770165
24,1.0,0.7412744175689501,0.9744742789225264
25,1.0,0.7432673687139125,0.9851197532105909
26,1.0,0.7480826048508672,1.018818607538548
27,1.0,0.7444791619659747,1.0017454553915557
28,1.0,0.7455323178341362,1.0014549260076289
29,1.0,0.7427726085680988,0.9847186544040709
30,1.0,0.7460960020509574,1.0067580652210375
31,1.0,0.7483317929685592,1.0145649387733942
32,1.0,0.7437575014113244,0.991950667409494
33,1.0,0.7453394311855742,1.0084134097870674
34,1.0,0.7424435403589944,0.986666463193537
35,1.0,0.7471064958606036,1.0094071671408358
36,1.0,0.7451414586978355,0.9982591526866963
37,1.0,0.7463080178007516,1.0002286169651198
38,1.0,0.7477488662218414,0.9998113500273713
39,1.0,0.7457997127950339,0.9989503865277812
40,1.0,0.7469522118692145,1.0078234982670546
41,1.0,0.7433058908096686,0.988428256814887
42,1.0,0.7464338312204537,1.0081447614516421
43,1.0,0.7413845947177085,0.9933101036309132
44,1.0,0.745236249868415,1.007323570606729
45,1.0,0.7420697168908155,0.9958717701004584
46,1.0,0.7452253697836364,0.9952058979011521
47,1.0,0.7448438360993386,0.993355438182382
48,1.0,0.7403348749374347,0.9637651401921229
49,1.0,0.7469343415608468,1.0051759760385464
50,1.0,0.7447606965475695,1.0012705242196456
51,1.0,0.7443601523335103,0.9909894017261347
52,1.0,0.7448410863025569,0.9998591627495358
53,1.0,0.7446255167540854,1.0101906218072507
54,1.0,0.7427424177457105,0.9772968049387015
55,1.0,0.7463330857314062,1.0028700113430942
56,1.0,0.7439178200617449,0.995186418424813
57,1.0,0.743523405167586,0.9822925188048842
58,1.0,0.7461844589113146,1.0002850519642317
59,1.0,0.7451209594143193,1.0119382035551339
60,1.0,0.7453506788886336,1.0025360271448855
61,1.0,0.745136476951068,0.9905181687076503
62,1.0,0.7422867841352696,0.9953378410795328
63,1.0,0.7431323075503329,0.9862380670343187
64,1.0,0.746695508923165,1.0018708799097031
65,1.0,0.7440060987886437,0.9976153699179579
66,1.0,0.7437838213715087,0.9935949592641813
67,1.0,0.7435917422450483,0.9940356409253168
68,1.0,0.7439070988716748,0.9924085069672041
69,1.0,0.7466815994753547,1.0071920498226696
70,1.0,0.7442289714739274,0.9861813582985911
71,1.0,0.7401857928978807,0.9808623105180173
72,1.0,0.7440938480813136,0.9957417826664436
73,1.0,0.7438439534173433,0.9929423581807056
74,1.0,0.7438404995430538,1.0041735099589426
75,1.0,0.744795650207593,0.9850267807771255
76,1.0,0.7449435569637669,0.9946948706267241
77,1.0,0.7386055917170277,0.978523624686224
78,1.0,0.7430311694775923,0.9822724840277517
79,1.0,0.7426812557570143,0.9979748505688821
80,1.0,0.7457929361101483,0.9925095705978834
81,1.0,0.7442026714895529,0.9948604691029328
82,1.0,0.7438968610853911,0.9998428014259476
83,1.0,0.7452318232790157,0.9872786470986844
84,1.0,0.7469179566859594,1.016140558106383
85,1.0,0.742346350815336,0.9955817218717661
86,1.0,0.7449606570023022,1.0032706310530273
87,1.0,0.7444559810468147,0.9824622560681148
88,1.0,0.7442947949293025,1.0035142505324934
89,1.0,0.7467853676374664,0.9985809356542302
90,1.0,0.7459316578771776,0.9993338152274217
91,1.0,0.7406796654570712,0.9819738288774715
92,1.0,0.7449832097582655,0.9849645869278505
93,1.0,0.74642973527719,1.0099464126867954
94,1.0,0.744112808754872,0.9861652346484124
95,1.0,0.742436299245576,0.9884153807261613
96,1.0,0.741765669252331,0.9774886645903219
97,1.0,0.7455870374037462,1.0014005764075682
98,1.0,0.7471406277073823,1.0165632740443746
99,1.0,0.7475355697585182,1.008006742558894
100,1.0,0.7412413654874099,0.9819214047279367
101,1.0,0.7422302678248884,0.9803998266617537
102,1.0,0.7424276551616434,1.008073651124481
103,1.0,0.7471321637033985,1.010314287687286
104,1.0,0.7458955640675203,0.9995732889756639
105,1.0,0.7430712435505207,0.9769172610934207
106,1.0,0.744367563956697,0.9937719739346599
107,1.0,0.7422319338381131,0.9820633176975667
108,1.0,0.7446053349351949,0.9863399898137201
109,1.0,0.7469544169913723,1.0070297554875822
110,1.0,0.741371637998315,0.9845144656742292
111,1.0,0.7440399994596915,1.0099806538845792
112,1.0,0.7422508716934358,0.9890140957748558
113,1.0,0.7444836210382503,1.001740853001848
114,1.0,0.7442196136960845,0.9996305084964354
115,1.0,0.7414840529106148,0.9826328097803473
116,1.0,0.746114510292977,1.0058700992828598
117,1.0,0.7479348452795315,1.004912468752708
118,1.0,0.7433223929260654,0.9912578149877208
119,1.0,0.7455242540612531,1.0121089414729836
120,1.0,0.7423487468044296,0.9906690833913697
121,1.0,0.7443697961920827,0.9797559324597337
122,1.0,0.7399579009998591,0.9842038999225368
123,1.0,0.7438014706227981,0.9902700106498208
124,1.0,0.7463242829849133,0.9952544367286253
125,1.0,0.7407139439805165,0.9870565480584095
126,1.0,0.7423225087974824,0.9901902666847727
127,1.0,0.7446383787027817,0.9946232175328241
128,1.0,0.7435562551086722,0.9939632266255065
129,1.0,0.7439246660271647,0.9840147696643743
130,1.0,0.741559654068355,0.9890302094681587
131,1.0,0.7449569915504011,1.0178988930747541
132,1.0,0.7462721567967652,0.9916950097564496
133,1.0,0.7441213934115242,0.9846702442974767
134,1.0,0.744768249434314,0.9957831522504086
135,1.0,0.7407932952959323,0.9864730908698951
136,1.0,0.7457066394091189,1.0096928410715638
137,1.0,0.7440017428002038,0.9823327535168156
138,1.0,0.7454978687574402,0.9938563214145775
139,1.0,0.7446190921774134,0.9979800283302297
140,1.0,0.7461910726502854,1.0030905705572246
141,1.0,0.7428211373236313,0.9912096682227002
142,1.0,0.7456734923451896,1.0012729612071218
143,1.0,0.7433429585375109,0.9868047275544423
144,1.0,0.7451336398612166,1.0031985604473737
145,1.0,0.7427929640496382,0.9995901644484929
146,1.0,0.7416680718091155,0.9713745281043314
147,1.0,0.7431765730489244,0.9988465299502965
148,1.0,0.7448895028518626,0.9835086876571565
149,1.0,0.7436938122223662,0.9910710414924239
150,1.0,0.7457225251145401,1.005361535269474
151,1.0,0.74379504243631,0.988975614430316
152,1.0,0.7438869827705376,0.9766896649733366
153,1.0,0.7439027331087257,0.985287048330861
154,1.0,0.746251028801406,1.0081434372131808
155,1.0,0.7414938174808426,0.9827871903605754
156,1.0,0.7447101963073512,1.0014388579905362
157,1.0,0.7459519612082877,1.000517589972483
158,1.0,0.7436533245354733,0.9907924608953923
159,1.0,0.7470343903084932,1.014119282950281
160,1.0,0.7412368719742662,0.9756642615334725
161,1.0,0.7379876789809539,0.9723080475610993
162,1.0,0.7444723679568233,0.9993277972376573
163,1.0,0.7484670066525098,1.0188368011620659
164,1.0,0.7425528162455537,0.98997066867439
165,1.0,0.7457752123547453,1.0187881651047805
166,1.0,0.7462515031202173,1.0084502710605168
167,1.0,0.744280516229213,0.9791511250170509
168,1.0,0.7449754864850103,0.995521063772066
169,1.0,0.7447955452598134,1.0032118176511886
170,1.0,0.7460653407561438,1.0000661279788183
171,1.0,0.7436197663315367,0.9944621749809781
172,1.0,0.7452678692998759,0.9972146997397298
173,1.0,0.7427762696768112,0.9754491418672561
174,1.0,0.7428417344231374,0.9929632731481141
175,1.0,0.7440947920454125,0.9987333537384167
176,1.0,0.7446842895642898,0.9923621261108403
177,1.0,0.7453761772597749,1.003611672054227
178,1.0,0.7416609511013882,0.9941785949140415
179,1.0,0.7476564481640887,1.0107259049777326
180,1.0,0.7425216142360386,0.9869948416265154
181,1.0,0.7479954415420661,1.0179899003679544
182,1.0,0.7480942383557071,1.0200584691247572
183,1.0,0.74384092326446,0.9869604259331524
184,1.0,0.7457289552556335,1.0114257574411618
185,1.0,0.7485281207557944,1.0171647720566428
186,1.0,0.7440884730960033,0.9984229625995628
187,1.0,0.7431570780830592,0.9933028455121188
188,1.0,0.7413500946976808,0.9998186021450425
189,1.0,0.742763278551468,0.9959999789263794
190,1.0,0.7430423181422596,1.0023499766527393
191,1.0,0.7434278544131921,0.9963033964740323
192,1.0,0.7443737151637084,1.002037888021552
193,1.0,0.7462049736342052,0.9972340862541667
194,1.0,0.747896810861147,1.0091532724744001
195,1.0,0.7438428195423769,0.998530443799076
196,1.0,0.7432072302358547,0.9981172494966876
197,1.0,0.7440891642717796,0.9928381858087207
198,1.0,0.7465059731696412,1.003466255311598
199,1.0,0.7492888224728744,1.0127908768202651
200,1.0,0.7430113135402612,0.9778987808356048
201,1.0,0.7410844197863711,0.9779741625348177
202,1.0,0.7431270984349211,0.9977975346682747
203,1.0,0.7443793274166827,0.9877447519790247
204,1.0,0.7445824462450079,1.0009634030031926
205,1.0,0.7451717241626674,0.9961426028323223
206,1.0,0.7427635490791562,0.9888710949287851
207,1.0,0.7442502508288134,0.9827974185654196
208,1.0,0.743694727661933,0.9948240755431655
209,1.0,0.7435392592524167,0.9950476505221612
210,1.0,0.7419752211628191,0.9851952795505052
211,1.0,0.7449468853710726,1.0022852480983337
212,1.0,0.743612655321741,0.9907395038704109
213,1.0,0.7446469573148136,0.9885802283756308
214,1.0,0.7475264505956556,1.015043278289454
215,1.0,0.7451555911086948,0.9838144728582854
216,1.0,0.743122102750072,0.9942479570567229
217,1.0,0.7469336250544498,1.006951634453438
218,1.0,0.7449866552033828,0.9931690534547277
219,1.0,0.7443580813401662,0.9815177704117355
220,1.0,0.7450635706639854,1.0044462523948972
221,1.0,0.7405084878850736,0.9868685655905644
222,1.0,0.7450718162755565,1.015095475339371
223,1.0,0.7460251913372861,1.004429311321814
224,1.0,0.7425925126586636,0.9760667392859101
225,1.0,0.7436254040177144,0.9946901531625798
226,1.0,0.7460193540866964,1.0096127521353448
227,1.0,0.7499562956657607,1.0233171245773838
228,1.0,0.7459661539886772,1.0018805333984426
229,1.0,0.7446422801362866,1.0001727840727561
230,1.0,0.7423223526139673,0.9824143773004756
231,1.0,0.7444577588250134,1.0034185575117849
232,1.0,0.743728883678241,0.9905277267202778
233,1.0,0.7414612371880597,0.9853112112124143
234,1.0,0.7457077497952551,1.0027501546027198
235,1.0,0.7437742074919452,0.9923068762138162
236,1.0,0.7474919554508788,1.0130331698188724
237,1.0,0.7467362808232351,1.013146990169513
238,1.0,0.7450282757802067,0.9995300768162545
239,1.0,0.7467107428539209,1.0072772613262222
240,1.0,0.7438126411657564,1.0050262994198227
241,1.0,0.7420896239036524,0.994049333236954
242,1.0,0.7439566758416455,0.9898192976306711
243,1.0,0.7445407551604183,0.9913423540838991
244,1.0,0.7438604733205426,0.9922571431356825
245,1.0,0.7428603279046648,0.9870726739837965
246,1.0,0.7455409767170437,0.9983328608970562
247,1.0,0.7443157583552685,0.9983313637391225
248,1.0,0.7435244006801934,0.9893655102632282
249,1.0,0.7444368162404441,0.9965795059224755
250,1.0,0.7468784234571099,1.0089975647790754
251,1.0,0.7480492962248236,1.0174645054448264
252,1.0,0.745887362475355,1.0090437597944004
253,1.0,0.7429328856430268,0.9977991232081627
254,1.0,0.747036903803965,1.0173089357776426
255,1.0,0.7419724604324847,0.9950739868029135
256,1.0,0.7405456490005846,0.9688112976284057
257,1.0,0.7449147115585827,1.004911917573609
258,1.0,0.7424807294292902,0.9843872998007404
259,1.0,0.741000607291017,0.9794408630005569
260,1.0,0.7408419643742368,0.9772435870402736
261,1.0,0.747855235533744,1.016440462478053
262,1.0,0.7457687266943507,1.002283376641634
263,1.0,0.743634509014299,0.9954989898548479
264,1.0,0.7462875080124705,1.0092960232888102
265,1.0,0.7441764412403289,0.998129099653041
266,1.0,0.7425169783194656,0.9987394010787942
267,1.0,0.7424697026205753,0.9854169677387997
268,1.0,0.7422141739475974,0.9822985918853256
269,1.0,0.7475185520692577,1.007561424554935
270,1.0,0.7419358346790388,0.9738172072134954
271,1.0,0.7468945782801683,1.0043405955542941
272,1.0,0.744593818749105,1.0018404049305583
273,1.0,0.7408856582076991,0.9852396188598475
274,1.0,0.7440643042665153,0.9941151461301901
275,1.0,0.7465969283668089,0.9953777624654057
276,1.0,0.743812085616756,1.0036391042247483
277,1.0,0.7457811861179043,1.0174166870058048
278,1.0,0.7451455977744925,0.9984102478218752
279,1.0,0.7420246826806965,0.9839748047344486
280,1.0,0.7447461863544924,0.9824111007811014
281,1.0,0.7454196971320448,0.9887160297161491
282,1.0,0.7438403292199263,0.9897856872028772
283,1.0,0.7453931331133455,1.0076061995758152
284,1.0,0.7433452032882135,0.9891458288113332
285,1.0,0.7414743490375343,0.9897826619568285
286,1.0,0.7422702249649544,0.987988264106781
287,1.0,0.7421694203123786,0.9818197383494893
288,1.0,0.7467795380334802,0.9995359841824145
289,1.0,0.7457648502316141,0.9941010472639368
290,1.0,0.744873563645999,0.9955133829955402
291,1.0,0.7454848208833348,0.9994801951500522
292,1.0,0.7489753446229024,1.0165049564156883
293,1.0,0.7422294064776981,0.9790680257259805
294,1.0,0.7428848780363321,0.985608864136121
295,1.0,0.746300114583039,1.0013320173294717
296,1.0,0.741882889638172,0.9896244611758231
297,1.0,0.7438726906492462,0.9871526405485122
298,1.0,0.7431285657459706,0.9892434720638134
299,1.0,0.7458776152938938,0.9968594701084966
300,1.0,0.7414456770620267,0.972683563260587
301,1.0,0.742948336882083,0.9822713437988427
302,1.0,0.7456785674544686,1.0038751058916426
303,1.0,0.7446936599326061,0.9863360939735754
304,1.0,0.7428252410439415,0.9845808892296369
305,1.0,0.7439906824027077,0.984546623909675
306,1.0,0.7445744876708924,0.9894584099086767
307,1.0,0.7427375806902428,1.0027739224818848
308,1.0,0.7468259670703035,1.0154211880011348
309,1.0,0.7433763135456931,0.9935154156549654
310,1.0,0.7450718807405995,0.9948116634702772
311,1.0,0.7404350195630968,0.9673459236386717
312,1.0,0.7460238873746076,0.9954274556007053
313,1.0,0.7469927904919013,1.0059547596241964
314,1.0,0.7413925581044641,0.9856999124692899
315,1.0,0.7435439243917927,0.9954502801254546
316,1.0,0.7414772558589794,0.9815781316037245
317,1.0,0.7436928003854851,0.9889141491608672
318,1.0,0.7441508047647456,1.006314924121626
319,1.0,0.7450589867257941,0.9943595501801548
320,1.0,0.7442777744166583,0.9987092263865819
321,1.0,0.7445807734548575,1.0065914813540346
322,1.0,0.7431687725754998,0.9851664995481823
323,1.0,0.7460850026412075,0.9954458748317758
324,1.0,0.7447819719550035,1.0016043220195636
325,1.0,0.7452619642459221,0.9975567983375612
326,1.0,0.7458460743769908,1.002729522590636
327,1.0,0.7403630665378019,0.975720207801749
328,1.0,0.7430413521760612,0.9989693677347807
329,1.0,0.7432354995744498,0.9921098813726109
330,1.0,0.7457877440484952,0.998598298852673
331,1.0,0.7421336923624845,0.9961325873578678
332,1.0,0.7431435398395573,1.0019722830439184
333,1.0,0.7419987063187594,0.9878349553270449
334,1.0,0.7465832518174104,1.0026782379122408
335,1.0,0.7450501814890651,0.9984181884434181
336,1.0,0.7445038993440035,0.9969562376463263
337,1.0,0.7415291427411315,0.971868853040683
338,1.0,0.7427101769441246,0.9916798669305947
339,1.0,0.7475061351277255,1.012790718442713
340,1.0,0.7495006814316805,1.0125981853706663
341,1.0,0.740961299605213,0.9765441343841323
342,1.0,0.7458524610788494,0.9994070597694263
343,1.0,0.744469647056852,0.9922314711420813
344,1.0,0.7467513920331724,0.9901311175309938
345,1.0,0.7433214657737077,1.0036808912011432
346,1.0,0.7445496424792478,0.9951811423150352
347,1.0,0.746648542479587,1.006917226867821
348,1.0,0.7475957457400495,1.0180461151259443
349,1.0,0.7445265987197095,0.9916530087984482
350,1.0,0.7439928173773831,0.9987507615391361
351,1.0,0.743968566596944,1.0015497226370529
352,1.0,0.7428915506137682,0.9902433127268168
353,1.0,0.7452251383747612,0.9982399707006153
354,1.0,0.7463294985862984,0.9952059734977465
355,1.0,0.7409893303842096,0.9652344396716855
356,1.0,0.7400152545007296,0.979919446905682
357,1.0,0.7428722206073388,0.9847160524340848
358,1.0,0.746762860247002,1.0164426775365487
359,1.0,0.741585594325555,0.9743231874852616
360,1.0,0.7408042381824799,0.9832047557894158
361,1.0,0.7418641846512285,0.9810145670865495
362,1.0,0.7442899271505248,1.0048874596895703
363,1.0,0.7449769129742907,0.9977953834650469
364,1.0,0.7451424793286058,0.9989907890399945
365,1.0,0.7411294086264004,0.9813427342693589
366,1.0,0.7471296494426213,0.9911983454166738
367,1.0,0.7427300785669503,0.9829937377185135
368,1.0,0.7418112615270102,0.9869723747227108
369,1.0,0.7456047294871149,1.0085983488334558
370,1.0,0.7412302579589038,0.9716856951206382
371,1.0,0.7476685987692137,1.007129759304503
372,1.0,0.7424221643927039,0.9878276607514216
373,1.0,0.741763620935053,0.9882460113661954
374,1.0,0.7464506071844362,1.0060587192547827
375,1.0,0.7447849112277306,0.9974153567281636
376,1.0,0.7410340087812464,0.9771794548584406
377,1.0,0.7420305674305132,0.9899342203043647
378,1.0,0.7426964963009411,0.9952034107092622
379,1.0,0.743601644751384,1.0098820830258242
380,1.0,0.74732032393037,1.0221288769971635
381,1.0,0.7426480232908365,0.9846848678159766
382,1.0,0.7471289190379952,1.0026618948302495
383,1.0,0.7450205357340892,0.9911915329800564
384,1.0,0.7403744755759475,0.9663902661414506
385,1.0,0.7467727667766814,1.0052171768718905
386,1.0,0.7426884392419543,0.981580615352839
387,1.0,0.7472042325450876,1.006059055637923
388,1.0,0.7422216225444935,0.9766515266362361
389,1.0,0.7418377199069079,0.9950114394789321
390,1.0,0.7417104050098651,0.9861632171635527
391,1.0,0.7453767704767333,1.0023658863587996
392,1.0,0.7440913158790055,0.9976510348996747
393,1.0,0.7474266920734297,1.0106340831906193
394,1.0,0.741987689858272,0.9833711946164785
395,1.0,0.745473018402251,0.9952054344701367
396,1.0,0.7422077350584008,0.9844045721450868
397,1.0,0.741705839768609,0.9856222252243132
398,1.0,0.7420786334181677,0.9785016544654033
399,1.0,0.7432654066035874,0.9940842859462942
400,1.0,0.7456048517609991,0.9950999747044481
401,1.0,0.7457154976060372,1.0054435674982583
402,1.0,0.7447205211802949,0.9910354268579042
403,1.0,0.7440919531727463,0.9949222724951772
404,1.0,0.7395572546113753,0.9707846860555842
405,1.0,0.74407620375038,0.990637957827312
406,1.0,0.7477015190007209,1.003809917056622
407,1.0,0.7437854984446954,0.9920642270823913
408,1.0,0.742015754111659,0.9899341526530991
409,1.0,0.7418443362015154,0.9856498509821635
410,1.0,0.7427251827437932,0.990517066225563
411,1.0,0.7430918855690519,0.9981900581178782
412,1.0,0.7423190268928056,0.9805089323780138
413,1.0,0.7439592658625583,1.006816061361963
414,1.0,0.7454594440215806,0.9991090170389753
415,1.0,0.7422918071985991,0.9939942812994321
416,1.0,0.7437552213306394,0.9962160237392271
417,1.0,0.7424056430769674,0.9904745485555995
418,1.0,0.7431930719925941,0.9784546593228672
419,1.0,0.7444083378384315,0.9957744955879773
420,1.0,0.7460791431030772,1.0023703293815993
421,1.0,0.7445266298926568,0.9983873115163824
422,1.0,0.7470322997431376,1.0051352484028548
423,1.0,0.7438460575206141,0.9981943818611079
424,1.0,0.7444911613189633,1.0075483313791869
425,1.0,0.7448112911280826,0.9882308524301341
426,1.0,0.7447418367726821,0.9947893754520946
427,1.0,0.7422830447761926,0.9879212767405289
428,1.0,0.7439576842615777,1.0055008214118009
429,1.0,0.745480610530966,1.0004759101743168
430,1.0,0.7481901945293964,1.0053497700838898
431,1.0,0.742727868348505,0.9875353185735916
432,1.0,0.7417778770399792,0.9894143253818569
433,1.0,0.7448541517515261,1.00232162971051
434,1.0,0.7445275587728343,1.0078888324633515
435,1.0,0.7448912675531244,0.9944227695105119
436,1.0,0.7453094504676991,0.9904705534291885
437,1.0,0.7442275622908865,0.9917153439559747
438,1.0,0.7445753814823926,0.9835133585812619
439,1.0,0.7454495090406973,1.012295468984466
440,1.0,0.7423527133454704,0.9894862088370145
441,1.0,0.7456908381651111,1.0026292573900195
442,1.0,0.7457743949523938,0.9892423614050122
443,1.0,0.7450918858728869,1.0099056614417166
444,1.0,0.7463809833470828,1.0123789147948548
445,1.0,0.743300533670304,0.9921579451192916
446,1.0,0.7417912021670477,0.9835360589260345
447,1.0,0.7475399434664864,1.0113731934795467
448,1.0,0.7425675818193965,0.9912175781589156
449,1.0,0.7448038779503995,0.9914876955055577
450,1.0,0.7428598108243659,0.9974283886280961
451,1.0,0.7453690034167122,1.008253010282226
452,1.0,0.742876605295237,0.9715003042544471
453,1.0,0.7400661371866496,0.9868057846449573
454,1.0,0.7395239383450423,0.9840099249984072
455,1.0,0.7463668956100626,1.0095140999945091
456,1.0,0.7367923276897265,0.9725462842915152
457,1.0,0.7421177528420709,0.9826193795266612
458,1.0,0.7434814006490426,0.9733355803413525
459,1.0,0.7468499292287598,1.0095050525559333
460,1.0,0.7418180565372161,0.9889737750211515
461,1.0,0.7443388835837608,0.9910106795984941
462,1.0,0.7454519056559479,0.9896152433863974
463,1.0,0.7444865686656136,1.001053752773995
464,1.0,0.742739623877886,0.9904731720042473
465,1.0,0.7454258418564924,1.0010984074191018
466,1.0,0.7422146807503559,0.97712699260757
467,1.0,0.7399903149340379,0.978084947093234
468,1.0,0.7492962691156042,1.0199042501111657
469,1.0,0.7459008355428929,0.9970144423444225
470,1.0,0.7442762088381392,0.9944179887044864
471,1.0,0.742813076895784,0.9958070379284258
472,1.0,0.7465157951812842,1.0121370312301656
473,1.0,0.7437664221029033,0.9867888276601409
474,1.0,0.7421493711312169,1.0000748920701161
475,1.0,0.7405891566707284,0.9858017339961459
476,1.0,0.7428210868307625,0.9934730111840441
477,1.0,0.7453486710131424,0.9977440477383247
478,1.0,0.7429975754308499,0.9934925358512106
479,1.0,0.7413910024276089,0.9810131188820027
480,1.0,0.7455813436267749,0.9915155287130869
481,1.0,0.7414397012578772,0.9820100558946857
482,1.0,0.7432750185792227,0.9820388360042995
483,1.0,0.7470405150775363,1.0154547674764107
484,1.0,0.7442381501428553,0.9994555287555359
485,1.0,0.7458242612409174,1.0142928960173812
486,1.0,0.7445201643916002,0.9870787222059819
487,1.0,0.7423238747127284,0.9862581465166772
488,1.0,0.7415757345402799,0.9863591398457718
489,1.0,0.7467150390381325,0.9997790014321761
490,1.0,0.7435903067262765,1.0078206044170994
491,1.0,0.7447165590658744,0.9966588075948047
492,1.0,0.7460505576588681,1.000349301839789
493,1.0,0.7432839263503112,0.9930756896974658
494,1.0,0.7406380179707022,0.9751534154456394
495,1.0,0.7452058664173639,1.0004452214192217
496,1.0,0.7467638455521236,1.012946672119388
497,1.0,0.7114677310970219,0.9715604324066494
498,1.0,0.7439319630408014,0.9891051961948569
499,1.0,0.7429490824783415,0.9908225375914582
500,1.0,0.7431331952931752,0.9943910916016072
1,0.25,0.7442910505357285,0.994470129767814
2,0.25,0.741952359311959,0.9965448153558216
3,0.25,0.7438312268531958,0.9964983245095278
4,0.25,0.7470018748504442,1.0091466243036507
5,0.25,0.7431037019190083,1.0032433503749727
6,0.25,0.7431898583461811,0.9899667216699787
7,0.25,0.7467070358279746,1.0085897272336428
8,0.25,0.746085772667597,1.0115519999676865
9,0.25,0.7475542684373325,1.0012115702593645
10,0.25,0.7424963034330561,0.9600130027272522
11,0.25,0.7468397126501698,1.008248409123237
12,0.25,0.7473166852558832,0.9970040878258752
13,0.25,0.7399459849378609,0.9873694367837469
14,0.25,0.7446421894268258,0.9941465386460979
15,0.25,0.7459219184552109,1.0048507554211086
16,0.25,0.7453685680124049,1.0298624959062563
17,0.25,0.7456913914010738,1.0007944657810572
18,0.25,0.7433380506769626,0.9808493722710534
19,0.25,0.7423482511393588,0.979339128996196
20,0.25,0.743511788354139,0.9868832757232323
21,0.25,0.7426561940849395,1.0103602402646767
22,0.25,0.7491356977497002,1.0266153098337791
23,0.25,0.74429007914765,0.9818252307676467
24,0.25,0.7458576332057358,1.012681608372133
25,0.25,0.7438553095721034,0.998107722087887
26,0.25,0.746204232927265,1.0003534422452662
27,0.25,0.7448011323050444,0.9960135196328253
28,0.25,0.7428027309536077,0.9923251003278041
29,0.25,0.7419911954567879,0.9942659320222387
30,0.25,0.7410347233245742,0.98019654229889
31,0.25,0.7420928812223364,1.0000507689969322
32,0.25,0.7441764969585785,0.9901810593187534
33,0.25,0.7443477979178383,0.9844229159077366
34,0.25,0.7441642266894883,0.9925516019443732
35,0.25,0.7429761777372416,0.9849400986071236
36,0.25,0.7456500492783124,1.009198189733492
37,0.25,0.7441679283737744,0.9880325251583465
38,0.25,0.7491537645724426,1.0025257816240671
39,0.25,0.7406132807562098,0.9851236210606994
40,0.25,0.7434071652656205,0.9893381556596869
41,0.25,0.743966095678601,1.0001223228236868
42,0.25,0.7429730969268142,0.9966979580376342
43,0.25,0.7426140482834576,0.9735585454634105
44,0.25,0.7420375490675825,0.9843740738137989
45,0.25,0.7460530309222452,0.9949415318910819
46,0.25,0.7412537439363316,0.9910404302557825
47,0.25,0.7446734473186764,1.003107968285631
48,0.25,0.746752749381111,0.997835410324395
49,0.25,0.7434196359820718,0.9960949741190062
50,0.25,0.7420556181732341,0.9890858177376958
51,0.25,0.7391776073354954,0.9813189913535014
52,0.25,0.7466034586925696,1.0160296269728288
53,0.25,0.7421208797801944,0.9951596317262429
54,0.25,0.7468854982660695,0.9968143386079871
55,0.25,0.739548828112923,0.9814541567856206
56,0.25,0.7467164361802454,1.0072759829367455
57,0.25,0.7453529348547605,0.9946835694081291
58,0.25,0.7418573556750042,0.9932481650553915
59,0.25,0.7446121474683347,0.9921844709374669
60,0.25,0.7445636119765944,0.9997386263052709
61,0.25,0.7434212886477884,0.9853516350629017
62,0.25,0.7412106268996896,0.985215029069268
63,0.25,0.7415583859668341,0.9793500924124324
64,0.25,0.7458262871304067,1.0050215618679943
65,0.25,0.7438634764159472,0.9882330736868947
66,0.25,0.7408405763516981,0.9748560398319327
67,0.25,0.7448469155630213,1.0093220489166648
68,0.25,0.748706874581642,0.998922334974168
69,0.25,0.7461356273744489,0.9997587528096606
70,0.25,0.7451266421844245,0.9943836465248799
71,0.25,0.743654811577391,0.9813720811206434
72,0.25,0.7483382061496008,1.0041731825184808
73,0.25,0.7434575700804041,0.9948817407872426
74,0.25,0.744423255502262,0.9873388392844764
75,0.25,0.7426313818902606,0.988198709605324
76,0.25,0.7461015363629333,1.0012043375580026
77,0.25,0.7431614044612628,0.9931346660087178
78,0.25,0.7398711810075502,0.9690468086242353
79,0.25,0.7441388548099213,1.0036932075852223
80,0.25,0.7434074044196556,0.9935434954746691
81,0.25,0.7422614694869157,0.9770252983620857
82,0.25,0.7411582705286693,0.9833523371680717
83,0.25,0.7431585616053797,0.9947000946921635
84,0.25,0.741096263592575,0.9775540577863072
85,0.25,0.7340300716132278,0.9710706301453962
86,0.25,0.74145887936173,0.9760237262453276
87,0.25,0.7438510617474584,0.9918402639053618
88,0.25,0.7449429609831133,1.0041306795901122
89,0.25,0.7443138531830243,0.9968580709423221
90,0.25,0.7435811915743532,0.9944458782972115
91,0.25,0.7475892760776053,1.0110192816696044
92,0.25,0.7472720154917083,0.9931296967938007
93,0.25,0.7457571881995689,1.0007143923658517
94,0.25,0.7405276180021676,0.9718241707444736
95,0.25,0.7432641926530588,0.9812989477714344
96,0.25,0.7466654386931953,1.006138711666439
97,0.25,0.746572724880606,1.006031540948361
98,0.25,0.7414371292777421,0.9876385161353204
99,0.25,0.743581618009551,0.9989057358427333
100,0.25,0.7447699744828209,1.0063240491187002
101,0.25,0.7423427681053959,0.9730199361316182
102,0.25,0.7445199773890196,1.0078445052348253
103,0.25,0.7420733078051612,0.98201445950322
104,0.25,0.7419794424877192,0.9837381977160098
105,0.25,0.7457697812293672,0.9943769903715513
106,0.25,0.7435766410897028,1.0022560170153603
107,0.25,0.7472617004317833,1.0080707611847077
108,0.25,0.7447840000162985,0.9963827370181493
109,0.25,0.7467927516161177,1.0112315296266523
110,0.25,0.746386317899133,1.0153238696351283
111,0.25,0.7462613360336282,0.9984460101276272
112,0.25,0.743350912470827,1.0014964304660041
113,0.25,0.7406010752000121,0.9831336845614627
114,0.25,0.7439475725176706,1.0079487924432577
115,0.25,0.7455864539629669,1.000709660444492
116,0.25,0.7453534788749817,0.9979237958448328
117,0.25,0.7453454384094884,0.9942799088033814
118,0.25,0.7457331863503025,1.0089849892360527
119,0.25,0.744537556119109,1.0011877120030122
120,0.25,0.7417399178707211,0.9731534198859249
121,0.25,0.7435094373664055,0.9857119212704656
122,0.25,0.7417242942708995,0.9774207766714289
123,0.25,0.7446404712514535,0.9985943657887856
124,0.25,0.7454410419289822,0.9986796504342065
125,0.25,0.7419847877621196,0.970650880567517
126,0.25,0.7461045208058439,0.9962946475629307
127,0.25,0.7400494445230205,0.9720386386450449
128,0.25,0.7439490659192467,1.008691080208922
129,0.25,0.7442934178966824,1.0103010838398971
130,0.25,0.7459859223988302,0.9999947218342066
131,0.25,0.7444496688656826,1.0073466460576241
132,0.25,0.7430363976396566,0.9836365327206928
133,0.25,0.7422268827683267,0.9861305553253751
134,0.25,0.7428056282932436,0.9942532068925028
135,0.25,0.7442396588074738,1.0039551764683554
136,0.25,0.7443823487276181,0.9948178430435326
137,0.25,0.7416059766392117,0.988107624379244
138,0.25,0.7444762818777647,0.988668053340648
139,0.25,0.7410504742830452,0.9775075665831625
140,0.25,0.7446025923992013,1.0037078917499418
141,0.25,0.7439600522514388,0.9835061844283286
142,0.25,0.7451934850232389,1.0043290412947883
143,0.25,0.7457251958025715,1.0037218885267754
144,0.25,0.7445170835234532,0.9904502728459283
145,0.25,0.7427144162704999,0.9895082932676694
146,0.25,0.7412920068537424,0.9828148960578237
147,0.25,0.7443076479621938,0.993636920579081
148,0.25,0.7413249055034178,0.9762473473472427
149,0.25,0.7425288566468274,0.9962715215460389
150,0.25,0.7467056854633587,1.0075885755080338
151,0.25,0.7413602686835575,0.997737137155484
152,0.25,0.7430462776164835,0.995427262023038
153,0.25,0.742006740407087,0.9773666974669327
154,0.25,0.7435640201683623,0.9845633214793628
155,0.25,0.7432083081407673,1.0040578489057108
156,0.25,0.7450340454759097,0.9899506682800823
157,0.25,0.7447050995666515,1.0087609522517829
158,0.25,0.7454493191694522,1.000625762262265
159,0.25,0.7424540683399277,0.9891824662056418
160,0.25,0.7420006263069814,0.981962761945476
161,0.25,0.7454969377162173,0.9857736102540232
162,0.25,0.7444602313232657,0.9787970718827104
163,0.25,0.7449842896969244,0.998574786247362
164,0.25,0.7432612248237318,0.984431053050161
165,0.25,0.745985497491068,1.0091085801841024
166,0.25,0.7451292869509977,0.9967584476074883
167,0.25,0.7463165324403274,0.9991099896804011
168,0.25,0.7452613572147999,0.9999450695889062
169,0.25,0.7441879723680027,0.993218825540122
170,0.25,0.7429206091433744,1.004611254614731
171,0.25,0.7409456572386273,0.9725004715837695
172,0.25,0.7441189305752556,0.9932385099209355
173,0.25,0.7449293845191511,0.9852361144894309
174,0.25,0.7429210719958154,0.9938980969436411
175,0.25,0.7458892937526168,1.0082405969451065
176,0.25,0.7460872560411,1.0043694171742357
177,0.25,0.7442656176330112,1.0022341871154614
178,0.25,0.7420858695610191,0.9885410551165498
179,0.25,0.7499751652470759,1.020378267819075
180,0.25,0.7435149783038895,0.9949870609158674
181,0.25,0.7420618004705406,0.9868515222332277
182,0.25,0.7430173914754605,0.9892256466527958
183,0.25,0.7395521937177993,0.974598324411718
184,0.25,0.744782541152762,1.006858039655635
185,0.25,0.743261843535896,0.9969789903021714
186,0.25,0.747595453985389,1.0247499982722252
187,0.25,0.7431700606169023,0.9851504836345584
188,0.25,0.7445569800921291,0.9903067579443892
189,0.25,0.7421239413192834,0.9945539180925355
190,0.25,0.7414633344921637,0.9986194254374428
191,0.25,0.7416396711748148,1.0004270934559714
192,0.25,0.7450930808960223,1.0080173616287988
193,0.25,0.7427292495841948,0.9918594584322605
194,0.25,0.7442202288699031,0.9934035518333644
195,0.25,0.7422628370293737,0.9856278306027499
196,0.25,0.7465078253221075,1.023625813501991
197,0.25,0.7415900404005075,0.9854029909456553
198,0.25,0.7417435448503883,0.9884429486864551
199,0.25,0.7444137004303626,1.0031272909039415
200,0.25,0.7424986208174842,0.9945483608890464
201,0.25,0.7466072267905157,1.0040173193711985
202,0.25,0.7452573922408965,0.9969029610324284
203,0.25,0.7407919965862039,0.9885245922647532
204,0.25,0.7399522701294381,0.968208949857732
205,0.25,0.7431857584987935,0.9920019700089222
206,0.25,0.7411208649034613,0.9805169629921245
207,0.25,0.7411058897190013,0.9831433485903688
208,0.25,0.7453611151506065,1.0118836440985988
209,0.25,0.7423547758684572,0.9950319473005008
210,0.25,0.7446259484053909,1.0041283662041587
211,0.25,0.7435207291726124,0.9880996014820742
212,0.25,0.7434660775597777,1.0018158901952463
213,0.25,0.7453312251232186,1.0112069475675267
214,0.25,0.7479610185116369,1.0054819811620117
215,0.25,0.7424902511141904,0.9901913103099501
216,0.25,0.7405092039756405,0.982489201656509
217,0.25,0.7430106286958401,0.9971298118216125
218,0.25,0.7444916434935127,0.9910119125243022
219,0.25,0.7451430026232404,0.9974799215875062
220,0.25,0.7441249051193802,0.98034442442523
221,0.25,0.7481455724537907,1.0021162452811543
222,0.25,0.7446323425014457,1.001329209304172
223,0.25,0.7446422071549466,0.9909842975342507
224,0.25,0.7400426250179762,0.9779049246123874
225,0.25,0.7433586475122795,0.9985776154755546
226,0.25,0.7454168913055542,1.0000348882292294
227,0.25,0.7454240478284497,0.9938057740448074
228,0.25,0.7425946119100636,0.9891907725253242
229,0.25,0.7459688207932678,0.9873675219230634
230,0.25,0.742173235861841,0.9765718706653527
231,0.25,0.7478436866486673,1.010301747910858
232,0.25,0.7420411939785324,1.0010821820512545
233,0.25,0.7454466875932102,0.9909907448192264
234,0.25,0.7448647759721112,1.005220439476251
235,0.25,0.7419862299675297,0.9846418886632323
236,0.25,0.7421321604433164,0.989976212865475
237,0.25,0.7408077509042851,0.970279399039917
238,0.25,0.7437991686245923,0.9752873726278135
239,0.25,0.7472350092440846,1.009677209054967
240,0.25,0.7409547779128238,0.9721181296355789
241,0.25,0.7469865744280997,0.9927635818002064
242,0.25,0.7448144756773499,0.9990823065736409
243,0.25,0.7447346148718754,1.0032749670256853
244,0.25,0.743848435981907,1.0014863793877975
245,0.25,0.7424728539573712,0.9786964403432458
246,0.25,0.7461619512898825,1.009228643001709
247,0.25,0.7427403195226305,0.9853101891308722
248,0.25,0.7427322156341204,0.9970651585120259
249,0.25,0.7451181656637791,0.989912183637998
250,0.25,0.7426489052622625,0.9952090184376378
251,0.25,0.7448096134762654,1.0080623253561949
252,0.25,0.7464917379986672,1.0091793441494528
253,0.25,0.7479146572999671,1.0052858664731525
254,0.25,0.7442892575182675,1.0003965248258875
255,0.25,0.7419909163418565,0.9761415707833602
256,0.25,0.7487422510340124,1.0219210073117817
257,0.25,0.7402145720390803,0.9702768446887654
258,0.25,0.7429004954005588,0.979151123975587
259,0.25,0.742223937897175,0.9762526560910525
260,0.25,0.7450887687939072,1.0068354643594877
261,0.25,0.7443033763779706,0.9917762337358101
262,0.25,0.7111903560327336,0.9681639415172875
263,0.25,0.7424373137321284,1.0016300295620233
264,0.25,0.7459488259748788,1.000859733861217
265,0.25,0.7474493793883781,1.003213498530685
266,0.25,0.7447291067919879,1.0000231780353834
267,0.25,0.7415734047324467,0.9910791734189479
268,0.25,0.7422608295089885,0.9866996358300442
269,0.25,0.7475994883168597,1.016807951278178
270,0.25,0.7440236199825845,1.0070161176575025
271,0.25,0.7429593278150759,0.9853006878079638
272,0.25,0.7448420965201435,0.9944797677216402
273,0.25,0.7450284973320668,0.9975044412510511
274,0.25,0.7424304412136284,0.9943693459029679
275,0.25,0.7449658889851003,0.9926143610371608
276,0.25,0.7458021166707609,0.9926464128241103
277,0.25,0.7441442681767779,0.9797614697347943
278,0.25,0.7438584315468839,0.9896104672005365
279,0.25,0.741225219720659,0.9835587869849173
280,0.25,0.7444270269885929,1.0033962501998663
281,0.25,0.7441949815266271,0.9891931646172927
282,0.25,0.7452306027487975,1.0080590202785384
283,0.25,0.7452356354962077,0.9998880112078814
284,0.25,0.7489097894867531,1.0212132706983117
285,0.25,0.7460864888056925,0.9868226995287206
286,0.25,0.7454038938207757,0.9981256552698028
287,0.25,0.7438135739240846,0.995012595694693
288,0.25,0.7459799463342549,1.007919742674657
289,0.25,0.7440150119957343,0.9766032166109178
290,0.25,0.7439893170611172,0.9918859958574989
291,0.25,0.7440729252369309,0.9886773678813974
292,0.25,0.745813619216423,1.005268718320178
293,0.25,0.7444697056040818,0.9989543146645541
294,0.25,0.7438633080365225,0.9961922815814425
295,0.25,0.7459380518327945,0.9967874144793016
296,0.25,0.7451618441408131,1.0043889389409126
297,0.25,0.745593083603532,0.9970222065288683
298,0.25,0.7443382665749217,0.977008527653566
299,0.25,0.7409637224774545,0.9658050492720293
300,0.25,0.7111034009481133,0.9639696259714863
301,0.25,0.7473937322765459,1.0099503959794685
302,0.25,0.7488185981952425,1.008513915944848
303,0.25,0.7449515542082191,0.9879530207444601
304,0.25,0.7450812072457819,0.9953899944702044
305,0.25,0.7414446889524345,0.9805816860253149
306,0.25,0.7449190109094925,1.0046332595629675
307,0.25,0.7447432284370609,0.9933776045497967
308,0.25,0.7460856145925747,0.9964350323834739
309,0.25,0.7416337337978607,0.990535272330772
310,0.25,0.7436468630111076,0.9849433099208346
311,0.25,0.7460827708706229,1.008578240378571
312,0.25,0.7443059151827883,1.0030850202186656
313,0.25,0.7428296215378545,0.9941436896949889
314,0.25,0.7438836204220622,0.9842965627516336
315,0.25,0.7417210627146322,0.9770069672113103
316,0.25,0.7423369629307792,0.9950518058541838
317,0.25,0.7397255042642603,0.9875348392915388
318,0.25,0.7456315510985889,0.997814402851713
319,0.25,0.7459828055701979,0.9945664480433547
320,0.25,0.7451951641245989,1.0006792399901767
321,0.25,0.7430850508872273,0.9933286333691627
322,0.25,0.7487341223197905,1.0235178912596574
323,0.25,0.7429942041278428,0.9800172937429478
324,0.25,0.7422446521744148,0.9841385637292833
325,0.25,0.7425110690469888,0.9971019528385328
326,0.25,0.7417055926262982,0.9800434578290573
327,0.25,0.7477675499683324,1.0098932985235072
328,0.25,0.74363686062738,0.9892418068147077
329,0.25,0.7493846998297687,1.0293121583253624
330,0.25,0.741356622254662,0.9832418062173858
331,0.25,0.74117567886326,0.9758479343472989
332,0.25,0.7412252002823103,0.9792651005973615
333,0.25,0.7413693416845204,0.9839148134902543
334,0.25,0.743075626415136,0.9746331389675592
335,0.25,0.747527363967424,1.0091668298696106
336,0.25,0.7343902060588215,0.9635828824369531
337,0.25,0.7433816823202378,0.9958290439469449
338,0.25,0.7408622080288338,0.9899014195232098
339,0.25,0.7474713369276317,0.9990425306247072
340,0.25,0.7464183031506589,1.0132515267529458
341,0.25,0.7468007317503181,1.012864531357708
342,0.25,0.7427766434369636,0.997139768340023
343,0.25,0.7456345436184255,1.0026515534642857
344,0.25,0.740488007409265,0.9742013188790228
345,0.25,0.7420213609129366,0.9885319672115372
346,0.25,0.7417755529116523,0.9836637637907044
347,0.25,0.7408694971644186,0.9622276029819216
348,0.25,0.7456446472741441,0.9835191741846442
349,0.25,0.7417435333877478,0.9946179361356847
350,0.25,0.7435356208787703,0.9789809524951513
351,0.25,0.7437101634036286,0.998973628983862
352,0.25,0.7488194105800067,1.0126644464111867
353,0.25,0.7440395830732885,0.994164688351819
354,0.25,0.7497851572111094,1.0336681378461048
355,0.25,0.7456070593555477,1.0030021599191248
356,0.25,0.742809467653469,0.9913587688157914
357,0.25,0.7444544598192322,0.99961610254577
358,0.25,0.7452638161428157,1.0044727040379715
359,0.25,0.7427459094559199,0.999721697502678
360,0.25,0.7479639222310345,0.9987880693160955
361,0.25,0.7442376603055311,1.004542292621965
362,0.25,0.7407756363462338,0.9777328418870809
363,0.25,0.7455677109596242,0.9978897090232328
364,0.25,0.7464086947479629,1.0103753406225622
365,0.25,0.7395351806494463,0.988620785199371
366,0.25,0.7470182427586044,1.0159491713111077
367,0.25,0.7440194501798623,0.9992040789483152
368,0.25,0.7432034373205818,0.9816635310148658
369,0.25,0.7399133268841933,0.9826420680355241
370,0.25,0.7424332669423532,0.9766196265198884
371,0.25,0.7427529289521145,0.9993960478603318
372,0.25,0.7466222750876625,1.0019312723989369
373,0.25,0.741219283161844,0.9889531801772715
374,0.25,0.743702583514402,1.0049621797418935
375,0.25,0.7463041085873061,1.009378060969241
376,0.25,0.7448966427267221,1.0055475042976474
377,0.25,0.7495246230814073,1.0110173849452604
378,0.25,0.7400371991807656,0.9772671183971584
379,0.25,0.7434120142572188,0.9963463890267211
380,0.25,0.7451032733973739,1.0004916783758315
381,0.25,0.7432675808054386,0.9842647938043496
382,0.25,0.7461557811896817,1.007924585682416
383,0.25,0.7437313543776453,0.9903233240119156
384,0.25,0.7422305073256862,0.9685171187535839
385,0.25,0.744396729909795,0.999251353688313
386,0.25,0.7459059860468435,1.010104067081735
387,0.25,0.7456446932935453,0.9919003885187713
388,0.25,0.746931755482539,1.017060695278989
389,0.25,0.7462851876602468,1.0019174742137222
390,0.25,0.7402629038843456,0.976411820609755
391,0.25,0.7446718287719073,1.0003126866285463
392,0.25,0.7424400035302673,0.9948083735937587
393,0.25,0.7428035324280017,0.9792468405309565
394,0.25,0.7452501622950305,1.004056562487927
395,0.25,0.7431643418795902,0.9769787119165186
396,0.25,0.7432042537417622,0.9872258484997972
397,0.25,0.742797292194451,0.9959998154822435
398,0.25,0.7424359096862362,0.9818316118955475
399,0.25,0.7430470309198288,0.9747103544126602
400,0.25,0.7413919428069363,0.9879117556484132
401,0.25,0.7448551427853827,1.0068789584291065
402,0.25,0.7401350428855176,0.9723483962896255
403,0.25,0.7440490022922208,0.9906562613299331
404,0.25,0.7418974779542455,0.9931058224972465
405,0.25,0.7432316197038308,0.9840214869588557
406,0.25,0.7430206370632451,0.9993041965190537
407,0.25,0.7426218965008629,0.993154174666595
408,0.25,0.7483558721417254,1.0218789067908467
409,0.25,0.7428704722965702,0.9922276186357368
410,0.25,0.7430459403784685,0.9886792570510072
411,0.25,0.7350221905104077,0.964897386619673
412,0.25,0.7461637622933932,0.999964612035821
413,0.25,0.7430008210940989,0.990040717324741
414,0.25,0.7410716872106857,0.9899866480223081
415,0.25,0.7485701005841753,1.00149234222401
416,0.25,0.7386697026411159,0.9751918481615572
417,0.25,0.7444106550613494,0.9901994063909733
418,0.25,0.7456142371351793,1.0084394455129748
419,0.25,0.7417438106874118,0.9827258136449255
420,0.25,0.7444256054125001,0.9910999971396609
421,0.25,0.740454184381513,0.9858213243616376
422,0.25,0.7438248814364076,0.9963473364809909
423,0.25,0.7382738568999427,0.9704072116340345
424,0.25,0.7431357524455661,0.9804635273227507
425,0.25,0.7434498763201943,0.9828810395389544
426,0.25,0.7446230178501267,1.0030278843333507
427,0.25,0.7443160679534693,1.0065373342913586
428,0.25,0.7449346132749866,0.9995180831922061
429,0.25,0.7445524709422651,1.0027278600622789
430,0.25,0.743152879706536,0.9883960162208013
431,0.25,0.7406542418136061,0.9766549262090963
432,0.25,0.7405992300450578,0.9823008692961583
433,0.25,0.741350029780476,0.9766259450516795
434,0.25,0.7414170181825098,0.9875177631502634
435,0.25,0.7464841801933368,1.0117417663922272
436,0.25,0.7449018340257773,0.9932972451838012
437,0.25,0.7426653692951266,0.9964717094832967
438,0.25,0.7435683235446778,0.9860566397139988
439,0.25,0.7428511800454014,0.9842332101487753
440,0.25,0.7456606066990583,1.0014293640732264
441,0.25,0.7451693989744119,0.9893260516530927
442,0.25,0.7465353486994414,1.0006212492827984
443,0.25,0.7430426867370483,1.0015495758469726
444,0.25,0.7430662872596838,1.001123801494062
445,0.25,0.7424449474325128,0.9850383081193824
446,0.25,0.7460426285233906,1.0043294044445563
447,0.25,0.7457779264393201,0.9984216795256976
448,0.25,0.7429432868620106,0.9844901550674826
449,0.25,0.7372803501947437,0.9839567696052784
450,0.25,0.7450907581586472,1.0189214375897242
451,0.25,0.745160376753091,1.0035292592017997
452,0.25,0.747277501938876,0.9980888208338992
453,0.25,0.7424056689957663,0.9821606654330188
454,0.25,0.7438988126625632,0.9911386959468687
455,0.25,0.7429045361221569,0.995134516732893
456,0.25,0.7450401955267791,1.0093799673817008
457,0.25,0.7438508045293004,0.9877017011079765
458,0.25,0.7470574681798378,1.0001776835169474
459,0.25,0.7457847063900278,1.001719144050713
460,0.25,0.746661460829494,1.006811317952565
461,0.25,0.7450290487820351,0.9967742181617572
462,0.25,0.74180561255905,0.9939424397592118
463,0.25,0.7447279119174168,0.9973722233926956
464,0.25,0.7430432069527694,0.9805331234258827
465,0.25,0.7448447715731934,1.000074558890619
466,0.25,0.7468256439349629,1.0132430077301848
467,0.25,0.7464779686341808,1.0072872843558258
468,0.25,0.7439054532518742,0.9933854805258708
469,0.25,0.7441347325813801,1.0014599630414227
470,0.25,0.7410658021245501,0.9782683438293789
471,0.25,0.7444238082239537,0.9979279913892763
472,0.25,0.7467782900496055,1.0069945980934025
473,0.25,0.7451259248598363,1.0133776123950462
474,0.25,0.7450616739502107,1.011477369107176
475,0.25,0.7429859210858887,0.9803425794709637
476,0.25,0.7471012558819844,0.9910708009684266
477,0.25,0.7430982150557517,0.9853704805107596
478,0.25,0.7491417426056919,1.0183074642923653
479,0.25,0.7432834144362429,0.9807211624982116
480,0.25,0.7439866721646758,0.9886581384492922
481,0.25,0.7413903620706108,0.9758843305091045
482,0.25,0.7460814788611576,1.0016069402515746
483,0.25,0.7400555255861482,0.974560373137553
484,0.25,0.7448898935639321,0.9954421309263073
485,0.25,0.7456575900092592,1.0041475973228258
486,0.25,0.7432576512169089,0.9944034438490207
487,0.25,0.7429213774501792,0.9958074732020847
488,0.25,0.7425323094058814,0.9895796019733041
489,0.25,0.7432068238812726,0.9907234300979529
490,0.25,0.7476090075156604,1.0114623687955324
491,0.25,0.7421892412122015,0.9912852350822222
492,0.25,0.7447816224490897,0.9823810345470408
493,0.25,0.7428850067072674,0.9899513659486597
494,0.25,0.7477188775518385,1.00711655064676
495,0.25,0.7448332709697816,0.9874427696522833
496,0.25,0.7434457355593274,1.0095986513910875
497,0.25,0.7433952989883836,0.9954314006073786
498,0.25,0.7426692009540227,0.9826513603928736
499,0.25,0.7430520184716203,0.9742917190752098
500,0.25,0.7422801756556761,0.9897451982870286
1,0.3,0.7482505696989279,1.0253698097750887
2,0.3,0.7419783497721438,0.9788429521347531
3,0.3,0.7486663005790419,1.0248815990586042
4,0.3,0.7492955384412678,0.9981351900577419
5,0.3,0.7420633679112242,0.9722869514402445
6,0.3,0.7417307777570655,0.9912535795856481
7,0.3,0.7462682396303468,1.0060875920056527
8,0.3,0.7438785509032058,0.9964353953837471
9,0.3,0.7395436016544703,0.9797936287199571
10,0.3,0.7466780680263303,1.000372290771301
11,0.3,0.7438576736059682,0.9983267808747769
12,0.3,0.74344016338717,0.993812043780362
13,0.3,0.7419175054909737,0.9845786192329876
14,0.3,0.7464743310688939,1.0130795933903722
15,0.3,0.7447546229275913,1.0072865249285368
16,0.3,0.7430297172874244,0.9927405552832663
17,0.3,0.7446066355200973,0.9972745208234607
18,0.3,0.7408502054524677,0.9768656711441407
19,0.3,0.7485005220848502,1.016633438410023
20,0.3,0.744957399090011,1.005151568955484
21,0.3,0.745090194966415,1.002635265164381
22,0.3,0.7469256693761065,1.0046702178516498
23,0.3,0.7435831652440498,1.001732540415121
24,0.3,0.7472449352218944,1.0209376532406256
25,0.3,0.7435554261806311,0.9847601863426922
26,0.3,0.7447550444163403,1.006421299328744
27,0.3,0.7425198284289525,0.9904768812683966
28,0.3,0.745296101694879,0.9938449087784123
29,0.3,0.7401240803344273,0.9772828327895786
30,0.3,0.7433401929117402,0.9808923448867811
31,0.3,0.7437077355676468,0.989509227339233
32,0.3,0.7418649352253637,0.9991121735845099
33,0.3,0.7489253840581961,1.0216600206809083
34,0.3,0.743241503087074,1.0032851562622735
35,0.3,0.7479105811151321,1.012937823291772
36,0.3,0.7454563032742577,1.0052405670512228
37,0.3,0.745937947323801,0.9982869523787052
38,0.3,0.74531814252919,0.995224826014878
39,0.3,0.7433407487297048,0.9922109859103291
40,0.3,0.7435257965078346,1.0006513729377
41,0.3,0.7458957981396779,0.9947024688159978
42,0.3,0.7456664891674782,1.0074770262591797
43,0.3,0.7450943898371393,1.0006933359472117
44,0.3,0.7437570002866651,0.9892693644044146
45,0.3,0.7437114316687556,1.0098602402542614
46,0.3,0.7448571172535065,0.9950811085664494
47,0.3,0.744276591253313,0.9949691137301307
48,0.3,0.7457952758126858,0.9982833481102118
49,0.3,0.738480908366184,0.9712616516820174
50,0.3,0.7446961229323615,1.0069688042648284
51,0.3,0.7455143811053534,1.0038989198307815
52,0.3,0.7434194844878078,0.9958132826953042
53,0.3,0.7461642186265132,0.9988386477894536
54,0.3,0.7456757021646769,0.9879037021295849
55,0.3,0.7444533861322497,1.0022314215940575
56,0.3,0.7434573781417059,1.002516674663357
57,0.3,0.7432680859534513,0.9928281331262732
58,0.3,0.7415580271874187,0.9851293402983773
59,0.3,0.7453223187766985,1.0010190285731897
60,0.3,0.7416512907577515,0.9866186909911787
61,0.3,0.7477615731395395,0.9972350294552524
62,0.3,0.7430063213612507,1.0031976743824607
63,0.3,0.7446024764684863,0.9839814147210239
64,0.3,0.7430116173739174,0.9899910137719447
65,0.3,0.7438391566952397,0.9876267264459644
66,0.3,0.745472211834331,0.9957865097455069
67,0.3,0.7428958307196571,0.9942639922629763
68,0.3,0.7446875773233466,1.006016525611955
69,0.3,0.7458104642823818,1.0021015942525695
70,0.3,0.743118339553308,0.9895946159504755
71,0.3,0.7436291962756331,1.0003609339461785
72,0.3,0.7419792497059627,0.9891482025904507
73,0.3,0.7433894457874276,0.9876953771016932
74,0.3,0.7459983705985169,0.9978457301313028
75,0.3,0.7444092387744705,1.0016788737554627
76,0.3,0.744294811602836,0.987212006382113
77,0.3,0.7433079998470814,0.9811521653974479
78,0.3,0.7449123360326114,1.0174773272335378
79,0.3,0.7430602642290788,0.9985782674889402
80,0.3,0.7427393865823337,0.9938829871464939
81,0.3,0.7476484022011097,0.9994761813944559
82,0.3,0.7457523482314361,1.0046099384860807
83,0.3,0.7427418424206371,0.9808704329467868
84,0.3,0.7423496451628335,0.9918732270462247
85,0.3,0.745530785659326,1.0089382163389342
86,0.3,0.7468400429462375,1.0077085757500743
87,0.3,0.7428440701121274,0.9892418984916593
88,0.3,0.745636847287748,0.9970617719336822
89,0.3,0.7422749589897514,0.98884660726749
90,0.3,0.7467437866676935,1.0014589363501312
91,0.3,0.7443534117984539,0.9968168653952337
92,0.3,0.7444775112119706,0.9945851052282226
93,0.3,0.7458584709308659,1.0057743737508802
94,0.3,0.7464300700377683,0.9938401283922004
95,0.3,0.741832831633729,0.9888864199129977
96,0.3,0.7463823213302214,0.9996961676991576
97,0.3,0.7434498680592388,0.9922707526483217
98,0.3,0.7437902253895251,0.9843103117222156
99,0.3,0.743301390196239,0.9860479357231079
100,0.3,0.7435283553610785,0.9902765926536413
101,0.3,0.7446889841399098,0.9948280667884281
102,0.3,0.7464148276953543,1.0098264258466643
103,0.3,0.7445966095799944,1.0082339208067614
104,0.3,0.7477963815422192,1.0167244272616314
105,0.3,0.7451313178198717,0.9999452037544855
106,0.3,0.7476022081601688,1.0191600322545016
107,0.3,0.7434708356921318,0.994020752132412
108,0.3,0.745967136716923,1.0039554527405008
109,0.3,0.7458857182115597,0.9923188373455706
110,0.3,0.7450798583422168,1.0173692122192977
111,0.3,0.7378767021590875,0.9914362986161089
112,0.3,0.7441356167775492,1.00156553563816
113,0.3,0.7445465078454986,1.0048786267979797
114,0.3,0.741060754715739,0.9855526363557361
115,0.3,0.7439142511215662,0.9978590630083521
116,0.3,0.740626895429597,0.9832497028702767
117,0.3,0.7453002078358962,1.011436226784006
118,0.3,0.743980507402696,0.9939998494794943
119,0.3,0.7476124297325751,1.0140308227426096
120,0.3,0.7416162799056474,0.9794520229056212
121,0.3,0.7464299008671544,0.9847929193660393
122,0.3,0.7419529084975749,0.9707044268891567
123,0.3,0.7445649832689821,0.9892619647960539
124,0.3,0.7461984560878053,1.0050683458132599
125,0.3,0.7459057045537413,1.0023814777272881
126,0.3,0.7459879435490314,0.9946938110904967
127,0.3,0.743190057057377,0.984240608403739
128,0.3,0.7452368828215069,0.9956745606616607
129,0.3,0.7464830784895388,1.008191578192953
130,0.3,0.744641692581814,0.9957146753379238
131,0.3,0.7496996763214038,1.0228676149514855
132,0.3,0.7460995162229443,1.0019968007677211
133,0.3,0.7459720354168035,1.0012786543745016
134,0.3,0.7449755153764057,1.000357794688419
135,0.3,0.7449977018964115,0.9911187671949719
136,0.3,0.7447642278025278,1.006849219270785
137,0.3,0.745382724306947,0.9931061098380839
138,0.3,0.7437869401502631,0.9879252595111766
139,0.3,0.7466727572316306,1.011742664286589
140,0.3,0.7457583572439579,0.9968369528614973
141,0.3,0.7436468544190467,0.9929496295297503
142,0.3,0.7470009960102578,1.0174849411708735
143,0.3,0.7427907030913232,0.9864565351060112
144,0.3,0.7421558013645003,0.9940851007169268
145,0.3,0.745487321220286,0.9997792239892982
146,0.3,0.7446042178702292,0.9988914838991628
147,0.3,0.7443756682243996,0.9812508992258479
148,0.3,0.7428452606561393,0.9871237271696329
149,0.3,0.7426038211862912,0.9795416029290765
150,0.3,0.7427739405618705,0.981353315224746
151,0.3,0.7449623046088049,0.9976323836110943
152,0.3,0.7451283316641903,0.9850031221648928
153,0.3,0.7413917361715945,0.9888481150162686
154,0.3,0.7476536928841829,1.006999131053434
155,0.3,0.7439060085445824,0.9916688237662896
156,0.3,0.743605124185556,0.9947379089121978
157,0.3,0.7468071853763405,1.0133354453147516
158,0.3,0.7406087752279923,0.991990309432707
159,0.3,0.7400872116150734,0.9721466680225008
160,0.3,0.7393815477667253,0.9781196592331052
161,0.3,0.7452953478948097,0.9996231279400181
162,0.3,0.7445632662755471,0.9993625928049572
163,0.3,0.7434764907869926,0.9987025018975829
164,0.3,0.7426573570774719,0.9965383449375051
165,0.3,0.7420558795138018,0.9976607446750324
166,0.3,0.7448171809931162,0.9969717595462989
167,0.3,0.7400558535112222,0.9804355657109832
168,0.3,0.7447492032976196,1.00025787707558
169,0.3,0.7439806726487614,0.9850187081631756
170,0.3,0.7475020772826168,1.0004863744582695
171,0.3,0.7460102186400739,1.000075648175793
172,0.3,0.7445038608821454,0.9793050867185495
173,0.3,0.7449243406178903,0.989261559107308
174,0.3,0.7456532804603345,1.0073765173589793
175,0.3,0.7423403137296856,0.9738835562798592
176,0.3,0.7487276581950006,1.0143691840323776
177,0.3,0.7455228781493837,0.9940145437802917
178,0.3,0.7418957216813701,0.9758969551471681
179,0.3,0.7436774360412893,0.9900999567724481
180,0.3,0.742838130468789,0.9840152978579576
181,0.3,0.7414958853212243,0.9821483130874405
182,0.3,0.7432011286550311,1.0079240394210605
183,0.3,0.7422814411591667,0.9758165658792084
184,0.3,0.7447906891867851,0.9940490212825256
185,0.3,0.7476206495965891,1.0191503112666136
186,0.3,0.7475249820506169,1.0156860650774697
187,0.3,0.7419988736841567,0.9827954885879925
188,0.3,0.7416003688556992,0.9823298430867485
189,0.3,0.742498458780454,0.9997420372939392
190,0.3,0.7476430430634478,1.004433393148968
191,0.3,0.7411783269229695,0.987601740197145
192,0.3,0.7401736057319696,0.9763163414028517
193,0.3,0.7409838277888797,0.9924363352691521
194,0.3,0.7447797286512312,0.980096491617097
195,0.3,0.7450051346014127,0.9937016154893659
196,0.3,0.7456720598111116,0.9997020938091563
197,0.3,0.7422983329979268,0.9668199634077141
198,0.3,0.7453704292695994,0.9923118030493061
199,0.3,0.7455160410736997,1.0007987865744405
200,0.3,0.7440654328148705,0.9863620075082342
201,0.3,0.7409975124747925,0.9817069567708324
202,0.3,0.7453426606816906,1.0043206442843553
203,0.3,0.7474826734954243,1.0139709217887085
204,0.3,0.7457585422172339,0.9955947637760321
205,0.3,0.7443584848870549,1.0076310754093607
206,0.3,0.7432992701090583,1.0017857195719824
207,0.3,0.7454549323378815,0.9874625802851191
208,0.3,0.7467403697755349,0.986710591760672
209,0.3,0.7461579782425477,1.0093722188540541
210,0.3,0.742321278412844,0.9898649099114377
211,0.3,0.7465580644369293,1.0024498793675525
212,0.3,0.7442985249852144,0.9892489925687585
213,0.3,0.7418754945533469,0.9918243762785637
214,0.3,0.7456602917021135,1.0079091397832505
215,0.3,0.7428393541986197,0.9872966735591517
216,0.3,0.7471452644494396,0.9864785076324079
217,0.3,0.7428658366629881,0.9964163593120654
218,0.3,0.7447728491769466,0.996295316051674
219,0.3,0.7470202493024708,1.0198539014866523
220,0.3,0.7443607160593564,0.9943097124367811
221,0.3,0.7448289247608454,1.0110908237232192
222,0.3,0.7452722307115139,1.0023851321963015
223,0.3,0.743556276688307,1.0024598839140535
224,0.3,0.7432609057527138,0.9826580044138131
225,0.3,0.7431679056170555,1.0005992414858123
226,0.3,0.7446503037626037,0.9872346824817513
227,0.3,0.7449315688383941,1.0060628608577105
228,0.3,0.7413799451824895,0.9645655264594544
229,0.3,0.7433870917320334,1.0008671842121042
230,0.3,0.7454727533013472,1.0081700904745936
231,0.3,0.7405402635912107,0.9879253438300516
232,0.3,0.7439489668735466,0.9995520526009649
233,0.3,0.7480061568811278,1.0028611594912369
234,0.3,0.7463009906097751,1.0003804173737934
235,0.3,0.743532731202191,0.9854718124518854
236,0.3,0.740800355994136,0.9752021593399124
237,0.3,0.7433226479177616,0.9812051436287731
238,0.3,0.7428965359052709,0.9754223304506673
239,0.3,0.7455252177843453,1.0041297488973555
240,0.3,0.7464699106513625,1.0178928997032834
241,0.3,0.7425790750106411,0.9876730306622183
242,0.3,0.7426357451975597,0.9829071900918553
243,0.3,0.7448189262488609,1.0009827278239594
244,0.3,0.7443719443165957,0.9975290602259526
245,0.3,0.7427061802680884,0.9947656395756838
246,0.3,0.7440698081179132,1.0103243958143882
247,0.3,0.7449259827837277,0.9907197072605868
248,0.3,0.7450350491441591,0.9960648116348477
249,0.3,0.7486167951758192,1.0016308002698777
250,0.3,0.7432343727991071,0.987714029963965
251,0.3,0.7453237883732167,0.9996770333139886
252,0.3,0.7452052690782422,1.0088429118297146
253,0.3,0.7411727732561707,0.9722579362726694
254,0.3,0.7425627724109084,0.9913497319004743
255,0.3,0.7449703575320575,1.0046838154871927
256,0.3,0.7404970555963845,0.9823472364425485
257,0.3,0.7456939796093816,0.9983645784623103
258,0.3,0.7480402301999519,1.0290849085447895
259,0.3,0.7436056053266329,0.9982128747150446
260,0.3,0.7466065584434527,1.020418808303112
261,0.3,0.7471953707615752,1.00833419519547
262,0.3,0.745785452350422,0.9988678729824372
263,0.3,0.7431183298768484,0.9867160600127439
264,0.3,0.7477489224056479,1.0204422466668328
265,0.3,0.7423448325012896,0.9917730408441372
266,0.3,0.7471470152443822,1.010818972951552
267,0.3,0.7473435898039011,1.0060721996577213
268,0.3,0.7436643853214557,1.0019865329091497
269,0.3,0.7440612133354019,0.9851273666895692
270,0.3,0.7452202505279258,0.9988256584876892
271,0.3,0.7431481448162378,0.9945342151545262
272,0.3,0.741880195367126,0.9896273493891411
273,0.3,0.7449005329724238,0.9888656317818916
274,0.3,0.7451922868023834,0.9960814838303451
275,0.3,0.7437096490650288,0.9863795271045769
276,0.3,0.748779773452282,1.0106582514572064
277,0.3,0.7417519202257987,0.9992119513547709
278,0.3,0.7453006977721053,1.0138422614886835
279,0.3,0.7463354079050338,1.013636771908476
280,0.3,0.7423521672091207,0.9883771050075002
281,0.3,0.7490747990983867,1.0264445286057926
282,0.3,0.7412847463820554,0.9750341106478377
283,0.3,0.7466094883292131,0.9979584983467713
284,0.3,0.747001221920661,1.0119197588487512
285,0.3,0.7436518801577028,0.9969008943268373
286,0.3,0.7411265042086584,0.9690741059372394
287,0.3,0.7435413459853574,0.9999331316999547
288,0.3,0.7437527899579212,0.9948608509930749
289,0.3,0.7415956147607348,0.9815056592873328
290,0.3,0.7446120933701313,0.9941696399333577
291,0.3,0.7467843026701698,1.0038289768052961
292,0.3,0.7449407463059325,0.9961626470908743
293,0.3,0.7450384431504868,1.00320744722547
294,0.3,0.7422364971267361,0.9891201410003175
295,0.3,0.7442412399052651,0.9873940111316066
296,0.3,0.7438168911095401,1.0006301827438393
297,0.3,0.747643824993615,1.0186255610690211
298,0.3,0.7430523175533746,0.9929403449779676
299,0.3,0.7442258554841998,0.9928130426271649
300,0.3,0.7403777460324714,0.9617491103460513
301,0.3,0.7439735779027861,1.0011762304597238
302,0.3,0.7492382127472335,1.0016225447720355
303,0.3,0.7460658741502774,1.0092417723156548
304,0.3,0.7462050489058258,1.005928348763165
305,0.3,0.7444541625386797,0.9984379116342564
306,0.3,0.7422908051953897,0.9968870705339569
307,0.3,0.7435195044148161,0.9849302467117683
308,0.3,0.7426477161069394,0.9883521801692313
309,0.3,0.7414382906548153,0.9907121213395487
310,0.3,0.744259248246927,0.996976663239507
311,0.3,0.7430758331197954,0.9893186776133175
312,0.3,0.743106976258759,0.9990251902093266
313,0.3,0.7481273374491012,1.0119581211450568
314,0.3,0.7445148104367937,1.0118411892300847
315,0.3,0.7434317982150894,1.0041794978584395
316,0.3,0.7436498376004462,0.9868194025093826
317,0.3,0.7444284644791707,0.9952760340702344
318,0.3,0.7463462470128167,1.0011475129563436
319,0.3,0.7432764587150192,0.9920517391554751
320,0.3,0.7440231769824204,0.9815199682566583
321,0.3,0.7419585822579721,0.9845789917915435
322,0.3,0.7439725236172546,0.9975467841771075
323,0.3,0.7454840266890316,0.9999375608961452
324,0.3,0.7441681894046237,0.9852224839201174
325,0.3,0.7420828869225518,0.9962013448761067
326,0.3,0.7435463411060645,0.989764716072319
327,0.3,0.7450537725662232,0.992849786622372
328,0.3,0.7434363756935467,0.9852609973597103
329,0.3,0.7455787588934746,1.001019959986239
330,0.3,0.739368579760644,0.9862203927681678
331,0.3,0.7439122139321914,0.9889690602793334
332,0.3,0.7420339616630548,0.9832625739747032
333,0.3,0.7448912772087396,1.0141025116875781
334,0.3,0.7444270076373747,1.0071373287263605
335,0.3,0.7454084125104289,0.9990196593492777
336,0.3,0.7490077505285371,1.009170995061895
337,0.3,0.7451111465894562,1.0035597996020362
338,0.3,0.744128464366626,0.979862466801971
339,0.3,0.7477211504625015,1.0141586833242089
340,0.3,0.7451601268069431,0.9900449806896905
341,0.3,0.7445699972502826,0.9890891505878129
342,0.3,0.7454457199033344,0.9902205546298788
343,0.3,0.748860112687241,1.0224411431477947
344,0.3,0.7427369967751546,0.9698473586288104
345,0.3,0.7425131423156177,0.9987252794125906
346,0.3,0.7478003306415616,1.0144001416530242
347,0.3,0.7427561266455999,0.9871092583611304
348,0.3,0.7421888559158009,0.9908613713794212
349,0.3,0.743219165262939,1.0005522105598645
350,0.3,0.7463192297790262,0.9868098850592599
351,0.3,0.7457232710952624,0.9959578794793695
352,0.3,0.7405968102494098,0.9683587643615901
353,0.3,0.747465483929835,1.021707883415514
354,0.3,0.7453390944022292,0.9955493042516264
355,0.3,0.7444498498723153,1.0066225853633721
356,0.3,0.7464375455141001,1.0024837030260678
357,0.3,0.7424672654979002,0.9842723759726125
358,0.3,0.7411620199937985,0.9851025340913513
359,0.3,0.7436191876303342,0.9702951581477466
360,0.3,0.7436591086079727,0.9918400283020076
361,0.3,0.7485477368643219,1.0036718704344432
362,0.3,0.7424731145173092,0.9856104497741492
363,0.3,0.7465670333942067,1.0033014451781639
364,0.3,0.7458485959603379,1.0002735803358305
365,0.3,0.744751845824134,0.9989417247792721
366,0.3,0.7437984540547281,1.0009377072675232
367,0.3,0.741773120490403,0.9753619401536812
368,0.3,0.7442351013018227,0.991060846445219
369,0.3,0.7413723725210288,0.9823451417704219
370,0.3,0.7439691647623662,0.9755289680711501
371,0.3,0.7421740005497667,0.9729898618350641
372,0.3,0.7436658550353812,0.9807207840259232
373,0.3,0.7454545768128225,0.9878389284313949
374,0.3,0.7411772474805246,0.9773534908701222
375,0.3,0.7441719081076491,0.9939795637079523
376,0.3,0.7440996008732532,1.004288159508408
377,0.3,0.7483709947658375,1.01582639732221
378,0.3,0.7421797595064529,0.9796665486262068
379,0.3,0.744161727882253,0.9988324588117053
380,0.3,0.7430378603827855,0.9954495308403944
381,0.3,0.7472636635625542,1.0152848074567924
382,0.3,0.7467001625175869,1.005245260771344
383,0.3,0.7447702937335308,1.0015462906954709
384,0.3,0.745233923075297,0.9826292710977085
385,0.3,0.7447572565713575,1.0041010200968172
386,0.3,0.7401932040137149,0.9781192302272732
387,0.3,0.7439124231227399,0.9888062816667952
388,0.3,0.7459968217254499,1.0121526996611852
389,0.3,0.7438244853387204,0.98783076083869
390,0.3,0.7455167337098766,0.9959526558390688
391,0.3,0.7426803475118331,1.01019876386815
392,0.3,0.7439954795250668,0.9969400228639451
393,0.3,0.7462708485519962,1.0172594644228616
394,0.3,0.742471783514952,0.9871614092039183
395,0.3,0.7447061152787348,1.0068617093492327
396,0.3,0.7465563485572003,1.011504151572955
397,0.3,0.7449910060869381,1.002003083698891
398,0.3,0.7449575301045325,0.9956757930310444
399,0.3,0.741959519298115,0.9782154796947349
400,0.3,0.7448265003548417,0.995919161431437
401,0.3,0.7534178959405964,1.0323244812170758
402,0.3,0.7442584984702162,0.9930844175498907
403,0.3,0.7428994600936653,0.9789728949774762
404,0.3,0.7444109478544357,0.9964041130834965
405,0.3,0.7448169838781246,0.9952260847634469
406,0.3,0.7440123886675057,0.9924780162149294
407,0.3,0.7434142625427126,0.9817279096648158
408,0.3,0.7482320435636967,1.00371286306637
409,0.3,0.7447246604056061,0.9915054506986404
410,0.3,0.7445278137380749,1.007731075538353
411,0.3,0.7441067733518221,0.993357791519034
412,0.3,0.7444387578258184,0.986510435137604
413,0.3,0.7459997690654884,0.9952541630977971
414,0.3,0.7418681587301698,0.9840307023307947
415,0.3,0.7454631860567518,0.9949174216408684
416,0.3,0.7434686389152153,0.9794628322430088
417,0.3,0.7477708359503328,1.013949441962988
418,0.3,0.7448339527617474,1.0065699504013552
419,0.3,0.743851380296924,0.9919387257318888
420,0.3,0.7445547414237619,1.000766134680285
421,0.3,0.7428515327961233,0.9874562248108409
422,0.3,0.7429197152074432,0.9968412402808022
423,0.3,0.7451862949066279,1.01137031769048
424,0.3,0.7469999015094015,1.011745538466126
425,0.3,0.7441590384428692,0.990052901526537
426,0.3,0.746789607483192,1.0105918155858558
427,0.3,0.7413764867623925,0.9832344888504112
428,0.3,0.7408933536148957,0.9989960089466777
429,0.3,0.744692940294675,0.9856531794402018
430,0.3,0.7445909234581648,0.9888195178558743
431,0.3,0.7438268946921426,0.981231811376194
432,0.3,0.7437357061466972,1.0014879490694906
433,0.3,0.7432968796806023,0.9939979199250445
434,0.3,0.7462955558705046,1.004970270101198
435,0.3,0.7463884876605587,1.0106065142559946
436,0.3,0.7404465084971588,0.9846895553562234
437,0.3,0.7444727652816105,0.9924368770706794
438,0.3,0.7457213586889238,1.0058719576476423
439,0.3,0.740299262450768,0.9830605530860931
440,0.3,0.7442913172662345,0.997729522618241
441,0.3,0.7402820323191208,0.9761742424624567
442,0.3,0.7459480191769251,1.004748852495847
443,0.3,0.745657780979657,1.0193767893114325
444,0.3,0.7431911701658448,1.00984953172573
445,0.3,0.74440227502038,0.984553327414965
446,0.3,0.7435490226879968,0.9974897635703234
447,0.3,0.7455743433157657,0.9991968993443067
448,0.3,0.7447644637822258,0.9934876637259507
449,0.3,0.7446613320615634,0.9951434990963448
450,0.3,0.7447999068518425,1.012825722908649
451,0.3,0.7433714300450813,0.9808890412155055
452,0.3,0.7466734812673276,1.003551105265996
453,0.3,0.74235732387091,0.9970552408575084
454,0.3,0.7444233402151516,0.9952369549553994
455,0.3,0.7431364715450723,0.9846916321280353
456,0.3,0.7448682541594855,0.9975586818199166
457,0.3,0.7455756340859621,1.0000616714071908
458,0.3,0.7415026820754029,0.9771795805373499
459,0.3,0.7442169749879977,0.993244031413547
460,0.3,0.7411429954823234,0.9752207711642905
461,0.3,0.7475203668848919,1.0100446207363185
462,0.3,0.7401349786635473,0.9787498554335999
463,0.3,0.7419811349495902,0.9875558594291863
464,0.3,0.7440416209841485,0.9880687262853446
465,0.3,0.7416381006128128,0.9984837993109341
466,0.3,0.7412788305073423,0.9849136180618779
467,0.3,0.7435488928726981,0.9967989124117035
468,0.3,0.7427351796182323,1.0001158359789781
469,0.3,0.7418378116072745,0.9857240175269288
470,0.3,0.7432354548976049,0.9944303870053975
471,0.3,0.7414962478976977,0.9734557140816723
472,0.3,0.7420500325559403,0.9898570725979512
473,0.3,0.7430396078648238,0.9869745083671743
474,0.3,0.7436975078212188,0.9977979794963193
475,0.3,0.7440400743445237,0.9999406660447341
476,0.3,0.7421808467454792,0.9904258151403282
477,0.3,0.7429433332113967,0.9959360809117057
478,0.3,0.7415902039869948,0.9886657563568838
479,0.3,0.7430652811528708,0.9887036836289209
480,0.3,0.7440793826353989,1.0018703957399677
481,0.3,0.7437388600258565,1.0033470589622417
482,0.3,0.7442211650074692,1.0062134310001112
483,0.3,0.745138940432741,1.0038342430456784
484,0.3,0.7489644180444383,1.011778051816718
485,0.3,0.7422029614989064,0.9880740484654935
486,0.3,0.7450891065466876,0.9905967336481243
487,0.3,0.7407877682653071,0.989737980912908
488,0.3,0.7467413889723117,0.9942933269606709
489,0.3,0.7425236670885668,0.9880690686789299
490,0.3,0.744613668441142,0.9879897852221995
491,0.3,0.744493781534548,1.000786771756384
492,0.3,0.7455580062149322,1.009662953644627
493,0.3,0.74392906494771,0.9909709469637348
494,0.3,0.7466953623068409,1.0185076902986208
495,0.3,0.7447245846188102,1.0022657939244612
496,0.3,0.7435804323818914,0.9876889926491733
497,0.3,0.7451380751573364,0.9872858288197368
498,0.3,0.7106386505718841,0.9774494171960929
499,0.3,0.7430294023716346,0.9946422457668066
500,0.3,0.7414857760712533,0.9760868234054804
1,0.35,0.7397890832206998,0.9867133924075193
2,0.35,0.7433591018173759,0.9992901198019214
3,0.35,0.7436197649743306,1.004932529766917
4,0.35,0.7437146270716491,0.9808973714768795
5,0.35,0.744228057361499,1.0088469321945743
6,0.35,0.7442906523913958,1.001930241534939
7,0.35,0.7449671239198713,1.0048107660952843
8,0.35,0.7443340991211749,0.9971471488205716
9,0.35,0.7445936900101604,0.9999993522468438
10,0.35,0.7443173144103747,0.9998705071324506
11,0.35,0.7439070368114324,0.9819317457144109
12,0.35,0.7441038171641593,1.0007075480035004
13,0.35,0.7448734065419028,1.0019137166703427
14,0.35,0.7435430061725885,0.9972564081218209
15,0.35,0.7466766767850157,1.0148404591777351
16,0.35,0.7424002673861636,0.9937578444813413
17,0.35,0.7452199686659698,1.007674915528583
18,0.35,0.7471656268997509,0.9973192706139083
19,0.35,0.7114777946202759,0.9740979121205199
20,0.35,0.7436428449002704,0.9891922032478463
21,0.35,0.7438752970583739,0.9845902665810443
22,0.35,0.7440227132125735,1.0008461519611962
23,0.35,0.7472211411353784,1.0189834521452372
24,0.35,0.7412894040499788,0.9791724218422877
25,0.35,0.742193073001786,0.9982881910104378
26,0.35,0.740062668627272,0.9715566080769997
27,0.35,0.745712715947943,0.9947151574115365
28,0.35,0.7438860323222157,0.9981845229381086
29,0.35,0.7438816954287869,0.98925567711998
30,0.35,0.743369439735592,0.9954683582437254
31,0.35,0.7443110047803148,0.9910809565441634
32,0.35,0.7479994931013341,1.016283548956099
33,0.35,0.7438426597934028,0.9757664791320257
34,0.35,0.7436337800554428,0.9954047158639175
35,0.35,0.7446878698926027,1.0036821597699173
36,0.35,0.7464290404921153,0.9998088010219753
37,0.35,0.7446544838342801,0.9989778205434652
38,0.35,0.7463890908883406,1.0117151374132185
39,0.35,0.7452585923877176,1.001796593174368
40,0.35,0.7417836362404051,0.9880172258947311
41,0.35,0.74251482672911,0.9947768706360011
42,0.35,0.7427268157263472,0.9947281184096244
43,0.35,0.7458838522892252,0.9996819071754482
44,0.35,0.746292496246355,0.9978702533436341
45,0.35,0.7437356585016799,1.008036143022167
46,0.35,0.7442770765830945,0.9983905985738745
47,0.35,0.7440325210922065,1.0003646554310721
48,0.35,0.7443589785284283,0.9953209252527416
49,0.35,0.747332222970398,1.0197351728799076
50,0.35,0.7415225302283119,0.984178157463394
51,0.35,0.7438124013772927,0.9853217905888816
52,0.35,0.743700707882979,0.9829944264509799
53,0.35,0.7467642100974529,1.0289935097409473
54,0.35,0.7431260082433696,0.9930125784905597
55,0.35,0.7416396149396861,0.98682152013353
56,0.35,0.7447424423061457,0.9861963841644718
57,0.35,0.7362626471466248,0.9702032404350601
58,0.35,0.7471939167036012,1.005439537127952
59,0.35,0.7404569978394756,0.9729585938724689
60,0.35,0.7490439426131431,1.0058258699324727
61,0.35,0.7405919578036011,0.9794461662013619
62,0.35,0.7456942031168464,0.9994485175052615
63,0.35,0.7436672610287737,0.9965345799241399
64,0.35,0.7434152648981149,1.000958865112384
65,0.35,0.7444640206233352,0.9971882704323447
66,0.35,0.7439623588103398,1.0043802767845333
67,0.35,0.7441624190414614,1.0002142970968408
68,0.35,0.7462692051625092,0.9959614566135749
69,0.35,0.7485568104597091,1.0217063013921197
70,0.35,0.744079676739556,0.9981985665632422
71,0.35,0.7440792117354782,1.0034514206629965
72,0.35,0.7459646162511506,1.0143513630440042
73,0.35,0.7474872979929895,1.0011352179813162
74,0.35,0.7420584573203394,0.9852223332040401
75,0.35,0.7482085720397361,1.0100307760578409
76,0.35,0.7429430773832738,0.9802693983544459
77,0.35,0.7443827845547811,1.0142880792730593
78,0.35,0.7448052203006709,0.9948110456297502
79,0.35,0.7445963162731788,1.0004383956367024
80,0.35,0.743400856052405,0.994791966383373
81,0.35,0.7440791622866945,0.9856425473444494
82,0.35,0.7454810404377954,0.9898850251556323
83,0.35,0.7471927902593795,1.014320735092186
84,0.35,0.7453386532489955,1.000517957375125
85,0.35,0.742860097046285,0.9936367196027921
86,0.35,0.7454546317848895,0.9901182094563565
87,0.35,0.7422192175094852,0.9817109305707399
88,0.35,0.7455371794751,1.0014374841807046
89,0.35,0.742860358774986,0.9931536993265359
90,0.35,0.7447070530588117,1.0048633846875579
91,0.35,0.742356972552844,0.9896863604053167
92,0.35,0.7424036626472091,0.9868124287719564
93,0.35,0.744710326545416,0.9935073563991889
94,0.35,0.7442611954198821,1.0067974146279195
95,0.35,0.740799117143647,0.9602372009569202
96,0.35,0.7421105380286933,0.9954383226724538
97,0.35,0.746017646567496,0.9887655625734336
98,0.35,0.7446085175921614,0.9998049418423741
99,0.35,0.7500010721662814,1.0195501776223712
100,0.35,0.7467037331590537,1.0165341046453487
101,0.35,0.74885163767282,1.0331396899568726
102,0.35,0.7490553360901582,1.0270146394786428
103,0.35,0.7452407227119446,0.9975019373961371
104,0.35,0.7421901473159708,0.9935673823029216
105,0.35,0.7435565193304957,0.9859569916849982
106,0.35,0.7445674764982994,0.9810096080746795
107,0.35,0.7454204834421623,1.005888695039743
108,0.35,0.7446247694114887,0.9878164512906341
109,0.35,0.7441296490710515,0.9960655595193467
110,0.35,0.7446139939529245,1.0009188693805877
111,0.35,0.7458481913832964,1.0034958876178124
112,0.35,0.7454358323523396,0.9991088137588185
113,0.35,0.7417255131173127,0.9853416505251449
114,0.35,0.741832823016726,0.9809654438924809
115,0.35,0.7436469570675688,0.9982875361357282
116,0.35,0.7466108957260137,0.9940786425934005
117,0.35,0.7428078708600087,0.9959078332200026
118,0.35,0.7467892588746495,1.0030938315283013
119,0.35,0.7431856068348339,0.9864537540561987
120,0.35,0.742758856765133,0.9813225751573249
121,0.35,0.7480487093184097,1.0019498602656072
122,0.35,0.746797337471608,0.9953080158310175
123,0.35,0.7433383927384828,1.0074970900967068
124,0.35,0.7438869553488071,0.9924739286715146
125,0.35,0.7453163498564523,0.993004528784338
126,0.35,0.7434355121090561,0.998535328412338
127,0.35,0.7453629966470944,1.0039909912364253
128,0.35,0.7471753313763633,1.0107253299322967
129,0.35,0.7445267774813653,1.0043360992874495
130,0.35,0.7498296795349528,1.0154356293094404
131,0.35,0.7439456488777529,0.9917687913149092
132,0.35,0.744826423827497,1.00481092964845
133,0.35,0.7444121283067416,0.9869654775928307
134,0.35,0.7446421269824174,1.014238050795167
135,0.35,0.7436682100293457,1.0016177787576372
136,0.35,0.7433344920571332,0.9889812422462686
137,0.35,0.7462247985878241,1.0097291487786295
138,0.35,0.7441256753603124,0.9811552966598543
139,0.35,0.7464330690857842,1.0047154199629196
140,0.35,0.74858233823247,1.0176414109883938
141,0.35,0.7433101074260244,0.9913180353540914
142,0.35,0.7458477657939858,1.0006561394305555
143,0.35,0.7447091462326851,0.981967326825846
144,0.35,0.7434073980986488,0.9882387702423091
145,0.35,0.738972390813918,0.9892039155080037
146,0.35,0.7446633557528451,1.0040716152520577
147,0.35,0.7432860936883751,0.9990827112325469
148,0.35,0.7416895328616521,0.992659022158354
149,0.35,0.7460802385856288,0.9879600263069126
150,0.35,0.7422610868958415,0.9820424298026543
151,0.35,0.741034988176873,0.9835383188039509
152,0.35,0.7446432872992444,0.9955326078013335
153,0.35,0.7441136264331727,1.0001729111213375
154,0.35,0.7420245930197803,0.9906234659029782
155,0.35,0.7457392907921101,0.9954886498634953
156,0.35,0.7455960509765184,1.0146956336954134
157,0.35,0.7449734312292371,0.9947511914617941
158,0.35,0.7452883612531649,1.0060465216513736
159,0.35,0.7446979072541661,0.9894546799540349
160,0.35,0.74130721552671,0.9923602204582384
161,0.35,0.743684472029712,0.9962668656340266
162,0.35,0.7472500675044345,1.0030562062509845
163,0.35,0.7441380671433256,0.9882794742841615
164,0.35,0.7435648268281378,0.9942477393107075
165,0.35,0.7415528086787714,0.9869214993152571
166,0.35,0.7462847290819116,0.9947975830207775
167,0.35,0.7431635075708811,0.9939446310294168
168,0.35,0.7439119210861013,1.0045925765963224
169,0.35,0.7447978728286792,0.9913582914573666
170,0.35,0.7424528842463216,0.9875748261092797
171,0.35,0.7435336587826787,0.9979704860469443
172,0.35,0.7453983025282741,0.9895180925542537
173,0.35,0.7449180589553164,0.9993233555862672
174,0.35,0.7445591674863106,0.987985823543347
175,0.35,0.7447922388043584,1.0106115582593673
176,0.35,0.7406966368632545,0.9789908055566464
177,0.35,0.742971823639906,0.9810741592407909
178,0.35,0.7460762958610322,1.0076633429106174
179,0.35,0.7434559312680238,0.9934682966943816
180,0.35,0.7445990559330418,0.9988415037598949
181,0.35,0.7431225979921335,0.9834608227007346
182,0.35,0.7476960118386503,1.0023264187995413
183,0.35,0.7427207152688714,0.981932664535068
184,0.35,0.7462723582622712,1.0126654585155064
185,0.35,0.743154349450868,0.9994702398932925
186,0.35,0.7481514103045619,1.0010876657328354
187,0.35,0.7441797609887262,0.996340523548379
188,0.35,0.7435219709078351,0.9867092093561964
189,0.35,0.7425521413070194,0.9841350103760137
190,0.35,0.7414750574542686,0.9851215404485629
191,0.35,0.7445692715081177,0.9980422021626277
192,0.35,0.7408720271257226,0.9764926098020742
193,0.35,0.7461591308879244,1.0109167678884392
194,0.35,0.7430140929534571,0.9905503628247586
195,0.35,0.7447261001437155,0.9984486609968651
196,0.35,0.7438441420379452,1.0082882727312381
197,0.35,0.7451964855564454,0.9991195827756226
198,0.35,0.7444916648741251,0.9929694324152074
199,0.35,0.7475365218853287,1.0167439883958007
200,0.35,0.7428697575613487,0.9900508935562706
201,0.35,0.7453676057893411,0.9996121770190786
202,0.35,0.7451870460533334,0.9911273625376515
203,0.35,0.7437895820704176,0.9873564376819407
204,0.35,0.7474541770618801,1.0085603524243154
205,0.35,0.7406281949146962,0.9771906712511954
206,0.35,0.748045209214278,0.9990573563184301
207,0.35,0.745798850228393,1.002798720467375
208,0.35,0.7413154262938649,0.9857521787752915
209,0.35,0.744492530414255,1.0053711014434838
210,0.35,0.7432550298630166,0.9800163556875406
211,0.35,0.745197616214694,0.9987529572062858
212,0.35,0.741676400171443,0.9671974238244875
213,0.35,0.7434585957211942,1.0003754131764961
214,0.35,0.7441950017751434,1.001051900222129
215,0.35,0.7413263303145493,0.9933265778270539
216,0.35,0.7414202056838411,0.9704364251303604
217,0.35,0.7381049505977035,0.9651172748776126
218,0.35,0.7460738182442307,1.0068182854223575
219,0.35,0.7431501887790913,0.9884278006177538
220,0.35,0.7435611744097088,0.9957598108755953
221,0.35,0.7462588133663061,1.007292823540472
222,0.35,0.7396170161251906,0.9593829445768941
223,0.35,0.7471400019291837,1.0248803741688834
224,0.35,0.7447279528949101,0.9925936770211008
225,0.35,0.7460459939996116,1.0022867546508638
226,0.35,0.7430131242430575,0.9906906217512205
227,0.35,0.7457397989585709,1.0139766571355984
228,0.35,0.7448908788614731,0.995857948162518
229,0.35,0.746720757702894,1.0039158265246133
230,0.35,0.7463393180020779,1.0078817592925358
231,0.35,0.7429082192679042,0.9879826080140216
232,0.35,0.745590029407733,0.9959675143833363
233,0.35,0.7458901887904791,0.9887934266318283
234,0.35,0.7431899217552528,0.9951798089676137
235,0.35,0.7432730680109131,0.9899802769509042
236,0.35,0.7434559216769303,0.9981784338689541
237,0.35,0.7440823075066669,0.9998591483704423
238,0.35,0.7465433815818927,1.0058576116174165
239,0.35,0.7425173308017021,0.992732349554971
240,0.35,0.7428500697233382,0.9809729746776152
241,0.35,0.7430545883806836,0.996585144603569
242,0.35,0.7422925790484416,0.9802701934359649
243,0.35,0.7421602897533628,0.9948843816944652
244,0.35,0.7422926544254015,0.9875602064299819
245,0.35,0.7424753354611162,0.984015618331171
246,0.35,0.7432636718242216,1.008294877245792
247,0.35,0.74280598729473,0.9825619436486315
248,0.35,0.7462391424420696,1.0194519219197946
249,0.35,0.7433149478730845,0.9974923376341219
250,0.35,0.744980103161426,1.0087737309113556
251,0.35,0.742436402954238,0.9901259403431029
252,0.35,0.7417656393444895,0.9858699708242369
253,0.35,0.7446159848527155,0.9965184414114747
254,0.35,0.7419018713365668,0.974000328371614
255,0.35,0.7423156570948977,0.9783334751490953
256,0.35,0.7418859180147442,0.9726783718132944
257,0.35,0.7440608080681633,0.9923175467234647
258,0.35,0.7486697058306157,1.015230890581681
259,0.35,0.7405645842913209,0.9905934687350048
260,0.35,0.7435042498658645,1.0019246820389132
261,0.35,0.7443135800081935,0.9839726708517631
262,0.35,0.7422087094333962,0.9965633107884355
263,0.35,0.7460433347029872,0.9939224409213551
264,0.35,0.7425430426499895,0.9864521686407765
265,0.35,0.7456258872958529,1.0172562861455
266,0.35,0.7456581966093918,0.9917893002742626
267,0.35,0.7440470769465829,1.0002084553376691
268,0.35,0.7429395605261245,0.9941942468190574
269,0.35,0.7449605542169,1.008154388769076
270,0.35,0.7414437410485055,0.989715181207037
271,0.35,0.7461142356048167,1.0014791941743175
272,0.35,0.7480061214172615,1.0277061806640009
273,0.35,0.7455300100899912,0.9993933584638282
274,0.35,0.741532585127103,0.9719443502874642
275,0.35,0.7438037625689292,0.976953434411204
276,0.35,0.7412196240235326,0.9863844191998518
277,0.35,0.7451377692920588,0.9948786059657713
278,0.35,0.743590005134022,0.9877964577699164
279,0.35,0.744971970348226,1.007540399394253
280,0.35,0.7414190081359205,0.9829192142194675
281,0.35,0.7428868964118142,0.9801433789423687
282,0.35,0.7465145681805614,1.0055795805487444
283,0.35,0.7430825017381988,0.989371747074418
284,0.35,0.743965882809401,0.9947863024791541
285,0.35,0.7419468241918092,0.9930314134047378
286,0.35,0.7452005772087198,0.9945037694355867
287,0.35,0.7428807793749104,0.9953999344683959
288,0.35,0.7439414870655295,1.0083624746785533
289,0.35,0.7443871383793678,0.9948517071688286
290,0.35,0.7452363678566898,1.0123780804224003
291,0.35,0.7434127684043778,0.9967551005286642
292,0.35,0.7437875519976778,0.987677294227219
293,0.35,0.744016766032862,1.0015484097909995
294,0.35,0.7415270752742521,0.9811844705245655
295,0.35,0.741357056865005,0.9772595899680823
296,0.35,0.7435346747587425,0.9999938964695547
297,0.35,0.7424974224452632,1.000319777300254
298,0.35,0.7460233278081736,1.002876043291653
299,0.35,0.7458729580812592,1.009030563295872
300,0.35,0.743330032760412,0.9998295795838469
301,0.35,0.7428105666233824,0.9887484522667205
302,0.35,0.7465469139207959,1.023830099044096
303,0.35,0.7463451875618978,1.0109920888277424
304,0.35,0.7464524871420786,1.001811538343979
305,0.35,0.7469141612752089,1.0031556620821307
306,0.35,0.7435417024290104,1.005913065704272
307,0.35,0.7467788435910709,1.0084472268230997
308,0.35,0.7442649109606567,0.9913618645680471
309,0.35,0.741782480733391,0.9860366867877827
310,0.35,0.740829939013211,0.9832374691907163
311,0.35,0.747059779336185,1.022466177082316
312,0.35,0.7492122378565256,1.0142594191225243
313,0.35,0.7464823464589967,1.005318136067926
314,0.35,0.7429868031389161,0.9895009659067479
315,0.35,0.7418577369713554,0.9816537109409298
316,0.35,0.7450824173937661,1.0092945710306727
317,0.35,0.7456589407277935,1.0012498731600765
318,0.35,0.7462876603156394,0.996346287036241
319,0.35,0.743878995412415,0.9881534767321651
320,0.35,0.7444279651755263,0.9953437283371999
321,0.35,0.7429030805276794,0.9787646071796386
322,0.35,0.7451286608547505,0.9950764779289314
323,0.35,0.7420048940890343,0.9896679277029466
324,0.35,0.7456383375686972,1.004454723303281
325,0.35,0.7418103473023286,0.986882386471996
326,0.35,0.7435732045528038,0.9833450561837743
327,0.35,0.7444834742736911,0.9880846801497628
328,0.35,0.7411144185079117,0.982250543252883
329,0.35,0.7422281561699355,0.9734443503507351
330,0.35,0.7475362531485291,0.9937462736419863
331,0.35,0.7431666977537854,0.9949645427327667
332,0.35,0.7438847216035331,0.9908783030269949
333,0.35,0.7441491387650808,1.0054306539466096
334,0.35,0.7431214197342358,0.9914591129576703
335,0.35,0.7394807125484092,0.9818507059653623
336,0.35,0.7435549086310198,1.0028260131929772
337,0.35,0.7442219240689212,0.9966423824753942
338,0.35,0.742954551213991,0.9939248475353596
339,0.35,0.7448950153480266,0.9973425289350728
340,0.35,0.7440834392446358,0.9915586474702056
341,0.35,0.7422539919409409,0.9891008484467193
342,0.35,0.7436888130869886,0.9876230291466074
343,0.35,0.7416417833548795,0.996762706675023
344,0.35,0.7439720477184979,0.9909591576621518
345,0.35,0.7430139131938703,0.9786232342744484
346,0.35,0.7434078196785814,0.9968232734056915
347,0.35,0.7406912915408619,0.9884128016760847
348,0.35,0.7467347566987421,1.0116910068541196
349,0.35,0.7458599607370693,0.9953040620077438
350,0.35,0.7474618773076774,1.008371277874839
351,0.35,0.7449243301062004,0.9941065590231323
352,0.35,0.7420382575587863,0.988449463492364
353,0.35,0.7456778779610397,0.9983577634543648
354,0.35,0.7432686097581274,0.9978658933825347
355,0.35,0.7439651265685713,0.9912182349216387
356,0.35,0.7438458625778457,0.9911498793906769
357,0.35,0.7463461560952319,1.0009397454614841
358,0.35,0.7432957822103,1.0000419781983985
359,0.35,0.7478270789715808,1.0080890307795287
360,0.35,0.743828583862126,0.9936119187357397
361,0.35,0.7452453316279826,1.0069390486678982
362,0.35,0.7424326705926233,0.9911075486164029
363,0.35,0.7442153363481445,0.979424501475344
364,0.35,0.7430798142536871,0.9796545162795727
365,0.35,0.7500987637437269,1.0265249149445048
366,0.35,0.7437601829625183,0.9917593862945419
367,0.35,0.7438017648294561,0.9881253210541774
368,0.35,0.7461671365525897,0.9894448295778691
369,0.35,0.7478301461856551,1.0015759427703634
370,0.35,0.7459788427486593,0.9876341988270767
371,0.35,0.7476266172580848,1.0154228084422425
372,0.35,0.7433730601940102,0.9889798825713323
373,0.35,0.7349916772807843,0.9636740650454539
374,0.35,0.7445069996513237,1.017415557469273
375,0.35,0.7411787584420676,0.9818979284298388
376,0.35,0.7432013251813558,0.9893925436813181
377,0.35,0.7441998409179598,1.008014874632778
378,0.35,0.7468688219112525,1.0074966337692448
379,0.35,0.7449054311496157,0.9955329922497816
380,0.35,0.7436283031295493,0.9940362573160748
381,0.35,0.7426259250500752,0.9954446284072216
382,0.35,0.748019639656115,1.0045111422368866
383,0.35,0.7439696294502562,0.988858207504122
384,0.35,0.7437898751395685,0.995900565609197
385,0.35,0.7436496688779006,0.9982327164772266
386,0.35,0.7437988200655242,0.9960316794813029
387,0.35,0.7428262328966198,0.9902088440669716
388,0.35,0.7442483768294234,1.0004880512569587
389,0.35,0.7470687937959807,1.014429480465278
390,0.35,0.7461327426458425,0.9990642294781589
391,0.35,0.7451618836441632,0.9888732766677297
392,0.35,0.7429502882612622,0.9933301109609044
393,0.35,0.7412416896376219,0.9687931526030014
394,0.35,0.7423733713303454,0.9901918900689654
395,0.35,0.7442967644766653,0.9989006012166467
396,0.35,0.7426157110917435,0.9826363247339875
397,0.35,0.7428633067010079,0.9865738723006414
398,0.35,0.7440197887434334,1.0092180763627088
399,0.35,0.7399885623225103,0.9813645795359316
400,0.35,0.7443155734898893,1.0013843550246655
401,0.35,0.7437216244588453,0.9958738241933865
402,0.35,0.7476847925342517,1.010745393156448
403,0.35,0.7484811849754301,1.0134426300158481
404,0.35,0.744703758940397,0.9894711262289194
405,0.35,0.7463061173024113,1.005725986509766
406,0.35,0.7458753666129393,1.0161521862894614
407,0.35,0.7470802649337479,1.0119422928767623
408,0.35,0.7438909673433469,0.9855592343731703
409,0.35,0.7468203461349247,1.0029209885456851
410,0.35,0.745753399860045,1.005366049568245
411,0.35,0.7425582579747433,0.9906206205245026
412,0.35,0.7450200538306657,0.983093429940807
413,0.35,0.7418727468154103,0.9904345674197339
414,0.35,0.7458742951143438,0.9899816823564239
415,0.35,0.7445554365053517,0.9977850718580564
416,0.35,0.7437024217272027,0.9885498194426691
417,0.35,0.7415186862201669,0.9834144838873807
418,0.35,0.742228759490337,0.986227931873462
419,0.35,0.7443504040824449,1.000757762855161
420,0.35,0.7478454573105716,1.0141542277686966
421,0.35,0.7425924794150803,0.9806976662191732
422,0.35,0.7446319715175674,0.9983881231312259
423,0.35,0.7468109375913295,1.0117066973353153
424,0.35,0.7446147798324867,0.9946902941662829
425,0.35,0.7425104944998816,0.9827445246990677
426,0.35,0.7444240192105751,1.0028914187322526
427,0.35,0.7427838753212748,1.0023052652926958
428,0.35,0.7436485544262147,1.01036827770126
429,0.35,0.7412252855042314,0.9890030312420213
430,0.35,0.7442993710235576,0.990936098339637
431,0.35,0.7441437443926385,0.997972029752527
432,0.35,0.7457084495091897,0.9924074123791492
433,0.35,0.7430378867700744,0.9984478141307859
434,0.35,0.7451292907198301,0.9941317164971889
435,0.35,0.7446118267615635,1.00156074659991
436,0.35,0.7438919977349335,0.9976605086718934
437,0.35,0.7384531062312498,0.9704883504002807
438,0.35,0.7455368097499261,1.0019655003634929
439,0.35,0.7438098275186901,0.9989659360252594
440,0.35,0.743119556941603,0.9981157998839238
441,0.35,0.7430542811875068,0.9980308386380076
442,0.35,0.7451758271898714,1.003013556945602
443,0.35,0.744880468981579,0.9938148587295106
444,0.35,0.7435896805260209,0.991942000520677
445,0.35,0.7460601118623871,0.9997893904732844
446,0.35,0.7448238866950108,0.9944002107767479
447,0.35,0.7446243872234731,0.9976658581094525
448,0.35,0.7441230115491071,0.9859388389478702
449,0.35,0.741851938234382,0.9851828196364847
450,0.35,0.742010548356253,0.9849553468867456
451,0.35,0.7445196419920587,1.0130321696067943
452,0.35,0.7436513219661705,0.9951459809324809
453,0.35,0.7435273088469803,1.0087499158595317
454,0.35,0.7459307479644717,1.01208907037455
455,0.35,0.7468848132965966,1.0089857274823104
456,0.35,0.7443481231651511,1.0019226142443094
457,0.35,0.7446708203209942,0.9959272834836365
458,0.35,0.7404477335166236,0.9827827085833156
459,0.35,0.744213785857381,0.9952576051867877
460,0.35,0.7434694390347967,0.9969734309891986
461,0.35,0.7470934686714594,1.0118925133688796
462,0.35,0.7426382216226481,0.9829438357346774
463,0.35,0.7456710444057184,1.0117968521513343
464,0.35,0.7474816877776054,1.0088262099717167
465,0.35,0.745437277874709,1.0019894078274059
466,0.35,0.7438904682001836,0.9797093924094037
467,0.35,0.7461559105153969,1.0002220166565632
468,0.35,0.7447623070126197,1.0061089342394414
469,0.35,0.7469882968776514,1.009204634638105
470,0.35,0.7454596609039169,0.9921935619779088
471,0.35,0.7429835413359568,0.9936082634121581
472,0.35,0.7462917287690625,1.0058103717358082
473,0.35,0.7434169892380007,0.9858672979710621
474,0.35,0.7423812079749584,0.9972221332924869
475,0.35,0.7448003643384855,1.0021251341839477
476,0.35,0.7418177722983403,0.9806985122914308
477,0.35,0.7437202089915734,0.9858388432581763
478,0.35,0.747074166832093,1.004894830955165
479,0.35,0.7455818236188992,1.0004477345162388
480,0.35,0.743556481863861,1.000641087698059
481,0.35,0.7399703850522577,0.9743205625531511
482,0.35,0.7430996960986946,0.9901444288509822
483,0.35,0.7451554920834632,1.006472883815262
484,0.35,0.7435062037672194,0.9902960298819097
485,0.35,0.7453801361056324,1.0039519536469577
486,0.35,0.7401070888415424,0.9973282253068373
487,0.35,0.7452969663598872,1.008839615516398
488,0.35,0.7384814848746577,0.9666784975518428
489,0.35,0.743807851431542,0.9883232383818619
490,0.35,0.7460087599932986,1.0100218183088772
491,0.35,0.7463846276314703,1.003129666901746
492,0.35,0.7464511221163403,1.0094820328280467
493,0.35,0.7415124798597635,0.9807249377402285
494,0.35,0.7470536464946294,0.9967730271811388
495,0.35,0.7475366894732436,1.0149209811780027
496,0.35,0.7431481283399982,0.990439189027067
497,0.35,0.7389421603630347,0.9686053434344111
498,0.35,0.7456665434600613,1.0089566082789228
499,0.35,0.745282769053459,0.9976001295562433
500,0.35,0.7416732993009348,0.9775684132862099
1,0.15,0.46803949190433747,0.9544922900124606
2,0.15,0.46802893573560694,0.9484639736981089
3,0.15,0.46688221126468304,0.9345021764489683
4,0.15,0.46620272816499897,0.943442744063851
5,0.15,0.46885502089544934,0.955981717146004
6,0.15,0.4673741059439004,0.952994270147695
7,0.15,0.4685159823890419,0.9402791339043427
8,0.15,0.4693263883813368,0.9444284474579568
9,0.15,0.4696361167310156,0.9503734260425628
10,0.15,0.4667384612268883,0.9490125511931454
11,0.15,0.46698656273117223,0.9552810185528358
12,0.15,0.4679151494796761,0.9528673041899842
13,0.15,0.46601291062067834,0.948196184002306
14,0.15,0.46868524774961323,0.9573524691911897
15,0.15,0.46872553182485815,0.949834693539428
16,0.15,0.4685922380265774,0.9575099484559645
17,0.15,0.46722077366028597,0.9507460278034625
18,0.15,0.46871319319351445,0.9508061936023408
19,0.15,0.4669765181550515,0.9433035395631999
20,0.15,0.4683305863736508,0.9549396138457082
21,0.15,0.4704330198931879,0.9463163333062956
22,0.15,0.4654793016398052,0.9276255354015143
23,0.15,0.46708587028046633,0.9482864986458771
24,0.15,0.4700444457366573,0.9494307377268479
25,0.15,0.4673853084277205,0.9531661467275618
26,0.15,0.46847184064214886,0.9561778205448374
27,0.15,0.46838215301368824,0.9417154893510861
28,0.15,0.46612010258369324,0.9508426424360932
29,0.15,0.4682951524008344,0.9553392461378744
30,0.15,0.4666794095501575,0.9497855067856332
31,0.15,0.4678383211566064,0.950682068280083
32,0.15,0.4689200580647808,0.955587414282382
33,0.15,0.46951331783350214,0.9541951152041939
34,0.15,0.4682277547479924,0.9342692919749302
35,0.15,0.4678951918358927,0.9537510447683217
36,0.15,0.4680110480750758,0.9315234489609704
37,0.15,0.4666376323883051,0.9500688686017216
38,0.15,0.46852104603534156,0.9588052427784195
39,0.15,0.46882873598199687,0.944201686182961
40,0.15,0.46776215116859954,0.9511783636780198
41,0.15,0.4680948439023368,0.957711050604289
42,0.15,0.4691903709534284,0.9525475826701925
43,0.15,0.4698864012279805,0.9504043539607168
44,0.15,0.46618506124068476,0.9437380955310049
45,0.15,0.4691871578350455,0.9478930940778124
46,0.15,0.4679365546265609,0.9565072971773412
47,0.15,0.4683188005716238,0.9558304357606486
48,0.15,0.4655921782754212,0.9561264701166318
49,0.15,0.4675014700565347,0.9413735290418285
50,0.15,0.46843480266671644,0.954361248424517
51,0.15,0.4689763237413802,0.9608843793640823
52,0.15,0.46760092752357807,0.9525403015869638
53,0.15,0.46787631882460695,0.9529838349878652
54,0.15,0.46783462005727877,0.9548022334419309
55,0.15,0.4683142375229191,0.9549996026945704
56,0.15,0.4682820306453941,0.9466980113897095
57,0.15,0.4678678349372786,0.947800653928817
58,0.15,0.4674694081063351,0.9457993973967589
59,0.15,0.4677449491918116,0.9504705481943676
60,0.15,0.468910480848555,0.9575348109340215
61,0.15,0.468998474072695,0.9521920340670749
62,0.15,0.46821821336572267,0.9557555203868258
63,0.15,0.4685682380657776,0.9419799645324511
64,0.15,0.4680848639044947,0.9472883074934247
65,0.15,0.468032673654011,0.9503676826914281
66,0.15,0.4688537356272717,0.956737922762819
67,0.15,0.4676894244323978,0.9513140078537227
68,0.15,0.4694327083629205,0.9601136598610044
69,0.15,0.4676493308503122,0.9558624405700233
70,0.15,0.46795250572775265,0.9486018361799495
71,0.15,0.46889666940973823,0.9542034533473529
72,0.15,0.46954543844361357,0.9586699975379046
73,0.15,0.46758049270090274,0.9431068346268936
74,0.15,0.4697578624252234,0.9515499236997162
75,0.15,0.46892747809081625,0.9562212020713932
76,0.15,0.4676064826022899,0.9447235624856327
77,0.15,0.4681549724089851,0.9284432935161097
78,0.15,0.4677818840736699,0.9467995508707892
79,0.15,0.46573896935532116,0.9559836259721521
80,0.15,0.46803803871887906,0.9471155578781334
81,0.15,0.4686227939956695,0.9546114042604933
82,0.15,0.46777052446129314,0.9518610962831318
83,0.15,0.46791249077187796,0.9465807945620913
84,0.15,0.4682485743278764,0.958401558567227
85,0.15,0.4692548689100295,0.9535056737908897
86,0.15,0.46624568069139904,0.9554633846116186
87,0.15,0.4690891674818124,0.9493180783593161
88,0.15,0.46694082527365643,0.954912957900858
89,0.15,0.46577267203146855,0.9352995786280781
90,0.15,0.4687667310766472,0.9491239414176991
91,0.15,0.4673433380181516,0.9468524031909883
92,0.15,0.4691212310898145,0.9533197065369289
93,0.15,0.4676854759323338,0.9511684058762175
94,0.15,0.4688364681016016,0.9422051588793311
95,0.15,0.4685060659663757,0.9478777492453169
96,0.15,0.46845862235224256,0.9467533448376243
97,0.15,0.46935655060140635,0.950117411984295
98,0.15,0.46853055333803945,0.9388817551474343
99,0.15,0.46649942849552656,0.951348801578419
100,0.15,0.46799535413114457,0.9500655977368653
101,0.15,0.46746186744846957,0.9539016440885175
102,0.15,0.46836846422097406,0.9576238242843333
103,0.15,0.4673879470359723,0.9494881270400307
104,0.15,0.4699347695796394,0.960761847921012
105,0.15,0.46551763930891493,0.9579535801710882
106,0.15,0.46929188369310915,0.9488418977316072
107,0.15,0.4692758677555892,0.9549141387444573
108,0.15,0.46585719804939946,0.9370471792401928
109,0.15,0.46613906512235614,0.9493243301752005
110,0.15,0.46733919389659273,0.9472088218512565
111,0.15,0.46866300267175276,0.9409397582339266
112,0.15,0.4694445291583417,0.9489585950024851
113,0.15,0.46977030459002156,0.9516828802095944
114,0.15,0.46577032271612606,0.9543634633638652
115,0.15,0.46826560578615584,0.9506574310243312
116,0.15,0.4687271967471224,0.949925720550456
117,0.15,0.4676390676674537,0.9468455897732833
118,0.15,0.46703847981713675,0.9449053730233867
119,0.15,0.46842479281070704,0.9558289234161398
120,0.15,0.4685024937339951,0.9475355126797506
121,0.15,0.4676658556055504,0.9588733448759472
122,0.15,0.4693923899969245,0.9541209686658457
123,0.15,0.46753068901300204,0.9556049526672566
124,0.15,0.4693329489102949,0.9537421770290447
125,0.15,0.4679479118311629,0.9404371912200236
126,0.15,0.46845826106930905,0.9545609058459812
127,0.15,0.47071646113877846,0.9544990718542544
128,0.15,0.4684809423894651,0.9597422493750097
129,0.15,0.46995863362992074,0.9560114356750674
130,0.15,0.46696243533431764,0.9547244924267958
131,0.15,0.4689712022410578,0.949930132302828
132,0.15,0.46932761889175056,0.9553133241876727
133,0.15,0.46699686661375767,0.9551256558153635
134,0.15,0.4665042474939639,0.9442843679497135
135,0.15,0.4670430592286907,0.9442148391570651
136,0.15,0.46921186005637694,0.9488120837643235
137,0.15,0.4694516819208516,0.940564809548074
138,0.15,0.468983455828815,0.9570035247479851
139,0.15,0.46542460264425245,0.9508615462430102
140,0.15,0.4668360507629789,0.9509044880149335
141,0.15,0.46903664602972167,0.947527360565662
142,0.15,0.46908360462069665,0.9542392693865762
143,0.15,0.46738475869388135,0.9510371692299849
144,0.15,0.4657089093038882,0.941819305611527
145,0.15,0.4667954316764719,0.9513021987088623
146,0.15,0.4670252399921275,0.9587822398595331
147,0.15,0.46774326789243414,0.9527221228420351
148,0.15,0.4690805984382456,0.9480945223412299
149,0.15,0.4674924209610516,0.9566364228562769
150,0.15,0.46771595413358874,0.9590658428504988
151,0.15,0.46779030208546346,0.946260991669932
152,0.15,0.46682152674576444,0.9482979755558957
153,0.15,0.4688934259612578,0.9449363403347543
154,0.15,0.4684131554556128,0.9499280889317984
155,0.15,0.4695825062861815,0.9544622066749219
156,0.15,0.466743040135838,0.9483263862432059
157,0.15,0.46755795460198046,0.9464067705681101
158,0.15,0.466328477755098,0.9549049402605948
159,0.15,0.46987024938944305,0.9480927992910836
160,0.15,0.4686187959935356,0.9609086989396503
161,0.15,0.46810221329291146,0.9479771133967572
162,0.15,0.46842536435585064,0.9531472686864977
163,0.15,0.4684060617021033,0.9515777054141608
164,0.15,0.4678609831523704,0.9409132281463144
165,0.15,0.4682066533305365,0.9477415306750147
166,0.15,0.46625146670979695,0.9530911584100658
167,0.15,0.468681284136617,0.9488475418416666
168,0.15,0.4673699746512892,0.9546566302065466
169,0.15,0.4674042943391425,0.9431384962704239
170,0.15,0.46803163572165196,0.9507729253989787
171,0.15,0.46898986076306537,0.9570384983801782
172,0.15,0.4672018431232729,0.9619524221268664
173,0.15,0.46745244411361986,0.9472184168919777
174,0.15,0.4908347443007547,0.9561270197829258
175,0.15,0.4670269069508074,0.9517163696048486
176,0.15,0.46757827942817953,0.9482366525693791
177,0.15,0.4689755121348513,0.9513183075009384
178,0.15,0.4693952333002978,0.9580626446786709
179,0.15,0.46787077297196106,0.9479158572489587
180,0.15,0.46693573107258896,0.9578971695694416
181,0.15,0.4664237433463147,0.9498488747091525
182,0.15,0.47024276442348323,0.9509161902417222
183,0.15,0.467970753726402,0.9534058666058439
184,0.15,0.4671161181684261,0.9303989461998176
185,0.15,0.4662151645617085,0.9459113833253607
186,0.15,0.46633849288475393,0.9559611907555413
187,0.15,0.46809625650401826,0.9503147559979087
188,0.15,0.4695899459046497,0.9517227516794147
189,0.15,0.46614681393506774,0.9456651586306769
190,0.15,0.46892818023255556,0.9406186328371806
191,0.15,0.46872243437150296,0.9452944292473113
192,0.15,0.4672429934176708,0.9470572163509582
193,0.15,0.469133285848608,0.9588167838482153
194,0.15,0.4684718495017396,0.955183496355545
195,0.15,0.46781555251844836,0.9361493900232367
196,0.15,0.4699766885981715,0.9506465282587873
197,0.15,0.4680081649394406,0.9578387088438058
198,0.15,0.4649185900210134,0.9415004196695408
199,0.15,0.469533580844501,0.9567311403401152
200,0.15,0.4657902762870879,0.9478469221673537
201,0.15,0.468940622574787,0.9581288598094351
202,0.15,0.4693629544808791,0.9557646626574894
203,0.15,0.468483832754107,0.9451555629153737
204,0.15,0.46790973729639157,0.9568182309088448
205,0.15,0.46792300195280606,0.9522119763106411
206,0.15,0.46875574265800135,0.9469968919267094
207,0.15,0.4659258125881332,0.9469257424945025
208,0.15,0.4694298329314144,0.9570778971742818
209,0.15,0.4682170504296339,0.9388896978544997
210,0.15,0.46730794614344395,0.9525397648960042
211,0.15,0.4685714891224247,0.9476012752522226
212,0.15,0.4707440041363664,0.9538386593150224
213,0.15,0.46785309928508995,0.951990658721885
214,0.15,0.46847915318084454,0.9284952250940295
215,0.15,0.46823405057802003,0.952212737710261
216,0.15,0.4673619629047366,0.947680196734591
217,0.15,0.4687902881461512,0.9510481645698927
218,0.15,0.46865032021731917,0.9590520406889302
219,0.15,0.4686050195378664,0.9470289780051152
220,0.15,0.469294430018533,0.9563691580874063
221,0.15,0.46746048859116524,0.949970264116816
222,0.15,0.4680013281173009,0.9553610044652463
223,0.15,0.4677268020867866,0.9503215957662488
224,0.15,0.4697979475265188,0.943514400569903
225,0.15,0.4681035587515562,0.9486080455705114
226,0.15,0.46751566742149914,0.9550767184370297
227,0.15,0.46807505406812083,0.9349219879304091
228,0.15,0.46510632526104395,0.9510800491268937
229,0.15,0.46857405088623355,0.9576131372046582
230,0.15,0.4674974273261163,0.954572819865551
231,0.15,0.4666952919307197,0.954893978303582
232,0.15,0.4688444141013225,0.9539619614384093
233,0.15,0.46773765520816224,0.9549285863538172
234,0.15,0.46782521648888653,0.9509838052194366
235,0.15,0.4676811059224901,0.9311560321397251
236,0.15,0.46986769055807576,0.9586979783861332
237,0.15,0.46943528146263924,0.9479963849959151
238,0.15,0.4678053851599645,0.9473644894341786
239,0.15,0.46770434430165125,0.9446142361578049
240,0.15,0.4692850507718891,0.9449951650018872
241,0.15,0.46913743517822337,0.9620107674575213
242,0.15,0.4664478879606361,0.9494484528954062
243,0.15,0.46691472408056156,0.9573552620229088
244,0.15,0.46605495881772463,0.9408912035042759
245,0.15,0.4677529571731241,0.9528517490357205
246,0.15,0.46614719693723355,0.9580909702315435
247,0.15,0.4685096897144888,0.9526673463682339
248,0.15,0.46810496561126397,0.9539898542425632
249,0.15,0.4660563388886733,0.9496400913877355
250,0.15,0.4698687141199769,0.9389783611616394
251,0.15,0.46806392543747166,0.950885379028591
252,0.15,0.4673250448109994,0.9531115799436451
253,0.15,0.4682729663759282,0.9570632686988507
254,0.15,0.4680181151170541,0.9481661169389799
255,0.15,0.46926026504282964,0.9544535790446266
256,0.15,0.469095321798804,0.9545088653832113
257,0.15,0.4668353964491773,0.9520527567171554
258,0.15,0.4674311350435345,0.9501155604930259
259,0.15,0.4685301212613652,0.9447314323791378
260,0.15,0.4707299217161173,0.9524537396894724
261,0.15,0.4672449247156495,0.9528339647720605
262,0.15,0.4682002382346215,0.954287655871529
263,0.15,0.4674777891765594,0.9598495641719355
264,0.15,0.4691945522424984,0.9580589489764436
265,0.15,0.46892324492851145,0.9465241656941695
266,0.15,0.46878627260741146,0.9538626924554289
267,0.15,0.46760906119017603,0.9464048743597733
268,0.15,0.4695899986483822,0.9415270641826515
269,0.15,0.46738193098023195,0.9545938212021766
270,0.15,0.46728081757495493,0.9470029173926757
271,0.15,0.46665292639172223,0.9533347005822761
272,0.15,0.46777949797430474,0.937225087672388
273,0.15,0.468222088097068,0.9550301635040859
274,0.15,0.4676292908340006,0.9461394771111429
275,0.15,0.4686274412441691,0.9430192963177786
276,0.15,0.4683217642351917,0.9503150176234605
277,0.15,0.4677975437579519,0.9525977927181782
278,0.15,0.4674385361146099,0.9494447226398727
279,0.15,0.46692750342091893,0.9494989459495312
280,0.15,0.47139433703320016,0.9500856790234415
281,0.15,0.4680365237947411,0.9553195960869436
282,0.15,0.46826840987778484,0.9558478997697979
283,0.15,0.46911852515800573,0.9546638330816819
284,0.15,0.4651413441019994,0.9511021621457856
285,0.15,0.4699132932817171,0.9427271335953791
286,0.15,0.4678892633783099,0.9466281684763058
287,0.15,0.4685901027601214,0.9518693476838163
288,0.15,0.46896874283334017,0.9547893994985109
289,0.15,0.4697717394155572,0.9426066716434457
290,0.15,0.4693905873927854,0.9547081037180959
291,0.15,0.4661436815720388,0.9360825651713293
292,0.15,0.4678569517003626,0.9551521027872968
293,0.15,0.46862638305862786,0.9401739537562166
294,0.15,0.47129776942520396,0.9507814787846
295,0.15,0.4676782515609752,0.9469626369233487
296,0.15,0.4678177438498826,0.9499240899073179
297,0.15,0.46611936417377947,0.9603301258803272
298,0.15,0.4693674462499974,0.9430239672044431
299,0.15,0.4677740495856102,0.9537165262486625
300,0.15,0.46610500733966426,0.9352531451997882
301,0.15,0.467912308135398,0.9427325284523967
302,0.15,0.4668044384321894,0.9591653868791586
303,0.15,0.46775285103829195,0.949395457599713
304,0.15,0.4697342276139368,0.9512714995357968
305,0.15,0.4690263776064228,0.9456994090510391
306,0.15,0.4661400378788512,0.9491454762654248
307,0.15,0.4670842102710145,0.954018922793344
308,0.15,0.4688874570107523,0.9513728535836206
309,0.15,0.4691604478283357,0.954614625820233
310,0.15,0.46888133698008877,0.9501878272521644
311,0.15,0.4676133608892166,0.9552130687333171
312,0.15,0.468452554074007,0.9550810355303732
313,0.15,0.46613732007153763,0.9572095130152904
314,0.15,0.46707731002565533,0.9550361556652434
315,0.15,0.4676002515381412,0.9478377472419476
316,0.15,0.4680824190159799,0.9473609055742739
317,0.15,0.46684764179504407,0.9346094073803518
318,0.15,0.47020882752058396,0.9593350836801223
319,0.15,0.4688049221275673,0.9466093829242537
320,0.15,0.46881362608027155,0.9555239918974299
321,0.15,0.46812800221065165,0.958507582832616
322,0.15,0.4675365607451531,0.9430107451261053
323,0.15,0.46842925745620634,0.955994864024722
324,0.15,0.46820088773422364,0.9528503061264734
325,0.15,0.4676447382681797,0.9359896100116107
326,0.15,0.4702563612595494,0.9446052360161655
327,0.15,0.4683623742154961,0.953859865867761
328,0.15,0.46856864816068916,0.9558152171959013
329,0.15,0.4678188900712042,0.9459940095626882
330,0.15,0.4683471202802507,0.9536119788143675
331,0.15,0.4686018139766919,0.944896417380129
332,0.15,0.46799562115549154,0.9522279168961608
333,0.15,0.4691309640365246,0.95696392102693
334,0.15,0.4687404051094055,0.9557048104637202
335,0.15,0.46609316864938816,0.9491743433692984
336,0.15,0.46707033275258175,0.9456752389026631
337,0.15,0.4661593302530288,0.9471130979727673
338,0.15,0.4677598215057748,0.9444580907771841
339,0.15,0.4677559978864186,0.9451223321050038
340,0.15,0.46645910876288554,0.9381625362340015
341,0.15,0.46609634619974605,0.9457504077664817
342,0.15,0.4671700980163353,0.9464839765289207
343,0.15,0.4691782967921468,0.9563926814912589
344,0.15,0.4660261108232085,0.9536033742426654
345,0.15,0.4680303793697721,0.954768337723128
346,0.15,0.46734450620361806,0.9532379970942322
347,0.15,0.46986826432937434,0.9569295239658597
348,0.15,0.470457910390647,0.9578434577044882
349,0.15,0.4712801516617144,0.9464221044367318
350,0.15,0.468701565110302,0.954236493101078
351,0.15,0.4680598013037605,0.9494633678909508
352,0.15,0.46912505202365135,0.9488482527753135
353,0.15,0.469229793636995,0.9525131175165148
354,0.15,0.4678745603042293,0.9483434012175809
355,0.15,0.4675847486412482,0.9528325637987741
356,0.15,0.4666727578608763,0.9537729275586027
357,0.15,0.4672264882998015,0.9436533422055385
358,0.15,0.4680407171356221,0.952949833262101
359,0.15,0.4677977249062255,0.9515102194380245
360,0.15,0.4683451023288696,0.9515451262799721
361,0.15,0.4684275729936266,0.9587330208282736
362,0.15,0.46750868839380216,0.9521186266680153
363,0.15,0.46735342515065054,0.9482878489348099
364,0.15,0.4692697531180664,0.956165671293795
365,0.15,0.4691582788229302,0.962066026217275
366,0.15,0.46831180115234056,0.956098913858989
367,0.15,0.468187827537053,0.9565720428065222
368,0.15,0.46725746011665775,0.9587927739336845
369,0.15,0.4693124962254885,0.9555003322070109
370,0.15,0.46802469440015665,0.9469769434426509
371,0.15,0.4690680776434562,0.9546800779234699
372,0.15,0.4675582353137292,0.9487058943342334
373,0.15,0.4682903609656216,0.9562945540049309
374,0.15,0.46742650576544065,0.9496353413381083
375,0.15,0.46786509245136837,0.9466933767439826
376,0.15,0.4684894313493312,0.948122772602249
377,0.15,0.4691391938834356,0.9506567404628176
378,0.15,0.4681809381044127,0.9493740330668634
379,0.15,0.4680189530853624,0.9414781254595084
380,0.15,0.4683376183880773,0.9448334003734077
381,0.15,0.4684998230159076,0.9573816580117543
382,0.15,0.4663855460582769,0.9433614081671482
383,0.15,0.46969314507772564,0.9416940703967914
384,0.15,0.468284719682659,0.9579784220229747
385,0.15,0.4671050017564262,0.9464444721036016
386,0.15,0.4663453033891526,0.9447789975167998
387,0.15,0.4672144732234689,0.9508795733092071
388,0.15,0.46828429742670774,0.9566276341133753
389,0.15,0.46832673367117306,0.9599524644737686
390,0.15,0.4690977997271158,0.9545961668677758
391,0.15,0.46875031588918065,0.9561127471084319
392,0.15,0.46849018418125343,0.9480286720416
393,0.15,0.469314007903037,0.952824238891988
394,0.15,0.46986171899416795,0.9596223913377232
395,0.15,0.4680930561196588,0.9511323282049645
396,0.15,0.46968984544773495,0.9623462263877554
397,0.15,0.4680219574118428,0.9449591522385006
398,0.15,0.4699425869449385,0.9521193126777807
399,0.15,0.46856451625789225,0.9565194797883849
400,0.15,0.47015645808952106,0.9498396782600057
401,0.15,0.4665461600913874,0.9565124296784706
402,0.15,0.46899537354673976,0.952025919500323
403,0.15,0.46686062075809387,0.9512528010175162
404,0.15,0.46929107765185785,0.9600268504486238
405,0.15,0.46898150463627847,0.9504399434815556
406,0.15,0.4678997679440384,0.9605959626950944
407,0.15,0.46865123091937194,0.958402407468731
408,0.15,0.46751739289626887,0.9538862572623654
409,0.15,0.4677072661832567,0.9386510808592563
410,0.15,0.4673554988217053,0.9514397019672938
411,0.15,0.46705635371759685,0.9530650524319854
412,0.15,0.46887122447695617,0.9498104553116284
413,0.15,0.46643781733530165,0.9560735515021278
414,0.15,0.4678310916179362,0.9531841410156673
415,0.15,0.46838882259536163,0.9461076575808447
416,0.15,0.46854546508800354,0.9543431714865297
417,0.15,0.46717342164273223,0.9487936782244203
418,0.15,0.46711437223096447,0.9387048788539005
419,0.15,0.46999801561789273,0.9536799184923411
420,0.15,0.46715471627661265,0.9571329325236095
421,0.15,0.4693115928981335,0.9516032773600155
422,0.15,0.469921013054122,0.9568686275266796
423,0.15,0.4655637519483406,0.9514531348307276
424,0.15,0.46796862163660435,0.9429236850650794
425,0.15,0.4672509655640618,0.9515424296252983
426,0.15,0.4683016976835027,0.9584423424531017
427,0.15,0.4688975148549602,0.9574112431478566
428,0.15,0.4684292581376451,0.95120905109243
429,0.15,0.46774875899363444,0.9504034333288023
430,0.15,0.46962820903672137,0.9534659419095431
431,0.15,0.46980674804858336,0.9464830307433406
432,0.15,0.4665238661284242,0.9609848686997143
433,0.15,0.469068255458402,0.9508263540307906
434,0.15,0.4687306001554834,0.9505010472488649
435,0.15,0.46704809798682334,0.9506718617302264
436,0.15,0.4678209767342518,0.9487248910022833
437,0.15,0.46880854380392784,0.9483288841199397
438,0.15,0.46962272876854083,0.9446876577288147
439,0.15,0.46896240365486985,0.9471271920697975
440,0.15,0.46839007981611097,0.9566796593417971
441,0.15,0.467078125341071,0.9434779107565202
442,0.15,0.4682946919747083,0.9561733430054099
443,0.15,0.4681569797316055,0.9507476584573508
444,0.15,0.46782534130548903,0.94554513953994
445,0.15,0.4686838638042516,0.9480263003643139
446,0.15,0.4672526661415881,0.9411528939123155
447,0.15,0.46821533414172156,0.95725398538831
448,0.15,0.4667308554419288,0.955212959331408
449,0.15,0.46604804762637086,0.9524825983577464
450,0.15,0.46572400134290187,0.9410591483136022
451,0.15,0.4686187696010364,0.9584763710226
452,0.15,0.4691663557790131,0.9480435929852508
453,0.15,0.46703465982148606,0.9573053540207861
454,0.15,0.46968665052513026,0.9556978167144725
455,0.15,0.46833306181665657,0.9513800661822049
456,0.15,0.468043966335241,0.9520944583159546
457,0.15,0.4692056489953308,0.9432646553439771
458,0.15,0.46822115922488705,0.9527103864346853
459,0.15,0.46718933910432386,0.9573256205594163
460,0.15,0.46830195274026903,0.9540614074715473
461,0.15,0.4702150790997753,0.947803916740977
462,0.15,0.4688520086695917,0.9519036601527104
463,0.15,0.4664960727362217,0.9553770599874102
464,0.15,0.4660827674653783,0.950983842684268
465,0.15,0.4679337332996552,0.9619931341093985
466,0.15,0.46860872775643964,0.957575126085476
467,0.15,0.46996904831430103,0.9499830757402895
468,0.15,0.46678041284923283,0.9506551844238406
469,0.15,0.46960254915342065,0.947041359546826
470,0.15,0.4672324255748931,0.9501680248150637
471,0.15,0.46733889217537644,0.9488142817250901
472,0.15,0.4678535463667338,0.9511968093244505
473,0.15,0.4681849938227043,0.9537377770070872
474,0.15,0.46783008295491035,0.9503860943731448
475,0.15,0.4686711107203747,0.9480910059995838
476,0.15,0.46674734220289277,0.9560835003201328
477,0.15,0.468116817658938,0.9490102274214645
478,0.15,0.4650691602598178,0.9493421840517982
479,0.15,0.4677979593281397,0.9515208564770125
480,0.15,0.46862871179395893,0.9556759063150728
481,0.15,0.4693410121495947,0.9529317301112104
482,0.15,0.4687539954922088,0.9555092767835809
483,0.15,0.46868896351290823,0.9540516240796734
484,0.15,0.46836762415316724,0.9422878319090778
485,0.15,0.46788520827394653,0.9482667550996361
486,0.15,0.4708971366373109,0.9475349243757969
487,0.15,0.46860912814998285,0.9519270979666744
488,0.15,0.4656828290792911,0.9509414335689125
489,0.15,0.4673690587271168,0.9535323564272203
490,0.15,0.468131279350349,0.9547745146834229
491,0.15,0.46743863832068744,0.9568390604496964
492,0.15,0.4689185814245118,0.9569930080311299
493,0.15,0.46748385244119334,0.9502498890734644
494,0.15,0.4681666142226824,0.9501800971383981
495,0.15,0.4700033259935629,0.9574292350471093
496,0.15,0.4662327259000962,0.9498330503620364
497,0.15,0.46824940927634995,0.9530760252803823
498,0.15,0.46566636941867007,0.9445731018213522
499,0.15,0.46644552635149455,0.9476050607186502
500,0.15,0.4689480261524588,0.9559275750836275
