iteration,gamma,acetate_threshold,max_growth_rate
1,1.0,0.745220220718277,1.0185692613283106
2,1.0,0.6302241022225875,0.9213687453494848
3,1.0,0.7407824370015594,0.996117367194692
4,1.0,0.7444508344758889,0.9784330994626681
5,1.0,0.7497751202613597,1.0245365608649037
6,1.0,0.7486908274607821,1.004502798986309
7,1.0,0.7471840418155364,0.9896792011171369
8,1.0,0.7465228769997246,1.0299319665420255
9,1.0,0.7080756052839662,0.9667627928903644
10,1.0,0.7110640782040033,0.9598013985236888
11,1.0,0.7449475013807381,1.0091679900825175
12,1.0,0.5846528359839375,0.9482257049275493
13,1.0,0.7433311482924526,1.0021511696400918
14,1.0,0.7462171784211852,1.0004368953644769
15,1.0,0.48928350171995055,0.9589320980423776
16,1.0,0.685459161472586,0.9569262586933146
17,1.0,0.6266672271770934,0.930762795276463
18,1.0,0.7476541503735298,0.9758575021834448
19,1.0,0.6744403555215976,0.9423103630027045
20,1.0,0.7435483149208414,0.9981412305572536
21,1.0,0.6689015613984282,1.0040308803917282
22,1.0,0.7348890344724665,0.9648900871701285
23,1.0,0.7417384509989424,0.9938820202196389
24,1.0,0.7425119346857153,0.9865563068353415
25,1.0,0.742345480251046,1.0140027517088308
26,1.0,0.7514693224758997,1.0320992510126714
27,1.0,0.6954884256714745,0.9625550242954195
28,1.0,0.6188482969846183,0.9768416169137057
29,1.0,0.6940041911330528,0.9056336849861768
30,1.0,0.7422710312060723,0.9856617262732341
31,1.0,0.7408568443467078,0.9862072740958523
32,1.0,0.7418285694678812,0.9922893519079218
33,1.0,0.7389389550429688,0.9631083370454165
34,1.0,0.7469122286364757,1.00155180046743
35,1.0,0.7507094260501227,1.0564415227482873
36,1.0,0.7439934670341408,0.9904241866202527
37,1.0,0.5300131687268221,0.8585011095262702
38,1.0,0.7415120716386775,0.9941567959372537
39,1.0,0.5864534783129342,0.9310830825071913
40,1.0,0.6734945847317575,0.9637501889653487
41,1.0,0.686733816936447,0.954021133324839
42,1.0,0.6772502193599963,0.9005631621712378
43,1.0,0.7401647990427649,0.9793963467864741
44,1.0,0.7443344475772983,1.0137219123027341
45,1.0,0.7500500177288647,1.043744919411595
46,1.0,0.6886326995833627,0.9564516893095191
47,1.0,0.7509525581225536,1.0089704621921904
48,1.0,0.7436521809053759,1.0278779043986124
49,1.0,0.6683506975499848,0.9430404803503116
50,1.0,0.740379436393596,0.9484804277224282
51,1.0,0.710631864531069,0.9760531896010928
52,1.0,0.7429147870719934,0.9801801589473784
53,1.0,0.7412077201696989,0.977825242261381
54,1.0,0.7054441830870927,0.9331630522344243
55,1.0,0.7411352227888567,0.9888415065609149
56,1.0,0.6814824993617261,0.9836337456805226
57,1.0,0.7469979435207381,1.0025135463759642
58,1.0,0.7428594892398491,0.9714646184279205
59,1.0,0.7502534842810294,1.0389489366325888
60,1.0,0.6339616466387595,0.8937908067318966
61,1.0,0.6683496314598995,0.9483031742350849
62,1.0,0.7449593981216862,0.9712617208322046
63,1.0,0.5721958362698477,0.9375495541888845
64,1.0,0.7482126204893782,0.9960851330260652
65,1.0,0.7526362531418658,1.0709969877644034
66,1.0,0.7395418075381561,0.9586604244920521
67,1.0,0.7425113858618214,0.9884385638360302
68,1.0,0.7463638511429661,1.0137228839842785
69,1.0,0.7106298973585611,0.9616918578541621
70,1.0,0.6425771118575809,0.9174664968798562
71,1.0,0.7473189765586367,0.9214497880853341
72,1.0,0.7445733345336012,0.9993546868257724
73,1.0,0.7445440195967556,0.9586536004703682
74,1.0,0.6844852632035128,0.9698983511831267
75,1.0,0.7407859548309907,0.9563456282829303
76,1.0,0.6325383326210855,0.9256780458250125
77,1.0,0.7500978102512509,0.996135475828937
78,1.0,0.7420093246448858,0.969979339132385
79,1.0,0.7432591348286738,1.0022099486056362
80,1.0,0.7438948789950249,1.0282856424821887
81,1.0,0.5840220500850293,0.9245974291614446
82,1.0,0.678546366699498,0.9689152941263965
83,1.0,0.5049992877395659,0.8864934282565448
84,1.0,0.5637574016780097,0.9077473175780956
85,1.0,0.6790455827416715,0.9340728282479205
86,1.0,0.7103473226808045,0.9687010135772887
87,1.0,0.7434004262264235,0.9937596627276997
88,1.0,0.7532018001468869,1.068262916553779
89,1.0,0.742598039407969,0.9674386342681724
90,1.0,0.7420482428342703,0.9872628120567193
91,1.0,0.7506613762073979,1.0272684426142598
92,1.0,0.7440233604162261,1.0054650644415912
93,1.0,0.7431558498107762,0.9858192175629873
94,1.0,0.7038704945784869,1.0033207117504792
95,1.0,0.7416397000413568,0.9721300857225635
96,1.0,0.7113658749894275,0.9989435794406607
97,1.0,0.7430760618662298,1.0155805020771005
98,1.0,0.7439388244679309,0.9934308118276391
99,1.0,0.7517210743463923,0.9962103114217319
100,1.0,0.6757981172260731,0.9789849029089721
101,1.0,0.6952615125292924,0.921540144343047
102,1.0,0.7470267760516358,1.0036427765172449
103,1.0,0.5052068891240366,0.9752946504245453
104,1.0,0.7422081652424901,1.009737558365416
105,1.0,0.7457173510966215,0.9925965862811993
106,1.0,0.743332391068128,0.9735402699719579
107,1.0,0.7440001323209042,1.03955940782938
108,1.0,0.7079757024760617,0.9591849347354854
109,1.0,0.7495085085866923,1.0434981640754317
110,1.0,0.7462168341436283,1.0135164041494293
111,1.0,0.7477481831853194,0.9970409956935453
112,1.0,0.7508665185573172,1.0763804619290769
113,1.0,0.7445601296948992,1.0201948606419877
114,1.0,0.7114731027723,0.9351202911427953
115,1.0,0.7461272012536059,1.0273182503249438
116,1.0,0.740195673182794,0.9575708699029606
117,1.0,0.7407213656216074,0.9703728615016367
118,1.0,0.5233813639969676,0.9214899162132539
119,1.0,0.7440266105849979,0.9650799811271163
120,1.0,0.7460424611272739,0.990695617488089
121,1.0,0.7454489070375653,0.9887546960220618
122,1.0,0.7505434237709616,1.0529038863192413
123,1.0,0.7527299686589294,1.029940320454455
124,1.0,0.6983101387927928,0.9660092934886184
125,1.0,0.675059938510513,0.9496588971307168
126,1.0,0.740748502730645,0.9748111869709436
127,1.0,0.7402421084210842,0.9494027129278854
128,1.0,0.7504061245888988,1.0298662685600883
129,1.0,0.7442492024383364,0.9943600946944794
130,1.0,0.7420042497392335,1.020708583283175
131,1.0,0.7513775863065528,1.070165402972837
132,1.0,0.7425554818982082,0.9820365972811873
133,1.0,0.6894448618502343,0.8664298748011342
134,1.0,0.7476151107648712,0.9582119755024852
135,1.0,0.5286530099779576,0.9322462088888434
136,1.0,0.7431189946079866,0.9716098905758145
137,1.0,0.6455532583121564,0.9634484876270281
138,1.0,0.73913605600105,0.9486750726483988
139,1.0,0.7524891182244092,1.048683479854412
140,1.0,0.706184078134834,0.9573353170209422
141,1.0,0.5651858841675366,0.9652128991808333
142,1.0,0.7467713154526422,0.9935303822862401
143,1.0,0.7041000009145432,0.9560431404678947
144,1.0,0.7413266683713499,0.9006192904880314
145,1.0,0.549699694816544,0.9299152355648006
146,1.0,0.7445766246380636,0.9506609557884714
147,1.0,0.742762340021725,0.9786276307933115
148,1.0,0.7092454094450874,0.9891440788248812
149,1.0,0.7451453226962036,1.0247134311008246
150,1.0,0.7347351714703312,0.9818651921316616
151,1.0,0.6675951546140985,0.9356847311281072
152,1.0,0.7512381027193016,1.0650839119708801
153,1.0,0.685751548829875,0.9256505331026336
154,1.0,0.7461072625233884,1.0160555016099302
155,1.0,0.6823713789050353,0.9605461194451995
156,1.0,0.7531550903290427,1.0561201409568688
157,1.0,0.7442772451184534,0.9667793285904778
158,1.0,0.7525921053406197,1.0352263581659238
159,1.0,0.6105411632758169,0.9223629571649643
160,1.0,0.7493490161005384,1.0259438880373493
161,1.0,0.6492163357987556,0.9279115703477774
162,1.0,0.7504197038265543,0.9920955641950824
163,1.0,0.6331457224215554,0.9436178082785962
164,1.0,0.680757266226163,0.9175322380527894
165,1.0,0.7505432832705727,0.9808145543999479
166,1.0,0.6752516570071276,0.9733417356575402
167,1.0,0.7405803906077365,0.9879164519143717
168,1.0,0.7499916106951922,1.042429746872638
169,1.0,0.698740492814957,0.9516404209107862
170,1.0,0.5595320943161758,0.9713370559534235
171,1.0,0.7435326154789158,0.9772380099670791
172,1.0,0.7420652690072486,0.9611694268065862
173,1.0,0.6103100321985576,0.9407772977470927
174,1.0,0.7327782299563623,0.945588277125707
175,1.0,0.6170396393728969,0.8844499193814176
176,1.0,0.7517421480738261,0.9626932297641799
177,1.0,0.7093111324871133,0.9397042948307524
178,1.0,0.6726152182739704,0.9156967452228824
179,1.0,0.6708264626025549,0.8899740134219845
180,1.0,0.7020784088756753,0.949600283957078
181,1.0,0.6210209515295786,0.9663347604893082
182,1.0,0.686192678920584,0.9439459419739508
183,1.0,0.7092387268921192,0.9526578949566971
184,1.0,0.7419939915243868,0.9867733199230253
185,1.0,0.7451754048362256,0.96622513076129
186,1.0,0.628540979006297,0.9152229352934881
187,1.0,0.7509163029752044,1.036237938656431
188,1.0,0.7471643778079555,1.0274310982996318
189,1.0,0.6297182029058771,0.9499770765361817
190,1.0,0.6702304699929229,0.907752354116034
191,1.0,0.7381616106116765,0.920403739537019
192,1.0,0.753988578571786,1.0738585510568521
193,1.0,0.7461058824554854,1.0236216986885494
194,1.0,0.7481305408881946,1.0275962690023295
195,1.0,0.7446329499896059,0.9783732728218433
196,1.0,0.6986178891284034,0.930045185797848
197,1.0,0.7441358942123851,0.9785796030521356
198,1.0,0.7109574372199653,0.9613343663611795
199,1.0,0.7395893731213722,0.9529571174749739
200,1.0,0.7404724777903788,0.994689717495035
201,1.0,0.7111056709997947,0.9769140262655122
202,1.0,0.7442316679237357,1.02689157415169
203,1.0,0.7422681198409942,0.9805786465398588
204,1.0,0.7434750550544843,0.9921910814120022
205,1.0,0.6371208319593773,0.8826118361932116
206,1.0,0.6249734914288371,0.9468623912489796
207,1.0,0.6735947676631172,0.9017861374899196
208,1.0,0.7428817760315123,0.9622465983984222
209,1.0,0.740349943175157,1.003234416393392
210,1.0,0.6437800579388152,0.9074651304894396
211,1.0,0.7106549578825294,0.921128159866845
212,1.0,0.7502745104959758,1.0373541874288663
213,1.0,0.585907801811274,0.9821923256001935
214,1.0,0.6408250450550583,0.9230708214655672
215,1.0,0.6851209344433465,0.882572373365283
216,1.0,0.6985226259930991,0.9214630284022329
217,1.0,0.7395782288061772,0.9794130631954222
218,1.0,0.6387375243840727,0.9525535285974643
219,1.0,0.7521129598880111,1.0506748438804117
220,1.0,0.7400113621899569,0.9192805382201632
221,1.0,0.7090660499244347,0.96154957910687
222,1.0,0.705901472271015,0.9685049733878297
223,1.0,0.7408396923806985,0.999736484858634
224,1.0,0.7396256159194976,0.9492305162250924
225,1.0,0.6867192397683665,0.9843200745918315
226,1.0,0.732868083640099,0.9695872181887111
227,1.0,0.7408504618601569,0.9961732026065201
228,1.0,0.7470929661915591,1.038453286236077
229,1.0,0.7449574532767231,1.0090221450361918
230,1.0,0.7517760413247254,1.0496552652240432
231,1.0,0.700141755089367,0.95967086680966
232,1.0,0.5159926217333719,0.9281481086655196
233,1.0,0.7027779573912054,0.9484166761112036
234,1.0,0.7368431910363497,0.9575074195173806
235,1.0,0.6681799767224507,0.9841755608130841
236,1.0,0.7517829100101612,1.0047740488067796
237,1.0,0.7474260627399552,1.001943433568759
238,1.0,0.7433231088500688,1.0052430368595688
239,1.0,0.7483236027728091,0.9968264009725826
240,1.0,0.7430369938533244,0.9954878984534544
241,1.0,0.6384496660369869,0.9399765343503956
242,1.0,0.7431618788361085,0.9895316057651447
243,1.0,0.5625982721902281,0.955264906574129
244,1.0,0.7403409540538648,0.9888349370274571
245,1.0,0.6255114530812286,0.9293636341511549
246,1.0,0.7415837031858024,0.9795626104405671
247,1.0,0.7386968137601753,1.0080623410920684
248,1.0,0.6901558935741935,0.9733795070083393
249,1.0,0.741367617968788,1.001432769097104
250,1.0,0.7453952728521542,0.9884849124199102
251,1.0,0.7503655468763224,1.0327226145876975
252,1.0,0.7415791470589734,0.9806023397043853
253,1.0,0.7409328303075278,1.0086021733491917
254,1.0,0.7423561623935637,1.0059021693916337
255,1.0,0.6001935099573348,0.9483374292650453
256,1.0,0.7480323902552468,0.9645684923147989
257,1.0,0.7442848142833915,0.9681158452540934
258,1.0,0.6903734862949436,0.9370232229605319
259,1.0,0.7506854888283282,1.0715923815739714
260,1.0,0.5761172913059267,0.8748748635580595
261,1.0,0.7394587620054037,0.9779635284568498
262,1.0,0.738985334348747,0.9500321139649391
263,1.0,0.7492420102168174,0.9903993385189958
264,1.0,0.7508829344512173,0.9898221090865502
265,1.0,0.7449966612243318,1.0146902223504253
266,1.0,0.7429839167404695,1.004680215789849
267,1.0,0.7536135202017792,1.065820958511324
268,1.0,0.7517853906629726,1.0659717928141323
269,1.0,0.7477868702952838,1.003489263065398
270,1.0,0.7482561114183974,1.0127498502972934
271,1.0,0.7469243830309996,1.017277397470434
272,1.0,0.6429923148002299,0.9367450151615502
273,1.0,0.7454221761421087,0.9830648456446947
274,1.0,0.503095454817997,0.936953526386621
275,1.0,0.7092541798149979,0.951304703754089
276,1.0,0.6968316561417736,0.963058648305776
277,1.0,0.7503917968400342,1.0176707416013464
278,1.0,0.7327921111413592,0.9421866306498649
279,1.0,0.7482649177786171,1.0062704913264617
280,1.0,0.7070515630521279,0.9567340590460695
281,1.0,0.7041594915096566,0.9766738500145888
282,1.0,0.7447456989907907,0.9589538299019682
283,1.0,0.7407443371688495,0.9279809935449111
284,1.0,0.678448597890821,0.898842007058563
285,1.0,0.7478025480274789,1.0335967023364052
286,1.0,0.7115493714705401,0.9587060436939611
287,1.0,0.7103769492581296,0.9893730628919598
288,1.0,0.6448767201013094,0.9312408379101366
289,1.0,0.7065975892903479,0.9840788085877099
290,1.0,0.6871504467603756,0.9448450645688541
291,1.0,0.7411284371905386,0.9490942311447166
292,1.0,0.7458461557940984,1.0003481243568215
293,1.0,0.6669935153526653,0.9571791210590479
294,1.0,0.6210802489628668,0.9696201995493798
295,1.0,0.6969278196683334,0.8936236664814377
296,1.0,0.6339841460811553,0.9578029562161486
297,1.0,0.7462092550249684,0.9693229165029421
298,1.0,0.7509399279937748,1.0281481664964607
299,1.0,0.7428009196082936,0.9582668224421511
300,1.0,0.7414421659695505,0.9631226052520704
301,1.0,0.7331868270342888,0.9846819823137599
302,1.0,0.7396419958035422,0.9792756366226945
303,1.0,0.7430751914106086,1.0106731338616401
304,1.0,0.7516471766856423,1.0460835202558165
305,1.0,0.7446660044575593,0.9513283430892625
306,1.0,0.7460135467596927,0.9918050568722014
307,1.0,0.6968017980315764,0.9817956789042228
308,1.0,0.688327958048534,0.9279673463229167
309,1.0,0.6364957783627229,0.9373619779757898
310,1.0,0.7408462553125242,0.972398658798343
311,1.0,0.7086683421822672,0.9076046793549549
312,1.0,0.6206833107033085,0.9078016739553652
313,1.0,0.7430465706584692,0.965586623560676
314,1.0,0.7046827575736467,0.9767397090435158
315,1.0,0.6963403623285306,0.9260719898648648
316,1.0,0.7427436120984069,0.9829410124967193
317,1.0,0.7111452404942097,0.9877982004768875
318,1.0,0.6431720790560607,0.8577538989469254
319,1.0,0.6681464017648422,0.9061611943132033
320,1.0,0.7476772574028525,0.9580094662709508
321,1.0,0.7500186800220765,1.0517643763848967
322,1.0,0.672534063649669,0.9321226205795001
323,1.0,0.751261189736702,0.981945108220878
324,1.0,0.7068521149720431,0.9625317846708655
325,1.0,0.6973829238072407,0.9501562970706494
326,1.0,0.7450095225227173,0.9935466860695608
327,1.0,0.7403229890848279,0.9407656913436111
328,1.0,0.7451019300915137,0.9747768289829937
329,1.0,0.7478636680171616,1.041703065410225
330,1.0,0.5887419109372898,0.9440096071500723
331,1.0,0.6431689338188268,0.944957688827545
332,1.0,0.7382356344179272,0.9994839206857693
333,1.0,0.5815338192110764,0.9418763586973268
334,1.0,0.6342488211644569,0.9706212424666449
335,1.0,0.6915123837475936,0.9358117591872559
336,1.0,0.6945551348096404,0.9716518113457973
337,1.0,0.7114433066169726,0.9999606304134347
338,1.0,0.6664518587398154,0.966821490088735
339,1.0,0.7491791544849662,1.0177201465303143
340,1.0,0.7113815467343569,0.9789649854599974
341,1.0,0.744004290650067,1.0068945645660077
342,1.0,0.7473924879665834,1.025078612026012
343,1.0,0.7340080384955754,0.9712357729130453
344,1.0,0.6178617215066442,0.9722467502737855
345,1.0,0.7442051746237928,1.0357634156723952
346,1.0,0.7447815561030467,1.0244292510963686
347,1.0,0.6334869241132689,0.9541880225483081
348,1.0,0.7465453610334098,0.9984512391733946
349,1.0,0.7457706635784138,1.0208061284540375
350,1.0,0.5735113329450066,0.9186622038095414
351,1.0,0.711419101914032,0.9728040246079703
352,1.0,0.5865226377394201,0.9162630720014909
353,1.0,0.6429119296279278,0.9486673919202228
354,1.0,0.7504304498654062,1.0511411422480499
355,1.0,0.7337928835404178,0.9900819306742602
356,1.0,0.7053721927547613,0.9394369596450477
357,1.0,0.7407112059900655,0.9377133622136298
358,1.0,0.6789831320753882,0.9029236951219531
359,1.0,0.7111476749782464,0.9277338190352685
360,1.0,0.7455043125368928,1.00526911656491
361,1.0,0.7035036907754968,0.9224735380707243
362,1.0,0.731791925963114,0.9344987655926952
363,1.0,0.7461942200869817,0.9866256312210036
364,1.0,0.7392333342123903,0.9523802855187654
365,1.0,0.6875581993457726,1.004932999201586
366,1.0,0.6351203717401077,0.8610352716268089
367,1.0,0.7109185154365523,0.866628930026888
368,1.0,0.7023793845363411,0.9697784580555565
369,1.0,0.7524263766137542,1.057935389281117
370,1.0,0.7466940143044176,0.9938661301100539
371,1.0,0.7482220559298265,0.9602065476965083
372,1.0,0.7418720893733189,0.978272914957213
373,1.0,0.7445227120727747,0.9426347500422332
374,1.0,0.7471962974475015,0.9798906811902105
375,1.0,0.7506434559047832,1.0333695025376317
376,1.0,0.7425510662879957,0.9528816826608846
377,1.0,0.7422663564464314,0.9930592821388388
378,1.0,0.6739894925347129,0.9503585973628135
379,1.0,0.6340952830783941,0.9401226533184978
380,1.0,0.7421794440420695,0.9510259772306527
381,1.0,0.7468635853086036,1.031135007970035
382,1.0,0.7369019769273147,0.9493466959036266
383,1.0,0.6908885669930042,0.9314260614662866
384,1.0,0.7408158888322021,0.9599080275973051
385,1.0,0.7393530457559466,0.9453516092953568
386,1.0,0.702925332577734,0.8564388547778289
387,1.0,0.7106856423118146,0.9935970240289068
388,1.0,0.7516721712511729,1.0336970744522025
389,1.0,0.748120899738708,1.0092900806284848
390,1.0,0.7113288067300848,0.9689595517741606
391,1.0,0.7067074173673122,0.9361425210988827
392,1.0,0.7485335178123751,0.9941298362558371
393,1.0,0.7447951798405658,0.9877428973904161
394,1.0,0.7447666524547437,1.0093939913154168
395,1.0,0.6137444929593128,0.9088811556577331
396,1.0,0.7413435398296007,0.9687393652212405
397,1.0,0.6708176600048342,0.9720911569243528
398,1.0,0.7359741552604887,0.9958021047280208
399,1.0,0.7418428026775781,0.9619602258249657
400,1.0,0.7368317215620972,1.0072354174603084
401,1.0,0.619787150592275,0.9008106173808129
402,1.0,0.7356446528137088,0.9715778186307462
403,1.0,0.6881249900526546,0.9244564311657943
404,1.0,0.6980467134301064,0.8866497997016404
405,1.0,0.6954985448569379,0.9967980856173438
406,1.0,0.7459303750788617,0.9903625585572974
407,1.0,0.7353528899594255,0.9678578687174033
408,1.0,0.7493416135843027,1.000628022705021
409,1.0,0.7460508294685215,0.976765937359572
410,1.0,0.743937534920928,0.9764058532524718
411,1.0,0.739503570299159,0.9553050747156754
412,1.0,0.7487315050538348,0.9434825463249222
413,1.0,0.6969486215816266,0.9635704002436848
414,1.0,0.7485019970539549,0.9993412937252903
415,1.0,0.7439663923035517,0.9623817741794148
416,1.0,0.6371771448298925,0.9399601334073913
417,1.0,0.7497832210325923,1.0185902214905507
418,1.0,0.6496552518670808,0.9312162747131174
419,1.0,0.7093962801692957,0.8900612338668196
420,1.0,0.7454131239765392,1.0173135293300317
421,1.0,0.7107670548525027,0.999396764470287
422,1.0,0.7493844858293729,0.9845486664611544
423,1.0,0.7343150789871159,0.951302042536913
424,1.0,0.7518383133148455,1.012327795448746
425,1.0,0.5568021301344194,0.9307960166859616
426,1.0,0.7450729729349116,0.9509459138489452
427,1.0,0.6874053595895958,0.9604074458835768
428,1.0,0.7415357605924998,0.9411838689956779
429,1.0,0.7435796874756376,0.9779623181888483
430,1.0,0.7107794993659857,0.9795040546084529
431,1.0,0.693817193968929,0.9819866442117299
432,1.0,0.6741798204287995,0.9242864244613233
433,1.0,0.748333718244456,1.0074607064148362
434,1.0,0.6206903145242528,0.9709637214258355
435,1.0,0.7413956265170626,0.995690889991442
436,1.0,0.7103744982256985,0.9520282433345072
437,1.0,0.7467259991354699,1.0136271020762218
438,1.0,0.741134942482543,0.9873536928675393
439,1.0,0.739961688517656,0.98733398606211
440,1.0,0.738862371850718,0.9469355106211276
441,1.0,0.6236294660032367,0.9509613977450578
442,1.0,0.7418935184369259,1.0045697371279774
443,1.0,0.7416775749357591,0.9772803720817218
444,1.0,0.6326519247070903,0.931102539203329
445,1.0,0.6674783626124214,0.9700510670888532
446,1.0,0.7396265670770429,0.939935850424139
447,1.0,0.7431116234571838,0.9753907577424564
448,1.0,0.5333907431451083,0.928621053059221
449,1.0,0.6817327972577625,0.9314761296747436
450,1.0,0.7466473850518519,0.994333251932043
451,1.0,0.7403504948736451,0.9908366207818141
452,1.0,0.7507933394704734,1.0462676439454035
453,1.0,0.7474525736580226,1.0154136150918587
454,1.0,0.7463810666420695,1.0297460719828084
455,1.0,0.7402633884221206,0.9956211838747161
456,1.0,0.7085912589020851,0.9650851282043277
457,1.0,0.7461361608122701,0.9800114208584075
458,1.0,0.641835145941948,0.9361593659242887
459,1.0,0.7437960339899677,0.9823684347044264
460,1.0,0.7013904317924575,0.8756886957728972
461,1.0,0.6675072509117056,0.9221017795390211
462,1.0,0.6270880849976755,0.9216948708621887
463,1.0,0.7068774522179923,0.979575504182909
464,1.0,0.7108908557790106,0.947620039375876
465,1.0,0.7470033688068592,0.966198802270051
466,1.0,0.6905889920694974,0.9820456782362437
467,1.0,0.7481696255195854,0.9592188457649491
468,1.0,0.7402309895461763,0.9311893296288989
469,1.0,0.7398984345849557,0.9383778947959638
470,1.0,0.7408402179223439,1.003440918363835
471,1.0,0.7053393770252583,0.9569831216139524
472,1.0,0.7405918299092262,0.9953810339286484
473,1.0,0.7462903035917461,0.9755507904456606
474,1.0,0.6583807250039543,0.922706442005335
475,1.0,0.7507952754598057,1.0455091682104563
476,1.0,0.711532405882656,0.932633366732582
477,1.0,0.740824141053812,0.9576031774504262
478,1.0,0.6828901821634015,0.9756927006097385
479,1.0,0.6916065642003034,0.9285413914500492
480,1.0,0.7416003939296015,0.9951609528326506
481,1.0,0.7115565620038143,0.9576124407067145
482,1.0,0.7104573657295187,0.9937183599735114
483,1.0,0.7107571422541245,0.9706253379961141
484,1.0,0.7474096373203848,1.0009499587738897
485,1.0,0.7416238422443826,1.0085862887309593
486,1.0,0.740877544631112,1.0270318025742473
487,1.0,0.7349231799296818,0.9939275263720121
488,1.0,0.614795610899388,0.9501354238249543
489,1.0,0.7403352306183021,0.9644294828605974
490,1.0,0.6938883397920141,0.9548407970505036
491,1.0,0.6944961569955767,0.952195635058385
492,1.0,0.7449552423940562,0.9977598073755493
493,1.0,0.7488581116434595,1.0495470026794183
494,1.0,0.6256364209715245,0.8874088810549573
495,1.0,0.6293965607170399,0.9458436390919264
496,1.0,0.6838106053365128,0.9866294748597859
497,1.0,0.7467559833960213,1.0185948526316477
498,1.0,0.7105825524265257,0.9863682142604225
499,1.0,0.7404172359914035,0.9544030436471694
500,1.0,0.7486085784274374,0.9949398115461131
1,0.35,0.694136918512242,0.9150856872258268
2,0.35,0.7478049751217957,0.9895153803016974
3,0.35,0.7525060384989978,1.0742782723050779
4,0.35,0.7380734700177836,0.9356593164271095
5,0.35,0.738142453427819,0.9652384453683811
6,0.35,0.7409966857144296,0.9399323941695977
7,0.35,0.7346331854789558,1.009534786398926
8,0.35,0.6718612304708534,0.9507720504792385
9,0.35,0.6706275975306192,0.9296767455904835
10,0.35,0.7425910427196115,0.9580950156951802
11,0.35,0.7381210099996963,0.9795819157820639
12,0.35,0.7500780301945545,1.015617775827031
13,0.35,0.62907040479806,0.9348432827669455
14,0.35,0.7482043665975657,0.9551538362741099
15,0.35,0.6151909770780788,0.9245279721818378
16,0.35,0.7456485982149316,1.0005853863876777
17,0.35,0.7517593273913737,1.0428112259050597
18,0.35,0.7445088321720519,1.0213963105911228
19,0.35,0.7505430656857331,1.026025244867402
20,0.35,0.7497042669615076,1.0640098427044626
21,0.35,0.752097951634448,0.98781117867711
22,0.35,0.7497656937940025,1.0368585889447048
23,0.35,0.7466255899373482,1.0133967398832266
24,0.35,0.5634109570762929,0.945199148399305
25,0.35,0.7490387956905671,1.011661709171434
26,0.35,0.7472643692316413,1.0370216181903151
27,0.35,0.6737504580834508,0.9280875816313588
28,0.35,0.6813146038485492,0.972610374237023
29,0.35,0.7410678414072865,0.9915452838382566
30,0.35,0.747012181051362,0.9853609102640868
31,0.35,0.6162910425195185,0.9218776490508744
32,0.35,0.6940493043172565,0.9753702562887301
33,0.35,0.6110259766402996,0.950570794014566
34,0.35,0.7445496786985184,0.9952499949962312
35,0.35,0.7501832666957765,1.0190112818496957
36,0.35,0.7435832716176983,0.9677552248913276
37,0.35,0.7507322282833059,1.052755479767351
38,0.35,0.7405028912920073,0.9985392676392403
39,0.35,0.7078211462678473,0.9672093398051241
40,0.35,0.6218676796612626,0.9614166867469764
41,0.35,0.6167459512068023,0.8945089758219487
42,0.35,0.6759410353070903,0.9453250818225519
43,0.35,0.7479825271967611,1.022809167389364
44,0.35,0.5499797921740958,0.9136393681045671
45,0.35,0.734236696925984,0.9428198975956226
46,0.35,0.7468827820207432,1.0004629644153742
47,0.35,0.7506616372425111,1.0190415936353923
48,0.35,0.6316016363381696,0.9831952475249249
49,0.35,0.6491389852291175,0.923414406085209
50,0.35,0.6356419511779503,0.9127874452158217
51,0.35,0.7458293248229729,0.9900127162842814
52,0.35,0.7431691384859909,1.0069038817840519
53,0.35,0.7468329217959614,1.0402606738164906
54,0.35,0.6682585325244175,0.9539594101394716
55,0.35,0.7412483043774636,0.9771346853651662
56,0.35,0.6961647726233364,0.9593037304018198
57,0.35,0.7409207707999635,0.9854775301114161
58,0.35,0.7504596869530028,1.0198887954086335
59,0.35,0.7465434171124593,0.9963979339448904
60,0.35,0.638047364924529,0.9567682621259017
61,0.35,0.7414368443970994,0.980585976417643
62,0.35,0.7494623518048971,0.9877368345674382
63,0.35,0.745458550874005,1.0056265780873137
64,0.35,0.7459744729310055,1.0102450182198701
65,0.35,0.7483532327376475,0.9726160491312199
66,0.35,0.6246309097628384,0.9128768961623446
67,0.35,0.6095777259967691,0.9683892532194185
68,0.35,0.6820117762851825,0.9527903847333741
69,0.35,0.744439625749212,0.9844436929186063
70,0.35,0.7421175075926316,0.9490768218130451
71,0.35,0.7500495782434072,1.0139028053438779
72,0.35,0.578895592295887,0.9343057393314377
73,0.35,0.7492559024873666,1.0485764058434217
74,0.35,0.7028428506743991,0.9746025802637516
75,0.35,0.7427422817899699,0.9427905057682623
76,0.35,0.7384629962671521,0.9560522311874261
77,0.35,0.7386559657710474,0.9299276674803659
78,0.35,0.7438449320998132,0.9787026605743491
79,0.35,0.7389731678325167,0.9852231167142426
80,0.35,0.6724646944029495,0.9565946501070942
81,0.35,0.6923764884204545,0.9919648653976637
82,0.35,0.6939412706265105,0.9638800249338831
83,0.35,0.7344841658914691,0.9625464365405855
84,0.35,0.7431251074472702,0.9232000064401443
85,0.35,0.7109170595188489,0.9553961964726666
86,0.35,0.7410899712475233,0.9958131919759731
87,0.35,0.6278863718249691,0.9214269363442006
88,0.35,0.7443908187561254,0.9795106611361698
89,0.35,0.7491897434052107,1.0365930722892327
90,0.35,0.741219769280216,1.0006436116885138
91,0.35,0.7031018195475097,0.9345861926101104
92,0.35,0.7464009945600389,0.993325160616859
93,0.35,0.7075948722021851,0.9311109401456182
94,0.35,0.7111638748649799,0.9687688021337661
95,0.35,0.7475590755372664,0.9858017932013855
96,0.35,0.6997588018097324,0.9483333925958781
97,0.35,0.7476011981494878,0.9998194104705913
98,0.35,0.7450915828625693,0.9890936871511473
99,0.35,0.7404402678004602,0.9752597462239309
100,0.35,0.7441315845124109,1.0204589180725336
101,0.35,0.6400078988121053,0.913586043650206
102,0.35,0.7369398147628411,0.9840473687918159
103,0.35,0.6916194411634314,0.9409521233642539
104,0.35,0.6805748407898439,0.9655885264120526
105,0.35,0.7453585045174927,0.9992735281934626
106,0.35,0.6169659914456208,0.9317914657179466
107,0.35,0.5858956100995346,0.9147482067458319
108,0.35,0.6844892021290179,0.9573675801502121
109,0.35,0.7473375030228888,1.0071416501887656
110,0.35,0.6760606990247188,0.9382812235302403
111,0.35,0.5815911642642604,0.9389480175984496
112,0.35,0.7537906671559899,1.034452993512403
113,0.35,0.7093621750288506,0.9529640234207518
114,0.35,0.7514281784896351,0.9893158325377053
115,0.35,0.7424639863963856,0.9847640270835418
116,0.35,0.7396015637594183,0.9947481245287009
117,0.35,0.6831699595463783,0.9555289406628352
118,0.35,0.7401846305070071,0.9407928493541925
119,0.35,0.6788599271192935,0.9423146401674974
120,0.35,0.7458960564040578,1.0166925412903363
121,0.35,0.7503419652955207,1.0476348808056273
122,0.35,0.570232467478265,0.9448084876240779
123,0.35,0.7394600126671562,0.9323755883015641
124,0.35,0.7561915450117227,1.0721101800660966
125,0.35,0.7057918072850323,0.9646492092013003
126,0.35,0.6354122870058914,0.9515277248777714
127,0.35,0.7417023350682546,0.9869063455794347
128,0.35,0.7010825325994884,0.9551295064966071
129,0.35,0.7359262832946287,0.9306346575978681
130,0.35,0.7508343425190855,1.0067373534850363
131,0.35,0.6941497918797206,0.9568398490291117
132,0.35,0.7493046799548971,0.9996841509886571
133,0.35,0.7109824222547875,0.9808473845117102
134,0.35,0.7467874744688686,0.9815555352020481
135,0.35,0.644049597730884,0.934049035316939
136,0.35,0.7108801187681442,0.97808389102975
137,0.35,0.7484767311233073,1.028163510610039
138,0.35,0.7336484889904102,0.9293831325224622
139,0.35,0.7111847494542465,0.9087446407064623
140,0.35,0.7387255789194115,0.9949553918577622
141,0.35,0.7435028503751568,1.025590237017725
142,0.35,0.7459557150068458,0.9725105927598727
143,0.35,0.7390863663632914,0.9935919183083695
144,0.35,0.7410129409914294,0.9147755994795695
145,0.35,0.6841343768223067,0.9616632231621594
146,0.35,0.7461155913272025,0.9965773221552539
147,0.35,0.7067146625850201,0.9557895287524529
148,0.35,0.749835073428537,0.9876938234868804
149,0.35,0.7490052774987144,1.0060279419483344
150,0.35,0.5719671104333318,0.9488013984567346
151,0.35,0.7330103106589423,0.9449964821135055
152,0.35,0.7498334432100642,1.0362044902556178
153,0.35,0.6939512539852606,0.910448919056958
154,0.35,0.6240816779402415,0.9421889035933633
155,0.35,0.7348523708928634,0.9824772991492274
156,0.35,0.751559379206636,1.087786054622822
157,0.35,0.70866993925896,0.98141369373698
158,0.35,0.7460824045726888,1.0147535950451954
159,0.35,0.7458250893166083,0.9875869956610516
160,0.35,0.6932401097805719,0.9774661372314734
161,0.35,0.686818145583628,0.9719065619991338
162,0.35,0.7420431814169218,0.9677892697085219
163,0.35,0.7450591299549305,0.9958980248374338
164,0.35,0.6741866782800966,0.9587859826596918
165,0.35,0.710618038027571,0.9844603945914268
166,0.35,0.6935580982260996,0.9485451962827981
167,0.35,0.7497716472570272,0.9709653856564965
168,0.35,0.7439112698140474,0.9874879507569041
169,0.35,0.7441798009815849,0.950150112123209
170,0.35,0.6178366140177869,0.9326820126133392
171,0.35,0.745095956412725,1.0153861603230636
172,0.35,0.7402086190456413,0.9776622490368723
173,0.35,0.5897991058080538,0.969519558721489
174,0.35,0.7415414628274413,0.9732680513424949
175,0.35,0.7468373343864225,0.9508951214331594
176,0.35,0.7089570849341843,0.9726832375721073
177,0.35,0.6715508164350475,0.9662521697936914
178,0.35,0.7111539774806295,0.9913605010606598
179,0.35,0.7423028654147652,0.9709036307829094
180,0.35,0.7457614705746207,1.010770060158121
181,0.35,0.7504924149868702,1.0072088268864
182,0.35,0.7102172918925251,0.9422963439661026
183,0.35,0.6856138319913632,0.9588225637383287
184,0.35,0.6896109120190774,0.9229666179429663
185,0.35,0.7492366387123343,1.0035032576607115
186,0.35,0.6130270445224016,0.9120992345820049
187,0.35,0.6809857341877114,0.9403485303970931
188,0.35,0.7437193372041508,0.9580928390673161
189,0.35,0.7475320041202914,0.9323599303179564
190,0.35,0.7426068120530382,0.9849603075634644
191,0.35,0.6893239519877565,0.9440583486109082
192,0.35,0.7407748020966279,0.9959646672019602
193,0.35,0.7495927786295874,1.0228657599352557
194,0.35,0.7435011047663918,0.9640516109824101
195,0.35,0.7542947682874866,1.0678818852024485
196,0.35,0.7091712353759595,0.9557909042705025
197,0.35,0.6833800845843916,0.9915514115932985
198,0.35,0.7517231038310528,1.012670984999663
199,0.35,0.743801177496278,0.9912118273194676
200,0.35,0.6873047233394352,0.9364955949418721
201,0.35,0.7111054661800333,0.9636514665541874
202,0.35,0.7489498610629147,1.0271305588017985
203,0.35,0.7459346470685674,1.0247852426499153
204,0.35,0.7015384252927356,0.9166040438997316
205,0.35,0.7421644180025597,0.9904688555212295
206,0.35,0.7112600756482919,0.9683955109789628
207,0.35,0.6987931543403579,0.9808740685584797
208,0.35,0.7445942855892463,0.9797723663778372
209,0.35,0.7505047899803909,1.0224394081823431
210,0.35,0.711137106275825,0.9106500330245723
211,0.35,0.7422707306688598,1.0185670270505132
212,0.35,0.6486057042589624,0.9584041355464797
213,0.35,0.7032938424416716,0.9715259856239701
214,0.35,0.7087221552588886,0.9135563237811669
215,0.35,0.6726058241606611,0.9318022797381167
216,0.35,0.749233740729781,1.0214525650942239
217,0.35,0.6877486288985616,0.9561968709962535
218,0.35,0.7104280114973902,0.9790753540878074
219,0.35,0.7454994578623935,0.9784985498336164
220,0.35,0.6361689040059672,0.9682300989808806
221,0.35,0.739564295124303,0.9892322218585917
222,0.35,0.7541858217236703,1.0734746811356346
223,0.35,0.7113529554044101,0.9531160616803788
224,0.35,0.7577599947617538,1.1225068628024994
225,0.35,0.7109856776763464,0.9865858286902108
226,0.35,0.6082068723799554,0.8977517673639072
227,0.35,0.7441972484449364,1.0117026315215925
228,0.35,0.7402652678376735,0.9694965468156709
229,0.35,0.7463270617816795,1.0298416876182106
230,0.35,0.6748212704379498,0.9692648702033395
231,0.35,0.6253982790096472,0.9645322161026113
232,0.35,0.7416098412725247,1.0042120274324908
233,0.35,0.6839514897422592,0.944104363534722
234,0.35,0.7399733446418035,0.9682503206539504
235,0.35,0.753645390819138,1.0583815238683525
236,0.35,0.6072822075892851,0.9389427847541637
237,0.35,0.7518472064229161,1.0393878846269675
238,0.35,0.7421919224060345,0.9488093474415091
239,0.35,0.7401807590894018,0.9531704146781261
240,0.35,0.7103538234974447,0.9114199962904116
241,0.35,0.7113575194995829,0.9976822335405532
242,0.35,0.7098276798247996,0.9831600440431162
243,0.35,0.7381294105265674,0.9935582179282869
244,0.35,0.7352512342446773,0.9769553187660115
245,0.35,0.6112251846182905,0.9834205444534494
246,0.35,0.739989297235909,1.0098842564911759
247,0.35,0.7110535750629345,0.9803383148202388
248,0.35,0.6359078342440417,0.9067576825060464
249,0.35,0.7400752300284417,0.9938140906043973
250,0.35,0.6716905311603496,0.9203809677320121
251,0.35,0.7065961060199257,0.9462143189318851
252,0.35,0.7501243264402377,1.045058940506745
253,0.35,0.706135258252261,0.9299846438966387
254,0.35,0.5499371268970296,0.9500585620886736
255,0.35,0.6800222057689269,0.958022947036515
256,0.35,0.6794157184601584,0.9575544322537751
257,0.35,0.7492689830984983,1.0016547409326104
258,0.35,0.7111946601132401,0.9598437103740908
259,0.35,0.7454950242423586,0.9650561680517875
260,0.35,0.7469042661572154,1.0275661048959017
261,0.35,0.6978965431831783,0.9567054105074334
262,0.35,0.5898757442365999,0.8840439812440011
263,0.35,0.7114209074289644,0.9808483710351008
264,0.35,0.7423445921915528,0.9489291946200885
265,0.35,0.6943462793565647,0.960471878105321
266,0.35,0.7436099135147246,0.9896179126789767
267,0.35,0.7023882006353727,0.9866313772000316
268,0.35,0.5079744891324655,0.9121807995968337
269,0.35,0.6932639258242229,0.9709128772443777
270,0.35,0.7044140696441367,0.9884473527689829
271,0.35,0.745051032093584,0.9407724088222994
272,0.35,0.7462739810863663,1.0021932521765093
273,0.35,0.7432277917446676,1.003104448598302
274,0.35,0.6843469285387236,0.9131668617350261
275,0.35,0.7396780329692831,0.9999247046061805
276,0.35,0.7407526211221992,0.9796939694352818
277,0.35,0.7494403029763512,1.0418764118335282
278,0.35,0.7499217720846438,1.0119519581497
279,0.35,0.7352097977520252,0.9706189013866635
280,0.35,0.5734637219570069,0.9752248653348095
281,0.35,0.7497042549506565,1.0277346623122188
282,0.35,0.7439574228002541,0.9366755475530991
283,0.35,0.6357938908788721,0.9171244835093638
284,0.35,0.7448930664632134,1.0188454360631864
285,0.35,0.7501791972285448,1.0640652943692355
286,0.35,0.682232361053794,0.9367048834223073
287,0.35,0.7490572419161154,1.0355657103392708
288,0.35,0.7471344858655788,1.014498295790941
289,0.35,0.7531811320170764,0.9731061085967243
290,0.35,0.739157550429712,1.0007895458423097
291,0.35,0.7399452666551586,0.9888195946743563
292,0.35,0.738530104204377,1.0109708851622476
293,0.35,0.7114778186017358,0.9549914717415389
294,0.35,0.747033377900228,1.0210232073025969
295,0.35,0.7418555735193678,0.9326403844471652
296,0.35,0.7374572157141842,0.9731791782922576
297,0.35,0.7514111942217575,0.9825593067966112
298,0.35,0.7423863496763579,0.9659898619780589
299,0.35,0.7401073555883332,0.9648116570743205
300,0.35,0.7389501412187734,0.9362041887037824
301,0.35,0.676323598494095,0.9119048192878484
302,0.35,0.5813698641854869,0.9576989572683683
303,0.35,0.7106595082662569,0.9889451613073293
304,0.35,0.5634693356580082,0.9260666153595217
305,0.35,0.739860093493097,0.9624619798346383
306,0.35,0.7544370954983128,1.0922723237899847
307,0.35,0.6494502201286861,0.9001328301466899
308,0.35,0.753258289464771,1.0538588677408418
309,0.35,0.694841818384488,0.9608491526116016
310,0.35,0.6912847000542448,0.9738500345898832
311,0.35,0.7453240031648382,0.9440450180544304
312,0.35,0.6920935635600685,0.9759162801136331
313,0.35,0.6783411790999556,0.9305154621265911
314,0.35,0.75015725810315,1.022994292618479
315,0.35,0.6353698754945009,0.9536884216891823
316,0.35,0.7415688886731002,1.0046584928126514
317,0.35,0.7435070269106147,1.0167241862246639
318,0.35,0.7110387785462517,0.9631622101960462
319,0.35,0.7113849215589065,0.9551658747786222
320,0.35,0.6806111273549673,0.9199409180527335
321,0.35,0.7394718216883527,0.956103336763347
322,0.35,0.7497569600087639,0.9872881560681239
323,0.35,0.7425752473059876,0.9658670827730288
324,0.35,0.6977445381556976,0.9867706405036527
325,0.35,0.7434935241920184,1.037206496121233
326,0.35,0.75048933063807,1.0500846048256625
327,0.35,0.7437938280699932,0.9289366310352473
328,0.35,0.7440789475695428,1.000282354415833
329,0.35,0.7448637979407027,0.9935835981046698
330,0.35,0.7107865285230776,0.9138261920342114
331,0.35,0.7474509176913272,0.9927588590228592
332,0.35,0.7404282654139738,0.999111604360621
333,0.35,0.7465299349286885,1.0263160282511332
334,0.35,0.7432778206877697,1.024951213983411
335,0.35,0.6691621967783576,0.9434801763415805
336,0.35,0.7420222708061265,0.98210509850079
337,0.35,0.683864380072714,0.9479186282821812
338,0.35,0.7472655474242522,0.9824559524928168
339,0.35,0.740705425266325,0.9417427926311825
340,0.35,0.6980641148806547,0.9635897761983061
341,0.35,0.6488629462802508,0.9440226935435959
342,0.35,0.7104206806545715,0.9577422960278952
343,0.35,0.7106727699043542,0.976693181523606
344,0.35,0.709691964983412,0.9310470635509005
345,0.35,0.7064553103810947,0.9501062919913424
346,0.35,0.7407935058722296,0.9661157229283732
347,0.35,0.6872001828819854,0.9963720339789951
348,0.35,0.7522259508170196,1.0277259979526512
349,0.35,0.6227201635685139,0.9043249286943489
350,0.35,0.746694287574639,1.0021693227550676
351,0.35,0.7400537547570943,0.9991653812912856
352,0.35,0.6671814085751803,0.9408068716229389
353,0.35,0.7091700302814429,0.9873490249657906
354,0.35,0.7023263745889216,0.963770877083045
355,0.35,0.7113980032212189,0.970334557324358
356,0.35,0.741621993021078,0.9865182430551132
357,0.35,0.7464380269420839,0.992841544055538
358,0.35,0.6110846587944895,0.9217711547717268
359,0.35,0.7452919634669919,0.9881292457436005
360,0.35,0.6667240702491958,0.8996555347901924
361,0.35,0.7448044521633638,0.9323272425416687
362,0.35,0.6688148227797888,0.972445822961007
363,0.35,0.7491976794712052,1.0165716442649038
364,0.35,0.7485620527479724,1.0459421650317005
365,0.35,0.7489494036235311,0.9371944712266029
366,0.35,0.6092812369171472,0.9503521691055533
367,0.35,0.7490340891682228,1.029323488645537
368,0.35,0.7435637314104964,1.0023452150807526
369,0.35,0.7426899351625216,0.9613934839164968
370,0.35,0.7431033265144408,1.001344725369668
371,0.35,0.7483101781100979,1.011746137159792
372,0.35,0.7451766963012602,1.0148731981942174
373,0.35,0.7501749322460389,0.9791970844877014
374,0.35,0.6337408808258129,0.9282978072208784
375,0.35,0.7433095301738072,0.9898552924614779
376,0.35,0.6645397978738238,0.9140116546219905
377,0.35,0.7503044266260988,0.9933632914037949
378,0.35,0.7062352774172173,0.9471699520325854
379,0.35,0.7043190916120576,0.9233139274677907
380,0.35,0.7493899586842521,1.000251614695748
381,0.35,0.7473947757706382,0.9960898316165121
382,0.35,0.7401637904132619,1.0031170203245772
383,0.35,0.7439445519142556,0.9425407916827759
384,0.35,0.7429049363219297,0.9621178517972229
385,0.35,0.7424524834468772,0.9709408721278432
386,0.35,0.7400077691896236,1.0008366205106707
387,0.35,0.747605130020696,0.9902007900118317
388,0.35,0.5764716920515718,0.9299035615389816
389,0.35,0.7498976288154932,1.0030737577882585
390,0.35,0.7461216073413695,0.9650389832512778
391,0.35,0.7054119932920901,0.9336592295970364
392,0.35,0.7436079724629401,0.9511606855054022
393,0.35,0.742837813518867,0.980741953478364
394,0.35,0.7485060650507273,1.010783564349151
395,0.35,0.7478945788623372,1.0104178770117165
396,0.35,0.7489578011096144,1.0209213333400988
397,0.35,0.6791664020050608,0.9561473273657062
398,0.35,0.7492598845264021,0.9848776689938171
399,0.35,0.7424997774371943,1.0204274270449747
400,0.35,0.7419684845773838,0.976207850124491
401,0.35,0.7099314158280231,0.948776874901159
402,0.35,0.6917015308171405,0.972942761867493
403,0.35,0.577907528891317,0.9433833713505216
404,0.35,0.7395054774247333,0.977397405345226
405,0.35,0.7393857556279361,0.9731033825588868
406,0.35,0.7469675765919792,0.9742682081477583
407,0.35,0.6784330225571736,0.919785161812337
408,0.35,0.7074618502919419,0.9403654858468706
409,0.35,0.7406686602598098,1.012956568478429
410,0.35,0.7343274693078128,0.9717215331378568
411,0.35,0.7523572310130286,1.0351120229710864
412,0.35,0.7494846955733301,1.0366893908828252
413,0.35,0.7400993467253858,0.96888947704573
414,0.35,0.74179377264337,1.0051259623324333
415,0.35,0.6877188831803858,0.9396448862452114
416,0.35,0.7488129274139632,1.036672389500889
417,0.35,0.7492013109687627,1.0055628403992212
418,0.35,0.7526238010725366,1.076739517912195
419,0.35,0.7475387708647174,1.0062242876370577
420,0.35,0.7520542425371641,1.0274696790207822
421,0.35,0.699299064600648,0.9645499024103624
422,0.35,0.7526463111109747,1.077648766409496
423,0.35,0.7064303588948586,0.9302408848011549
424,0.35,0.711380896464369,0.9856021933120257
425,0.35,0.693329057088925,0.9556305289331251
426,0.35,0.6692980571140746,0.911738128683516
427,0.35,0.7409434831503429,1.005157483175734
428,0.35,0.740818333068326,0.9754797731507697
429,0.35,0.7417638281781088,0.914092553793994
430,0.35,0.6287135052258627,0.9218076779191141
431,0.35,0.5217173757361893,0.9261781850724174
432,0.35,0.7463968836092163,1.0253497840307115
433,0.35,0.7407391004600984,1.0040289768043316
434,0.35,0.74286256309343,1.021101673025451
435,0.35,0.7442606071292053,0.9514337120088132
436,0.35,0.692524618696417,0.8991121405630138
437,0.35,0.6658399458837666,0.9419018953901557
438,0.35,0.7113731016027052,0.9762275942418602
439,0.35,0.7434129686956479,1.0080474634146368
440,0.35,0.7373440424529025,0.9960120310190613
441,0.35,0.6247078389407433,0.9110904223172307
442,0.35,0.7398192421906358,1.0130945275265073
443,0.35,0.7469849150733816,0.9767327623160895
444,0.35,0.7436460145751266,0.9939983160227213
445,0.35,0.7099695487022984,0.9388007737130836
446,0.35,0.7408439801334541,0.9694096137350028
447,0.35,0.750711259596203,1.0111282508651893
448,0.35,0.7427513029979166,0.991957826351553
449,0.35,0.639035988579296,0.9599909351158569
450,0.35,0.6076672943102931,0.90898308000667
451,0.35,0.7063709629403997,0.9677064519891346
452,0.35,0.743659502256482,0.9840119651205199
453,0.35,0.7102913798063176,0.9371462613431316
454,0.35,0.5823083700499173,0.9418843483499364
455,0.35,0.7423501559019948,0.9780641605666759
456,0.35,0.7480061412072866,1.0400827712478977
457,0.35,0.7471603200080669,1.0268111512681612
458,0.35,0.6946648114494617,0.9442824199255975
459,0.35,0.7437007901116588,0.984216520395825
460,0.35,0.6979640738490682,0.9525449052966312
461,0.35,0.7464186016368616,0.9862867661608082
462,0.35,0.7483962072976855,1.0294139808675098
463,0.35,0.711086733458995,0.9528244221033719
464,0.35,0.743044113994949,1.0058311716000432
465,0.35,0.7108335500759764,0.9721558106932816
466,0.35,0.7441752523900941,1.0174340379646933
467,0.35,0.6913513816773482,0.9516802051861346
468,0.35,0.7493448601886337,1.0532443867588566
469,0.35,0.7487741715573332,1.0331404261750572
470,0.35,0.7539812225429855,1.075387024706791
471,0.35,0.6915018280004731,0.9706007711202792
472,0.35,0.700923563869461,0.9751819040597274
473,0.35,0.7102156345539569,0.9926886799189301
474,0.35,0.692073246938922,0.9684378821017593
475,0.35,0.7526175341744503,1.0452453779714992
476,0.35,0.743103645360008,1.0249123299470055
477,0.35,0.7415986291064547,0.983759337397776
478,0.35,0.7532192210964991,1.0596446568521132
479,0.35,0.7533012051155329,1.038000336095278
480,0.35,0.5874595427792292,0.9560870365644126
481,0.35,0.7422177958171288,0.9952980526008031
482,0.35,0.6177588321049993,0.9561647579012393
483,0.35,0.7053057082153483,0.9448618193066282
484,0.35,0.7444018957452737,0.9314533728200529
485,0.35,0.745762901324576,0.994229326774409
486,0.35,0.7395612814140724,0.9852537410765564
487,0.35,0.7467680592009149,0.9180797450646521
488,0.35,0.7399489083645849,0.8941041105570925
489,0.35,0.7477517243659653,0.9521420793232578
490,0.35,0.7471613562085198,1.0076612316351283
491,0.35,0.7336585834089252,0.9679862313332653
492,0.35,0.743001766274831,0.9818393080462774
493,0.35,0.747051028885606,1.0092230706071605
494,0.35,0.7496694998408144,1.0403854794518241
495,0.35,0.7432156221652472,0.9370385692291262
496,0.35,0.749025891018491,1.0088040508163867
497,0.35,0.7108206071274378,0.9834093948271588
498,0.35,0.7414489251489979,0.9757066633864254
499,0.35,0.6803227479286875,0.9694810305019922
500,0.35,0.670456078775782,0.9156675798806704
1,0.3,0.7481046727053343,1.0334815994846889
2,0.3,0.7102351998764034,0.9506947074540899
3,0.3,0.7452804171544389,0.9866474224011221
4,0.3,0.7496482220172855,0.999686444550871
5,0.3,0.6894000993254908,0.9650224422903843
6,0.3,0.6817786444387386,0.9511983063670987
7,0.3,0.7423743310619538,0.9894806379622743
8,0.3,0.6676315089402315,0.9240100148011539
9,0.3,0.7503777140393176,1.028089068756866
10,0.3,0.7383942138030453,1.0139168889114119
11,0.3,0.746090846661586,0.9759261144233722
12,0.3,0.6858869724969261,0.9504988252771527
13,0.3,0.7432166304959698,0.9847624711169872
14,0.3,0.610229964460093,0.9836479642275127
15,0.3,0.7372236107254093,0.9627520928905257
16,0.3,0.7503313023205767,0.985577762310526
17,0.3,0.7103310239480923,0.9710863982551663
18,0.3,0.7500144467054736,1.0144380834390136
19,0.3,0.755461824372081,1.0599134920081426
20,0.3,0.7476943951343356,1.0017306602601108
21,0.3,0.7466261770960743,1.0238515160237946
22,0.3,0.7421345977126091,0.9537218657286088
23,0.3,0.7016634393908656,0.9583653680982122
24,0.3,0.7508945744471619,1.0378387840495293
25,0.3,0.7475981253660405,1.0323507176348787
26,0.3,0.7044375636772432,0.965450523787649
27,0.3,0.7485042854661567,1.0257747955352576
28,0.3,0.7409437031431926,0.9879543598214329
29,0.3,0.6299184147223555,0.994050850424772
30,0.3,0.7464955074422476,1.0149529681236356
31,0.3,0.57754616845272,0.9270189309015537
32,0.3,0.7480514337281138,1.0120278459881975
33,0.3,0.6713512248556456,0.9399323649038696
34,0.3,0.7390366310641723,0.9805014227042286
35,0.3,0.6878065697368346,0.90331020690008
36,0.3,0.7398255931033408,0.9728439169016263
37,0.3,0.7007717882799703,1.0034826142713411
38,0.3,0.7426048365192072,0.9711617317146167
39,0.3,0.7113573806766789,0.9793533908476215
40,0.3,0.7414759185840636,0.9582930160920826
41,0.3,0.735685890444574,0.9604137634860743
42,0.3,0.7490874831014401,0.9625705097303264
43,0.3,0.7537884051759162,1.0948035600896533
44,0.3,0.6093675994105472,0.9079425699547928
45,0.3,0.6878725324144874,0.9563038645078035
46,0.3,0.7091400297624012,0.9321542183574788
47,0.3,0.5025199140506783,0.9608143939019558
48,0.3,0.7423451024572647,1.009627287099201
49,0.3,0.6414307220287074,0.9171456231951718
50,0.3,0.6483717835732061,0.9013684660909731
51,0.3,0.7434424678335346,1.0117350000815735
52,0.3,0.6810805706711962,0.9287267131098713
53,0.3,0.7469925841740181,0.9280675576210802
54,0.3,0.6952724988147596,0.9845293355713355
55,0.3,0.7110099043760505,0.9667502230915779
56,0.3,0.7436801629077734,1.0133993677660174
57,0.3,0.7400795731535081,0.9735506534609496
58,0.3,0.7108553458815814,0.985158315354726
59,0.3,0.7451528396084188,0.9440737236335887
60,0.3,0.6704862504984284,0.9572996933224704
61,0.3,0.6836266711350572,0.9430848270696994
62,0.3,0.698842986387719,0.9706778951122408
63,0.3,0.7534182477939856,1.0480142543140105
64,0.3,0.7495078125032457,1.039496468714336
65,0.3,0.7416226941949189,0.9837618325335249
66,0.3,0.733255962242727,0.9742255479007313
67,0.3,0.7537912588413774,1.0261495806965497
68,0.3,0.7333549624159182,0.9111192391751397
69,0.3,0.5714814167951009,0.9369328529756289
70,0.3,0.7486712068504829,1.0175134808971358
71,0.3,0.7386290678474257,0.9810200729312658
72,0.3,0.7021745126555001,0.9918178701758941
73,0.3,0.748689222154661,1.0179984387447727
74,0.3,0.7496802665105392,1.015445748881757
75,0.3,0.7424252425646831,0.946899144383238
76,0.3,0.7419151092562566,1.005828626530346
77,0.3,0.6880113770680735,0.957657702232859
78,0.3,0.7464348895962282,0.9727206492103292
79,0.3,0.7111875843528185,0.9354660492692981
80,0.3,0.5892792427440151,0.9388687959610146
81,0.3,0.7095933699019905,0.9200716164217039
82,0.3,0.6996801330697536,0.9916699789067321
83,0.3,0.7407146261715213,0.9872720538913099
84,0.3,0.7436861357389236,1.0062005399681062
85,0.3,0.7539374111187903,1.048228826492479
86,0.3,0.5208560801452469,0.9140585926425209
87,0.3,0.7442764147943313,1.0298109190461027
88,0.3,0.7422063333388862,0.8996959065676295
89,0.3,0.746866143814142,1.0311319638735832
90,0.3,0.6669095881203727,0.9372247518506064
91,0.3,0.7080056118277199,0.9801014491613715
92,0.3,0.6945377744416101,0.941140798700599
93,0.3,0.7530392012695518,1.0626275401896454
94,0.3,0.6809288955645892,0.9012275440206619
95,0.3,0.7462299280927533,1.0240088012593442
96,0.3,0.7548590917863817,1.0238280270444216
97,0.3,0.43638848130201174,0.947540700209428
98,0.3,0.7417180937607393,0.9499633087285465
99,0.3,0.7496951542039721,1.0418560989474308
100,0.3,0.7437201258949261,0.9756881893080812
101,0.3,0.6821791927763834,0.9730728460458878
102,0.3,0.5489327606623514,0.9353202749218666
103,0.3,0.7471109752731001,1.02046270671044
104,0.3,0.7448497934154411,1.009818273916433
105,0.3,0.745944719117209,0.9450887571822243
106,0.3,0.7421195448527123,0.9906773598279445
107,0.3,0.7076100408376051,0.9625014290410414
108,0.3,0.6593588894119815,0.967085287381535
109,0.3,0.7411915928644992,0.9975334489866576
110,0.3,0.7503281302136418,1.0284897932189263
111,0.3,0.7470493412716417,0.986691319535124
112,0.3,0.7483480734246052,0.980079262450913
113,0.3,0.6194576730239982,0.916890101132237
114,0.3,0.7349371480870628,0.9837740475526671
115,0.3,0.7065514008436177,0.941632487464914
116,0.3,0.7477138043059147,1.0477872361336642
117,0.3,0.7393419276378643,0.96867721857425
118,0.3,0.7407217117222934,0.934709625186174
119,0.3,0.7403738007610406,0.9974126585442681
120,0.3,0.7489368264097483,0.9558188027539495
121,0.3,0.736450104621296,0.974717838090096
122,0.3,0.7435109700189553,1.0086744853138985
123,0.3,0.7349611936399489,0.9726518732235465
124,0.3,0.7112777036643214,1.0044661170256783
125,0.3,0.6678037957817698,0.9445594112512264
126,0.3,0.7413267630479257,1.0145010248908204
127,0.3,0.6701633111624459,0.9037247087649014
128,0.3,0.7025043731029395,0.9539139878268981
129,0.3,0.7429264305857793,1.0064231378890167
130,0.3,0.7459694509658344,1.0157330854603364
131,0.3,0.7465776089911148,0.9806422415835296
132,0.3,0.741128142616286,0.9661855061880709
133,0.3,0.7074748095807276,0.9625366533608366
134,0.3,0.7383682547422018,0.9631760306034151
135,0.3,0.7400897151315676,0.986557114503053
136,0.3,0.6907598234525893,0.9610276983078971
137,0.3,0.7542421198355551,1.1022355719589167
138,0.3,0.7469125306675417,0.9600342739746942
139,0.3,0.6419587910658003,0.9319256921378634
140,0.3,0.6880867868098235,0.908927215763527
141,0.3,0.7500241759768745,1.032938714708722
142,0.3,0.5298517896937375,0.8599142623084872
143,0.3,0.7114171225869714,1.0028548609546228
144,0.3,0.7106299801816992,0.9699435421137358
145,0.3,0.7465187106104313,0.9567075028579834
146,0.3,0.7566598763488902,1.0675208036229709
147,0.3,0.7452802670115215,0.9629480710985386
148,0.3,0.7456551068571872,0.9924271908289528
149,0.3,0.7446308266665994,1.0204091085910827
150,0.3,0.7473352907793989,0.9621959793562945
151,0.3,0.6397605542721418,0.9150522944987025
152,0.3,0.7405655686957792,0.9150505591182547
153,0.3,0.73914208591278,0.9818587422438431
154,0.3,0.7473693394907763,0.9561048324518548
155,0.3,0.5790127241415103,0.9363447183196806
156,0.3,0.7012334915326829,0.9356484832392726
157,0.3,0.7494970025429367,1.0231049304112994
158,0.3,0.6175519860954352,0.9161942611228531
159,0.3,0.751524387480943,1.044126177847986
160,0.3,0.6961610408207165,0.9497928205244345
161,0.3,0.7332052136868836,0.9914341670294217
162,0.3,0.7540790964561489,1.0952660039657405
163,0.3,0.744189758373866,1.044483717758933
164,0.3,0.745191802120267,0.9594387762755351
165,0.3,0.7458574144164455,1.0424331259206165
166,0.3,0.7456999383110021,0.9744633071880272
167,0.3,0.7414942283304571,0.9738550235384171
168,0.3,0.690625901412349,0.935823928632827
169,0.3,0.7477058394157781,1.0186600098076963
170,0.3,0.7431697830438285,1.0025470339066969
171,0.3,0.7456098804125845,0.9996266677888932
172,0.3,0.7328672402382309,0.9703861127318768
173,0.3,0.739353356405215,0.9843486051253136
174,0.3,0.7500570192553849,1.0031110805749528
175,0.3,0.6684576511153596,0.9235431782232602
176,0.3,0.7110729825091839,0.9727300170284504
177,0.3,0.7398477467085247,0.9416886182786982
178,0.3,0.7479203104136245,0.9755315843189344
179,0.3,0.7030183071536091,0.9727063388615114
180,0.3,0.7508476992571658,1.0200885006383222
181,0.3,0.7450635566850191,0.9292236746022265
182,0.3,0.7527374885762848,1.061130749810946
183,0.3,0.7450673991608268,1.0113925299390878
184,0.3,0.7441630941529157,0.9817597161862573
185,0.3,0.7115058330565001,0.9756181491963869
186,0.3,0.7046450357422246,0.9774214174913386
187,0.3,0.7410626703341109,0.9356620080495079
188,0.3,0.7436137422917658,0.9362310565342827
189,0.3,0.7328988268862568,0.9355090413685494
190,0.3,0.7087648303184331,1.0094864647800537
191,0.3,0.7501879720181976,1.0206979026190561
192,0.3,0.7483709704769147,1.0066827456344511
193,0.3,0.7453454165227024,0.9662423135375313
194,0.3,0.7512205814439674,1.0295949422599682
195,0.3,0.7485737026862929,1.0346127815840642
196,0.3,0.7503344684612223,1.000163103720011
197,0.3,0.744534771740328,0.9696754743224995
198,0.3,0.7004001806330938,0.9460009528575145
199,0.3,0.7511365682202134,1.043915030238657
200,0.3,0.7012209167961112,0.9573816125916526
201,0.3,0.6739097825791417,0.9773269760224446
202,0.3,0.7447435094886663,1.0086080005328224
203,0.3,0.7099767709573696,0.9294120531250954
204,0.3,0.7422250062340092,1.016694343004963
205,0.3,0.743909799093366,0.9665684393807807
206,0.3,0.7506383430493663,1.039686467138253
207,0.3,0.6054791134769897,0.8959207108120302
208,0.3,0.7436739225103236,0.9833692471306411
209,0.3,0.7469901808141661,0.9757669585782812
210,0.3,0.7360635009622589,0.9988881423176853
211,0.3,0.7335116013485107,0.9431263716237368
212,0.3,0.7461410924973851,0.9989841113120314
213,0.3,0.7529005849658976,1.042950206025668
214,0.3,0.7112333606655983,0.9702102181488559
215,0.3,0.7476474833582795,0.9967905852319394
216,0.3,0.7414768844720606,0.9552445067694938
217,0.3,0.743345033878273,0.92716632840077
218,0.3,0.7481777401554124,0.9944702135341966
219,0.3,0.6470633024565464,0.9208858158876018
220,0.3,0.7471006999245593,1.0036944183550016
221,0.3,0.740078724532497,1.0196389451794574
222,0.3,0.6737002025453875,0.940230725142361
223,0.3,0.7096577921068173,0.9640424834020904
224,0.3,0.7413355463151347,1.0098134888646395
225,0.3,0.7400132807857972,1.0100533728403067
226,0.3,0.7421796717320339,0.9830240773732847
227,0.3,0.6269163336099797,0.9700331669242168
228,0.3,0.7434951952218716,0.9854205975647038
229,0.3,0.7466906597079985,0.9955182150848346
230,0.3,0.7428397786715292,0.9972778165494828
231,0.3,0.6382568889666481,0.9528532082201976
232,0.3,0.7399487785323083,0.9741068764023999
233,0.3,0.7400524255400238,0.9408639407675718
234,0.3,0.6924521808690286,0.9600197068547619
235,0.3,0.7079520864282481,0.9274286564826627
236,0.3,0.7384499313843523,0.979008107378948
237,0.3,0.7489334056690488,0.9785374760969346
238,0.3,0.7483135685525077,1.0146876469939163
239,0.3,0.7468706087536796,1.0115295331658483
240,0.3,0.7437714444777851,0.9453119400270995
241,0.3,0.7473349027508693,0.9777468633546719
242,0.3,0.6361674630762909,0.9498719607279635
243,0.3,0.7417017615715545,0.9893268655986871
244,0.3,0.7517438822851189,1.0281218661211797
245,0.3,0.7367252750186776,1.021591719098485
246,0.3,0.752338610790795,1.050771964547518
247,0.3,0.7445191012573094,1.0396613014158826
248,0.3,0.7328867071211569,0.9313142987553602
249,0.3,0.7441637531489155,0.9518097862786109
250,0.3,0.7115703934022226,0.9851498929135419
251,0.3,0.741982057807188,0.9904063327915356
252,0.3,0.6329927758385179,0.944812713102103
253,0.3,0.743885710751548,1.020794963509864
254,0.3,0.7108496711051788,0.970092618923026
255,0.3,0.7451956499421928,0.9639435620665233
256,0.3,0.7373249451097358,0.9861715298401541
257,0.3,0.7397590555886602,0.9935460738080081
258,0.3,0.7416302652707452,0.9643212172843084
259,0.3,0.7508081753555903,1.0357436145092598
260,0.3,0.6711296798439153,0.9061967129369461
261,0.3,0.6713594674804063,0.9586213616408875
262,0.3,0.7406251696155686,0.9530087893645905
263,0.3,0.7350554392484243,0.9822566012554896
264,0.3,0.7522244101812381,1.0896958427198549
265,0.3,0.6795924170395344,0.9406251103611284
266,0.3,0.6209273447586467,0.9358510360014287
267,0.3,0.7099931577215268,0.9636519082113223
268,0.3,0.7531157046676908,1.0591655007298095
269,0.3,0.7436978035304654,0.9968140398268859
270,0.3,0.6961980003792471,0.9687003312734376
271,0.3,0.7446261907684,0.9408947344040508
272,0.3,0.7503511509413019,1.0283481139861788
273,0.3,0.7550464564382736,1.0774401509989362
274,0.3,0.6969660278793385,0.9692626357349909
275,0.3,0.7006563872577221,0.837608937202198
276,0.3,0.6229301839736259,0.9328787649105702
277,0.3,0.7454541485207178,1.010302000019743
278,0.3,0.7409141698727396,0.9957283476495891
279,0.3,0.7479624934469602,0.947601415505588
280,0.3,0.7397372356218384,0.9996823301692599
281,0.3,0.7113581416258498,0.9695818720499346
282,0.3,0.7369272085176136,0.9257556470244463
283,0.3,0.7018533449360129,0.9420187757276342
284,0.3,0.7398803250497825,0.9989679990114089
285,0.3,0.7489065229783666,0.9987964847286925
286,0.3,0.7424736626789633,0.9806212129424432
287,0.3,0.6789143147668782,0.9314759344706735
288,0.3,0.7444383239985068,0.9533142135525314
289,0.3,0.7434818279731568,0.9891152271342887
290,0.3,0.6425329651683183,0.9311176246021464
291,0.3,0.7473524283615519,0.9606879398202683
292,0.3,0.6338817664552726,0.9051002850987419
293,0.3,0.7105290448065921,0.9700370940601238
294,0.3,0.7426010654725219,0.8743504060474285
295,0.3,0.588607190504603,0.956680249470553
296,0.3,0.7408579969077808,0.9607743494396399
297,0.3,0.7444544539263764,0.9813278053523201
298,0.3,0.745761984405797,1.000259458401857
299,0.3,0.7462968392778646,1.0280931348326048
300,0.3,0.6852492210303072,0.9236530030239097
301,0.3,0.640310109619133,0.9272693243324401
302,0.3,0.6205270755667814,0.9285082808291802
303,0.3,0.7419672778115257,0.9844796515863817
304,0.3,0.752688633070838,1.0328551893831894
305,0.3,0.7485754065481836,1.0464865391184979
306,0.3,0.695203250859005,0.9553247609412738
307,0.3,0.7508944072375603,1.0733961598351642
308,0.3,0.7469620064265787,0.9774322365623305
309,0.3,0.6976464600595635,0.9687201526296987
310,0.3,0.743844118609322,1.0151765642964599
311,0.3,0.7092438096306276,0.9394705399988379
312,0.3,0.7513165025486486,0.9927431081358294
313,0.3,0.7443423387388572,0.9999309190308466
314,0.3,0.7471924074613794,0.9967950785447588
315,0.3,0.7394188342655436,0.9694827427787891
316,0.3,0.7468698270966124,1.0315305935614398
317,0.3,0.6675182265022397,0.9385599102562763
318,0.3,0.7408220118776189,1.01124929425059
319,0.3,0.7467643137260626,1.0017784896097766
320,0.3,0.7048305470849965,0.9469396153280977
321,0.3,0.7395707877870258,0.9595023153806935
322,0.3,0.7069760551008687,0.964610966496032
323,0.3,0.6761616007267581,0.9279304035861988
324,0.3,0.7412843926486781,0.9728660491475584
325,0.3,0.6987407102187652,0.9793295561387066
326,0.3,0.7381666778220115,0.9648491259716824
327,0.3,0.7502574759442623,1.0207619295144335
328,0.3,0.619227020595817,0.9491093608589253
329,0.3,0.7439323339040431,0.9313855507356412
330,0.3,0.7444254080550202,1.0071968010893768
331,0.3,0.7448592014783605,1.0028186797459495
332,0.3,0.6741424927491316,0.9314873272447418
333,0.3,0.7396201374188758,0.9500635843659021
334,0.3,0.6952166782066416,0.9504124122632834
335,0.3,0.7477551946676524,1.0235797098334234
336,0.3,0.6739784926769171,0.9809053028065823
337,0.3,0.6274550014415692,0.9520620456210009
338,0.3,0.6813883925906459,0.9748796743890105
339,0.3,0.7406333273612491,0.9723027938510747
340,0.3,0.7350391493055782,0.9524042668838132
341,0.3,0.7079467941679594,0.9123225571294286
342,0.3,0.7446690151342833,1.005281926312802
343,0.3,0.7412768802964798,0.9829773675798359
344,0.3,0.6825819021374718,0.9345214135359298
345,0.3,0.739438339282386,0.9548486274918588
346,0.3,0.7016857506921449,0.9476353406345912
347,0.3,0.7419617080611409,0.9336583666423475
348,0.3,0.7483081237149424,1.0444022985283068
349,0.3,0.745286253411966,0.9770446898691526
350,0.3,0.7499218920376515,0.9798618821845115
351,0.3,0.7411043494239685,0.9962851427888351
352,0.3,0.7073067392635762,0.9453907019268852
353,0.3,0.7502720443298583,1.0087233604442443
354,0.3,0.7444055055277534,0.9916644047674845
355,0.3,0.7109126219861257,0.9712400408324183
356,0.3,0.7360227942690383,1.002994477830415
357,0.3,0.6951710698677894,0.9241639730851955
358,0.3,0.7411924748198581,0.9472875116903434
359,0.3,0.7545615087799927,1.0682263768666016
360,0.3,0.7499705347376755,1.038535800744784
361,0.3,0.6359840559623181,0.9218383562986677
362,0.3,0.7383066246827705,0.9363249523839441
363,0.3,0.7005664429861839,0.9811592140062019
364,0.3,0.7430501839356529,0.9566506443500299
365,0.3,0.7351314373031791,0.9413155959899794
366,0.3,0.751351973535577,1.0261069232369349
367,0.3,0.6303223381424907,0.937403695259853
368,0.3,0.7473528072173046,1.0264313700312395
369,0.3,0.7424760587329104,1.0162566305881382
370,0.3,0.7331181420699443,0.9173125598447948
371,0.3,0.7464440430540963,1.029374753972807
372,0.3,0.6995790879246226,0.9773242174258622
373,0.3,0.7410950124318854,1.013452491501472
374,0.3,0.7507667643841579,1.0081857026528833
375,0.3,0.742359830766336,0.982818170885485
376,0.3,0.7508578105821817,1.048197088063823
377,0.3,0.7404645063478471,0.97475199323007
378,0.3,0.7416554987753059,0.9653196560368156
379,0.3,0.753348793903961,1.0776747565933797
380,0.3,0.6777010721554263,0.9129096513804138
381,0.3,0.7412260300135484,0.9569146080913891
382,0.3,0.7489419165839067,1.0595075829657359
383,0.3,0.7399275575493257,0.9905165929767805
384,0.3,0.6934798192093374,0.9373673185651388
385,0.3,0.7425478630409743,1.0009840127977399
386,0.3,0.7461957191682345,1.0177977547726764
387,0.3,0.7453333139224624,0.9442434773109017
388,0.3,0.6993721323164794,0.9738410938488509
389,0.3,0.7398418210943242,0.9660614475272344
390,0.3,0.7461648443191441,1.0095258140486976
391,0.3,0.7460548616269914,1.0259109233110357
392,0.3,0.7525891634782989,1.0388054971907774
393,0.3,0.745937954027198,1.0184023640848658
394,0.3,0.7467537458741123,0.9747110026198268
395,0.3,0.7462295484373285,0.9658520553344018
396,0.3,0.7454394494533484,1.0137421632729986
397,0.3,0.7495776589213355,0.9935197207208784
398,0.3,0.710277817460185,0.9543369606233275
399,0.3,0.7399130794250522,0.9550895969594605
400,0.3,0.745174020574284,0.9523497805748505
401,0.3,0.7419044281244893,0.9974654778415882
402,0.3,0.7477159134739981,1.0175580529518207
403,0.3,0.6281754759403955,0.8895694147839405
404,0.3,0.7402128946084027,0.9754564801251052
405,0.3,0.7486862597316412,1.01324218641859
406,0.3,0.7466034326582826,0.9803275417256943
407,0.3,0.7456987817824597,1.0111379236232605
408,0.3,0.7508775886360866,1.0478155458558078
409,0.3,0.7001212756618729,0.9649353112177979
410,0.3,0.7414847833310096,0.9825278155131408
411,0.3,0.6994028477542327,0.9890959172238836
412,0.3,0.7387285092866295,0.98670269820278
413,0.3,0.7503963803731959,1.003027520536638
414,0.3,0.7101980663095582,0.9608229552384308
415,0.3,0.7509917098829616,1.0413738464953373
416,0.3,0.5877773417208906,0.9507429938781162
417,0.3,0.7499530990212891,1.0434836470739013
418,0.3,0.7455537900391491,1.0139400783126136
419,0.3,0.678635795472756,0.988715416015619
420,0.3,0.7471801173028008,0.9322799125529985
421,0.3,0.7473486563715809,1.0155547311144109
422,0.3,0.7107901151877867,0.9741860472431427
423,0.3,0.6384741038443122,0.9428273712066594
424,0.3,0.5713628021395153,0.9128001963726955
425,0.3,0.7467775557469236,0.9863630695365474
426,0.3,0.6842009864074826,0.9642284408140688
427,0.3,0.7433743608883304,0.9983497641622617
428,0.3,0.7491274312705062,1.0193564173420246
429,0.3,0.7493491164828904,1.010763247230479
430,0.3,0.7471122865849508,0.9797451122772453
431,0.3,0.7445894670628492,1.0119551114819194
432,0.3,0.7402571583615541,1.0111554256754933
433,0.3,0.7045906995557641,0.9570008080653233
434,0.3,0.6412237455444273,0.9491908338155769
435,0.3,0.7031127375520235,0.9268718395374087
436,0.3,0.7425557497507852,1.0186299999459736
437,0.3,0.7472061260349017,1.030048713693236
438,0.3,0.6953750726401149,0.852357706706548
439,0.3,0.6295797903969337,0.9305538050712152
440,0.3,0.708399384178796,0.8974019009979534
441,0.3,0.7474534276295002,0.967219525908294
442,0.3,0.7493998513798517,1.0132446410879137
443,0.3,0.7446449664729576,0.9791198309122612
444,0.3,0.7479823189535736,1.0134179804963357
445,0.3,0.7472074255568565,1.004787007162056
446,0.3,0.7499143067686553,1.056582518026061
447,0.3,0.7386483722142346,0.9950039316259872
448,0.3,0.7474454477953508,1.037655326967028
449,0.3,0.7387949627880477,0.9790318783563987
450,0.3,0.7338684832673524,0.8925753825215761
451,0.3,0.6756131245191072,0.9227851925094367
452,0.3,0.7507560465062804,1.0243108923401034
453,0.3,0.7045868330029263,0.9289845209143601
454,0.3,0.7469233057178202,1.0197225604081825
455,0.3,0.7452398386704632,1.0130070046800044
456,0.3,0.6332267517216114,0.9196074682190484
457,0.3,0.6765512771757273,0.9194250434061317
458,0.3,0.7412297027550614,0.9836729951183146
459,0.3,0.7420505207477952,0.9982256128295163
460,0.3,0.6625976690827547,0.9444239799888952
461,0.3,0.6972675375376458,0.9624440076393793
462,0.3,0.743412206809952,0.9737717896239148
463,0.3,0.6654382298939948,0.9684832043385384
464,0.3,0.7447998133087532,0.9847687356853341
465,0.3,0.742492135446572,0.9511076318411452
466,0.3,0.7497408050676846,1.0559334243091556
467,0.3,0.741997894793565,0.98581368080888
468,0.3,0.7457715873786732,0.9802840375551797
469,0.3,0.7518096285945337,1.044075697024828
470,0.3,0.6247785247476242,0.9484735984092578
471,0.3,0.7416621416046412,0.9525853467532412
472,0.3,0.692698637827054,0.9544903317469999
473,0.3,0.7432651850822749,1.0076169714437662
474,0.3,0.7386281832303684,0.9871962642532787
475,0.3,0.7524243198837092,1.0590255385988456
476,0.3,0.7093011630070925,0.9201104872986059
477,0.3,0.7470213297835374,0.9972588742021196
478,0.3,0.7089092358895983,0.9467102566367026
479,0.3,0.7561773597903023,1.0454368618185783
480,0.3,0.7438107397582585,0.9929080289332138
481,0.3,0.7442494541491792,0.983683693078361
482,0.3,0.6879898593569772,0.9442420506082679
483,0.3,0.7475601503771862,1.026149010056634
484,0.3,0.7415108818007814,0.9779805552609461
485,0.3,0.692168982816728,0.9726403906036105
486,0.3,0.7458044405291931,0.9723130519157233
487,0.3,0.7442388686803756,0.9618185871470957
488,0.3,0.6918558326127573,0.9614063416085408
489,0.3,0.6864991669396429,0.9621822740595846
490,0.3,0.7469847716315807,1.0342859751372768
491,0.3,0.7499369195207577,0.9895058076641146
492,0.3,0.7454545575082651,0.9337871147378664
493,0.3,0.7499802570579501,1.0309566142902427
494,0.3,0.7491432477828482,1.0340152193711838
495,0.3,0.7514687639129409,1.0304637022965764
496,0.3,0.7432590855986789,0.9755908818996007
497,0.3,0.7424875036240601,0.9717996391601584
498,0.3,0.747144889350029,1.0294557063860035
499,0.3,0.7465051753487012,0.9585134815524409
500,0.3,0.750306750660573,1.020259598121172
1,0.25,0.7486762346833824,0.9594396918256548
2,0.25,0.7526583814881759,1.0131751974383925
3,0.25,0.6284102011372277,0.9344825101030949
4,0.25,0.7484337557777624,1.0255042909325776
5,0.25,0.7464282761382749,1.0119465670639771
6,0.25,0.5746876400256165,0.9162785481351792
7,0.25,0.5537484007634722,0.9074360141158669
8,0.25,0.7026077468081569,0.9575914705395433
9,0.25,0.7377030192473402,0.9751466207447229
10,0.25,0.7349956313842813,0.9713480490924725
11,0.25,0.6445403399779374,0.9628936247839995
12,0.25,0.7485007536662823,0.9917694573802588
13,0.25,0.7535505237033226,1.0641849342121645
14,0.25,0.7407018196219839,0.998213660703317
15,0.25,0.7099571868664489,0.9766084490689286
16,0.25,0.7445916141135694,1.0005108327744814
17,0.25,0.6130329264460689,0.9503856992592677
18,0.25,0.6930192670483698,0.9129608757948315
19,0.25,0.7398559699146632,0.951622328394168
20,0.25,0.7358001278049446,0.9744904207362804
21,0.25,0.6640908303410111,0.9505196073689325
22,0.25,0.7438314017577753,0.9825452125520305
23,0.25,0.7516935364469399,0.9707423953638136
24,0.25,0.7464421863994608,1.040964641134319
25,0.25,0.7109229736574239,0.9497376079319034
26,0.25,0.748220705809475,1.0134090882253917
27,0.25,0.7442460645309814,1.005799749412509
28,0.25,0.7430309540943026,0.9912459762314328
29,0.25,0.7440215661496787,0.9491289027680774
30,0.25,0.7037434259840253,0.9079299150750942
31,0.25,0.7448071252730056,0.9644842683469352
32,0.25,0.6298893486272633,0.92858604946031
33,0.25,0.684784009504269,0.9477533433569569
34,0.25,0.7057809390620302,0.9305523788011979
35,0.25,0.752588001428694,1.0668624159179452
36,0.25,0.7106770710619144,0.9614690649843131
37,0.25,0.7467471088679895,1.0144637756016608
38,0.25,0.7100933457837443,0.9501525140594783
39,0.25,0.7511610253522614,1.0309049229155716
40,0.25,0.5804370169939814,0.9265440970154615
41,0.25,0.7425880173726199,0.99672520088451
42,0.25,0.7454862535653256,0.9916467845469363
43,0.25,0.7378917103193645,0.9489598267244075
44,0.25,0.6361110891994466,0.9506953267520672
45,0.25,0.7454123614634726,1.0114615472142066
46,0.25,0.7443583229717899,0.9758115259926408
47,0.25,0.7528648144490367,0.994269851155482
48,0.25,0.7336684393616693,0.9339667337778216
49,0.25,0.7100050589519882,0.9450042470281924
50,0.25,0.6954354093765827,0.951783242887377
51,0.25,0.7433300780651394,1.0177637496014054
52,0.25,0.7420657846063784,0.9546843403712197
53,0.25,0.7489120123724936,0.9731912783444748
54,0.25,0.7477524383287528,0.9625860691623275
55,0.25,0.5803998306461062,0.9372804596756631
56,0.25,0.6953917365547998,0.9929935982233303
57,0.25,0.7105931482041911,0.9739889441992903
58,0.25,0.7100186110624515,0.9128562271585641
59,0.25,0.75209916136347,1.0464514237049045
60,0.25,0.7341664946103684,0.9364695398267413
61,0.25,0.7495689234265357,0.99130662733712
62,0.25,0.7469401703300018,1.004316577604516
63,0.25,0.5740717991769162,0.9303149410594274
64,0.25,0.7460348840030065,0.9864625091763235
65,0.25,0.6973010368664128,0.9779186987731638
66,0.25,0.7527325043959251,1.0707510699515719
67,0.25,0.7093050761756032,0.9750001060371715
68,0.25,0.755781508329678,1.0510788960667283
69,0.25,0.6982549975731139,1.009797835250777
70,0.25,0.739675328213868,0.9612752237032474
71,0.25,0.7480619665646253,1.0105826714039705
72,0.25,0.7470663854850808,0.9858473362475425
73,0.25,0.7079492495627732,0.9662244116760149
74,0.25,0.6441633308020215,0.8895723528966437
75,0.25,0.7354426587338543,0.9479955514119776
76,0.25,0.7060745875861971,0.9771934721825738
77,0.25,0.7491647692679629,1.027426635702016
78,0.25,0.690132435803618,0.9697133322177225
79,0.25,0.7435459391115348,1.0056779549851005
80,0.25,0.6498907514171648,0.9513503989720374
81,0.25,0.6848817009682162,0.9583376332733002
82,0.25,0.756264643759043,1.0403777443011575
83,0.25,0.7442623017311967,0.974333641298072
84,0.25,0.6179097669784129,0.9231526563558562
85,0.25,0.7112976579051071,0.9223651523207879
86,0.25,0.6800391916778413,0.9165557613311877
87,0.25,0.7505036329048309,0.9714982941782285
88,0.25,0.7408946059832809,0.9667458974765074
89,0.25,0.7093762590954046,0.9423707883436357
90,0.25,0.7113400566583824,0.9939912833203075
91,0.25,0.7514832481143819,1.0469272719063685
92,0.25,0.7438914755886954,0.9784213108882548
93,0.25,0.7402194494377681,0.9931507568328249
94,0.25,0.7433769293988581,0.9856305579131762
95,0.25,0.5564142316213382,0.971973272138324
96,0.25,0.7429559577872196,0.979616814989834
97,0.25,0.7490997421104962,1.0437277608299134
98,0.25,0.7413317656361175,0.9961724592090188
99,0.25,0.7528787542005391,1.0574164944315134
100,0.25,0.7074333955836469,0.9933941798664682
101,0.25,0.7447481734893101,1.0169379076382807
102,0.25,0.6499774749137145,0.9598574499963698
103,0.25,0.7400738045802416,0.9606261189021833
104,0.25,0.7505956387522355,1.023497714236326
105,0.25,0.7440867699548847,1.0064070089146726
106,0.25,0.6802148161786903,0.9382784079466179
107,0.25,0.6850420079619312,0.9740742441519834
108,0.25,0.7363958571495568,0.9259907377556353
109,0.25,0.6975457860589889,0.978130705092388
110,0.25,0.7111253245341214,0.9489900130671899
111,0.25,0.6970939164859288,0.9622696147709444
112,0.25,0.5002373718221318,0.9302925054180524
113,0.25,0.7474562170937347,0.9771776529409586
114,0.25,0.7491993138939583,1.013043836078032
115,0.25,0.7435363673168094,0.990736379116512
116,0.25,0.7452440402533912,0.9915217174738031
117,0.25,0.6739467593504332,0.9962213778320334
118,0.25,0.7414502462701374,1.0056215071806769
119,0.25,0.7408264577502003,1.0010078022977542
120,0.25,0.747942022295881,1.0208777665209898
121,0.25,0.7429159429729763,0.973989031718016
122,0.25,0.7395895351363044,0.9363881910459839
123,0.25,0.6762512141146988,0.9291984769519592
124,0.25,0.7363613680799095,0.9962655213160152
125,0.25,0.7402301728368469,0.9898144611983725
126,0.25,0.7515557686496589,1.0165145043982164
127,0.25,0.7032103093216017,0.970325968398953
128,0.25,0.710485529122737,1.0001954899737993
129,0.25,0.668931620381566,0.8960781647066781
130,0.25,0.5234710961672114,0.9622705496268065
131,0.25,0.7395654430996085,1.0021566738099763
132,0.25,0.673592936574922,0.9160367023826098
133,0.25,0.6963931692754831,0.944903582756057
134,0.25,0.7412679412933267,0.9497202119358256
135,0.25,0.6884635879366091,0.9817065379168668
136,0.25,0.6299188913591983,0.9070607083218495
137,0.25,0.7394911758768717,0.955494056196253
138,0.25,0.567216764141777,0.9076585188701335
139,0.25,0.7006932956853102,0.9236899573483388
140,0.25,0.7430767043118809,0.9719425190169946
141,0.25,0.7382849659092408,0.9503673562029579
142,0.25,0.6652619684406335,0.880990703835952
143,0.25,0.7029419539391922,0.9593419630785549
144,0.25,0.7542547982493031,1.0756642622295567
145,0.25,0.7441224045463847,0.9524806069150826
146,0.25,0.7439006943781423,0.9649991633494922
147,0.25,0.7438412200216189,0.9862575615109993
148,0.25,0.7520705069101985,0.9945894951161556
149,0.25,0.7105428476312329,0.9590722833080009
150,0.25,0.7511891779294017,1.0315381180661436
151,0.25,0.7538772180865847,1.0942283660564247
152,0.25,0.7434639862498389,0.9937924574369245
153,0.25,0.5216809486242434,0.9659948352658425
154,0.25,0.7469957049602532,0.9951459908213341
155,0.25,0.7090579857557381,1.0084723275045675
156,0.25,0.7509838533985922,1.0527283118259902
157,0.25,0.7450206778185888,1.0475171137402175
158,0.25,0.7411275575008834,0.9255253377239181
159,0.25,0.7389436610616937,0.9881518785874128
160,0.25,0.6459918506433329,0.8917958652514507
161,0.25,0.6392145056005895,0.9786485706989313
162,0.25,0.7359568178237592,0.9912933125472848
163,0.25,0.7077107422933345,0.9510031284324001
164,0.25,0.7422624537962327,0.9842858984140213
165,0.25,0.7524851881437423,1.0142614288264424
166,0.25,0.7488578434258024,1.0215338104866496
167,0.25,0.7354666418814707,0.9890808685877696
168,0.25,0.7518743746699401,1.0614461247997267
169,0.25,0.7449741396989823,0.9807120193429228
170,0.25,0.690497968693835,0.9822584913487677
171,0.25,0.7451521725967364,1.0061987374144736
172,0.25,0.747034744787571,0.9982998942805708
173,0.25,0.7434036771511345,0.9950917982015106
174,0.25,0.562176579402257,0.9498476206867554
175,0.25,0.7463123075735857,0.9798071561453184
176,0.25,0.5764696364651213,0.9588559769324155
177,0.25,0.7397830664849951,0.9363334119585351
178,0.25,0.6885335228290234,0.9644104123955042
179,0.25,0.661989145834419,0.948862624506285
180,0.25,0.7065932750950781,1.0026924391023053
181,0.25,0.6728404054563273,0.9374886206596968
182,0.25,0.7454686166602204,0.9504716371276237
183,0.25,0.7394020888549324,0.9826560716925103
184,0.25,0.7439590155761944,1.0172753098184388
185,0.25,0.7480393215107999,1.0409199771598514
186,0.25,0.7471293088767149,1.0506390245450312
187,0.25,0.5870609385871783,0.896281026660928
188,0.25,0.7105323238278883,1.0079463535107598
189,0.25,0.5803837995646323,0.9158021463876765
190,0.25,0.7472590932325379,0.9724334377580641
191,0.25,0.7435547523751069,0.9525238705347379
192,0.25,0.6685609789468794,0.946459288715267
193,0.25,0.6617693182429047,0.8852862398527799
194,0.25,0.7068065749270186,0.9559000351017354
195,0.25,0.7497788895998745,0.9904998022340736
196,0.25,0.752261243233954,1.0453226096093404
197,0.25,0.7370486180375833,0.9423799174455223
198,0.25,0.741720527689998,0.9729969963062401
199,0.25,0.7441257641093696,1.0153290419499863
200,0.25,0.680934483228592,0.967338704954644
201,0.25,0.7450259093202751,0.9818649269883845
202,0.25,0.64359031585455,0.9528202379553589
203,0.25,0.6345859753099102,0.8919676641881091
204,0.25,0.7449562122354155,0.9860458577219432
205,0.25,0.7517463373878254,1.0500654842896056
206,0.25,0.7081830356538242,0.9441567081087036
207,0.25,0.606203692957173,0.8468791774292984
208,0.25,0.6808518158524243,0.9418882749275531
209,0.25,0.7438388597343718,0.9712596304185537
210,0.25,0.7499092749507206,1.0342169821638683
211,0.25,0.7422421921529726,0.9683820033175521
212,0.25,0.7400411151384252,0.9961834183433899
213,0.25,0.7422938149237851,1.0014383677753451
214,0.25,0.7436057444782292,1.0115367027563933
215,0.25,0.6902984696525102,0.9729759457441467
216,0.25,0.7104483546944649,0.9696134807168939
217,0.25,0.6998539037852636,0.9224902076043197
218,0.25,0.6595561679701275,0.9685905303697004
219,0.25,0.6156461330688288,0.9563709672406538
220,0.25,0.7398124160964271,0.9369828157065542
221,0.25,0.6679832986153912,0.92087005403672
222,0.25,0.7102853162791293,0.9474513061305834
223,0.25,0.6483441908430234,0.8741370265033351
224,0.25,0.6461884127758742,0.9433001258457174
225,0.25,0.587722391495807,0.8326114844380426
226,0.25,0.526208255705254,0.9398291181677186
227,0.25,0.6800622642359534,0.9271622288697495
228,0.25,0.753687718965335,1.0813625916922704
229,0.25,0.7448071387356988,0.9737747251087114
230,0.25,0.7487487095416232,0.9968014400918747
231,0.25,0.7099112416992464,0.9673943520510437
232,0.25,0.7449286041066088,1.0319253714415388
233,0.25,0.7420057516508632,0.9653054909987201
234,0.25,0.6803347551588639,0.947290249859351
235,0.25,0.7450539045370168,0.9408921014077408
236,0.25,0.7420901371367562,0.9650526460550447
237,0.25,0.7093837508046178,0.8846461625062092
238,0.25,0.584328258964122,0.9534868818801413
239,0.25,0.7476255111459437,0.9777956771330766
240,0.25,0.7403990827984261,1.0029355839982985
241,0.25,0.7446598485073452,0.9955533227591504
242,0.25,0.7488266593019395,0.9659107281992748
243,0.25,0.7420611075009605,0.9842248966041529
244,0.25,0.7406436262080875,0.9428995163804761
245,0.25,0.7477771583856337,1.0242692637481692
246,0.25,0.7455288472225866,1.0435607831585392
247,0.25,0.7492330146092476,1.0372935723348025
248,0.25,0.5247236275891056,0.9290605148515375
249,0.25,0.6296375042877416,0.9316674084520298
250,0.25,0.6712460626709497,0.9493551875146157
251,0.25,0.7082863468925611,0.9940919039593238
252,0.25,0.7435585565239355,0.9663300444267356
253,0.25,0.7438857100289599,0.9340856893853804
254,0.25,0.6581113546290377,0.9138011956445028
255,0.25,0.7458648277960488,0.9784735058088464
256,0.25,0.7399996751975559,0.9783462016380058
257,0.25,0.7511792247150886,1.0650092932186432
258,0.25,0.750252632325194,0.9485547542285991
259,0.25,0.7027873109933189,0.9220788813700437
260,0.25,0.7420715116367443,0.9679229076241639
261,0.25,0.7080230591612123,1.0021891673726528
262,0.25,0.7421739479169962,1.033215847740486
263,0.25,0.7498460392042819,0.9622266435196469
264,0.25,0.7403501060638273,1.0056833012372017
265,0.25,0.6968533819170296,0.9421924312401347
266,0.25,0.7464476883086473,1.016332946997208
267,0.25,0.7456432114932546,0.9920588165572566
268,0.25,0.7415157519913473,0.9455065716092868
269,0.25,0.7380713055675515,0.9499919370057913
270,0.25,0.6800499939775589,0.947726917513622
271,0.25,0.7082994650308563,0.9594983339759753
272,0.25,0.7332176084092968,0.9561896093914108
273,0.25,0.7491647922611975,1.044496890642626
274,0.25,0.7494703627511065,1.0250359873844914
275,0.25,0.6930307902119562,0.9068771863898227
276,0.25,0.6781818359108331,0.9803315125559193
277,0.25,0.7513694831643261,1.0249702842029735
278,0.25,0.7100540331144708,0.9045434369412144
279,0.25,0.6868543063391989,0.9278551590643532
280,0.25,0.7470539138811686,1.0256653874755302
281,0.25,0.7395844949954622,0.9466707108052824
282,0.25,0.7104443282642601,1.0100170727311784
283,0.25,0.7420166544786302,0.9691135156445168
284,0.25,0.747130598955572,1.0321005994485777
285,0.25,0.6143082224947896,0.9502094919445443
286,0.25,0.7459492376157556,1.0203980366306817
287,0.25,0.748183313920796,1.0101770518151703
288,0.25,0.7442782394682538,0.9963912812635002
289,0.25,0.7445016627700056,1.0108075300358401
290,0.25,0.7002571640167261,0.9216828031314078
291,0.25,0.6363160688571318,0.9302229276573588
292,0.25,0.7479057317220728,1.0025431439022405
293,0.25,0.7409686928278019,1.008309456579641
294,0.25,0.7542691779942551,1.08488217079502
295,0.25,0.7511237143637299,0.981706383569311
296,0.25,0.6453574252727152,0.9141318678773518
297,0.25,0.6797917193241081,0.9720859202897126
298,0.25,0.7401339754053334,0.9899222905273899
299,0.25,0.6967517183344614,0.9314808985992082
300,0.25,0.7115816541478893,0.9275115096167748
301,0.25,0.7520150702711489,1.0661857700350446
302,0.25,0.5842459429288973,0.9712610477654562
303,0.25,0.7404420647942491,0.8992165705720013
304,0.25,0.7371641843152673,0.9987481548095513
305,0.25,0.7106240129598483,0.9441498316192055
306,0.25,0.7468784910930224,0.9905270808774223
307,0.25,0.5828009238204056,0.947353677593207
308,0.25,0.7464385290910014,1.0143837769736381
309,0.25,0.6962393890261895,0.9667029033094007
310,0.25,0.7430857376800813,0.9863460643026314
311,0.25,0.7456871098587807,0.9856564397630652
312,0.25,0.6955796426756954,0.973043718093281
313,0.25,0.6235850068698297,0.9396958196837812
314,0.25,0.7496312257892543,1.0250201074774254
315,0.25,0.7382670879018473,0.9045594280344538
316,0.25,0.7009813163845138,0.9951223998641058
317,0.25,0.7457862266502615,0.9817029608501356
318,0.25,0.7478616012810534,1.0385826298082355
319,0.25,0.7104732603589415,0.9155918822868682
320,0.25,0.7404234002719636,0.9883248024867556
321,0.25,0.751618741667369,1.0430502993946698
322,0.25,0.6488678481405789,0.8917192469289975
323,0.25,0.7473154048396295,1.0390264927062722
324,0.25,0.7476722948970086,1.0188110533214019
325,0.25,0.7435332367556685,0.9610914933457694
326,0.25,0.7472586141913574,1.0098341356048148
327,0.25,0.744199724036593,0.9916730679867358
328,0.25,0.7444876361940235,0.9885626380467833
329,0.25,0.5849947537426895,0.8917281611573566
330,0.25,0.7470549089270311,1.0085788072880133
331,0.25,0.7341737904702315,0.9539995564140267
332,0.25,0.5650342721477434,0.8918920058948693
333,0.25,0.6615557517703335,0.8913931079916199
334,0.25,0.7036646812431896,0.9790578454792137
335,0.25,0.7457491861254089,0.9924088454944797
336,0.25,0.6836925539180868,0.9750157208607351
337,0.25,0.7382822319526113,0.9648050915701641
338,0.25,0.6827085494818218,0.9513643343179526
339,0.25,0.7473721991288484,1.022518811433138
340,0.25,0.6907802653335381,0.9928659969688447
341,0.25,0.7440399387771448,0.9948031386228028
342,0.25,0.7429237644031623,0.9884823420949644
343,0.25,0.7452646613157741,0.9952356157812121
344,0.25,0.7444920278501227,1.0015440813279473
345,0.25,0.7330314192233333,0.945821615626758
346,0.25,0.7507181668740084,1.0525271131870324
347,0.25,0.7446405168982413,0.9643734495765846
348,0.25,0.6749074394969279,0.906425999063287
349,0.25,0.6774789702836198,0.9416211911320541
350,0.25,0.7459757355733014,1.0447321281572757
351,0.25,0.7436682346748634,0.9857147953911709
352,0.25,0.6241285732815476,0.9550097939332367
353,0.25,0.7494262331309739,1.001902128494126
354,0.25,0.7409930852879578,0.9862972836369267
355,0.25,0.7466163813636886,0.9729724254683665
356,0.25,0.750954903878942,0.995690737984795
357,0.25,0.744446264893047,0.957795896737942
358,0.25,0.7348887933051532,0.9813909372483789
359,0.25,0.7437918487761596,0.9016680587845374
360,0.25,0.6743771615234786,0.9540865454674118
361,0.25,0.7446049319642319,0.97680648557745
362,0.25,0.7475938552190292,1.0161360422219194
363,0.25,0.7082935289331294,0.9722642197190698
364,0.25,0.7102694329143096,0.9720707792268778
365,0.25,0.6412483621360643,0.9534887973253146
366,0.25,0.6735741724153855,0.9585791311205046
367,0.25,0.7420008625766209,0.9901685147660431
368,0.25,0.753297579965148,1.002035360966984
369,0.25,0.7412928592305813,1.0143576754248675
370,0.25,0.7409021948242529,0.9958928759997657
371,0.25,0.6103263263334534,0.8900143100329263
372,0.25,0.7508852209817093,1.0112560717409922
373,0.25,0.7442925557835278,1.0108625542566125
374,0.25,0.7427584393058312,0.9660337254942476
375,0.25,0.708528964017271,0.9738386444702578
376,0.25,0.741068884400094,1.0147966185265318
377,0.25,0.7449339391188718,0.9881837469627968
378,0.25,0.7432693761742496,0.9509857780530236
379,0.25,0.7056513405942677,0.9807591474659616
380,0.25,0.7419986460809548,0.9466695148486358
381,0.25,0.7496389188292732,0.9694238733014057
382,0.25,0.7473196685339553,0.977531996616004
383,0.25,0.7394774827843841,0.9606057283168867
384,0.25,0.746690157392357,0.965033195340572
385,0.25,0.739888265517983,0.8523266431266188
386,0.25,0.7344169618494681,0.9688315770077087
387,0.25,0.6080443764583543,0.9355997590685112
388,0.25,0.7490769850721346,0.9779169999494441
389,0.25,0.6033116782611604,0.9479595786544882
390,0.25,0.7413210588714981,1.0140328926089957
391,0.25,0.7409028607622073,0.906265772693601
392,0.25,0.7516231565160708,1.0242816310860707
393,0.25,0.6859538510507365,0.9228288010742007
394,0.25,0.7516158758353838,1.0103056163777067
395,0.25,0.7435811158877489,0.9836731107984887
396,0.25,0.5848991526652827,0.9045333479555486
397,0.25,0.6160670871844918,0.9405885063018845
398,0.25,0.686367366099287,0.9784417431476109
399,0.25,0.7494830279115825,0.9903820693262343
400,0.25,0.7450384345551266,1.0066417767815876
401,0.25,0.7104716418472623,0.9424699740376893
402,0.25,0.6978845801313673,0.9666907157674934
403,0.25,0.6840527776069918,0.9488694744123036
404,0.25,0.744341949836892,0.9773126306073421
405,0.25,0.7114057417459269,0.9631574170302968
406,0.25,0.7457397855287536,0.9775013569100358
407,0.25,0.6762267868058663,0.8879598853384706
408,0.25,0.7111097314507168,0.9911299892920626
409,0.25,0.6930805770129462,0.9757844511864282
410,0.25,0.7495694611965992,1.0498189333650418
411,0.25,0.683542442170219,0.9599346312607357
412,0.25,0.7364727900748744,0.9416118336969387
413,0.25,0.5862629411717859,0.9160223568873217
414,0.25,0.6154910212253006,0.892493701403845
415,0.25,0.6936509135279375,0.914299144869579
416,0.25,0.7474175456305099,1.0296110188898435
417,0.25,0.6364556336884646,0.9232980849860867
418,0.25,0.6810850648952665,0.9708556090570408
419,0.25,0.749600163691696,0.9785903485410029
420,0.25,0.7425796496420639,0.9581224913237927
421,0.25,0.7487173463143844,1.0057999190244036
422,0.25,0.7435297813457918,1.0428058710620798
423,0.25,0.6966527011511853,0.9327589492544927
424,0.25,0.5605148361301544,0.9155860396717301
425,0.25,0.7398212371227724,0.9639505290108967
426,0.25,0.7474297216131981,0.9950483522655356
427,0.25,0.7034377772503696,0.8827530322778392
428,0.25,0.7460967276759212,0.9799592720316183
429,0.25,0.6936308065664348,0.9885233980660472
430,0.25,0.7460369834552232,1.0158983768322674
431,0.25,0.7009469531230359,0.9540497106014629
432,0.25,0.7103833993997812,1.0044813557836967
433,0.25,0.7392886821997321,0.9478804357992214
434,0.25,0.5879561127865582,0.8728595070250917
435,0.25,0.7460948610774428,1.0018156063154406
436,0.25,0.7461924576403491,0.9427477196522318
437,0.25,0.7455446917709899,1.0084575694448714
438,0.25,0.7109753654032406,0.9117550679403774
439,0.25,0.7395605281864369,0.9955452427629479
440,0.25,0.7339258773334897,0.9802991515553763
441,0.25,0.7478954871673708,0.9825579244785655
442,0.25,0.7467997616032069,0.9988438491986449
443,0.25,0.7403060402790118,0.9845375723020926
444,0.25,0.7408130637633082,0.9557226018107653
445,0.25,0.7401584282523803,0.9951300155648489
446,0.25,0.7438154735817155,1.002156455631171
447,0.25,0.74201487404149,0.9229269641027306
448,0.25,0.7521525179197378,1.0511573854051828
449,0.25,0.7465559604672377,0.9484605771380138
450,0.25,0.7416905889974671,0.9766090279003855
451,0.25,0.6781165023963086,0.970967158906255
452,0.25,0.7088019200138468,0.9488313622729914
453,0.25,0.740817804920475,1.004860920898877
454,0.25,0.5774627517581228,0.9648818284914609
455,0.25,0.7437412263027215,1.0028025286970639
456,0.25,0.7380677735579858,0.9766892908109366
457,0.25,0.739862512981974,0.9674003718845058
458,0.25,0.6698833797681083,0.9181677137959583
459,0.25,0.7477252915392275,1.044460273580946
460,0.25,0.7478766508574424,1.0155978773479735
461,0.25,0.7438327699197698,0.9643188904195485
462,0.25,0.7104511623948678,0.9756919981342644
463,0.25,0.7422635135247693,0.9829434129666708
464,0.25,0.7411561579190008,1.0016769484320192
465,0.25,0.6142784089403526,0.9445895235129338
466,0.25,0.6974806888957262,0.9643313236764702
467,0.25,0.6436151704893064,0.904797858383593
468,0.25,0.745249773138651,1.0096904632349302
469,0.25,0.6390143806685702,0.9426650122604658
470,0.25,0.7501793710736487,1.020694481670847
471,0.25,0.562964827872882,0.9396670818036023
472,0.25,0.629316039593641,0.9588591624910605
473,0.25,0.710552077691099,0.9567071678332442
474,0.25,0.6827845913794218,0.957937942011171
475,0.25,0.7448690110557136,0.9909502506383946
476,0.25,0.7035684966307776,0.9920522705975048
477,0.25,0.7417244199698044,0.9852328458502426
478,0.25,0.7440410369846966,0.9892874271788448
479,0.25,0.7435898737826425,0.9917190554051151
480,0.25,0.740210238211912,1.001281684589793
481,0.25,0.6825846382267727,0.9561648272772857
482,0.25,0.682688225804704,0.9691635847156633
483,0.25,0.7431817279435469,0.9936439768148768
484,0.25,0.736503115947763,0.9728064885995523
485,0.25,0.7092498887423584,0.9428482829839505
486,0.25,0.7535793640104204,1.0822820282540138
487,0.25,0.7497479533936063,0.9855287005684558
488,0.25,0.567080573960024,0.9739491816244736
489,0.25,0.6748335531160667,0.9578402872285368
490,0.25,0.7407042010885003,0.9693042091393547
491,0.25,0.7428197203382751,1.0286089324201868
492,0.25,0.69673951479182,0.959062995113162
493,0.25,0.7459570196477409,0.9806998016124164
494,0.25,0.7383856756149069,0.965329427453177
495,0.25,0.741453498652833,0.961378525731963
496,0.25,0.6831989395367407,0.9446833358747544
497,0.25,0.7108254143504593,0.9668835326139367
498,0.25,0.7465692716607505,0.9749694312898386
499,0.25,0.6101300957646588,0.941329485393553
500,0.25,0.6651985410980801,0.9379350558231285
1,0.2,0.6356710942232325,0.9965039051796322
2,0.2,0.6328685750686014,0.998806332822597
3,0.2,0.6144647454618245,0.94963209456319
4,0.2,0.6308657936552735,0.9710978182516475
5,0.2,0.6215035144112478,0.9594232054488564
6,0.2,0.6327320776449765,0.999643674412351
7,0.2,0.6256282416900079,0.8888366682085261
8,0.2,0.6164647446265374,0.9405039746022273
9,0.2,0.6342878282257165,0.9877040272173708
10,0.2,0.6339962007854705,1.0110909365459346
11,0.2,0.5563832358122932,0.9401143612960098
12,0.2,0.6351171042549988,1.0218020306336804
13,0.2,0.6246018326930401,0.9525701446584381
14,0.2,0.6210228172879568,0.9711959037340204
15,0.2,0.6306918938412073,0.977189151426039
16,0.2,0.6337131067225599,1.0183045334709124
17,0.2,0.5865904003545901,0.9644432159610626
18,0.2,0.6331258507732564,1.0272825118345599
19,0.2,0.6329301788252238,1.010893032453695
20,0.2,0.6349549359010119,1.0195773916699438
21,0.2,0.5891029535602016,0.8822188222914923
22,0.2,0.6209764281952003,0.9691073634202989
23,0.2,0.6341477037006891,1.0110918063525698
24,0.2,0.5886960406103482,0.9448061276448669
25,0.2,0.6246231587389937,0.9380334912982251
26,0.2,0.6348007076691112,1.016682592634588
27,0.2,0.6180152841864656,0.9300809119274179
28,0.2,0.614851785388656,0.9329421134598891
29,0.2,0.6247210442573355,0.9416772182435013
30,0.2,0.6358045878700322,1.0129800622458363
31,0.2,0.6335997811093128,1.0069116802637874
32,0.2,0.6347502976357109,1.0402634286033559
33,0.2,0.6326232970027642,0.969972855476395
34,0.2,0.6350554477883634,1.029406931460188
35,0.2,0.6290806180503496,0.9350416593095183
36,0.2,0.6294093106342843,0.9898726991314135
37,0.2,0.5795807181718085,0.9260584087952443
38,0.2,0.6270477067300176,0.9497495063441438
39,0.2,0.6320435072628752,1.0099424042507834
40,0.2,0.6341707297287107,1.0149715894394993
41,0.2,0.6320877337684524,1.01328008042871
42,0.2,0.618696033717115,0.9716145953101355
43,0.2,0.6305753275233549,1.0011522654777136
44,0.2,0.6251305135871641,0.9256952531960754
45,0.2,0.619131272910956,0.9573531047244511
46,0.2,0.6269707076366541,0.9898599434661861
47,0.2,0.6336142212581964,0.9083513076474029
48,0.2,0.6286560190692867,0.900105962046254
49,0.2,0.630367743299823,0.9808672590811429
50,0.2,0.6290874177975588,0.9896899253754524
51,0.2,0.6221524702058779,0.9617532920832925
52,0.2,0.6267484633140414,0.9696614952322095
53,0.2,0.621770520105999,0.9782533030225155
54,0.2,0.633798772462615,0.9783901091799881
55,0.2,0.6294737840870479,0.9772913278238072
56,0.2,0.6341878333731151,1.0271323077146814
57,0.2,0.6335682507468594,0.9815375227196276
58,0.2,0.5141913619592822,0.9050493797951045
59,0.2,0.6316577980719115,1.0090094218822205
60,0.2,0.6279632614038694,0.9753408060739267
61,0.2,0.6333493736281729,0.941387420677014
62,0.2,0.6179003453236095,0.9588829921013597
63,0.2,0.6336557723267887,1.0209910099284263
64,0.2,0.6333695869514469,0.9720800284973855
65,0.2,0.6355911913977966,1.021283915570694
66,0.2,0.628819453124004,0.9895779267396005
67,0.2,0.6295305003575966,0.9597599564536796
68,0.2,0.5892962552256636,0.9231576859709106
69,0.2,0.6214427219593449,0.9460619213003855
70,0.2,0.6343443292687874,0.9954219425696696
71,0.2,0.6344404145654777,0.9794207723513253
72,0.2,0.6264724209052247,0.9261740687903819
73,0.2,0.6316045263787403,0.9718436281856127
74,0.2,0.6341309670519247,1.0040573728294402
75,0.2,0.6219753065833022,0.9415850170338134
76,0.2,0.6196978386814462,0.9796477539173293
77,0.2,0.6241853971002876,0.949634881910742
78,0.2,0.6327565274946364,1.022993067836896
79,0.2,0.6272342843516036,0.9686707694188201
80,0.2,0.6276409640626058,1.003804330960469
81,0.2,0.6277810500705282,0.9804024310846234
82,0.2,0.630146334631379,0.978248965659395
83,0.2,0.6198207789527279,0.8927947105194264
84,0.2,0.6335697820354549,0.9866318428121085
85,0.2,0.5596047213489566,0.8940921348428825
86,0.2,0.6283200637229078,1.0060500646045658
87,0.2,0.5506768853091618,0.9380636281172474
88,0.2,0.6253911562243406,0.9595116857955448
89,0.2,0.621569805943061,0.9724205682812519
90,0.2,0.6308712095981973,0.9578700074993354
91,0.2,0.6122655301879693,0.9004603541336397
92,0.2,0.6306551814989213,0.9977226674837132
93,0.2,0.6336439615178049,1.030670793179255
94,0.2,0.610986566256559,0.9709004099251247
95,0.2,0.6273452440193223,0.9771497491992673
96,0.2,0.6286651572498041,0.9697949620521834
97,0.2,0.6344309981800649,1.0014041424078957
98,0.2,0.6193044390137215,0.9844223583538924
99,0.2,0.6206929673477074,0.9519258390870584
100,0.2,0.5080191906823175,0.944078774135642
101,0.2,0.6089147149996618,0.9213762132538634
102,0.2,0.6302533509718631,0.9996399154279421
103,0.2,0.6283235235776441,0.9288933960368762
104,0.2,0.6201486806407848,0.9305149888910126
105,0.2,0.5706963247461388,0.9342936729396817
106,0.2,0.6230109488833997,0.9792287772740784
107,0.2,0.617808218527124,0.9611997994811093
108,0.2,0.6294075960510258,0.9433666671010246
109,0.2,0.622019295578313,0.9359338402685343
110,0.2,0.6330094085648195,0.9873310384794513
111,0.2,0.6209380679418869,0.9496994571205174
112,0.2,0.6318977068945959,1.0204745082960516
113,0.2,0.6347203973935573,1.0130388958050387
114,0.2,0.6202442159140874,0.8948312384202631
115,0.2,0.6217182880789108,0.966852425554962
116,0.2,0.6324071062132124,1.0041113623929507
117,0.2,0.6213077969791729,0.923160156562023
118,0.2,0.6354497354238386,1.0004234141499748
119,0.2,0.632972639253826,1.0023777498355662
120,0.2,0.4419465154600818,0.9678850584131644
121,0.2,0.633225352203262,1.0152371509593667
122,0.2,0.6336053817036182,1.0009669089469566
123,0.2,0.5518813169826444,0.8784126471218695
124,0.2,0.6194177445196833,0.9416901682588452
125,0.2,0.6173410968199091,0.943113263041311
126,0.2,0.6270944663962085,0.9430095842792221
127,0.2,0.6250393967007654,0.9738146888226862
128,0.2,0.6276806692052137,0.9856112973727339
129,0.2,0.6267379456587682,0.9240442462076914
130,0.2,0.6281647174841125,0.9494246431665272
131,0.2,0.6344485862496296,0.982830133766733
132,0.2,0.6338089440225014,0.9975606013645999
133,0.2,0.6306713467075932,1.0001505762254068
134,0.2,0.6091497173477628,0.9384295995965812
135,0.2,0.6226511162516503,0.9402237591669539
136,0.2,0.6326337717383714,0.995860305640061
137,0.2,0.6332861901040172,0.9621171502740301
138,0.2,0.6283681809011203,0.9731120348611263
139,0.2,0.6220349491831264,0.9645986367652964
140,0.2,0.6248090163961063,1.0006240700280573
141,0.2,0.6343664106345301,1.0210884855762343
142,0.2,0.6340677845469997,0.9791157047094544
143,0.2,0.6334422797081672,0.9895656798277966
144,0.2,0.6293691490354838,0.9533550713326103
145,0.2,0.6180604810058221,0.9492766875503784
146,0.2,0.619887307923264,0.9714734595470714
147,0.2,0.6337352884395141,1.0252024197219942
148,0.2,0.6337937015509012,1.0105143779679406
149,0.2,0.6299484626639669,0.9486427339054656
150,0.2,0.6210813125564251,0.9758205118181232
151,0.2,0.6318329730808122,0.9681239024804447
152,0.2,0.6262353982794295,0.9662937109608426
153,0.2,0.6194800443413186,0.9390891309502741
154,0.2,0.5633183125937089,0.9301085530100851
155,0.2,0.6244452771755498,1.0020944137361711
156,0.2,0.6145625684116963,0.957787853041228
157,0.2,0.6355699654972428,1.0171189137123504
158,0.2,0.6295441935303002,0.9607633699615672
159,0.2,0.6251401775722076,0.9552091968998189
160,0.2,0.6280146882120571,0.9651420298546938
161,0.2,0.6284416564619103,0.9539350634386186
162,0.2,0.6266290987072777,0.9789355097430319
163,0.2,0.6192546993091648,0.9584492606807942
164,0.2,0.6293971877548971,0.9387219785288241
165,0.2,0.6331619029183195,1.023028597706539
166,0.2,0.6213301150692813,0.952620374383103
167,0.2,0.6123489008056304,0.9048181952912722
168,0.2,0.625500608917359,0.9404711562284234
169,0.2,0.6363167811403126,1.02360016883237
170,0.2,0.6313748946904757,0.9874523622278593
171,0.2,0.6304098006718731,1.0103436047302954
172,0.2,0.6231874196378687,0.9633784486407743
173,0.2,0.6234090092985447,0.921412619221412
174,0.2,0.6114794630827457,0.9788273210211901
175,0.2,0.6278611124369488,0.9616421308028575
176,0.2,0.6255697722521354,0.9494713185035787
177,0.2,0.6284035478821266,0.9623023980305084
178,0.2,0.6296641436229629,1.0143918954174547
179,0.2,0.6281301108578102,0.9721171756580501
180,0.2,0.6111308895246602,0.9303277852998861
181,0.2,0.6258213670914469,0.9536014539513439
182,0.2,0.6212641550980395,0.9305604816503121
183,0.2,0.6243083927082629,0.9885751065679521
184,0.2,0.5883476810176957,0.9419483748720019
185,0.2,0.4698009227817776,0.9039631902228839
186,0.2,0.6216798312140682,0.9071706054709607
187,0.2,0.6267756465696132,0.9542925494165831
188,0.2,0.6320996774774756,0.9717767857940901
189,0.2,0.6353384756755098,1.0161258604808672
190,0.2,0.629863707081612,0.9870774132133335
191,0.2,0.6310084075458274,1.0030189261947566
192,0.2,0.6294832639582864,0.963516800303355
193,0.2,0.6281252465228254,0.968784561151486
194,0.2,0.6334068689860024,0.9612399190837081
195,0.2,0.6351125482286425,0.9968552911030815
196,0.2,0.6334353940004385,1.0119271001998704
197,0.2,0.6294458151302049,1.0191455467387702
198,0.2,0.6304782391391344,0.949899680273785
199,0.2,0.6272423498745104,0.9533263181391741
200,0.2,0.6361180452949804,1.0406203770532432
201,0.2,0.6122616755849412,0.9414735922147951
202,0.2,0.6311404620698752,0.9896224772059913
203,0.2,0.6298986925075761,0.9702363896694768
204,0.2,0.6334586467500795,0.9964814776916453
205,0.2,0.6320657530197289,1.0013722888797845
206,0.2,0.6254649649578583,0.9188751098717052
207,0.2,0.622662175121085,0.9520996976730305
208,0.2,0.635175894754646,1.0086130817480548
209,0.2,0.6243574657418958,0.9899323721076791
210,0.2,0.6189320383551381,0.9179653301313009
211,0.2,0.6296289852103989,0.9795551056857148
212,0.2,0.6301301990306735,0.9794922048616292
213,0.2,0.6337426579631875,0.9999094305034403
214,0.2,0.6217082688308587,0.9508726573598754
215,0.2,0.635353882735972,1.03176824898583
216,0.2,0.6301478087402672,0.9811131708673672
217,0.2,0.623094346384061,0.978014567149993
218,0.2,0.6256154924461917,0.9296857113103537
219,0.2,0.6251668111295516,0.9473832390756404
220,0.2,0.5527150869579306,0.9632695113355277
221,0.2,0.6198308205884874,0.9358516643436274
222,0.2,0.6291367622807906,0.9836012143031523
223,0.2,0.6218316107097984,0.9041864921262599
224,0.2,0.6355944792447845,1.0162893843612308
225,0.2,0.6356850953032115,0.9532876217713601
226,0.2,0.633398607721418,0.9807659715768247
227,0.2,0.6343184916717549,1.0115293322017442
228,0.2,0.6338883157112026,0.9989583080673247
229,0.2,0.6276128295344419,0.9731109859544018
230,0.2,0.628396830821226,0.9594102368554351
231,0.2,0.6197020277649183,0.9598393169348307
232,0.2,0.6135550894251339,0.9298062154558938
233,0.2,0.6168614836338254,0.9087257126663021
234,0.2,0.6218469282989878,0.9541817237728036
235,0.2,0.6294678607633358,1.0252822094206169
236,0.2,0.6246661136416362,0.8948677920789095
237,0.2,0.6264073703412965,0.9779802989028231
238,0.2,0.6336122877402386,0.9661552849028368
239,0.2,0.6319150328218107,1.0196065223023965
240,0.2,0.6350920704001994,1.011642583286353
241,0.2,0.6322615793346044,0.9594246436699756
242,0.2,0.6354615321909526,1.0107763988474037
243,0.2,0.5630384858445396,0.9364441496450918
244,0.2,0.6304638017880503,0.9803820472196343
245,0.2,0.6306790140961701,0.9640734610050776
246,0.2,0.6207754405278055,0.9224421827760649
247,0.2,0.6263524468284984,0.9926064757440736
248,0.2,0.6329196851907642,1.016065209816329
249,0.2,0.6303720237371383,0.9831656388075072
250,0.2,0.6334208939530005,0.9938453816117273
251,0.2,0.6240989064097214,0.9974571427771973
252,0.2,0.6361905974496002,1.0430623032896207
253,0.2,0.6178567648704927,0.9377511003378697
254,0.2,0.6273330318309277,0.9769627415475122
255,0.2,0.6212367951493095,0.9221211518768929
256,0.2,0.6321911337157942,0.9972153889677822
257,0.2,0.6298536368038068,0.92301066874124
258,0.2,0.6338800318859336,1.015930934533377
259,0.2,0.6230737411382641,0.9262039726737763
260,0.2,0.6233109758273035,0.9296020271844424
261,0.2,0.6167713859802444,0.9576692491963225
262,0.2,0.6299526875244281,0.9150038918204367
263,0.2,0.6198793242076246,0.9692509987519442
264,0.2,0.6319759465234746,0.9782901203851776
265,0.2,0.6127385169321674,0.9780380623185433
266,0.2,0.629524075974154,0.9817876424647078
267,0.2,0.6108466392321004,0.9523552788465822
268,0.2,0.613789788249425,0.9298869859143006
269,0.2,0.629099437914187,0.9170302122631587
270,0.2,0.6294714996865001,0.996624428345294
271,0.2,0.6294948775974696,0.9130688175700253
272,0.2,0.6220579293082414,0.9547162955102529
273,0.2,0.6281673710763614,0.9856586680175856
274,0.2,0.6184133474697577,0.9241287937937064
275,0.2,0.6337982078745575,1.0184563927703636
276,0.2,0.6305265132372152,0.9790653900787388
277,0.2,0.5249435963459621,0.8936382963019798
278,0.2,0.6268411468263138,0.9829671477440965
279,0.2,0.6261589570841002,0.9614006873531632
280,0.2,0.6302228684479162,1.0132028651288045
281,0.2,0.6288614764180585,1.0012973918475891
282,0.2,0.6331168782205168,1.0058109614856723
283,0.2,0.6271178257627904,0.968553774930218
284,0.2,0.6160850944346413,0.9352706789247601
285,0.2,0.6219673676887184,0.9101002357941548
286,0.2,0.6178714835277429,0.9067170885373194
287,0.2,0.6354819412804154,0.9719709885448707
288,0.2,0.6335921134635206,1.035480888326476
289,0.2,0.6152227815917285,0.9106076243769865
290,0.2,0.6283405826087547,0.9162580863731538
291,0.2,0.6338577469915023,0.9942342755005986
292,0.2,0.6339880645350818,1.008785176358017
293,0.2,0.6207112578146745,0.964087194071632
294,0.2,0.6302080231132817,0.9974294497863793
295,0.2,0.6327927358753019,1.0049408406709786
296,0.2,0.6332980689987788,0.9199124405153593
297,0.2,0.6288070692898939,0.9889762384681263
298,0.2,0.6278225368554822,0.9839598108132229
299,0.2,0.6255307058783884,0.9934924750243165
300,0.2,0.6301401677067209,0.9833946274010676
301,0.2,0.6329690777164728,0.9830857514418145
302,0.2,0.5508741813900768,0.947854855172085
303,0.2,0.629920093372287,0.9919081206057409
304,0.2,0.636029297958247,0.9774281656345359
305,0.2,0.6154268091761848,0.9505623405135422
306,0.2,0.6314487723409645,0.9836627541969162
307,0.2,0.4418120117989892,0.9121443150259347
308,0.2,0.6343949531246355,1.0446589533196016
309,0.2,0.6312380411090782,0.9808870274186278
310,0.2,0.6203149583055967,0.9851176502649203
311,0.2,0.6202874344429884,0.9124383266901374
312,0.2,0.6262268950849621,0.9332508174803662
313,0.2,0.6091632927933922,0.9288399083089364
314,0.2,0.6197423782262579,0.892774636180358
315,0.2,0.6140819868433571,0.9518518195440699
316,0.2,0.6223492621761557,0.9725614656338091
317,0.2,0.6317105078144858,0.9321468856978383
318,0.2,0.6344015643065215,1.011442563918062
319,0.2,0.6274353206784868,0.9759851758541073
320,0.2,0.6239758696856884,0.92611804818178
321,0.2,0.6337242226044176,1.0040329692604175
322,0.2,0.6319495945655657,1.0046180525071944
323,0.2,0.6242564201470666,0.9937325223957391
324,0.2,0.6189349646960234,0.9196492835455455
325,0.2,0.6193455089755409,0.9222510781314198
326,0.2,0.6317005729412406,0.9755291961233925
327,0.2,0.6337166229425244,0.9678451644001489
328,0.2,0.6227238302285314,0.9115629662815029
329,0.2,0.6237173654105813,0.9755759927549924
330,0.2,0.61128742476475,0.9460398225387587
331,0.2,0.6192582788912269,0.927331381643897
332,0.2,0.6265457363725448,0.9475740695922718
333,0.2,0.5201037360400907,0.9302902569735442
334,0.2,0.6292733873503464,0.9744980484976031
335,0.2,0.6342954495648705,1.0162463082078503
336,0.2,0.6247423160329242,0.9343874641315036
337,0.2,0.5602477991016733,0.9364482035780837
338,0.2,0.6298072787255463,0.9941621203574045
339,0.2,0.6269868161807277,0.9592829345348001
340,0.2,0.630978512339414,0.9380226612753283
341,0.2,0.6320104019273226,0.9707462632247349
342,0.2,0.6182490658261469,0.9551641848099235
343,0.2,0.6116555499961103,0.9123197097296615
344,0.2,0.5845114665995788,0.9324237827963451
345,0.2,0.6347877442133939,1.032982751607949
346,0.2,0.6334333759676344,0.9557084877497246
347,0.2,0.6340781192105189,1.0069454606676078
348,0.2,0.6347207840184012,1.0251354876173715
349,0.2,0.6285947208029988,0.9583597689261714
350,0.2,0.6262212265999573,0.9595293338431652
351,0.2,0.6337711043684193,0.996609694085264
352,0.2,0.6199811152366617,0.953943608907022
353,0.2,0.6341078233381394,1.021839078644118
354,0.2,0.6263372508341176,0.9531982501273288
355,0.2,0.6161193415773507,0.9414051884898028
356,0.2,0.6140358141143722,0.9043967945396136
357,0.2,0.6280880930780723,0.98858217908532
358,0.2,0.6206360117206955,0.9366609338966504
359,0.2,0.6231732176864608,0.9251963064239583
360,0.2,0.6322680920689433,1.0102744905918295
361,0.2,0.629139069201742,0.9910830430325618
362,0.2,0.6322338966688689,0.9972861267646235
363,0.2,0.6264379813818125,0.9206424730718307
364,0.2,0.6150199667835513,0.8976357560903616
365,0.2,0.6346365525433889,1.0214291170424743
366,0.2,0.63436316959402,1.0114925708906624
367,0.2,0.6166578981207578,0.9344828246992021
368,0.2,0.6258692744244948,0.9762798933530764
369,0.2,0.6237804699008132,0.94008906635921
370,0.2,0.6306309094848858,0.9727073711944357
371,0.2,0.624459520291933,0.9457932912403612
372,0.2,0.6220376409598619,0.9418707713003218
373,0.2,0.6287509944213571,0.9593512247312163
374,0.2,0.632088672920141,0.985161125231434
375,0.2,0.6338965306366074,0.9434730862975528
376,0.2,0.6318240233594182,1.0145889417026996
377,0.2,0.6232076735646911,0.9761475888348481
378,0.2,0.630149634200304,0.9554425333626552
379,0.2,0.6339863087664814,1.0094640813960607
380,0.2,0.6328376694808578,1.0368764290652024
381,0.2,0.637016750058469,1.0243577730482216
382,0.2,0.6350472019399936,1.0046940648854825
383,0.2,0.6104669864414162,0.9076802371704664
384,0.2,0.6248168663042974,0.9686135327238903
385,0.2,0.6314877892657879,0.9768070973093135
386,0.2,0.6336161262290345,0.9686997757250931
387,0.2,0.57943299328026,0.9303568891869562
388,0.2,0.6196449341594553,0.9369982862381405
389,0.2,0.5817517699338426,0.9230060407163527
390,0.2,0.6165294565437711,0.898224985986813
391,0.2,0.6286211272191455,1.011777768295342
392,0.2,0.6218897230610497,0.9506899618661081
393,0.2,0.6236647059701065,0.9689264988929963
394,0.2,0.634048015224448,1.0150727934214985
395,0.2,0.6357325974750723,1.0144614413039348
396,0.2,0.6277189335451814,0.9739231846864159
397,0.2,0.6350169712831573,1.0138977409758407
398,0.2,0.6278902044498555,0.9664911678880405
399,0.2,0.6335746422607578,0.9649981193037147
400,0.2,0.6191148355147603,0.877224230010815
401,0.2,0.626242118487841,0.9633328354568448
402,0.2,0.6266629308199916,1.024314115623184
403,0.2,0.6334267022234595,1.01496673360766
404,0.2,0.6249589015361393,0.9769678109065442
405,0.2,0.6191030434894605,0.9134557943601929
406,0.2,0.6218327932647535,0.9616824424295296
407,0.2,0.6247911790606573,0.9768445347110408
408,0.2,0.6244694240935083,1.0059923509281943
409,0.2,0.6308125406994449,1.0183984366059982
410,0.2,0.6351327218828765,1.0319226861737192
411,0.2,0.6160926838799278,0.9466562539573767
412,0.2,0.630948585829577,1.0080288620526676
413,0.2,0.5189786123606972,0.9119521426030981
414,0.2,0.6256292814286385,0.9303968121293812
415,0.2,0.6197880106812921,0.9611995321573559
416,0.2,0.6229603379536955,0.9413109812826307
417,0.2,0.6309602106096079,0.9714194148736283
418,0.2,0.6340126888090435,1.0141869035789333
419,0.2,0.6291609591057058,0.9601555504473032
420,0.2,0.6364339245773056,1.022635150384181
421,0.2,0.6264765542512499,0.9378170865355163
422,0.2,0.6305732183379761,0.994727393466277
423,0.2,0.6306861890767452,0.9310555376637192
424,0.2,0.621522833241334,0.9641514187868409
425,0.2,0.6250739024207864,0.963216794997905
426,0.2,0.49416740519355146,0.9433800518268662
427,0.2,0.6156137403723344,0.909096698104816
428,0.2,0.6335914556340632,0.9987372120786048
429,0.2,0.6336584472143002,1.0118225367064975
430,0.2,0.6322001279872226,0.9719413530801249
431,0.2,0.6179637354784094,0.9427388493649171
432,0.2,0.633815300495444,1.0069443878033173
433,0.2,0.6245232729617828,0.942337669874297
434,0.2,0.6346333805013431,0.9899417452417081
435,0.2,0.6225957249251745,0.9506499256093475
436,0.2,0.6232728893804657,0.8922367334451036
437,0.2,0.6195712628873331,0.964558701089071
438,0.2,0.632818652619429,1.00595461428451
439,0.2,0.6316274745367626,0.9892119028020606
440,0.2,0.6335777006143675,0.8974345117222738
441,0.2,0.6311331049788973,0.9218079834161261
442,0.2,0.6345202609290383,1.0064370470378128
443,0.2,0.6316191909583012,1.0115870447739037
444,0.2,0.5864410189327062,0.901341146562985
445,0.2,0.6208286295123839,0.9403039883596553
446,0.2,0.630865763113609,0.9789337989341266
447,0.2,0.631530016338098,0.9670372924364301
448,0.2,0.6220384779010278,0.9773884464299881
449,0.2,0.6272288886342016,0.9787473666398934
450,0.2,0.6338992018969554,1.044839108683469
451,0.2,0.6355475533875948,1.0126143339442664
452,0.2,0.6270546125208357,0.9506595468536256
453,0.2,0.6191159568475554,0.910210659977481
454,0.2,0.6204451324977974,0.9606165245876822
455,0.2,0.6195641953382003,0.970298002732547
456,0.2,0.6242261474709008,0.9663969022108876
457,0.2,0.6291872724394494,0.9752439074858487
458,0.2,0.6355219458748765,1.0323141229697106
459,0.2,0.6347890871431053,1.030232783608743
460,0.2,0.6231104626452598,0.9501205073462516
461,0.2,0.6306345868991011,0.9773363849788811
462,0.2,0.6236368466274674,0.9862809372150512
463,0.2,0.6294507384003567,0.9529067987855196
464,0.2,0.6310889316110765,0.9754282426048273
465,0.2,0.6228543795423455,0.9688393172142659
466,0.2,0.6264782642626332,0.9607782793202014
467,0.2,0.6187048235572327,0.9083851122295772
468,0.2,0.6283335481916806,0.9852355510977828
469,0.2,0.6299122136590176,0.9895322422032482
470,0.2,0.6261654267900575,0.9528296216512935
471,0.2,0.6323129723368257,1.0230075638429241
472,0.2,0.633775929263223,1.0120231125492989
473,0.2,0.6317072725763159,0.9762173158965063
474,0.2,0.6297337996758465,0.9656425056950327
475,0.2,0.6344628739330651,1.0225048199649613
476,0.2,0.6234201111462321,0.9712484083862459
477,0.2,0.6344753701002326,1.0469406721341818
478,0.2,0.6339363653732416,1.0170863437122921
479,0.2,0.622744114971317,0.9338484535255224
480,0.2,0.6346305059146148,1.0256371076293755
481,0.2,0.6328213422731479,1.0413775059561514
482,0.2,0.6271620650912644,0.9472371898489126
483,0.2,0.6344509272879365,1.0183725380161301
484,0.2,0.6240510480879786,0.961729025192566
485,0.2,0.6307681752948192,0.9491936278460358
486,0.2,0.5786573957562292,0.9330147710013635
487,0.2,0.6331560084946671,0.9802098440642504
488,0.2,0.632271313104511,1.024992455411718
489,0.2,0.5509816787598734,0.8915395372841537
490,0.2,0.6326647134148944,1.0112703395831761
491,0.2,0.633145104551286,0.9958755046856199
492,0.2,0.6339230419414642,1.0106817428852435
493,0.2,0.6273128080654166,0.9998120960021345
494,0.2,0.6345978804438095,1.0271278119473555
495,0.2,0.6351432552147365,1.0438263155821537
496,0.2,0.6171653355492692,0.9592459713651087
497,0.2,0.6313159924836614,1.002468121284192
498,0.2,0.6205074737977054,0.9833761505824349
499,0.2,0.6214896363635684,0.9750066308755369
500,0.2,0.634137518287043,0.9519469653911584
1,0.15,0.4679041354952781,0.9258755846923004
2,0.15,0.46574783305528883,0.9659593172252507
3,0.15,0.4677927897898589,0.9339692034799835
4,0.15,0.46815393162385344,0.9365336407798199
5,0.15,0.4695959493244874,0.9505769499653011
6,0.15,0.4697506567330214,0.9421896977666414
7,0.15,0.4630556820063109,0.9110791254125026
8,0.15,0.46713623396147214,0.9467189547686831
9,0.15,0.4638064696770916,0.860455845090938
10,0.15,0.4586462761105628,0.942943488793903
11,0.15,0.4669740479149071,0.9452712349345808
12,0.15,0.46694028013362204,0.9292351116661776
13,0.15,0.46663804594287095,0.9517034265002868
14,0.15,0.4610505012057491,0.9059012912491066
15,0.15,0.4653530804593555,0.9074268693059353
16,0.15,0.46533016751168893,0.9564320458282323
17,0.15,0.4685686179114719,0.9574791923794818
18,0.15,0.45909131465937675,0.9278162667072194
19,0.15,0.4678340106706519,0.9135000615247036
20,0.15,0.46414314784251787,0.9233310429190696
21,0.15,0.4659447063286842,0.9570004716933882
22,0.15,0.4683503784700591,0.9499029246909259
23,0.15,0.4702262042934884,0.9523081402977824
24,0.15,0.44748429827948577,0.9212041734494307
25,0.15,0.46533196167803326,0.9303775239801717
26,0.15,0.4683675162288162,0.9326321070171277
27,0.15,0.4695159514247271,0.9500952552481423
28,0.15,0.46348113652471123,0.9425864794075778
29,0.15,0.4677342176704797,0.9219472773190007
30,0.15,0.4676553153514507,0.9627647746773514
31,0.15,0.46256850350119544,0.9326405861402439
32,0.15,0.4681398299704872,0.9509001257189078
33,0.15,0.46312552344859087,0.9501530097102372
34,0.15,0.4635689012480257,0.9142211097465008
35,0.15,0.46810600166583494,0.9407408574522405
36,0.15,0.46783525180448793,0.92859202798795
37,0.15,0.46899948214033105,0.9521252835322765
38,0.15,0.4636646397778275,0.9272271927556645
39,0.15,0.4595159837645409,0.9555880632959025
40,0.15,0.467655388757396,0.9483277928541043
41,0.15,0.4673233074988553,0.9477166872610089
42,0.15,0.468707514287984,0.9604388268114498
43,0.15,0.4683666583950906,0.9410457101056853
44,0.15,0.4676994849212366,0.9311636741592604
45,0.15,0.46853395480452187,0.9239986908777406
46,0.15,0.46671734481375315,0.9504213452770341
47,0.15,0.46897027983853035,0.9628372481358326
48,0.15,0.4672436238194866,0.9020090962640283
49,0.15,0.4652469482936512,0.9276547712061965
50,0.15,0.46560962491490254,0.9464572924920877
51,0.15,0.46819584449335616,0.9443437822712168
52,0.15,0.467888504803821,0.9158237046275657
53,0.15,0.4692344851204833,0.9660137031828746
54,0.15,0.4692332607996751,0.9554444726973258
55,0.15,0.4701686356523466,0.958683032967483
56,0.15,0.4674311963396036,0.9162859847189502
57,0.15,0.46869379916821763,0.9071238053587997
58,0.15,0.4674771057756358,0.9330196538234284
59,0.15,0.46838849259530785,0.9614432913209966
60,0.15,0.4683802224776777,0.917023085923901
61,0.15,0.4683055993628058,0.9615849588939284
62,0.15,0.4653519465746699,0.8731498840674954
63,0.15,0.47021022394741163,0.9404911573432981
64,0.15,0.4640747449900707,0.9489861491461853
65,0.15,0.46664072084279173,0.955838344368454
66,0.15,0.4676213475891401,0.9584986679268911
67,0.15,0.4690979452515318,0.9620830551163762
68,0.15,0.46730125025748787,0.9166785020951985
69,0.15,0.4701400447883025,0.9587681111479832
70,0.15,0.4697876169544173,0.941818794376525
71,0.15,0.4664043554268194,0.9288326902232855
72,0.15,0.46743088910357417,0.9073183480594395
73,0.15,0.4684822019023643,0.8798705868360835
74,0.15,0.4650078144759041,0.9235550358782716
75,0.15,0.4687427400653293,0.9444689018002463
76,0.15,0.46567394422784064,0.9400222898744819
77,0.15,0.4679895534091945,0.936887790259282
78,0.15,0.46690100768261583,0.8941065810023198
79,0.15,0.46741885003154043,0.9364244896042666
80,0.15,0.4680581548407413,0.9151427640212487
81,0.15,0.4671648771207569,0.9278755473419469
82,0.15,0.466357218521401,0.9119949116535597
83,0.15,0.4495846794413874,0.9387026553486387
84,0.15,0.4687726569480387,0.9378041376867736
85,0.15,0.4682589086080502,0.9621641512112726
86,0.15,0.46808015852583923,0.9456282355020469
87,0.15,0.46490109920270034,0.9430421774265332
88,0.15,0.4607656754276542,0.9642577185575613
89,0.15,0.467394885262821,0.9497681832992892
90,0.15,0.4658411078870526,0.943669337973903
91,0.15,0.4683537815123477,0.9192872718157838
92,0.15,0.4691443975389266,0.9554711743368238
93,0.15,0.4671089608429557,0.946828489762644
94,0.15,0.4672721596614298,0.9262053835730204
95,0.15,0.46493916763711035,0.9516116147545299
96,0.15,0.4684325160254044,0.9164005218797471
97,0.15,0.4644869387287794,0.9437305094250847
98,0.15,0.46904015650910985,0.9293311967213174
99,0.15,0.4691316077485049,0.9047452970257613
100,0.15,0.46741711834518196,0.9360662597829691
101,0.15,0.466655425309083,0.9184321688188265
102,0.15,0.4671975483832818,0.8995686434906779
103,0.15,0.4677753986112018,0.9432256660104931
104,0.15,0.46754013396023236,0.9489995044295552
105,0.15,0.46908082914149074,0.9588929188956874
106,0.15,0.46558000739324595,0.9527407611535139
107,0.15,0.46544188192967484,0.9366727233436573
108,0.15,0.46769059680616515,0.9389536555921433
109,0.15,0.4601194101180749,0.9144395438487914
110,0.15,0.4695149515172302,0.9620741973200369
111,0.15,0.45000044379036697,0.9690265258456119
112,0.15,0.46855184997148813,0.9277540242382262
113,0.15,0.4681766663909537,0.9237025003730873
114,0.15,0.4661904745696248,0.9561693665495948
115,0.15,0.4678598431812693,0.9621869369585765
116,0.15,0.4684715369228449,0.9577223318570008
117,0.15,0.4691842360070031,0.9556650122300774
118,0.15,0.4686781673355453,0.9344180938317302
119,0.15,0.463074349071814,0.9140763132413905
120,0.15,0.464075916724826,0.9235264984396201
121,0.15,0.46392029982402966,0.9447918204004857
122,0.15,0.4634624360857491,0.9038452037054502
123,0.15,0.4687612188295533,0.9579095129201097
124,0.15,0.46487930003738964,0.9377821488622269
125,0.15,0.46898337764126513,0.9338852249812921
126,0.15,0.4690199679104357,0.9428309427877671
127,0.15,0.4648037736787302,0.9045855234034471
128,0.15,0.46580373952935894,0.9203787963743436
129,0.15,0.46724097161552347,0.9488460442447353
130,0.15,0.4679685790468276,0.9551458789041727
131,0.15,0.4617347229193318,0.932901099089574
132,0.15,0.4675778745842177,0.9165738212660639
133,0.15,0.4659181240127838,0.9221621921552126
134,0.15,0.4671800566397323,0.9459257827404407
135,0.15,0.46901286369632017,0.9358706889445472
136,0.15,0.465324508959409,0.9336954091269906
137,0.15,0.4690336367740465,0.9597377367899457
138,0.15,0.4670281489626499,0.8877216072812237
139,0.15,0.4603452849216021,0.9628395354323477
140,0.15,0.46894991847565576,0.9575599672055986
141,0.15,0.4682028550442346,0.9336753053598159
142,0.15,0.46685357973288044,0.9097106387104148
143,0.15,0.4662512085707226,0.9472937681722464
144,0.15,0.4704554161186792,0.9689203223656616
145,0.15,0.46975044383107717,0.9541127854362568
146,0.15,0.47030788313167227,0.9525210924673321
147,0.15,0.46453423236660935,0.9120674166511511
148,0.15,0.4697448462441971,0.9589319223138223
149,0.15,0.46398493054858375,0.9526217819706496
150,0.15,0.45966318343325724,0.93970003990663
151,0.15,0.46631700201100346,0.9298146065173395
152,0.15,0.4685668160851329,0.9364883488706734
153,0.15,0.467482310533896,0.8905547994348706
154,0.15,0.46330957138050405,0.9536633929357736
155,0.15,0.46803204062080356,0.9412767525639537
156,0.15,0.4675166519539557,0.9608518054259586
157,0.15,0.4688879377751026,0.9458305590437857
158,0.15,0.46857472203007805,0.9603432350535289
159,0.15,0.47019178731476174,0.9581732339766533
160,0.15,0.470437877066295,0.9450410747362987
161,0.15,0.46551786435706527,0.9080538492751042
162,0.15,0.4641380504104957,0.9541702515418692
163,0.15,0.46749496329891,0.9090109016521248
164,0.15,0.465027310426968,0.9531922139264236
165,0.15,0.46648354087545096,0.9222142146942918
166,0.15,0.46588901076368033,0.966154138932192
167,0.15,0.46873730647619827,0.9352623052595606
168,0.15,0.46795668897969706,0.9221232924171034
169,0.15,0.46527669467144517,0.9198427704244588
170,0.15,0.46337671369358485,0.9415505947605621
171,0.15,0.47042129309615305,0.9589645583882631
172,0.15,0.46772020038503703,0.9608472478236488
173,0.15,0.4698050761867364,0.9323036451737479
174,0.15,0.4639126837224159,0.8854275816129393
175,0.15,0.4674021627594194,0.9197046664873365
176,0.15,0.4699517909206315,0.963546324329918
177,0.15,0.46551484603589055,0.9568986440589954
178,0.15,0.46712608338773204,0.9036406341039088
179,0.15,0.46563893852254284,0.9074649834428232
180,0.15,0.46562077350375985,0.9223305816884189
181,0.15,0.4648844278065731,0.9515731491557391
182,0.15,0.46718130164318294,0.9278600448871537
183,0.15,0.46899897097781235,0.911092455354094
184,0.15,0.46909208535272534,0.9527606561030579
185,0.15,0.4688592122160179,0.9263938649316183
186,0.15,0.4689816183216124,0.9232045544820122
187,0.15,0.4650247404259543,0.9180825646610734
188,0.15,0.468155256932086,0.9576686107560348
189,0.15,0.4679866194446372,0.9353015831775657
190,0.15,0.46752215810797526,0.9257840401271581
191,0.15,0.4665594000524572,0.9347778001443204
192,0.15,0.46625470219584164,0.9543540996565211
193,0.15,0.46832794974996916,0.943898132883233
194,0.15,0.46799597161202366,0.9587665815765632
195,0.15,0.46779779763280993,0.9451758978376611
196,0.15,0.46834265698149247,0.9626145924865787
197,0.15,0.46848649826642097,0.9604555355967341
198,0.15,0.4684991584486857,0.9244250260554494
199,0.15,0.4664402289321134,0.9398861998057375
200,0.15,0.467137835551188,0.9095075359433531
201,0.15,0.45628379546439923,0.9311027436526721
202,0.15,0.46944619097050516,0.9356723160623251
203,0.15,0.4631389272756808,0.9454416897231368
204,0.15,0.46885799458993416,0.9426436514126804
205,0.15,0.4694307436023723,0.9586685347699729
206,0.15,0.4689484216250823,0.9286847131391474
207,0.15,0.4672226095176659,0.9172353124546013
208,0.15,0.4678596744177134,0.9592399332601443
209,0.15,0.46782251086584764,0.9722102105068653
210,0.15,0.468506321044795,0.9595214989152221
211,0.15,0.4693749306078084,0.9609521655950353
212,0.15,0.4676344522359869,0.9312554404641917
213,0.15,0.46973694146667716,0.9624495903123608
214,0.15,0.46840797046539007,0.9477493490737926
215,0.15,0.4639007225758077,0.9448106599984061
216,0.15,0.46833626895680397,0.9288242951473645
217,0.15,0.4700020337298468,0.9374248541744382
218,0.15,0.46738360861208106,0.9643667041789353
219,0.15,0.4675041759794541,0.9010507408137022
220,0.15,0.46323491487757185,0.9353669798858147
221,0.15,0.46925396696831556,0.9435601791732954
222,0.15,0.4686187227616305,0.9496821864918864
223,0.15,0.4683219450433486,0.9554591225581869
224,0.15,0.46510023714146537,0.9480012440858808
225,0.15,0.4677811471876576,0.9523879865139108
226,0.15,0.46793843668187995,0.9223295029334897
227,0.15,0.46897335004383367,0.9611879945938155
228,0.15,0.4679913307019212,0.9613858371764364
229,0.15,0.46668064282910415,0.9510054465881086
230,0.15,0.4639680380638187,0.9256452149525731
231,0.15,0.4686073793502916,0.9363101652741416
232,0.15,0.46705997679911465,0.9458273957624899
233,0.15,0.46583006744043537,0.9580481287595609
234,0.15,0.4676610086716818,0.8889925050860504
235,0.15,0.46740947912466835,0.9599679878350391
236,0.15,0.46607068944785185,0.9546941787543278
237,0.15,0.46596586179542,0.9150306528852581
238,0.15,0.4656659620984578,0.9179999339248875
239,0.15,0.4679393504467388,0.9542810366952107
240,0.15,0.4678984707400283,0.9598333019435681
241,0.15,0.460549791004027,0.9206632942534705
242,0.15,0.4683018817223496,0.9191693655928069
243,0.15,0.4510534989242624,0.9048467784339727
244,0.15,0.46833484390929087,0.9254106181104971
245,0.15,0.4668563363808138,0.9553778067253971
246,0.15,0.46190926301922564,0.9551219574756601
247,0.15,0.465648577867757,0.9416619884785964
248,0.15,0.4671520698526978,0.9198460886831041
249,0.15,0.4678910172965911,0.9530299542638478
250,0.15,0.46529545523175364,0.9529025818655285
251,0.15,0.4659261525427015,0.9650688774961029
252,0.15,0.46717681621654705,0.9549275763286884
253,0.15,0.4659446149303648,0.9251985887723688
254,0.15,0.4663818621606589,0.952136168069889
255,0.15,0.4675736716799988,0.9535260844349164
256,0.15,0.4675418905415214,0.9277104243037275
257,0.15,0.4653216623737776,0.9513427160819021
258,0.15,0.46943406477678273,0.9547755804612849
259,0.15,0.4673417538536262,0.9149697597434342
260,0.15,0.46769976809255265,0.9251021705822656
261,0.15,0.46606289832317116,0.9334425837884948
262,0.15,0.46531018616011127,0.9378869979156037
263,0.15,0.46805440580389746,0.9471662311381658
264,0.15,0.46531281012030706,0.93295299284523
265,0.15,0.4693122362683902,0.9373511263369724
266,0.15,0.4688309889996316,0.9252855262431352
267,0.15,0.4696122778219975,0.9546106326917189
268,0.15,0.4675955974554175,0.9239268698882869
269,0.15,0.4634988834269271,0.9415952785081917
270,0.15,0.4674279820966609,0.9556181348763094
271,0.15,0.466792404624217,0.920842371675162
272,0.15,0.4685847451370309,0.9260467764100156
273,0.15,0.46372631019992444,0.9407594417318611
274,0.15,0.4689600162823943,0.9424625150683303
275,0.15,0.466229405360199,0.8860501202776243
276,0.15,0.46936472073145413,0.9456075002402615
277,0.15,0.46591543918441425,0.9584503598472492
278,0.15,0.46337433079574314,0.9489764840178524
279,0.15,0.4665790987495822,0.906358565903217
280,0.15,0.46756236123994016,0.8832447451743055
281,0.15,0.4658108861855701,0.9475312677855955
282,0.15,0.4630452676413469,0.9447610826510272
283,0.15,0.46807273708325925,0.9453370840569433
284,0.15,0.4687797057743533,0.9515458674161286
285,0.15,0.4674733308935011,0.8778406093097535
286,0.15,0.46738553174235303,0.9534315521721569
287,0.15,0.4650119140729949,0.9359256172472309
288,0.15,0.4670713313757415,0.9150987028239708
289,0.15,0.46083785030550967,0.930457938732248
290,0.15,0.465564421051164,0.9094617039110121
291,0.15,0.4686400907404399,0.9451018449812836
292,0.15,0.4683958061071247,0.8901140086741745
293,0.15,0.46509393934636756,0.9505750457422446
294,0.15,0.46548153152857336,0.880887770269806
295,0.15,0.4701819330048752,0.9430303650885283
296,0.15,0.46373233853842066,0.9103190846732853
297,0.15,0.4684220456227506,0.9632172414108188
298,0.15,0.46985143129710505,0.9487476080724102
299,0.15,0.46681867614073924,0.9587259126651833
300,0.15,0.46881857887947254,0.9456288238129323
301,0.15,0.4647850708388473,0.9394731267839143
302,0.15,0.4664248966707877,0.9258665629007591
303,0.15,0.4631039334310722,0.9326752664980086
304,0.15,0.4698112141089561,0.9526196032227596
305,0.15,0.4661173329469532,0.9370122132027243
306,0.15,0.46382826543023303,0.9214515191029947
307,0.15,0.46718086018215293,0.9350703155345351
308,0.15,0.4617972691322258,0.9282821157656151
309,0.15,0.46783666864245943,0.9054513428120158
310,0.15,0.4676551253449328,0.9426360456610142
311,0.15,0.46950880259217315,0.9497821492113601
312,0.15,0.46891854714962444,0.8548069145737679
313,0.15,0.46790598653492677,0.9083195911311408
314,0.15,0.4691433182996478,0.9060552035124227
315,0.15,0.46772081815509803,0.9491152115070564
316,0.15,0.46598894612072317,0.9570437086986562
317,0.15,0.4647228726651148,0.9567209366974756
318,0.15,0.4640662721705018,0.8912211018124233
319,0.15,0.4585068704459048,0.9273098624737566
320,0.15,0.4605818111075302,0.9114774324357005
321,0.15,0.4683631963905613,0.9602117377007338
322,0.15,0.46581819217833437,0.9371402651404488
323,0.15,0.46573004765670195,0.921059408664016
324,0.15,0.4692870988655495,0.8409164661813748
325,0.15,0.4681364313712116,0.9097997444569154
326,0.15,0.46818227673349033,0.934268749863074
327,0.15,0.46700997103369013,0.8808177807450237
328,0.15,0.4669039568650503,0.932488522881619
329,0.15,0.4691083659460597,0.9507054216244727
330,0.15,0.46111057063257227,0.9171386938151731
331,0.15,0.4666022871663388,0.9593086381610645
332,0.15,0.46988028028356515,0.9632035370318723
333,0.15,0.47026267706787955,0.9617577744867429
334,0.15,0.4692515023946128,0.9576742129676403
335,0.15,0.4650511355162548,0.9243021358851727
336,0.15,0.4669314745212145,0.8940701395261778
337,0.15,0.46630365871223967,0.9460920423915768
338,0.15,0.4679582040249201,0.9462176351058519
339,0.15,0.46744237288369916,0.9227418228755022
340,0.15,0.46718712705612936,0.8946509037439111
341,0.15,0.4619485604079523,0.9431244885999699
342,0.15,0.4663296006614768,0.9492713914684382
343,0.15,0.46631018539319885,0.9354415456722975
344,0.15,0.46874841770137426,0.9554750565262728
345,0.15,0.46947447698585304,0.9093005700203904
346,0.15,0.47035336520160553,0.9582372565197813
347,0.15,0.4648895340153433,0.9393254810484895
348,0.15,0.4652044445402722,0.9233701793112342
349,0.15,0.466428541178263,0.9030423339005427
350,0.15,0.46250427879567,0.9346967611341
351,0.15,0.4673142100266987,0.9620813886543028
352,0.15,0.4687071654042171,0.9584928320494096
353,0.15,0.46881161117704145,0.9131356808323032
354,0.15,0.46534020231927514,0.9040626972215868
355,0.15,0.46665623954043983,0.9460381829346481
356,0.15,0.46933587505131374,0.9166923114567627
357,0.15,0.4687091968799769,0.9494698897797534
358,0.15,0.46856228029377583,0.9589392981711934
359,0.15,0.46176774889625755,0.9214972819976106
360,0.15,0.46922745687561696,0.9478167469951314
361,0.15,0.4676765386001463,0.9577085851703063
362,0.15,0.4646843044780081,0.8957952082950424
363,0.15,0.4648850811187789,0.9591216498425197
364,0.15,0.46761152914486254,0.958215902879453
365,0.15,0.4595448397262018,0.931238379690003
366,0.15,0.4676989051923015,0.9501515524053473
367,0.15,0.46796302569882736,0.950815593131498
368,0.15,0.4685692184122357,0.9005061324317177
369,0.15,0.46826795613475486,0.9334480303382424
370,0.15,0.4680411201953683,0.9549524792639845
371,0.15,0.4649318416015667,0.9407093640837654
372,0.15,0.4679217890923575,0.953376543385174
373,0.15,0.4675631169067595,0.9171769857921432
374,0.15,0.4683236741804297,0.904051991683026
375,0.15,0.46330847787228574,0.9152525387083685
376,0.15,0.4620685850270764,0.9345657275607807
377,0.15,0.4683689700244764,0.9162560998791771
378,0.15,0.4641920947952798,0.8897524058010258
379,0.15,0.46748785097366635,0.8931407111026908
380,0.15,0.4678246778614803,0.9201099368422875
381,0.15,0.4695132289972286,0.9605625440356471
382,0.15,0.46968564850479627,0.9113440498171562
383,0.15,0.46677387176405394,0.9000288743853433
384,0.15,0.4691968814080147,0.9634637623566678
385,0.15,0.46709443748830787,0.9500044499874323
386,0.15,0.46460631034427086,0.9369090790480995
387,0.15,0.46657414279702925,0.9237840026742559
388,0.15,0.46920513314526435,0.9361331828270846
389,0.15,0.46805477500619835,0.9547465995956804
390,0.15,0.46492005759658084,0.9058378598485968
391,0.15,0.46832113151124044,0.9336227883080351
392,0.15,0.463134822855932,0.9289817045467712
393,0.15,0.4684359656252766,0.9604102805365661
394,0.15,0.46852979692701385,0.948828745509143
395,0.15,0.4686612342536025,0.9463338910290543
396,0.15,0.4585825709848969,0.9220021155664335
397,0.15,0.46531580154320507,0.9206564759566768
398,0.15,0.46813513424786823,0.9448218892375224
399,0.15,0.4681591205144537,0.9615942660198106
400,0.15,0.463656797675135,0.9247479819166018
401,0.15,0.46539564171098863,0.940745722979441
402,0.15,0.465541748500622,0.9110826488197642
403,0.15,0.46517622579075224,0.913933213335312
404,0.15,0.46444564770438274,0.9190618665648822
405,0.15,0.46173427161285774,0.9354273166264501
406,0.15,0.4688664885687929,0.9596300977345733
407,0.15,0.467768753409165,0.9144979553235962
408,0.15,0.4687851649030089,0.9150905782816701
409,0.15,0.46369322939779944,0.9190851081668566
410,0.15,0.46770581321053767,0.9571557552522747
411,0.15,0.46808235839685636,0.9225710583866037
412,0.15,0.4655300419537036,0.9236808972956924
413,0.15,0.460479616600126,0.9133850111449449
414,0.15,0.46696684873558436,0.9089758712443254
415,0.15,0.46881521592542486,0.9292837819232588
416,0.15,0.4658158757151274,0.9536729888622959
417,0.15,0.4688127305669215,0.9620974134441335
418,0.15,0.4685081603841582,0.930064919158613
419,0.15,0.46955543422357865,0.9480062785828315
420,0.15,0.4620102192567341,0.9175538214459346
421,0.15,0.46550107852180206,0.9486889278169753
422,0.15,0.46771695219335235,0.960752525494804
423,0.15,0.46384857605726815,0.8881092739130665
424,0.15,0.46845318841501105,0.9470972546482319
425,0.15,0.46643058378423496,0.871832813744024
426,0.15,0.4653528481672433,0.892452258944846
427,0.15,0.4540625579085903,0.9014957227573189
428,0.15,0.4686928815126676,0.9697620508689268
429,0.15,0.4680817834315193,0.9599921180527279
430,0.15,0.4654064268927561,0.9212477203316652
431,0.15,0.4672056187342738,0.9253412511812964
432,0.15,0.46387111336935266,0.9108761656829286
433,0.15,0.4699385662134907,0.9253490124120415
434,0.15,0.4678371633456311,0.9401674904081949
435,0.15,0.46233603907628407,0.9517451255531084
436,0.15,0.4684613851363136,0.9299777849246997
437,0.15,0.46491411011439615,0.9135413147950597
438,0.15,0.4688018261980008,0.9421699064537848
439,0.15,0.4661905090575838,0.9300489908795223
440,0.15,0.4635001041317094,0.9031870807632069
441,0.15,0.467356080395864,0.9542849349456385
442,0.15,0.4676429687356506,0.9353390311894809
443,0.15,0.4657874041616004,0.9602089909808783
444,0.15,0.4688957987087667,0.959769030013331
445,0.15,0.4659121329544589,0.8935347246504824
446,0.15,0.46882694113234896,0.9445446012975284
447,0.15,0.4682918115060003,0.9585490202494215
448,0.15,0.468290248253547,0.957295375646694
449,0.15,0.46944425078942975,0.9164507926297476
450,0.15,0.4688170735705041,0.9610663725556726
451,0.15,0.46758455971266755,0.9609012952752738
452,0.15,0.46602566357138353,0.9063951936305636
453,0.15,0.46810603664326594,0.9606136222911568
454,0.15,0.4688316551392933,0.9488861195545343
455,0.15,0.46745991773829854,0.9104886299027369
456,0.15,0.46593943549974803,0.9211984225831942
457,0.15,0.4666422529204674,0.9404055804469872
458,0.15,0.47064622379680815,0.9595521713708436
459,0.15,0.4668644447201329,0.933741393753324
460,0.15,0.46300079794227533,0.9229371925089636
461,0.15,0.4692006776791781,0.9020177663034246
462,0.15,0.4658166835943202,0.9583358980675479
463,0.15,0.46475140277921856,0.960379373035461
464,0.15,0.4677590029119125,0.92441012329978
465,0.15,0.46071966303147366,0.8838235530918755
466,0.15,0.46698536577100724,0.9417403442932326
467,0.15,0.47048351497499696,0.9576359313331901
468,0.15,0.46272165427139705,0.9437480270929004
469,0.15,0.4657925571742559,0.9252726251180003
470,0.15,0.467894392417754,0.8877894111991138
471,0.15,0.46497914861139666,0.9406296200406625
472,0.15,0.4669477110070049,0.9448780503905913
473,0.15,0.4704723904561683,0.9533028298353199
474,0.15,0.4688292187817871,0.9305543059439588
475,0.15,0.46755244763496817,0.9572607620607666
476,0.15,0.46797124702016346,0.9274964268875571
477,0.15,0.4654119583641829,0.9400693702425157
478,0.15,0.4671198786853454,0.9129986620859988
479,0.15,0.4691668060914699,0.9656566786467357
480,0.15,0.46398453413304597,0.9014525477267786
481,0.15,0.4690687524243257,0.9344277332962514
482,0.15,0.46368950875160564,0.9170821450786621
483,0.15,0.4668054662209577,0.9588703908345602
484,0.15,0.4646223434438645,0.952507424302334
485,0.15,0.46706081359345925,0.92799931121336
486,0.15,0.46901521192831186,0.9439229715921311
487,0.15,0.4689643984532204,0.9320110951366404
488,0.15,0.4639713811412961,0.9572691754799769
489,0.15,0.45923739347169135,0.9057014401078183
490,0.15,0.46914967280950315,0.9561583274221175
491,0.15,0.46489214352448366,0.9488577728518138
492,0.15,0.46662574577721727,0.9114611573021691
493,0.15,0.46577283620545923,0.9323726082833373
494,0.15,0.46318785231853155,0.8764044958038936
495,0.15,0.4679589121646026,0.9157103731473669
496,0.15,0.4673233407014075,0.9506465579401603
497,0.15,0.46367005125328775,0.9169391874770622
498,0.15,0.46811858082998137,0.9601463815659319
499,0.15,0.46820543580802987,0.9529071021963522
500,0.15,0.4654588575847486,0.9253900862145523
