iteration,gamma,acetate_threshold,max_growth_rate
1,1.0,0.7452368221566612,1.0030224169280257
2,1.0,0.7451008638360974,0.9975818252747959
3,1.0,0.7450252689642523,1.001867451897291
4,1.0,0.746024588286833,1.0093457416881062
5,1.0,0.7427305287276604,0.9915375118209558
6,1.0,0.7440494550513398,1.000196033926136
7,1.0,0.7462245269998704,1.0113431297354833
8,1.0,0.7454766928702851,1.007223904290106
9,1.0,0.7427418213025934,0.9933004370226681
10,1.0,0.7460418913879845,0.9991740168462734
11,1.0,0.7455549466879952,1.0048345666767353
12,1.0,0.7469177452382483,1.009142269711931
13,1.0,0.7448131600495591,1.0021419676935135
14,1.0,0.7445085899489168,0.9990638287229007
15,1.0,0.7441846643901655,0.9920158639646588
16,1.0,0.7452794300529116,1.0011152750011878
17,1.0,0.7442562346838292,0.9999852739595984
18,1.0,0.7448873745502056,0.9988224852303945
19,1.0,0.745336666777754,1.0020932391612716
20,1.0,0.7440095050214682,0.9946526159401854
21,1.0,0.7441656715622088,0.9900050452156891
22,1.0,0.7455334611494664,1.003421389736356
23,1.0,0.7438315282878997,0.991961759683077
24,1.0,0.7437793054944858,0.9985525082484253
25,1.0,0.7450423086758288,0.998822603857996
26,1.0,0.7445067908130137,0.9969358919448322
27,1.0,0.7445403775315294,0.9987225143404183
28,1.0,0.7454152511427716,0.9999758294568886
29,1.0,0.7462048098661169,1.0017259636720974
30,1.0,0.7456218609150186,1.0048959050487112
31,1.0,0.744377783764641,0.9973150238474832
32,1.0,0.745173866806964,1.0020731611818994
33,1.0,0.7436036945457914,0.9920177903418842
34,1.0,0.7453278287831986,1.003955997055801
35,1.0,0.7444424462489755,0.9935300159716665
36,1.0,0.7441983886868474,0.993614408796827
37,1.0,0.7441496673562981,0.9932657389113518
38,1.0,0.7443979006280387,0.9951055295008915
39,1.0,0.7450852191056323,0.9976249731511034
40,1.0,0.743621991809481,0.9958846315121058
41,1.0,0.7447617354645335,0.9953883638649734
42,1.0,0.7435428907490642,0.9961967733937541
43,1.0,0.7440899889048842,0.997617150247677
44,1.0,0.7438243255091145,0.9927545608276748
45,1.0,0.7435594533492217,0.993025484251097
46,1.0,0.744360632904734,0.9977179891282055
47,1.0,0.7442629658821247,0.9946300097102937
48,1.0,0.7445823328377509,0.9925524824600174
49,1.0,0.745012337515427,1.0035452287312363
50,1.0,0.7452217672297241,1.003080457414498
51,1.0,0.7450709256957561,1.0030765995723478
52,1.0,0.7453112223295032,1.002114487946502
53,1.0,0.7443227671846417,0.9942538228046248
54,1.0,0.7452750822462749,1.0044962514943414
55,1.0,0.7443786231213495,0.9994086052467761
56,1.0,0.7450147846568128,1.001127980682308
57,1.0,0.7439170724184043,0.9950924500151965
58,1.0,0.7454167529808441,1.0066184099337931
59,1.0,0.7451453306670941,0.9946746526516839
60,1.0,0.7450266216847441,1.00332705782133
61,1.0,0.744144959647849,1.0008499866326737
62,1.0,0.7454880862344142,1.0023871710822398
63,1.0,0.74364787645977,0.9947527588187126
64,1.0,0.74555979509513,1.0050619236797926
65,1.0,0.7458266719376861,1.0045641324047954
66,1.0,0.7459807236778812,1.0057483136681653
67,1.0,0.7452153287702123,0.9990424907184497
68,1.0,0.7461771093245252,1.002368619567706
69,1.0,0.7444209871904508,1.0008991123639914
70,1.0,0.7450457061208935,0.9988120988244422
71,1.0,0.7448543374370027,0.9990346020447026
72,1.0,0.7432190228307359,0.9948196464637356
73,1.0,0.7440193722603521,0.9986850689907049
74,1.0,0.7449284543364019,0.9961209394514569
75,1.0,0.7444943886555422,0.9972522594971202
76,1.0,0.7435526469182526,0.9967720047431516
77,1.0,0.7445352605833762,1.002522057223932
78,1.0,0.7443085810399548,1.0033729101358624
79,1.0,0.7465296392925969,1.0074689980269667
80,1.0,0.7443176734536215,0.9965938805303995
81,1.0,0.7449958794611391,1.0007730876482437
82,1.0,0.7440104024608585,0.9931460399451606
83,1.0,0.7452844785389804,1.0032750860153608
84,1.0,0.7441086285545939,1.000016998430303
85,1.0,0.7460977777136113,1.0065243385262261
86,1.0,0.746439810614194,1.0089020058066982
87,1.0,0.7440596637878475,0.9962817818447612
88,1.0,0.7451571554634308,1.0011499885313138
89,1.0,0.7459691984231708,1.0022925993025433
90,1.0,0.7439956214747521,0.9996196166598005
91,1.0,0.7457673183827204,1.0044240519021068
92,1.0,0.7439215177545223,0.9940774445527539
93,1.0,0.7462701288186352,1.0111961250857229
94,1.0,0.7447175898131203,1.000002767362729
95,1.0,0.7444157632014115,0.995014319013094
96,1.0,0.7468406304258354,1.0101885647644158
97,1.0,0.7437583704233199,0.9947660773713359
98,1.0,0.743852971270051,0.99640534296867
99,1.0,0.7448889451032044,0.9995254322671877
100,1.0,0.7451598510389215,1.0056682119038736
101,1.0,0.743848968601395,0.9913198347624208
102,1.0,0.7426676784991272,0.9919975101411067
103,1.0,0.7434941449220285,0.9933748161727748
104,1.0,0.7446068713383304,0.9952880356200132
105,1.0,0.746299662620235,1.0061441398511362
106,1.0,0.7454006250871731,1.0041628471824287
107,1.0,0.7449512692120943,0.999377319107237
108,1.0,0.7445792997506437,0.9931109746508745
109,1.0,0.7445979506908809,1.0022528756394251
110,1.0,0.7449820077987971,0.998974898501755
111,1.0,0.7451843992165547,1.0035401877107593
112,1.0,0.7453931542479207,0.9999311627835589
113,1.0,0.7446844057448232,1.0005005993863048
114,1.0,0.7447141278471363,0.9968253769009523
115,1.0,0.7445218966577974,0.9942135310732985
116,1.0,0.7441571957572269,0.994979233185922
117,1.0,0.7457275732658942,1.00710121216426
118,1.0,0.7439923333155103,0.9954384900763493
119,1.0,0.7432476629224667,0.9887237479664943
120,1.0,0.745985685605797,1.0053081874715202
121,1.0,0.7447303087991708,0.9997394535805575
122,1.0,0.7446512986155436,0.9978820582559791
123,1.0,0.7445793633697498,0.9951563015175519
124,1.0,0.7460915263581759,1.0085265454075547
125,1.0,0.7454522650761125,0.9993386194848979
126,1.0,0.7446498652844347,1.0001527508295263
127,1.0,0.7435315979849537,0.9952463575177384
128,1.0,0.7447914474564661,0.994308641884418
129,1.0,0.7450736294793876,1.002438247254474
130,1.0,0.7446447144903776,1.0009097149379
131,1.0,0.7467290040110723,1.0112445970000963
132,1.0,0.7445152675036777,0.9969155460993051
133,1.0,0.7452095058950762,1.0016274876405364
134,1.0,0.7456972482778248,1.0045874919673923
135,1.0,0.7455322668064631,1.0011330191883996
136,1.0,0.744141160011901,0.9970719039916478
137,1.0,0.745606231942059,1.0041221155864393
138,1.0,0.745025157049821,1.0013815109195128
139,1.0,0.7455710221994515,1.0068039866664884
140,1.0,0.74393715065907,1.0000358143277785
141,1.0,0.7447300205540287,0.9951971653220125
142,1.0,0.7457393363725907,1.000525338010114
143,1.0,0.7452467650675878,1.0018425279518797
144,1.0,0.7442849465411827,0.9947040722314974
145,1.0,0.7453678812285183,1.0033303516213654
146,1.0,0.7429120055746072,0.9874111237862375
147,1.0,0.7445871720082203,0.9985704222441522
148,1.0,0.7452370056794363,0.9999231952760562
149,1.0,0.7437517950396438,0.9983367975892088
150,1.0,0.7454113144298478,1.0011638401249914
151,1.0,0.7452211644129194,1.0021514567566905
152,1.0,0.7457910478538989,0.9981683948191445
153,1.0,0.7450246058346656,0.9991698307175652
154,1.0,0.7460295053045691,1.0070713918405505
155,1.0,0.7442965316072411,0.9996637963874473
156,1.0,0.7448855577370325,1.0017607123241943
157,1.0,0.7455280169833096,1.0088379866509325
158,1.0,0.7453627912764023,0.9983457017711577
159,1.0,0.7459145446694997,1.0006689967966258
160,1.0,0.7431402076543788,0.9910606371829909
161,1.0,0.7440542579049101,0.9922656746396811
162,1.0,0.744226796166915,1.0001469821970963
163,1.0,0.7453433811089647,1.0083018564542472
164,1.0,0.7445240957879784,0.9972693777530326
165,1.0,0.7455411289177869,1.0040906893880566
166,1.0,0.7437834745351304,0.9912489720804495
167,1.0,0.745079092526201,1.0001057861237976
168,1.0,0.7465532381091854,1.0084354242545577
169,1.0,0.7461473039674222,1.0004606166915413
170,1.0,0.745924174036676,1.0064406623984943
171,1.0,0.7456952001746595,1.0052622214627562
172,1.0,0.7443408607502071,0.9991740099256088
173,1.0,0.7446821142493344,0.9975644123670118
174,1.0,0.7429611621913593,0.9914938091032809
175,1.0,0.7445660472740606,1.002059568567672
176,1.0,0.7436106096715835,0.9977660351513279
177,1.0,0.7429773195979889,0.9910709390025644
178,1.0,0.7443872879504199,0.999806693989103
179,1.0,0.7453678265909222,1.0043433062594516
180,1.0,0.7440651456343689,0.9952984117963449
181,1.0,0.7456376787356399,1.0028661703641932
182,1.0,0.7453576757783582,1.003963819754826
183,1.0,0.7440426317679225,0.992030832217643
184,1.0,0.744293721990727,0.9952316681858365
185,1.0,0.7439016706495486,0.992826516294774
186,1.0,0.7459756789343575,1.0045422854763582
187,1.0,0.7456406706212292,1.0010810295937111
188,1.0,0.7439359518285639,0.9988815931460062
189,1.0,0.7440464256180873,0.9975573308011234
190,1.0,0.7460308080496636,1.0043810605723218
191,1.0,0.742986109631142,0.9978287926431073
192,1.0,0.7462131284173482,1.0063433523761163
193,1.0,0.7440826785241558,0.9956105929080186
194,1.0,0.7458860184201137,1.00256030578857
195,1.0,0.7447081798281039,1.002704930969452
196,1.0,0.7451690268095065,1.0007463879527905
197,1.0,0.743390230174888,0.9995559368101079
198,1.0,0.7427401707253212,0.9907085147338435
199,1.0,0.7443079914756754,1.0004507794053636
200,1.0,0.7431528351610405,0.9863582240837045
201,1.0,0.7438422724531482,0.9939618186786192
202,1.0,0.7446152991463756,0.9970296900275635
203,1.0,0.7448551920157745,1.0041603071030571
204,1.0,0.7441235985645784,0.9943629959321331
205,1.0,0.7432501960342109,0.986248823968752
206,1.0,0.7444135267638714,0.9955833739668889
207,1.0,0.7444466060179811,0.9966460869672095
208,1.0,0.7453124456231288,1.0037116793614766
209,1.0,0.7426911353987418,0.9945897595091621
210,1.0,0.7446568178345149,0.996929331729178
211,1.0,0.7469122601431455,1.0086520428099985
212,1.0,0.7464418171463363,1.0037095681961485
213,1.0,0.7456277018332862,1.0021332214326526
214,1.0,0.7447553254593896,1.0008428060586423
215,1.0,0.746056384209567,1.0075385200600877
216,1.0,0.7443285495210826,0.9997395772827415
217,1.0,0.743682243436987,0.9966825083339403
218,1.0,0.7450958927990972,1.0040249640402392
219,1.0,0.7441483612898286,0.995746960368178
220,1.0,0.7434983381891425,0.9926282315507593
221,1.0,0.744055317751949,0.9968778143535877
222,1.0,0.7463410324492735,1.0097830165710289
223,1.0,0.745976609883638,1.0068645811015964
224,1.0,0.7449606122101118,0.9923981890670003
225,1.0,0.7459210634125243,1.0046844246138842
226,1.0,0.7438025423315785,0.9930871406546188
227,1.0,0.7444707216859748,0.9928163848866608
228,1.0,0.7449974474328253,1.0059325722888646
229,1.0,0.7447808589513212,0.995974326076057
230,1.0,0.7435058645289047,0.9953830409398768
231,1.0,0.7437490501307398,0.9938727654183753
232,1.0,0.7457309031522336,1.0092285714148042
233,1.0,0.7443541026444742,0.999632541467625
234,1.0,0.7454781871427081,1.0015452153472817
235,1.0,0.7445644733631486,0.9967562010450238
236,1.0,0.7463449634220037,1.003622121613377
237,1.0,0.7449987517511331,1.0005316735242928
238,1.0,0.7460714787227194,1.005831229976504
239,1.0,0.7445238766604677,0.9960563114412401
240,1.0,0.7467658397158415,1.006157460184409
241,1.0,0.7442208409331874,0.997724786938121
242,1.0,0.7450436434458149,1.0022523926383495
243,1.0,0.7460248256112323,1.009411059575044
244,1.0,0.7443899904360918,0.996995538262704
245,1.0,0.744180568475758,0.9970305495586037
246,1.0,0.7446050134039636,0.997874559349808
247,1.0,0.7447426756970444,0.9983597025529862
248,1.0,0.7445401003054187,0.992286814189596
249,1.0,0.7439097594134914,0.9964017305624633
250,1.0,0.7446045936364775,0.9994808280692159
251,1.0,0.7454137729900313,1.0006273417567408
252,1.0,0.7451358375729422,1.0016693205437648
253,1.0,0.7450942156548891,1.004703738626966
254,1.0,0.7462543946530851,1.0045429739230751
255,1.0,0.7451584436810842,1.0001087573656582
256,1.0,0.7451015296604004,0.9969196784490798
257,1.0,0.74510774313909,1.00128137490865
258,1.0,0.744572235066008,0.9985608592338774
259,1.0,0.7431604520372703,0.9927593085969288
260,1.0,0.7441786375325212,0.9971811540170544
261,1.0,0.7439653829846875,0.9995844845075581
262,1.0,0.7458354278938943,1.00035923309205
263,1.0,0.745226423992458,1.0045720408289998
264,1.0,0.7430282292841898,0.9938795525557617
265,1.0,0.7438022658090905,0.9985423039499443
266,1.0,0.7456223074195188,1.006592015403072
267,1.0,0.7464819107715849,1.0043006619252521
268,1.0,0.7452976349188036,1.0032258029451573
269,1.0,0.7435044317192425,0.9928372806000011
270,1.0,0.7456655481895355,1.0053756273446468
271,1.0,0.7454969925654259,1.0013773309141731
272,1.0,0.7451789754212852,1.00453463467773
273,1.0,0.7450465410702463,1.0021763634115308
274,1.0,0.7446537658344474,0.9988576450876129
275,1.0,0.7433253925980097,0.9984293840827615
276,1.0,0.7452206662598385,1.0029901681606976
277,1.0,0.7431445218402233,0.9954624840088271
278,1.0,0.744874984935316,0.9974225315205743
279,1.0,0.7432165264221746,0.9906547938307805
280,1.0,0.7449272567240658,0.9984908982456843
281,1.0,0.7443295003210685,0.9982730751932989
282,1.0,0.7463533332816366,1.0065224710027678
283,1.0,0.7441530634859582,0.988121457365997
284,1.0,0.7457245935886393,1.0029700539865398
285,1.0,0.7440725158531709,0.9953773346270514
286,1.0,0.7448286678214748,0.9982156048825369
287,1.0,0.7435243744746575,0.9890322178636535
288,1.0,0.7452366109392122,0.9996276419963577
289,1.0,0.7436125909772866,0.9881774462920708
290,1.0,0.7448074189384022,0.9961072144597608
291,1.0,0.7431796298426553,0.99712568295812
292,1.0,0.7443730916328944,1.0010998937967313
293,1.0,0.7461872339796692,1.0067264544103525
294,1.0,0.7462857406594668,1.005679438826026
295,1.0,0.745658153815941,1.0030790062151196
296,1.0,0.7438705368843663,0.9985905769067623
297,1.0,0.7445013730942408,1.0015118659180824
298,1.0,0.7446276730760993,0.9986484101039089
299,1.0,0.7436334061761284,0.9948799223533754
300,1.0,0.7452333901848854,1.0051996268361452
301,1.0,0.7452869345591523,0.9986468059655159
302,1.0,0.7461309863590982,1.01018044028788
303,1.0,0.7438822995889183,0.9947519713140053
304,1.0,0.7444364653844815,0.9943269244365761
305,1.0,0.7430926379885896,0.992129522872571
306,1.0,0.7453148740576374,1.0017990213630827
307,1.0,0.7439794916778105,0.9967292997285874
308,1.0,0.743987806842622,0.9982770338024116
309,1.0,0.7443378768404089,0.9971659578080728
310,1.0,0.7444898208466826,0.9979597376491153
311,1.0,0.7459501154545162,1.0030569438748327
312,1.0,0.7450473192025932,0.9996820940837157
313,1.0,0.7448716150210144,0.9996457746284906
314,1.0,0.7459715600726432,1.0046559519120197
315,1.0,0.7453465915321554,1.0025119041132087
316,1.0,0.7443252465956339,0.9945152143984277
317,1.0,0.743567921826939,0.9952198145404463
318,1.0,0.7453254065470972,1.0004132575729359
319,1.0,0.744303171431291,0.9956506879430018
320,1.0,0.7444987427481498,1.0004971681408819
321,1.0,0.7445384829232704,0.9999732496507813
322,1.0,0.7437903555797561,0.9972597882056569
323,1.0,0.7445373517018472,1.0027422622172601
324,1.0,0.744467454689693,1.0014268569052902
325,1.0,0.7432526936325109,0.9948060815984691
326,1.0,0.7446935657837787,0.9988093690994159
327,1.0,0.7470758257910539,1.0058441439992598
328,1.0,0.7445590468391824,0.9940277270342096
329,1.0,0.7457790109934469,1.0068368105487935
330,1.0,0.7465447851813982,1.0084473783459662
331,1.0,0.7453064136337477,1.004621716558722
332,1.0,0.745197510546656,1.0039312624531023
333,1.0,0.7448951375664286,1.0014458452036679
334,1.0,0.7460789448029894,1.0097052544077776
335,1.0,0.7443871425353566,0.9967823670853847
336,1.0,0.7442346056534238,0.996397204883025
337,1.0,0.7414487130736616,0.9823631995799873
338,1.0,0.7456492675417399,1.0030724348461897
339,1.0,0.7458458688999094,1.0031841180806482
340,1.0,0.7446686744447006,0.9944321917909372
341,1.0,0.7437793196200271,0.9970575858922984
342,1.0,0.7442702226344904,0.9969045452236516
343,1.0,0.7445311989041093,1.001646839229338
344,1.0,0.7450891034343861,0.9981814706171397
345,1.0,0.7436473445368433,0.99417414586158
346,1.0,0.7452363877053046,1.0006850820609154
347,1.0,0.7452382847749298,1.001155147901609
348,1.0,0.744960516081612,1.001682248894416
349,1.0,0.746324382070932,1.0036761139156785
350,1.0,0.7452867468747487,1.0028724571675411
351,1.0,0.7453404914799588,1.0005878116252722
352,1.0,0.7448645006016701,0.999486190573334
353,1.0,0.7443034478648496,1.000199328296944
354,1.0,0.7450983922347407,1.0033327434180948
355,1.0,0.742345085257539,0.9890307366263223
356,1.0,0.7450655225950106,0.9994883673826539
357,1.0,0.742824329051222,0.9913154130494647
358,1.0,0.7443074258334845,0.9959562307645402
359,1.0,0.7454914696820744,0.9993675206889064
360,1.0,0.7434140466561937,0.9885614775909611
361,1.0,0.7454703824031157,0.9985395048253676
362,1.0,0.7444390190040614,0.9997364168855074
363,1.0,0.7443342515006797,0.9944672498017336
364,1.0,0.7431845928047541,0.9924457546003558
365,1.0,0.744417205556409,0.9946791556006221
366,1.0,0.7436675909911792,0.9986557420636075
367,1.0,0.7440942578460068,0.9930831613170845
368,1.0,0.7439491990297419,0.9961233939285948
369,1.0,0.7458098865503368,1.005287123230486
370,1.0,0.7452136370740485,0.9959967556605182
371,1.0,0.745361220701527,1.0039030642905657
372,1.0,0.7445042089338672,0.9988515618307252
373,1.0,0.7438418346429926,0.9944631367494431
374,1.0,0.7456200267683858,1.0018877793859653
375,1.0,0.7449213030659967,1.0048202339191503
376,1.0,0.7473127884157212,1.0067344337643442
377,1.0,0.7444853623930148,0.9991932822164661
378,1.0,0.7436026033246563,0.9955172018770491
379,1.0,0.7438965228624688,0.9964745343163396
380,1.0,0.7430245616101926,0.9926210181221435
381,1.0,0.7440188659305438,0.99801460817734
382,1.0,0.7454127903164266,1.000315759640486
383,1.0,0.7449781712409367,0.9998214066266569
384,1.0,0.7425151970623595,0.9946018895143556
385,1.0,0.7432974369276603,0.9901345607457241
386,1.0,0.74369416561055,0.99137486945626
387,1.0,0.7443059398126433,0.9964376607955318
388,1.0,0.7444191848377484,0.998851109042785
389,1.0,0.7465398911187602,1.0014300785791967
390,1.0,0.7445621514357786,0.9976832954728753
391,1.0,0.7437538883583265,0.9951491100629963
392,1.0,0.7438112455952387,0.9932738894231671
393,1.0,0.7429215811042603,0.9884278901079467
394,1.0,0.7449867843645003,1.0026492868541108
395,1.0,0.7450471841155524,1.00519015852167
396,1.0,0.743735012002718,0.9936806803297463
397,1.0,0.7447297279060198,0.9998340277222383
398,1.0,0.7460262839271065,1.00311191467001
399,1.0,0.745549206174683,1.002380952787477
400,1.0,0.7457451432902384,1.0048189308708007
401,1.0,0.7446460341074409,0.9973334865511555
402,1.0,0.7446130820313043,0.9926859114988775
403,1.0,0.7446876116387725,0.9972300657099546
404,1.0,0.745562082923463,1.000295006834943
405,1.0,0.7456439214202366,1.005840153403425
406,1.0,0.7460353568309026,1.0096601622288643
407,1.0,0.7449547696523583,1.0013586790325244
408,1.0,0.744574071531332,0.9959813559917537
409,1.0,0.7442411643334607,0.9981384471044755
410,1.0,0.7459571391199258,1.0035972490717953
411,1.0,0.7453789066871702,1.0040804685352305
412,1.0,0.7446196453441938,1.0007010854432694
413,1.0,0.746107579474176,1.0068844821491942
414,1.0,0.7454862464252859,1.0013443182731943
415,1.0,0.7446391223350627,0.9976126361027333
416,1.0,0.744060231185158,0.9968047520686167
417,1.0,0.744662562866316,1.0018699368922528
418,1.0,0.7463097604481431,1.013190930429388
419,1.0,0.7447855761929175,0.9992705197322183
420,1.0,0.743894790579417,0.9990890220642957
421,1.0,0.7449139312726089,0.9956425560107732
422,1.0,0.7454056690528477,1.0021028276029968
423,1.0,0.7441360162429825,0.9942196658663439
424,1.0,0.7435802415908389,0.9972579051724544
425,1.0,0.7450709136557967,1.0007721286926279
426,1.0,0.7446970965913231,0.9970503859219929
427,1.0,0.7463819704454433,1.0051020731448204
428,1.0,0.7453051144296169,1.0019677433410574
429,1.0,0.7461078360240019,1.0056955386376825
430,1.0,0.744888658362227,0.9997689777928163
431,1.0,0.7435888499044295,0.9946321201164847
432,1.0,0.7434636961012223,0.9947362361522742
433,1.0,0.7434414474512605,0.9970754773188442
434,1.0,0.7461499825925089,1.0026331033660383
435,1.0,0.7449550407715543,0.9993750260294878
436,1.0,0.7444642171800181,0.9957985828543487
437,1.0,0.7440554444943108,0.9982098150454791
438,1.0,0.7431981401160954,0.9921766829989739
439,1.0,0.7452882419891157,1.0032384808269652
440,1.0,0.7460159425865607,1.0051567155807448
441,1.0,0.7448626972633969,0.9954913735417129
442,1.0,0.745363224019767,1.0053255010136093
443,1.0,0.7447084109998452,0.9931972070424221
444,1.0,0.7441924524388243,0.99772552992806
445,1.0,0.7455710410419242,1.0027228020441536
446,1.0,0.7435938954509685,0.991995612476746
447,1.0,0.7454383781420691,1.0032136773456657
448,1.0,0.7438953263522929,0.9962447118815069
449,1.0,0.7445081542008084,0.9975174754068897
450,1.0,0.7459143865484611,1.0049358470686365
451,1.0,0.7436966879761778,0.9936448216779236
452,1.0,0.7438474419524952,0.9905625583286155
453,1.0,0.7448879731880966,0.9960823321000418
454,1.0,0.7438612497487178,0.9935389249008066
455,1.0,0.7445463304497875,1.0015586571951098
456,1.0,0.7451355196897996,1.00146989742829
457,1.0,0.7444017120400687,0.9999785609198817
458,1.0,0.7445846233680921,0.9964223330032014
459,1.0,0.7435706501974325,0.997558139714765
460,1.0,0.745120985959723,1.002490637647058
461,1.0,0.7456399973856198,1.0025000073546575
462,1.0,0.7435662482318673,0.995849569186415
463,1.0,0.7428002893671785,0.9920447280083745
464,1.0,0.7461408307204485,1.0081810404681932
465,1.0,0.7447788602015144,0.9985896330721638
466,1.0,0.744318581550133,0.9952477063797299
467,1.0,0.7447822639077215,0.9993563127624298
468,1.0,0.7443360306186488,1.0006985541178237
469,1.0,0.7444424476579572,0.9995610644823698
470,1.0,0.7437696449116957,0.9922534978570352
471,1.0,0.7450899589501009,0.9990240903031565
472,1.0,0.7436879705997796,0.9947601561393123
473,1.0,0.7446789454596222,1.0034314301438618
474,1.0,0.7437586122347796,0.9965598604682937
475,1.0,0.7447876793209727,0.9989257863962981
476,1.0,0.7437149941807405,0.9941501606469633
477,1.0,0.7443595040351292,0.9962884516918614
478,1.0,0.7456016466966549,1.0040476387688153
479,1.0,0.7455197691322832,1.0040609045314564
480,1.0,0.7452228011623866,1.0070110239073589
481,1.0,0.7462567060395484,1.007088738314869
482,1.0,0.7436866281793363,0.9951634153233118
483,1.0,0.7450570270785745,1.0010833330186044
484,1.0,0.7451931915567741,1.0013024853385692
485,1.0,0.7453882381511895,1.0030107923507092
486,1.0,0.7449012429541169,0.9965666005876408
487,1.0,0.7450038368963219,1.0011635666104006
488,1.0,0.7458803751067866,1.0042653577591811
489,1.0,0.7438076444358522,0.997428004551629
490,1.0,0.742966201181918,0.9929714134157792
491,1.0,0.7427089726551757,0.9937735693436603
492,1.0,0.7454563532567745,1.0020615680098368
493,1.0,0.7443445225826841,0.9998426414261925
494,1.0,0.744722080283077,1.0069057988157764
495,1.0,0.7440737303413282,0.9952471474708514
496,1.0,0.7465849137341972,1.0096449968179055
497,1.0,0.7450326238185971,1.0010589179614207
498,1.0,0.7455727215929088,1.0030239061549149
499,1.0,0.744188466561183,0.9994600486813336
500,1.0,0.7449217415687611,0.9978393739870262
1,0.35,0.745875731238962,1.0010957407700507
2,0.35,0.7438033929502541,1.0027227637762899
3,0.35,0.7435232892677973,0.9924116335593768
4,0.35,0.745446048906364,0.9999497393402281
5,0.35,0.7453322318199546,1.000196608224599
6,0.35,0.7454459208834184,0.9963622599810622
7,0.35,0.7434736596212822,0.9952388597680404
8,0.35,0.7437708041230624,0.9985117787366324
9,0.35,0.7454182000193353,1.000039174043741
10,0.35,0.7426878969691822,0.9914699292016853
11,0.35,0.7456017840945758,1.0037182524394876
12,0.35,0.7454046302282704,1.0020219723651156
13,0.35,0.7452180986074148,1.00000560871418
14,0.35,0.7437598047383855,0.9892241753924915
15,0.35,0.7446554109850778,1.0002518837079828
16,0.35,0.7435319973437028,0.9969874422780005
17,0.35,0.743821149778348,0.9956135088701719
18,0.35,0.745206840875981,1.0019415896197923
19,0.35,0.7458396864098756,1.0048073096369277
20,0.35,0.7444265152742501,0.9954076905761752
21,0.35,0.7441901813712537,0.9977368721698612
22,0.35,0.7431978145380148,0.9944571971353643
23,0.35,0.7441932126184542,0.9959147194740908
24,0.35,0.7447348268796429,0.9974265802136717
25,0.35,0.7450223648239314,0.9997917159142785
26,0.35,0.7437951732023178,0.9927405477636754
27,0.35,0.7448874077282873,1.0010350025662575
28,0.35,0.7440969709701963,0.99084352959375
29,0.35,0.7443269277574536,1.0004595006212946
30,0.35,0.7451241491101969,1.0024507278042114
31,0.35,0.7440522465696292,0.997062792656261
32,0.35,0.7459469091037928,0.9985933718474572
33,0.35,0.7467364251671161,1.0099996025679532
34,0.35,0.7455445458802029,1.0089250344457505
35,0.35,0.74541707434749,1.001168604597914
36,0.35,0.7451123231077756,0.999654276281149
37,0.35,0.7450973649825179,1.005523168998893
38,0.35,0.7438194451619456,0.9950971799855383
39,0.35,0.7451658846170673,1.0026974999981328
40,0.35,0.7446657943879605,1.0014509262366622
41,0.35,0.7437661190835553,0.996821670526107
42,0.35,0.7447745863039766,0.9985363840176656
43,0.35,0.745450755680189,1.0010341732192003
44,0.35,0.7469217041591678,1.006346285942024
45,0.35,0.7439620079563266,0.9954749486126535
46,0.35,0.7436903255324209,0.9914132774708783
47,0.35,0.7436211328156165,0.9917888315857699
48,0.35,0.7449990742003716,0.9986167652881137
49,0.35,0.7448540405003389,1.0056238862009361
50,0.35,0.744964362146416,1.0043434617317604
51,0.35,0.7458514576100127,1.0008837056320072
52,0.35,0.7437514941833555,0.9949779277410631
53,0.35,0.7441881450823111,0.9965629098618562
54,0.35,0.7447463654409981,0.9968554779255799
55,0.35,0.7442249742365601,0.9971467717819896
56,0.35,0.7442320046862896,0.9954737313750118
57,0.35,0.7453114000044061,0.9979229519185272
58,0.35,0.7451946516658791,0.9982440820471529
59,0.35,0.7457189319170546,1.0064984559539816
60,0.35,0.7444969226741247,1.0054145566259118
61,0.35,0.7449732726401176,1.0017782079739344
62,0.35,0.7446546289189121,1.0042148340807528
63,0.35,0.744751038911743,0.9944098571887023
64,0.35,0.7450034543332068,0.9974285422125068
65,0.35,0.7443976595446833,0.9981495243476097
66,0.35,0.7454802737505483,1.0027430978200151
67,0.35,0.744976734801479,0.9960982859348363
68,0.35,0.7450151589481034,0.9960395299383034
69,0.35,0.7449122970104686,1.0025437417399026
70,0.35,0.7441975123374369,0.9968218922202337
71,0.35,0.7451212522523437,0.9978723763554909
72,0.35,0.7466754123622191,1.0056427259196237
73,0.35,0.7435063108701968,0.9932308134457167
74,0.35,0.7452902557848935,0.9978946421465131
75,0.35,0.7473775634302132,1.0130096993901705
76,0.35,0.7459445123498626,1.0009655120377954
77,0.35,0.7459254214239857,1.004730388573083
78,0.35,0.7462929388654366,1.0091297858363322
79,0.35,0.7445925172324546,0.9986444828821436
80,0.35,0.7439180502721463,0.9940118560703969
81,0.35,0.7436977211082207,0.9938185626187119
82,0.35,0.7450406147608611,1.0037444579178247
83,0.35,0.7432409892666029,0.9984024955530336
84,0.35,0.7447705879459491,0.9988003051295692
85,0.35,0.7444923579122752,0.9978722590263263
86,0.35,0.7448028210278727,0.993626555585457
87,0.35,0.7452353485628226,0.9991637588710511
88,0.35,0.7455249162767768,1.0041100515225103
89,0.35,0.7441474318581581,0.9971743783463927
90,0.35,0.7454893040516893,1.005480253731858
91,0.35,0.7445341037170166,1.000632141572166
92,0.35,0.7432814051430353,0.9948555713225908
93,0.35,0.7433585393704021,0.9957187183133562
94,0.35,0.7454469327997916,1.0067903355825736
95,0.35,0.7448466586052618,0.9926884688232108
96,0.35,0.7462051857928957,1.0055413091767167
97,0.35,0.7442337139913728,0.9942278685690755
98,0.35,0.7450465155368822,0.9992841599209328
99,0.35,0.7458464578518162,1.0061720844903002
100,0.35,0.7448820818386799,0.9979580491529433
101,0.35,0.7439944182292887,0.9977223317174055
102,0.35,0.7456979263625271,1.001734700473676
103,0.35,0.7459359621403723,1.0081582604646446
104,0.35,0.7449554538305831,0.9999104673350613
105,0.35,0.7435891232818325,0.9952756559664037
106,0.35,0.7455059258782292,0.9951850060507735
107,0.35,0.7455727032943976,1.0090073528959596
108,0.35,0.7447941057810142,1.002769539707129
109,0.35,0.7443843719148475,0.9985980304750407
110,0.35,0.7450826651232907,1.0010467236889529
111,0.35,0.7453875000232176,1.003934469036646
112,0.35,0.7446913942883704,0.9982744408470401
113,0.35,0.7439800874267041,0.9970404600776961
114,0.35,0.744067020145153,1.0001376603559737
115,0.35,0.7442532494664329,0.9951398760901257
116,0.35,0.7456764463652862,1.002019834140285
117,0.35,0.7446797552418547,1.0024487027428086
118,0.35,0.7436106887899304,0.9966114860659435
119,0.35,0.7449280216231893,0.9948546592455457
120,0.35,0.746659790716784,1.009609730818946
121,0.35,0.7440576181190253,1.0003225766603308
122,0.35,0.7444347851285965,0.9979199456584474
123,0.35,0.7449705163571844,0.997193303916623
124,0.35,0.7444722680859718,1.0021772977089891
125,0.35,0.747327245567694,1.0132929753667113
126,0.35,0.7457370699398157,1.0066820311238114
127,0.35,0.7440200655099983,0.993434908434764
128,0.35,0.7440156111488276,0.9965004909352793
129,0.35,0.743048635368034,0.9915953199280249
130,0.35,0.7449111316624382,1.0000349902516434
131,0.35,0.7441568980224991,0.9991002749154764
132,0.35,0.7443667931923095,0.9986492558709413
133,0.35,0.745923221274076,1.0061473131125127
134,0.35,0.745282261413053,0.9971190473504348
135,0.35,0.744693680122471,0.9994578754821922
136,0.35,0.7455441328595938,0.9973066964203187
137,0.35,0.744591680511351,0.9999011675241686
138,0.35,0.7424065860789368,0.986595830110601
139,0.35,0.7446279532187463,0.9976192710889913
140,0.35,0.7445507129738493,1.000497947246538
141,0.35,0.7440371340170728,0.9980423365860049
142,0.35,0.7428140174060404,0.9905432321300289
143,0.35,0.7459095107533953,1.00696498662177
144,0.35,0.7453842864516199,1.0020920356107155
145,0.35,0.7447818274032668,1.0014326805764302
146,0.35,0.7450360923862892,0.9992441649754336
147,0.35,0.7432447264855807,0.9929784369810335
148,0.35,0.7460589605459013,1.004781720071309
149,0.35,0.7457965903775063,1.0014005411988716
150,0.35,0.7458714289142374,1.0048835067268884
151,0.35,0.7454437663405615,1.003737112524687
152,0.35,0.7462497554534901,1.0064084543993959
153,0.35,0.7446525455011683,0.9970651825531255
154,0.35,0.7457849951925084,1.0066346001306026
155,0.35,0.7429781307220544,0.9915599098107714
156,0.35,0.7449258154264501,1.001313500996996
157,0.35,0.7447349570553602,0.9995948798857743
158,0.35,0.7446120134809261,0.9970696931189249
159,0.35,0.7435030590633815,0.9924648235810106
160,0.35,0.743863251074752,0.9920279144012849
161,0.35,0.7444155212612495,1.00206778779046
162,0.35,0.7431437942259177,0.9864164877054101
163,0.35,0.7447853938400493,0.9979600891704296
164,0.35,0.7456332850724651,0.9995318827726175
165,0.35,0.7446097577576198,1.0002422666239357
166,0.35,0.7446918551617391,0.9966526181479407
167,0.35,0.7448274828058715,1.0012041993159984
168,0.35,0.7455069675938752,1.0004050078854871
169,0.35,0.7453274292189247,0.999066697784239
170,0.35,0.7448496650911361,1.0019693855718381
171,0.35,0.7442471205128848,0.9997149839394803
172,0.35,0.7453510840095073,1.0046645851512352
173,0.35,0.7455772921352307,1.0065187383453773
174,0.35,0.7445408229593777,0.9971355925784902
175,0.35,0.7434140330138811,0.9902009607406411
176,0.35,0.7459166402617343,1.005883702986174
177,0.35,0.7449091161178473,0.9981426135253608
178,0.35,0.7451695606618016,1.0080290909845127
179,0.35,0.7442404251450883,0.9949030650748909
180,0.35,0.7430234085763715,0.988722301592184
181,0.35,0.7456357848022109,1.0005271684357502
182,0.35,0.7455439273862104,1.0057000406173742
183,0.35,0.7442599623592281,1.0004643748465312
184,0.35,0.7447588497085514,0.9979502941037888
185,0.35,0.7456063092052776,0.9979546989065919
186,0.35,0.7470518563945315,1.0105947615970967
187,0.35,0.7457833559703698,1.0002274834947404
188,0.35,0.7459933244193084,1.006835586002414
189,0.35,0.7436995759999072,0.9922262334769077
190,0.35,0.744815778516428,1.0007419986772081
191,0.35,0.744667852876625,0.9995149103021794
192,0.35,0.7449935967503692,0.9947085478478609
193,0.35,0.7460808819647022,1.006581723140544
194,0.35,0.7443326390230909,0.9952711622166502
195,0.35,0.744491934827991,0.9961498648642904
196,0.35,0.744561931141704,0.9959995168057131
197,0.35,0.7453465640058183,1.005219424252244
198,0.35,0.7450940611687364,0.9994349340404884
199,0.35,0.7449307567022464,0.9991797978218794
200,0.35,0.7443708704255404,0.9933790404491353
201,0.35,0.7458637240417209,1.006872413420913
202,0.35,0.745994073958138,1.0092852505042138
203,0.35,0.7458535980070684,1.0044937675112544
204,0.35,0.7459897774731691,1.0043717078426853
205,0.35,0.7427204992978771,0.9912848551854412
206,0.35,0.7441868441043172,0.9963378315446185
207,0.35,0.7454784163280425,0.9992133758578059
208,0.35,0.7450694566085536,1.0037134667738605
209,0.35,0.7441816993555093,0.9932074485157755
210,0.35,0.7459079319132845,1.0026887442225083
211,0.35,0.7450356018317407,1.000307579739581
212,0.35,0.7462885336652951,1.00660587667307
213,0.35,0.7451351630728801,0.9976994717728112
214,0.35,0.745122291136304,1.0046343501020436
215,0.35,0.7448094231283988,0.9982255138256015
216,0.35,0.7445093382743667,0.9949511266943286
217,0.35,0.7457676402357648,1.0012219076109028
218,0.35,0.745239433236691,1.0002529789993801
219,0.35,0.7441001064552987,0.9944056538301199
220,0.35,0.7442543003675779,0.9977761356521534
221,0.35,0.7447906710345777,1.0006458456753902
222,0.35,0.7439792007331401,0.9952758760738181
223,0.35,0.7457297446125948,0.9998419646564446
224,0.35,0.7466616765349786,1.0122930032573165
225,0.35,0.7457659224019739,1.0079558664687218
226,0.35,0.7445990904539485,0.9976387577855592
227,0.35,0.7465488386661663,1.0056174472218449
228,0.35,0.7460451770309577,1.0038235038857468
229,0.35,0.7452600922439401,1.0026220630482543
230,0.35,0.742479617625932,0.9892733507192766
231,0.35,0.7451508057682076,1.0007815469573538
232,0.35,0.7449576558092326,1.0006404423289554
233,0.35,0.743597930117707,0.9978335347123646
234,0.35,0.7452985009482779,1.0020481593361696
235,0.35,0.7450749478770129,1.0032220708067783
236,0.35,0.7452563622126925,0.9984527526389524
237,0.35,0.7447458238801031,0.9990319572893435
238,0.35,0.7447635922664503,0.9977913937068011
239,0.35,0.7458662815153769,1.008401152496522
240,0.35,0.745921879867888,1.0029376849043412
241,0.35,0.7435822825411831,0.996046085718649
242,0.35,0.744215799370661,0.9995707221336023
243,0.35,0.7457756562289941,1.0032343005805175
244,0.35,0.7460950031682801,1.0022697671787706
245,0.35,0.745793969689,1.004313131091251
246,0.35,0.7444991045033845,1.0014576170462293
247,0.35,0.745096051690478,0.9976410929308479
248,0.35,0.7458160623388461,1.0084483238702158
249,0.35,0.7434736733936919,0.9889999783478088
250,0.35,0.7449460846758452,0.9996408310900248
251,0.35,0.7441552836686948,0.9969648393787778
252,0.35,0.7447073457320293,0.9966533017693303
253,0.35,0.7457330594321989,1.0028502058945206
254,0.35,0.7442542410808055,0.9912886557540821
255,0.35,0.7440763493343501,0.9945475533091623
256,0.35,0.7450346546363145,1.004301322782806
257,0.35,0.7438868692511986,0.9966721404632789
258,0.35,0.7449150592449699,1.0017638398638449
259,0.35,0.7438116246402774,0.9982027587801202
260,0.35,0.7445608158586619,0.9969841091486054
261,0.35,0.7441480835618539,0.9917876041763727
262,0.35,0.7453839154451264,1.0041557344661616
263,0.35,0.7429048288033936,0.9915920605971774
264,0.35,0.7452854201070828,1.0009143786356292
265,0.35,0.7440865570072966,0.9956085883233113
266,0.35,0.7457867544737983,1.0043016818169048
267,0.35,0.7444678837403955,0.9955412347276705
268,0.35,0.7440912773917386,0.9964799855883539
269,0.35,0.7449512833201617,1.001788689993485
270,0.35,0.742408456560092,0.9910285602906156
271,0.35,0.7451393013395893,1.0045716051908211
272,0.35,0.7450127369175679,0.9986906402064556
273,0.35,0.7436172196694854,0.9992571655395882
274,0.35,0.7450855915296534,0.9991662120927353
275,0.35,0.745675548114349,1.000640035509511
276,0.35,0.7454870827784259,1.0067880429867297
277,0.35,0.7446047476750425,1.0002867544715714
278,0.35,0.7440049887420747,0.9969180112120865
279,0.35,0.7440299771591681,0.9981774362169366
280,0.35,0.7449022218747656,1.0050316911819934
281,0.35,0.7436881824933804,0.9956564920599046
282,0.35,0.7452041204163075,0.9974642468452765
283,0.35,0.745958679119772,1.0068087986675895
284,0.35,0.7436523835157084,0.9913322695612
285,0.35,0.7446028017223909,1.0019374750635588
286,0.35,0.7448586651923931,1.0008761419539696
287,0.35,0.7456016813484663,1.0007821452305043
288,0.35,0.7451308439428355,1.0069227743857372
289,0.35,0.7441451574241985,0.9966053364976477
290,0.35,0.7448971897863385,1.0024688520258571
291,0.35,0.745910236856292,1.0093085705323686
292,0.35,0.7436283908681001,0.9995316987593202
293,0.35,0.7444438216978535,0.9972361673690657
294,0.35,0.7436678199126441,0.9896276080176412
295,0.35,0.7447755316585714,1.0008863735877482
296,0.35,0.744638032431519,1.0002652506056198
297,0.35,0.7455269590091134,1.0037200940388575
298,0.35,0.7443833658671086,0.994048031654007
299,0.35,0.7450696977161698,0.9984711482849599
300,0.35,0.7455346383005838,1.0038154983999932
301,0.35,0.7454917061171985,1.0043312342598605
302,0.35,0.744493133656767,0.9977993928851777
303,0.35,0.7447669659961973,1.0018991110528324
304,0.35,0.7442588969672818,0.9965623462108626
305,0.35,0.7438955734973157,0.9894384112168966
306,0.35,0.7443988248496906,0.9970173906364138
307,0.35,0.7455208289683254,1.0021165366232272
308,0.35,0.7421802560078119,0.9917149276883661
309,0.35,0.7449057409089342,1.000914509343171
310,0.35,0.7454322568707826,0.9999158553207985
311,0.35,0.7422731341203811,0.9895036966776364
312,0.35,0.7450998852775548,0.9971189760609075
313,0.35,0.7439849570017956,0.9962436144978454
314,0.35,0.7447760115193744,0.99737256767712
315,0.35,0.744610018916711,0.9977824314106952
316,0.35,0.7466267444325491,1.0109400853716684
317,0.35,0.7435403995170909,1.0005144269154447
318,0.35,0.7446804684004006,0.9961265906076558
319,0.35,0.7461730585649018,1.001967137684725
320,0.35,0.7442113998629358,0.9987093461123154
321,0.35,0.7437376508630497,0.993400623324159
322,0.35,0.7445444073425281,0.9978794472383566
323,0.35,0.7448003425227371,1.000003757032186
324,0.35,0.7437803628386795,0.9975218537719402
325,0.35,0.7448685157945368,0.9986014148464538
326,0.35,0.7439887663591204,0.994468585031649
327,0.35,0.7445436254460387,0.9960417476399569
328,0.35,0.7438831447921966,0.9990972923527565
329,0.35,0.7443460709664288,0.9909916444766367
330,0.35,0.7454476504515267,1.0007463456360097
331,0.35,0.7446460848905626,0.9998645408829316
332,0.35,0.7438204308205745,0.9972830740973435
333,0.35,0.7442548351832198,0.9927359780843151
334,0.35,0.744318930509011,0.994769670664599
335,0.35,0.7442957037716406,0.9949934180980365
336,0.35,0.7448803494059291,1.000345238196425
337,0.35,0.7436065785649674,0.9967903517314511
338,0.35,0.7447117912333412,1.003360490891618
339,0.35,0.7456071339914941,1.0017393920852058
340,0.35,0.7456715685591848,1.0030168480635369
341,0.35,0.744937933249411,0.998790928405465
342,0.35,0.7453461787754981,1.0036313333724056
343,0.35,0.7435740342353543,0.9918784618897268
344,0.35,0.7446302710439949,0.9944111333753417
345,0.35,0.74447388866209,1.000087520405706
346,0.35,0.7466113317195318,1.0072908571597994
347,0.35,0.7448550573926735,1.0014180907731363
348,0.35,0.7451722602513925,1.00482547966782
349,0.35,0.7446728267619928,0.9969422151450225
350,0.35,0.7431028954536816,0.9963558223214776
351,0.35,0.7456747321241688,1.006088083025337
352,0.35,0.7444885843030387,0.9992184289175957
353,0.35,0.7460099756254438,1.0054582063138
354,0.35,0.7460145582690942,1.0065135309102098
355,0.35,0.7455799001584934,0.998048576428953
356,0.35,0.7426478002476204,0.9901713693117734
357,0.35,0.7438375274789469,0.9973130764546596
358,0.35,0.7444465082530478,0.9990283369243591
359,0.35,0.745094136021479,0.9994246605608271
360,0.35,0.7456867430320554,1.0047269743100762
361,0.35,0.7455524620510666,1.004701204093387
362,0.35,0.7451315531611131,0.9987039098343202
363,0.35,0.7456788583972558,0.9999190845515716
364,0.35,0.7455425682152904,1.0044924734741871
365,0.35,0.7445264787788757,0.9988135548008226
366,0.35,0.7442724929044533,0.9918622714559298
367,0.35,0.7451408964513234,0.9991088268427033
368,0.35,0.7453733210838444,1.0058915038971052
369,0.35,0.7436172583481443,0.9953519895934225
370,0.35,0.743935868434954,0.9978249117392259
371,0.35,0.7447232591049603,1.004029880840265
372,0.35,0.7438941965676952,0.9952402038184849
373,0.35,0.7433740545672262,0.9954759288650703
374,0.35,0.7435818403598852,0.991814313458173
375,0.35,0.7456054140337415,1.0013276949290884
376,0.35,0.7444243386783485,0.9984828067183882
377,0.35,0.7451764427392487,0.9988499797879066
378,0.35,0.7449566561373907,1.0029762532547135
379,0.35,0.7457161581758981,1.0011561738705483
380,0.35,0.7452214361824944,0.9998322354162497
381,0.35,0.7451824576754122,1.0016299775767772
382,0.35,0.7455907755422656,1.006750938292895
383,0.35,0.7448060782275121,1.0023608675451687
384,0.35,0.7443837645002961,1.0003671092834554
385,0.35,0.7448517952078452,1.0022337807042623
386,0.35,0.7457533510231124,1.0056716102165442
387,0.35,0.7445929837771816,0.9960772419366797
388,0.35,0.7460797354624222,1.003259838565011
389,0.35,0.7440337736017271,1.0012524903023223
390,0.35,0.7461454703601214,1.0074777382468214
391,0.35,0.7458853283622292,1.003071311603279
392,0.35,0.7442345333451353,0.996594317565873
393,0.35,0.7449050933363478,1.004070475600486
394,0.35,0.7453687949357016,1.0042599291384269
395,0.35,0.7450540627081422,1.000221481635098
396,0.35,0.7440095489881023,0.9933412409553687
397,0.35,0.744721112561607,1.0022122847769621
398,0.35,0.7447461467007565,0.9999392714120066
399,0.35,0.7457367112609228,1.0028295399445335
400,0.35,0.7448456192803061,1.0003189191799073
401,0.35,0.7453007755086046,1.0032550456780742
402,0.35,0.7435547021487549,0.9971023524342401
403,0.35,0.7442205513105224,0.9989536831185727
404,0.35,0.7446915871010853,0.9958538363665914
405,0.35,0.7444872867177484,0.994951412891711
406,0.35,0.7437923855847339,0.9956746640253394
407,0.35,0.7433567316407803,0.9889444380805902
408,0.35,0.7438886964936706,0.9931175367807566
409,0.35,0.745098683428965,1.001803169813656
410,0.35,0.7443176090297512,0.9959692244895899
411,0.35,0.744764896490598,0.9940504618333185
412,0.35,0.7430716549336625,0.9909941715956625
413,0.35,0.7438403896769288,0.9977471063465838
414,0.35,0.7453254387743907,1.0031527221523286
415,0.35,0.745669949790666,1.0089691805770595
416,0.35,0.7451958575281539,0.9988764047485745
417,0.35,0.7447636074780302,1.000839292973905
418,0.35,0.7442751671950787,0.9987412952534915
419,0.35,0.7450093505843958,1.0042424198889814
420,0.35,0.7447186993164062,0.9935384159566931
421,0.35,0.7438415378335265,0.9929945877757199
422,0.35,0.7458800077836684,1.0051460475194076
423,0.35,0.7446675190425684,1.0014612276166264
424,0.35,0.7446193199095504,0.9985103474628495
425,0.35,0.7457751183626586,1.0005956499367523
426,0.35,0.7446496505012954,0.9991592840374137
427,0.35,0.743962226883051,0.9931013334319033
428,0.35,0.7461203558659831,1.0106839660704268
429,0.35,0.7448159809941926,0.9992746273466555
430,0.35,0.7426621674642684,0.9943693851359638
431,0.35,0.7448788415799136,0.9989938085349732
432,0.35,0.743861218840623,0.9943500445854603
433,0.35,0.7454352980262998,1.000968006379769
434,0.35,0.7453322027493788,1.003125296844006
435,0.35,0.7446988843150157,0.9973789558807452
436,0.35,0.7456077652683818,1.008410023450197
437,0.35,0.745433178038334,1.0055310439634857
438,0.35,0.7453707959758452,1.0015941289043757
439,0.35,0.7461659194913376,1.0033467052357927
440,0.35,0.7449333930663206,0.9988762370313933
441,0.35,0.744833438577369,1.0001247635665262
442,0.35,0.7454415371197839,1.0035790964930325
443,0.35,0.7450205328356575,0.998294908745363
444,0.35,0.7443257670662206,1.0010689225020144
445,0.35,0.7441680608146678,0.9928564210222456
446,0.35,0.7448025762001652,1.0021825663542192
447,0.35,0.7449892881576956,1.0007716883315467
448,0.35,0.7448477807414258,1.0032723578523595
449,0.35,0.743578753881042,0.9940825146416795
450,0.35,0.7439735071700989,0.9944366292649778
451,0.35,0.7449889217009831,0.9992006657710057
452,0.35,0.7434429046891992,0.9951409722396939
453,0.35,0.7436125813867531,0.9978250517353208
454,0.35,0.7447795704921415,1.0026640228719994
455,0.35,0.7429444256600015,0.9963779644863061
456,0.35,0.7446094757736427,0.9937163113195401
457,0.35,0.742919835641248,0.9921687024621877
458,0.35,0.7435264340285421,0.9951836226503861
459,0.35,0.7445871987106253,0.997954173113913
460,0.35,0.744306460600037,1.0017722871051549
461,0.35,0.7450273253172408,1.0004199726482974
462,0.35,0.7441030300712044,0.9962686115999382
463,0.35,0.7438920617738931,0.9954397398501665
464,0.35,0.7449937936059727,0.9936162821150095
465,0.35,0.7457774030474458,1.0090430341782504
466,0.35,0.7454761053296243,1.0058325395502135
467,0.35,0.7451002900314155,0.9981819449677327
468,0.35,0.7450268733209074,1.0009116136477014
469,0.35,0.744805371905706,1.001381655249862
470,0.35,0.7437206374045933,0.9959320791589436
471,0.35,0.7444850388812128,0.9962729226215236
472,0.35,0.7453334162538781,1.001253242956312
473,0.35,0.7459813115580878,1.009846014671034
474,0.35,0.7450219601012793,1.0091563475258603
475,0.35,0.7463442161364539,1.0098032400458634
476,0.35,0.7457619969932329,1.0016871848429003
477,0.35,0.7446765082744883,1.0010038177829856
478,0.35,0.7425712858597943,0.9899384662530185
479,0.35,0.7458149833318486,1.0070612924932187
480,0.35,0.7447565670571197,0.9977765994763891
481,0.35,0.7434282648106836,0.9944622154054554
482,0.35,0.7453527489652773,1.0008940513828648
483,0.35,0.7444200437240296,1.0027480318747546
484,0.35,0.7463694447489695,1.0103477102980312
485,0.35,0.7452918076760581,1.0044321940204866
486,0.35,0.7443778254553101,1.002422718333202
487,0.35,0.744193506905256,0.9950688925387067
488,0.35,0.7453399311905303,0.9998345436194954
489,0.35,0.7437020192479757,0.9943469664825483
490,0.35,0.7434879412193799,0.9889386341919212
491,0.35,0.7452791240304707,1.0041356279981677
492,0.35,0.743353889225573,0.9961674875216654
493,0.35,0.7447754860498786,0.9986842640508055
494,0.35,0.7442382098022913,0.994791814955167
495,0.35,0.7447156692680297,0.9960640619713824
496,0.35,0.7444731957827878,0.9980774662358147
497,0.35,0.7437225639393839,0.9964739751688277
498,0.35,0.7448591696155695,1.0031392076420247
499,0.35,0.7442088861617484,0.9985621389637606
500,0.35,0.7448061356969072,1.002307557229894
1,0.3,0.7448050212372996,1.0046925820632453
2,0.3,0.7451543699905566,0.9997755983376475
3,0.3,0.744778600682418,0.9985615003813486
4,0.3,0.7438371918941672,0.9965698766807757
5,0.3,0.7454697520428345,1.0039792424791625
6,0.3,0.7447380773965048,0.9970059716129511
7,0.3,0.7447791988995345,0.9988628604269241
8,0.3,0.7437645198394266,0.9961448238283104
9,0.3,0.7445512861252092,1.0003267674108978
10,0.3,0.7450338661532997,0.9999464197895865
11,0.3,0.7453745670850367,1.0008997780816535
12,0.3,0.7450542144218765,1.0017236843516035
13,0.3,0.7445119922118505,0.9965177914209777
14,0.3,0.7457748951098497,1.0059286511511574
15,0.3,0.7447257533027409,1.0012192719054214
16,0.3,0.7441052645246147,0.9944450923886523
17,0.3,0.7451173555943734,0.9990618691602975
18,0.3,0.7448290774308362,1.002641920635073
19,0.3,0.7448100024298719,1.0020977136886489
20,0.3,0.7459177026445841,1.0088736158940543
21,0.3,0.745897029111297,1.0077347354159116
22,0.3,0.7448995535844524,1.0029674948138998
23,0.3,0.7450840734848442,0.9988960732362184
24,0.3,0.7434195264538381,0.9936656277382422
25,0.3,0.7426394298381106,0.9846910418963453
26,0.3,0.7438371749710665,0.9943562504316629
27,0.3,0.7445967282548542,1.0000964132944319
28,0.3,0.7447555970907909,0.9993914107376294
29,0.3,0.7453364488678679,0.9995450776539498
30,0.3,0.7448347775702241,1.0026300793888847
31,0.3,0.7421756106112649,0.991615590821734
32,0.3,0.7455218154054113,1.0027458936647136
33,0.3,0.7444487639802088,1.000994069012796
34,0.3,0.7445666370102741,0.9948946134779559
35,0.3,0.7441772517413859,0.9944699496284131
36,0.3,0.743051310330571,0.99221757735419
37,0.3,0.7457278210128148,1.0084376510127284
38,0.3,0.7449326336786771,1.0049235253253932
39,0.3,0.7448141998964936,1.001091944137873
40,0.3,0.744573655635585,0.9986915555407194
41,0.3,0.7441501430860463,0.9938212253092051
42,0.3,0.7442156448823815,0.9994823764803814
43,0.3,0.7435031297855128,0.9970669296873486
44,0.3,0.7458228229479834,1.003843231284399
45,0.3,0.7454870936416227,1.0000281168670813
46,0.3,0.7443636849903674,0.9983778926256992
47,0.3,0.7441394314566635,0.9940041596483211
48,0.3,0.7447776470649036,0.9986888529402328
49,0.3,0.7446641585813736,0.9953331547010132
50,0.3,0.743441841718075,0.9964091557732471
51,0.3,0.7461451658369462,1.0047159780230053
52,0.3,0.7449798609022937,1.003966647344431
53,0.3,0.7444081978725929,0.9993679520022121
54,0.3,0.744421724568058,0.9986176989989217
55,0.3,0.7435422617097454,0.9932181942115855
56,0.3,0.7436953737181273,0.9959090643025011
57,0.3,0.7449710350357215,0.9975496484684788
58,0.3,0.7427392396265243,0.9908191844617267
59,0.3,0.7462405447894409,1.0031474285723723
60,0.3,0.7442031182737275,0.9962776121824873
61,0.3,0.7460083049091835,1.0043316417690358
62,0.3,0.743855917187231,0.9935830700021321
63,0.3,0.7424153929916522,0.9913275933885018
64,0.3,0.7455057643922851,0.9991357826875155
65,0.3,0.745378996877816,1.002529573999884
66,0.3,0.7434488098346703,0.9940132743543763
67,0.3,0.7462366341493717,1.0082843863418751
68,0.3,0.7456363874021803,1.0036068005167402
69,0.3,0.7462659488996777,1.0059847101312807
70,0.3,0.7454796224658727,1.002723913690121
71,0.3,0.7456462697419984,1.0065496268352512
72,0.3,0.7443549641234652,0.9955031148363305
73,0.3,0.7457444650920136,1.0061093158030074
74,0.3,0.744552875380925,1.000971432599387
75,0.3,0.7441556362116982,1.0006268635370132
76,0.3,0.7439693570418006,0.9951097234458818
77,0.3,0.7462521865166771,1.001090682517022
78,0.3,0.7460735731501787,1.005759774641097
79,0.3,0.743890033757804,1.0004395925433458
80,0.3,0.7450026449184711,1.008684672872876
81,0.3,0.744290522258275,0.9972728848035155
82,0.3,0.7444828594498222,1.0028927554597402
83,0.3,0.7443684791499702,0.9940893022057462
84,0.3,0.7438971569034929,0.9936578121830456
85,0.3,0.7432982156787016,0.9924164967861859
86,0.3,0.7449719657941177,0.9983380450078599
87,0.3,0.7450707603546799,1.0008820032981567
88,0.3,0.7452447313012002,0.9991281375255308
89,0.3,0.7440091022999823,0.9922287471310558
90,0.3,0.7460665332293123,1.0046322434017132
91,0.3,0.7430273253828552,0.9952166091691789
92,0.3,0.7453638843490767,0.9973423876982271
93,0.3,0.7448154046994541,1.0004490184852122
94,0.3,0.7452189238774463,0.9975976327323297
95,0.3,0.7458615640353158,1.0025467934113865
96,0.3,0.7464676119075419,1.008919227541071
97,0.3,0.7444742428722613,0.9980006359573698
98,0.3,0.7453094158241373,0.9986944021168223
99,0.3,0.7432260165611537,0.9916788269792803
100,0.3,0.7443515776204302,1.0024469709206845
101,0.3,0.7449301426400398,0.9999354419607603
102,0.3,0.7448982109679897,0.9986406589118653
103,0.3,0.744621633109405,0.9971863432340035
104,0.3,0.7455263135467646,1.0005051482184142
105,0.3,0.7445020789487352,0.9967491718216409
106,0.3,0.7454779861853543,1.0027484158859814
107,0.3,0.7452655800526394,1.0025468072194585
108,0.3,0.7450000163091722,0.9987626522698533
109,0.3,0.745889607822801,1.005107414954342
110,0.3,0.7456120502538501,1.0005151486959762
111,0.3,0.7440687200978083,0.9973660247924897
112,0.3,0.7462818821831663,1.0047965596430772
113,0.3,0.7434816255378804,0.9920043241293561
114,0.3,0.7446813971579211,0.9958260932886835
115,0.3,0.7456034367236914,1.0077582108470817
116,0.3,0.7438411363344405,0.9956630090394293
117,0.3,0.744200266148427,0.9984782849745932
118,0.3,0.7447585291957084,0.9958106306059807
119,0.3,0.7430973216080096,0.9947838982854922
120,0.3,0.744230639253951,0.9950838467398169
121,0.3,0.7448430881425263,0.9983528451944211
122,0.3,0.743639807002355,0.9910290792165669
123,0.3,0.7443006386485186,0.9977062919792381
124,0.3,0.7445981824418338,1.0016364937056161
125,0.3,0.7444027761124948,0.9997523808131936
126,0.3,0.7452964951647039,1.0036674354428547
127,0.3,0.7444337283333452,0.996824545536555
128,0.3,0.7458975111062429,1.0013727430661779
129,0.3,0.7460723973156312,1.0017838840417772
130,0.3,0.744868203886723,1.0012717683863994
131,0.3,0.7447964778628063,1.0012079619362397
132,0.3,0.7458929191468018,1.002462997165342
133,0.3,0.7437099989914365,0.9951205135393004
134,0.3,0.7451206954386353,1.0018630267492552
135,0.3,0.7440273601741096,0.994319874696178
136,0.3,0.7446677048552717,0.9995278262665118
137,0.3,0.7444293469433126,0.9983607867334118
138,0.3,0.746189618958767,1.0075990178945329
139,0.3,0.7448258751823831,0.9968378687526932
140,0.3,0.7436030545744893,0.9903368416425329
141,0.3,0.7448713604529255,1.0016415589858638
142,0.3,0.7455414514984804,1.00287412900265
143,0.3,0.7433382405656427,0.9923087327645456
144,0.3,0.7467123465911634,1.006874622341349
145,0.3,0.7437091928035365,0.9937855993099848
146,0.3,0.7443676070592672,0.9990514951825985
147,0.3,0.7450972820276899,1.0028957746220268
148,0.3,0.7425479944423216,0.9937154363187786
149,0.3,0.7439939648249627,1.0005366848873485
150,0.3,0.7430028935712216,0.9923090436872541
151,0.3,0.7460313080696744,1.003149595225515
152,0.3,0.7457295053489958,1.0077113921643261
153,0.3,0.7429363814909676,0.9882110841117825
154,0.3,0.7451581431941119,0.9970910288245857
155,0.3,0.7453595612271823,1.0021144061719225
156,0.3,0.7453643564939579,1.0027507795322423
157,0.3,0.7447747700943366,1.0037189246231124
158,0.3,0.7456943530736989,0.9986969548658486
159,0.3,0.7454943080037763,0.9990876143283572
160,0.3,0.7456197861998295,1.0028242057687247
161,0.3,0.7457095596441925,1.0042705096219828
162,0.3,0.7439757113561449,0.9952029203196066
163,0.3,0.7450866255882367,0.9993198905529511
164,0.3,0.7455084197139331,1.0003294203890387
165,0.3,0.745179408930963,0.9994490920529466
166,0.3,0.7461155819516437,1.0077054700922456
167,0.3,0.745564218260048,1.0030199045687407
168,0.3,0.7452080516700069,0.9944521661984473
169,0.3,0.7456236127588262,1.0053115808464812
170,0.3,0.7451860700299593,1.0025510621936657
171,0.3,0.7447437109156682,0.9921197553003528
172,0.3,0.7448495785537884,0.9985174805257543
173,0.3,0.7446847384956525,0.996655144833167
174,0.3,0.744992946686822,0.9994560588846053
175,0.3,0.7448308777295559,1.0019070231711849
176,0.3,0.74436050690019,0.9986179269800396
177,0.3,0.7439701754917853,0.998923052700418
178,0.3,0.7432339227570832,0.988025146849302
179,0.3,0.7454011571243667,1.0035029473658739
180,0.3,0.7453086810333533,1.0055619332569459
181,0.3,0.7452212844624791,0.999765754894169
182,0.3,0.7454353425200643,1.005630786766989
183,0.3,0.7445286416925292,0.9964487537268244
184,0.3,0.7439739272516241,0.989429198304965
185,0.3,0.7442704076121643,0.997723288798553
186,0.3,0.7443205962752206,0.9960785799218828
187,0.3,0.7460143874518307,1.001908508143967
188,0.3,0.7450665560817615,1.0039252314901543
189,0.3,0.7456475383124865,1.004103155983474
190,0.3,0.7448805712840787,1.0022638507942185
191,0.3,0.7445582369730658,1.0036149940722812
192,0.3,0.7452669324801471,1.0078708508801222
193,0.3,0.744943316980316,0.9971263656828209
194,0.3,0.7451270023658328,0.9988483852889654
195,0.3,0.7444639670556156,0.9965890199159209
196,0.3,0.7449177207733445,1.0041143420504097
197,0.3,0.745381645953052,1.0047748905106904
198,0.3,0.745035687959483,0.9972212574801111
199,0.3,0.7441445786678491,0.9970612459721728
200,0.3,0.744446077034743,1.0007550172300004
201,0.3,0.7442249636043334,0.9992029868861912
202,0.3,0.7432229237376803,0.9946052903768189
203,0.3,0.7453366295058469,1.001155746634166
204,0.3,0.744832448964601,1.003513619061815
205,0.3,0.7450756665733748,0.997037698187978
206,0.3,0.7463789953078074,1.0061077205406062
207,0.3,0.7448739365112212,0.9975127408022944
208,0.3,0.7437297226693594,0.9942774867760279
209,0.3,0.7436649354725735,0.9957793430664666
210,0.3,0.7450889892090283,1.0032344752050029
211,0.3,0.7466804206770147,1.0048149215405764
212,0.3,0.746564683578774,1.0074104062318883
213,0.3,0.7451466816666508,1.0038814565289735
214,0.3,0.7446969235607558,0.994096134429312
215,0.3,0.7429674020639891,0.9913704960043268
216,0.3,0.7456804410524907,1.0087644470531838
217,0.3,0.7440110325665689,0.9889219330851966
218,0.3,0.744500798440337,0.9990517608594474
219,0.3,0.7446109857912562,1.0033573362844943
220,0.3,0.7446487645969803,1.0003579000945393
221,0.3,0.744406318689042,0.9979925091535113
222,0.3,0.74496635073663,0.9988519338277667
223,0.3,0.7438829443326271,0.9987273396786834
224,0.3,0.7436477748857722,0.9988353663605877
225,0.3,0.7444143622466081,0.996824424169015
226,0.3,0.7445224237473657,0.9973658366382144
227,0.3,0.7447551881635572,1.0029111218800992
228,0.3,0.7447789248176556,1.0028824683848312
229,0.3,0.7456232773276482,0.9970812160708079
230,0.3,0.7447132030131134,1.000891311676489
231,0.3,0.7438910088089072,1.001300158931445
232,0.3,0.7431499747026183,0.9936953915064412
233,0.3,0.7441345962552184,1.0013423262840977
234,0.3,0.7448741859872381,1.0009409763629484
235,0.3,0.7448217188432388,1.0005211806295427
236,0.3,0.7419615744289675,0.9854969149938909
237,0.3,0.7439765591099138,0.994860708416983
238,0.3,0.7436828209101304,0.9920876525471115
239,0.3,0.7427407034250142,0.9931715918859438
240,0.3,0.7438207172543487,0.9989647314054356
241,0.3,0.7449150660264834,1.0003564646657594
242,0.3,0.7465020247738541,1.0148749079840127
243,0.3,0.7455883514631865,1.0017838591868655
244,0.3,0.7437831332087822,0.9954698779544642
245,0.3,0.7434925034166171,0.9926505548418595
246,0.3,0.7457965643714205,1.002170331267357
247,0.3,0.7446379931012047,0.9982106868579815
248,0.3,0.744846499633785,1.0011144054436365
249,0.3,0.7442535365217076,0.9949103435755412
250,0.3,0.7449260608153621,0.99933173733418
251,0.3,0.7445908412623194,0.9967371712531169
252,0.3,0.7444708844222317,0.9955168668419399
253,0.3,0.7458575632720493,1.0033459068709687
254,0.3,0.7450070032871253,0.9976548338188826
255,0.3,0.7435452108041181,0.9956094719993488
256,0.3,0.7439994484546252,0.99741658196061
257,0.3,0.7438832703273868,0.99765353274969
258,0.3,0.7457661705496769,1.0051837426487176
259,0.3,0.7446595753122618,0.9976403207867356
260,0.3,0.7447077617720571,0.9980913784074305
261,0.3,0.7446760436415895,0.9985485655651235
262,0.3,0.7456483367754614,1.0049766106487747
263,0.3,0.7433205014831537,0.9964396699363317
264,0.3,0.7455763699302803,0.9993870659091374
265,0.3,0.7449153315332172,1.0044581182046457
266,0.3,0.7447117164915583,0.9957211828073923
267,0.3,0.744133704358665,0.9987377269378643
268,0.3,0.7447723268701363,0.9971125450090599
269,0.3,0.7458696095253657,1.003597799538829
270,0.3,0.7445166076852745,1.0011331600888422
271,0.3,0.7454729889994642,1.0002155988412305
272,0.3,0.7440810744260431,0.998464528996637
273,0.3,0.743790063412623,0.9946855541257215
274,0.3,0.7465367262788564,1.008607556400085
275,0.3,0.7465520578232102,1.0064545585089586
276,0.3,0.7445479483864144,0.9989275429228497
277,0.3,0.7449198390951138,0.9916841701584007
278,0.3,0.7442607978949429,0.9976734941416778
279,0.3,0.7448696512006348,0.9950897592483466
280,0.3,0.7460022082882444,1.0045527462326511
281,0.3,0.7450721063728506,1.0004544140949065
282,0.3,0.7448641395547229,1.0000907303410231
283,0.3,0.7449196426793478,1.0065360612240928
284,0.3,0.7435210251872519,0.997092673631781
285,0.3,0.7447664192696548,0.99559363344963
286,0.3,0.7446770014286165,1.0025288627770979
287,0.3,0.7453754029124686,0.9990974652534831
288,0.3,0.7459640713291871,1.0074740149385306
289,0.3,0.7445928213650148,1.0033637471526966
290,0.3,0.7441993640872614,0.9954768050092925
291,0.3,0.7447906656204256,0.9971634249697078
292,0.3,0.7442958145083666,0.9999981110139541
293,0.3,0.7454030922407925,1.005957299966348
294,0.3,0.7451091067105619,1.0032732095748091
295,0.3,0.7462160857750093,1.0069088049555899
296,0.3,0.7457245687949691,1.0100022636551538
297,0.3,0.7437556982981358,0.9948481899403034
298,0.3,0.7445621415182979,0.9993425202786749
299,0.3,0.7436716117819431,0.9981337503531481
300,0.3,0.7454368486092641,1.0012583396189452
301,0.3,0.7457466164278315,1.0086975364452089
302,0.3,0.7449775943316302,1.003817752727478
303,0.3,0.7427488920516011,0.9993309156498681
304,0.3,0.7447407958280752,1.000201324694872
305,0.3,0.744844804768722,1.0014614889330593
306,0.3,0.7455289131669294,1.0027808990499536
307,0.3,0.7462313104933755,1.0001360722193446
308,0.3,0.7467786041937624,1.0079664493464808
309,0.3,0.7451865522209209,0.9997338962891494
310,0.3,0.7448141400403798,0.9946206199702876
311,0.3,0.7437502526613862,0.996829976086343
312,0.3,0.7455226777187822,0.9998794942182635
313,0.3,0.7441427734667415,0.9979004864350165
314,0.3,0.7456538757330321,1.0012861405248292
315,0.3,0.7437465666190363,0.9918457620370981
316,0.3,0.7441390551582341,0.9989711292298963
317,0.3,0.7454008913770401,1.0008805102522087
318,0.3,0.7446169392923864,0.9942311311747511
319,0.3,0.7444867424663734,0.9988665275125173
320,0.3,0.7446458209457485,0.9938299008057129
321,0.3,0.745707370673737,0.9998918465575273
322,0.3,0.744266806372186,0.9981999856180228
323,0.3,0.7454237393067871,1.0044932127818644
324,0.3,0.7448676274103764,0.9982558180029617
325,0.3,0.7442988974826295,0.9953132039330985
326,0.3,0.7457279085778842,1.0034371542504963
327,0.3,0.7458292148853469,1.006542393080944
328,0.3,0.7435084536438238,0.9930033741368689
329,0.3,0.7451385210679706,1.00092945536182
330,0.3,0.7455114858699763,1.0023531786568272
331,0.3,0.7446136552310544,0.9966663115358354
332,0.3,0.7457902127433198,1.0035634856489486
333,0.3,0.745067336612339,1.0029646557742342
334,0.3,0.7451331185724144,0.9989471220858711
335,0.3,0.74568384566852,1.0112648976372798
336,0.3,0.7424208054378887,0.9894079917426345
337,0.3,0.7450599764129299,0.9991502638746312
338,0.3,0.7453114338105339,0.997653311774838
339,0.3,0.7439057586158466,0.996121244105744
340,0.3,0.7441031721512223,0.9972686763593817
341,0.3,0.7448282029023031,0.9984892692220669
342,0.3,0.7433244577988016,0.9955615863642556
343,0.3,0.744406130445208,0.997484209432494
344,0.3,0.7442023869777906,0.9956279003361372
345,0.3,0.7437348358281315,0.9995435525731975
346,0.3,0.7437586140777646,0.9914907042655056
347,0.3,0.7459165217663757,1.0050919760013985
348,0.3,0.7451977011366231,1.0018650220295882
349,0.3,0.7465675704923923,1.0108806994612913
350,0.3,0.7448877962541806,1.0004300567924047
351,0.3,0.7445900492509085,0.9982831493232825
352,0.3,0.7437773609549155,0.9927367104860721
353,0.3,0.741173234425519,0.9843829326233696
354,0.3,0.7449111747886812,0.9998813899213703
355,0.3,0.7441332261426625,0.9887186573713996
356,0.3,0.7462425066685114,1.0051116157224997
357,0.3,0.7451188694581677,1.000055252020667
358,0.3,0.7438066785022597,0.9864550563880375
359,0.3,0.746843877796733,1.0049109694753056
360,0.3,0.7459103605313187,1.0061307631095313
361,0.3,0.7426761982858492,0.9878531792898654
362,0.3,0.746294684041532,1.0096519683815142
363,0.3,0.744399566671067,1.000730084512461
364,0.3,0.7444729838764762,0.9967170597747443
365,0.3,0.745523195773996,1.0023952564708236
366,0.3,0.7452684943972402,1.0036673786222763
367,0.3,0.7456163472048625,1.0029477302045269
368,0.3,0.745441893332849,1.0035795372439789
369,0.3,0.7450467958606145,0.9991591551524444
370,0.3,0.7459601800730534,1.0079887619159729
371,0.3,0.7454814066236487,1.0001571286349356
372,0.3,0.7450560458610327,1.0016742568623593
373,0.3,0.7433854744195536,0.9950421441277261
374,0.3,0.7452028287891831,1.003662198418135
375,0.3,0.7451469560893049,1.0012783765532731
376,0.3,0.7441904212432546,0.9943520031002581
377,0.3,0.7453223991407646,1.0003703942976376
378,0.3,0.7456462793756143,1.0057058984303937
379,0.3,0.7445661186672257,0.9935901550884554
380,0.3,0.7441042728075626,0.9939257721984106
381,0.3,0.7452029960424146,0.9970923849216152
382,0.3,0.744311259532143,1.0000884652555249
383,0.3,0.7451571567201132,0.9975703819245695
384,0.3,0.7462078627202552,1.007710363950841
385,0.3,0.7456645109857555,1.0053467286560263
386,0.3,0.7441203380373649,0.9973943594548669
387,0.3,0.7448170036259376,0.9992213969392789
388,0.3,0.7458100821935081,1.003697851918528
389,0.3,0.7461890662041327,1.0028698049898994
390,0.3,0.7440903849157293,0.9945229339506287
391,0.3,0.7437478459295317,0.9923692464777008
392,0.3,0.7434321415350094,0.99288433313163
393,0.3,0.7438965655012086,0.9940857204544571
394,0.3,0.7441430940745221,0.9959021462965366
395,0.3,0.7449681726833695,1.002052764387653
396,0.3,0.7441347503305209,0.9988284692612684
397,0.3,0.7458424749018062,1.0086950054121908
398,0.3,0.7443454537905374,0.9986111447389245
399,0.3,0.74504467231963,1.0009769303595033
400,0.3,0.74398976253961,0.9989949612250619
401,0.3,0.7459875835577331,1.0062361756627876
402,0.3,0.7446949176405212,0.9970840006022359
403,0.3,0.7451745792516441,1.0004915925629054
404,0.3,0.7442312807069921,1.0023588212756016
405,0.3,0.7443850473048392,0.9950953896405372
406,0.3,0.7450072904742802,1.0004822068677781
407,0.3,0.745660129636682,1.003897136755006
408,0.3,0.7449718826885144,1.0035902062972397
409,0.3,0.7428245761674376,0.9886242132653442
410,0.3,0.7434818659544352,0.9917246631949123
411,0.3,0.744553705365493,0.9992918875847271
412,0.3,0.7465508772997705,1.0070952683108434
413,0.3,0.745506000504046,1.003423991836115
414,0.3,0.7443117987728373,0.9972807889910736
415,0.3,0.7441406019771786,0.9999765045992537
416,0.3,0.7450106719050731,1.0053076956859042
417,0.3,0.7460064641895106,1.0035711400687988
418,0.3,0.7456643631218246,1.0025244128542066
419,0.3,0.7448473710906865,1.0025438764612393
420,0.3,0.7449738605559267,0.9992195114390688
421,0.3,0.744576311351643,0.9960159741285768
422,0.3,0.7457576487072202,1.0027056891009443
423,0.3,0.7455344120277944,1.0013628719189729
424,0.3,0.7447301338974178,0.998367027243567
425,0.3,0.7438514443008591,0.9936606164855476
426,0.3,0.7446417590525614,1.002004013679722
427,0.3,0.7445467302360712,0.9973116163415084
428,0.3,0.7443423577300594,0.9931128404308275
429,0.3,0.7448855371548462,1.0004504425221397
430,0.3,0.7454991797280919,1.0028911292366454
431,0.3,0.7445405356449049,0.9984945039839538
432,0.3,0.7454226197015764,1.000648001897167
433,0.3,0.7447831944979185,1.0004305957077282
434,0.3,0.7449703749191388,0.9995637599735726
435,0.3,0.7439538775169704,0.9965624563730808
436,0.3,0.7445380356115149,0.9998987439508165
437,0.3,0.7449494170557723,1.0026752735022886
438,0.3,0.7455949489638657,1.001266554866757
439,0.3,0.7455073005416997,0.996471749933013
440,0.3,0.7448425874077783,0.9983736275596719
441,0.3,0.744403951087655,0.9988364918789939
442,0.3,0.7456534478470767,1.0071444195458426
443,0.3,0.7450670795933135,0.9991016325617605
444,0.3,0.7428649722711128,0.9882927870646043
445,0.3,0.7447108171736306,1.0005968957226323
446,0.3,0.744895705944378,1.0003243153863304
447,0.3,0.7455878831825762,0.999861261884331
448,0.3,0.7447093119155677,1.0000131685188813
449,0.3,0.7441752761423086,0.9954436801563982
450,0.3,0.7439426004926706,0.9970166154795567
451,0.3,0.7447755286486669,1.0009014586341283
452,0.3,0.7444409730877061,0.99567012611848
453,0.3,0.7455456851010774,1.0003854707011897
454,0.3,0.7432257995473954,0.991811781065935
455,0.3,0.7454681275602265,1.0016551051817266
456,0.3,0.7438927125913347,0.9974223806696174
457,0.3,0.7455943874822248,1.005933759428681
458,0.3,0.7444313191414091,0.9965186855811305
459,0.3,0.7449383527657645,1.0003479325374716
460,0.3,0.745420553490593,1.007130052344407
461,0.3,0.7442003265708215,0.9984177169666165
462,0.3,0.7450096824854412,0.9995914475509973
463,0.3,0.7459791029787873,1.0093912857270508
464,0.3,0.7440659484943243,0.9947577139748391
465,0.3,0.7441200262408302,0.9975845091511324
466,0.3,0.7449764342207851,1.0027767744530256
467,0.3,0.7441210989323939,0.997082899545047
468,0.3,0.7450236253414916,0.9996725790484265
469,0.3,0.7451626942452809,0.9965446428583489
470,0.3,0.744256081608583,0.9977966909643348
471,0.3,0.7444998065314365,0.9977547443070841
472,0.3,0.7438121380663906,0.9936222078600969
473,0.3,0.7440230415714807,0.9951247912421926
474,0.3,0.7444954865359411,0.9892190428788471
475,0.3,0.7455928393719872,1.001249836877437
476,0.3,0.7437226090296477,0.9958049440306534
477,0.3,0.7456072428416075,1.0032706250039252
478,0.3,0.7444492397073492,1.0010902141591072
479,0.3,0.7457130146557863,1.0015276268637092
480,0.3,0.7433735221367754,0.9862151643905627
481,0.3,0.7455955787017677,1.0017445796122315
482,0.3,0.7457631183220621,1.0022485320892283
483,0.3,0.745450665916785,1.0029085780923304
484,0.3,0.7436328114929585,0.9981185304178407
485,0.3,0.7438771601299695,0.9947109106806704
486,0.3,0.746261250103111,1.0068953233057403
487,0.3,0.7449535549530252,1.0012199313802537
488,0.3,0.7439277063508397,0.9912775987960795
489,0.3,0.7443636042339253,1.0028084410941789
490,0.3,0.7467023052284625,1.004540193567154
491,0.3,0.7464674312585365,1.0058503913383212
492,0.3,0.7432547350761594,0.9957936609490898
493,0.3,0.7447697220526767,1.0031283283922499
494,0.3,0.7439354129683773,0.9994921788229322
495,0.3,0.7446363356012685,1.000793634752908
496,0.3,0.7446458489808618,0.9975989793835817
497,0.3,0.7438814678879567,0.9990763354265287
498,0.3,0.7458323149200159,1.0002689449993667
499,0.3,0.7431246220414648,0.989387018599869
500,0.3,0.7436107601941494,0.998032224349038
1,0.25,0.7442563644966335,0.994228446233937
2,0.25,0.7455332264304786,1.0038151197476946
3,0.25,0.741667513404309,0.9862781337394746
4,0.25,0.7439329659271026,0.9928677574247623
5,0.25,0.7456800851261843,1.0009841968773479
6,0.25,0.7446113677273295,1.0016028566048283
7,0.25,0.7448500829820363,0.9962373874264986
8,0.25,0.7457696070323264,1.0012049624342148
9,0.25,0.7439221626050508,1.0006777791684092
10,0.25,0.7447433792804505,0.9945505531080091
11,0.25,0.7458349842357489,1.0058963944196577
12,0.25,0.7451636754938887,1.0012858320205622
13,0.25,0.7455649767196239,1.0054915725562599
14,0.25,0.7453634777086866,1.0017963419857914
15,0.25,0.7445946750662539,1.000815623226429
16,0.25,0.7457427846416664,1.0027726856089014
17,0.25,0.7456233861417307,1.0019305219807813
18,0.25,0.744300813195134,0.9992784969505268
19,0.25,0.7451045353672595,1.0019146036954036
20,0.25,0.7460672810599173,1.0040926061775932
21,0.25,0.7448481899192161,1.0031823447009616
22,0.25,0.7442889585905257,0.9983670036643636
23,0.25,0.7453603267521671,1.0049946909290552
24,0.25,0.7454041717843123,1.0054765546933573
25,0.25,0.7435062525028714,0.9874713123181532
26,0.25,0.7439146603049082,0.997107349028478
27,0.25,0.7439381505519584,0.9919167897898572
28,0.25,0.7460319950268989,1.0054872395417764
29,0.25,0.7453057217941316,1.000988697722014
30,0.25,0.7455456420999746,1.0064158466334365
31,0.25,0.7454959929299358,1.0043324650735925
32,0.25,0.7446962574229521,0.9980231036424354
33,0.25,0.7449725909219859,1.0010498151962992
34,0.25,0.7436393533237781,0.9972494148649783
35,0.25,0.7463135585536828,1.0014987245513651
36,0.25,0.7444521665865965,0.996315764900503
37,0.25,0.7432980130342172,0.9927166804645131
38,0.25,0.7446874286903262,1.0024816761007973
39,0.25,0.7450946116928658,1.0005428401621612
40,0.25,0.7450155466488002,1.0012968701200515
41,0.25,0.7443911406898324,0.997556313042648
42,0.25,0.7437374366697124,0.9873172273436732
43,0.25,0.7439095457381308,0.9943069979601842
44,0.25,0.7456258692125989,1.0035276832560338
45,0.25,0.7448023741122625,0.9937278823066704
46,0.25,0.7447725297233528,1.0043849575313992
47,0.25,0.7436260631265978,0.9924125674633993
48,0.25,0.7446792161808878,0.9987447538799313
49,0.25,0.7443737036785091,0.9995542601157102
50,0.25,0.7461046529361287,1.0067856006379319
51,0.25,0.7453804851209836,1.0037839470038556
52,0.25,0.7435405535287919,0.9944819227426834
53,0.25,0.7460427152553237,1.002415777950927
54,0.25,0.7447417882271613,0.9990023519181109
55,0.25,0.7442796967820667,0.9980685527127556
56,0.25,0.7455649052299709,1.0012898050094678
57,0.25,0.7452823871927479,1.0000936522655144
58,0.25,0.7438883570093817,0.9923735762357575
59,0.25,0.744397981229368,0.996796816635158
60,0.25,0.7446229276591094,0.9929355053692213
61,0.25,0.7439043005054226,0.9940551151473266
62,0.25,0.7444748430739732,1.0016343019767762
63,0.25,0.745297952800555,1.0061868343121432
64,0.25,0.7446888375498328,0.9979624226378415
65,0.25,0.7453852034128252,1.0062981240788738
66,0.25,0.7452982773271726,0.9988253661356653
67,0.25,0.7446717571558357,1.0009360177107771
68,0.25,0.7451534269907257,1.0016583746269854
69,0.25,0.7448982758187159,0.9970458969508709
70,0.25,0.7450665054430151,1.0001698215558763
71,0.25,0.7447144348228564,1.0000569016694618
72,0.25,0.7448467417090349,1.0017381995510986
73,0.25,0.7454781227985745,1.004898162228016
74,0.25,0.7446475620531059,1.0004598789448655
75,0.25,0.7442276951574609,0.9969066265722366
76,0.25,0.7442235083089594,0.9972080597541862
77,0.25,0.744147425824101,1.001507608686955
78,0.25,0.7435213413726882,0.9923524795260621
79,0.25,0.7438242331605989,0.9922599210627573
80,0.25,0.7453090092618802,0.9985130524955296
81,0.25,0.7441820282042174,0.9955738059620981
82,0.25,0.7434158136779468,0.9914584322192747
83,0.25,0.7451942616591457,1.0036183693098624
84,0.25,0.7459089520126421,1.0060634705752427
85,0.25,0.7450081863081622,1.0019969642548092
86,0.25,0.744939633286544,1.0025065146665046
87,0.25,0.745287566396024,1.001450854311684
88,0.25,0.7454497872849232,1.0077335060697887
89,0.25,0.7435947607385572,0.9944031496618412
90,0.25,0.7448513960817819,0.9957262200900644
91,0.25,0.7449779079188429,0.9981830485941686
92,0.25,0.7462842958201733,1.0074307190955567
93,0.25,0.743976972464351,0.996809520341598
94,0.25,0.7437313345319655,0.9941922279846266
95,0.25,0.7446002095107324,1.0025043977293608
96,0.25,0.7451372021262429,1.0025202365739334
97,0.25,0.7442353147036193,0.9932659082713593
98,0.25,0.7450706639090818,1.0005008705056575
99,0.25,0.745191466770937,0.9976216093397496
100,0.25,0.7432229434549305,0.9918239535622281
101,0.25,0.7436360645633542,0.9941568226518009
102,0.25,0.7450460412512121,0.9985794565965398
103,0.25,0.7457699407064392,1.0068595539532648
104,0.25,0.7435826645771377,0.9952163357176245
105,0.25,0.7450425236950239,1.005912123804363
106,0.25,0.7433783818185116,0.9956834273424349
107,0.25,0.7443851509347209,0.9955459074228842
108,0.25,0.7438548620341812,0.9964102589392244
109,0.25,0.7454932633741005,0.9940226964655092
110,0.25,0.7452079270503905,0.9990666962735477
111,0.25,0.7447250140058725,0.996943451155667
112,0.25,0.7441288836447312,0.9955057143329421
113,0.25,0.7437450931031223,0.9943290394726922
114,0.25,0.7443178106626213,0.9997017626504411
115,0.25,0.7452279848433082,0.9997983193041698
116,0.25,0.7447035953335309,1.0018647623079757
117,0.25,0.7457327463831663,1.0030014910941851
118,0.25,0.7438455678289995,0.9927040664318041
119,0.25,0.7445031297601585,0.9981397700668433
120,0.25,0.7438984905613101,0.9905907034121479
121,0.25,0.7463367801573857,1.005671915696309
122,0.25,0.7436693564274764,0.9895190115129329
123,0.25,0.7444553096631455,0.9982341348284693
124,0.25,0.743509487989042,0.9937153100259538
125,0.25,0.744325300484219,0.9963222285539501
126,0.25,0.743196423408832,0.9955986096727675
127,0.25,0.7448333591457738,1.0012084772251078
128,0.25,0.7443567900291779,0.9986153742751473
129,0.25,0.7448777062112857,1.00453442331161
130,0.25,0.7443850300658722,0.9942570773579068
131,0.25,0.7443836553588603,0.9972322639472697
132,0.25,0.7458238369114863,1.0056488941653563
133,0.25,0.7443077228370503,0.9984743473185871
134,0.25,0.7446636025344069,1.00032997188927
135,0.25,0.7455783601165503,1.00595335350994
136,0.25,0.7448140467318117,1.0003972746844076
137,0.25,0.745832174383037,1.0058341577878913
138,0.25,0.7458689561754441,1.0030622431816112
139,0.25,0.7467714300505087,1.0077594267271461
140,0.25,0.743657420860346,0.9946953134376753
141,0.25,0.7457121131800352,1.0048790596744688
142,0.25,0.7451364411647081,0.9938196064151968
143,0.25,0.7441199246305344,0.998042756932816
144,0.25,0.7446201018351323,0.9971340209836572
145,0.25,0.7447486359424037,1.001084172079509
146,0.25,0.7455495706571298,1.0049116161272211
147,0.25,0.7446878409798339,0.9991856315690553
148,0.25,0.7437303190049908,0.9971534646021868
149,0.25,0.746038460917331,1.001955119069307
150,0.25,0.7438589719828467,0.9874443238076848
151,0.25,0.7446844314404388,0.9939535160706662
152,0.25,0.745304715949188,1.0035298666941177
153,0.25,0.744605692507371,0.9993722817204089
154,0.25,0.7452151727299989,1.0061639260984856
155,0.25,0.7455953038232767,1.006229458092374
156,0.25,0.7450057512792323,0.9969266094230457
157,0.25,0.7451736850434415,1.0001428965477652
158,0.25,0.7451739812690247,0.9995761948684672
159,0.25,0.7452178300787409,1.0037142083897062
160,0.25,0.7460760466776074,1.0056225527234028
161,0.25,0.7455146579238957,1.010132500239363
162,0.25,0.7451323931414678,0.9978283992049717
163,0.25,0.7449428954064675,1.004519577558793
164,0.25,0.7452382216476301,1.0049245111708551
165,0.25,0.7445696330195243,1.0008661675195625
166,0.25,0.7426343132427285,0.991732533375537
167,0.25,0.7444342145049583,0.9985887689272334
168,0.25,0.7452791563950774,1.0062013027133607
169,0.25,0.7453250471041847,1.0023607040662923
170,0.25,0.7440353271640867,0.9945584800972147
171,0.25,0.7447193381095042,1.0029606802024507
172,0.25,0.745324940716708,0.9981095553675919
173,0.25,0.7442288020711708,0.9989262183782541
174,0.25,0.7445127501731116,0.9948158971775192
175,0.25,0.7447172315230846,0.997269792673519
176,0.25,0.7461358186356417,1.0031568217080666
177,0.25,0.7451834875215053,1.0090117874836864
178,0.25,0.7449313569850702,1.0046771578917808
179,0.25,0.743700259340704,0.993900828466545
180,0.25,0.7457204134106254,1.005878339413116
181,0.25,0.7450825345935506,1.0004388140181126
182,0.25,0.7447079775476486,1.0035761137588404
183,0.25,0.743033060253155,0.9898808988120401
184,0.25,0.7453787162998436,1.00489957082624
185,0.25,0.7459584113014672,1.0052504618885754
186,0.25,0.7446762106949127,1.0003197548995344
187,0.25,0.745639516106976,1.005301878296038
188,0.25,0.7431014804660314,0.989202774609017
189,0.25,0.7443544003936259,0.9941359515157518
190,0.25,0.7452613843901367,1.0025022219958042
191,0.25,0.744371504611938,0.9999502197039521
192,0.25,0.7444869673825837,0.9939202946775395
193,0.25,0.7451803575561554,1.0034998862178603
194,0.25,0.7444036055859856,0.9927738850605873
195,0.25,0.7442881502246611,0.9958300538634238
196,0.25,0.7443990919741077,0.995276455172145
197,0.25,0.7447128069264474,1.0004394810850643
198,0.25,0.746025720173611,1.0094525265164065
199,0.25,0.7456010841549818,1.0014317031556446
200,0.25,0.7450266188733031,1.0009722771905787
201,0.25,0.744393560760888,0.995621537980973
202,0.25,0.7455970387765051,1.0021730707404246
203,0.25,0.7453722014303075,1.0014886407483743
204,0.25,0.7441987440623,0.9923129179809166
205,0.25,0.7447619918395281,0.999990180916665
206,0.25,0.7451262878076368,1.0042044107874257
207,0.25,0.7437133561742414,0.9939143493278869
208,0.25,0.7458642985853516,1.0089393516822058
209,0.25,0.7462061204318505,1.0087251706302724
210,0.25,0.7448664656266446,0.994563758933363
211,0.25,0.7440719268492849,0.9937051819429341
212,0.25,0.7453994140601349,1.0043871062777041
213,0.25,0.745801564641349,1.0034253793843786
214,0.25,0.7449827065001045,0.997128526899947
215,0.25,0.7443837997239672,0.9982947357375461
216,0.25,0.7456512938807505,1.0020886740661465
217,0.25,0.7444509457761249,0.9976708365698046
218,0.25,0.7447333678101576,1.0011715495728863
219,0.25,0.7428460162236584,0.9897856184985014
220,0.25,0.7434153452411938,0.996067669930743
221,0.25,0.7457041294761061,1.0066778222520523
222,0.25,0.7449455252712008,0.9983512552354297
223,0.25,0.7461624603037116,1.007683638122076
224,0.25,0.7440483744571004,0.9915773765400836
225,0.25,0.7467212562380541,1.0109203930677675
226,0.25,0.7449487673130988,1.0030832562576746
227,0.25,0.744828617281156,1.0008632922679483
228,0.25,0.744593330697768,1.0003994362189763
229,0.25,0.7451069996438752,0.9995366105025617
230,0.25,0.7437500460889271,0.9959051120642405
231,0.25,0.7453519411318557,1.0008682212760438
232,0.25,0.7455479669060365,1.0009140083678494
233,0.25,0.7456853406658457,1.0036321002681963
234,0.25,0.7455528176632975,1.0011196792032506
235,0.25,0.7423149941992837,0.9870925643566352
236,0.25,0.7449808127974431,1.002551925765089
237,0.25,0.7448092577321818,0.995699575100587
238,0.25,0.7445241904862948,1.0002630055926716
239,0.25,0.7447876563628804,1.0022675977945654
240,0.25,0.744525719481836,0.9958775442205202
241,0.25,0.7456308609322779,1.0041172762442154
242,0.25,0.7440757199081086,0.9988950872279675
243,0.25,0.7450687369918578,1.0001447315899996
244,0.25,0.7442488738070764,0.9978705580786107
245,0.25,0.7444625747578691,0.9970234545528668
246,0.25,0.7462792298212436,1.0031311417860862
247,0.25,0.745254078914775,0.9991618316783135
248,0.25,0.7429954467373464,0.993969124805203
249,0.25,0.7450560901064336,0.9995156984651585
250,0.25,0.7450151651349125,0.9971885307080509
251,0.25,0.7429716117353926,0.9911124900825538
252,0.25,0.7449544137078897,1.0000751545568733
253,0.25,0.7453541245684564,1.0079435748819312
254,0.25,0.7444612895526165,0.9975282196951635
255,0.25,0.7443485383741262,1.0002566935474735
256,0.25,0.7451444505536629,0.9999256204871264
257,0.25,0.7455816670698744,1.000717367724473
258,0.25,0.7439122199834002,0.9975929778813658
259,0.25,0.7456128304583697,1.0030892297608567
260,0.25,0.744506297025306,0.9992790870104424
261,0.25,0.7436085231831988,0.9900149760854899
262,0.25,0.744677013766424,1.000377643156043
263,0.25,0.7442697138188956,0.9981854582575936
264,0.25,0.743960339646928,1.0005076389991812
265,0.25,0.743206613876184,0.9944218344002018
266,0.25,0.7444512492917497,1.0019218379532415
267,0.25,0.7444028539773603,1.001671159331461
268,0.25,0.7461731723898327,1.0054339417097387
269,0.25,0.7438022310977213,0.9949603800315169
270,0.25,0.7454183007460454,1.0020534688261942
271,0.25,0.7432755110433286,0.9956799241990844
272,0.25,0.7447443398258903,1.0054193307503823
273,0.25,0.7439646153761666,0.9965910340073364
274,0.25,0.7443161653428013,0.9968300484078624
275,0.25,0.7446016692087528,0.9997643816334897
276,0.25,0.7447240195248821,0.9977266510239395
277,0.25,0.7443109802970896,0.9987303940894927
278,0.25,0.7458701748749627,1.0025974625912963
279,0.25,0.7450248725927091,1.0024179095448777
280,0.25,0.7450499869366741,1.0011894881173127
281,0.25,0.7451896063600412,1.0022135631962432
282,0.25,0.7447663001553416,0.9945499138197039
283,0.25,0.7450502803074707,0.9991826459966694
284,0.25,0.7444335475812749,0.9990421786358993
285,0.25,0.7438212138156712,0.9965145722097892
286,0.25,0.7449030923366327,0.9969350036457499
287,0.25,0.7447921680651314,0.9994637579753353
288,0.25,0.7456303993716052,1.0021419995452379
289,0.25,0.7442338053504641,0.9955923477961836
290,0.25,0.744428440403361,1.0008182911903614
291,0.25,0.7467047439506432,1.0035963414906355
292,0.25,0.745360211975138,0.9938986956131958
293,0.25,0.7445546471664193,1.0014983535718869
294,0.25,0.7437749384694334,0.9951013095781248
295,0.25,0.7458315515491316,1.009650548205167
296,0.25,0.7430264741151481,0.9881236362780256
297,0.25,0.743652517753297,0.9965687124389101
298,0.25,0.7443107485495992,0.995104162032163
299,0.25,0.7444470901871753,0.9947360561774689
300,0.25,0.7442221398908088,0.9977709839861731
301,0.25,0.7436177057138986,0.9920075796519776
302,0.25,0.7450781456886023,1.0006703676487658
303,0.25,0.7467404105757053,1.0073497068388095
304,0.25,0.7440879159732892,0.9987764354545984
305,0.25,0.7456051657440024,1.0069374640895619
306,0.25,0.7457465274946703,0.9991865348389714
307,0.25,0.7454453130321088,1.0009174071842961
308,0.25,0.7446710906821952,0.9968973193297427
309,0.25,0.7446961449645471,1.0013438058792756
310,0.25,0.7448012041894453,1.0027827838627337
311,0.25,0.7460276610997654,1.0052248965427757
312,0.25,0.745650186971898,1.0036082075120054
313,0.25,0.745390276081904,1.0000750445728528
314,0.25,0.7461085006411018,1.0035653500753297
315,0.25,0.7454998245054729,1.001150141479839
316,0.25,0.7443394524246024,0.996904562343703
317,0.25,0.7452247944259616,0.9975802935885121
318,0.25,0.7462588847258337,1.008102237940541
319,0.25,0.7429573601315266,0.9968937696022343
320,0.25,0.7453859910427492,1.0013424308093393
321,0.25,0.7446370579368805,0.9971896992744023
322,0.25,0.7441304990205323,0.994612558508443
323,0.25,0.7427683164829518,0.9895935644948753
324,0.25,0.7443134712965964,0.997513374447574
325,0.25,0.7428613048957006,0.990671242366531
326,0.25,0.7458216813075221,1.003053770034584
327,0.25,0.744905412643942,0.9966778320306591
328,0.25,0.7461287740990991,1.0056108393517247
329,0.25,0.7449222088270835,1.0000663798189204
330,0.25,0.7436306129712301,0.9987391273612306
331,0.25,0.745134785928162,1.001004425603022
332,0.25,0.7442464118546173,0.9978744373333553
333,0.25,0.7457311552818605,1.0036941739598733
334,0.25,0.7461243687215008,1.0094047270117121
335,0.25,0.7457410973071438,1.0022498068406576
336,0.25,0.7445565345817893,0.9978968606594752
337,0.25,0.7444726741203103,1.0002157606422273
338,0.25,0.7449604486770609,0.9958017871095375
339,0.25,0.7457871806641773,1.0065667697660041
340,0.25,0.7454371277494717,1.003468444934364
341,0.25,0.7459685442991747,1.0079262433115306
342,0.25,0.7455104440498601,1.0024102241127113
343,0.25,0.7463951660986454,1.010466403695831
344,0.25,0.7456928444676353,1.0053209807873558
345,0.25,0.7448979976589489,1.0004306706086519
346,0.25,0.7450296782038165,0.9983494209220949
347,0.25,0.7455058111651333,1.0031809379637782
348,0.25,0.7447879591679928,0.9998987215774898
349,0.25,0.7442222064375129,1.0000698089785929
350,0.25,0.744573354199243,0.9959398784261793
351,0.25,0.7450829158087001,0.9995496358342543
352,0.25,0.7441862158969779,0.9957150715675476
353,0.25,0.7444481875302638,0.9961201484638532
354,0.25,0.745004034082181,1.0053400691944634
355,0.25,0.7464704039065617,1.0085710318694725
356,0.25,0.7446182863862868,0.996886143041173
357,0.25,0.7448462081324102,0.9962206273488049
358,0.25,0.7436430253294843,0.9983822406847702
359,0.25,0.7437548019455258,0.994330034248546
360,0.25,0.7448121048822525,1.000830216485883
361,0.25,0.7446963112987895,1.000212271382362
362,0.25,0.7452211234972546,0.9993956905265594
363,0.25,0.7459134145481214,1.0054806970476378
364,0.25,0.7442389453333824,0.9984037439618346
365,0.25,0.7443117135952854,0.9963502828908063
366,0.25,0.7427402892164371,0.991726567942585
367,0.25,0.7442051155959862,0.9961071929320418
368,0.25,0.7443039145060731,0.9921648741306621
369,0.25,0.7429483018058664,0.990981021477787
370,0.25,0.7448624532368703,0.9936604220617342
371,0.25,0.7448958768408822,0.9989591485015031
372,0.25,0.7440636753769673,0.9982290776597174
373,0.25,0.7444910964028258,0.9997371362644523
374,0.25,0.7447293993274616,1.0013566844802901
375,0.25,0.7459108343932642,1.007260905671848
376,0.25,0.7449241463620351,1.006376432515566
377,0.25,0.746252627150475,1.010331653063868
378,0.25,0.7454303620160452,0.997949414565549
379,0.25,0.745202409045256,1.001791016357306
380,0.25,0.7453322619329141,1.0013994707092815
381,0.25,0.745193513164963,1.002975644493175
382,0.25,0.7453061409008396,1.004549383332429
383,0.25,0.7461020158779763,1.0040818297052678
384,0.25,0.7446160306219464,0.9933787893609415
385,0.25,0.7469076392614797,1.0062116860383155
386,0.25,0.7453573423430656,0.9984076429668264
387,0.25,0.7453411854518245,0.997109265907443
388,0.25,0.7427714059057429,0.9921692501023669
389,0.25,0.7455852097219787,1.0025041498004217
390,0.25,0.7433890099137255,0.9935475733476619
391,0.25,0.7456973581242747,1.006686355374139
392,0.25,0.7457577246740077,1.0079897423475912
393,0.25,0.743911109396035,0.9957960129072825
394,0.25,0.7442275545358712,0.9903974157860567
395,0.25,0.7442609005818518,0.9909418241869912
396,0.25,0.744115617108663,0.9975991337004173
397,0.25,0.7449391900073037,1.0017476239299177
398,0.25,0.7452060302965196,1.000631902347504
399,0.25,0.7445190677099105,0.994814316996096
400,0.25,0.7443934621291783,1.0010547117303963
401,0.25,0.7454003425241207,1.0016938188497557
402,0.25,0.7443547394308536,1.0007709981795592
403,0.25,0.7445974992025362,1.0072758402371
404,0.25,0.7463057580199158,1.0089909684549332
405,0.25,0.7461204785107334,1.000616903034551
406,0.25,0.7446152656038415,0.9965624407195003
407,0.25,0.7457525052910239,1.0038382020571341
408,0.25,0.7436692287910198,0.995964598139367
409,0.25,0.7443393082800024,0.9958576664437061
410,0.25,0.7432012614612595,0.986148194596333
411,0.25,0.7448559663468884,0.997989007724287
412,0.25,0.7448240353750709,1.0006451049240304
413,0.25,0.7434808076449854,0.9908246419986732
414,0.25,0.7451185870655102,1.00560050920199
415,0.25,0.7444012979958247,0.9978603393846275
416,0.25,0.7436470582469588,1.0012077690171803
417,0.25,0.7472630255004262,1.0131761083383826
418,0.25,0.7445687283552431,0.9960292710144121
419,0.25,0.7452373011046833,0.9999415730938487
420,0.25,0.7444475087043012,0.9959989115235405
421,0.25,0.7460465324386794,1.0041508284868268
422,0.25,0.7438461938183728,0.9910401680864421
423,0.25,0.7446278262487521,0.992151977040038
424,0.25,0.742978312245186,0.9914513447455493
425,0.25,0.7457797800466947,1.003416661142971
426,0.25,0.7466410044073746,1.0128256898624992
427,0.25,0.7459817141305422,1.0031606460476932
428,0.25,0.7456215032576725,1.0001847263476433
429,0.25,0.7456117593206234,0.9994679042652472
430,0.25,0.7454345351957382,1.0011431378148923
431,0.25,0.7448579677270091,1.0022075580029153
432,0.25,0.7445935611046105,0.9986401836424376
433,0.25,0.7442934645927282,0.999066639859869
434,0.25,0.7449291174269794,0.9992346528439091
435,0.25,0.7423473653345121,0.9900087345674801
436,0.25,0.7459490298438429,1.0063690821918894
437,0.25,0.744991035868465,1.0054710076538613
438,0.25,0.7459667147890384,1.0039036462940283
439,0.25,0.7427702613212983,0.9869419666896576
440,0.25,0.744427328988734,0.9996245498803562
441,0.25,0.7443940459587427,0.995721143220436
442,0.25,0.7438829899808307,0.9970324854929196
443,0.25,0.7443822758113847,1.0031467178647968
444,0.25,0.7450319015424708,1.0000057959422006
445,0.25,0.7448486325641411,1.0041122626021417
446,0.25,0.7445122243540101,0.9994612330453758
447,0.25,0.7449391403952079,0.996562156192458
448,0.25,0.7445461228435387,0.9975232388087787
449,0.25,0.7456059961620102,1.004178832681619
450,0.25,0.7441207062099225,0.9937954540279179
451,0.25,0.7447403918612122,1.0005922363281543
452,0.25,0.7441251305884884,0.9988467816576796
453,0.25,0.7455980436399631,1.0047057157160069
454,0.25,0.745430644840071,1.0003929828049214
455,0.25,0.7442055790627419,0.9944054831644893
456,0.25,0.7451028656477972,0.9966251654791337
457,0.25,0.7453334095442361,1.0033758560878554
458,0.25,0.7439208736689845,0.993384255338651
459,0.25,0.7464151388719539,1.0060289494500625
460,0.25,0.7452052252568788,0.9976216584181863
461,0.25,0.7432564868411299,0.9912917272227626
462,0.25,0.7461911639237441,1.0103875375536253
463,0.25,0.7433430468292388,0.9980230621320172
464,0.25,0.74508337305972,0.9991243209995566
465,0.25,0.745159226643928,1.0016047328100166
466,0.25,0.7439982747691103,0.9995283525698457
467,0.25,0.7449737978827163,1.0008976594895205
468,0.25,0.744089530660502,0.9909328227309043
469,0.25,0.7447739712886455,0.9952563013289031
470,0.25,0.7446257030133557,1.0008589481027843
471,0.25,0.743724443960128,0.9927637830971872
472,0.25,0.7437382711589455,0.9948784345697946
473,0.25,0.7454529698061788,1.0026899621122978
474,0.25,0.7432700168899592,0.9899777951524207
475,0.25,0.7449422647505428,1.0037551303891799
476,0.25,0.7457353621855071,1.0088404670758695
477,0.25,0.7444834403103855,0.997265593744473
478,0.25,0.7460525316520367,1.0048137319063146
479,0.25,0.7449063458013628,0.9995538304110855
480,0.25,0.744963265131398,1.0025764009507274
481,0.25,0.7437792880033688,0.9952054763349703
482,0.25,0.7453391000718796,1.0054980445969766
483,0.25,0.7445024334237534,0.9951640742052634
484,0.25,0.7447929604421537,0.9998404402075497
485,0.25,0.7448484404742844,0.9967283015917869
486,0.25,0.7441121836247319,0.9957308498612688
487,0.25,0.7454031708134919,1.003760851786799
488,0.25,0.7454346872809805,1.0033991386987158
489,0.25,0.7448380442928898,0.9992783969672624
490,0.25,0.7450202568124776,0.9982842673529061
491,0.25,0.7432650268431548,0.9919901540737707
492,0.25,0.7448486144351036,0.9976119062414923
493,0.25,0.7449454723465063,1.0016613685977258
494,0.25,0.744047342963384,0.998444233863267
495,0.25,0.7452291286598616,1.0027541928816697
496,0.25,0.7443523407409175,0.9961074023914301
497,0.25,0.7441278475789445,0.9981831271327944
498,0.25,0.7451676091877669,1.0039587222599389
499,0.25,0.7452553596032647,1.0037116425544779
500,0.25,0.7453376503454715,1.004177792274133
1,0.2,0.6323855751705955,1.001698179194548
2,0.2,0.6315953106131532,0.9989537618049462
3,0.2,0.6318859543087968,0.9972235263959714
4,0.2,0.6313467406550354,0.9985922045222807
5,0.2,0.631562933742317,0.9964035688004832
6,0.2,0.632252480422256,1.0008505750420449
7,0.2,0.630650178972404,0.9992254260420151
8,0.2,0.6319313098637777,0.9958623975894639
9,0.2,0.6314190161945821,0.9948127289670877
10,0.2,0.6316963861795932,1.001757782727675
11,0.2,0.6313775828002884,0.9966037758769436
12,0.2,0.630537900183846,0.9913110320921392
13,0.2,0.6323429087428396,1.0041897212692643
14,0.2,0.6323692507148164,0.9996442028941864
15,0.2,0.6308445953768228,0.9957288083057404
16,0.2,0.630976128936341,0.9941596891488121
17,0.2,0.6307929686669891,0.9955155302511546
18,0.2,0.6307240946873878,0.9912713047147053
19,0.2,0.632599985129271,1.0022562647384567
20,0.2,0.6306370096840048,0.9930438331388276
21,0.2,0.6305315489898344,0.9938868514832727
22,0.2,0.6307414126554068,0.9980125589118334
23,0.2,0.6318844583190962,0.9984135731725267
24,0.2,0.6317206608804138,1.0002644121580344
25,0.2,0.6326409814949991,1.0041839292907047
26,0.2,0.6315510430483174,0.9995633595196841
27,0.2,0.6312312536934211,0.9963310235884731
28,0.2,0.6312908634460641,0.9967623058024306
29,0.2,0.6320112312883729,1.0030275912500008
30,0.2,0.6321020009112487,1.006241475465502
31,0.2,0.6320871122387627,0.9979166425979443
32,0.2,0.6315234104014428,1.0041067662957637
33,0.2,0.6315740935302654,0.9952447462154046
34,0.2,0.6313537448242891,1.0002132891600555
35,0.2,0.6322343873362728,1.0016201817469157
36,0.2,0.6311183007267199,0.9945432620554234
37,0.2,0.6316902610131145,0.9968068862761139
38,0.2,0.6326380230142099,1.0023947587137607
39,0.2,0.6318748697641362,0.9982784962276313
40,0.2,0.6316826170704651,0.9995135934150662
41,0.2,0.6313621751637404,0.9955107605092884
42,0.2,0.6305659186639687,0.9889218586415441
43,0.2,0.6307849653146665,0.9938053703359707
44,0.2,0.6315474179966898,0.9978921610305722
45,0.2,0.6308302532110538,0.9904454255933108
46,0.2,0.6315849921883777,0.9996033702835159
47,0.2,0.6320220024177202,0.9989344071594652
48,0.2,0.6307896567074613,0.9984164368042976
49,0.2,0.6318970396356424,1.0002236527024508
50,0.2,0.6311079832858478,0.9968611044299234
51,0.2,0.6312470189836434,0.9976676917992464
52,0.2,0.631448478437118,0.9970903953785496
53,0.2,0.6317399735290105,1.0016661981588013
54,0.2,0.6308502966139389,0.9946302507021519
55,0.2,0.6311171823259045,0.9986184329973685
56,0.2,0.6316015676936769,1.0006322127019767
57,0.2,0.6323635141256991,1.0005306976092128
58,0.2,0.6331463401851527,1.0068047740666268
59,0.2,0.6317383548568919,0.9974938506602923
60,0.2,0.6311427901892698,0.9994999344536729
61,0.2,0.630142415304824,0.9929720419140912
62,0.2,0.6309101428050944,0.9959964932917257
63,0.2,0.6307876485818124,0.9949630995514758
64,0.2,0.6317295228068908,0.9973326224897548
65,0.2,0.6319848014987054,0.9986492163181346
66,0.2,0.6310283228593054,1.0000044337723633
67,0.2,0.6322381457114881,1.001669773135608
68,0.2,0.6319516022439876,0.99965680067677
69,0.2,0.6319969224056272,1.0029320228536713
70,0.2,0.6313188861931797,0.9984344725294776
71,0.2,0.6317131072684227,0.994574748587519
72,0.2,0.6317250875871616,0.9972794670578229
73,0.2,0.6320601889266033,1.0025069480066147
74,0.2,0.6310871757820952,0.9981162053306681
75,0.2,0.6314002129228325,0.9974721666936333
76,0.2,0.6310429949240453,0.9947543060096888
77,0.2,0.6318064234805448,1.0020283586155831
78,0.2,0.6321141585688951,0.997409620623986
79,0.2,0.6305181293517194,0.9926194793289581
80,0.2,0.6318735421324515,1.002017437542698
81,0.2,0.6308938364568226,0.9954323048549818
82,0.2,0.6315907955446632,0.9990276081128666
83,0.2,0.6311783004109065,0.995806995625489
84,0.2,0.6319613115572088,0.9984284796873103
85,0.2,0.6317956208576438,1.0016286792822635
86,0.2,0.6320875044181997,1.0011733429024137
87,0.2,0.6316189005545274,0.9976842184710935
88,0.2,0.6308525313943769,0.9949008587607313
89,0.2,0.6321755148254797,1.0035431887618598
90,0.2,0.632489956571439,1.0053979738308572
91,0.2,0.6300999613582193,0.9932528090249318
92,0.2,0.6319779855100708,1.0043149379633711
93,0.2,0.6316638947666137,1.0010978072915906
94,0.2,0.6326126634854606,1.0035198074282075
95,0.2,0.6312645743320712,0.9946508221250844
96,0.2,0.631409122520457,0.9980141332877295
97,0.2,0.631787782219924,1.0011799570060989
98,0.2,0.6298021953109004,0.9916799519671984
99,0.2,0.6310905512737883,0.994307846700674
100,0.2,0.6310966064047046,0.9983665145844589
101,0.2,0.6324811065131015,0.9996785976101175
102,0.2,0.6325265909046238,1.0062400181442026
103,0.2,0.6322584575960737,1.000100912444684
104,0.2,0.6323195191631286,1.0024097851547653
105,0.2,0.6323724685413119,1.0076798356319723
106,0.2,0.6302406794640517,0.9859514556297798
107,0.2,0.6323081481166792,0.9996208236931104
108,0.2,0.6300503551137837,0.9899695559226336
109,0.2,0.6301898668609376,0.9898948820598168
110,0.2,0.6306014953550498,0.9940221717276659
111,0.2,0.6304413556783699,0.9938139926006943
112,0.2,0.6324511199094678,1.0013935503676932
113,0.2,0.6304512701805766,0.9905627248834883
114,0.2,0.6299890738306788,0.9920068785646597
115,0.2,0.631446699898895,0.9988446370643919
116,0.2,0.6311729725253435,0.9927012233103228
117,0.2,0.6304322070273364,0.9978476105454234
118,0.2,0.631217458471337,0.9973449755141702
119,0.2,0.6317719404814641,1.0025717802482497
120,0.2,0.6312404536707875,0.9954770154524156
121,0.2,0.6315734287119537,0.9975897186977228
122,0.2,0.6313933506699809,1.0018311852115729
123,0.2,0.6307039823740269,0.9906361224274747
124,0.2,0.631631089352567,0.9957982570422287
125,0.2,0.6311920266330194,0.9967343456072276
126,0.2,0.6305977995193112,0.9972432967065372
127,0.2,0.6323384447081216,0.9990230480256013
128,0.2,0.6310126322319796,0.9979138876547831
129,0.2,0.6303959486137802,0.9950666073344504
130,0.2,0.632011533757114,1.0028630032894998
131,0.2,0.6320321768593442,0.9965724646466676
132,0.2,0.6308072483678182,0.9921790085387147
133,0.2,0.6311321446330004,0.9925918563676575
134,0.2,0.6310190263198815,0.9922747923089611
135,0.2,0.6320782623965172,1.0010548442651561
136,0.2,0.6319170699315593,1.0040538564981174
137,0.2,0.6311893319203875,0.994073274497248
138,0.2,0.6316507653887579,0.9985358238192996
139,0.2,0.6303731609233459,0.9934618743675104
140,0.2,0.6319916124999232,1.0064690106934149
141,0.2,0.6326056494016984,0.9984039795441859
142,0.2,0.6327000836016782,1.0046320065164867
143,0.2,0.6309469549843935,0.9948088666611851
144,0.2,0.6300631491432743,0.9923470615477873
145,0.2,0.6328667664560182,1.002995224096739
146,0.2,0.6325245540499955,1.001916003229532
147,0.2,0.6312996333164124,1.0009064941454922
148,0.2,0.631425896147977,0.9998747743116042
149,0.2,0.6316211308136183,0.999385321838462
150,0.2,0.6324188671631098,1.0019346653346293
151,0.2,0.6317358538262695,1.0028971373096485
152,0.2,0.6311410677108713,0.9961755019097764
153,0.2,0.6320109697786914,0.9954987155332603
154,0.2,0.6316321447829393,0.9974649660281228
155,0.2,0.6313427516756297,0.9961754682981883
156,0.2,0.6307986241741482,0.9980717912083656
157,0.2,0.6308027718697745,0.9944777256003887
158,0.2,0.6311725307629077,0.9983785095170665
159,0.2,0.6327093260467173,1.0046343664023316
160,0.2,0.6317605108680714,1.0007349261561969
161,0.2,0.6321929465299724,1.0055345628878227
162,0.2,0.6323184244812435,1.004501461219018
163,0.2,0.6309813873996583,0.9966344309789019
164,0.2,0.6317974678230679,1.0024391454343136
165,0.2,0.6314724757791006,1.0005584793213818
166,0.2,0.6318427775671659,0.999735351340477
167,0.2,0.6313647481935375,0.9955874911130478
168,0.2,0.6318394974400132,1.000271593564013
169,0.2,0.6308997112127878,0.9955812938334744
170,0.2,0.6317822354267658,0.9994433310943373
171,0.2,0.6313535125003064,0.997786208871613
172,0.2,0.6306362130806179,0.9909239036149038
173,0.2,0.6310095470364949,0.995863331750239
174,0.2,0.6316351332584842,1.0007743091379793
175,0.2,0.6316629995904164,0.9962918666002895
176,0.2,0.6315666753073733,0.9954880918280478
177,0.2,0.6322200044666385,1.000768632289715
178,0.2,0.6312336824465282,1.0007154049905616
179,0.2,0.6317000604987418,1.0007543897313895
180,0.2,0.6313664986259858,0.9982631945757037
181,0.2,0.6309789871307468,0.9959715875702144
182,0.2,0.6318580909239154,1.0024215013699138
183,0.2,0.6314071959373784,1.0001673186689328
184,0.2,0.6308836660064141,0.998040746951927
185,0.2,0.6317345481204677,0.9960869105142415
186,0.2,0.6308327683406112,0.9921712895370249
187,0.2,0.6315867570892999,0.9978126660568741
188,0.2,0.6308301125800536,0.9941486613013651
189,0.2,0.6321162980050798,1.0013022435947705
190,0.2,0.6316670126311661,0.9991356334461979
191,0.2,0.6308892378457902,0.9983826504532487
192,0.2,0.6319627898398744,1.0048549781165486
193,0.2,0.6312426587923594,0.9964083804263294
194,0.2,0.6317427743919232,0.9986623321519222
195,0.2,0.6309811069158394,0.9911233075202456
196,0.2,0.6316104777530174,0.9988950370602563
197,0.2,0.632543906282025,1.0052223445821837
198,0.2,0.6311979593039372,0.9968129094229737
199,0.2,0.6311384353752876,0.9957571730115643
200,0.2,0.6321159602728031,1.0021350982606592
201,0.2,0.630347916228055,0.9875243857282966
202,0.2,0.6322392354590554,1.0043449050327597
203,0.2,0.6314453598410861,1.0019257098342669
204,0.2,0.6319198899474454,1.0022631809553852
205,0.2,0.6306624730210438,0.9948753380815156
206,0.2,0.6321089675232688,0.9995414708741295
207,0.2,0.6314980464164561,0.9992973826817917
208,0.2,0.6325822488998056,1.0019494681124748
209,0.2,0.6314433286798534,0.9968511935267931
210,0.2,0.6311222805402291,0.9959199729459345
211,0.2,0.632528769018947,1.0068457478808643
212,0.2,0.632466717725004,1.0035681278249304
213,0.2,0.6315573009958202,0.9947291866499431
214,0.2,0.6311579172978895,0.9986883731555528
215,0.2,0.6309420818324744,0.9977477367750519
216,0.2,0.6321353882429219,0.9998809580757787
217,0.2,0.6317591802280361,0.9981709744446919
218,0.2,0.6310070970236757,0.9971026284213053
219,0.2,0.6323310580167643,1.0057987081023698
220,0.2,0.6313639933614262,0.9970692824247918
221,0.2,0.631266342737029,0.994227452305493
222,0.2,0.6320882589583127,1.0018933730548378
223,0.2,0.6321170080332502,1.0037133791121973
224,0.2,0.6311244721276276,0.9942055256217944
225,0.2,0.6302906693374947,0.9930163914788738
226,0.2,0.6321746306769084,1.0057161896145437
227,0.2,0.6311064380147154,1.0027078824822944
228,0.2,0.631178320977038,0.9956410682832736
229,0.2,0.6306481883576098,0.996037252767249
230,0.2,0.6311560986739745,0.9976444458645901
231,0.2,0.6311404277101019,0.9938937103500836
232,0.2,0.6313187793244341,1.0000509483811677
233,0.2,0.6311001459086923,0.9926963001307317
234,0.2,0.6315013654241702,0.9981804720743639
235,0.2,0.6319958645940555,0.9990314433184148
236,0.2,0.6308927567639722,0.9934023170608792
237,0.2,0.6319259585084255,1.002407578228589
238,0.2,0.630801452160113,0.9949202557319137
239,0.2,0.63102902811552,0.9982956377612934
240,0.2,0.6314516833461729,0.9948847579685904
241,0.2,0.6310591331250179,0.9991344724836941
242,0.2,0.63229783779743,1.0063476694367797
243,0.2,0.6313853117717334,1.000697818546671
244,0.2,0.6313690796862916,0.9963442543620016
245,0.2,0.6312523162779548,0.9961118639883246
246,0.2,0.6298350097954292,0.9883562272840226
247,0.2,0.6320520930097955,0.9950420038011065
248,0.2,0.6313619863281398,0.9960538144160722
249,0.2,0.6306363977329562,0.9968482131044266
250,0.2,0.6314145766705256,0.9985322571205524
251,0.2,0.6323292261233887,0.9985430970833594
252,0.2,0.6316999806974972,0.9970003192847271
253,0.2,0.632041162128714,0.9962639284792355
254,0.2,0.6312755641886014,0.9941448823581424
255,0.2,0.6313167579057865,0.996799602225759
256,0.2,0.6310603852444927,0.9960463286561725
257,0.2,0.6310427548913672,0.9958559350780521
258,0.2,0.6311937391913802,0.9926800948779575
259,0.2,0.6315078568703673,0.9932787559158156
260,0.2,0.631293129194733,0.9963624622066652
261,0.2,0.6316298359668674,0.9990267218069488
262,0.2,0.6317177404196457,1.001921401823209
263,0.2,0.6326684883290777,1.0058133446752138
264,0.2,0.6312817212933401,1.0001502979619057
265,0.2,0.6318571036992314,1.0027073196995069
266,0.2,0.6317268685614392,0.9965192591575041
267,0.2,0.6319341595493274,1.0008209722285482
268,0.2,0.6323933398203234,0.9960951040314789
269,0.2,0.6311483635432935,0.9978290637544011
270,0.2,0.6309650015817071,0.9974350224694462
271,0.2,0.63191571489742,1.0000874490262608
272,0.2,0.6310618932410652,0.9958492009810033
273,0.2,0.630779076862909,0.9926738402496006
274,0.2,0.6310705074760148,0.9940490370204913
275,0.2,0.6299424107301562,0.9877018445823302
276,0.2,0.633125224888837,1.0067116891113315
277,0.2,0.6313251200803219,0.9961927862990366
278,0.2,0.6316781027199886,0.997436615430705
279,0.2,0.6315517839964326,1.003802776598264
280,0.2,0.6325903755415504,1.0017906454228733
281,0.2,0.6309829972396244,0.9966385668931643
282,0.2,0.6319231082776978,0.9986213320401301
283,0.2,0.630733223133316,0.9923850245039525
284,0.2,0.6326163387440344,0.9989669434481393
285,0.2,0.6313050295897179,0.9987700403069423
286,0.2,0.6315937861254988,0.9966764950299591
287,0.2,0.6305468460410816,0.9936889753075
288,0.2,0.6316403207671594,0.9986321882525934
289,0.2,0.6316818741322473,1.0006925957635135
290,0.2,0.6321946123588834,0.9961186786538682
291,0.2,0.6310344464663354,0.9952845021315752
292,0.2,0.6319598170857346,1.0012618723479494
293,0.2,0.6320865123262204,0.9973316839757018
294,0.2,0.6316805043307953,0.9952666203860161
295,0.2,0.6317476918066987,1.0009492329036336
296,0.2,0.6315248794986142,1.0011668012616055
297,0.2,0.631748987883777,1.000150371042821
298,0.2,0.631901617344486,0.9987523766889489
299,0.2,0.6311469690331687,0.9955741717973723
300,0.2,0.6309844714440809,0.9922948889729135
301,0.2,0.630909126420634,0.9957777933223048
302,0.2,0.6325064554976729,1.0074459823758797
303,0.2,0.6313657564860716,0.9998502502820115
304,0.2,0.6322499760486657,1.004984933674894
305,0.2,0.6308908167481427,0.9912710247512863
306,0.2,0.6316640779013986,1.0006973159446428
307,0.2,0.6298916753668802,0.9911533092231005
308,0.2,0.6308726300683101,0.9931787900778437
309,0.2,0.6322253247320015,1.0009134455367745
310,0.2,0.6310651073715221,0.9925086534256167
311,0.2,0.6311287417074266,0.9913969671196625
312,0.2,0.6322484334231557,0.9978602886386136
313,0.2,0.6318950867991308,1.001823355628358
314,0.2,0.6306011889653048,0.9936427408321927
315,0.2,0.630447803203438,0.9934050918555053
316,0.2,0.6318259533020516,1.0009202773842865
317,0.2,0.6305435023304807,0.9977297995665876
318,0.2,0.6319863864276639,0.9966803407710378
319,0.2,0.6299923102007121,0.990235688959809
320,0.2,0.6313189707472653,0.9967844628812927
321,0.2,0.631963848754448,1.0002507995315788
322,0.2,0.6321574983752618,1.0016061278292445
323,0.2,0.6312657569971976,0.9955532348670935
324,0.2,0.6311035901107318,0.9906662874941672
325,0.2,0.6322514541112358,1.0042736244323696
326,0.2,0.631838710571888,0.9972021093532286
327,0.2,0.6324069067086834,1.0069694408505843
328,0.2,0.631403755630704,0.9958040859086978
329,0.2,0.632220236235274,0.9990264333741491
330,0.2,0.6314888361397338,0.9978772285890444
331,0.2,0.6310600203490131,1.0015087305774104
332,0.2,0.6313400869487344,0.9974905946060544
333,0.2,0.632009912957176,1.001213661298359
334,0.2,0.6322473030078285,1.0037540780430187
335,0.2,0.6314612626080159,0.9962579022093884
336,0.2,0.6321388318640836,1.0021410213159145
337,0.2,0.630918232286292,0.9926870663398186
338,0.2,0.6327268212747267,1.0003482286242067
339,0.2,0.6311582569934595,0.9940721460803386
340,0.2,0.6314824691159225,0.995319276495451
341,0.2,0.6319477962240553,1.0005121015735208
342,0.2,0.630842209591354,0.9969382890943329
343,0.2,0.6311661307422561,0.996986320722089
344,0.2,0.6308710623885401,0.9945303789640251
345,0.2,0.6319069495266959,0.9944211088364583
346,0.2,0.631232641885458,0.9956074529924999
347,0.2,0.6330951605442853,1.0079792331967616
348,0.2,0.6309924162666141,0.9970737368112916
349,0.2,0.6318410261937164,0.9999617570949254
350,0.2,0.6318552390202767,1.0025832518159217
351,0.2,0.631292911419127,1.0000190945039562
352,0.2,0.6318298718297762,1.0002494998293745
353,0.2,0.632399870016291,1.0012378703005096
354,0.2,0.6307475061498212,0.9934444012400382
355,0.2,0.6317560023555691,0.9957403100812602
356,0.2,0.6312461002754163,0.9955009205600174
357,0.2,0.6312418456644137,0.9983279904043237
358,0.2,0.6312524659808826,0.9942978687747882
359,0.2,0.6308775801641845,0.9929871488865444
360,0.2,0.6315186044645912,0.9944610938218873
361,0.2,0.6317061007717191,0.9986143020119209
362,0.2,0.6326523131028079,1.0037221652178032
363,0.2,0.6310784804942603,0.9950064296133939
364,0.2,0.631937074673206,1.0007585894335025
365,0.2,0.6319875892068514,1.000966740736422
366,0.2,0.63159576052726,0.9967967264320357
367,0.2,0.6312155379672519,0.9967638740693683
368,0.2,0.630426672324519,0.9932393584858559
369,0.2,0.6320400700801915,0.9977855374721446
370,0.2,0.6304124337285397,0.9950390149785823
371,0.2,0.6322688332463575,1.0009457249068887
372,0.2,0.6325267158443673,0.9978740870067546
373,0.2,0.6321206636443663,0.9995825226190603
374,0.2,0.6315680101464934,0.9972551454672705
375,0.2,0.6316947347078504,0.9980485946070781
376,0.2,0.6321956558469358,1.002180897401238
377,0.2,0.6313050134834036,0.998264824122815
378,0.2,0.630985419405175,0.9957616461390738
379,0.2,0.6303060622882541,0.9897288290332789
380,0.2,0.6315264791517246,0.9971883748835075
381,0.2,0.6320190760439168,0.9992312310223778
382,0.2,0.6311132737748975,0.9968097608257609
383,0.2,0.6318217153849617,1.0046146161905511
384,0.2,0.6309988617466726,0.997832778319587
385,0.2,0.6308025196492433,0.994223284153085
386,0.2,0.6323942048889847,0.9986676197409025
387,0.2,0.6324386944699372,1.0025468745972002
388,0.2,0.6321853018429211,1.0024186931373633
389,0.2,0.6310244765553727,0.9939377298529455
390,0.2,0.6318229654067054,1.0001675185377037
391,0.2,0.6312139602877002,0.993182980217128
392,0.2,0.6320504906767159,1.0027216017781708
393,0.2,0.6324889401093594,0.9991590152130119
394,0.2,0.6318457639329239,0.9967515106117351
395,0.2,0.6326705001591919,1.007875720830206
396,0.2,0.6313076321399441,0.9921733238706678
397,0.2,0.6303556902838249,0.989467834661046
398,0.2,0.6319984279938637,1.005446396191615
399,0.2,0.6324270322857357,1.0032634876201287
400,0.2,0.6318539617649507,0.9972338124656079
401,0.2,0.6317083959902221,0.9979605555844933
402,0.2,0.6317976714157102,1.0000665288706525
403,0.2,0.6315780566158531,0.9982916332542087
404,0.2,0.6318019800740915,1.000818582127758
405,0.2,0.6319764444222549,0.9992378563976998
406,0.2,0.631804247136445,0.9997420670207057
407,0.2,0.6312465185243206,0.9981281552909689
408,0.2,0.6312499801660401,0.9953142746013979
409,0.2,0.6318789990382325,0.9996579080884488
410,0.2,0.6328542683672311,1.0058757332402706
411,0.2,0.6318034486049385,0.9954946723879847
412,0.2,0.6321635246866104,1.0001714900282712
413,0.2,0.6320372780384638,1.0001008983586832
414,0.2,0.6309599211741075,0.9959009854877051
415,0.2,0.6321137190903572,1.0028007826758307
416,0.2,0.6317948556979148,0.9994906071674696
417,0.2,0.6309528490246376,0.994986161881675
418,0.2,0.6309802875987662,0.9953682254340457
419,0.2,0.6320985892834634,1.0048537675332176
420,0.2,0.6310033658731672,0.9964143984393
421,0.2,0.6305027521877309,0.996161913702796
422,0.2,0.6329787450127247,1.0101143863650268
423,0.2,0.6303393202869697,0.9914039886196845
424,0.2,0.6314291617295698,0.9950421115700826
425,0.2,0.6313887388361519,0.9963582800349138
426,0.2,0.6313058957666914,0.9984834253237748
427,0.2,0.6302832036582017,0.992070217842403
428,0.2,0.6309039931697313,0.9992363581339565
429,0.2,0.6314663415914544,0.9991630379279447
430,0.2,0.6313555183663534,0.9956076991340894
431,0.2,0.6306760584167133,0.9968193161690373
432,0.2,0.6316686438923268,0.9968058963265137
433,0.2,0.6308269000518124,0.9919119414460034
434,0.2,0.6318318288417383,1.003970561092574
435,0.2,0.6328006914529842,1.0051432275987857
436,0.2,0.6317744500461914,0.995530656362192
437,0.2,0.6311085783660436,1.0004247583052264
438,0.2,0.6313745765543854,1.0004838202725765
439,0.2,0.6320903456034098,1.0023687732730775
440,0.2,0.630794259196196,0.9898710874649354
441,0.2,0.6317206021237142,0.9961139730608185
442,0.2,0.630930224099528,0.9960925075050276
443,0.2,0.6314544885599551,0.9968188533912951
444,0.2,0.6312550831128618,0.9973371234787387
445,0.2,0.6308073622385822,0.9992398100271109
446,0.2,0.6307122837228167,0.9977467092000881
447,0.2,0.6313822816720405,0.9961678713129017
448,0.2,0.6320477758444317,0.9984121670483287
449,0.2,0.6316250033081475,0.9966076533657932
450,0.2,0.6314014169070927,0.9962449642000091
451,0.2,0.6320881646607897,1.005854679093939
452,0.2,0.6320862011207402,1.0050223826650604
453,0.2,0.6313672612513256,0.9996862823496534
454,0.2,0.6315424856994026,0.9976783483614358
455,0.2,0.6321009874592171,0.9984777007879476
456,0.2,0.6306635916623277,0.993642621555582
457,0.2,0.6314613629264823,1.0003076438743186
458,0.2,0.6318783329702463,1.001625550799413
459,0.2,0.6311685637590733,0.9992594047740034
460,0.2,0.6317778902174822,0.9985664774631945
461,0.2,0.630222131126352,0.9905820019926966
462,0.2,0.6314633674274747,1.0018909130181637
463,0.2,0.6317297657269425,0.999812917919772
464,0.2,0.6313753926971696,1.000409581703951
465,0.2,0.6314845707420893,0.998216994367465
466,0.2,0.6322100057970831,1.0032273664220814
467,0.2,0.6310124265519843,0.9956129645693305
468,0.2,0.6332866975352667,1.0050563706256972
469,0.2,0.6307008882000119,0.9968027916220805
470,0.2,0.6313294382065239,0.9987825035359323
471,0.2,0.6325051662328931,1.0013866903083464
472,0.2,0.6324462989739501,1.003479066264777
473,0.2,0.631514863576765,0.9986557481248328
474,0.2,0.6315725888596079,0.9983837454870578
475,0.2,0.6310993370673637,0.9958829720352282
476,0.2,0.6298578529447201,0.9897206943305163
477,0.2,0.6316638023426303,0.9943985167521825
478,0.2,0.6316175789953674,0.9956355916168587
479,0.2,0.6312832845267969,0.9963744237257912
480,0.2,0.631282987629688,0.9985668849955037
481,0.2,0.6303785759428467,0.996606860697954
482,0.2,0.6317424698828966,1.0000660755634803
483,0.2,0.6315282249245281,0.9983351267826459
484,0.2,0.6320384344931015,1.0017473495614697
485,0.2,0.6306110607117079,0.9906985499308439
486,0.2,0.6308783513238044,1.0010300357800166
487,0.2,0.6318986453641962,1.0000863147771357
488,0.2,0.6325707808178154,1.001777878677049
489,0.2,0.6320115479365812,1.0021443654617759
490,0.2,0.6311304772100222,0.9917254864814566
491,0.2,0.6299492053393054,0.984714628346002
492,0.2,0.6312774291399651,1.000432261685442
493,0.2,0.6306552002828147,0.9924287545460809
494,0.2,0.6316948850474332,1.0017290434737367
495,0.2,0.6308415067343305,0.9980825907316389
496,0.2,0.6307698276283557,0.9951642486701566
497,0.2,0.6321351373141787,1.0026194526904901
498,0.2,0.6309438013200132,1.000617864082167
499,0.2,0.6310541159426227,0.9989117184864496
500,0.2,0.6319899408229118,0.9977667009244175
1,0.15,0.4680238977476456,0.9512478882118819
2,0.15,0.4683408126884256,0.9532297330439443
3,0.15,0.46813817559099036,0.9538376170661774
4,0.15,0.46834104391698556,0.954671454686465
5,0.15,0.46842624331497473,0.9560900013623157
6,0.15,0.4682186425666926,0.9511850785733268
7,0.15,0.4683622511633139,0.9549884216047608
8,0.15,0.4679637459156163,0.9512129984488049
9,0.15,0.46835354165059634,0.9513662602979907
10,0.15,0.4681192147716187,0.954432017894085
11,0.15,0.46848038587659935,0.9559432673244688
12,0.15,0.4681337287277932,0.9527928174553809
13,0.15,0.4685451924629736,0.9546917174333133
14,0.15,0.4680265543673977,0.9549680877501954
15,0.15,0.46808155309566984,0.9503912760426214
16,0.15,0.46847760008570644,0.9542661270692331
17,0.15,0.4683162636033848,0.9537285462033372
18,0.15,0.46798943951921806,0.9504264473584734
19,0.15,0.46819499189282865,0.9529901389912399
20,0.15,0.4681673504206463,0.9524181461922343
21,0.15,0.46844796927652643,0.9530916726710955
22,0.15,0.46822974672888995,0.9533575438513459
23,0.15,0.46833875700225247,0.9552374841588848
24,0.15,0.46852373418036863,0.9540321877009564
25,0.15,0.46811015467256145,0.9566482173112941
26,0.15,0.4685287958946363,0.9528414374260765
27,0.15,0.4685321172380872,0.9534669150551417
28,0.15,0.468205697882474,0.9520347270444257
29,0.15,0.46849375989860825,0.9563788155892979
30,0.15,0.46809620238276684,0.953512788662603
31,0.15,0.4685597381441716,0.9537900971233776
32,0.15,0.4683308697953744,0.9535801274092955
33,0.15,0.46840190087306816,0.9538199938077058
34,0.15,0.46845435121556284,0.9518297537715071
35,0.15,0.46840390975427243,0.9520987290699734
36,0.15,0.46838168923497364,0.9543519590005447
37,0.15,0.46804692687112825,0.95637042709739
38,0.15,0.4678000145292166,0.9503623984213599
39,0.15,0.46867036525488237,0.9544851241255383
40,0.15,0.46861825931948425,0.9547243277229528
41,0.15,0.4682434970710767,0.954662607134825
42,0.15,0.4683486404547997,0.9528287587532012
43,0.15,0.4680991097432767,0.9524800442093779
44,0.15,0.4683165040577615,0.9545051782605298
45,0.15,0.4686834219842519,0.9548204146247675
46,0.15,0.4681524640793493,0.9539132687734782
47,0.15,0.4684171662071117,0.9554393280449334
48,0.15,0.4683918760227851,0.9546641448923002
49,0.15,0.4681976753339901,0.9521605271827175
50,0.15,0.4683974049547434,0.9539932995039503
51,0.15,0.46829812757001443,0.953277922171859
52,0.15,0.4684265926490943,0.9529482133222595
53,0.15,0.4679592798684572,0.9492162908718328
54,0.15,0.46826682094678457,0.9534318336887152
55,0.15,0.46835282230586633,0.9542150164388313
56,0.15,0.4686530652402007,0.9557992952044068
57,0.15,0.46811873875839405,0.9528409914723228
58,0.15,0.4686264581674548,0.9544782963769392
59,0.15,0.46803042938845896,0.9513275855113653
60,0.15,0.46819150310827384,0.953027516245527
61,0.15,0.4684227456709052,0.9553655949566399
62,0.15,0.4685036824314739,0.9517963089773244
63,0.15,0.46845273911271185,0.954301228366429
64,0.15,0.46837814798970295,0.9539441929613551
65,0.15,0.4685469127581378,0.9565083118526763
66,0.15,0.4683104342894445,0.955462381649154
67,0.15,0.46833244305844285,0.9548747889747572
68,0.15,0.46845205642611,0.9563789288161043
69,0.15,0.4684815543328051,0.9545479213261164
70,0.15,0.4683025633389166,0.9523270699149736
71,0.15,0.46830923084543685,0.9521146925593053
72,0.15,0.4683558073357937,0.9555365293445258
73,0.15,0.46831869284888833,0.9549788945292225
74,0.15,0.4680867308683268,0.9532950273103645
75,0.15,0.46855864108280837,0.9548921961652754
76,0.15,0.46813665605890553,0.9507478618565927
77,0.15,0.46805157092653615,0.9551206863765036
78,0.15,0.46831333933268376,0.9562094647179369
79,0.15,0.4684886190242099,0.9539018824534732
80,0.15,0.4683106687860699,0.9548679995219937
81,0.15,0.4682143108183776,0.9543700751972549
82,0.15,0.4683186584933651,0.9539713069763932
83,0.15,0.46843575029262535,0.9566354537484784
84,0.15,0.468181974574559,0.9534967281149821
85,0.15,0.46844317041640493,0.9528267565745083
86,0.15,0.4682107195428082,0.954096506626812
87,0.15,0.46828887394020563,0.9547632717215145
88,0.15,0.46837451968806015,0.9524833886347676
89,0.15,0.46852842512289816,0.9555100961778129
90,0.15,0.46821429374917367,0.9522244512462605
91,0.15,0.46856293216752665,0.9554723172707362
92,0.15,0.46847964108148393,0.9544216663511751
93,0.15,0.46821961172478027,0.9534431300489016
94,0.15,0.4685171519571734,0.9553275048915982
95,0.15,0.46847576747413305,0.9535543657260601
96,0.15,0.4680309662812253,0.9516412799343984
97,0.15,0.46837989938170965,0.9528451405337319
98,0.15,0.4686293829824936,0.9539900298969254
99,0.15,0.46832873858221613,0.9527786359368249
100,0.15,0.4683307205472043,0.954106701681717
101,0.15,0.4681814606206341,0.9516051489667503
102,0.15,0.4681925587373359,0.9530303550368159
103,0.15,0.4684335449219829,0.9565231374328763
104,0.15,0.4681937645369295,0.9539765139739883
105,0.15,0.46803191827340895,0.9538218330721561
106,0.15,0.46788617024666573,0.9519903512044584
107,0.15,0.4683853705664609,0.9527575261463789
108,0.15,0.46879404178032263,0.9571833136767549
109,0.15,0.4680510971802507,0.9519621243985673
110,0.15,0.46818425458801494,0.9537531610731061
111,0.15,0.46837166303919686,0.9565247602917669
112,0.15,0.4682743333406502,0.953930052624166
113,0.15,0.4680621176362578,0.9526755548598168
114,0.15,0.46830336993477795,0.9529688457268958
115,0.15,0.46821762587950555,0.9534053546570218
116,0.15,0.46829718050267466,0.9521985537362465
117,0.15,0.4685008452678117,0.953289040806043
118,0.15,0.468470017851136,0.9555879603058394
119,0.15,0.4683445413851729,0.9554877496152404
120,0.15,0.46857100632767873,0.9570272671899351
121,0.15,0.4681202134165854,0.9547659689999242
122,0.15,0.46843024591801247,0.9553217584986229
123,0.15,0.4680481692992054,0.951257282629757
124,0.15,0.4680635614089695,0.9532837852242566
125,0.15,0.4681677769652117,0.9527795733732706
126,0.15,0.46838673409032905,0.9543853751761472
127,0.15,0.46824831938959177,0.9520331211955726
128,0.15,0.4683224917609502,0.9541536868519243
129,0.15,0.468016136766605,0.9544520709421767
130,0.15,0.46824048971480187,0.9541093440853252
131,0.15,0.4682733297187008,0.9554647991368574
132,0.15,0.4680225635770149,0.9526110517449571
133,0.15,0.4684054155251791,0.9543909799138495
134,0.15,0.4679798918262782,0.9505677212404834
135,0.15,0.4685116441634797,0.952804925496379
136,0.15,0.468014279661424,0.9516744710710648
137,0.15,0.4682340614705025,0.9501264107535832
138,0.15,0.46816834758830284,0.9529925247226266
139,0.15,0.46833433794298784,0.9548328868624645
140,0.15,0.4685010623464341,0.953806445117797
141,0.15,0.4681486303449267,0.9510889675069101
142,0.15,0.46826956538991665,0.9522700728440342
143,0.15,0.46835078367838756,0.9536252930215463
144,0.15,0.46851613235275574,0.9546227512975651
145,0.15,0.468352855345394,0.9542801101226893
146,0.15,0.46857634421350247,0.9530242355136735
147,0.15,0.4684960518185146,0.95623868573648
148,0.15,0.46853849012963095,0.956111372655774
149,0.15,0.46837732540538013,0.9545537151457559
150,0.15,0.46867423439501815,0.954179515167242
151,0.15,0.46814156000926377,0.9536626663671723
152,0.15,0.46837816538726,0.9542537025913495
153,0.15,0.467853630521707,0.9495967417659222
154,0.15,0.468532670309703,0.9556546595975578
155,0.15,0.46826002962068536,0.9504178069965935
156,0.15,0.46857493432800446,0.9561216989422001
157,0.15,0.4682713278452842,0.9539909016559062
158,0.15,0.46872881902706137,0.9541229273509789
159,0.15,0.4681574826880133,0.9548637957556728
160,0.15,0.4684077520331408,0.9532427268285952
161,0.15,0.46810019859160235,0.951664063918901
162,0.15,0.46811359122287743,0.9528354994799729
163,0.15,0.4682460637635472,0.9541534504642228
164,0.15,0.46822800208866455,0.9489517250739953
165,0.15,0.4679767115113679,0.9540247422410238
166,0.15,0.4683030934401542,0.9491055528054371
167,0.15,0.4682864323775209,0.9529678216965699
168,0.15,0.46842709480549655,0.9539135325053322
169,0.15,0.468669693079527,0.9541552953907986
170,0.15,0.4682806575029652,0.9555007829730101
171,0.15,0.4683303678977389,0.9529479129179816
172,0.15,0.4681951088565313,0.9535938471824655
173,0.15,0.46831933042157026,0.954170757754031
174,0.15,0.4683720246995598,0.9553436651529466
175,0.15,0.46806441891131484,0.9524078589831259
176,0.15,0.4684255798802554,0.9530665835037109
177,0.15,0.4681598991530684,0.9519733934417354
178,0.15,0.4686553539049015,0.9538327430987599
179,0.15,0.46836117177466674,0.9509619593930247
180,0.15,0.4682948733463819,0.9550054983432027
181,0.15,0.46822201405591307,0.95351942784382
182,0.15,0.4681602074878529,0.9541419124942407
183,0.15,0.46825372202069576,0.9556011830184319
184,0.15,0.46858549321391413,0.9557015731839406
185,0.15,0.46842662495420995,0.9554048678232506
186,0.15,0.4680326541476787,0.9524014626751123
187,0.15,0.46822361008957514,0.9526607646956898
188,0.15,0.46855952737035533,0.9553976948343947
189,0.15,0.46845989053048964,0.9545719330537726
190,0.15,0.46822824429602344,0.9549591152437236
191,0.15,0.46852009670111905,0.9554229591197976
192,0.15,0.46856495534894804,0.9532062888508954
193,0.15,0.46839454405121267,0.9528154993536108
194,0.15,0.4683962883969561,0.9552360395685369
195,0.15,0.46852652102013603,0.9551172822447576
196,0.15,0.46821118867011885,0.9557813525386022
197,0.15,0.46851234760362387,0.959254027860252
198,0.15,0.4683413919197352,0.9513667388237597
199,0.15,0.46867129706126026,0.9556802454739398
200,0.15,0.46817101529886546,0.9510872096847329
201,0.15,0.4682091324173375,0.9532708965807464
202,0.15,0.46836151912149426,0.9545124382894079
203,0.15,0.46832675476743496,0.9546603374953062
204,0.15,0.46830479806569286,0.9540376880460109
205,0.15,0.46796393219819926,0.9536896820444072
206,0.15,0.4681090687496967,0.952958505241225
207,0.15,0.4686466124384629,0.9548196031413454
208,0.15,0.4683959832527834,0.9526672772872153
209,0.15,0.46812451038203723,0.9522561327529577
210,0.15,0.4684466610532897,0.9552411707556626
211,0.15,0.4684309470892277,0.9555480187905759
212,0.15,0.46790529724387936,0.9526741363987109
213,0.15,0.4681450219677301,0.9518058665554768
214,0.15,0.46835821879729045,0.9528571008805788
215,0.15,0.46868195667959167,0.9563080004503484
216,0.15,0.4684663885202576,0.9544665335441763
217,0.15,0.4685011194245781,0.9544676635388321
218,0.15,0.46836506552458196,0.9541005278443535
219,0.15,0.46835417851279176,0.9529489211347503
220,0.15,0.46843471583223323,0.9546470151806533
221,0.15,0.46852495627414587,0.9540705286256855
222,0.15,0.4682168534305901,0.9526366448797156
223,0.15,0.46816097934843404,0.9548175653597002
224,0.15,0.46814572028058926,0.9535397683191315
225,0.15,0.46834801971487305,0.9549818213973004
226,0.15,0.4680516421505656,0.9523053124065451
227,0.15,0.4680344165784587,0.9530975173340811
228,0.15,0.46787613314038906,0.9527931960804197
229,0.15,0.46848372731539184,0.9536170991690947
230,0.15,0.4682125756292698,0.9528757231216792
231,0.15,0.46842007450209894,0.9535160109166104
232,0.15,0.46851559030858597,0.9531138888902564
233,0.15,0.4679605295903111,0.9520500688494871
234,0.15,0.46824410344070744,0.9514049489600831
235,0.15,0.4684276960725587,0.95490106263364
236,0.15,0.4682368576025794,0.9551036546348641
237,0.15,0.4683036131558683,0.9558064556158634
238,0.15,0.4683092472865279,0.9557258701082768
239,0.15,0.46828796026605035,0.9548325689771043
240,0.15,0.46815432458881284,0.9540275188775545
241,0.15,0.46850038685971285,0.9539297438858707
242,0.15,0.4683366123242597,0.9542241572231218
243,0.15,0.4683785432800791,0.9567447545768737
244,0.15,0.46829198326053273,0.9554886697848788
245,0.15,0.4678066842128803,0.9510073341514587
246,0.15,0.46818295051349257,0.9545763505538507
247,0.15,0.46846529807911785,0.9559491115711997
248,0.15,0.46863371442895757,0.9541997035985431
249,0.15,0.4681372511675388,0.95273920544473
250,0.15,0.4685444313504601,0.9540381580319682
251,0.15,0.46832966494630135,0.9546136827654663
252,0.15,0.4675180438429686,0.9501667739645852
253,0.15,0.4680804283581492,0.9547347793359736
254,0.15,0.46804783209710815,0.9528314173469928
255,0.15,0.4684027495517695,0.949839430843775
256,0.15,0.4684466828332377,0.9554201545783816
257,0.15,0.4682990336953699,0.9541459596643861
258,0.15,0.46823308175066713,0.9520769270397017
259,0.15,0.4684904668020947,0.9567923796297875
260,0.15,0.4681271520733805,0.9533697249212835
261,0.15,0.4681436965721007,0.9542059803688999
262,0.15,0.46798393736816873,0.9539873431946521
263,0.15,0.46804757000530794,0.9538975740955056
264,0.15,0.4683461761269512,0.9555018100652799
265,0.15,0.4683341463846595,0.954079327888052
266,0.15,0.46842466056338705,0.9532940867603172
267,0.15,0.4680045716202858,0.951551186480146
268,0.15,0.46823284313087826,0.9519605875143672
269,0.15,0.46841690017126875,0.9560349054892736
270,0.15,0.4682505895590835,0.9538931350195284
271,0.15,0.46808072270747925,0.9539008919386258
272,0.15,0.4684198773323951,0.9538141065853303
273,0.15,0.4680447002186015,0.9538211191034641
274,0.15,0.46823734934301164,0.954334969555252
275,0.15,0.46815981109871135,0.9557465123516582
276,0.15,0.4683124935570934,0.9562334568722372
277,0.15,0.46814715885932723,0.9496038898770366
278,0.15,0.46840911741466257,0.9524257523560091
279,0.15,0.4683961601449335,0.9556835264465146
280,0.15,0.4685095230829352,0.9545365117331853
281,0.15,0.4685378560012253,0.9564790868557873
282,0.15,0.46830528360640516,0.9545749778586285
283,0.15,0.4682865557746327,0.9558540287332508
284,0.15,0.4683539219680135,0.9558490269161785
285,0.15,0.4684406632376758,0.9555204094703993
286,0.15,0.4683322041923891,0.9546631091893475
287,0.15,0.4683635582829585,0.9566430325561601
288,0.15,0.4680400476142552,0.9539079201935957
289,0.15,0.46837567303629574,0.9549393975606119
290,0.15,0.4683090244431994,0.9533740924622489
291,0.15,0.4686274006114848,0.9548222188404897
292,0.15,0.46804189677517083,0.9542411011020031
293,0.15,0.4685276061513086,0.9560034375533417
294,0.15,0.4680385618659427,0.9542045552882457
295,0.15,0.4682882032569446,0.9520940677369705
296,0.15,0.4685433096685967,0.9534720588514912
297,0.15,0.4682483329249834,0.9529982366816558
298,0.15,0.4683310083324266,0.953447659454016
299,0.15,0.46832386162442774,0.9556733540126036
300,0.15,0.46855947577273654,0.95575218949554
301,0.15,0.4681368424743783,0.9540024541593968
302,0.15,0.4683553570203458,0.95206144452047
303,0.15,0.4682564649005636,0.9527522483731711
304,0.15,0.468254129476653,0.951491990517651
305,0.15,0.46835769894813417,0.9573817112374264
306,0.15,0.46838211074813474,0.954838217637772
307,0.15,0.46816298562376196,0.9532165007541324
308,0.15,0.46842949580293614,0.9543507958266086
309,0.15,0.4683437366595885,0.9543508541327208
310,0.15,0.46792748881474516,0.9526361190956418
311,0.15,0.46832823517316163,0.9527546539339303
312,0.15,0.4682416082345098,0.9536615568814567
313,0.15,0.46841311195141816,0.9543442586060261
314,0.15,0.46837086138406653,0.9530552470947014
315,0.15,0.4682029848013083,0.9536784802739247
316,0.15,0.4684124201767429,0.9522028508916085
317,0.15,0.46839722855962546,0.9542187026998376
318,0.15,0.46837451246316303,0.952030192526712
319,0.15,0.4682291529039998,0.9527936907357171
320,0.15,0.4682242587367763,0.9536466240870062
321,0.15,0.46833909688051717,0.9556663764447645
322,0.15,0.46848686338233725,0.9556860734624576
323,0.15,0.4683900197151286,0.9536515166642222
324,0.15,0.46833397963122037,0.9542937414401162
325,0.15,0.4682341681595946,0.9527070969215925
326,0.15,0.4683607196947518,0.9515756104705185
327,0.15,0.46855209927245356,0.9558971251852437
328,0.15,0.4686026045868274,0.955462281336186
329,0.15,0.46817001985611734,0.9524178886218312
330,0.15,0.4685471366975911,0.9539493433810371
331,0.15,0.46810258365664903,0.9529444210773075
332,0.15,0.468423081043145,0.9548550956696112
333,0.15,0.4685554720743523,0.9550757020269139
334,0.15,0.4683120456846624,0.9506525359011159
335,0.15,0.4683671248478309,0.9532064892749791
336,0.15,0.46839153771571684,0.9545966699238697
337,0.15,0.4684723538185121,0.9567703237714212
338,0.15,0.4680104363343741,0.9550574844213333
339,0.15,0.4681335516950065,0.9543894449181941
340,0.15,0.4683366430386274,0.9538189726590718
341,0.15,0.4683421906954446,0.9559574122780432
342,0.15,0.46821180413298763,0.9538029929303892
343,0.15,0.4684322149219001,0.9529622093598288
344,0.15,0.46862824534584524,0.9542554541430868
345,0.15,0.46839474147360927,0.954725086819057
346,0.15,0.4681508226524762,0.9549217512643561
347,0.15,0.4684054851199475,0.9538636995622191
348,0.15,0.46843981808141466,0.9546837355044286
349,0.15,0.46874703958777153,0.9543069361783849
350,0.15,0.46832726853925183,0.953754042884988
351,0.15,0.46840290565002385,0.9545639583610396
352,0.15,0.4681848484909488,0.9556689815672005
353,0.15,0.46827199237476036,0.9562726431369388
354,0.15,0.46862819605125083,0.9581210950630336
355,0.15,0.468109927828466,0.9536997352523138
356,0.15,0.4683744838115963,0.9530473834117204
357,0.15,0.4684238096388904,0.9531863972310594
358,0.15,0.4682441519509366,0.952951978822592
359,0.15,0.46810137863636664,0.9500417992703366
360,0.15,0.4684545831819687,0.9519954130963392
361,0.15,0.46804719580365806,0.9516658131593079
362,0.15,0.4682717614936056,0.9520629848323316
363,0.15,0.4683526251436232,0.954862426060374
364,0.15,0.46827105775681255,0.9560734057418291
365,0.15,0.4685564809306136,0.9561699437892259
366,0.15,0.4684560251768664,0.9565342559302188
367,0.15,0.4684519039544798,0.9523914343670358
368,0.15,0.46837377328004803,0.9531176975949711
369,0.15,0.4687259884783392,0.9573351232820618
370,0.15,0.46820513261743385,0.9525897826858617
371,0.15,0.46804636316833137,0.954477205070374
372,0.15,0.4684471749759853,0.95498063357442
373,0.15,0.46828302081191503,0.9531088616304306
374,0.15,0.46838619380395063,0.9533323805969913
375,0.15,0.46826364213926336,0.9532457524449115
376,0.15,0.467983882346972,0.953565723286026
377,0.15,0.4683747929394285,0.9546549966958381
378,0.15,0.46853668624585787,0.9523994782814126
379,0.15,0.46841257356260385,0.9538374590627218
380,0.15,0.46824200727369225,0.9511103019615302
381,0.15,0.4684109088744452,0.9554031781926147
382,0.15,0.46833443356042115,0.954806330937085
383,0.15,0.4683834148002091,0.955154870755536
384,0.15,0.468102717302208,0.9489192472307967
385,0.15,0.4683824453211331,0.9567258085663669
386,0.15,0.46856354414541007,0.9538332859084319
387,0.15,0.46861927026247496,0.9556631411081732
388,0.15,0.4684929997350884,0.9552456487580833
389,0.15,0.4681168009481384,0.9524130895420844
390,0.15,0.46841641018481756,0.9512512257389464
391,0.15,0.4683054758129746,0.9563098769412636
392,0.15,0.46842337403832973,0.9531059667783481
393,0.15,0.4684698801994865,0.9527599110355731
394,0.15,0.468384288447824,0.954245772800299
395,0.15,0.4680929108505446,0.9514492825743496
396,0.15,0.468342565893601,0.9556553381058206
397,0.15,0.4682299657567049,0.9545745421079364
398,0.15,0.4683158540317313,0.953406139340538
399,0.15,0.4680447754763584,0.9543171815693059
400,0.15,0.4682357766285365,0.9537826402828459
401,0.15,0.46810525835140265,0.9545614608203461
402,0.15,0.46825727922672594,0.953263949162523
403,0.15,0.46799854424173865,0.9543748397081827
404,0.15,0.46820357051448547,0.9532754939924442
405,0.15,0.4684473859250529,0.9522234706232243
406,0.15,0.46829122707242454,0.9553331077804328
407,0.15,0.46824452550815077,0.9548782898045008
408,0.15,0.4685843843437093,0.9563181342116267
409,0.15,0.4682851986140749,0.954205189690128
410,0.15,0.4684652712824609,0.9527451999833452
411,0.15,0.4683037886272127,0.9523049256710345
412,0.15,0.46867556325414417,0.9561180601961908
413,0.15,0.46813800353541685,0.9532543026837517
414,0.15,0.46824637555190807,0.9540774432490907
415,0.15,0.46838144020239403,0.9543448933874239
416,0.15,0.4683798325835989,0.9535902274675946
417,0.15,0.468513363965431,0.9555077492320686
418,0.15,0.46833978584700425,0.955416678705997
419,0.15,0.4683438865270065,0.9542004445837726
420,0.15,0.4683008572697621,0.9556444275629051
421,0.15,0.46817643144766286,0.9534823303492773
422,0.15,0.4682518753530738,0.9515044252268078
423,0.15,0.46861493531795134,0.9549196157123899
424,0.15,0.4680238108175701,0.9543124528170748
425,0.15,0.4683197207059992,0.954051131351255
426,0.15,0.46798443704198717,0.9547067794531727
427,0.15,0.46845206331255473,0.9512948281747594
428,0.15,0.4684644657395887,0.9544964412162363
429,0.15,0.4682738639835308,0.955793222553159
430,0.15,0.46819642677073275,0.9539524253929824
431,0.15,0.46860702852375,0.9561002312905851
432,0.15,0.4683995372084866,0.9536731733976889
433,0.15,0.46798867662457927,0.9515666873890739
434,0.15,0.4683014240980915,0.953654982344285
435,0.15,0.4679818250475642,0.9557044819210371
436,0.15,0.46830208996396744,0.9551372426379946
437,0.15,0.468441889680054,0.9537348977917784
438,0.15,0.4682787060571624,0.9535575010416798
439,0.15,0.4682862598925643,0.9543774013618364
440,0.15,0.4682499911644224,0.9519699101859297
441,0.15,0.4684051268472308,0.9548224937293018
442,0.15,0.46847299924231217,0.9563883563915995
443,0.15,0.4681594998231706,0.9543393421716544
444,0.15,0.4680575294672877,0.9503527343406849
445,0.15,0.46784664216934957,0.9496647590065127
446,0.15,0.4679299728732153,0.9517629357583853
447,0.15,0.4681295838395317,0.9543031158217066
448,0.15,0.46846418282997665,0.9554829094998052
449,0.15,0.46833290854344806,0.9533576569169805
450,0.15,0.4683227241108909,0.9538914955328832
451,0.15,0.4682707938484435,0.9555956731444224
452,0.15,0.46843533648019753,0.954157066942549
453,0.15,0.46852768420977076,0.9563218756321319
454,0.15,0.4683921856685954,0.9545168861171336
455,0.15,0.4683119743608989,0.9504003726675275
456,0.15,0.46843371274168916,0.9543526599647306
457,0.15,0.46832753055857473,0.9534346407965022
458,0.15,0.46860585239989416,0.9536732992787014
459,0.15,0.4682305110358487,0.9557484114783628
460,0.15,0.46808223448913555,0.9530869746332383
461,0.15,0.4684247914513542,0.9557731393136146
462,0.15,0.4682775092225122,0.9559603067272826
463,0.15,0.4681501490042975,0.9539504590611062
464,0.15,0.4680844514007281,0.9534189109560761
465,0.15,0.4684659329910621,0.9568043744192444
466,0.15,0.4685215391030133,0.9533237457580103
467,0.15,0.4681533230532354,0.9521159930645903
468,0.15,0.4683683133763892,0.9547398464417227
469,0.15,0.46829613275126664,0.9522395967217281
470,0.15,0.46834617555665925,0.951731004958407
471,0.15,0.46829313866346595,0.9524313443594318
472,0.15,0.4684236517505788,0.9524671775227692
473,0.15,0.46826945260668523,0.9560026412488357
474,0.15,0.46858035315616325,0.9573255003447623
475,0.15,0.4678560850691903,0.9521132312669456
476,0.15,0.46831743444554624,0.9557040722712713
477,0.15,0.46817936425994205,0.953790095859447
478,0.15,0.46848050824602516,0.9563777462000067
479,0.15,0.46832207993682734,0.9544721648277171
480,0.15,0.46829853946205185,0.9548537675905536
481,0.15,0.4683934600677815,0.9567108054390008
482,0.15,0.46808949048355436,0.9538891258010402
483,0.15,0.46831082241377525,0.9541661283282372
484,0.15,0.46812868463429363,0.9515594798269934
485,0.15,0.4684206054227732,0.9548764041093315
486,0.15,0.46840553191241413,0.9523204744225024
487,0.15,0.4682346368638214,0.9531228908964784
488,0.15,0.46846534139207774,0.9547279309031464
489,0.15,0.4685192825047031,0.9531222855237983
490,0.15,0.4679777152059921,0.952136648862228
491,0.15,0.4682611750477929,0.9544586328969479
492,0.15,0.46864725886383646,0.9572387670059348
493,0.15,0.46846947948778744,0.9541880109575415
494,0.15,0.4684172704358664,0.9544439455419409
495,0.15,0.46818554601827345,0.9516641580101676
496,0.15,0.46819620222237607,0.9531815147835492
497,0.15,0.46827118903154463,0.9551155671440337
498,0.15,0.4683181132603393,0.956426595508104
499,0.15,0.4684682728797213,0.9548231426717411
500,0.15,0.46835891179031075,0.9527847365050016
